id,target,reading,english,part_of_speech,topic,source_id,source_entry,level_basis
ko-nikl-25537,가계,,A family as an economic unit. / A way of managing the economy within a family or the family's financial situation. / A status of income and expenses occurring in the life of a family.,noun,economy > economic actors,nikl-2024-mirror,https://huggingface.co/datasets/binjang/NIKL-korean-english-dictionary/resolve/3b4cfd2126debfd5440cade3ef6c2a3c20cf7cf9/2024_01.csv#record=25537,NIKL source band: advanced; project heuristic TOPIK 5: professional and social category; not an official per-grade list
ko-nikl-25542,가곡,,"A traditional Korean song made out of a poem, which is sung to traditional musical instruments such as flute, gayageum, the Korean harp, geomungo, the Korean lute, etc. / A song made by setting a poem to music, which is sung to a piano accompaniment.",noun,culture > music,nikl-2024-mirror,https://huggingface.co/datasets/binjang/NIKL-korean-english-dictionary/resolve/3b4cfd2126debfd5440cade3ef6c2a3c20cf7cf9/2024_01.csv#record=25542,NIKL source band: advanced; project heuristic TOPIK 5: professional and social category; not an official per-grade list
ko-nikl-25544,가공,,"The act of making a new product out of raw materials or resources by using technology, power, etc.",noun,economy > economic activities,nikl-2024-mirror,https://huggingface.co/datasets/binjang/NIKL-korean-english-dictionary/resolve/3b4cfd2126debfd5440cade3ef6c2a3c20cf7cf9/2024_01.csv#record=25544,NIKL source band: advanced; project heuristic TOPIK 5: professional and social category; not an official per-grade list
ko-nikl-25587,가냘프다,,"A person's body, arms, legs, etc., being thin and weak. / Sound being faint and weak.",descriptive verb,people > appearance,nikl-2024-mirror,https://huggingface.co/datasets/binjang/NIKL-korean-english-dictionary/resolve/3b4cfd2126debfd5440cade3ef6c2a3c20cf7cf9/2024_01.csv#record=25587,NIKL source band: advanced; project heuristic TOPIK 5: professional and social category; not an official per-grade list
ko-nikl-25589,가누다,,"To keep one's body or part of the body steady. / To calm oneself down and recover his/her senses. / To take good care of one's matters. / To control one's words, actions, emotions, etc.",verb,people > physical actions,nikl-2024-mirror,https://huggingface.co/datasets/binjang/NIKL-korean-english-dictionary/resolve/3b4cfd2126debfd5440cade3ef6c2a3c20cf7cf9/2024_01.csv#record=25589,NIKL source band: advanced; project heuristic TOPIK 5: professional and social category; not an official per-grade list
ko-nikl-25590,가느다랗다,,Very thin.,descriptive verb,concepts > shape,nikl-2024-mirror,https://huggingface.co/datasets/binjang/NIKL-korean-english-dictionary/resolve/3b4cfd2126debfd5440cade3ef6c2a3c20cf7cf9/2024_01.csv#record=25590,NIKL source band: advanced; project heuristic TOPIK 5: professional and social category; not an official per-grade list
ko-nikl-25685,가로수,,Trees planted alongside the streets.,noun,plants and animals > plants,nikl-2024-mirror,https://huggingface.co/datasets/binjang/NIKL-korean-english-dictionary/resolve/3b4cfd2126debfd5440cade3ef6c2a3c20cf7cf9/2024_01.csv#record=25685,NIKL source band: advanced; project heuristic TOPIK 5: professional and social category; not an official per-grade list
ko-nikl-25699,가르침,,"The act of making people realize what they did not know by teaching them, or what is taught.",noun,education > teaching and learning,nikl-2024-mirror,https://huggingface.co/datasets/binjang/NIKL-korean-english-dictionary/resolve/3b4cfd2126debfd5440cade3ef6c2a3c20cf7cf9/2024_01.csv#record=25699,NIKL source band: advanced; project heuristic TOPIK 5: professional and social category; not an official per-grade list
ko-nikl-25729,가면,,"A thing that one wears over one's face, made with paper, wood, clay, etc., to conceal or adorn oneself. / The assumed face of a wily person who hides his/her ultimate motive, or such attitude or appearance.",noun,clothing and appearance > hats shoes and accessories,nikl-2024-mirror,https://huggingface.co/datasets/binjang/NIKL-korean-english-dictionary/resolve/3b4cfd2126debfd5440cade3ef6c2a3c20cf7cf9/2024_01.csv#record=25729,NIKL source band: advanced; project heuristic TOPIK 5: professional and social category; not an official per-grade list
ko-nikl-25782,가쁘다,,Breathing so fast that it is hard to breathe.,descriptive verb,daily life > illness and symptoms,nikl-2024-mirror,https://huggingface.co/datasets/binjang/NIKL-korean-english-dictionary/resolve/3b4cfd2126debfd5440cade3ef6c2a3c20cf7cf9/2024_01.csv#record=25782,NIKL source band: advanced; project heuristic TOPIK 5: professional and social category; not an official per-grade list
ko-nikl-25783,가사,,Activities related to homemaking.,noun,housing > housework,nikl-2024-mirror,https://huggingface.co/datasets/binjang/NIKL-korean-english-dictionary/resolve/3b4cfd2126debfd5440cade3ef6c2a3c20cf7cf9/2024_01.csv#record=25783,NIKL source band: advanced; project heuristic TOPIK 5: professional and social category; not an official per-grade list
ko-nikl-25812,가속,,"An increase in speed, or the speed itself.",noun,concepts > speed,nikl-2024-mirror,https://huggingface.co/datasets/binjang/NIKL-korean-english-dictionary/resolve/3b4cfd2126debfd5440cade3ef6c2a3c20cf7cf9/2024_01.csv#record=25812,NIKL source band: advanced; project heuristic TOPIK 5: professional and social category; not an official per-grade list
ko-nikl-25816,가속화,,The act of speeding up.,noun,concepts > speed,nikl-2024-mirror,https://huggingface.co/datasets/binjang/NIKL-korean-english-dictionary/resolve/3b4cfd2126debfd5440cade3ef6c2a3c20cf7cf9/2024_01.csv#record=25816,NIKL source band: advanced; project heuristic TOPIK 5: professional and social category; not an official per-grade list
ko-nikl-25886,가시,,"A pointed object whose end looks like a needle. / Small bones of a fish. / The thin, pointed end, usually of the stem of a plant such as a rose, that is stuck in one's skin. / (figurative) An expression used to cause discomfort or to attack the listener. / A thin, pointed, needle-like part protruding from the stem, leaf, fruit, etc.,of a plant.",noun,plants and animals > animal parts,nikl-2024-mirror,https://huggingface.co/datasets/binjang/NIKL-korean-english-dictionary/resolve/3b4cfd2126debfd5440cade3ef6c2a3c20cf7cf9/2024_01.csv#record=25886,NIKL source band: advanced; project heuristic TOPIK 5: professional and social category; not an official per-grade list
ko-nikl-25894,가시다,,"For a certain state or spirit to disappear or change. / To wash something clean with water, etc.",verb,people > physical actions,nikl-2024-mirror,https://huggingface.co/datasets/binjang/NIKL-korean-english-dictionary/resolve/3b4cfd2126debfd5440cade3ef6c2a3c20cf7cf9/2024_01.csv#record=25894,NIKL source band: advanced; project heuristic TOPIK 5: professional and social category; not an official per-grade list
ko-nikl-25910,가야금,,A traditional Korean 12-string instrument of which the strings are picked with fingers.,noun,culture > music,nikl-2024-mirror,https://huggingface.co/datasets/binjang/NIKL-korean-english-dictionary/resolve/3b4cfd2126debfd5440cade3ef6c2a3c20cf7cf9/2024_01.csv#record=25910,NIKL source band: advanced; project heuristic TOPIK 5: professional and social category; not an official per-grade list
ko-nikl-25920,가엾다,,Feeling heartfelt sorrow or sympathy.,descriptive verb,people > emotions,nikl-2024-mirror,https://huggingface.co/datasets/binjang/NIKL-korean-english-dictionary/resolve/3b4cfd2126debfd5440cade3ef6c2a3c20cf7cf9/2024_01.csv#record=25920,NIKL source band: advanced; project heuristic TOPIK 5: professional and social category; not an official per-grade list
ko-nikl-25923,가옥,,A building where people live.,noun,housing > housing types,nikl-2024-mirror,https://huggingface.co/datasets/binjang/NIKL-korean-english-dictionary/resolve/3b4cfd2126debfd5440cade3ef6c2a3c20cf7cf9/2024_01.csv#record=25923,NIKL source band: advanced; project heuristic TOPIK 5: professional and social category; not an official per-grade list
ko-nikl-25967,가장자리,,The end part or outer rim of something.,noun,concepts > location and direction,nikl-2024-mirror,https://huggingface.co/datasets/binjang/NIKL-korean-english-dictionary/resolve/3b4cfd2126debfd5440cade3ef6c2a3c20cf7cf9/2024_01.csv#record=25967,NIKL source band: advanced; project heuristic TOPIK 5: professional and social category; not an official per-grade list
ko-nikl-26038,가창력,,The ability to sing a song.,noun,people > abilities,nikl-2024-mirror,https://huggingface.co/datasets/binjang/NIKL-korean-english-dictionary/resolve/3b4cfd2126debfd5440cade3ef6c2a3c20cf7cf9/2024_01.csv#record=26038,NIKL source band: advanced; project heuristic TOPIK 5: professional and social category; not an official per-grade list
ko-nikl-26039,가책,,The act of scolding oneself or others for doing something wrong.,noun,people > emotions,nikl-2024-mirror,https://huggingface.co/datasets/binjang/NIKL-korean-english-dictionary/resolve/3b4cfd2126debfd5440cade3ef6c2a3c20cf7cf9/2024_01.csv#record=26039,NIKL source band: advanced; project heuristic TOPIK 5: professional and social category; not an official per-grade list
ko-nikl-26042,가축,,Animals that people raise at home to benefit from them.,noun,plants and animals > animals,nikl-2024-mirror,https://huggingface.co/datasets/binjang/NIKL-korean-english-dictionary/resolve/3b4cfd2126debfd5440cade3ef6c2a3c20cf7cf9/2024_01.csv#record=26042,NIKL source band: advanced; project heuristic TOPIK 5: professional and social category; not an official per-grade list
ko-nikl-26083,각,,"An edge that is formed where two lines or two sides meet. / The space between two straight lines or planes that start from a common point, or the measured degree of the space.",noun,concepts > shape,nikl-2024-mirror,https://huggingface.co/datasets/binjang/NIKL-korean-english-dictionary/resolve/3b4cfd2126debfd5440cade3ef6c2a3c20cf7cf9/2024_01.csv#record=26083,NIKL source band: advanced; project heuristic TOPIK 5: professional and social category; not an official per-grade list
ko-nikl-26112,각본,,"A detailed description of the actors' lines, actions and scenes for a movie or play. / (figurative) A pre-defined plan to do something.",noun,culture > popular culture,nikl-2024-mirror,https://huggingface.co/datasets/binjang/NIKL-korean-english-dictionary/resolve/3b4cfd2126debfd5440cade3ef6c2a3c20cf7cf9/2024_01.csv#record=26112,NIKL source band: advanced; project heuristic TOPIK 5: professional and social category; not an official per-grade list
ko-nikl-26130,각양각색,,Various shapes and colors.,noun,concepts > shape,nikl-2024-mirror,https://huggingface.co/datasets/binjang/NIKL-korean-english-dictionary/resolve/3b4cfd2126debfd5440cade3ef6c2a3c20cf7cf9/2024_01.csv#record=26130,NIKL source band: advanced; project heuristic TOPIK 5: professional and social category; not an official per-grade list
ko-nikl-26140,각지,,A variety of places or areas.,noun,concepts > regions,nikl-2024-mirror,https://huggingface.co/datasets/binjang/NIKL-korean-english-dictionary/resolve/3b4cfd2126debfd5440cade3ef6c2a3c20cf7cf9/2024_01.csv#record=26140,NIKL source band: advanced; project heuristic TOPIK 5: professional and social category; not an official per-grade list
ko-nikl-26205,간담회,,A meeting where people shares one another's opinions in a friendly manner.,noun,social life > social activities,nikl-2024-mirror,https://huggingface.co/datasets/binjang/NIKL-korean-english-dictionary/resolve/3b4cfd2126debfd5440cade3ef6c2a3c20cf7cf9/2024_01.csv#record=26205,NIKL source band: advanced; project heuristic TOPIK 5: professional and social category; not an official per-grade list
ko-nikl-26221,간밤,,The previous night.,noun,concepts > time,nikl-2024-mirror,https://huggingface.co/datasets/binjang/NIKL-korean-english-dictionary/resolve/3b4cfd2126debfd5440cade3ef6c2a3c20cf7cf9/2024_01.csv#record=26221,NIKL source band: advanced; project heuristic TOPIK 5: professional and social category; not an official per-grade list
ko-nikl-26225,간부,,A person who holds a key position in an institution or organization.,noun,social life > job positions,nikl-2024-mirror,https://huggingface.co/datasets/binjang/NIKL-korean-english-dictionary/resolve/3b4cfd2126debfd5440cade3ef6c2a3c20cf7cf9/2024_01.csv#record=26225,NIKL source band: advanced; project heuristic TOPIK 5: professional and social category; not an official per-grade list
ko-nikl-26364,갈대,,"A thin and tall plant that grows in large fields, in wetland or waterside.",noun,plants and animals > plants,nikl-2024-mirror,https://huggingface.co/datasets/binjang/NIKL-korean-english-dictionary/resolve/3b4cfd2126debfd5440cade3ef6c2a3c20cf7cf9/2024_01.csv#record=26364,NIKL source band: advanced; project heuristic TOPIK 5: professional and social category; not an official per-grade list
ko-nikl-26419,감,,"A feeling or thought about a certain thing. / The clarity of sound delivered through communication devices such as a telephone, etc.",noun,people > emotions,nikl-2024-mirror,https://huggingface.co/datasets/binjang/NIKL-korean-english-dictionary/resolve/3b4cfd2126debfd5440cade3ef6c2a3c20cf7cf9/2024_01.csv#record=26419,NIKL source band: advanced; project heuristic TOPIK 5: professional and social category; not an official per-grade list
ko-nikl-26433,감격,,"The state of feeling of being touched by something very deeply, or such an emotional state.",noun,people > emotions,nikl-2024-mirror,https://huggingface.co/datasets/binjang/NIKL-korean-english-dictionary/resolve/3b4cfd2126debfd5440cade3ef6c2a3c20cf7cf9/2024_01.csv#record=26433,NIKL source band: advanced; project heuristic TOPIK 5: professional and social category; not an official per-grade list
ko-nikl-26434,감격스럽다,,Feeling or being touched by something very deeply.,descriptive verb,people > emotions,nikl-2024-mirror,https://huggingface.co/datasets/binjang/NIKL-korean-english-dictionary/resolve/3b4cfd2126debfd5440cade3ef6c2a3c20cf7cf9/2024_01.csv#record=26434,NIKL source band: advanced; project heuristic TOPIK 5: professional and social category; not an official per-grade list
ko-nikl-26470,감량,,Reducing volume or weight.,noun,people > physical changes,nikl-2024-mirror,https://huggingface.co/datasets/binjang/NIKL-korean-english-dictionary/resolve/3b4cfd2126debfd5440cade3ef6c2a3c20cf7cf9/2024_01.csv#record=26470,NIKL source band: advanced; project heuristic TOPIK 5: professional and social category; not an official per-grade list
ko-nikl-26477,감명,,"A state of being deeply touched, or such a feeling.",noun,people > emotions,nikl-2024-mirror,https://huggingface.co/datasets/binjang/NIKL-korean-english-dictionary/resolve/3b4cfd2126debfd5440cade3ef6c2a3c20cf7cf9/2024_01.csv#record=26477,NIKL source band: advanced; project heuristic TOPIK 5: professional and social category; not an official per-grade list
ko-nikl-26503,감상,,"Feeling sad or lonely, or a sad, lonely state of mind.",noun,people > emotions,nikl-2024-mirror,https://huggingface.co/datasets/binjang/NIKL-korean-english-dictionary/resolve/3b4cfd2126debfd5440cade3ef6c2a3c20cf7cf9/2024_01.csv#record=26503,NIKL source band: advanced; project heuristic TOPIK 5: professional and social category; not an official per-grade list
ko-nikl-26516,감성,,A status where the feelings or mind feel and respond to stimulus.,noun,people > emotions,nikl-2024-mirror,https://huggingface.co/datasets/binjang/NIKL-korean-english-dictionary/resolve/3b4cfd2126debfd5440cade3ef6c2a3c20cf7cf9/2024_01.csv#record=26516,NIKL source band: advanced; project heuristic TOPIK 5: professional and social category; not an official per-grade list
ko-nikl-26517,감성적,,The state related to sensitivity. / The state of being sensitive or rich in emotions.,noun,people > emotions,nikl-2024-mirror,https://huggingface.co/datasets/binjang/NIKL-korean-english-dictionary/resolve/3b4cfd2126debfd5440cade3ef6c2a3c20cf7cf9/2024_01.csv#record=26517,NIKL source band: advanced; project heuristic TOPIK 5: professional and social category; not an official per-grade list
ko-nikl-26528,감수,,An act of accepting something painful or difficult willingly.,noun,social life > social activities,nikl-2024-mirror,https://huggingface.co/datasets/binjang/NIKL-korean-english-dictionary/resolve/3b4cfd2126debfd5440cade3ef6c2a3c20cf7cf9/2024_01.csv#record=26528,NIKL source band: advanced; project heuristic TOPIK 5: professional and social category; not an official per-grade list
ko-nikl-26530,감수성,,Quality or psychological ability to feel external stimuli.,noun,people > emotions,nikl-2024-mirror,https://huggingface.co/datasets/binjang/NIKL-korean-english-dictionary/resolve/3b4cfd2126debfd5440cade3ef6c2a3c20cf7cf9/2024_01.csv#record=26530,NIKL source band: advanced; project heuristic TOPIK 5: professional and social category; not an official per-grade list
ko-nikl-26558,감염,,"A bad habit, custom, values, environment, etc., affecting someone adversely to make him/her equally bad, impure, or immoral. / A germ's invading and spreading throughout the body of a plant or animal. / A virus's infiltrating the hard disk or file of a computer, causing it to malfunction.",noun,daily life > illness and symptoms,nikl-2024-mirror,https://huggingface.co/datasets/binjang/NIKL-korean-english-dictionary/resolve/3b4cfd2126debfd5440cade3ef6c2a3c20cf7cf9/2024_01.csv#record=26558,NIKL source band: advanced; project heuristic TOPIK 5: professional and social category; not an official per-grade list
ko-nikl-26585,감정적,,The state of being based on a feeling or emotion.,noun,people > emotions,nikl-2024-mirror,https://huggingface.co/datasets/binjang/NIKL-korean-english-dictionary/resolve/3b4cfd2126debfd5440cade3ef6c2a3c20cf7cf9/2024_01.csv#record=26585,NIKL source band: advanced; project heuristic TOPIK 5: professional and social category; not an official per-grade list
ko-nikl-26604,감촉,,A sensation from an object touching the skin.,noun,people > senses,nikl-2024-mirror,https://huggingface.co/datasets/binjang/NIKL-korean-english-dictionary/resolve/3b4cfd2126debfd5440cade3ef6c2a3c20cf7cf9/2024_01.csv#record=26604,NIKL source band: advanced; project heuristic TOPIK 5: professional and social category; not an official per-grade list
ko-nikl-26615,감탄,,The state of feeling positive about something.,noun,people > emotions,nikl-2024-mirror,https://huggingface.co/datasets/binjang/NIKL-korean-english-dictionary/resolve/3b4cfd2126debfd5440cade3ef6c2a3c20cf7cf9/2024_01.csv#record=26615,NIKL source band: advanced; project heuristic TOPIK 5: professional and social category; not an official per-grade list
ko-nikl-26641,감회,,Thoughts or feelings on the past.,noun,people > emotions,nikl-2024-mirror,https://huggingface.co/datasets/binjang/NIKL-korean-english-dictionary/resolve/3b4cfd2126debfd5440cade3ef6c2a3c20cf7cf9/2024_01.csv#record=26641,NIKL source band: advanced; project heuristic TOPIK 5: professional and social category; not an official per-grade list
ko-nikl-26648,갑갑하다,,"For something to be too tight, causing the feeling of being choked. / For a space to be extremely small, causing one to feel stuffy. / To speak or move slowly, causing someone to feel bored or impatient. / To feel clogged and uncomfortable in one's chest or stomach. / To feel anxious and frustrated because something does not work out as one expected.",descriptive verb,people > emotions,nikl-2024-mirror,https://huggingface.co/datasets/binjang/NIKL-korean-english-dictionary/resolve/3b4cfd2126debfd5440cade3ef6c2a3c20cf7cf9/2024_01.csv#record=26648,NIKL source band: advanced; project heuristic TOPIK 5: professional and social category; not an official per-grade list
ko-nikl-26667,값어치,,A value held by something that is worth acknowledging.,noun,economy > economic conditions,nikl-2024-mirror,https://huggingface.co/datasets/binjang/NIKL-korean-english-dictionary/resolve/3b4cfd2126debfd5440cade3ef6c2a3c20cf7cf9/2024_01.csv#record=26667,NIKL source band: advanced; project heuristic TOPIK 5: professional and social category; not an official per-grade list
ko-nikl-26669,값지다,,Something deserving to be expensive. / Having great value or meaning.,descriptive verb,economy > economic conditions,nikl-2024-mirror,https://huggingface.co/datasets/binjang/NIKL-korean-english-dictionary/resolve/3b4cfd2126debfd5440cade3ef6c2a3c20cf7cf9/2024_01.csv#record=26669,NIKL source band: advanced; project heuristic TOPIK 5: professional and social category; not an official per-grade list
ko-nikl-26717,강당,,A building or a big room used for lectures or performances.,noun,education > school facilities,nikl-2024-mirror,https://huggingface.co/datasets/binjang/NIKL-korean-english-dictionary/resolve/3b4cfd2126debfd5440cade3ef6c2a3c20cf7cf9/2024_01.csv#record=26717,NIKL source band: advanced; project heuristic TOPIK 5: professional and social category; not an official per-grade list
ko-nikl-26823,강인하다,,Mentally strong and tenacious.,descriptive verb,people > physical condition,nikl-2024-mirror,https://huggingface.co/datasets/binjang/NIKL-korean-english-dictionary/resolve/3b4cfd2126debfd5440cade3ef6c2a3c20cf7cf9/2024_01.csv#record=26823,NIKL source band: advanced; project heuristic TOPIK 5: professional and social category; not an official per-grade list
ko-nikl-26824,강자,,A person who has power or clout.,noun,people > types of people,nikl-2024-mirror,https://huggingface.co/datasets/binjang/NIKL-korean-english-dictionary/resolve/3b4cfd2126debfd5440cade3ef6c2a3c20cf7cf9/2024_01.csv#record=26824,NIKL source band: advanced; project heuristic TOPIK 5: professional and social category; not an official per-grade list
ko-nikl-26837,강제적,,To make other people do what they don't want to do using authority or power.,noun,people > attitudes,nikl-2024-mirror,https://huggingface.co/datasets/binjang/NIKL-korean-english-dictionary/resolve/3b4cfd2126debfd5440cade3ef6c2a3c20cf7cf9/2024_01.csv#record=26837,NIKL source band: advanced; project heuristic TOPIK 5: professional and social category; not an official per-grade list
ko-nikl-26845,강직하다,,"The personality trait of being straightforward, honest and impervious to corruption.",descriptive verb,people > personality,nikl-2024-mirror,https://huggingface.co/datasets/binjang/NIKL-korean-english-dictionary/resolve/3b4cfd2126debfd5440cade3ef6c2a3c20cf7cf9/2024_01.csv#record=26845,NIKL source band: advanced; project heuristic TOPIK 5: professional and social category; not an official per-grade list
ko-nikl-26935,개강,,"The act of beginning the first lecture of a semester or term in a college, institute, etc.",noun,education > teaching and learning,nikl-2024-mirror,https://huggingface.co/datasets/binjang/NIKL-korean-english-dictionary/resolve/3b4cfd2126debfd5440cade3ef6c2a3c20cf7cf9/2024_01.csv#record=26935,NIKL source band: advanced; project heuristic TOPIK 5: professional and social category; not an official per-grade list
ko-nikl-26939,개개인,,Each person.,noun,people > types of people,nikl-2024-mirror,https://huggingface.co/datasets/binjang/NIKL-korean-english-dictionary/resolve/3b4cfd2126debfd5440cade3ef6c2a3c20cf7cf9/2024_01.csv#record=26939,NIKL source band: advanced; project heuristic TOPIK 5: professional and social category; not an official per-grade list
ko-nikl-26972,개그,,The act of making people laugh using comic words or actions in plays or television programs.,noun,culture > popular culture,nikl-2024-mirror,https://huggingface.co/datasets/binjang/NIKL-korean-english-dictionary/resolve/3b4cfd2126debfd5440cade3ef6c2a3c20cf7cf9/2024_01.csv#record=26972,NIKL source band: advanced; project heuristic TOPIK 5: professional and social category; not an official per-grade list
ko-nikl-27070,개설,,The act of making a new institution or facilities. / The act of making a new account with a financial institution.,noun,economy > economic activities,nikl-2024-mirror,https://huggingface.co/datasets/binjang/NIKL-korean-english-dictionary/resolve/3b4cfd2126debfd5440cade3ef6c2a3c20cf7cf9/2024_01.csv#record=27070,NIKL source band: advanced; project heuristic TOPIK 5: professional and social category; not an official per-grade list
ko-nikl-27079,개수,,The number of objects counted one by one.,noun,concepts > numbers,nikl-2024-mirror,https://huggingface.co/datasets/binjang/NIKL-korean-english-dictionary/resolve/3b4cfd2126debfd5440cade3ef6c2a3c20cf7cf9/2024_01.csv#record=27079,NIKL source band: advanced; project heuristic TOPIK 5: professional and social category; not an official per-grade list
ko-nikl-27094,개업,,The act of starting a business or opening a store. / A state of being in business. / The act of opening for the day's business.,noun,economy > economic activities,nikl-2024-mirror,https://huggingface.co/datasets/binjang/NIKL-korean-english-dictionary/resolve/3b4cfd2126debfd5440cade3ef6c2a3c20cf7cf9/2024_01.csv#record=27094,NIKL source band: advanced; project heuristic TOPIK 5: professional and social category; not an official per-grade list
ko-nikl-27103,개운하다,,"One's mind or body feeling refreshed and light. / The taste of food feeling refreshing, not greasy.",descriptive verb,people > senses,nikl-2024-mirror,https://huggingface.co/datasets/binjang/NIKL-korean-english-dictionary/resolve/3b4cfd2126debfd5440cade3ef6c2a3c20cf7cf9/2024_01.csv#record=27103,NIKL source band: advanced; project heuristic TOPIK 5: professional and social category; not an official per-grade list
ko-nikl-27268,객지,,The place one stays in away from home.,noun,concepts > regions,nikl-2024-mirror,https://huggingface.co/datasets/binjang/NIKL-korean-english-dictionary/resolve/3b4cfd2126debfd5440cade3ef6c2a3c20cf7cf9/2024_01.csv#record=27268,NIKL source band: advanced; project heuristic TOPIK 5: professional and social category; not an official per-grade list
ko-nikl-27324,거금,,A very large amount of money.,noun,economy > financial instruments,nikl-2024-mirror,https://huggingface.co/datasets/binjang/NIKL-korean-english-dictionary/resolve/3b4cfd2126debfd5440cade3ef6c2a3c20cf7cf9/2024_01.csv#record=27324,NIKL source band: advanced; project heuristic TOPIK 5: professional and social category; not an official per-grade list
ko-nikl-27338,거닐다,,To walk about over a short distance in a leisurely manner.,verb,people > physical actions,nikl-2024-mirror,https://huggingface.co/datasets/binjang/NIKL-korean-english-dictionary/resolve/3b4cfd2126debfd5440cade3ef6c2a3c20cf7cf9/2024_01.csv#record=27338,NIKL source band: advanced; project heuristic TOPIK 5: professional and social category; not an official per-grade list
ko-nikl-27343,거동,,"An act of moving one's body, or such an attitude or behavior.",noun,people > physical actions,nikl-2024-mirror,https://huggingface.co/datasets/binjang/NIKL-korean-english-dictionary/resolve/3b4cfd2126debfd5440cade3ef6c2a3c20cf7cf9/2024_01.csv#record=27343,NIKL source band: advanced; project heuristic TOPIK 5: professional and social category; not an official per-grade list
ko-nikl-27374,거뜬하다,,Simple and easy to handle. / One's body or feeling being light and refreshed.,descriptive verb,people > abilities,nikl-2024-mirror,https://huggingface.co/datasets/binjang/NIKL-korean-english-dictionary/resolve/3b4cfd2126debfd5440cade3ef6c2a3c20cf7cf9/2024_01.csv#record=27374,NIKL source band: advanced; project heuristic TOPIK 5: professional and social category; not an official per-grade list
ko-nikl-27406,거리낌,,Things that get in the way of doing something or acting. / A state of being troubled by something and reluctant to do it.,noun,people > attitudes,nikl-2024-mirror,https://huggingface.co/datasets/binjang/NIKL-korean-english-dictionary/resolve/3b4cfd2126debfd5440cade3ef6c2a3c20cf7cf9/2024_01.csv#record=27406,NIKL source band: advanced; project heuristic TOPIK 5: professional and social category; not an official per-grade list
ko-nikl-27408,거만,,A superior attitude in which a person looks down on others.,noun,people > attitudes,nikl-2024-mirror,https://huggingface.co/datasets/binjang/NIKL-korean-english-dictionary/resolve/3b4cfd2126debfd5440cade3ef6c2a3c20cf7cf9/2024_01.csv#record=27408,NIKL source band: advanced; project heuristic TOPIK 5: professional and social category; not an official per-grade list
ko-nikl-27426,거문고,,A Korean stringed instrument made of royal foxglove tree with six strings which are plucked or flicked to make music.,noun,culture > music,nikl-2024-mirror,https://huggingface.co/datasets/binjang/NIKL-korean-english-dictionary/resolve/3b4cfd2126debfd5440cade3ef6c2a3c20cf7cf9/2024_01.csv#record=27426,NIKL source band: advanced; project heuristic TOPIK 5: professional and social category; not an official per-grade list
ko-nikl-27437,거부,,"The act of not accepting a demand, suggestion, etc.",noun,social life > social activities,nikl-2024-mirror,https://huggingface.co/datasets/binjang/NIKL-korean-english-dictionary/resolve/3b4cfd2126debfd5440cade3ef6c2a3c20cf7cf9/2024_01.csv#record=27437,NIKL source band: advanced; project heuristic TOPIK 5: professional and social category; not an official per-grade list
ko-nikl-27438,거부감,,The feeling of not wanting to accept something.,noun,people > emotions,nikl-2024-mirror,https://huggingface.co/datasets/binjang/NIKL-korean-english-dictionary/resolve/3b4cfd2126debfd5440cade3ef6c2a3c20cf7cf9/2024_01.csv#record=27438,NIKL source band: advanced; project heuristic TOPIK 5: professional and social category; not an official per-grade list
ko-nikl-27448,거북하다,,Feeling unnatural or uncomfortable in moving or carrying out bodily functions. / Feeling uncomfortable or strained.,descriptive verb,people > senses,nikl-2024-mirror,https://huggingface.co/datasets/binjang/NIKL-korean-english-dictionary/resolve/3b4cfd2126debfd5440cade3ef6c2a3c20cf7cf9/2024_01.csv#record=27448,NIKL source band: advanced; project heuristic TOPIK 5: professional and social category; not an official per-grade list
ko-nikl-27465,거스르다,,"To act or go against the way things are progressing, instead of complying with them. / To move in an opposite direction. / To act against someone's words, orders, etc. / To make someone feel bad or offended.",verb,social life > social activities,nikl-2024-mirror,https://huggingface.co/datasets/binjang/NIKL-korean-english-dictionary/resolve/3b4cfd2126debfd5440cade3ef6c2a3c20cf7cf9/2024_01.csv#record=27465,NIKL source band: advanced; project heuristic TOPIK 5: professional and social category; not an official per-grade list
ko-nikl-27477,거액,,An extremely large amount of money.,noun,economy > financial instruments,nikl-2024-mirror,https://huggingface.co/datasets/binjang/NIKL-korean-english-dictionary/resolve/3b4cfd2126debfd5440cade3ef6c2a3c20cf7cf9/2024_01.csv#record=27477,NIKL source band: advanced; project heuristic TOPIK 5: professional and social category; not an official per-grade list
ko-nikl-27487,거인,,A person a lot taller and bigger than ordinary people. / A person who is the best or has achieved a lot in a certain field.,noun,people > types of people,nikl-2024-mirror,https://huggingface.co/datasets/binjang/NIKL-korean-english-dictionary/resolve/3b4cfd2126debfd5440cade3ef6c2a3c20cf7cf9/2024_01.csv#record=27487,NIKL source band: advanced; project heuristic TOPIK 5: professional and social category; not an official per-grade list
ko-nikl-27498,거주,,The state of staying and living in a certain place.,noun,daily life > life events,nikl-2024-mirror,https://huggingface.co/datasets/binjang/NIKL-korean-english-dictionary/resolve/3b4cfd2126debfd5440cade3ef6c2a3c20cf7cf9/2024_01.csv#record=27498,NIKL source band: advanced; project heuristic TOPIK 5: professional and social category; not an official per-grade list
ko-nikl-27613,건망증,,A symptom where the person cannot remember an experience or forgets easily.,noun,daily life > illness and symptoms,nikl-2024-mirror,https://huggingface.co/datasets/binjang/NIKL-korean-english-dictionary/resolve/3b4cfd2126debfd5440cade3ef6c2a3c20cf7cf9/2024_01.csv#record=27613,NIKL source band: advanced; project heuristic TOPIK 5: professional and social category; not an official per-grade list
ko-nikl-27618,건방지다,,"Acting too proud of himself/herself, not realizing his/her real position.",descriptive verb,people > attitudes,nikl-2024-mirror,https://huggingface.co/datasets/binjang/NIKL-korean-english-dictionary/resolve/3b4cfd2126debfd5440cade3ef6c2a3c20cf7cf9/2024_01.csv#record=27618,NIKL source band: advanced; project heuristic TOPIK 5: professional and social category; not an official per-grade list
ko-nikl-27631,건성,,Doing something insincerely and half-heartedly. / The attitude of someone who does things without thinking or paying attention.,noun,people > attitudes,nikl-2024-mirror,https://huggingface.co/datasets/binjang/NIKL-korean-english-dictionary/resolve/3b4cfd2126debfd5440cade3ef6c2a3c20cf7cf9/2024_01.csv#record=27631,NIKL source band: advanced; project heuristic TOPIK 5: professional and social category; not an official per-grade list
ko-nikl-27634,건수,,The number of times in a particular event occurred.,noun,concepts > numbers,nikl-2024-mirror,https://huggingface.co/datasets/binjang/NIKL-korean-english-dictionary/resolve/3b4cfd2126debfd5440cade3ef6c2a3c20cf7cf9/2024_01.csv#record=27634,NIKL source band: advanced; project heuristic TOPIK 5: professional and social category; not an official per-grade list
ko-nikl-27674,건축물,,A building or facilities built on ground.,noun,housing > building types,nikl-2024-mirror,https://huggingface.co/datasets/binjang/NIKL-korean-english-dictionary/resolve/3b4cfd2126debfd5440cade3ef6c2a3c20cf7cf9/2024_01.csv#record=27674,NIKL source band: advanced; project heuristic TOPIK 5: professional and social category; not an official per-grade list
ko-nikl-27695,걷어차다,,To raise one's leg to kick something hard. / To end or give up one's relationship with something or someone.,verb,people > physical actions,nikl-2024-mirror,https://huggingface.co/datasets/binjang/NIKL-korean-english-dictionary/resolve/3b4cfd2126debfd5440cade3ef6c2a3c20cf7cf9/2024_01.csv#record=27695,NIKL source band: advanced; project heuristic TOPIK 5: professional and social category; not an official per-grade list
ko-nikl-27736,걸음걸이,,The way one walks. / (figurative) The way one does work or how something is progressing.,noun,people > physical actions,nikl-2024-mirror,https://huggingface.co/datasets/binjang/NIKL-korean-english-dictionary/resolve/3b4cfd2126debfd5440cade3ef6c2a3c20cf7cf9/2024_01.csv#record=27736,NIKL source band: advanced; project heuristic TOPIK 5: professional and social category; not an official per-grade list
ko-nikl-27745,걸터앉다,,To sit on the edge of a certain object.,verb,people > physical actions,nikl-2024-mirror,https://huggingface.co/datasets/binjang/NIKL-korean-english-dictionary/resolve/3b4cfd2126debfd5440cade3ef6c2a3c20cf7cf9/2024_01.csv#record=27745,NIKL source band: advanced; project heuristic TOPIK 5: professional and social category; not an official per-grade list
ko-nikl-27786,검소,,"A state of not being luxurious or flamboyant, instead being plain.",noun,economy > economic conditions,nikl-2024-mirror,https://huggingface.co/datasets/binjang/NIKL-korean-english-dictionary/resolve/3b4cfd2126debfd5440cade3ef6c2a3c20cf7cf9/2024_01.csv#record=27786,NIKL source band: advanced; project heuristic TOPIK 5: professional and social category; not an official per-grade list
ko-nikl-27822,검진,,Testing and examining the state of health.,noun,daily life > medical treatment,nikl-2024-mirror,https://huggingface.co/datasets/binjang/NIKL-korean-english-dictionary/resolve/3b4cfd2126debfd5440cade3ef6c2a3c20cf7cf9/2024_01.csv#record=27822,NIKL source band: advanced; project heuristic TOPIK 5: professional and social category; not an official per-grade list
ko-nikl-27869,겉보기,,What shows on the outside.,noun,concepts > shape,nikl-2024-mirror,https://huggingface.co/datasets/binjang/NIKL-korean-english-dictionary/resolve/3b4cfd2126debfd5440cade3ef6c2a3c20cf7cf9/2024_01.csv#record=27869,NIKL source band: advanced; project heuristic TOPIK 5: professional and social category; not an official per-grade list
ko-nikl-27929,게을리하다,,To act idle because one does not want to do something he/she is supposed to.,verb,people > attitudes,nikl-2024-mirror,https://huggingface.co/datasets/binjang/NIKL-korean-english-dictionary/resolve/3b4cfd2126debfd5440cade3ef6c2a3c20cf7cf9/2024_01.csv#record=27929,NIKL source band: advanced; project heuristic TOPIK 5: professional and social category; not an official per-grade list
ko-nikl-27938,게재,,An act of publishing writings or pictures in a newspaper or magazine.,noun,social life > telecommunications,nikl-2024-mirror,https://huggingface.co/datasets/binjang/NIKL-korean-english-dictionary/resolve/3b4cfd2126debfd5440cade3ef6c2a3c20cf7cf9/2024_01.csv#record=27938,NIKL source band: advanced; project heuristic TOPIK 5: professional and social category; not an official per-grade list
ko-nikl-27951,겨드랑이,,"The sunken part under an arm, joined to the shoulder. / The part of clothing that one's armpit touches when worn.",noun,people > body parts,nikl-2024-mirror,https://huggingface.co/datasets/binjang/NIKL-korean-english-dictionary/resolve/3b4cfd2126debfd5440cade3ef6c2a3c20cf7cf9/2024_01.csv#record=27951,NIKL source band: advanced; project heuristic TOPIK 5: professional and social category; not an official per-grade list
ko-nikl-27955,겨루다,,To engage in a match to decide who is stronger or better.,verb,social life > social activities,nikl-2024-mirror,https://huggingface.co/datasets/binjang/NIKL-korean-english-dictionary/resolve/3b4cfd2126debfd5440cade3ef6c2a3c20cf7cf9/2024_01.csv#record=27955,NIKL source band: advanced; project heuristic TOPIK 5: professional and social category; not an official per-grade list
ko-nikl-28017,격식,,A predetermined method that is fitting for the level or atmosphere of a certain social gathering.,noun,social life > social conditions,nikl-2024-mirror,https://huggingface.co/datasets/binjang/NIKL-korean-english-dictionary/resolve/3b4cfd2126debfd5440cade3ef6c2a3c20cf7cf9/2024_01.csv#record=28017,NIKL source band: advanced; project heuristic TOPIK 5: professional and social category; not an official per-grade list
ko-nikl-28078,견과,,"The fruit from a tree, such as chestnut, walnut, ginkgo, etc., which has one seed inside a hard shell.",noun,food > fruit,nikl-2024-mirror,https://huggingface.co/datasets/binjang/NIKL-korean-english-dictionary/resolve/3b4cfd2126debfd5440cade3ef6c2a3c20cf7cf9/2024_01.csv#record=28078,NIKL source band: advanced; project heuristic TOPIK 5: professional and social category; not an official per-grade list
ko-nikl-28097,견제,,Keeping someone from acting freely or becoming stronger.,noun,social life > social activities,nikl-2024-mirror,https://huggingface.co/datasets/binjang/NIKL-korean-english-dictionary/resolve/3b4cfd2126debfd5440cade3ef6c2a3c20cf7cf9/2024_01.csv#record=28097,NIKL source band: advanced; project heuristic TOPIK 5: professional and social category; not an official per-grade list
ko-nikl-28128,결단력,,The ability to judge what is important and making a final decision.,noun,people > abilities,nikl-2024-mirror,https://huggingface.co/datasets/binjang/NIKL-korean-english-dictionary/resolve/3b4cfd2126debfd5440cade3ef6c2a3c20cf7cf9/2024_01.csv#record=28128,NIKL source band: advanced; project heuristic TOPIK 5: professional and social category; not an official per-grade list
ko-nikl-28157,결별,,Ending a relationship and parting.,noun,social life > social activities,nikl-2024-mirror,https://huggingface.co/datasets/binjang/NIKL-korean-english-dictionary/resolve/3b4cfd2126debfd5440cade3ef6c2a3c20cf7cf9/2024_01.csv#record=28157,NIKL source band: advanced; project heuristic TOPIK 5: professional and social category; not an official per-grade list
ko-nikl-28203,결의,,Making a decision in a meeting after hearing various opinions.,noun,social life > social activities,nikl-2024-mirror,https://huggingface.co/datasets/binjang/NIKL-korean-english-dictionary/resolve/3b4cfd2126debfd5440cade3ef6c2a3c20cf7cf9/2024_01.csv#record=28203,NIKL source band: advanced; project heuristic TOPIK 5: professional and social category; not an official per-grade list
ko-nikl-28214,결재,,"The approval of a superior, who is authorized to decide, about a plan submitted by a subordinate.",noun,social life > workplace life,nikl-2024-mirror,https://huggingface.co/datasets/binjang/NIKL-korean-english-dictionary/resolve/3b4cfd2126debfd5440cade3ef6c2a3c20cf7cf9/2024_01.csv#record=28214,NIKL source band: advanced; project heuristic TOPIK 5: professional and social category; not an official per-grade list
ko-nikl-28298,겸허,,Not showing off and voluntarily acting humbly.,noun,people > attitudes,nikl-2024-mirror,https://huggingface.co/datasets/binjang/NIKL-korean-english-dictionary/resolve/3b4cfd2126debfd5440cade3ef6c2a3c20cf7cf9/2024_01.csv#record=28298,NIKL source band: advanced; project heuristic TOPIK 5: professional and social category; not an official per-grade list
ko-nikl-28326,경건하다,,Respectful and solemn about someone or something.,descriptive verb,people > emotions,nikl-2024-mirror,https://huggingface.co/datasets/binjang/NIKL-korean-english-dictionary/resolve/3b4cfd2126debfd5440cade3ef6c2a3c20cf7cf9/2024_01.csv#record=28326,NIKL source band: advanced; project heuristic TOPIK 5: professional and social category; not an official per-grade list
ko-nikl-28335,경고문,,A piece of writing advising caution regarding or to refrain from a certain thing.,noun,social life > communication tools,nikl-2024-mirror,https://huggingface.co/datasets/binjang/NIKL-korean-english-dictionary/resolve/3b4cfd2126debfd5440cade3ef6c2a3c20cf7cf9/2024_01.csv#record=28335,NIKL source band: advanced; project heuristic TOPIK 5: professional and social category; not an official per-grade list
ko-nikl-28362,경련,,A symptom in which muscles suddenly contract or tremble.,noun,daily life > illness and symptoms,nikl-2024-mirror,https://huggingface.co/datasets/binjang/NIKL-korean-english-dictionary/resolve/3b4cfd2126debfd5440cade3ef6c2a3c20cf7cf9/2024_01.csv#record=28362,NIKL source band: advanced; project heuristic TOPIK 5: professional and social category; not an official per-grade list
ko-nikl-28378,경매,,A way of selling an object or objects to the person who will pay the highest price among many potential buyers.,noun,economy > economic activities,nikl-2024-mirror,https://huggingface.co/datasets/binjang/NIKL-korean-english-dictionary/resolve/3b4cfd2126debfd5440cade3ef6c2a3c20cf7cf9/2024_01.csv#record=28378,NIKL source band: advanced; project heuristic TOPIK 5: professional and social category; not an official per-grade list
ko-nikl-28379,경멸,,Looking down on someone with an attitude of extreme dislike or disdain.,noun,people > attitudes,nikl-2024-mirror,https://huggingface.co/datasets/binjang/NIKL-korean-english-dictionary/resolve/3b4cfd2126debfd5440cade3ef6c2a3c20cf7cf9/2024_01.csv#record=28379,NIKL source band: advanced; project heuristic TOPIK 5: professional and social category; not an official per-grade list
ko-nikl-28398,경비,,"The act of keeping an eye on a building or area in order to prevent theft, break-ins and other such crimes. / A person who keeps an eye on a building or area in order to prevent theft, break-ins and other such crimes.",noun,social life > occupations,nikl-2024-mirror,https://huggingface.co/datasets/binjang/NIKL-korean-english-dictionary/resolve/3b4cfd2126debfd5440cade3ef6c2a3c20cf7cf9/2024_01.csv#record=28398,NIKL source band: advanced; project heuristic TOPIK 5: professional and social category; not an official per-grade list
ko-nikl-28407,경사,,"An area where the ground is inclined, or the state or degree of being slanted.",noun,concepts > shape,nikl-2024-mirror,https://huggingface.co/datasets/binjang/NIKL-korean-english-dictionary/resolve/3b4cfd2126debfd5440cade3ef6c2a3c20cf7cf9/2024_01.csv#record=28407,NIKL source band: advanced; project heuristic TOPIK 5: professional and social category; not an official per-grade list
ko-nikl-28427,경솔하다,,Careless and thoughtless in speaking or behaving.,descriptive verb,people > attitudes,nikl-2024-mirror,https://huggingface.co/datasets/binjang/NIKL-korean-english-dictionary/resolve/3b4cfd2126debfd5440cade3ef6c2a3c20cf7cf9/2024_01.csv#record=28427,NIKL source band: advanced; project heuristic TOPIK 5: professional and social category; not an official per-grade list
ko-nikl-28436,경악,,The state of being very surprised at a bad incident.,noun,people > emotions,nikl-2024-mirror,https://huggingface.co/datasets/binjang/NIKL-korean-english-dictionary/resolve/3b4cfd2126debfd5440cade3ef6c2a3c20cf7cf9/2024_01.csv#record=28436,NIKL source band: advanced; project heuristic TOPIK 5: professional and social category; not an official per-grade list
ko-nikl-28451,경영진,,A group of people who are in charge of managing and operating a business or company.,noun,economy > economic actors,nikl-2024-mirror,https://huggingface.co/datasets/binjang/NIKL-korean-english-dictionary/resolve/3b4cfd2126debfd5440cade3ef6c2a3c20cf7cf9/2024_01.csv#record=28451,NIKL source band: advanced; project heuristic TOPIK 5: professional and social category; not an official per-grade list
ko-nikl-28466,경유,,The act of visiting or passing by a certain place enroute to a destination. / The act of passing through a certain department as part of a business process.,noun,social life > travel actions,nikl-2024-mirror,https://huggingface.co/datasets/binjang/NIKL-korean-english-dictionary/resolve/3b4cfd2126debfd5440cade3ef6c2a3c20cf7cf9/2024_01.csv#record=28466,NIKL source band: advanced; project heuristic TOPIK 5: professional and social category; not an official per-grade list
ko-nikl-28486,경쟁률,,The ratio between the fixed number of slots and the number of applicants.,noun,social life > social conditions,nikl-2024-mirror,https://huggingface.co/datasets/binjang/NIKL-korean-english-dictionary/resolve/3b4cfd2126debfd5440cade3ef6c2a3c20cf7cf9/2024_01.csv#record=28486,NIKL source band: advanced; project heuristic TOPIK 5: professional and social category; not an official per-grade list
ko-nikl-28501,경제권,,The region within a certain area whose international or local economic activities are closely connected.,noun,economy > economic conditions,nikl-2024-mirror,https://huggingface.co/datasets/binjang/NIKL-korean-english-dictionary/resolve/3b4cfd2126debfd5440cade3ef6c2a3c20cf7cf9/2024_01.csv#record=28501,NIKL source band: advanced; project heuristic TOPIK 5: professional and social category; not an official per-grade list
ko-nikl-28506,경제성,,"Characteristics of something, that require less money, effort, time, etc., and are profitable.",noun,economy > economic conditions,nikl-2024-mirror,https://huggingface.co/datasets/binjang/NIKL-korean-english-dictionary/resolve/3b4cfd2126debfd5440cade3ef6c2a3c20cf7cf9/2024_01.csv#record=28506,NIKL source band: advanced; project heuristic TOPIK 5: professional and social category; not an official per-grade list
ko-nikl-28517,경조사,,Events to be happy or sorry about.,noun,daily life > family events,nikl-2024-mirror,https://huggingface.co/datasets/binjang/NIKL-korean-english-dictionary/resolve/3b4cfd2126debfd5440cade3ef6c2a3c20cf7cf9/2024_01.csv#record=28517,NIKL source band: advanced; project heuristic TOPIK 5: professional and social category; not an official per-grade list
ko-nikl-28530,경직,,"A state in which the body or a part of it becomes stiff and rigid. / A state in which one's idea, behavior, atmosphere, etc., become inflexible and strict.",noun,people > senses,nikl-2024-mirror,https://huggingface.co/datasets/binjang/NIKL-korean-english-dictionary/resolve/3b4cfd2126debfd5440cade3ef6c2a3c20cf7cf9/2024_01.csv#record=28530,NIKL source band: advanced; project heuristic TOPIK 5: professional and social category; not an official per-grade list
ko-nikl-28563,경품,,A free item given to a customer for a product he/she has bought. / An item given by a certain group as a gift to a person chosen by drawing lots or participating in something.,noun,economy > financial instruments,nikl-2024-mirror,https://huggingface.co/datasets/binjang/NIKL-korean-english-dictionary/resolve/3b4cfd2126debfd5440cade3ef6c2a3c20cf7cf9/2024_01.csv#record=28563,NIKL source band: advanced; project heuristic TOPIK 5: professional and social category; not an official per-grade list
ko-nikl-28581,경호,,"Protecting an important person, object, facilities, etc., from possible danger.",noun,social life > social activities,nikl-2024-mirror,https://huggingface.co/datasets/binjang/NIKL-korean-english-dictionary/resolve/3b4cfd2126debfd5440cade3ef6c2a3c20cf7cf9/2024_01.csv#record=28581,NIKL source band: advanced; project heuristic TOPIK 5: professional and social category; not an official per-grade list
ko-nikl-28602,곁눈질,,The act of looking to the side by rolling one's eyes slightly without moving one's head. / The act of communicating a message by rolling one's eyes slightly. / The act of intentionally overlooking something that one is supposed to pay attention to.,noun,people > physical actions,nikl-2024-mirror,https://huggingface.co/datasets/binjang/NIKL-korean-english-dictionary/resolve/3b4cfd2126debfd5440cade3ef6c2a3c20cf7cf9/2024_01.csv#record=28602,NIKL source band: advanced; project heuristic TOPIK 5: professional and social category; not an official per-grade list
ko-nikl-28618,계급,,"A relative position or grade of a police officer, a soldier, etc., in an organization such as the military or police. / A social group composed of people with similar positions, job, wealth, etc.; or one's social status determined by one's position, job, wealth, etc.",noun,social life > social conditions,nikl-2024-mirror,https://huggingface.co/datasets/binjang/NIKL-korean-english-dictionary/resolve/3b4cfd2126debfd5440cade3ef6c2a3c20cf7cf9/2024_01.csv#record=28618,NIKL source band: advanced; project heuristic TOPIK 5: professional and social category; not an official per-grade list
ko-nikl-28758,고가,,A high price.,noun,economy > financial instruments,nikl-2024-mirror,https://huggingface.co/datasets/binjang/NIKL-korean-english-dictionary/resolve/3b4cfd2126debfd5440cade3ef6c2a3c20cf7cf9/2024_01.csv#record=28758,NIKL source band: advanced; project heuristic TOPIK 5: professional and social category; not an official per-grade list
ko-nikl-28803,고교생,,A student going to high school.,noun,education > teachers and learners,nikl-2024-mirror,https://huggingface.co/datasets/binjang/NIKL-korean-english-dictionary/resolve/3b4cfd2126debfd5440cade3ef6c2a3c20cf7cf9/2024_01.csv#record=28803,NIKL source band: advanced; project heuristic TOPIK 5: professional and social category; not an official per-grade list
ko-nikl-28831,고기잡이,,The act of catching fish. / A person whose job is fishing.,noun,economy > economic activities,nikl-2024-mirror,https://huggingface.co/datasets/binjang/NIKL-korean-english-dictionary/resolve/3b4cfd2126debfd5440cade3ef6c2a3c20cf7cf9/2024_01.csv#record=28831,NIKL source band: advanced; project heuristic TOPIK 5: professional and social category; not an official per-grade list
ko-nikl-28846,고난,,A state or situation which is extremely difficult and painful.,noun,daily life > life circumstances,nikl-2024-mirror,https://huggingface.co/datasets/binjang/NIKL-korean-english-dictionary/resolve/3b4cfd2126debfd5440cade3ef6c2a3c20cf7cf9/2024_01.csv#record=28846,NIKL source band: advanced; project heuristic TOPIK 5: professional and social category; not an official per-grade list
ko-nikl-28854,고다,,To boil meat or bones until thick stock is made from them. / To boil something so that it condenses hard.,verb,food > eating and cooking,nikl-2024-mirror,https://huggingface.co/datasets/binjang/NIKL-korean-english-dictionary/resolve/3b4cfd2126debfd5440cade3ef6c2a3c20cf7cf9/2024_01.csv#record=28854,NIKL source band: advanced; project heuristic TOPIK 5: professional and social category; not an official per-grade list
ko-nikl-28859,고단하다,,One's body feeling weak from being tired. / Work being difficult and tiring. / One's situation being difficult.,descriptive verb,daily life > life circumstances,nikl-2024-mirror,https://huggingface.co/datasets/binjang/NIKL-korean-english-dictionary/resolve/3b4cfd2126debfd5440cade3ef6c2a3c20cf7cf9/2024_01.csv#record=28859,NIKL source band: advanced; project heuristic TOPIK 5: professional and social category; not an official per-grade list
ko-nikl-28860,고달프다,,"One's body, situation, or current task being very difficult and tiresome.",descriptive verb,daily life > life circumstances,nikl-2024-mirror,https://huggingface.co/datasets/binjang/NIKL-korean-english-dictionary/resolve/3b4cfd2126debfd5440cade3ef6c2a3c20cf7cf9/2024_01.csv#record=28860,NIKL source band: advanced; project heuristic TOPIK 5: professional and social category; not an official per-grade list
ko-nikl-28891,고되다,,"Labor, training, etc., being hard and intense physically or mentally.",descriptive verb,daily life > life circumstances,nikl-2024-mirror,https://huggingface.co/datasets/binjang/NIKL-korean-english-dictionary/resolve/3b4cfd2126debfd5440cade3ef6c2a3c20cf7cf9/2024_01.csv#record=28891,NIKL source band: advanced; project heuristic TOPIK 5: professional and social category; not an official per-grade list
ko-nikl-28949,고령,,"A state in which a person is of old age, or of advanced age.",noun,people > physical condition,nikl-2024-mirror,https://huggingface.co/datasets/binjang/NIKL-korean-english-dictionary/resolve/3b4cfd2126debfd5440cade3ef6c2a3c20cf7cf9/2024_01.csv#record=28949,NIKL source band: advanced; project heuristic TOPIK 5: professional and social category; not an official per-grade list
ko-nikl-28952,고령화,,A progressive increase in the share of aged people in a nation's total population.,noun,social life > social conditions,nikl-2024-mirror,https://huggingface.co/datasets/binjang/NIKL-korean-english-dictionary/resolve/3b4cfd2126debfd5440cade3ef6c2a3c20cf7cf9/2024_01.csv#record=28952,NIKL source band: advanced; project heuristic TOPIK 5: professional and social category; not an official per-grade list
ko-nikl-28960,고르다,,"The height, size, shape, etc., of something being uniform or even. / The weather, a tune, etc., not fluctuating much.",descriptive verb,concepts > shape,nikl-2024-mirror,https://huggingface.co/datasets/binjang/NIKL-korean-english-dictionary/resolve/3b4cfd2126debfd5440cade3ef6c2a3c20cf7cf9/2024_01.csv#record=28960,NIKL source band: advanced; project heuristic TOPIK 5: professional and social category; not an official per-grade list
ko-nikl-28973,고립,,"The state of being alone, unable to talk or spend time with others.",noun,social life > social conditions,nikl-2024-mirror,https://huggingface.co/datasets/binjang/NIKL-korean-english-dictionary/resolve/3b4cfd2126debfd5440cade3ef6c2a3c20cf7cf9/2024_01.csv#record=28973,NIKL source band: advanced; project heuristic TOPIK 5: professional and social category; not an official per-grade list
ko-nikl-29022,고무신,,"A kind of shoe, that is made of rubber.",noun,clothing and appearance > hats shoes and accessories,nikl-2024-mirror,https://huggingface.co/datasets/binjang/NIKL-korean-english-dictionary/resolve/3b4cfd2126debfd5440cade3ef6c2a3c20cf7cf9/2024_01.csv#record=29022,NIKL source band: advanced; project heuristic TOPIK 5: professional and social category; not an official per-grade list
ko-nikl-29077,고비,,The most important or difficult moment in a process.,noun,daily life > life circumstances,nikl-2024-mirror,https://huggingface.co/datasets/binjang/NIKL-korean-english-dictionary/resolve/3b4cfd2126debfd5440cade3ef6c2a3c20cf7cf9/2024_01.csv#record=29077,NIKL source band: advanced; project heuristic TOPIK 5: professional and social category; not an official per-grade list
ko-nikl-29102,고상하다,,"A behavior, hobby, etc. being classy and elegant.",descriptive verb,people > attitudes,nikl-2024-mirror,https://huggingface.co/datasets/binjang/NIKL-korean-english-dictionary/resolve/3b4cfd2126debfd5440cade3ef6c2a3c20cf7cf9/2024_01.csv#record=29102,NIKL source band: advanced; project heuristic TOPIK 5: professional and social category; not an official per-grade list
ko-nikl-29117,고생스럽다,,Experiencing difficulties at work or in life.,descriptive verb,daily life > life circumstances,nikl-2024-mirror,https://huggingface.co/datasets/binjang/NIKL-korean-english-dictionary/resolve/3b4cfd2126debfd5440cade3ef6c2a3c20cf7cf9/2024_01.csv#record=29117,NIKL source band: advanced; project heuristic TOPIK 5: professional and social category; not an official per-grade list
ko-nikl-29132,고소득,,A large income.,noun,economy > economic conditions,nikl-2024-mirror,https://huggingface.co/datasets/binjang/NIKL-korean-english-dictionary/resolve/3b4cfd2126debfd5440cade3ef6c2a3c20cf7cf9/2024_01.csv#record=29132,NIKL source band: advanced; project heuristic TOPIK 5: professional and social category; not an official per-grade list
ko-nikl-29148,고수,,The attitude of sticking firmly to an opinion or defending one's possessions or power.,noun,people > attitudes,nikl-2024-mirror,https://huggingface.co/datasets/binjang/NIKL-korean-english-dictionary/resolve/3b4cfd2126debfd5440cade3ef6c2a3c20cf7cf9/2024_01.csv#record=29148,NIKL source band: advanced; project heuristic TOPIK 5: professional and social category; not an official per-grade list
ko-nikl-29178,고아,,A child having no parents because they are dead or they have abandoned him or her.,noun,people > types of people,nikl-2024-mirror,https://huggingface.co/datasets/binjang/NIKL-korean-english-dictionary/resolve/3b4cfd2126debfd5440cade3ef6c2a3c20cf7cf9/2024_01.csv#record=29178,NIKL source band: advanced; project heuristic TOPIK 5: professional and social category; not an official per-grade list
ko-nikl-29211,고온,,A high degree temperature.,noun,concepts > temperature,nikl-2024-mirror,https://huggingface.co/datasets/binjang/NIKL-korean-english-dictionary/resolve/3b4cfd2126debfd5440cade3ef6c2a3c20cf7cf9/2024_01.csv#record=29211,NIKL source band: advanced; project heuristic TOPIK 5: professional and social category; not an official per-grade list
ko-nikl-29216,고용,,The act of paying someone to do work.,noun,economy > economic activities,nikl-2024-mirror,https://huggingface.co/datasets/binjang/NIKL-korean-english-dictionary/resolve/3b4cfd2126debfd5440cade3ef6c2a3c20cf7cf9/2024_01.csv#record=29216,NIKL source band: advanced; project heuristic TOPIK 5: professional and social category; not an official per-grade list
ko-nikl-29227,고위,,High rank.,noun,social life > social conditions,nikl-2024-mirror,https://huggingface.co/datasets/binjang/NIKL-korean-english-dictionary/resolve/3b4cfd2126debfd5440cade3ef6c2a3c20cf7cf9/2024_01.csv#record=29227,NIKL source band: advanced; project heuristic TOPIK 5: professional and social category; not an official per-grade list
ko-nikl-29242,고의,,A thought or an attitude taken deliberately.,noun,people > attitudes,nikl-2024-mirror,https://huggingface.co/datasets/binjang/NIKL-korean-english-dictionary/resolve/3b4cfd2126debfd5440cade3ef6c2a3c20cf7cf9/2024_01.csv#record=29242,NIKL source band: advanced; project heuristic TOPIK 5: professional and social category; not an official per-grade list
ko-nikl-29250,고인,,A dead person.,noun,people > types of people,nikl-2024-mirror,https://huggingface.co/datasets/binjang/NIKL-korean-english-dictionary/resolve/3b4cfd2126debfd5440cade3ef6c2a3c20cf7cf9/2024_01.csv#record=29250,NIKL source band: advanced; project heuristic TOPIK 5: professional and social category; not an official per-grade list
ko-nikl-29301,고졸,,An abbreviated word for &quot;high school graduation.&quot;,unspecified,education > teaching and learning,nikl-2024-mirror,https://huggingface.co/datasets/binjang/NIKL-korean-english-dictionary/resolve/3b4cfd2126debfd5440cade3ef6c2a3c20cf7cf9/2024_01.csv#record=29301,NIKL source band: advanced; project heuristic TOPIK 5: professional and social category; not an official per-grade list
ko-nikl-29349,고체,,A substance that can be touched and seen as it has volume and a hardened shape,noun,concepts > shape,nikl-2024-mirror,https://huggingface.co/datasets/binjang/NIKL-korean-english-dictionary/resolve/3b4cfd2126debfd5440cade3ef6c2a3c20cf7cf9/2024_01.csv#record=29349,NIKL source band: advanced; project heuristic TOPIK 5: professional and social category; not an official per-grade list
ko-nikl-29360,고충,,One's agony or difficult situation.,noun,daily life > life circumstances,nikl-2024-mirror,https://huggingface.co/datasets/binjang/NIKL-korean-english-dictionary/resolve/3b4cfd2126debfd5440cade3ef6c2a3c20cf7cf9/2024_01.csv#record=29360,NIKL source band: advanced; project heuristic TOPIK 5: professional and social category; not an official per-grade list
ko-nikl-29381,고학력,,A quality of having a high level of education.,noun,people > abilities,nikl-2024-mirror,https://huggingface.co/datasets/binjang/NIKL-korean-english-dictionary/resolve/3b4cfd2126debfd5440cade3ef6c2a3c20cf7cf9/2024_01.csv#record=29381,NIKL source band: advanced; project heuristic TOPIK 5: professional and social category; not an official per-grade list
ko-nikl-29383,고함,,Yelling in a loud voice.,noun,people > physical actions,nikl-2024-mirror,https://huggingface.co/datasets/binjang/NIKL-korean-english-dictionary/resolve/3b4cfd2126debfd5440cade3ef6c2a3c20cf7cf9/2024_01.csv#record=29383,NIKL source band: advanced; project heuristic TOPIK 5: professional and social category; not an official per-grade list
ko-nikl-29398,고혈압,,A symptom in which one's blood pressure is higher than the normal level.,noun,daily life > illness and symptoms,nikl-2024-mirror,https://huggingface.co/datasets/binjang/NIKL-korean-english-dictionary/resolve/3b4cfd2126debfd5440cade3ef6c2a3c20cf7cf9/2024_01.csv#record=29398,NIKL source band: advanced; project heuristic TOPIK 5: professional and social category; not an official per-grade list
ko-nikl-29419,곡물,,"Crops often eaten as staples, including rice, barley, wheat, corn, etc.",noun,food > grains,nikl-2024-mirror,https://huggingface.co/datasets/binjang/NIKL-korean-english-dictionary/resolve/3b4cfd2126debfd5440cade3ef6c2a3c20cf7cf9/2024_01.csv#record=29419,NIKL source band: advanced; project heuristic TOPIK 5: professional and social category; not an official per-grade list
ko-nikl-29421,곡선,,A bent line; a line that is not straight.,noun,concepts > shape,nikl-2024-mirror,https://huggingface.co/datasets/binjang/NIKL-korean-english-dictionary/resolve/3b4cfd2126debfd5440cade3ef6c2a3c20cf7cf9/2024_01.csv#record=29421,NIKL source band: advanced; project heuristic TOPIK 5: professional and social category; not an official per-grade list
ko-nikl-29442,곤경,,A difficult situation or condition.,noun,daily life > life circumstances,nikl-2024-mirror,https://huggingface.co/datasets/binjang/NIKL-korean-english-dictionary/resolve/3b4cfd2126debfd5440cade3ef6c2a3c20cf7cf9/2024_01.csv#record=29442,NIKL source band: advanced; project heuristic TOPIK 5: professional and social category; not an official per-grade list
ko-nikl-29445,곤궁,,Being poor and destitute. / Being in a dangerous or pathetic situation.,noun,daily life > life circumstances,nikl-2024-mirror,https://huggingface.co/datasets/binjang/NIKL-korean-english-dictionary/resolve/3b4cfd2126debfd5440cade3ef6c2a3c20cf7cf9/2024_01.csv#record=29445,NIKL source band: advanced; project heuristic TOPIK 5: professional and social category; not an official per-grade list
ko-nikl-29460,곤욕,,A severe insult or a situation hard to endure.,noun,daily life > life circumstances,nikl-2024-mirror,https://huggingface.co/datasets/binjang/NIKL-korean-english-dictionary/resolve/3b4cfd2126debfd5440cade3ef6c2a3c20cf7cf9/2024_01.csv#record=29460,NIKL source band: advanced; project heuristic TOPIK 5: professional and social category; not an official per-grade list
ko-nikl-29467,곤충,,"A small creature such as a butterfly, a dragonfly, a bee, etc., that has three body parts, namely a head, a thorax, and an abdomen, whose body has a lot of joints.",noun,plants and animals > insects,nikl-2024-mirror,https://huggingface.co/datasets/binjang/NIKL-korean-english-dictionary/resolve/3b4cfd2126debfd5440cade3ef6c2a3c20cf7cf9/2024_01.csv#record=29467,NIKL source band: advanced; project heuristic TOPIK 5: professional and social category; not an official per-grade list
ko-nikl-29523,골머리,,(slang) One's head.,noun,people > body parts,nikl-2024-mirror,https://huggingface.co/datasets/binjang/NIKL-korean-english-dictionary/resolve/3b4cfd2126debfd5440cade3ef6c2a3c20cf7cf9/2024_01.csv#record=29523,NIKL source band: advanced; project heuristic TOPIK 5: professional and social category; not an official per-grade list
ko-nikl-29554,골치,,(slang) One's head.,noun,people > body parts,nikl-2024-mirror,https://huggingface.co/datasets/binjang/NIKL-korean-english-dictionary/resolve/3b4cfd2126debfd5440cade3ef6c2a3c20cf7cf9/2024_01.csv#record=29554,NIKL source band: advanced; project heuristic TOPIK 5: professional and social category; not an official per-grade list
ko-nikl-29566,곪다,,"For pus to be formed due to inflammation in an injury. / (figurative) For corruption and illegalities to be widespread enough to disrupt the foundation of a society, nation, organization, etc.",verb,daily life > illness and symptoms,nikl-2024-mirror,https://huggingface.co/datasets/binjang/NIKL-korean-english-dictionary/resolve/3b4cfd2126debfd5440cade3ef6c2a3c20cf7cf9/2024_01.csv#record=29566,NIKL source band: advanced; project heuristic TOPIK 5: professional and social category; not an official per-grade list
ko-nikl-29602,곱슬머리,,Curly hair or a person with such hair.,noun,clothing and appearance > grooming,nikl-2024-mirror,https://huggingface.co/datasets/binjang/NIKL-korean-english-dictionary/resolve/3b4cfd2126debfd5440cade3ef6c2a3c20cf7cf9/2024_01.csv#record=29602,NIKL source band: advanced; project heuristic TOPIK 5: professional and social category; not an official per-grade list
ko-nikl-29631,공감대,,A part or area of interest of similar thoughts or feelings.,noun,people > emotions,nikl-2024-mirror,https://huggingface.co/datasets/binjang/NIKL-korean-english-dictionary/resolve/3b4cfd2126debfd5440cade3ef6c2a3c20cf7cf9/2024_01.csv#record=29631,NIKL source band: advanced; project heuristic TOPIK 5: professional and social category; not an official per-grade list
ko-nikl-29649,공경,,The act of respecting one's elders politely.,noun,social life > social activities,nikl-2024-mirror,https://huggingface.co/datasets/binjang/NIKL-korean-english-dictionary/resolve/3b4cfd2126debfd5440cade3ef6c2a3c20cf7cf9/2024_01.csv#record=29649,NIKL source band: advanced; project heuristic TOPIK 5: professional and social category; not an official per-grade list
ko-nikl-29653,공고,,A public office or organization announcing news to the public.,noun,social life > workplace life,nikl-2024-mirror,https://huggingface.co/datasets/binjang/NIKL-korean-english-dictionary/resolve/3b4cfd2126debfd5440cade3ef6c2a3c20cf7cf9/2024_01.csv#record=29653,NIKL source band: advanced; project heuristic TOPIK 5: professional and social category; not an official per-grade list
ko-nikl-29667,공공연하다,,"Being open to the public, without being hidden, held back or hesitant.",descriptive verb,social life > social conditions,nikl-2024-mirror,https://huggingface.co/datasets/binjang/NIKL-korean-english-dictionary/resolve/3b4cfd2126debfd5440cade3ef6c2a3c20cf7cf9/2024_01.csv#record=29667,NIKL source band: advanced; project heuristic TOPIK 5: professional and social category; not an official per-grade list
ko-nikl-29749,공립,,"The state of being established and run by a local government, or such facilities.",noun,social life > social conditions,nikl-2024-mirror,https://huggingface.co/datasets/binjang/NIKL-korean-english-dictionary/resolve/3b4cfd2126debfd5440cade3ef6c2a3c20cf7cf9/2024_01.csv#record=29749,NIKL source band: advanced; project heuristic TOPIK 5: professional and social category; not an official per-grade list
ko-nikl-29767,공문,,An official document related to work written by a public organization or institution.,noun,social life > workplace life,nikl-2024-mirror,https://huggingface.co/datasets/binjang/NIKL-korean-english-dictionary/resolve/3b4cfd2126debfd5440cade3ef6c2a3c20cf7cf9/2024_01.csv#record=29767,NIKL source band: advanced; project heuristic TOPIK 5: professional and social category; not an official per-grade list
ko-nikl-29858,공식적,,Taking official steps or using official methods. / Being stereotyped or using such methods.,noun,social life > social conditions,nikl-2024-mirror,https://huggingface.co/datasets/binjang/NIKL-korean-english-dictionary/resolve/3b4cfd2126debfd5440cade3ef6c2a3c20cf7cf9/2024_01.csv#record=29858,NIKL source band: advanced; project heuristic TOPIK 5: professional and social category; not an official per-grade list
ko-nikl-29916,공유,,Two or more people owning or experiencing the same thing.,noun,social life > social conditions,nikl-2024-mirror,https://huggingface.co/datasets/binjang/NIKL-korean-english-dictionary/resolve/3b4cfd2126debfd5440cade3ef6c2a3c20cf7cf9/2024_01.csv#record=29916,NIKL source band: advanced; project heuristic TOPIK 5: professional and social category; not an official per-grade list
ko-nikl-29920,공익,,For the good of all of society.,noun,social life > social conditions,nikl-2024-mirror,https://huggingface.co/datasets/binjang/NIKL-korean-english-dictionary/resolve/3b4cfd2126debfd5440cade3ef6c2a3c20cf7cf9/2024_01.csv#record=29920,NIKL source band: advanced; project heuristic TOPIK 5: professional and social category; not an official per-grade list
ko-nikl-29961,공정,,The state of being fair without bias in interests or losses.,noun,social life > social conditions,nikl-2024-mirror,https://huggingface.co/datasets/binjang/NIKL-korean-english-dictionary/resolve/3b4cfd2126debfd5440cade3ef6c2a3c20cf7cf9/2024_01.csv#record=29961,NIKL source band: advanced; project heuristic TOPIK 5: professional and social category; not an official per-grade list
ko-nikl-29972,공존,,"The state of two or more phenomena, properties or objects existing together. / The state of existing together and by doing so helping each other.",noun,social life > social conditions,nikl-2024-mirror,https://huggingface.co/datasets/binjang/NIKL-korean-english-dictionary/resolve/3b4cfd2126debfd5440cade3ef6c2a3c20cf7cf9/2024_01.csv#record=29972,NIKL source band: advanced; project heuristic TOPIK 5: professional and social category; not an official per-grade list
ko-nikl-29976,공중,,A majority of people in society. / The state of being used by many people in society.,noun,social life > social conditions,nikl-2024-mirror,https://huggingface.co/datasets/binjang/NIKL-korean-english-dictionary/resolve/3b4cfd2126debfd5440cade3ef6c2a3c20cf7cf9/2024_01.csv#record=29976,NIKL source band: advanced; project heuristic TOPIK 5: professional and social category; not an official per-grade list
ko-nikl-30015,공터,,"Empty land without houses, fields, etc.",noun,concepts > location and direction,nikl-2024-mirror,https://huggingface.co/datasets/binjang/NIKL-korean-english-dictionary/resolve/3b4cfd2126debfd5440cade3ef6c2a3c20cf7cf9/2024_01.csv#record=30015,NIKL source band: advanced; project heuristic TOPIK 5: professional and social category; not an official per-grade list
ko-nikl-30030,공평하다,,Treating people equally without preferring one to others.,descriptive verb,social life > social conditions,nikl-2024-mirror,https://huggingface.co/datasets/binjang/NIKL-korean-english-dictionary/resolve/3b4cfd2126debfd5440cade3ef6c2a3c20cf7cf9/2024_01.csv#record=30030,NIKL source band: advanced; project heuristic TOPIK 5: professional and social category; not an official per-grade list
ko-nikl-30032,공포,,"An act of announcing an established law, regulation, etc., to the public.",noun,people > emotions,nikl-2024-mirror,https://huggingface.co/datasets/binjang/NIKL-korean-english-dictionary/resolve/3b4cfd2126debfd5440cade3ef6c2a3c20cf7cf9/2024_01.csv#record=30032,NIKL source band: advanced; project heuristic TOPIK 5: professional and social category; not an official per-grade list
ko-nikl-30034,공포감,,A feeling or mood of being scared and afraid.,noun,people > emotions,nikl-2024-mirror,https://huggingface.co/datasets/binjang/NIKL-korean-english-dictionary/resolve/3b4cfd2126debfd5440cade3ef6c2a3c20cf7cf9/2024_01.csv#record=30034,NIKL source band: advanced; project heuristic TOPIK 5: professional and social category; not an official per-grade list
ko-nikl-30053,공허하다,,Being blank. / Being fruitless without results.,descriptive verb,people > emotions,nikl-2024-mirror,https://huggingface.co/datasets/binjang/NIKL-korean-english-dictionary/resolve/3b4cfd2126debfd5440cade3ef6c2a3c20cf7cf9/2024_01.csv#record=30053,NIKL source band: advanced; project heuristic TOPIK 5: professional and social category; not an official per-grade list
ko-nikl-30054,공헌,,The act of making an effort and playing a role in making something worthwhile.,noun,social life > social activities,nikl-2024-mirror,https://huggingface.co/datasets/binjang/NIKL-korean-english-dictionary/resolve/3b4cfd2126debfd5440cade3ef6c2a3c20cf7cf9/2024_01.csv#record=30054,NIKL source band: advanced; project heuristic TOPIK 5: professional and social category; not an official per-grade list
ko-nikl-30073,과감하다,,Making bold decisions and acting bravely.,descriptive verb,people > attitudes,nikl-2024-mirror,https://huggingface.co/datasets/binjang/NIKL-korean-english-dictionary/resolve/3b4cfd2126debfd5440cade3ef6c2a3c20cf7cf9/2024_01.csv#record=30073,NIKL source band: advanced; project heuristic TOPIK 5: professional and social category; not an official per-grade list
ko-nikl-30088,과격하다,,Excessively violent or aggressive.,descriptive verb,people > attitudes,nikl-2024-mirror,https://huggingface.co/datasets/binjang/NIKL-korean-english-dictionary/resolve/3b4cfd2126debfd5440cade3ef6c2a3c20cf7cf9/2024_01.csv#record=30088,NIKL source band: advanced; project heuristic TOPIK 5: professional and social category; not an official per-grade list
ko-nikl-30127,과민,,"Oversensitiveness of senses, feelings, or mood, etc.",noun,people > emotions,nikl-2024-mirror,https://huggingface.co/datasets/binjang/NIKL-korean-english-dictionary/resolve/3b4cfd2126debfd5440cade3ef6c2a3c20cf7cf9/2024_01.csv#record=30127,NIKL source band: advanced; project heuristic TOPIK 5: professional and social category; not an official per-grade list
ko-nikl-30133,과반수,,The number more than half.,noun,concepts > numbers,nikl-2024-mirror,https://huggingface.co/datasets/binjang/NIKL-korean-english-dictionary/resolve/3b4cfd2126debfd5440cade3ef6c2a3c20cf7cf9/2024_01.csv#record=30133,NIKL source band: advanced; project heuristic TOPIK 5: professional and social category; not an official per-grade list
ko-nikl-30135,과부,,A woman remaining unmarried after her husband's death.,noun,people > types of people,nikl-2024-mirror,https://huggingface.co/datasets/binjang/NIKL-korean-english-dictionary/resolve/3b4cfd2126debfd5440cade3ef6c2a3c20cf7cf9/2024_01.csv#record=30135,NIKL source band: advanced; project heuristic TOPIK 5: professional and social category; not an official per-grade list
ko-nikl-30166,과언,,Exaggerated statement.,noun,social life > communication tools,nikl-2024-mirror,https://huggingface.co/datasets/binjang/NIKL-korean-english-dictionary/resolve/3b4cfd2126debfd5440cade3ef6c2a3c20cf7cf9/2024_01.csv#record=30166,NIKL source band: advanced; project heuristic TOPIK 5: professional and social category; not an official per-grade list
ko-nikl-30181,과음,,The act of drinking too much alcohol.,noun,food > eating and cooking,nikl-2024-mirror,https://huggingface.co/datasets/binjang/NIKL-korean-english-dictionary/resolve/3b4cfd2126debfd5440cade3ef6c2a3c20cf7cf9/2024_01.csv#record=30181,NIKL source band: advanced; project heuristic TOPIK 5: professional and social category; not an official per-grade list
ko-nikl-30207,과정,,"Learning, academic work or research for a definite period of time.",noun,education > teaching and learning,nikl-2024-mirror,https://huggingface.co/datasets/binjang/NIKL-korean-english-dictionary/resolve/3b4cfd2126debfd5440cade3ef6c2a3c20cf7cf9/2024_01.csv#record=30207,NIKL source band: advanced; project heuristic TOPIK 5: professional and social category; not an official per-grade list
ko-nikl-30284,관대하다,,Understanding and accepting others.,descriptive verb,people > attitudes,nikl-2024-mirror,https://huggingface.co/datasets/binjang/NIKL-korean-english-dictionary/resolve/3b4cfd2126debfd5440cade3ef6c2a3c20cf7cf9/2024_01.csv#record=30284,NIKL source band: advanced; project heuristic TOPIK 5: professional and social category; not an official per-grade list
ko-nikl-30301,관련자,,A person who is particularly related to or involved with an event.,noun,social life > interpersonal relationships,nikl-2024-mirror,https://huggingface.co/datasets/binjang/NIKL-korean-english-dictionary/resolve/3b4cfd2126debfd5440cade3ef6c2a3c20cf7cf9/2024_01.csv#record=30301,NIKL source band: advanced; project heuristic TOPIK 5: professional and social category; not an official per-grade list
ko-nikl-30349,관세,,Tax imposed on imports that came through customs.,noun,economy > financial instruments,nikl-2024-mirror,https://huggingface.co/datasets/binjang/NIKL-korean-english-dictionary/resolve/3b4cfd2126debfd5440cade3ef6c2a3c20cf7cf9/2024_01.csv#record=30349,NIKL source band: advanced; project heuristic TOPIK 5: professional and social category; not an official per-grade list
ko-nikl-30367,관용,,"The capacity for generously forgiving or accepting another's mistakes, or a similar act of mercy.",noun,people > attitudes,nikl-2024-mirror,https://huggingface.co/datasets/binjang/NIKL-korean-english-dictionary/resolve/3b4cfd2126debfd5440cade3ef6c2a3c20cf7cf9/2024_01.csv#record=30367,NIKL source band: advanced; project heuristic TOPIK 5: professional and social category; not an official per-grade list
ko-nikl-30382,관절,,The connecting part where two bones meet.,noun,people > body parts,nikl-2024-mirror,https://huggingface.co/datasets/binjang/NIKL-korean-english-dictionary/resolve/3b4cfd2126debfd5440cade3ef6c2a3c20cf7cf9/2024_01.csv#record=30382,NIKL source band: advanced; project heuristic TOPIK 5: professional and social category; not an official per-grade list
ko-nikl-30393,관중,,People gathered to watch performances or sports games.,noun,culture > cultural participants,nikl-2024-mirror,https://huggingface.co/datasets/binjang/NIKL-korean-english-dictionary/resolve/3b4cfd2126debfd5440cade3ef6c2a3c20cf7cf9/2024_01.csv#record=30393,NIKL source band: advanced; project heuristic TOPIK 5: professional and social category; not an official per-grade list
ko-nikl-30395,관직,,"Duties that a government official or civil servant is responsible for, or the relevant administrative position.",noun,social life > job positions,nikl-2024-mirror,https://huggingface.co/datasets/binjang/NIKL-korean-english-dictionary/resolve/3b4cfd2126debfd5440cade3ef6c2a3c20cf7cf9/2024_01.csv#record=30395,NIKL source band: advanced; project heuristic TOPIK 5: professional and social category; not an official per-grade list
ko-nikl-30479,광범위하다,,A range being wide.,descriptive verb,concepts > shape,nikl-2024-mirror,https://huggingface.co/datasets/binjang/NIKL-korean-english-dictionary/resolve/3b4cfd2126debfd5440cade3ef6c2a3c20cf7cf9/2024_01.csv#record=30479,NIKL source band: advanced; project heuristic TOPIK 5: professional and social category; not an official per-grade list
ko-nikl-30486,광부,,A person whose job it is to dig minerals in mines.,noun,social life > occupations,nikl-2024-mirror,https://huggingface.co/datasets/binjang/NIKL-korean-english-dictionary/resolve/3b4cfd2126debfd5440cade3ef6c2a3c20cf7cf9/2024_01.csv#record=30486,NIKL source band: advanced; project heuristic TOPIK 5: professional and social category; not an official per-grade list
ko-nikl-30513,광장,,A large area downtown where many people gather. / An opportunity or a place where gather many people to communicate among themselves or work together.,noun,concepts > location and direction,nikl-2024-mirror,https://huggingface.co/datasets/binjang/NIKL-korean-english-dictionary/resolve/3b4cfd2126debfd5440cade3ef6c2a3c20cf7cf9/2024_01.csv#record=30513,NIKL source band: advanced; project heuristic TOPIK 5: professional and social category; not an official per-grade list
ko-nikl-30535,광활하다,,Very wide or spacious.,descriptive verb,concepts > shape,nikl-2024-mirror,https://huggingface.co/datasets/binjang/NIKL-korean-english-dictionary/resolve/3b4cfd2126debfd5440cade3ef6c2a3c20cf7cf9/2024_01.csv#record=30535,NIKL source band: advanced; project heuristic TOPIK 5: professional and social category; not an official per-grade list
ko-nikl-30598,교감,,Feelings or thoughts that are shared without being said aloud.,noun,social life > social activities,nikl-2024-mirror,https://huggingface.co/datasets/binjang/NIKL-korean-english-dictionary/resolve/3b4cfd2126debfd5440cade3ef6c2a3c20cf7cf9/2024_01.csv#record=30598,NIKL source band: advanced; project heuristic TOPIK 5: professional and social category; not an official per-grade list
ko-nikl-30622,교란,,The act of disturbing the order of a system or a person's mind to cause confusion.,noun,social life > social activities,nikl-2024-mirror,https://huggingface.co/datasets/binjang/NIKL-korean-english-dictionary/resolve/3b4cfd2126debfd5440cade3ef6c2a3c20cf7cf9/2024_01.csv#record=30622,NIKL source band: advanced; project heuristic TOPIK 5: professional and social category; not an official per-grade list
ko-nikl-30638,교무실,,An office where teachers prepare for their classes or do other school work.,noun,education > school facilities,nikl-2024-mirror,https://huggingface.co/datasets/binjang/NIKL-korean-english-dictionary/resolve/3b4cfd2126debfd5440cade3ef6c2a3c20cf7cf9/2024_01.csv#record=30638,NIKL source band: advanced; project heuristic TOPIK 5: professional and social category; not an official per-grade list
ko-nikl-30660,교섭,,People or groups with different opinions about an issue discussing and reaching a compromise.,noun,social life > social activities,nikl-2024-mirror,https://huggingface.co/datasets/binjang/NIKL-korean-english-dictionary/resolve/3b4cfd2126debfd5440cade3ef6c2a3c20cf7cf9/2024_01.csv#record=30660,NIKL source band: advanced; project heuristic TOPIK 5: professional and social category; not an official per-grade list
ko-nikl-30697,교원,,A person who teaches students in a school.,noun,education > teachers and learners,nikl-2024-mirror,https://huggingface.co/datasets/binjang/NIKL-korean-english-dictionary/resolve/3b4cfd2126debfd5440cade3ef6c2a3c20cf7cf9/2024_01.csv#record=30697,NIKL source band: advanced; project heuristic TOPIK 5: professional and social category; not an official per-grade list
ko-nikl-30744,교제,,An act of dating and having a close relationship. / The act of becoming acquainted with someone or having a close relationship for a specific purpose.,noun,social life > social activities,nikl-2024-mirror,https://huggingface.co/datasets/binjang/NIKL-korean-english-dictionary/resolve/3b4cfd2126debfd5440cade3ef6c2a3c20cf7cf9/2024_01.csv#record=30744,NIKL source band: advanced; project heuristic TOPIK 5: professional and social category; not an official per-grade list
ko-nikl-30813,교활하다,,Being cunning and sly.,descriptive verb,people > personality,nikl-2024-mirror,https://huggingface.co/datasets/binjang/NIKL-korean-english-dictionary/resolve/3b4cfd2126debfd5440cade3ef6c2a3c20cf7cf9/2024_01.csv#record=30813,NIKL source band: advanced; project heuristic TOPIK 5: professional and social category; not an official per-grade list
ko-nikl-30827,구,,"A three-dimensional, ball-shaped object, or such shape.",noun,concepts > shape,nikl-2024-mirror,https://huggingface.co/datasets/binjang/NIKL-korean-english-dictionary/resolve/3b4cfd2126debfd5440cade3ef6c2a3c20cf7cf9/2024_01.csv#record=30827,NIKL source band: advanced; project heuristic TOPIK 5: professional and social category; not an official per-grade list
ko-nikl-30835,구간,,The distance between one place and another.,noun,concepts > location and direction,nikl-2024-mirror,https://huggingface.co/datasets/binjang/NIKL-korean-english-dictionary/resolve/3b4cfd2126debfd5440cade3ef6c2a3c20cf7cf9/2024_01.csv#record=30835,NIKL source band: advanced; project heuristic TOPIK 5: professional and social category; not an official per-grade list
ko-nikl-30839,구걸,,"The act of asking others for money, food, stuff, etc., for free and without any cost to oneself. / The act of pleading with others to do a certain kind of work or take a certain kind of action.",noun,social life > social activities,nikl-2024-mirror,https://huggingface.co/datasets/binjang/NIKL-korean-english-dictionary/resolve/3b4cfd2126debfd5440cade3ef6c2a3c20cf7cf9/2024_01.csv#record=30839,NIKL source band: advanced; project heuristic TOPIK 5: professional and social category; not an official per-grade list
ko-nikl-30841,구겨지다,,To become creased. / To become displeased or upset.,verb,concepts > shape,nikl-2024-mirror,https://huggingface.co/datasets/binjang/NIKL-korean-english-dictionary/resolve/3b4cfd2126debfd5440cade3ef6c2a3c20cf7cf9/2024_01.csv#record=30841,NIKL source band: advanced; project heuristic TOPIK 5: professional and social category; not an official per-grade list
ko-nikl-30845,구경꾼,,"A person who looks at a person, object, or watches an incident, etc.",noun,culture > cultural participants,nikl-2024-mirror,https://huggingface.co/datasets/binjang/NIKL-korean-english-dictionary/resolve/3b4cfd2126debfd5440cade3ef6c2a3c20cf7cf9/2024_01.csv#record=30845,NIKL source band: advanced; project heuristic TOPIK 5: professional and social category; not an official per-grade list
ko-nikl-30871,구급차,,A vehicle to carry a patient or the injured in a critical condition quickly to the hospital.,noun,social life > transport,nikl-2024-mirror,https://huggingface.co/datasets/binjang/NIKL-korean-english-dictionary/resolve/3b4cfd2126debfd5440cade3ef6c2a3c20cf7cf9/2024_01.csv#record=30871,NIKL source band: advanced; project heuristic TOPIK 5: professional and social category; not an official per-grade list
ko-nikl-30886,구내식당,,"A cafeteria inside a big building or facility such as a company, hospital, station.",noun,education > school facilities,nikl-2024-mirror,https://huggingface.co/datasets/binjang/NIKL-korean-english-dictionary/resolve/3b4cfd2126debfd5440cade3ef6c2a3c20cf7cf9/2024_01.csv#record=30886,NIKL source band: advanced; project heuristic TOPIK 5: professional and social category; not an official per-grade list
ko-nikl-30905,구두쇠,,A person who is frugal and does not spend very much of his/her money or wealth.,noun,economy > economic conditions,nikl-2024-mirror,https://huggingface.co/datasets/binjang/NIKL-korean-english-dictionary/resolve/3b4cfd2126debfd5440cade3ef6c2a3c20cf7cf9/2024_01.csv#record=30905,NIKL source band: advanced; project heuristic TOPIK 5: professional and social category; not an official per-grade list
ko-nikl-30951,구매자,,A person or group that buys goods.,noun,economy > economic actors,nikl-2024-mirror,https://huggingface.co/datasets/binjang/NIKL-korean-english-dictionary/resolve/3b4cfd2126debfd5440cade3ef6c2a3c20cf7cf9/2024_01.csv#record=30951,NIKL source band: advanced; project heuristic TOPIK 5: professional and social category; not an official per-grade list
ko-nikl-30974,구박,,The act of severely abusing to such a degree that it is hard to bear.,noun,social life > social activities,nikl-2024-mirror,https://huggingface.co/datasets/binjang/NIKL-korean-english-dictionary/resolve/3b4cfd2126debfd5440cade3ef6c2a3c20cf7cf9/2024_01.csv#record=30974,NIKL source band: advanced; project heuristic TOPIK 5: professional and social category; not an official per-grade list
ko-nikl-31021,구석구석,,Every nook and cranny.,noun,concepts > location and direction,nikl-2024-mirror,https://huggingface.co/datasets/binjang/NIKL-korean-english-dictionary/resolve/3b4cfd2126debfd5440cade3ef6c2a3c20cf7cf9/2024_01.csv#record=31021,NIKL source band: advanced; project heuristic TOPIK 5: professional and social category; not an official per-grade list
ko-nikl-31050,구슬,,"A round object made of a jewel, glass, etc. / A round object made of glass, china, etc.",noun,clothing and appearance > hats shoes and accessories,nikl-2024-mirror,https://huggingface.co/datasets/binjang/NIKL-korean-english-dictionary/resolve/3b4cfd2126debfd5440cade3ef6c2a3c20cf7cf9/2024_01.csv#record=31050,NIKL source band: advanced; project heuristic TOPIK 5: professional and social category; not an official per-grade list
ko-nikl-31097,구원,,"The act of saving individuals, groups, etc., from a difficult situation or danger. / In Christianity, the act of saving people from their sins and death.",noun,social life > social activities,nikl-2024-mirror,https://huggingface.co/datasets/binjang/NIKL-korean-english-dictionary/resolve/3b4cfd2126debfd5440cade3ef6c2a3c20cf7cf9/2024_01.csv#record=31097,NIKL source band: advanced; project heuristic TOPIK 5: professional and social category; not an official per-grade list
ko-nikl-31105,구인,,Seeking a person for a job or position.,noun,economy > economic activities,nikl-2024-mirror,https://huggingface.co/datasets/binjang/NIKL-korean-english-dictionary/resolve/3b4cfd2126debfd5440cade3ef6c2a3c20cf7cf9/2024_01.csv#record=31105,NIKL source band: advanced; project heuristic TOPIK 5: professional and social category; not an official per-grade list
ko-nikl-31118,구절,,A small part of a speech or piece of writing,noun,social life > communication tools,nikl-2024-mirror,https://huggingface.co/datasets/binjang/NIKL-korean-english-dictionary/resolve/3b4cfd2126debfd5440cade3ef6c2a3c20cf7cf9/2024_01.csv#record=31118,NIKL source band: advanced; project heuristic TOPIK 5: professional and social category; not an official per-grade list
ko-nikl-31125,구제,,The act of helping a person in a difficult situation.,noun,social life > social activities,nikl-2024-mirror,https://huggingface.co/datasets/binjang/NIKL-korean-english-dictionary/resolve/3b4cfd2126debfd5440cade3ef6c2a3c20cf7cf9/2024_01.csv#record=31125,NIKL source band: advanced; project heuristic TOPIK 5: professional and social category; not an official per-grade list
ko-nikl-31152,구직,,Looking for a job or position.,noun,economy > economic activities,nikl-2024-mirror,https://huggingface.co/datasets/binjang/NIKL-korean-english-dictionary/resolve/3b4cfd2126debfd5440cade3ef6c2a3c20cf7cf9/2024_01.csv#record=31152,NIKL source band: advanced; project heuristic TOPIK 5: professional and social category; not an official per-grade list
ko-nikl-31153,구직난,,"The quality of having difficulty in finding work, or such a state.",noun,economy > economic conditions,nikl-2024-mirror,https://huggingface.co/datasets/binjang/NIKL-korean-english-dictionary/resolve/3b4cfd2126debfd5440cade3ef6c2a3c20cf7cf9/2024_01.csv#record=31153,NIKL source band: advanced; project heuristic TOPIK 5: professional and social category; not an official per-grade list
ko-nikl-31154,구직자,,A person who is looking for a job.,noun,economy > economic actors,nikl-2024-mirror,https://huggingface.co/datasets/binjang/NIKL-korean-english-dictionary/resolve/3b4cfd2126debfd5440cade3ef6c2a3c20cf7cf9/2024_01.csv#record=31154,NIKL source band: advanced; project heuristic TOPIK 5: professional and social category; not an official per-grade list
ko-nikl-31176,구출,,Saving someone from danger.,noun,social life > social activities,nikl-2024-mirror,https://huggingface.co/datasets/binjang/NIKL-korean-english-dictionary/resolve/3b4cfd2126debfd5440cade3ef6c2a3c20cf7cf9/2024_01.csv#record=31176,NIKL source band: advanced; project heuristic TOPIK 5: professional and social category; not an official per-grade list
ko-nikl-31187,구토,,Throwing up what one ate.,noun,daily life > illness and symptoms,nikl-2024-mirror,https://huggingface.co/datasets/binjang/NIKL-korean-english-dictionary/resolve/3b4cfd2126debfd5440cade3ef6c2a3c20cf7cf9/2024_01.csv#record=31187,NIKL source band: advanced; project heuristic TOPIK 5: professional and social category; not an official per-grade list
ko-nikl-31203,구호,,"A short speech or written phrase expressing one's demand, claim, thought, etc.",noun,social life > communication tools,nikl-2024-mirror,https://huggingface.co/datasets/binjang/NIKL-korean-english-dictionary/resolve/3b4cfd2126debfd5440cade3ef6c2a3c20cf7cf9/2024_01.csv#record=31203,NIKL source band: advanced; project heuristic TOPIK 5: professional and social category; not an official per-grade list
ko-nikl-31204,구호,,The act of helping and protecting the victims of a disaster or calamity. / The act of looking after the sick or injured.,noun,social life > social activities,nikl-2024-mirror,https://huggingface.co/datasets/binjang/NIKL-korean-english-dictionary/resolve/3b4cfd2126debfd5440cade3ef6c2a3c20cf7cf9/2024_01.csv#record=31204,NIKL source band: advanced; project heuristic TOPIK 5: professional and social category; not an official per-grade list
ko-nikl-31235,국고,,Government money.,noun,economy > financial instruments,nikl-2024-mirror,https://huggingface.co/datasets/binjang/NIKL-korean-english-dictionary/resolve/3b4cfd2126debfd5440cade3ef6c2a3c20cf7cf9/2024_01.csv#record=31235,NIKL source band: advanced; project heuristic TOPIK 5: professional and social category; not an official per-grade list
ko-nikl-31255,국도,,Major roads directly managed by the government.,noun,social life > transport facilities,nikl-2024-mirror,https://huggingface.co/datasets/binjang/NIKL-korean-english-dictionary/resolve/3b4cfd2126debfd5440cade3ef6c2a3c20cf7cf9/2024_01.csv#record=31255,NIKL source band: advanced; project heuristic TOPIK 5: professional and social category; not an official per-grade list
ko-nikl-31304,국비,,Expenses paid out of the national budget.,noun,economy > financial instruments,nikl-2024-mirror,https://huggingface.co/datasets/binjang/NIKL-korean-english-dictionary/resolve/3b4cfd2126debfd5440cade3ef6c2a3c20cf7cf9/2024_01.csv#record=31304,NIKL source band: advanced; project heuristic TOPIK 5: professional and social category; not an official per-grade list
ko-nikl-31345,국익,,The benefit of a nation.,noun,economy > economic conditions,nikl-2024-mirror,https://huggingface.co/datasets/binjang/NIKL-korean-english-dictionary/resolve/3b4cfd2126debfd5440cade3ef6c2a3c20cf7cf9/2024_01.csv#record=31345,NIKL source band: advanced; project heuristic TOPIK 5: professional and social category; not an official per-grade list
ko-nikl-31347,국장,,"The position that supervises or manages a department of an institution or organization, or the person of such a position.",noun,social life > job positions,nikl-2024-mirror,https://huggingface.co/datasets/binjang/NIKL-korean-english-dictionary/resolve/3b4cfd2126debfd5440cade3ef6c2a3c20cf7cf9/2024_01.csv#record=31347,NIKL source band: advanced; project heuristic TOPIK 5: professional and social category; not an official per-grade list
ko-nikl-31426,군데군데,,Many places here and there.,noun,concepts > location and direction,nikl-2024-mirror,https://huggingface.co/datasets/binjang/NIKL-korean-english-dictionary/resolve/3b4cfd2126debfd5440cade3ef6c2a3c20cf7cf9/2024_01.csv#record=31426,NIKL source band: advanced; project heuristic TOPIK 5: professional and social category; not an official per-grade list
ko-nikl-31439,군밤,,A chestnut roasted on a fire.,noun,food > dishes,nikl-2024-mirror,https://huggingface.co/datasets/binjang/NIKL-korean-english-dictionary/resolve/3b4cfd2126debfd5440cade3ef6c2a3c20cf7cf9/2024_01.csv#record=31439,NIKL source band: advanced; project heuristic TOPIK 5: professional and social category; not an official per-grade list
ko-nikl-31521,굴곡,,"Nooks and crannies of a twisted area. / In life or at work, good and bad happening alternately.",noun,concepts > shape,nikl-2024-mirror,https://huggingface.co/datasets/binjang/NIKL-korean-english-dictionary/resolve/3b4cfd2126debfd5440cade3ef6c2a3c20cf7cf9/2024_01.csv#record=31521,NIKL source band: advanced; project heuristic TOPIK 5: professional and social category; not an official per-grade list
ko-nikl-31524,굴뚝,,"A pipe above a house or building, which allows the smoke out when stoking up fire.",noun,housing > parts of a home,nikl-2024-mirror,https://huggingface.co/datasets/binjang/NIKL-korean-english-dictionary/resolve/3b4cfd2126debfd5440cade3ef6c2a3c20cf7cf9/2024_01.csv#record=31524,NIKL source band: advanced; project heuristic TOPIK 5: professional and social category; not an official per-grade list
ko-nikl-31571,굶주리다,,To live on a poor diet for a long time. / To feel dissatisfied when a person cannot get something that he/she wants or when he/she cannot have it enough.,verb,daily life > life circumstances,nikl-2024-mirror,https://huggingface.co/datasets/binjang/NIKL-korean-english-dictionary/resolve/3b4cfd2126debfd5440cade3ef6c2a3c20cf7cf9/2024_01.csv#record=31571,NIKL source band: advanced; project heuristic TOPIK 5: professional and social category; not an official per-grade list
ko-nikl-31572,굶주림,,The state of not being able to eat properly for a long time.,noun,daily life > life circumstances,nikl-2024-mirror,https://huggingface.co/datasets/binjang/NIKL-korean-english-dictionary/resolve/3b4cfd2126debfd5440cade3ef6c2a3c20cf7cf9/2024_01.csv#record=31572,NIKL source band: advanced; project heuristic TOPIK 5: professional and social category; not an official per-grade list
ko-nikl-31651,권고,,"The act of suggesting while asking for agreement to do something, or such a suggestion.",noun,social life > social activities,nikl-2024-mirror,https://huggingface.co/datasets/binjang/NIKL-korean-english-dictionary/resolve/3b4cfd2126debfd5440cade3ef6c2a3c20cf7cf9/2024_01.csv#record=31651,NIKL source band: advanced; project heuristic TOPIK 5: professional and social category; not an official per-grade list
ko-nikl-31681,권장,,The act of advising and encouraging someone to do something.,noun,social life > social activities,nikl-2024-mirror,https://huggingface.co/datasets/binjang/NIKL-korean-english-dictionary/resolve/3b4cfd2126debfd5440cade3ef6c2a3c20cf7cf9/2024_01.csv#record=31681,NIKL source band: advanced; project heuristic TOPIK 5: professional and social category; not an official per-grade list
ko-nikl-31686,권태,,The state of losing interest in something or a relationship and being tired of it.,noun,people > emotions,nikl-2024-mirror,https://huggingface.co/datasets/binjang/NIKL-korean-english-dictionary/resolve/3b4cfd2126debfd5440cade3ef6c2a3c20cf7cf9/2024_01.csv#record=31686,NIKL source band: advanced; project heuristic TOPIK 5: professional and social category; not an official per-grade list
ko-nikl-31698,궤도,,A designated route through which an object moves. / A process in which work is conducted in a normal fashion.,noun,concepts > location and direction,nikl-2024-mirror,https://huggingface.co/datasets/binjang/NIKL-korean-english-dictionary/resolve/3b4cfd2126debfd5440cade3ef6c2a3c20cf7cf9/2024_01.csv#record=31698,NIKL source band: advanced; project heuristic TOPIK 5: professional and social category; not an official per-grade list
ko-nikl-31809,귀족,,"The class of high social status or ranking, or a person that belongs to such a class.",noun,social life > job positions,nikl-2024-mirror,https://huggingface.co/datasets/binjang/NIKL-korean-english-dictionary/resolve/3b4cfd2126debfd5440cade3ef6c2a3c20cf7cf9/2024_01.csv#record=31809,NIKL source band: advanced; project heuristic TOPIK 5: professional and social category; not an official per-grade list
ko-nikl-31934,그간,,A very short period of time between a past event and another event.,noun,concepts > demonstratives,nikl-2024-mirror,https://huggingface.co/datasets/binjang/NIKL-korean-english-dictionary/resolve/3b4cfd2126debfd5440cade3ef6c2a3c20cf7cf9/2024_01.csv#record=31934,NIKL source band: advanced; project heuristic TOPIK 5: professional and social category; not an official per-grade list
ko-nikl-32165,극단적,,One's mind or action's leaning completely toward one side. / A stage in which a situation or state is hard to be sustained or progress any further.,noun,people > personality,nikl-2024-mirror,https://huggingface.co/datasets/binjang/NIKL-korean-english-dictionary/resolve/3b4cfd2126debfd5440cade3ef6c2a3c20cf7cf9/2024_01.csv#record=32165,NIKL source band: advanced; project heuristic TOPIK 5: professional and social category; not an official per-grade list
ko-nikl-32202,극소수,,A very small number.,noun,concepts > numbers,nikl-2024-mirror,https://huggingface.co/datasets/binjang/NIKL-korean-english-dictionary/resolve/3b4cfd2126debfd5440cade3ef6c2a3c20cf7cf9/2024_01.csv#record=32202,NIKL source band: advanced; project heuristic TOPIK 5: professional and social category; not an official per-grade list
ko-nikl-32271,근력,,Muscle power. / The physical power enabling a person to work.,noun,people > physical condition,nikl-2024-mirror,https://huggingface.co/datasets/binjang/NIKL-korean-english-dictionary/resolve/3b4cfd2126debfd5440cade3ef6c2a3c20cf7cf9/2024_01.csv#record=32271,NIKL source band: advanced; project heuristic TOPIK 5: professional and social category; not an official per-grade list
ko-nikl-32291,근사하다,,Being almost the same. / Being nice and looking good.,descriptive verb,concepts > shape,nikl-2024-mirror,https://huggingface.co/datasets/binjang/NIKL-korean-english-dictionary/resolve/3b4cfd2126debfd5440cade3ef6c2a3c20cf7cf9/2024_01.csv#record=32291,NIKL source band: advanced; project heuristic TOPIK 5: professional and social category; not an official per-grade list
ko-nikl-32389,금,,A mark formed when one folds or draws something. / A fine trace forming from a crack.,noun,concepts > shape,nikl-2024-mirror,https://huggingface.co/datasets/binjang/NIKL-korean-english-dictionary/resolve/3b4cfd2126debfd5440cade3ef6c2a3c20cf7cf9/2024_01.csv#record=32389,NIKL source band: advanced; project heuristic TOPIK 5: professional and social category; not an official per-grade list
ko-nikl-32424,금리,,"Interest that is added to money borrowed from or deposited to a financial institution, or its rate",noun,economy > financial instruments,nikl-2024-mirror,https://huggingface.co/datasets/binjang/NIKL-korean-english-dictionary/resolve/3b4cfd2126debfd5440cade3ef6c2a3c20cf7cf9/2024_01.csv#record=32424,NIKL source band: advanced; project heuristic TOPIK 5: professional and social category; not an official per-grade list
ko-nikl-32490,금전,,A coin made of gold. / Money given and taken for doing a certain thing or selling and buying an object.,noun,economy > financial instruments,nikl-2024-mirror,https://huggingface.co/datasets/binjang/NIKL-korean-english-dictionary/resolve/3b4cfd2126debfd5440cade3ef6c2a3c20cf7cf9/2024_01.csv#record=32490,NIKL source band: advanced; project heuristic TOPIK 5: professional and social category; not an official per-grade list
ko-nikl-32529,급등,,"Quick increase in the price of goods, stocks, etc.",noun,economy > economic conditions,nikl-2024-mirror,https://huggingface.co/datasets/binjang/NIKL-korean-english-dictionary/resolve/3b4cfd2126debfd5440cade3ef6c2a3c20cf7cf9/2024_01.csv#record=32529,NIKL source band: advanced; project heuristic TOPIK 5: professional and social category; not an official per-grade list
ko-nikl-32532,급락,,"Rapid drop in the price of goods, stocks etc.",noun,economy > economic conditions,nikl-2024-mirror,https://huggingface.co/datasets/binjang/NIKL-korean-english-dictionary/resolve/3b4cfd2126debfd5440cade3ef6c2a3c20cf7cf9/2024_01.csv#record=32532,NIKL source band: advanced; project heuristic TOPIK 5: professional and social category; not an official per-grade list
ko-nikl-32541,급변,,Sudden change in a situation or state.,noun,concepts > shape,nikl-2024-mirror,https://huggingface.co/datasets/binjang/NIKL-korean-english-dictionary/resolve/3b4cfd2126debfd5440cade3ef6c2a3c20cf7cf9/2024_01.csv#record=32541,NIKL source band: advanced; project heuristic TOPIK 5: professional and social category; not an official per-grade list
ko-nikl-32552,급상승,,"The state of the temperature, price, proportion, etc., suddenly rising quickly. / The act of a plane, helicopter, etc., suddenly ascending.",noun,economy > economic conditions,nikl-2024-mirror,https://huggingface.co/datasets/binjang/NIKL-korean-english-dictionary/resolve/3b4cfd2126debfd5440cade3ef6c2a3c20cf7cf9/2024_01.csv#record=32552,NIKL source band: advanced; project heuristic TOPIK 5: professional and social category; not an official per-grade list
ko-nikl-32558,급성,,Properties of a disease of which the symptoms appear suddenly and develop rapidly.,noun,concepts > speed,nikl-2024-mirror,https://huggingface.co/datasets/binjang/NIKL-korean-english-dictionary/resolve/3b4cfd2126debfd5440cade3ef6c2a3c20cf7cf9/2024_01.csv#record=32558,NIKL source band: advanced; project heuristic TOPIK 5: professional and social category; not an official per-grade list
ko-nikl-32563,급속,,The state of being very fast.,noun,concepts > speed,nikl-2024-mirror,https://huggingface.co/datasets/binjang/NIKL-korean-english-dictionary/resolve/3b4cfd2126debfd5440cade3ef6c2a3c20cf7cf9/2024_01.csv#record=32563,NIKL source band: advanced; project heuristic TOPIK 5: professional and social category; not an official per-grade list
ko-nikl-32564,급속도,,Very fast speed.,noun,concepts > speed,nikl-2024-mirror,https://huggingface.co/datasets/binjang/NIKL-korean-english-dictionary/resolve/3b4cfd2126debfd5440cade3ef6c2a3c20cf7cf9/2024_01.csv#record=32564,NIKL source band: advanced; project heuristic TOPIK 5: professional and social category; not an official per-grade list
ko-nikl-32574,급식,,"The act of providing food to certain recipients at an institution, or such a meal.",noun,food > dishes,nikl-2024-mirror,https://huggingface.co/datasets/binjang/NIKL-korean-english-dictionary/resolve/3b4cfd2126debfd5440cade3ef6c2a3c20cf7cf9/2024_01.csv#record=32574,NIKL source band: advanced; project heuristic TOPIK 5: professional and social category; not an official per-grade list
ko-nikl-32578,급여,,Money received in return for work.,noun,economy > financial instruments,nikl-2024-mirror,https://huggingface.co/datasets/binjang/NIKL-korean-english-dictionary/resolve/3b4cfd2126debfd5440cade3ef6c2a3c20cf7cf9/2024_01.csv#record=32578,NIKL source band: advanced; project heuristic TOPIK 5: professional and social category; not an official per-grade list
ko-nikl-32623,긍정,,Recognizing that a certain fact or idea is correct or right.,noun,people > attitudes,nikl-2024-mirror,https://huggingface.co/datasets/binjang/NIKL-korean-english-dictionary/resolve/3b4cfd2126debfd5440cade3ef6c2a3c20cf7cf9/2024_01.csv#record=32623,NIKL source band: advanced; project heuristic TOPIK 5: professional and social category; not an official per-grade list
ko-nikl-32628,긍지,,The state of feeling honorable and proud of oneself.,noun,people > abilities,nikl-2024-mirror,https://huggingface.co/datasets/binjang/NIKL-korean-english-dictionary/resolve/3b4cfd2126debfd5440cade3ef6c2a3c20cf7cf9/2024_01.csv#record=32628,NIKL source band: advanced; project heuristic TOPIK 5: professional and social category; not an official per-grade list
ko-nikl-32630,기,,The force that acts as the basis for doing something. / Mental power existing in one's body.,noun,people > abilities,nikl-2024-mirror,https://huggingface.co/datasets/binjang/NIKL-korean-english-dictionary/resolve/3b4cfd2126debfd5440cade3ef6c2a3c20cf7cf9/2024_01.csv#record=32630,NIKL source band: advanced; project heuristic TOPIK 5: professional and social category; not an official per-grade list
ko-nikl-32709,기금,,"Money collected to be used for a business, event, public purpose, etc.",noun,economy > financial instruments,nikl-2024-mirror,https://huggingface.co/datasets/binjang/NIKL-korean-english-dictionary/resolve/3b4cfd2126debfd5440cade3ef6c2a3c20cf7cf9/2024_01.csv#record=32709,NIKL source band: advanced; project heuristic TOPIK 5: professional and social category; not an official per-grade list
ko-nikl-32710,기기,,"A word referring collectively to machines, equipment, etc.",noun,housing > household goods,nikl-2024-mirror,https://huggingface.co/datasets/binjang/NIKL-korean-english-dictionary/resolve/3b4cfd2126debfd5440cade3ef6c2a3c20cf7cf9/2024_01.csv#record=32710,NIKL source band: advanced; project heuristic TOPIK 5: professional and social category; not an official per-grade list
ko-nikl-32737,기념회,,A meeting held to commemorate an event.,noun,social life > social events,nikl-2024-mirror,https://huggingface.co/datasets/binjang/NIKL-korean-english-dictionary/resolve/3b4cfd2126debfd5440cade3ef6c2a3c20cf7cf9/2024_01.csv#record=32737,NIKL source band: advanced; project heuristic TOPIK 5: professional and social category; not an official per-grade list
ko-nikl-32753,기대감,,The act or state of hoping and waiting for something to be realized.,noun,people > emotions,nikl-2024-mirror,https://huggingface.co/datasets/binjang/NIKL-korean-english-dictionary/resolve/3b4cfd2126debfd5440cade3ef6c2a3c20cf7cf9/2024_01.csv#record=32753,NIKL source band: advanced; project heuristic TOPIK 5: professional and social category; not an official per-grade list
ko-nikl-32784,기량,,Technical talent or knack.,noun,people > abilities,nikl-2024-mirror,https://huggingface.co/datasets/binjang/NIKL-korean-english-dictionary/resolve/3b4cfd2126debfd5440cade3ef6c2a3c20cf7cf9/2024_01.csv#record=32784,NIKL source band: advanced; project heuristic TOPIK 5: professional and social category; not an official per-grade list
ko-nikl-32786,기력,,Mental and physical strength to move.,noun,people > abilities,nikl-2024-mirror,https://huggingface.co/datasets/binjang/NIKL-korean-english-dictionary/resolve/3b4cfd2126debfd5440cade3ef6c2a3c20cf7cf9/2024_01.csv#record=32786,NIKL source band: advanced; project heuristic TOPIK 5: professional and social category; not an official per-grade list
ko-nikl-32813,기름지다,,Greasy food. / A person or animal being fat or looking greasy. / A leaf or branch of a plant looking fresh and glossy. / Having a lot of nutrients in the land.,descriptive verb,food > tastes,nikl-2024-mirror,https://huggingface.co/datasets/binjang/NIKL-korean-english-dictionary/resolve/3b4cfd2126debfd5440cade3ef6c2a3c20cf7cf9/2024_01.csv#record=32813,NIKL source band: advanced; project heuristic TOPIK 5: professional and social category; not an official per-grade list
ko-nikl-32818,기린,,An animal with two short horns on both sides of the forehead whose neck and legs are very long. / An imaginary and mysterious animal in the Orient which is said to appear when a saint is born in the real world.,noun,plants and animals > animals,nikl-2024-mirror,https://huggingface.co/datasets/binjang/NIKL-korean-english-dictionary/resolve/3b4cfd2126debfd5440cade3ef6c2a3c20cf7cf9/2024_01.csv#record=32818,NIKL source band: advanced; project heuristic TOPIK 5: professional and social category; not an official per-grade list
ko-nikl-32824,기막히다,,"Something being surprising or unpleasant, making someone dumbfounded. / The state or extent of something being unspeakably great.",descriptive verb,people > emotions,nikl-2024-mirror,https://huggingface.co/datasets/binjang/NIKL-korean-english-dictionary/resolve/3b4cfd2126debfd5440cade3ef6c2a3c20cf7cf9/2024_01.csv#record=32824,NIKL source band: advanced; project heuristic TOPIK 5: professional and social category; not an official per-grade list
ko-nikl-32825,기만,,The act of deceiving someone.,noun,people > attitudes,nikl-2024-mirror,https://huggingface.co/datasets/binjang/NIKL-korean-english-dictionary/resolve/3b4cfd2126debfd5440cade3ef6c2a3c20cf7cf9/2024_01.csv#record=32825,NIKL source band: advanced; project heuristic TOPIK 5: professional and social category; not an official per-grade list
ko-nikl-32828,기말,,The end of a period or semester.,noun,concepts > time,nikl-2024-mirror,https://huggingface.co/datasets/binjang/NIKL-korean-english-dictionary/resolve/3b4cfd2126debfd5440cade3ef6c2a3c20cf7cf9/2024_01.csv#record=32828,NIKL source band: advanced; project heuristic TOPIK 5: professional and social category; not an official per-grade list
ko-nikl-32839,기발하다,,Witty and surprisingly brilliant.,descriptive verb,people > abilities,nikl-2024-mirror,https://huggingface.co/datasets/binjang/NIKL-korean-english-dictionary/resolve/3b4cfd2126debfd5440cade3ef6c2a3c20cf7cf9/2024_01.csv#record=32839,NIKL source band: advanced; project heuristic TOPIK 5: professional and social category; not an official per-grade list
ko-nikl-32861,기부금,,"Money or property given away to help a person, institution, group, etc.",noun,economy > financial instruments,nikl-2024-mirror,https://huggingface.co/datasets/binjang/NIKL-korean-english-dictionary/resolve/3b4cfd2126debfd5440cade3ef6c2a3c20cf7cf9/2024_01.csv#record=32861,NIKL source band: advanced; project heuristic TOPIK 5: professional and social category; not an official per-grade list
ko-nikl-32893,기색,,One's thoughts or feelings expressed on one's face or by one's behavior. / General atmosphere or a sense of things by which it is possible to predict future behavior or phenomena.,noun,people > appearance,nikl-2024-mirror,https://huggingface.co/datasets/binjang/NIKL-korean-english-dictionary/resolve/3b4cfd2126debfd5440cade3ef6c2a3c20cf7cf9/2024_01.csv#record=32893,NIKL source band: advanced; project heuristic TOPIK 5: professional and social category; not an official per-grade list
ko-nikl-32905,기세,,The vigor or vitality which extends strongly. / The vigor or an attitude that influences on others.,noun,people > abilities,nikl-2024-mirror,https://huggingface.co/datasets/binjang/NIKL-korean-english-dictionary/resolve/3b4cfd2126debfd5440cade3ef6c2a3c20cf7cf9/2024_01.csv#record=32905,NIKL source band: advanced; project heuristic TOPIK 5: professional and social category; not an official per-grade list
ko-nikl-32949,기약,,"The act of making a promise to meet on a certain day, or such a promise.",noun,social life > social activities,nikl-2024-mirror,https://huggingface.co/datasets/binjang/NIKL-korean-english-dictionary/resolve/3b4cfd2126debfd5440cade3ef6c2a3c20cf7cf9/2024_01.csv#record=32949,NIKL source band: advanced; project heuristic TOPIK 5: professional and social category; not an official per-grade list
ko-nikl-32953,기어가다,,"To go somewhere by crawling. / For a car, etc., to go very slowly.",verb,people > physical actions,nikl-2024-mirror,https://huggingface.co/datasets/binjang/NIKL-korean-english-dictionary/resolve/3b4cfd2126debfd5440cade3ef6c2a3c20cf7cf9/2024_01.csv#record=32953,NIKL source band: advanced; project heuristic TOPIK 5: professional and social category; not an official per-grade list
ko-nikl-32956,기어오르다,,To go up a steep or high place as if crawling with one's body bent. / To climb with difficulty a place that is tough to climb. / (slang) To behave rudely towards one's elder without keeping one's manners.,verb,people > physical actions,nikl-2024-mirror,https://huggingface.co/datasets/binjang/NIKL-korean-english-dictionary/resolve/3b4cfd2126debfd5440cade3ef6c2a3c20cf7cf9/2024_01.csv#record=32956,NIKL source band: advanced; project heuristic TOPIK 5: professional and social category; not an official per-grade list
ko-nikl-32990,기와집,,"A house of which the roof is covered with wide and flat objects that are made from materials such as clay, cement, metal, etc.",noun,housing > building types,nikl-2024-mirror,https://huggingface.co/datasets/binjang/NIKL-korean-english-dictionary/resolve/3b4cfd2126debfd5440cade3ef6c2a3c20cf7cf9/2024_01.csv#record=32990,NIKL source band: advanced; project heuristic TOPIK 5: professional and social category; not an official per-grade list
ko-nikl-33016,기웃거리다,,To tilt one's head or body this way and that way to see or find something.,verb,people > physical actions,nikl-2024-mirror,https://huggingface.co/datasets/binjang/NIKL-korean-english-dictionary/resolve/3b4cfd2126debfd5440cade3ef6c2a3c20cf7cf9/2024_01.csv#record=33016,NIKL source band: advanced; project heuristic TOPIK 5: professional and social category; not an official per-grade list
ko-nikl-33027,기원전,,"On a calendar, the time before the year when Jesus Christ was born.",noun,concepts > time,nikl-2024-mirror,https://huggingface.co/datasets/binjang/NIKL-korean-english-dictionary/resolve/3b4cfd2126debfd5440cade3ef6c2a3c20cf7cf9/2024_01.csv#record=33027,NIKL source band: advanced; project heuristic TOPIK 5: professional and social category; not an official per-grade list
ko-nikl-33030,기원후,,"On a calendar, the time after the year when Christ was born.",noun,concepts > time,nikl-2024-mirror,https://huggingface.co/datasets/binjang/NIKL-korean-english-dictionary/resolve/3b4cfd2126debfd5440cade3ef6c2a3c20cf7cf9/2024_01.csv#record=33030,NIKL source band: advanced; project heuristic TOPIK 5: professional and social category; not an official per-grade list
ko-nikl-33033,기이하다,,Being very unusual and strange.,descriptive verb,concepts > shape,nikl-2024-mirror,https://huggingface.co/datasets/binjang/NIKL-korean-english-dictionary/resolve/3b4cfd2126debfd5440cade3ef6c2a3c20cf7cf9/2024_01.csv#record=33033,NIKL source band: advanced; project heuristic TOPIK 5: professional and social category; not an official per-grade list
ko-nikl-33038,기일,,A fixed date or deadline.,noun,concepts > time,nikl-2024-mirror,https://huggingface.co/datasets/binjang/NIKL-korean-english-dictionary/resolve/3b4cfd2126debfd5440cade3ef6c2a3c20cf7cf9/2024_01.csv#record=33038,NIKL source band: advanced; project heuristic TOPIK 5: professional and social category; not an official per-grade list
ko-nikl-33059,기절,,The act of temporarily losing consciousness and falling due to a great surprise or shock.,noun,daily life > illness and symptoms,nikl-2024-mirror,https://huggingface.co/datasets/binjang/NIKL-korean-english-dictionary/resolve/3b4cfd2126debfd5440cade3ef6c2a3c20cf7cf9/2024_01.csv#record=33059,NIKL source band: advanced; project heuristic TOPIK 5: professional and social category; not an official per-grade list
ko-nikl-33063,기점,,Time or a place at which something starts.,noun,concepts > location and direction,nikl-2024-mirror,https://huggingface.co/datasets/binjang/NIKL-korean-english-dictionary/resolve/3b4cfd2126debfd5440cade3ef6c2a3c20cf7cf9/2024_01.csv#record=33063,NIKL source band: advanced; project heuristic TOPIK 5: professional and social category; not an official per-grade list
ko-nikl-33078,기증,,"The act of giving one's belongings, property or an organ for nothing for others.",noun,social life > social activities,nikl-2024-mirror,https://huggingface.co/datasets/binjang/NIKL-korean-english-dictionary/resolve/3b4cfd2126debfd5440cade3ef6c2a3c20cf7cf9/2024_01.csv#record=33078,NIKL source band: advanced; project heuristic TOPIK 5: professional and social category; not an official per-grade list
ko-nikl-33091,기질,,A unique temperament shown by an individual or group.,noun,people > personality,nikl-2024-mirror,https://huggingface.co/datasets/binjang/NIKL-korean-english-dictionary/resolve/3b4cfd2126debfd5440cade3ef6c2a3c20cf7cf9/2024_01.csv#record=33091,NIKL source band: advanced; project heuristic TOPIK 5: professional and social category; not an official per-grade list
ko-nikl-33103,기체,,Substances that do not have a fixed shape or volume but float and move around freely due to their property of diffusion.,noun,concepts > shape,nikl-2024-mirror,https://huggingface.co/datasets/binjang/NIKL-korean-english-dictionary/resolve/3b4cfd2126debfd5440cade3ef6c2a3c20cf7cf9/2024_01.csv#record=33103,NIKL source band: advanced; project heuristic TOPIK 5: professional and social category; not an official per-grade list
ko-nikl-33123,기특하다,,"Someone's remark or behavior being surprising and lovable, and deserving to be boasted.",descriptive verb,people > attitudes,nikl-2024-mirror,https://huggingface.co/datasets/binjang/NIKL-korean-english-dictionary/resolve/3b4cfd2126debfd5440cade3ef6c2a3c20cf7cf9/2024_01.csv#record=33123,NIKL source band: advanced; project heuristic TOPIK 5: professional and social category; not an official per-grade list
ko-nikl-33133,기품,,A high-class and magnificent ambience that comes from someone or something.,noun,people > appearance,nikl-2024-mirror,https://huggingface.co/datasets/binjang/NIKL-korean-english-dictionary/resolve/3b4cfd2126debfd5440cade3ef6c2a3c20cf7cf9/2024_01.csv#record=33133,NIKL source band: advanced; project heuristic TOPIK 5: professional and social category; not an official per-grade list
ko-nikl-33145,기한,,A time limit set in advance.,noun,concepts > time,nikl-2024-mirror,https://huggingface.co/datasets/binjang/NIKL-korean-english-dictionary/resolve/3b4cfd2126debfd5440cade3ef6c2a3c20cf7cf9/2024_01.csv#record=33145,NIKL source band: advanced; project heuristic TOPIK 5: professional and social category; not an official per-grade list
ko-nikl-33162,기호,,Various marks used to express certain meanings.,noun,social life > communication tools,nikl-2024-mirror,https://huggingface.co/datasets/binjang/NIKL-korean-english-dictionary/resolve/3b4cfd2126debfd5440cade3ef6c2a3c20cf7cf9/2024_01.csv#record=33162,NIKL source band: advanced; project heuristic TOPIK 5: professional and social category; not an official per-grade list
ko-nikl-33191,긴밀하다,,Being in very tight and familiar relations.,descriptive verb,social life > social conditions,nikl-2024-mirror,https://huggingface.co/datasets/binjang/NIKL-korean-english-dictionary/resolve/3b4cfd2126debfd5440cade3ef6c2a3c20cf7cf9/2024_01.csv#record=33191,NIKL source band: advanced; project heuristic TOPIK 5: professional and social category; not an official per-grade list
ko-nikl-33202,긴장감,,"A feeling of alertness, not being relaxed.",noun,people > emotions,nikl-2024-mirror,https://huggingface.co/datasets/binjang/NIKL-korean-english-dictionary/resolve/3b4cfd2126debfd5440cade3ef6c2a3c20cf7cf9/2024_01.csv#record=33202,NIKL source band: advanced; project heuristic TOPIK 5: professional and social category; not an official per-grade list
ko-nikl-33244,길들이다,,For an animal to lose its wild quality so that it becomes better for a person to handle. / To make an object convenient to use or to make a person become accustomed to a certain situation.,verb,social life > social activities,nikl-2024-mirror,https://huggingface.co/datasets/binjang/NIKL-korean-english-dictionary/resolve/3b4cfd2126debfd5440cade3ef6c2a3c20cf7cf9/2024_01.csv#record=33244,NIKL source band: advanced; project heuristic TOPIK 5: professional and social category; not an official per-grade list
ko-nikl-33268,길쭉하다,,Rather long.,descriptive verb,concepts > shape,nikl-2024-mirror,https://huggingface.co/datasets/binjang/NIKL-korean-english-dictionary/resolve/3b4cfd2126debfd5440cade3ef6c2a3c20cf7cf9/2024_01.csv#record=33268,NIKL source band: advanced; project heuristic TOPIK 5: professional and social category; not an official per-grade list
ko-nikl-33284,김장,,"Making a lot of kimchi for the winter in late fall, or the kimchi.",noun,food > eating and cooking,nikl-2024-mirror,https://huggingface.co/datasets/binjang/NIKL-korean-english-dictionary/resolve/3b4cfd2126debfd5440cade3ef6c2a3c20cf7cf9/2024_01.csv#record=33284,NIKL source band: advanced; project heuristic TOPIK 5: professional and social category; not an official per-grade list
ko-nikl-33304,깃,,"The front parts of a jeogori, a traditional Korean jacket, or a durumagi, a traditional Korean overcoat, which partially overlap when the garment is closed. / The piece of fabric sewn to the neck of a garment, usually worn folded over. / Piece of cloth sewn to the exterior of a blanket or pillow.",noun,clothing and appearance > clothing parts,nikl-2024-mirror,https://huggingface.co/datasets/binjang/NIKL-korean-english-dictionary/resolve/3b4cfd2126debfd5440cade3ef6c2a3c20cf7cf9/2024_01.csv#record=33304,NIKL source band: advanced; project heuristic TOPIK 5: professional and social category; not an official per-grade list
ko-nikl-33311,깃털,,Tuft covering the body of a bird.,noun,plants and animals > animal parts,nikl-2024-mirror,https://huggingface.co/datasets/binjang/NIKL-korean-english-dictionary/resolve/3b4cfd2126debfd5440cade3ef6c2a3c20cf7cf9/2024_01.csv#record=33311,NIKL source band: advanced; project heuristic TOPIK 5: professional and social category; not an official per-grade list
ko-nikl-33366,까무러치다,,To lose consciousness and collapse.,verb,daily life > illness and symptoms,nikl-2024-mirror,https://huggingface.co/datasets/binjang/NIKL-korean-english-dictionary/resolve/3b4cfd2126debfd5440cade3ef6c2a3c20cf7cf9/2024_01.csv#record=33366,NIKL source band: advanced; project heuristic TOPIK 5: professional and social category; not an official per-grade list
ko-nikl-33398,까치,,"A bird which has a shiny black head and back and white shoulders and stomach, and lives near people.",noun,plants and animals > animals,nikl-2024-mirror,https://huggingface.co/datasets/binjang/NIKL-korean-english-dictionary/resolve/3b4cfd2126debfd5440cade3ef6c2a3c20cf7cf9/2024_01.csv#record=33398,NIKL source band: advanced; project heuristic TOPIK 5: professional and social category; not an official per-grade list
ko-nikl-33488,깜짝하다,,For one's eyes to be slightly closed and open; to make them become that way.,verb,people > physical actions,nikl-2024-mirror,https://huggingface.co/datasets/binjang/NIKL-korean-english-dictionary/resolve/3b4cfd2126debfd5440cade3ef6c2a3c20cf7cf9/2024_01.csv#record=33488,NIKL source band: advanced; project heuristic TOPIK 5: professional and social category; not an official per-grade list
ko-nikl-33530,깨소금,,"Fried sesame seeds that have been ground, or a savory seasoning made by mixing such a powder with salt.",noun,food > ingredients,nikl-2024-mirror,https://huggingface.co/datasets/binjang/NIKL-korean-english-dictionary/resolve/3b4cfd2126debfd5440cade3ef6c2a3c20cf7cf9/2024_01.csv#record=33530,NIKL source band: advanced; project heuristic TOPIK 5: professional and social category; not an official per-grade list
ko-nikl-33557,꺼리다,,To dislike or avoid a matter or thing in case it brings harm to oneself. / To be reluctant because something is uncomfortable or goes against one's conscience.,verb,people > attitudes,nikl-2024-mirror,https://huggingface.co/datasets/binjang/NIKL-korean-english-dictionary/resolve/3b4cfd2126debfd5440cade3ef6c2a3c20cf7cf9/2024_01.csv#record=33557,NIKL source band: advanced; project heuristic TOPIK 5: professional and social category; not an official per-grade list
ko-nikl-33559,꺼림칙하다,,Feeling unpleasant or bad because something weighs on one's mind.,descriptive verb,people > emotions,nikl-2024-mirror,https://huggingface.co/datasets/binjang/NIKL-korean-english-dictionary/resolve/3b4cfd2126debfd5440cade3ef6c2a3c20cf7cf9/2024_01.csv#record=33559,NIKL source band: advanced; project heuristic TOPIK 5: professional and social category; not an official per-grade list
ko-nikl-33607,껍데기,,"A hard material that wraps around the outside of an egg, clam, etc. / What is left on the outside of something after its core or kernel has been removed.",noun,plants and animals > plant parts,nikl-2024-mirror,https://huggingface.co/datasets/binjang/NIKL-korean-english-dictionary/resolve/3b4cfd2126debfd5440cade3ef6c2a3c20cf7cf9/2024_01.csv#record=33607,NIKL source band: advanced; project heuristic TOPIK 5: professional and social category; not an official per-grade list
ko-nikl-33625,껴입다,,To wear several layers of clothing. / To wear unwillingly clothes that do not fit one's body.,verb,clothing and appearance > dressing,nikl-2024-mirror,https://huggingface.co/datasets/binjang/NIKL-korean-english-dictionary/resolve/3b4cfd2126debfd5440cade3ef6c2a3c20cf7cf9/2024_01.csv#record=33625,NIKL source band: advanced; project heuristic TOPIK 5: professional and social category; not an official per-grade list
ko-nikl-33640,꼬다,,"To gather and twist several strips of something long and thin, such as thread to make one string. / To twist some parts of the body. / To be sarcastic enough for another person's feelings to be hurt.",verb,people > physical actions,nikl-2024-mirror,https://huggingface.co/datasets/binjang/NIKL-korean-english-dictionary/resolve/3b4cfd2126debfd5440cade3ef6c2a3c20cf7cf9/2024_01.csv#record=33640,NIKL source band: advanced; project heuristic TOPIK 5: professional and social category; not an official per-grade list
ko-nikl-33673,꼬마,,(endearing) A little child. / (endearing) A small object. / (teasing) A person who is short in stature.,noun,people > types of people,nikl-2024-mirror,https://huggingface.co/datasets/binjang/NIKL-korean-english-dictionary/resolve/3b4cfd2126debfd5440cade3ef6c2a3c20cf7cf9/2024_01.csv#record=33673,NIKL source band: advanced; project heuristic TOPIK 5: professional and social category; not an official per-grade list
ko-nikl-33704,꼬집다,,"To hold, pull or twist the flesh usually with the thumb and index finger. / To disclose or find fault with something by clearly stating its problems. / To say something sarcastically, hurting someone's feeling.",verb,people > actions affecting the body,nikl-2024-mirror,https://huggingface.co/datasets/binjang/NIKL-korean-english-dictionary/resolve/3b4cfd2126debfd5440cade3ef6c2a3c20cf7cf9/2024_01.csv#record=33704,NIKL source band: advanced; project heuristic TOPIK 5: professional and social category; not an official per-grade list
ko-nikl-33726,꼴,,The shape of an object. / (disparaging) The appearance of someone. / (disparaging) A certain state or situation.,noun,concepts > shape,nikl-2024-mirror,https://huggingface.co/datasets/binjang/NIKL-korean-english-dictionary/resolve/3b4cfd2126debfd5440cade3ef6c2a3c20cf7cf9/2024_01.csv#record=33726,NIKL source band: advanced; project heuristic TOPIK 5: professional and social category; not an official per-grade list
ko-nikl-33895,꾸짖다,,For an elder to severely point out a mistake or wrongdoing of a younger person.,verb,social life > social activities,nikl-2024-mirror,https://huggingface.co/datasets/binjang/NIKL-korean-english-dictionary/resolve/3b4cfd2126debfd5440cade3ef6c2a3c20cf7cf9/2024_01.csv#record=33895,NIKL source band: advanced; project heuristic TOPIK 5: professional and social category; not an official per-grade list
ko-nikl-33954,꿈틀거리다,,To keep moving while twisting or bending a body part. / For a thought or feeling to come up again and again.,verb,plants and animals > plant and animal activities,nikl-2024-mirror,https://huggingface.co/datasets/binjang/NIKL-korean-english-dictionary/resolve/3b4cfd2126debfd5440cade3ef6c2a3c20cf7cf9/2024_01.csv#record=33954,NIKL source band: advanced; project heuristic TOPIK 5: professional and social category; not an official per-grade list
ko-nikl-33979,뀌다,,To let out a fart out of one's body.,verb,people > physiological processes,nikl-2024-mirror,https://huggingface.co/datasets/binjang/NIKL-korean-english-dictionary/resolve/3b4cfd2126debfd5440cade3ef6c2a3c20cf7cf9/2024_01.csv#record=33979,NIKL source band: advanced; project heuristic TOPIK 5: professional and social category; not an official per-grade list
ko-nikl-34004,끈기,,The quality of being viscous. / The quality of not giving up easily and continuing to endure.,noun,people > abilities,nikl-2024-mirror,https://huggingface.co/datasets/binjang/NIKL-korean-english-dictionary/resolve/3b4cfd2126debfd5440cade3ef6c2a3c20cf7cf9/2024_01.csv#record=34004,NIKL source band: advanced; project heuristic TOPIK 5: professional and social category; not an official per-grade list
ko-nikl-34015,끈질기다,,Tough and being not cut easily. / Not giving up easily and making consistent efforts to achieve a goal.,descriptive verb,people > attitudes,nikl-2024-mirror,https://huggingface.co/datasets/binjang/NIKL-korean-english-dictionary/resolve/3b4cfd2126debfd5440cade3ef6c2a3c20cf7cf9/2024_01.csv#record=34015,NIKL source band: advanced; project heuristic TOPIK 5: professional and social category; not an official per-grade list
ko-nikl-34054,끔찍하다,,Excessive enough to make someone frightened. / Something being dreadful enough to make people unwilling to think about or look at it. / One's respect or love for another person being extremely great and awesome.,descriptive verb,people > emotions,nikl-2024-mirror,https://huggingface.co/datasets/binjang/NIKL-korean-english-dictionary/resolve/3b4cfd2126debfd5440cade3ef6c2a3c20cf7cf9/2024_01.csv#record=34054,NIKL source band: advanced; project heuristic TOPIK 5: professional and social category; not an official per-grade list
ko-nikl-34148,나그네,,"A person who leaves home and travels, or who wanders here and there.",noun,people > types of people,nikl-2024-mirror,https://huggingface.co/datasets/binjang/NIKL-korean-english-dictionary/resolve/3b4cfd2126debfd5440cade3ef6c2a3c20cf7cf9/2024_01.csv#record=34148,NIKL source band: advanced; project heuristic TOPIK 5: professional and social category; not an official per-grade list
ko-nikl-34153,나날,,Repeated days.,noun,concepts > time,nikl-2024-mirror,https://huggingface.co/datasets/binjang/NIKL-korean-english-dictionary/resolve/3b4cfd2126debfd5440cade3ef6c2a3c20cf7cf9/2024_01.csv#record=34153,NIKL source band: advanced; project heuristic TOPIK 5: professional and social category; not an official per-grade list
ko-nikl-34173,나들이,,The act of visiting briefly a place not far from home.,noun,daily life > leisure activities,nikl-2024-mirror,https://huggingface.co/datasets/binjang/NIKL-korean-english-dictionary/resolve/3b4cfd2126debfd5440cade3ef6c2a3c20cf7cf9/2024_01.csv#record=34173,NIKL source band: advanced; project heuristic TOPIK 5: professional and social category; not an official per-grade list
ko-nikl-34189,나른하다,,Tired and lacking energy or strength.,descriptive verb,people > senses,nikl-2024-mirror,https://huggingface.co/datasets/binjang/NIKL-korean-english-dictionary/resolve/3b4cfd2126debfd5440cade3ef6c2a3c20cf7cf9/2024_01.csv#record=34189,NIKL source band: advanced; project heuristic TOPIK 5: professional and social category; not an official per-grade list
ko-nikl-34264,나약하다,,"One's will or volition being weak, not strong. / One's body being unhealthy and lacking strength.",descriptive verb,people > physical condition,nikl-2024-mirror,https://huggingface.co/datasets/binjang/NIKL-korean-english-dictionary/resolve/3b4cfd2126debfd5440cade3ef6c2a3c20cf7cf9/2024_01.csv#record=34264,NIKL source band: advanced; project heuristic TOPIK 5: professional and social category; not an official per-grade list
ko-nikl-34293,나지막하다,,A location or height being a little bit low. / Low-pitched and quiet.,descriptive verb,concepts > shape,nikl-2024-mirror,https://huggingface.co/datasets/binjang/NIKL-korean-english-dictionary/resolve/3b4cfd2126debfd5440cade3ef6c2a3c20cf7cf9/2024_01.csv#record=34293,NIKL source band: advanced; project heuristic TOPIK 5: professional and social category; not an official per-grade list
ko-nikl-34321,낙관,,The attitude of viewing the world or life positively with hope. / A belief that things will go well in the future.,noun,people > emotions,nikl-2024-mirror,https://huggingface.co/datasets/binjang/NIKL-korean-english-dictionary/resolve/3b4cfd2126debfd5440cade3ef6c2a3c20cf7cf9/2024_01.csv#record=34321,NIKL source band: advanced; project heuristic TOPIK 5: professional and social category; not an official per-grade list
ko-nikl-34324,낙관적,,The act of viewing the world or life positively with hope. / A state of believing that things will go well in the future.,noun,people > attitudes,nikl-2024-mirror,https://huggingface.co/datasets/binjang/NIKL-korean-english-dictionary/resolve/3b4cfd2126debfd5440cade3ef6c2a3c20cf7cf9/2024_01.csv#record=34324,NIKL source band: advanced; project heuristic TOPIK 5: professional and social category; not an official per-grade list
ko-nikl-34339,낙방,,"The state of not being elected, not being selected, not passing an examination, etc.",noun,education > teaching and learning,nikl-2024-mirror,https://huggingface.co/datasets/binjang/NIKL-korean-english-dictionary/resolve/3b4cfd2126debfd5440cade3ef6c2a3c20cf7cf9/2024_01.csv#record=34339,NIKL source band: advanced; project heuristic TOPIK 5: professional and social category; not an official per-grade list
ko-nikl-34343,낙서,,"The act of writing or drawing anywhere for fun, or the writing or drawing made in this manner.",noun,social life > communication tools,nikl-2024-mirror,https://huggingface.co/datasets/binjang/NIKL-korean-english-dictionary/resolve/3b4cfd2126debfd5440cade3ef6c2a3c20cf7cf9/2024_01.csv#record=34343,NIKL source band: advanced; project heuristic TOPIK 5: professional and social category; not an official per-grade list
ko-nikl-34353,낙심,,Being hurt emotionally as something one wished for did not work out.,noun,people > emotions,nikl-2024-mirror,https://huggingface.co/datasets/binjang/NIKL-korean-english-dictionary/resolve/3b4cfd2126debfd5440cade3ef6c2a3c20cf7cf9/2024_01.csv#record=34353,NIKL source band: advanced; project heuristic TOPIK 5: professional and social category; not an official per-grade list
ko-nikl-34369,낙제,,"A state of failing to go to a higher school, class, or level. / A state of failing an examination or test. / (figurative) A state of failing to meet a certain standard.",noun,education > teaching and learning,nikl-2024-mirror,https://huggingface.co/datasets/binjang/NIKL-korean-english-dictionary/resolve/3b4cfd2126debfd5440cade3ef6c2a3c20cf7cf9/2024_01.csv#record=34369,NIKL source band: advanced; project heuristic TOPIK 5: professional and social category; not an official per-grade list
ko-nikl-34385,낙천적,,Viewing the world and life with hope.,noun,people > attitudes,nikl-2024-mirror,https://huggingface.co/datasets/binjang/NIKL-korean-english-dictionary/resolve/3b4cfd2126debfd5440cade3ef6c2a3c20cf7cf9/2024_01.csv#record=34385,NIKL source band: advanced; project heuristic TOPIK 5: professional and social category; not an official per-grade list
ko-nikl-34389,낙타,,"An animal with a hump on its back, kept in the desert to carry luggage or a person.",noun,plants and animals > animals,nikl-2024-mirror,https://huggingface.co/datasets/binjang/NIKL-korean-english-dictionary/resolve/3b4cfd2126debfd5440cade3ef6c2a3c20cf7cf9/2024_01.csv#record=34389,NIKL source band: advanced; project heuristic TOPIK 5: professional and social category; not an official per-grade list
ko-nikl-34408,낚시터,,A place where people fish by using a tool for fishing.,noun,daily life > leisure facilities,nikl-2024-mirror,https://huggingface.co/datasets/binjang/NIKL-korean-english-dictionary/resolve/3b4cfd2126debfd5440cade3ef6c2a3c20cf7cf9/2024_01.csv#record=34408,NIKL source band: advanced; project heuristic TOPIK 5: professional and social category; not an official per-grade list
ko-nikl-34423,난간,,"The structure installed for safety to a certain height, along the edges of stairs, bridges, floors, etc.",noun,housing > parts of a home,nikl-2024-mirror,https://huggingface.co/datasets/binjang/NIKL-korean-english-dictionary/resolve/3b4cfd2126debfd5440cade3ef6c2a3c20cf7cf9/2024_01.csv#record=34423,NIKL source band: advanced; project heuristic TOPIK 5: professional and social category; not an official per-grade list
ko-nikl-34424,난감하다,,Hard to come to a decision. / Hard to handle something.,descriptive verb,people > emotions,nikl-2024-mirror,https://huggingface.co/datasets/binjang/NIKL-korean-english-dictionary/resolve/3b4cfd2126debfd5440cade3ef6c2a3c20cf7cf9/2024_01.csv#record=34424,NIKL source band: advanced; project heuristic TOPIK 5: professional and social category; not an official per-grade list
ko-nikl-34487,난청,,A situation in which a radio broadcast cannot be heard clearly because its signals are weak . / A state of not being able to hear well due to problems in auditory organs.,noun,daily life > illness and symptoms,nikl-2024-mirror,https://huggingface.co/datasets/binjang/NIKL-korean-english-dictionary/resolve/3b4cfd2126debfd5440cade3ef6c2a3c20cf7cf9/2024_01.csv#record=34487,NIKL source band: advanced; project heuristic TOPIK 5: professional and social category; not an official per-grade list
ko-nikl-34490,난치병,,A disease that is difficult to be cured.,noun,daily life > illness and symptoms,nikl-2024-mirror,https://huggingface.co/datasets/binjang/NIKL-korean-english-dictionary/resolve/3b4cfd2126debfd5440cade3ef6c2a3c20cf7cf9/2024_01.csv#record=34490,NIKL source band: advanced; project heuristic TOPIK 5: professional and social category; not an official per-grade list
ko-nikl-34501,난폭,,"An aggressive, violent manner of behavior.",noun,people > attitudes,nikl-2024-mirror,https://huggingface.co/datasets/binjang/NIKL-korean-english-dictionary/resolve/3b4cfd2126debfd5440cade3ef6c2a3c20cf7cf9/2024_01.csv#record=34501,NIKL source band: advanced; project heuristic TOPIK 5: professional and social category; not an official per-grade list
ko-nikl-34567,날아오르다,,To fly up in the air.,verb,plants and animals > plant and animal activities,nikl-2024-mirror,https://huggingface.co/datasets/binjang/NIKL-korean-english-dictionary/resolve/3b4cfd2126debfd5440cade3ef6c2a3c20cf7cf9/2024_01.csv#record=34567,NIKL source band: advanced; project heuristic TOPIK 5: professional and social category; not an official per-grade list
ko-nikl-34600,남극,,"The southern end of the earth, or its surrounding region.",noun,concepts > regions,nikl-2024-mirror,https://huggingface.co/datasets/binjang/NIKL-korean-english-dictionary/resolve/3b4cfd2126debfd5440cade3ef6c2a3c20cf7cf9/2024_01.csv#record=34600,NIKL source band: advanced; project heuristic TOPIK 5: professional and social category; not an official per-grade list
ko-nikl-34609,남녀노소,,Men or women who are either young or old.,noun,people > types of people,nikl-2024-mirror,https://huggingface.co/datasets/binjang/NIKL-korean-english-dictionary/resolve/3b4cfd2126debfd5440cade3ef6c2a3c20cf7cf9/2024_01.csv#record=34609,NIKL source band: advanced; project heuristic TOPIK 5: professional and social category; not an official per-grade list
ko-nikl-34611,남녀평등,,Men and women having the same legal rights or treated the same in society.,noun,social life > social conditions,nikl-2024-mirror,https://huggingface.co/datasets/binjang/NIKL-korean-english-dictionary/resolve/3b4cfd2126debfd5440cade3ef6c2a3c20cf7cf9/2024_01.csv#record=34611,NIKL source band: advanced; project heuristic TOPIK 5: professional and social category; not an official per-grade list
ko-nikl-34614,남다르다,,Very different from common people.,descriptive verb,people > abilities,nikl-2024-mirror,https://huggingface.co/datasets/binjang/NIKL-korean-english-dictionary/resolve/3b4cfd2126debfd5440cade3ef6c2a3c20cf7cf9/2024_01.csv#record=34614,NIKL source band: advanced; project heuristic TOPIK 5: professional and social category; not an official per-grade list
ko-nikl-34650,남색,,The color of deep blue between blue and purple.,noun,concepts > colors,nikl-2024-mirror,https://huggingface.co/datasets/binjang/NIKL-korean-english-dictionary/resolve/3b4cfd2126debfd5440cade3ef6c2a3c20cf7cf9/2024_01.csv#record=34650,NIKL source band: advanced; project heuristic TOPIK 5: professional and social category; not an official per-grade list
ko-nikl-34661,남아,,"A child of the male gender. / A strong, brave, masculine man.",noun,people > types of people,nikl-2024-mirror,https://huggingface.co/datasets/binjang/NIKL-korean-english-dictionary/resolve/3b4cfd2126debfd5440cade3ef6c2a3c20cf7cf9/2024_01.csv#record=34661,NIKL source band: advanced; project heuristic TOPIK 5: professional and social category; not an official per-grade list
ko-nikl-34704,남한,,The southern area below the truce line of Korea.,noun,concepts > regions,nikl-2024-mirror,https://huggingface.co/datasets/binjang/NIKL-korean-english-dictionary/resolve/3b4cfd2126debfd5440cade3ef6c2a3c20cf7cf9/2024_01.csv#record=34704,NIKL source band: advanced; project heuristic TOPIK 5: professional and social category; not an official per-grade list
ko-nikl-34709,남향,,"A state of facing south, or southward direction.",noun,concepts > location and direction,nikl-2024-mirror,https://huggingface.co/datasets/binjang/NIKL-korean-english-dictionary/resolve/3b4cfd2126debfd5440cade3ef6c2a3c20cf7cf9/2024_01.csv#record=34709,NIKL source band: advanced; project heuristic TOPIK 5: professional and social category; not an official per-grade list
ko-nikl-34722,납부,,An act of paying tax or tuition to a state or public organization.,noun,economy > economic activities,nikl-2024-mirror,https://huggingface.co/datasets/binjang/NIKL-korean-english-dictionary/resolve/3b4cfd2126debfd5440cade3ef6c2a3c20cf7cf9/2024_01.csv#record=34722,NIKL source band: advanced; project heuristic TOPIK 5: professional and social category; not an official per-grade list
ko-nikl-34739,납작하다,,An object looking flat and spread.,descriptive verb,concepts > shape,nikl-2024-mirror,https://huggingface.co/datasets/binjang/NIKL-korean-english-dictionary/resolve/3b4cfd2126debfd5440cade3ef6c2a3c20cf7cf9/2024_01.csv#record=34739,NIKL source band: advanced; project heuristic TOPIK 5: professional and social category; not an official per-grade list
ko-nikl-34773,낭패,,"The state of being stuck in a difficult situation, as a result of things having not worked out as planned or expected.",noun,daily life > life circumstances,nikl-2024-mirror,https://huggingface.co/datasets/binjang/NIKL-korean-english-dictionary/resolve/3b4cfd2126debfd5440cade3ef6c2a3c20cf7cf9/2024_01.csv#record=34773,NIKL source band: advanced; project heuristic TOPIK 5: professional and social category; not an official per-grade list
ko-nikl-34794,낯,,"The face or the surface of the front of the head where the eyes, the nose and the mouth are located. / One's dignity when dealing with others.",noun,people > body parts,nikl-2024-mirror,https://huggingface.co/datasets/binjang/NIKL-korean-english-dictionary/resolve/3b4cfd2126debfd5440cade3ef6c2a3c20cf7cf9/2024_01.csv#record=34794,NIKL source band: advanced; project heuristic TOPIK 5: professional and social category; not an official per-grade list
ko-nikl-34805,낯익다,,Recognizable or intimate due to a previous encounter or meeting. / Well-acquainted and well-known to oneself because one has seen it before.,descriptive verb,concepts > shape,nikl-2024-mirror,https://huggingface.co/datasets/binjang/NIKL-korean-english-dictionary/resolve/3b4cfd2126debfd5440cade3ef6c2a3c20cf7cf9/2024_01.csv#record=34805,NIKL source band: advanced; project heuristic TOPIK 5: professional and social category; not an official per-grade list
ko-nikl-34863,내던지다,,"To throw something in no particular direction, with a full strength. / To speak recklessly. / To dump something, not looking back. / To sacrifice oneself for a certain purpose.",verb,people > physical actions,nikl-2024-mirror,https://huggingface.co/datasets/binjang/NIKL-korean-english-dictionary/resolve/3b4cfd2126debfd5440cade3ef6c2a3c20cf7cf9/2024_01.csv#record=34863,NIKL source band: advanced; project heuristic TOPIK 5: professional and social category; not an official per-grade list
ko-nikl-34869,내딛다,,To move one's foot forward from where one stood still. / To start a new job or enter into a certain field of work for the first time.,verb,people > physical actions,nikl-2024-mirror,https://huggingface.co/datasets/binjang/NIKL-korean-english-dictionary/resolve/3b4cfd2126debfd5440cade3ef6c2a3c20cf7cf9/2024_01.csv#record=34869,NIKL source band: advanced; project heuristic TOPIK 5: professional and social category; not an official per-grade list
ko-nikl-34879,내려서다,,"To step down from a high place to a lower place. / For a grade, position, etc., to be moved from a high place to a lower place. / To leave a high place in order to move to a lower place.",verb,people > physical actions,nikl-2024-mirror,https://huggingface.co/datasets/binjang/NIKL-korean-english-dictionary/resolve/3b4cfd2126debfd5440cade3ef6c2a3c20cf7cf9/2024_01.csv#record=34879,NIKL source band: advanced; project heuristic TOPIK 5: professional and social category; not an official per-grade list
ko-nikl-34889,내륙,,The inner part of land far away from the sea.,noun,concepts > location and direction,nikl-2024-mirror,https://huggingface.co/datasets/binjang/NIKL-korean-english-dictionary/resolve/3b4cfd2126debfd5440cade3ef6c2a3c20cf7cf9/2024_01.csv#record=34889,NIKL source band: advanced; project heuristic TOPIK 5: professional and social category; not an official per-grade list
ko-nikl-34911,내리치다,,"To hit something from an upper position while moving downward. / For rain, wind, lightning, etc., to fall downward hard.",verb,people > physical actions,nikl-2024-mirror,https://huggingface.co/datasets/binjang/NIKL-korean-english-dictionary/resolve/3b4cfd2126debfd5440cade3ef6c2a3c20cf7cf9/2024_01.csv#record=34911,NIKL source band: advanced; project heuristic TOPIK 5: professional and social category; not an official per-grade list
ko-nikl-34942,내복,,Long underwear worn under clothes to keep out the cold in winter.,noun,clothing and appearance > types of clothing,nikl-2024-mirror,https://huggingface.co/datasets/binjang/NIKL-korean-english-dictionary/resolve/3b4cfd2126debfd5440cade3ef6c2a3c20cf7cf9/2024_01.csv#record=34942,NIKL source band: advanced; project heuristic TOPIK 5: professional and social category; not an official per-grade list
ko-nikl-34958,내뿜다,,"To push gas or liquid out of something. / To give off a strong light, smell, sound, etc. / To reveal an intense feeling, spirit, emotion, etc.",verb,people > physical actions,nikl-2024-mirror,https://huggingface.co/datasets/binjang/NIKL-korean-english-dictionary/resolve/3b4cfd2126debfd5440cade3ef6c2a3c20cf7cf9/2024_01.csv#record=34958,NIKL source band: advanced; project heuristic TOPIK 5: professional and social category; not an official per-grade list
ko-nikl-34974,내쉬다,,To breathe out.,verb,people > physical actions,nikl-2024-mirror,https://huggingface.co/datasets/binjang/NIKL-korean-english-dictionary/resolve/3b4cfd2126debfd5440cade3ef6c2a3c20cf7cf9/2024_01.csv#record=34974,NIKL source band: advanced; project heuristic TOPIK 5: professional and social category; not an official per-grade list
ko-nikl-34984,내심,,One's real intentions that do not show.,noun,people > emotions,nikl-2024-mirror,https://huggingface.co/datasets/binjang/NIKL-korean-english-dictionary/resolve/3b4cfd2126debfd5440cade3ef6c2a3c20cf7cf9/2024_01.csv#record=34984,NIKL source band: advanced; project heuristic TOPIK 5: professional and social category; not an official per-grade list
ko-nikl-34990,내역,,"Details of goods, expenses, etc.",noun,economy > financial instruments,nikl-2024-mirror,https://huggingface.co/datasets/binjang/NIKL-korean-english-dictionary/resolve/3b4cfd2126debfd5440cade3ef6c2a3c20cf7cf9/2024_01.csv#record=34990,NIKL source band: advanced; project heuristic TOPIK 5: professional and social category; not an official per-grade list
ko-nikl-35043,내지르다,,"To shout loudly. / To put out or thrust one's fists, legs, weapons, etc., powerfully toward a certain target.",verb,people > physical actions,nikl-2024-mirror,https://huggingface.co/datasets/binjang/NIKL-korean-english-dictionary/resolve/3b4cfd2126debfd5440cade3ef6c2a3c20cf7cf9/2024_01.csv#record=35043,NIKL source band: advanced; project heuristic TOPIK 5: professional and social category; not an official per-grade list
ko-nikl-35053,내키다,,To feel like doing something.,verb,people > emotions,nikl-2024-mirror,https://huggingface.co/datasets/binjang/NIKL-korean-english-dictionary/resolve/3b4cfd2126debfd5440cade3ef6c2a3c20cf7cf9/2024_01.csv#record=35053,NIKL source band: advanced; project heuristic TOPIK 5: professional and social category; not an official per-grade list
ko-nikl-35102,냉담하다,,A person's attitude or temper being indifferent and cold.,descriptive verb,people > attitudes,nikl-2024-mirror,https://huggingface.co/datasets/binjang/NIKL-korean-english-dictionary/resolve/3b4cfd2126debfd5440cade3ef6c2a3c20cf7cf9/2024_01.csv#record=35102,NIKL source band: advanced; project heuristic TOPIK 5: professional and social category; not an official per-grade list
ko-nikl-35105,냉대,,The zone between a temperate zone and a frigid zone.,noun,concepts > regions,nikl-2024-mirror,https://huggingface.co/datasets/binjang/NIKL-korean-english-dictionary/resolve/3b4cfd2126debfd5440cade3ef6c2a3c20cf7cf9/2024_01.csv#record=35105,NIKL source band: advanced; project heuristic TOPIK 5: professional and social category; not an official per-grade list
ko-nikl-35137,냉정,,A composed attitude in which thoughts or behavior are not swayed by feelings.,noun,people > attitudes,nikl-2024-mirror,https://huggingface.co/datasets/binjang/NIKL-korean-english-dictionary/resolve/3b4cfd2126debfd5440cade3ef6c2a3c20cf7cf9/2024_01.csv#record=35137,NIKL source band: advanced; project heuristic TOPIK 5: professional and social category; not an official per-grade list
ko-nikl-35154,냉혹하다,,One's personality being very cold and heartless.,descriptive verb,people > attitudes,nikl-2024-mirror,https://huggingface.co/datasets/binjang/NIKL-korean-english-dictionary/resolve/3b4cfd2126debfd5440cade3ef6c2a3c20cf7cf9/2024_01.csv#record=35154,NIKL source band: advanced; project heuristic TOPIK 5: professional and social category; not an official per-grade list
ko-nikl-35228,너무하다,,"Excessive, exceeding a certain extent or limit.",descriptive verb,people > attitudes,nikl-2024-mirror,https://huggingface.co/datasets/binjang/NIKL-korean-english-dictionary/resolve/3b4cfd2126debfd5440cade3ef6c2a3c20cf7cf9/2024_01.csv#record=35228,NIKL source band: advanced; project heuristic TOPIK 5: professional and social category; not an official per-grade list
ko-nikl-35227,너무하다,,To speak offensive words or do offensive actions excessively.,verb,people > attitudes,nikl-2024-mirror,https://huggingface.co/datasets/binjang/NIKL-korean-english-dictionary/resolve/3b4cfd2126debfd5440cade3ef6c2a3c20cf7cf9/2024_01.csv#record=35227,NIKL source band: advanced; project heuristic TOPIK 5: professional and social category; not an official per-grade list
ko-nikl-35231,너비,,The horizontal length of a plane figure or a wide object.,noun,concepts > shape,nikl-2024-mirror,https://huggingface.co/datasets/binjang/NIKL-korean-english-dictionary/resolve/3b4cfd2126debfd5440cade3ef6c2a3c20cf7cf9/2024_01.csv#record=35231,NIKL source band: advanced; project heuristic TOPIK 5: professional and social category; not an official per-grade list
ko-nikl-35279,널뛰기,,"A traditional Korean game in which two players jump in turn on both ends of a long wooden panel, with the middle set firmly.",noun,daily life > leisure activities,nikl-2024-mirror,https://huggingface.co/datasets/binjang/NIKL-korean-english-dictionary/resolve/3b4cfd2126debfd5440cade3ef6c2a3c20cf7cf9/2024_01.csv#record=35279,NIKL source band: advanced; project heuristic TOPIK 5: professional and social category; not an official per-grade list
ko-nikl-35302,넓적하다,,"Flat, thin and quite wide.",descriptive verb,concepts > shape,nikl-2024-mirror,https://huggingface.co/datasets/binjang/NIKL-korean-english-dictionary/resolve/3b4cfd2126debfd5440cade3ef6c2a3c20cf7cf9/2024_01.csv#record=35302,NIKL source band: advanced; project heuristic TOPIK 5: professional and social category; not an official per-grade list
ko-nikl-35358,네모나다,,A shape consisting of four corners and four sides.,descriptive verb,concepts > shape,nikl-2024-mirror,https://huggingface.co/datasets/binjang/NIKL-korean-english-dictionary/resolve/3b4cfd2126debfd5440cade3ef6c2a3c20cf7cf9/2024_01.csv#record=35358,NIKL source band: advanced; project heuristic TOPIK 5: professional and social category; not an official per-grade list
ko-nikl-35367,네트워크,,"An organization or system which consists of computers interconnected with each other via such communication facilities or equipment as a LAN or modem. / A system which broadcasts the same radio or TV program at the same time by connecting broadcasting stations. / A structure made to connect all institutions, etc., closely to handle a matter or issue in an organized and efficient manner.",noun,social life > telecommunications,nikl-2024-mirror,https://huggingface.co/datasets/binjang/NIKL-korean-english-dictionary/resolve/3b4cfd2126debfd5440cade3ef6c2a3c20cf7cf9/2024_01.csv#record=35367,NIKL source band: advanced; project heuristic TOPIK 5: professional and social category; not an official per-grade list
ko-nikl-35392,노골적,,An attitude of revealing everything outright.,noun,people > attitudes,nikl-2024-mirror,https://huggingface.co/datasets/binjang/NIKL-korean-english-dictionary/resolve/3b4cfd2126debfd5440cade3ef6c2a3c20cf7cf9/2024_01.csv#record=35392,NIKL source band: advanced; project heuristic TOPIK 5: professional and social category; not an official per-grade list
ko-nikl-35399,노년,,One's old age or later years.,noun,daily life > life circumstances,nikl-2024-mirror,https://huggingface.co/datasets/binjang/NIKL-korean-english-dictionary/resolve/3b4cfd2126debfd5440cade3ef6c2a3c20cf7cf9/2024_01.csv#record=35399,NIKL source band: advanced; project heuristic TOPIK 5: professional and social category; not an official per-grade list
ko-nikl-35413,노동력,,"The mental and physical competency of a person, necessary for a certain work.",noun,economy > financial instruments,nikl-2024-mirror,https://huggingface.co/datasets/binjang/NIKL-korean-english-dictionary/resolve/3b4cfd2126debfd5440cade3ef6c2a3c20cf7cf9/2024_01.csv#record=35413,NIKL source band: advanced; project heuristic TOPIK 5: professional and social category; not an official per-grade list
ko-nikl-35454,노른자,,"A round, yellow part of an egg which is surrounded by the egg white. / (figurative) The most important or highly valuable part.",noun,food > ingredients,nikl-2024-mirror,https://huggingface.co/datasets/binjang/NIKL-korean-english-dictionary/resolve/3b4cfd2126debfd5440cade3ef6c2a3c20cf7cf9/2024_01.csv#record=35454,NIKL source band: advanced; project heuristic TOPIK 5: professional and social category; not an official per-grade list
ko-nikl-35461,노릇,,(disparaging) What one does as his/her occupation; or a role assumed in line with his/her position. / Behavior or attitude that suits one's role. / The situation or circumstances in which things are happening.,noun,social life > social activities,nikl-2024-mirror,https://huggingface.co/datasets/binjang/NIKL-korean-english-dictionary/resolve/3b4cfd2126debfd5440cade3ef6c2a3c20cf7cf9/2024_01.csv#record=35461,NIKL source band: advanced; project heuristic TOPIK 5: professional and social category; not an official per-grade list
ko-nikl-35485,노부부,,An old married couple.,noun,people > types of people,nikl-2024-mirror,https://huggingface.co/datasets/binjang/NIKL-korean-english-dictionary/resolve/3b4cfd2126debfd5440cade3ef6c2a3c20cf7cf9/2024_01.csv#record=35485,NIKL source band: advanced; project heuristic TOPIK 5: professional and social category; not an official per-grade list
ko-nikl-35488,노사,,A compound word referring to a person who is paid to do work and a person who pays someone to do work.,noun,economy > economic actors,nikl-2024-mirror,https://huggingface.co/datasets/binjang/NIKL-korean-english-dictionary/resolve/3b4cfd2126debfd5440cade3ef6c2a3c20cf7cf9/2024_01.csv#record=35488,NIKL source band: advanced; project heuristic TOPIK 5: professional and social category; not an official per-grade list
ko-nikl-35503,노숙자,,A person who does not have a house and sleeps in the park or street.,noun,people > types of people,nikl-2024-mirror,https://huggingface.co/datasets/binjang/NIKL-korean-english-dictionary/resolve/3b4cfd2126debfd5440cade3ef6c2a3c20cf7cf9/2024_01.csv#record=35503,NIKL source band: advanced; project heuristic TOPIK 5: professional and social category; not an official per-grade list
ko-nikl-35521,노예,,"(archaic) A person who is bought and sold like a product, and does what he/she is told to do. / A person who is not able to advocate for his/her own opinion or action because he/she is deprived of his/her basic rights or freedom as a human being. / A person who cannot give up pursuing an undesirable goal even at the cost of his/her reputation.",noun,social life > job positions,nikl-2024-mirror,https://huggingface.co/datasets/binjang/NIKL-korean-english-dictionary/resolve/3b4cfd2126debfd5440cade3ef6c2a3c20cf7cf9/2024_01.csv#record=35521,NIKL source band: advanced; project heuristic TOPIK 5: professional and social category; not an official per-grade list
ko-nikl-35542,노처녀,,A single woman who is past marriageable age but has not married.,noun,people > types of people,nikl-2024-mirror,https://huggingface.co/datasets/binjang/NIKL-korean-english-dictionary/resolve/3b4cfd2126debfd5440cade3ef6c2a3c20cf7cf9/2024_01.csv#record=35542,NIKL source band: advanced; project heuristic TOPIK 5: professional and social category; not an official per-grade list
ko-nikl-35546,노총각,,A single man who is past marriageable age but has not married.,noun,people > types of people,nikl-2024-mirror,https://huggingface.co/datasets/binjang/NIKL-korean-english-dictionary/resolve/3b4cfd2126debfd5440cade3ef6c2a3c20cf7cf9/2024_01.csv#record=35546,NIKL source band: advanced; project heuristic TOPIK 5: professional and social category; not an official per-grade list
ko-nikl-35552,노크,,The act of tapping on a door of a room before entering.,noun,people > physical actions,nikl-2024-mirror,https://huggingface.co/datasets/binjang/NIKL-korean-english-dictionary/resolve/3b4cfd2126debfd5440cade3ef6c2a3c20cf7cf9/2024_01.csv#record=35552,NIKL source band: advanced; project heuristic TOPIK 5: professional and social category; not an official per-grade list
ko-nikl-35563,노하다,,(refined) To get angry; or to become angry.,verb,people > emotions,nikl-2024-mirror,https://huggingface.co/datasets/binjang/NIKL-korean-english-dictionary/resolve/3b4cfd2126debfd5440cade3ef6c2a3c20cf7cf9/2024_01.csv#record=35563,NIKL source band: advanced; project heuristic TOPIK 5: professional and social category; not an official per-grade list
ko-nikl-35566,노화,,A phenomenon in which physical structure or functions weaken as one gets old. / A phenomenon in which the original properties of a substance change as time passes.,noun,people > physical changes,nikl-2024-mirror,https://huggingface.co/datasets/binjang/NIKL-korean-english-dictionary/resolve/3b4cfd2126debfd5440cade3ef6c2a3c20cf7cf9/2024_01.csv#record=35566,NIKL source band: advanced; project heuristic TOPIK 5: professional and social category; not an official per-grade list
ko-nikl-35572,노후,,The time of life when one is old.,noun,concepts > time,nikl-2024-mirror,https://huggingface.co/datasets/binjang/NIKL-korean-english-dictionary/resolve/3b4cfd2126debfd5440cade3ef6c2a3c20cf7cf9/2024_01.csv#record=35572,NIKL source band: advanced; project heuristic TOPIK 5: professional and social category; not an official per-grade list
ko-nikl-35605,녹초,,"A state of feeling weak and drained, due to exhaustion.",noun,people > physical condition,nikl-2024-mirror,https://huggingface.co/datasets/binjang/NIKL-korean-english-dictionary/resolve/3b4cfd2126debfd5440cade3ef6c2a3c20cf7cf9/2024_01.csv#record=35605,NIKL source band: advanced; project heuristic TOPIK 5: professional and social category; not an official per-grade list
ko-nikl-35611,논,,An irrigated land for growing rice.,noun,economy > commercial places,nikl-2024-mirror,https://huggingface.co/datasets/binjang/NIKL-korean-english-dictionary/resolve/3b4cfd2126debfd5440cade3ef6c2a3c20cf7cf9/2024_01.csv#record=35611,NIKL source band: advanced; project heuristic TOPIK 5: professional and social category; not an official per-grade list
ko-nikl-35637,논밭,,Fields and paddies.,noun,economy > commercial places,nikl-2024-mirror,https://huggingface.co/datasets/binjang/NIKL-korean-english-dictionary/resolve/3b4cfd2126debfd5440cade3ef6c2a3c20cf7cf9/2024_01.csv#record=35637,NIKL source band: advanced; project heuristic TOPIK 5: professional and social category; not an official per-grade list
ko-nikl-35698,놈,,A person or group of people one fights with.,noun,people > types of people,nikl-2024-mirror,https://huggingface.co/datasets/binjang/NIKL-korean-english-dictionary/resolve/3b4cfd2126debfd5440cade3ef6c2a3c20cf7cf9/2024_01.csv#record=35698,NIKL source band: advanced; project heuristic TOPIK 5: professional and social category; not an official per-grade list
ko-nikl-35709,농가,,The family of a person engaged in farming. / A house where a farmer lives.,noun,economy > economic actors,nikl-2024-mirror,https://huggingface.co/datasets/binjang/NIKL-korean-english-dictionary/resolve/3b4cfd2126debfd5440cade3ef6c2a3c20cf7cf9/2024_01.csv#record=35709,NIKL source band: advanced; project heuristic TOPIK 5: professional and social category; not an official per-grade list
ko-nikl-35712,농경,,Farming.,noun,economy > economic activities,nikl-2024-mirror,https://huggingface.co/datasets/binjang/NIKL-korean-english-dictionary/resolve/3b4cfd2126debfd5440cade3ef6c2a3c20cf7cf9/2024_01.csv#record=35712,NIKL source band: advanced; project heuristic TOPIK 5: professional and social category; not an official per-grade list
ko-nikl-35749,농수산물,,Agricultural products and marine products.,noun,economy > economic products,nikl-2024-mirror,https://huggingface.co/datasets/binjang/NIKL-korean-english-dictionary/resolve/3b4cfd2126debfd5440cade3ef6c2a3c20cf7cf9/2024_01.csv#record=35749,NIKL source band: advanced; project heuristic TOPIK 5: professional and social category; not an official per-grade list
ko-nikl-35757,농어촌,,The villages whose residents are mostly farmers and fishermen.,noun,economy > commercial places,nikl-2024-mirror,https://huggingface.co/datasets/binjang/NIKL-korean-english-dictionary/resolve/3b4cfd2126debfd5440cade3ef6c2a3c20cf7cf9/2024_01.csv#record=35757,NIKL source band: advanced; project heuristic TOPIK 5: professional and social category; not an official per-grade list
ko-nikl-35766,농작물,,Grains or vegetables farmers grow in the paddies or fields.,noun,economy > economic products,nikl-2024-mirror,https://huggingface.co/datasets/binjang/NIKL-korean-english-dictionary/resolve/3b4cfd2126debfd5440cade3ef6c2a3c20cf7cf9/2024_01.csv#record=35766,NIKL source band: advanced; project heuristic TOPIK 5: professional and social category; not an official per-grade list
ko-nikl-35767,농장,,A piece of land where agriculture is conducted involving livestock and machines which are necessary for farming.,noun,economy > commercial places,nikl-2024-mirror,https://huggingface.co/datasets/binjang/NIKL-korean-english-dictionary/resolve/3b4cfd2126debfd5440cade3ef6c2a3c20cf7cf9/2024_01.csv#record=35767,NIKL source band: advanced; project heuristic TOPIK 5: professional and social category; not an official per-grade list
ko-nikl-35777,농축산물,,All the products obtained from farming and stockbreeding.,noun,economy > economic products,nikl-2024-mirror,https://huggingface.co/datasets/binjang/NIKL-korean-english-dictionary/resolve/3b4cfd2126debfd5440cade3ef6c2a3c20cf7cf9/2024_01.csv#record=35777,NIKL source band: advanced; project heuristic TOPIK 5: professional and social category; not an official per-grade list
ko-nikl-15317,뇌사,,A state of not being able to go back to the original state as all bodily functions have stopped except the heartbeat.,noun,daily life > illness and symptoms,nikl-2024-mirror,https://huggingface.co/datasets/binjang/NIKL-korean-english-dictionary/resolve/3b4cfd2126debfd5440cade3ef6c2a3c20cf7cf9/2024_01.csv#record=15317,NIKL source band: advanced; project heuristic TOPIK 5: professional and social category; not an official per-grade list
ko-nikl-15325,뇌졸중,,"An illness occurring when a blood vessel of the brain is blocked or bursts due to a blood shortage which causes paralysis of the hands and feet, speech disorder, difficulty in breathing, etc.",noun,daily life > illness and symptoms,nikl-2024-mirror,https://huggingface.co/datasets/binjang/NIKL-korean-english-dictionary/resolve/3b4cfd2126debfd5440cade3ef6c2a3c20cf7cf9/2024_01.csv#record=15325,NIKL source band: advanced; project heuristic TOPIK 5: professional and social category; not an official per-grade list
ko-nikl-15348,누다,,To discharge urine or excrement from the body.,verb,people > physiological processes,nikl-2024-mirror,https://huggingface.co/datasets/binjang/NIKL-korean-english-dictionary/resolve/3b4cfd2126debfd5440cade3ef6c2a3c20cf7cf9/2024_01.csv#record=15348,NIKL source band: advanced; project heuristic TOPIK 5: professional and social category; not an official per-grade list
ko-nikl-15358,누렇다,,Yellow in an opaque and dark way. / One's face looking pale and yellowish due to malnutrition or a disease.,descriptive verb,concepts > colors,nikl-2024-mirror,https://huggingface.co/datasets/binjang/NIKL-korean-english-dictionary/resolve/3b4cfd2126debfd5440cade3ef6c2a3c20cf7cf9/2024_01.csv#record=15358,NIKL source band: advanced; project heuristic TOPIK 5: professional and social category; not an official per-grade list
ko-nikl-15393,누이,,A term of address used by a boy in referring to a girl who is either a sibling born to the same parents or a relative.,noun,daily life > family relationships,nikl-2024-mirror,https://huggingface.co/datasets/binjang/NIKL-korean-english-dictionary/resolve/3b4cfd2126debfd5440cade3ef6c2a3c20cf7cf9/2024_01.csv#record=15393,NIKL source band: advanced; project heuristic TOPIK 5: professional and social category; not an official per-grade list
ko-nikl-15533,눈꺼풀,,The skin covering the eyeballs when closing one's eyes.,noun,people > body parts,nikl-2024-mirror,https://huggingface.co/datasets/binjang/NIKL-korean-english-dictionary/resolve/3b4cfd2126debfd5440cade3ef6c2a3c20cf7cf9/2024_01.csv#record=15533,NIKL source band: advanced; project heuristic TOPIK 5: professional and social category; not an official per-grade list
ko-nikl-15541,눈높이,,A state of being at the height of the eyes of a person who is standing. / An ability to recognize the value of an object or make a judgment about a situation.,noun,concepts > shape,nikl-2024-mirror,https://huggingface.co/datasets/binjang/NIKL-korean-english-dictionary/resolve/3b4cfd2126debfd5440cade3ef6c2a3c20cf7cf9/2024_01.csv#record=15541,NIKL source band: advanced; project heuristic TOPIK 5: professional and social category; not an official per-grade list
ko-nikl-15579,눈살,,The wrinkles between two eyebrows.,noun,people > body parts,nikl-2024-mirror,https://huggingface.co/datasets/binjang/NIKL-korean-english-dictionary/resolve/3b4cfd2126debfd5440cade3ef6c2a3c20cf7cf9/2024_01.csv#record=15579,NIKL source band: advanced; project heuristic TOPIK 5: professional and social category; not an official per-grade list
ko-nikl-15609,눈여겨보다,,To look carefully with interest.,verb,social life > social activities,nikl-2024-mirror,https://huggingface.co/datasets/binjang/NIKL-korean-english-dictionary/resolve/3b4cfd2126debfd5440cade3ef6c2a3c20cf7cf9/2024_01.csv#record=15609,NIKL source band: advanced; project heuristic TOPIK 5: professional and social category; not an official per-grade list
ko-nikl-15616,눈짓,,An act of moving the eyes to tell someone about something or order someone to do something.,noun,people > physical actions,nikl-2024-mirror,https://huggingface.co/datasets/binjang/NIKL-korean-english-dictionary/resolve/3b4cfd2126debfd5440cade3ef6c2a3c20cf7cf9/2024_01.csv#record=15616,NIKL source band: advanced; project heuristic TOPIK 5: professional and social category; not an official per-grade list
ko-nikl-15618,눈초리,,The outer corner of the eye which tapers towards the ear. / A look or gaze directed towards something.,noun,people > body parts,nikl-2024-mirror,https://huggingface.co/datasets/binjang/NIKL-korean-english-dictionary/resolve/3b4cfd2126debfd5440cade3ef6c2a3c20cf7cf9/2024_01.csv#record=15618,NIKL source band: advanced; project heuristic TOPIK 5: professional and social category; not an official per-grade list
ko-nikl-15619,눈총,,Eyes looking at someone sharply in hatred of or with a dislike for him/her.,noun,people > physical actions,nikl-2024-mirror,https://huggingface.co/datasets/binjang/NIKL-korean-english-dictionary/resolve/3b4cfd2126debfd5440cade3ef6c2a3c20cf7cf9/2024_01.csv#record=15619,NIKL source band: advanced; project heuristic TOPIK 5: professional and social category; not an official per-grade list
ko-nikl-15744,늑대,,"A carnivorous beast that looks similar to a dog, and lives as a pack. / (figurative) A man who likes to seduce women.",noun,plants and animals > animals,nikl-2024-mirror,https://huggingface.co/datasets/binjang/NIKL-korean-english-dictionary/resolve/3b4cfd2126debfd5440cade3ef6c2a3c20cf7cf9/2024_01.csv#record=15744,NIKL source band: advanced; project heuristic TOPIK 5: professional and social category; not an official per-grade list
ko-nikl-15908,늘어뜨리다,,To make one end of an object hang down.,verb,concepts > shape,nikl-2024-mirror,https://huggingface.co/datasets/binjang/NIKL-korean-english-dictionary/resolve/3b4cfd2126debfd5440cade3ef6c2a3c20cf7cf9/2024_01.csv#record=15908,NIKL source band: advanced; project heuristic TOPIK 5: professional and social category; not an official per-grade list
ko-nikl-15910,늘어지다,,"To sag without firmness. / To be spent up and enervated. / For time to drag on. / For speed to reduce. / To make oneself comfortable, or rest in a carefree fashion.",verb,concepts > shape,nikl-2024-mirror,https://huggingface.co/datasets/binjang/NIKL-korean-english-dictionary/resolve/3b4cfd2126debfd5440cade3ef6c2a3c20cf7cf9/2024_01.csv#record=15910,NIKL source band: advanced; project heuristic TOPIK 5: professional and social category; not an official per-grade list
ko-nikl-15922,늠름하다,,An appearance or attitude being gallant and imposing.,descriptive verb,people > attitudes,nikl-2024-mirror,https://huggingface.co/datasets/binjang/NIKL-korean-english-dictionary/resolve/3b4cfd2126debfd5440cade3ef6c2a3c20cf7cf9/2024_01.csv#record=15922,NIKL source band: advanced; project heuristic TOPIK 5: professional and social category; not an official per-grade list
ko-nikl-15933,능동적,,An attitude of judging on one's own and behaving positively.,noun,people > attitudes,nikl-2024-mirror,https://huggingface.co/datasets/binjang/NIKL-korean-english-dictionary/resolve/3b4cfd2126debfd5440cade3ef6c2a3c20cf7cf9/2024_01.csv#record=15933,NIKL source band: advanced; project heuristic TOPIK 5: professional and social category; not an official per-grade list
ko-nikl-15938,능률,,The rate of work that can be done for a certain period of time.,noun,people > abilities,nikl-2024-mirror,https://huggingface.co/datasets/binjang/NIKL-korean-english-dictionary/resolve/3b4cfd2126debfd5440cade3ef6c2a3c20cf7cf9/2024_01.csv#record=15938,NIKL source band: advanced; project heuristic TOPIK 5: professional and social category; not an official per-grade list
ko-nikl-15945,능숙하다,,Accustomed to and good at something.,descriptive verb,people > abilities,nikl-2024-mirror,https://huggingface.co/datasets/binjang/NIKL-korean-english-dictionary/resolve/3b4cfd2126debfd5440cade3ef6c2a3c20cf7cf9/2024_01.csv#record=15945,NIKL source band: advanced; project heuristic TOPIK 5: professional and social category; not an official per-grade list
ko-nikl-15954,능통하다,,Excellent in a certain field.,descriptive verb,people > abilities,nikl-2024-mirror,https://huggingface.co/datasets/binjang/NIKL-korean-english-dictionary/resolve/3b4cfd2126debfd5440cade3ef6c2a3c20cf7cf9/2024_01.csv#record=15954,NIKL source band: advanced; project heuristic TOPIK 5: professional and social category; not an official per-grade list
ko-nikl-15955,능하다,,Good at something.,descriptive verb,people > abilities,nikl-2024-mirror,https://huggingface.co/datasets/binjang/NIKL-korean-english-dictionary/resolve/3b4cfd2126debfd5440cade3ef6c2a3c20cf7cf9/2024_01.csv#record=15955,NIKL source band: advanced; project heuristic TOPIK 5: professional and social category; not an official per-grade list
ko-nikl-16046,다급하다,,Very hurried just before an incident.,descriptive verb,concepts > speed,nikl-2024-mirror,https://huggingface.co/datasets/binjang/NIKL-korean-english-dictionary/resolve/3b4cfd2126debfd5440cade3ef6c2a3c20cf7cf9/2024_01.csv#record=16046,NIKL source band: advanced; project heuristic TOPIK 5: professional and social category; not an official per-grade list
ko-nikl-16214,다시다,,To gather and swallow one's saliva when one wants to eat food or when one regrets that the food is all eaten.,verb,people > physical actions,nikl-2024-mirror,https://huggingface.co/datasets/binjang/NIKL-korean-english-dictionary/resolve/3b4cfd2126debfd5440cade3ef6c2a3c20cf7cf9/2024_01.csv#record=16214,NIKL source band: advanced; project heuristic TOPIK 5: professional and social category; not an official per-grade list
ko-nikl-16267,다지다,,To step on or hit something that is loose in order to harden it. / To strengthen one's will or heart. / To strengthen the basis of a structure or system. / To make a relationship stronger. / To emphasize or confirm for thorough understanding.,verb,food > eating and cooking,nikl-2024-mirror,https://huggingface.co/datasets/binjang/NIKL-korean-english-dictionary/resolve/3b4cfd2126debfd5440cade3ef6c2a3c20cf7cf9/2024_01.csv#record=16267,NIKL source band: advanced; project heuristic TOPIK 5: professional and social category; not an official per-grade list
ko-nikl-16277,다채롭다,,"Varied or colorful, as many colors, types, shapes, etc., are mixed.",descriptive verb,concepts > shape,nikl-2024-mirror,https://huggingface.co/datasets/binjang/NIKL-korean-english-dictionary/resolve/3b4cfd2126debfd5440cade3ef6c2a3c20cf7cf9/2024_01.csv#record=16277,NIKL source band: advanced; project heuristic TOPIK 5: professional and social category; not an official per-grade list
ko-nikl-16280,다큐멘터리,,Literature or film which records real events in a factual manner.,noun,culture > popular culture,nikl-2024-mirror,https://huggingface.co/datasets/binjang/NIKL-korean-english-dictionary/resolve/3b4cfd2126debfd5440cade3ef6c2a3c20cf7cf9/2024_01.csv#record=16280,NIKL source band: advanced; project heuristic TOPIK 5: professional and social category; not an official per-grade list
ko-nikl-16314,단가,,The price of a single unit of something.,noun,economy > financial instruments,nikl-2024-mirror,https://huggingface.co/datasets/binjang/NIKL-korean-english-dictionary/resolve/3b4cfd2126debfd5440cade3ef6c2a3c20cf7cf9/2024_01.csv#record=16314,NIKL source band: advanced; project heuristic TOPIK 5: professional and social category; not an official per-grade list
ko-nikl-16319,단결,,Many people making efforts together toward the same goal.,noun,social life > social conditions,nikl-2024-mirror,https://huggingface.co/datasets/binjang/NIKL-korean-english-dictionary/resolve/3b4cfd2126debfd5440cade3ef6c2a3c20cf7cf9/2024_01.csv#record=16319,NIKL source band: advanced; project heuristic TOPIK 5: professional and social category; not an official per-grade list
ko-nikl-16362,단돈,,(emphasizing form) A very small amount of money.,noun,economy > financial instruments,nikl-2024-mirror,https://huggingface.co/datasets/binjang/NIKL-korean-english-dictionary/resolve/3b4cfd2126debfd5440cade3ef6c2a3c20cf7cf9/2024_01.csv#record=16362,NIKL source band: advanced; project heuristic TOPIK 5: professional and social category; not an official per-grade list
ko-nikl-16475,단절,,The act of cutting off mutual relations. / Discontinuance of something.,noun,social life > social conditions,nikl-2024-mirror,https://huggingface.co/datasets/binjang/NIKL-korean-english-dictionary/resolve/3b4cfd2126debfd5440cade3ef6c2a3c20cf7cf9/2024_01.csv#record=16475,NIKL source band: advanced; project heuristic TOPIK 5: professional and social category; not an official per-grade list
ko-nikl-16531,단호하다,,"A resolution, attitude, position, etc., being clear and stern.",descriptive verb,people > attitudes,nikl-2024-mirror,https://huggingface.co/datasets/binjang/NIKL-korean-english-dictionary/resolve/3b4cfd2126debfd5440cade3ef6c2a3c20cf7cf9/2024_01.csv#record=16531,NIKL source band: advanced; project heuristic TOPIK 5: professional and social category; not an official per-grade list
ko-nikl-16675,담담하다,,"Calm and composed. / Straightforward, objective, and calm in writing or speech . / Water being clean and flowing quietly and peacefully. / Neither salty nor greasy, flat but clean tasting. / Not interested in something.",descriptive verb,people > attitudes,nikl-2024-mirror,https://huggingface.co/datasets/binjang/NIKL-korean-english-dictionary/resolve/3b4cfd2126debfd5440cade3ef6c2a3c20cf7cf9/2024_01.csv#record=16675,NIKL source band: advanced; project heuristic TOPIK 5: professional and social category; not an official per-grade list
ko-nikl-16694,담보,,A thing that a debtor hands over as a substitute for the money to pay back in case that he/she cannot repay his/her debt. / A thing that a person gives to make up for a situation in which something has gone wrong.,noun,economy > financial instruments,nikl-2024-mirror,https://huggingface.co/datasets/binjang/NIKL-korean-english-dictionary/resolve/3b4cfd2126debfd5440cade3ef6c2a3c20cf7cf9/2024_01.csv#record=16694,NIKL source band: advanced; project heuristic TOPIK 5: professional and social category; not an official per-grade list
ko-nikl-16709,담장,,"Soil, stones, bricks piled up in order to encircle a house or certain space.",noun,housing > parts of a home,nikl-2024-mirror,https://huggingface.co/datasets/binjang/NIKL-korean-english-dictionary/resolve/3b4cfd2126debfd5440cade3ef6c2a3c20cf7cf9/2024_01.csv#record=16709,NIKL source band: advanced; project heuristic TOPIK 5: professional and social category; not an official per-grade list
ko-nikl-16765,당구,,"An indoor recreational game, whose players strike a ball with a long stick on a rectangular billiard table.",noun,daily life > leisure activities,nikl-2024-mirror,https://huggingface.co/datasets/binjang/NIKL-korean-english-dictionary/resolve/3b4cfd2126debfd5440cade3ef6c2a3c20cf7cf9/2024_01.csv#record=16765,NIKL source band: advanced; project heuristic TOPIK 5: professional and social category; not an official per-grade list
ko-nikl-16778,당뇨병,,A disease in which urine contains an abnormally high level of sugar.,noun,daily life > illness and symptoms,nikl-2024-mirror,https://huggingface.co/datasets/binjang/NIKL-korean-english-dictionary/resolve/3b4cfd2126debfd5440cade3ef6c2a3c20cf7cf9/2024_01.csv#record=16778,NIKL source band: advanced; project heuristic TOPIK 5: professional and social category; not an official per-grade list
ko-nikl-16803,당사자,,A person who is directly related to a matter.,noun,people > types of people,nikl-2024-mirror,https://huggingface.co/datasets/binjang/NIKL-korean-english-dictionary/resolve/3b4cfd2126debfd5440cade3ef6c2a3c20cf7cf9/2024_01.csv#record=16803,NIKL source band: advanced; project heuristic TOPIK 5: professional and social category; not an official per-grade list
ko-nikl-16844,당혹,,A state in which a person does not know what to do when he/she unexpectedly encounters a certain matter.,noun,people > attitudes,nikl-2024-mirror,https://huggingface.co/datasets/binjang/NIKL-korean-english-dictionary/resolve/3b4cfd2126debfd5440cade3ef6c2a3c20cf7cf9/2024_01.csv#record=16844,NIKL source band: advanced; project heuristic TOPIK 5: professional and social category; not an official per-grade list
ko-nikl-16861,대,,"The biggest one when things are grouped into large, medium and small classes in size. / A term meaning that something falls within a certain range in size or value.",noun,concepts > shape,nikl-2024-mirror,https://huggingface.co/datasets/binjang/NIKL-korean-english-dictionary/resolve/3b4cfd2126debfd5440cade3ef6c2a3c20cf7cf9/2024_01.csv#record=16861,NIKL source band: advanced; project heuristic TOPIK 5: professional and social category; not an official per-grade list
ko-nikl-16883,대가족,,"A family with many members. / A family consisting of multiple generations such as grandparents, parents, siblings, their spouses and children, etc., living together in the same house.",noun,daily life > family relationships,nikl-2024-mirror,https://huggingface.co/datasets/binjang/NIKL-korean-english-dictionary/resolve/3b4cfd2126debfd5440cade3ef6c2a3c20cf7cf9/2024_01.csv#record=16883,NIKL source band: advanced; project heuristic TOPIK 5: professional and social category; not an official per-grade list
ko-nikl-16895,대거,,A state of being in great numbers at the same time.,noun,concepts > numbers,nikl-2024-mirror,https://huggingface.co/datasets/binjang/NIKL-korean-english-dictionary/resolve/3b4cfd2126debfd5440cade3ef6c2a3c20cf7cf9/2024_01.csv#record=16895,NIKL source band: advanced; project heuristic TOPIK 5: professional and social category; not an official per-grade list
ko-nikl-16903,대견하다,,Making one feel content and proud.,descriptive verb,people > emotions,nikl-2024-mirror,https://huggingface.co/datasets/binjang/NIKL-korean-english-dictionary/resolve/3b4cfd2126debfd5440cade3ef6c2a3c20cf7cf9/2024_01.csv#record=16903,NIKL source band: advanced; project heuristic TOPIK 5: professional and social category; not an official per-grade list
ko-nikl-16904,대결,,Two persons or parties facing each other and competing to excel or to win.,noun,social life > social activities,nikl-2024-mirror,https://huggingface.co/datasets/binjang/NIKL-korean-english-dictionary/resolve/3b4cfd2126debfd5440cade3ef6c2a3c20cf7cf9/2024_01.csv#record=16904,NIKL source band: advanced; project heuristic TOPIK 5: professional and social category; not an official per-grade list
ko-nikl-16936,대금,,A sum of money paid for a product or work.,noun,economy > financial instruments,nikl-2024-mirror,https://huggingface.co/datasets/binjang/NIKL-korean-english-dictionary/resolve/3b4cfd2126debfd5440cade3ef6c2a3c20cf7cf9/2024_01.csv#record=16936,NIKL source band: advanced; project heuristic TOPIK 5: professional and social category; not an official per-grade list
ko-nikl-16950,대나무,,"A plant about 30 meters high that features joints and has upright, hollow stems and thin, stiff leaves.",noun,plants and animals > plants,nikl-2024-mirror,https://huggingface.co/datasets/binjang/NIKL-korean-english-dictionary/resolve/3b4cfd2126debfd5440cade3ef6c2a3c20cf7cf9/2024_01.csv#record=16950,NIKL source band: advanced; project heuristic TOPIK 5: professional and social category; not an official per-grade list
ko-nikl-16975,대담하다,,A behavior or personality being fearless and brave.,descriptive verb,people > attitudes,nikl-2024-mirror,https://huggingface.co/datasets/binjang/NIKL-korean-english-dictionary/resolve/3b4cfd2126debfd5440cade3ef6c2a3c20cf7cf9/2024_01.csv#record=16975,NIKL source band: advanced; project heuristic TOPIK 5: professional and social category; not an official per-grade list
ko-nikl-17001,대들다,,To fight back against a superior and assert one's opinion strongly or resist him/her.,verb,social life > social activities,nikl-2024-mirror,https://huggingface.co/datasets/binjang/NIKL-korean-english-dictionary/resolve/3b4cfd2126debfd5440cade3ef6c2a3c20cf7cf9/2024_01.csv#record=17001,NIKL source band: advanced; project heuristic TOPIK 5: professional and social category; not an official per-grade list
ko-nikl-17003,대등,,A state in which two entities are about the same in their power or ability without one being better or worse than the other.,noun,social life > social conditions,nikl-2024-mirror,https://huggingface.co/datasets/binjang/NIKL-korean-english-dictionary/resolve/3b4cfd2126debfd5440cade3ef6c2a3c20cf7cf9/2024_01.csv#record=17003,NIKL source band: advanced; project heuristic TOPIK 5: professional and social category; not an official per-grade list
ko-nikl-17027,대륙,,Large mass of land surrounded by the ocean.,noun,concepts > regions,nikl-2024-mirror,https://huggingface.co/datasets/binjang/NIKL-korean-english-dictionary/resolve/3b4cfd2126debfd5440cade3ef6c2a3c20cf7cf9/2024_01.csv#record=17027,NIKL source band: advanced; project heuristic TOPIK 5: professional and social category; not an official per-grade list
ko-nikl-17034,대리점,,A shop selling a specific product for its manufacturer.,noun,economy > commercial places,nikl-2024-mirror,https://huggingface.co/datasets/binjang/NIKL-korean-english-dictionary/resolve/3b4cfd2126debfd5440cade3ef6c2a3c20cf7cf9/2024_01.csv#record=17034,NIKL source band: advanced; project heuristic TOPIK 5: professional and social category; not an official per-grade list
ko-nikl-17044,대머리,,"A head that becomes bald due to loss of hairs, or a person with such a head.",noun,people > appearance,nikl-2024-mirror,https://huggingface.co/datasets/binjang/NIKL-korean-english-dictionary/resolve/3b4cfd2126debfd5440cade3ef6c2a3c20cf7cf9/2024_01.csv#record=17044,NIKL source band: advanced; project heuristic TOPIK 5: professional and social category; not an official per-grade list
ko-nikl-17050,대목,,"A period when goods sell well. / A part of a certain speech or matter worthy of special attention. / One segment of a story, writing, song, etc.",noun,economy > economic conditions,nikl-2024-mirror,https://huggingface.co/datasets/binjang/NIKL-korean-english-dictionary/resolve/3b4cfd2126debfd5440cade3ef6c2a3c20cf7cf9/2024_01.csv#record=17050,NIKL source band: advanced; project heuristic TOPIK 5: professional and social category; not an official per-grade list
ko-nikl-17063,대박,,(figurative) The achievement of something big.,noun,economy > economic conditions,nikl-2024-mirror,https://huggingface.co/datasets/binjang/NIKL-korean-english-dictionary/resolve/3b4cfd2126debfd5440cade3ef6c2a3c20cf7cf9/2024_01.csv#record=17063,NIKL source band: advanced; project heuristic TOPIK 5: professional and social category; not an official per-grade list
ko-nikl-17081,대본,,"In a play or movie, the text that gives the actors' lines or describes the scenes, etc. / A pre-defined plan to do something.",noun,culture > popular culture,nikl-2024-mirror,https://huggingface.co/datasets/binjang/NIKL-korean-english-dictionary/resolve/3b4cfd2126debfd5440cade3ef6c2a3c20cf7cf9/2024_01.csv#record=17081,NIKL source band: advanced; project heuristic TOPIK 5: professional and social category; not an official per-grade list
ko-nikl-17133,대수롭다,,Deserving to be considered important or serious.,descriptive verb,people > attitudes,nikl-2024-mirror,https://huggingface.co/datasets/binjang/NIKL-korean-english-dictionary/resolve/3b4cfd2126debfd5440cade3ef6c2a3c20cf7cf9/2024_01.csv#record=17133,NIKL source band: advanced; project heuristic TOPIK 5: professional and social category; not an official per-grade list
ko-nikl-17152,대여,,An act of lending goods or money to someone.,noun,economy > economic activities,nikl-2024-mirror,https://huggingface.co/datasets/binjang/NIKL-korean-english-dictionary/resolve/3b4cfd2126debfd5440cade3ef6c2a3c20cf7cf9/2024_01.csv#record=17152,NIKL source band: advanced; project heuristic TOPIK 5: professional and social category; not an official per-grade list
ko-nikl-17170,대외,,A state of being in regard to the outside or foreign countries.,noun,concepts > location and direction,nikl-2024-mirror,https://huggingface.co/datasets/binjang/NIKL-korean-english-dictionary/resolve/3b4cfd2126debfd5440cade3ef6c2a3c20cf7cf9/2024_01.csv#record=17170,NIKL source band: advanced; project heuristic TOPIK 5: professional and social category; not an official per-grade list
ko-nikl-17181,대우,,"An attitude or way of treating or dealing with a person. / Working conditions at a workplace such as position, pay, etc. / A polite treatment that is suitable to the person's position or status. / A word that refers to the position that is treated according to that standard.",noun,social life > social activities,nikl-2024-mirror,https://huggingface.co/datasets/binjang/NIKL-korean-english-dictionary/resolve/3b4cfd2126debfd5440cade3ef6c2a3c20cf7cf9/2024_01.csv#record=17181,NIKL source band: advanced; project heuristic TOPIK 5: professional and social category; not an official per-grade list
ko-nikl-17184,대원,,A person who belongs to a troop or group.,noun,people > types of people,nikl-2024-mirror,https://huggingface.co/datasets/binjang/NIKL-korean-english-dictionary/resolve/3b4cfd2126debfd5440cade3ef6c2a3c20cf7cf9/2024_01.csv#record=17184,NIKL source band: advanced; project heuristic TOPIK 5: professional and social category; not an official per-grade list
ko-nikl-17198,대인,,An act of dealing with other people.,noun,social life > social activities,nikl-2024-mirror,https://huggingface.co/datasets/binjang/NIKL-korean-english-dictionary/resolve/3b4cfd2126debfd5440cade3ef6c2a3c20cf7cf9/2024_01.csv#record=17198,NIKL source band: advanced; project heuristic TOPIK 5: professional and social category; not an official per-grade list
ko-nikl-17202,대입,,An abbreviated word for &quot;college entrance.&quot;,unspecified,education > teaching and learning,nikl-2024-mirror,https://huggingface.co/datasets/binjang/NIKL-korean-english-dictionary/resolve/3b4cfd2126debfd5440cade3ef6c2a3c20cf7cf9/2024_01.csv#record=17202,NIKL source band: advanced; project heuristic TOPIK 5: professional and social category; not an official per-grade list
ko-nikl-17215,대장,,"A head of a group or party. / (teasing) A person who does something well or frequently. / In military rank, an officer beneath that of marshal and above lieutenant general.",noun,social life > job positions,nikl-2024-mirror,https://huggingface.co/datasets/binjang/NIKL-korean-english-dictionary/resolve/3b4cfd2126debfd5440cade3ef6c2a3c20cf7cf9/2024_01.csv#record=17215,NIKL source band: advanced; project heuristic TOPIK 5: professional and social category; not an official per-grade list
ko-nikl-17238,대접,,"A wide, flat vessel used for serving soup or water. / A unit for measuring the amount of soup, water, etc., by putting them in a wide, flat vessel.",noun,food > cooking tools,nikl-2024-mirror,https://huggingface.co/datasets/binjang/NIKL-korean-english-dictionary/resolve/3b4cfd2126debfd5440cade3ef6c2a3c20cf7cf9/2024_01.csv#record=17238,NIKL source band: advanced; project heuristic TOPIK 5: professional and social category; not an official per-grade list
ko-nikl-17249,대졸,,An abbreviated word for &quot;college graduation.&quot;,unspecified,education > teaching and learning,nikl-2024-mirror,https://huggingface.co/datasets/binjang/NIKL-korean-english-dictionary/resolve/3b4cfd2126debfd5440cade3ef6c2a3c20cf7cf9/2024_01.csv#record=17249,NIKL source band: advanced; project heuristic TOPIK 5: professional and social category; not an official per-grade list
ko-nikl-17298,대추,,"A fruit that tastes sweet and looks like a small bird's egg, and whose skin becomes red when ripe.",noun,food > fruit,nikl-2024-mirror,https://huggingface.co/datasets/binjang/NIKL-korean-english-dictionary/resolve/3b4cfd2126debfd5440cade3ef6c2a3c20cf7cf9/2024_01.csv#record=17298,NIKL source band: advanced; project heuristic TOPIK 5: professional and social category; not an official per-grade list
ko-nikl-17368,대학가,,A district around a university. / The community of university students.,noun,concepts > regions,nikl-2024-mirror,https://huggingface.co/datasets/binjang/NIKL-korean-english-dictionary/resolve/3b4cfd2126debfd5440cade3ef6c2a3c20cf7cf9/2024_01.csv#record=17368,NIKL source band: advanced; project heuristic TOPIK 5: professional and social category; not an official per-grade list
ko-nikl-17383,대항,,"A state of standing against the other side, trying to avoid defeat. / A state in which two sides stand against each other, each attempting to win.",noun,social life > social activities,nikl-2024-mirror,https://huggingface.co/datasets/binjang/NIKL-korean-english-dictionary/resolve/3b4cfd2126debfd5440cade3ef6c2a3c20cf7cf9/2024_01.csv#record=17383,NIKL source band: advanced; project heuristic TOPIK 5: professional and social category; not an official per-grade list
ko-nikl-17395,대형차,,A big car.,noun,social life > transport,nikl-2024-mirror,https://huggingface.co/datasets/binjang/NIKL-korean-english-dictionary/resolve/3b4cfd2126debfd5440cade3ef6c2a3c20cf7cf9/2024_01.csv#record=17395,NIKL source band: advanced; project heuristic TOPIK 5: professional and social category; not an official per-grade list
ko-nikl-17420,댓글,,A short written statement uploaded as a reply to a post written by someone else on the Internet.,noun,social life > communication tools,nikl-2024-mirror,https://huggingface.co/datasets/binjang/NIKL-korean-english-dictionary/resolve/3b4cfd2126debfd5440cade3ef6c2a3c20cf7cf9/2024_01.csv#record=17420,NIKL source band: advanced; project heuristic TOPIK 5: professional and social category; not an official per-grade list
ko-nikl-17454,더듬다,,To touch or search here and there to find or check something. / To find something unknown by conjecture. / To recall one's unclear memory or thought through presumption. / To hesitate frequently and not be smooth in speaking or reading.,verb,people > physical actions,nikl-2024-mirror,https://huggingface.co/datasets/binjang/NIKL-korean-english-dictionary/resolve/3b4cfd2126debfd5440cade3ef6c2a3c20cf7cf9/2024_01.csv#record=17454,NIKL source band: advanced; project heuristic TOPIK 5: professional and social category; not an official per-grade list
ko-nikl-17460,더디다,,Taking a long time to do something due to low speed.,descriptive verb,concepts > speed,nikl-2024-mirror,https://huggingface.co/datasets/binjang/NIKL-korean-english-dictionary/resolve/3b4cfd2126debfd5440cade3ef6c2a3c20cf7cf9/2024_01.csv#record=17460,NIKL source band: advanced; project heuristic TOPIK 5: professional and social category; not an official per-grade list
ko-nikl-17505,더부룩하다,,Having an upset stomach due to indigestion.,descriptive verb,daily life > illness and symptoms,nikl-2024-mirror,https://huggingface.co/datasets/binjang/NIKL-korean-english-dictionary/resolve/3b4cfd2126debfd5440cade3ef6c2a3c20cf7cf9/2024_01.csv#record=17505,NIKL source band: advanced; project heuristic TOPIK 5: professional and social category; not an official per-grade list
ko-nikl-17577,덜렁대다,,"For a big bell, hanging object, etc., to sway repeatedly; to make it sway repeatedly. / For the sound of a big bell, hanging object, etc., swaying to be made; to make such a sound repeatedly. / To keep behaving carelessly, clumsily, and not calmly.",verb,people > personality,nikl-2024-mirror,https://huggingface.co/datasets/binjang/NIKL-korean-english-dictionary/resolve/3b4cfd2126debfd5440cade3ef6c2a3c20cf7cf9/2024_01.csv#record=17577,NIKL source band: advanced; project heuristic TOPIK 5: professional and social category; not an official per-grade list
ko-nikl-17620,덤,,The act of adding extra for free to a product that has been paid for; or such an extra item. / What is left over or gained for free beyond one's rightful share.,noun,economy > financial instruments,nikl-2024-mirror,https://huggingface.co/datasets/binjang/NIKL-korean-english-dictionary/resolve/3b4cfd2126debfd5440cade3ef6c2a3c20cf7cf9/2024_01.csv#record=17620,NIKL source band: advanced; project heuristic TOPIK 5: professional and social category; not an official per-grade list
ko-nikl-17626,덤벼들다,,To turn on or attack someone indiscreetly. / To actively throw oneself into something in order to be successful in it.,verb,social life > social activities,nikl-2024-mirror,https://huggingface.co/datasets/binjang/NIKL-korean-english-dictionary/resolve/3b4cfd2126debfd5440cade3ef6c2a3c20cf7cf9/2024_01.csv#record=17626,NIKL source band: advanced; project heuristic TOPIK 5: professional and social category; not an official per-grade list
ko-nikl-17642,덧나다,,"To handle a disease, injury, etc., in the wrong manner, so that its condition worsens. / To handle something in the wrong manner, so that the situation worsens. / To handle an angry person in the wrong manner, so that he/she becomes even angrier.",verb,daily life > illness and symptoms,nikl-2024-mirror,https://huggingface.co/datasets/binjang/NIKL-korean-english-dictionary/resolve/3b4cfd2126debfd5440cade3ef6c2a3c20cf7cf9/2024_01.csv#record=17642,NIKL source band: advanced; project heuristic TOPIK 5: professional and social category; not an official per-grade list
ko-nikl-17677,덩치,,The size or bulk of a body.,noun,people > appearance,nikl-2024-mirror,https://huggingface.co/datasets/binjang/NIKL-korean-english-dictionary/resolve/3b4cfd2126debfd5440cade3ef6c2a3c20cf7cf9/2024_01.csv#record=17677,NIKL source band: advanced; project heuristic TOPIK 5: professional and social category; not an official per-grade list
ko-nikl-17698,데모,,The act of a lot of people shouting a slogan or behaving as a group in order to let the public know their opinion about an issue. / Something made to show the public the performance of a new product such as a computer program or hardware before it is released officially.,noun,social life > social activities,nikl-2024-mirror,https://huggingface.co/datasets/binjang/NIKL-korean-english-dictionary/resolve/3b4cfd2126debfd5440cade3ef6c2a3c20cf7cf9/2024_01.csv#record=17698,NIKL source band: advanced; project heuristic TOPIK 5: professional and social category; not an official per-grade list
ko-nikl-17775,도덕적,,A state of being related to ethics or compliance with a moral standard.,noun,social life > social conditions,nikl-2024-mirror,https://huggingface.co/datasets/binjang/NIKL-korean-english-dictionary/resolve/3b4cfd2126debfd5440cade3ef6c2a3c20cf7cf9/2024_01.csv#record=17775,NIKL source band: advanced; project heuristic TOPIK 5: professional and social category; not an official per-grade list
ko-nikl-17838,도립,,The state of being established and managed with the provincial budget for the public benefit.,noun,social life > social conditions,nikl-2024-mirror,https://huggingface.co/datasets/binjang/NIKL-korean-english-dictionary/resolve/3b4cfd2126debfd5440cade3ef6c2a3c20cf7cf9/2024_01.csv#record=17838,NIKL source band: advanced; project heuristic TOPIK 5: professional and social category; not an official per-grade list
ko-nikl-17871,도박,,"The act of playing hwatu, cards, mah-jong, etc., for money or property. / The act of doing something dangerous or impossible while hoping for luck.",noun,daily life > leisure activities,nikl-2024-mirror,https://huggingface.co/datasets/binjang/NIKL-korean-english-dictionary/resolve/3b4cfd2126debfd5440cade3ef6c2a3c20cf7cf9/2024_01.csv#record=17871,NIKL source band: advanced; project heuristic TOPIK 5: professional and social category; not an official per-grade list
ko-nikl-17945,도우미,,"A person who helps others as a guide at an event, or serves others. / An occupation of helping others with their affairs professionally.",noun,social life > occupations,nikl-2024-mirror,https://huggingface.co/datasets/binjang/NIKL-korean-english-dictionary/resolve/3b4cfd2126debfd5440cade3ef6c2a3c20cf7cf9/2024_01.csv#record=17945,NIKL source band: advanced; project heuristic TOPIK 5: professional and social category; not an official per-grade list
ko-nikl-17987,도처,,All places.,noun,concepts > location and direction,nikl-2024-mirror,https://huggingface.co/datasets/binjang/NIKL-korean-english-dictionary/resolve/3b4cfd2126debfd5440cade3ef6c2a3c20cf7cf9/2024_01.csv#record=17987,NIKL source band: advanced; project heuristic TOPIK 5: professional and social category; not an official per-grade list
ko-nikl-18003,도태,,The elimination of things that are considered unnecessary or improper among many. / A phenomenon in which the organisms that are incapable of adapting to the environment disappear.,noun,social life > social activities,nikl-2024-mirror,https://huggingface.co/datasets/binjang/NIKL-korean-english-dictionary/resolve/3b4cfd2126debfd5440cade3ef6c2a3c20cf7cf9/2024_01.csv#record=18003,NIKL source band: advanced; project heuristic TOPIK 5: professional and social category; not an official per-grade list
ko-nikl-18016,도피,,The act of running away from something. / The act of turning away from what one has to do or confront.,noun,social life > social activities,nikl-2024-mirror,https://huggingface.co/datasets/binjang/NIKL-korean-english-dictionary/resolve/3b4cfd2126debfd5440cade3ef6c2a3c20cf7cf9/2024_01.csv#record=18016,NIKL source band: advanced; project heuristic TOPIK 5: professional and social category; not an official per-grade list
ko-nikl-18036,독거노인,,An elderly person who lives alone without other family members.,noun,people > types of people,nikl-2024-mirror,https://huggingface.co/datasets/binjang/NIKL-korean-english-dictionary/resolve/3b4cfd2126debfd5440cade3ef6c2a3c20cf7cf9/2024_01.csv#record=18036,NIKL source band: advanced; project heuristic TOPIK 5: professional and social category; not an official per-grade list
ko-nikl-18061,독립적,,"A state in which someone does not rely on others, or something does not belong to others.",noun,people > attitudes,nikl-2024-mirror,https://huggingface.co/datasets/binjang/NIKL-korean-english-dictionary/resolve/3b4cfd2126debfd5440cade3ef6c2a3c20cf7cf9/2024_01.csv#record=18061,NIKL source band: advanced; project heuristic TOPIK 5: professional and social category; not an official per-grade list
ko-nikl-18066,독방,,A room to be used by only one person. / A prison cell for confining only one prisoner.,noun,housing > housing types,nikl-2024-mirror,https://huggingface.co/datasets/binjang/NIKL-korean-english-dictionary/resolve/3b4cfd2126debfd5440cade3ef6c2a3c20cf7cf9/2024_01.csv#record=18066,NIKL source band: advanced; project heuristic TOPIK 5: professional and social category; not an official per-grade list
ko-nikl-18075,독사,,A snake with poisonous fangs.,noun,plants and animals > animals,nikl-2024-mirror,https://huggingface.co/datasets/binjang/NIKL-korean-english-dictionary/resolve/3b4cfd2126debfd5440cade3ef6c2a3c20cf7cf9/2024_01.csv#record=18075,NIKL source band: advanced; project heuristic TOPIK 5: professional and social category; not an official per-grade list
ko-nikl-18087,독선적,,A person's behavior based on the belief that he or she is right and the others are not.,noun,people > attitudes,nikl-2024-mirror,https://huggingface.co/datasets/binjang/NIKL-korean-english-dictionary/resolve/3b4cfd2126debfd5440cade3ef6c2a3c20cf7cf9/2024_01.csv#record=18087,NIKL source band: advanced; project heuristic TOPIK 5: professional and social category; not an official per-grade list
ko-nikl-18096,독신,,"The state of living alone without a spouse, or such a person.",noun,people > types of people,nikl-2024-mirror,https://huggingface.co/datasets/binjang/NIKL-korean-english-dictionary/resolve/3b4cfd2126debfd5440cade3ef6c2a3c20cf7cf9/2024_01.csv#record=18096,NIKL source band: advanced; project heuristic TOPIK 5: professional and social category; not an official per-grade list
ko-nikl-18110,독자적,,The quality of doing by oneself without depending on others. / A peculiar trait that is distinct from others.,noun,people > attitudes,nikl-2024-mirror,https://huggingface.co/datasets/binjang/NIKL-korean-english-dictionary/resolve/3b4cfd2126debfd5440cade3ef6c2a3c20cf7cf9/2024_01.csv#record=18110,NIKL source band: advanced; project heuristic TOPIK 5: professional and social category; not an official per-grade list
ko-nikl-18141,독창성,,A quality of thinking up or making a new thing rather than copying others.,noun,people > abilities,nikl-2024-mirror,https://huggingface.co/datasets/binjang/NIKL-korean-english-dictionary/resolve/3b4cfd2126debfd5440cade3ef6c2a3c20cf7cf9/2024_01.csv#record=18141,NIKL source band: advanced; project heuristic TOPIK 5: professional and social category; not an official per-grade list
ko-nikl-18142,독창적,,"The state or quality of making a new, distinctive thing without copying others.",noun,people > abilities,nikl-2024-mirror,https://huggingface.co/datasets/binjang/NIKL-korean-english-dictionary/resolve/3b4cfd2126debfd5440cade3ef6c2a3c20cf7cf9/2024_01.csv#record=18142,NIKL source band: advanced; project heuristic TOPIK 5: professional and social category; not an official per-grade list
ko-nikl-18181,돈독하다,,"Trustworthy, faithful, compassionate, and sincere.",descriptive verb,social life > social conditions,nikl-2024-mirror,https://huggingface.co/datasets/binjang/NIKL-korean-english-dictionary/resolve/3b4cfd2126debfd5440cade3ef6c2a3c20cf7cf9/2024_01.csv#record=18181,NIKL source band: advanced; project heuristic TOPIK 5: professional and social category; not an official per-grade list
ko-nikl-18254,돌아다보다,,(emphasizing form) To look by turning one's head backward. / (emphasizing form) To think back to something that happened in the past.,verb,people > physical actions,nikl-2024-mirror,https://huggingface.co/datasets/binjang/NIKL-korean-english-dictionary/resolve/3b4cfd2126debfd5440cade3ef6c2a3c20cf7cf9/2024_01.csv#record=18254,NIKL source band: advanced; project heuristic TOPIK 5: professional and social category; not an official per-grade list
ko-nikl-18312,동거,,The act of living together in the same house or room. / The state of living together as husband and wife without getting married.,noun,daily life > life events,nikl-2024-mirror,https://huggingface.co/datasets/binjang/NIKL-korean-english-dictionary/resolve/3b4cfd2126debfd5440cade3ef6c2a3c20cf7cf9/2024_01.csv#record=18312,NIKL source band: advanced; project heuristic TOPIK 5: professional and social category; not an official per-grade list
ko-nikl-18350,동남아,,"The southeastern part of Asia, where there are countries such as Malaysia, Myanmar, Vietnam, Indonesia, Thailand, the Philippines, etc.",noun,concepts > regions,nikl-2024-mirror,https://huggingface.co/datasets/binjang/NIKL-korean-english-dictionary/resolve/3b4cfd2126debfd5440cade3ef6c2a3c20cf7cf9/2024_01.csv#record=18350,NIKL source band: advanced; project heuristic TOPIK 5: professional and social category; not an official per-grade list
ko-nikl-18373,동등,,"The state or quality of having the same ranking or being of the same amount, or such a ranking or amount.",noun,social life > social conditions,nikl-2024-mirror,https://huggingface.co/datasets/binjang/NIKL-korean-english-dictionary/resolve/3b4cfd2126debfd5440cade3ef6c2a3c20cf7cf9/2024_01.csv#record=18373,NIKL source band: advanced; project heuristic TOPIK 5: professional and social category; not an official per-grade list
ko-nikl-18399,동문,,A person who went to the same school or learned from the same teacher.,noun,social life > interpersonal relationships,nikl-2024-mirror,https://huggingface.co/datasets/binjang/NIKL-korean-english-dictionary/resolve/3b4cfd2126debfd5440cade3ef6c2a3c20cf7cf9/2024_01.csv#record=18399,NIKL source band: advanced; project heuristic TOPIK 5: professional and social category; not an official per-grade list
ko-nikl-18425,동병상련,,People sympathizing with each other because they are in the same miserable state.,noun,people > emotions,nikl-2024-mirror,https://huggingface.co/datasets/binjang/NIKL-korean-english-dictionary/resolve/3b4cfd2126debfd5440cade3ef6c2a3c20cf7cf9/2024_01.csv#record=18425,NIKL source band: advanced; project heuristic TOPIK 5: professional and social category; not an official per-grade list
ko-nikl-18495,동요,,A state in which an object is shaken all about. / An opinion or mind continuing to change without being fixed. / A confusion from an instability in a system or situation.,noun,people > emotions,nikl-2024-mirror,https://huggingface.co/datasets/binjang/NIKL-korean-english-dictionary/resolve/3b4cfd2126debfd5440cade3ef6c2a3c20cf7cf9/2024_01.csv#record=18495,NIKL source band: advanced; project heuristic TOPIK 5: professional and social category; not an official per-grade list
ko-nikl-18537,동정,,A feeling of pity and sympathy for a person in a difficult situation. / The act of taking pity on and helping a person in a difficult situation.,noun,people > emotions,nikl-2024-mirror,https://huggingface.co/datasets/binjang/NIKL-korean-english-dictionary/resolve/3b4cfd2126debfd5440cade3ef6c2a3c20cf7cf9/2024_01.csv#record=18537,NIKL source band: advanced; project heuristic TOPIK 5: professional and social category; not an official per-grade list
ko-nikl-18558,동지,,A person who has the same goals or convictions.,noun,people > types of people,nikl-2024-mirror,https://huggingface.co/datasets/binjang/NIKL-korean-english-dictionary/resolve/3b4cfd2126debfd5440cade3ef6c2a3c20cf7cf9/2024_01.csv#record=18558,NIKL source band: advanced; project heuristic TOPIK 5: professional and social category; not an official per-grade list
ko-nikl-18562,동질성,,An identical quality or characteristic that people or objects have.,noun,people > emotions,nikl-2024-mirror,https://huggingface.co/datasets/binjang/NIKL-korean-english-dictionary/resolve/3b4cfd2126debfd5440cade3ef6c2a3c20cf7cf9/2024_01.csv#record=18562,NIKL source band: advanced; project heuristic TOPIK 5: professional and social category; not an official per-grade list
ko-nikl-18569,동참,,The act of participating together in an event or meeting.,noun,social life > social activities,nikl-2024-mirror,https://huggingface.co/datasets/binjang/NIKL-korean-english-dictionary/resolve/3b4cfd2126debfd5440cade3ef6c2a3c20cf7cf9/2024_01.csv#record=18569,NIKL source band: advanced; project heuristic TOPIK 5: professional and social category; not an official per-grade list
ko-nikl-18598,동행,,The act of making a journey together. / A person who makes a journey together with someone.,noun,social life > social activities,nikl-2024-mirror,https://huggingface.co/datasets/binjang/NIKL-korean-english-dictionary/resolve/3b4cfd2126debfd5440cade3ef6c2a3c20cf7cf9/2024_01.csv#record=18598,NIKL source band: advanced; project heuristic TOPIK 5: professional and social category; not an official per-grade list
ko-nikl-18601,동향,,"The state of facing the east, or the east direction.",noun,concepts > location and direction,nikl-2024-mirror,https://huggingface.co/datasets/binjang/NIKL-korean-english-dictionary/resolve/3b4cfd2126debfd5440cade3ef6c2a3c20cf7cf9/2024_01.csv#record=18601,NIKL source band: advanced; project heuristic TOPIK 5: professional and social category; not an official per-grade list
ko-nikl-18605,동호인,,A person who shares a hobby with other people and enjoys it together.,noun,social life > interpersonal relationships,nikl-2024-mirror,https://huggingface.co/datasets/binjang/NIKL-korean-english-dictionary/resolve/3b4cfd2126debfd5440cade3ef6c2a3c20cf7cf9/2024_01.csv#record=18605,NIKL source band: advanced; project heuristic TOPIK 5: professional and social category; not an official per-grade list
ko-nikl-18710,두근거리다,,"For one's heart to pound fast, strongly, and repeatedly as one feels frightened or uneasy, or with expectation. / To fret with anxiety or expectation.",verb,people > senses,nikl-2024-mirror,https://huggingface.co/datasets/binjang/NIKL-korean-english-dictionary/resolve/3b4cfd2126debfd5440cade3ef6c2a3c20cf7cf9/2024_01.csv#record=18710,NIKL source band: advanced; project heuristic TOPIK 5: professional and social category; not an official per-grade list
ko-nikl-18714,두꺼비,,"An amphibian animal that is similar to a frog, but whose size is larger and whose skin is darker brown.",noun,plants and animals > animals,nikl-2024-mirror,https://huggingface.co/datasets/binjang/NIKL-korean-english-dictionary/resolve/3b4cfd2126debfd5440cade3ef6c2a3c20cf7cf9/2024_01.csv#record=18714,NIKL source band: advanced; project heuristic TOPIK 5: professional and social category; not an official per-grade list
ko-nikl-18797,두텁다,,"Trustworthy, faithful, compassionate, and sincere.",descriptive verb,concepts > shape,nikl-2024-mirror,https://huggingface.co/datasets/binjang/NIKL-korean-english-dictionary/resolve/3b4cfd2126debfd5440cade3ef6c2a3c20cf7cf9/2024_01.csv#record=18797,NIKL source band: advanced; project heuristic TOPIK 5: professional and social category; not an official per-grade list
ko-nikl-18801,두툼하다,,Quite thick. / Being well-off financially.,descriptive verb,concepts > shape,nikl-2024-mirror,https://huggingface.co/datasets/binjang/NIKL-korean-english-dictionary/resolve/3b4cfd2126debfd5440cade3ef6c2a3c20cf7cf9/2024_01.csv#record=18801,NIKL source band: advanced; project heuristic TOPIK 5: professional and social category; not an official per-grade list
ko-nikl-18819,둔하다,,"Not being intelligent or lacking the capacity to deal with something. / A movement being heavy and slow. / A sense or feeling being not sharp. / Looking heavy, not sophisticated in appearance. / The blade of a knife being dull, not sharp. / A sound being heavy and dull. / A light being weak and dim.",descriptive verb,people > senses,nikl-2024-mirror,https://huggingface.co/datasets/binjang/NIKL-korean-english-dictionary/resolve/3b4cfd2126debfd5440cade3ef6c2a3c20cf7cf9/2024_01.csv#record=18819,NIKL source band: advanced; project heuristic TOPIK 5: professional and social category; not an official per-grade list
ko-nikl-18850,둥그렇다,,Big and clearly circular.,descriptive verb,concepts > shape,nikl-2024-mirror,https://huggingface.co/datasets/binjang/NIKL-korean-english-dictionary/resolve/3b4cfd2126debfd5440cade3ef6c2a3c20cf7cf9/2024_01.csv#record=18850,NIKL source band: advanced; project heuristic TOPIK 5: professional and social category; not an official per-grade list
ko-nikl-18916,뒤돌아보다,,To turn around and look behind. / To look back on the past.,verb,people > physical actions,nikl-2024-mirror,https://huggingface.co/datasets/binjang/NIKL-korean-english-dictionary/resolve/3b4cfd2126debfd5440cade3ef6c2a3c20cf7cf9/2024_01.csv#record=18916,NIKL source band: advanced; project heuristic TOPIK 5: professional and social category; not an official per-grade list
ko-nikl-18959,뒤죽박죽,,"A mess with all kinds of things mixed up, or such a state.",noun,concepts > shape,nikl-2024-mirror,https://huggingface.co/datasets/binjang/NIKL-korean-english-dictionary/resolve/3b4cfd2126debfd5440cade3ef6c2a3c20cf7cf9/2024_01.csv#record=18959,NIKL source band: advanced; project heuristic TOPIK 5: professional and social category; not an official per-grade list
ko-nikl-18978,뒤척이다,,"To look over and search things. / To move an object or one's body this way and that, or turn over.",verb,people > physical actions,nikl-2024-mirror,https://huggingface.co/datasets/binjang/NIKL-korean-english-dictionary/resolve/3b4cfd2126debfd5440cade3ef6c2a3c20cf7cf9/2024_01.csv#record=18978,NIKL source band: advanced; project heuristic TOPIK 5: professional and social category; not an official per-grade list
ko-nikl-18987,뒤통수,,The back part of the head.,noun,people > body parts,nikl-2024-mirror,https://huggingface.co/datasets/binjang/NIKL-korean-english-dictionary/resolve/3b4cfd2126debfd5440cade3ef6c2a3c20cf7cf9/2024_01.csv#record=18987,NIKL source band: advanced; project heuristic TOPIK 5: professional and social category; not an official per-grade list
ko-nikl-18998,뒤풀이,,"A party that is held after work or a gathering, or such a party.",noun,social life > social events,nikl-2024-mirror,https://huggingface.co/datasets/binjang/NIKL-korean-english-dictionary/resolve/3b4cfd2126debfd5440cade3ef6c2a3c20cf7cf9/2024_01.csv#record=18998,NIKL source band: advanced; project heuristic TOPIK 5: professional and social category; not an official per-grade list
ko-nikl-19006,뒷걸음,,A walk with feet moving backwards. / The act of avoiding being related to something. / The state of being worse than the original state.,noun,people > physical actions,nikl-2024-mirror,https://huggingface.co/datasets/binjang/NIKL-korean-english-dictionary/resolve/3b4cfd2126debfd5440cade3ef6c2a3c20cf7cf9/2024_01.csv#record=19006,NIKL source band: advanced; project heuristic TOPIK 5: professional and social category; not an official per-grade list
ko-nikl-19043,뒷바라지,,The act of helping and caring for someone.,noun,social life > social activities,nikl-2024-mirror,https://huggingface.co/datasets/binjang/NIKL-korean-english-dictionary/resolve/3b4cfd2126debfd5440cade3ef6c2a3c20cf7cf9/2024_01.csv#record=19043,NIKL source band: advanced; project heuristic TOPIK 5: professional and social category; not an official per-grade list
ko-nikl-19078,뒹굴다,,To lie down and roll one's body left and right. / To just spend time without doing anything special. / To roll here and there in a messy way.,verb,people > physical actions,nikl-2024-mirror,https://huggingface.co/datasets/binjang/NIKL-korean-english-dictionary/resolve/3b4cfd2126debfd5440cade3ef6c2a3c20cf7cf9/2024_01.csv#record=19078,NIKL source band: advanced; project heuristic TOPIK 5: professional and social category; not an official per-grade list
ko-nikl-19101,드러눕다,,To lie down comfortably. / To lie in bed as a patient.,verb,people > physical actions,nikl-2024-mirror,https://huggingface.co/datasets/binjang/NIKL-korean-english-dictionary/resolve/3b4cfd2126debfd5440cade3ef6c2a3c20cf7cf9/2024_01.csv#record=19101,NIKL source band: advanced; project heuristic TOPIK 5: professional and social category; not an official per-grade list
ko-nikl-19120,드세다,,Extreme strength or vigor. / Too hard to endure.,descriptive verb,people > attitudes,nikl-2024-mirror,https://huggingface.co/datasets/binjang/NIKL-korean-english-dictionary/resolve/3b4cfd2126debfd5440cade3ef6c2a3c20cf7cf9/2024_01.csv#record=19120,NIKL source band: advanced; project heuristic TOPIK 5: professional and social category; not an official per-grade list
ko-nikl-19172,들,,"An expanse of flat, broad land. / A broad land composed of rice paddies or fields.",noun,economy > commercial places,nikl-2024-mirror,https://huggingface.co/datasets/binjang/NIKL-korean-english-dictionary/resolve/3b4cfd2126debfd5440cade3ef6c2a3c20cf7cf9/2024_01.csv#record=19172,NIKL source band: advanced; project heuristic TOPIK 5: professional and social category; not an official per-grade list
ko-nikl-19242,들썩이다,,"For something attached to something else to be raised and lowered repeatedly; to make it rise and lower repeatedly. / For one's shoulders, hips, etc., to move up and down repeatedly; to make them move up and down repeatedly. / For one's heart to flutter out of excitement; to make one's heart flutter. / To be noisy and keep moving in haste; to make something be in such a state.",verb,people > physical actions,nikl-2024-mirror,https://huggingface.co/datasets/binjang/NIKL-korean-english-dictionary/resolve/3b4cfd2126debfd5440cade3ef6c2a3c20cf7cf9/2024_01.csv#record=19242,NIKL source band: advanced; project heuristic TOPIK 5: professional and social category; not an official per-grade list
ko-nikl-19283,들이마시다,,"To suck liquid, such as water, alcoholic drinks, etc., into one's mouth. / To breathe gas, such as air, into one's mouth or nose.",verb,people > physical actions,nikl-2024-mirror,https://huggingface.co/datasets/binjang/NIKL-korean-english-dictionary/resolve/3b4cfd2126debfd5440cade3ef6c2a3c20cf7cf9/2024_01.csv#record=19283,NIKL source band: advanced; project heuristic TOPIK 5: professional and social category; not an official per-grade list
ko-nikl-19292,들이켜다,,"To drink water, liquor, etc., in large quantity in one draft, without stopping. / To take in air or breathe in very strongly.",verb,people > physical actions,nikl-2024-mirror,https://huggingface.co/datasets/binjang/NIKL-korean-english-dictionary/resolve/3b4cfd2126debfd5440cade3ef6c2a3c20cf7cf9/2024_01.csv#record=19292,NIKL source band: advanced; project heuristic TOPIK 5: professional and social category; not an official per-grade list
ko-nikl-19339,등골,,The long central concave part of the human back.,noun,people > body parts,nikl-2024-mirror,https://huggingface.co/datasets/binjang/NIKL-korean-english-dictionary/resolve/3b4cfd2126debfd5440cade3ef6c2a3c20cf7cf9/2024_01.csv#record=19339,NIKL source band: advanced; project heuristic TOPIK 5: professional and social category; not an official per-grade list
ko-nikl-19345,등교,,A student going to school.,noun,education > teaching and learning,nikl-2024-mirror,https://huggingface.co/datasets/binjang/NIKL-korean-english-dictionary/resolve/3b4cfd2126debfd5440cade3ef6c2a3c20cf7cf9/2024_01.csv#record=19345,NIKL source band: advanced; project heuristic TOPIK 5: professional and social category; not an official per-grade list
ko-nikl-19377,등반,,The act of climbing a high mountain.,noun,daily life > leisure activities,nikl-2024-mirror,https://huggingface.co/datasets/binjang/NIKL-korean-english-dictionary/resolve/3b4cfd2126debfd5440cade3ef6c2a3c20cf7cf9/2024_01.csv#record=19377,NIKL source band: advanced; project heuristic TOPIK 5: professional and social category; not an official per-grade list
ko-nikl-19439,디디다,,To stand with one's foot on something. / To press something with one's feet or step on something. / To get over a difficult situation.,verb,people > physical actions,nikl-2024-mirror,https://huggingface.co/datasets/binjang/NIKL-korean-english-dictionary/resolve/3b4cfd2126debfd5440cade3ef6c2a3c20cf7cf9/2024_01.csv#record=19439,NIKL source band: advanced; project heuristic TOPIK 5: professional and social category; not an official per-grade list
ko-nikl-19456,딛다,,To stand with one's foot on something. / To press something with one's feet or step on something. / To overcome a difficult situation.,verb,people > physical actions,nikl-2024-mirror,https://huggingface.co/datasets/binjang/NIKL-korean-english-dictionary/resolve/3b4cfd2126debfd5440cade3ef6c2a3c20cf7cf9/2024_01.csv#record=19456,NIKL source band: advanced; project heuristic TOPIK 5: professional and social category; not an official per-grade list
ko-nikl-19463,따갑다,,"So hot the skin feels like it is on fire. / Aching as if the skin is pricked. / Advice or a glare, etc., being very critical and sharp.",descriptive verb,people > senses,nikl-2024-mirror,https://huggingface.co/datasets/binjang/NIKL-korean-english-dictionary/resolve/3b4cfd2126debfd5440cade3ef6c2a3c20cf7cf9/2024_01.csv#record=19463,NIKL source band: advanced; project heuristic TOPIK 5: professional and social category; not an official per-grade list
ko-nikl-19481,따돌리다,,"To be separated from, distance oneself from, or give a hard time to someone one hates or does not like. / To advance so far ahead that a follower can barely catch up. / To divert a glance, topic, etc., somewhere else, or avoid it",verb,social life > social activities,nikl-2024-mirror,https://huggingface.co/datasets/binjang/NIKL-korean-english-dictionary/resolve/3b4cfd2126debfd5440cade3ef6c2a3c20cf7cf9/2024_01.csv#record=19481,NIKL source band: advanced; project heuristic TOPIK 5: professional and social category; not an official per-grade list
ko-nikl-19482,따돌림,,The act of ostracizing or harassing someone whom one dislikes or hates.,noun,social life > social activities,nikl-2024-mirror,https://huggingface.co/datasets/binjang/NIKL-korean-english-dictionary/resolve/3b4cfd2126debfd5440cade3ef6c2a3c20cf7cf9/2024_01.csv#record=19482,NIKL source band: advanced; project heuristic TOPIK 5: professional and social category; not an official per-grade list
ko-nikl-19539,딱하다,,Someone's situation or circumstances being bad. / Awkward to decide something because one is in a double bind.,descriptive verb,daily life > life circumstances,nikl-2024-mirror,https://huggingface.co/datasets/binjang/NIKL-korean-english-dictionary/resolve/3b4cfd2126debfd5440cade3ef6c2a3c20cf7cf9/2024_01.csv#record=19539,NIKL source band: advanced; project heuristic TOPIK 5: professional and social category; not an official per-grade list
ko-nikl-19733,떨구다,,"To glance down. / To make something above move down. / To drop or leave behind what one has been holding. / To make someone fall behind or be left out. / To bend one's head down. / To lower a price or amount. / To use up something that has been used. / To make someone or something lose a value, position, honor, etc. / To shake something very hard so that it falls off. / To drop a bad thought or feeling. / To make someone not passing or not picked in a test, contest, etc.",verb,people > physical actions,nikl-2024-mirror,https://huggingface.co/datasets/binjang/NIKL-korean-english-dictionary/resolve/3b4cfd2126debfd5440cade3ef6c2a3c20cf7cf9/2024_01.csv#record=19733,NIKL source band: advanced; project heuristic TOPIK 5: professional and social category; not an official per-grade list
ko-nikl-19752,떫다,,Bitter- and rough-tasting. / Displeased because someone's remark or behavior is not right.,descriptive verb,food > tastes,nikl-2024-mirror,https://huggingface.co/datasets/binjang/NIKL-korean-english-dictionary/resolve/3b4cfd2126debfd5440cade3ef6c2a3c20cf7cf9/2024_01.csv#record=19752,NIKL source band: advanced; project heuristic TOPIK 5: professional and social category; not an official per-grade list
ko-nikl-19754,떳떳하다,,Having a clear conscience; holding one's head up.,descriptive verb,people > attitudes,nikl-2024-mirror,https://huggingface.co/datasets/binjang/NIKL-korean-english-dictionary/resolve/3b4cfd2126debfd5440cade3ef6c2a3c20cf7cf9/2024_01.csv#record=19754,NIKL source band: advanced; project heuristic TOPIK 5: professional and social category; not an official per-grade list
ko-nikl-19780,또래,,"A group of people of similar age or level, or a person in such a group.",noun,people > types of people,nikl-2024-mirror,https://huggingface.co/datasets/binjang/NIKL-korean-english-dictionary/resolve/3b4cfd2126debfd5440cade3ef6c2a3c20cf7cf9/2024_01.csv#record=19780,NIKL source band: advanced; project heuristic TOPIK 5: professional and social category; not an official per-grade list
ko-nikl-19783,또렷하다,,Clear and sure.,descriptive verb,concepts > shape,nikl-2024-mirror,https://huggingface.co/datasets/binjang/NIKL-korean-english-dictionary/resolve/3b4cfd2126debfd5440cade3ef6c2a3c20cf7cf9/2024_01.csv#record=19783,NIKL source band: advanced; project heuristic TOPIK 5: professional and social category; not an official per-grade list
ko-nikl-20088,라켓,,"Sports equipment used to hit the ball in badminton, ping-pong, tennis, etc.",noun,daily life > leisure equipment,nikl-2024-mirror,https://huggingface.co/datasets/binjang/NIKL-korean-english-dictionary/resolve/3b4cfd2126debfd5440cade3ef6c2a3c20cf7cf9/2024_01.csv#record=20088,NIKL source band: advanced; project heuristic TOPIK 5: professional and social category; not an official per-grade list
ko-nikl-20143,레슬링,,"A sport in which two persons struggle hand-to-hand on a mat, each trying to press his/her opponent's shoulders to the ground.",noun,daily life > leisure activities,nikl-2024-mirror,https://huggingface.co/datasets/binjang/NIKL-korean-english-dictionary/resolve/3b4cfd2126debfd5440cade3ef6c2a3c20cf7cf9/2024_01.csv#record=20143,NIKL source band: advanced; project heuristic TOPIK 5: professional and social category; not an official per-grade list
ko-nikl-20153,레저,,"Time free from work or duties, or using that time to relax comfortably.",noun,daily life > leisure activities,nikl-2024-mirror,https://huggingface.co/datasets/binjang/NIKL-korean-english-dictionary/resolve/3b4cfd2126debfd5440cade3ef6c2a3c20cf7cf9/2024_01.csv#record=20153,NIKL source band: advanced; project heuristic TOPIK 5: professional and social category; not an official per-grade list
ko-nikl-20310,리포터,,"A reporter who delivers news from the scene for a newspaper, broadcast, magazine, etc.",noun,social life > occupations,nikl-2024-mirror,https://huggingface.co/datasets/binjang/NIKL-korean-english-dictionary/resolve/3b4cfd2126debfd5440cade3ef6c2a3c20cf7cf9/2024_01.csv#record=20310,NIKL source band: advanced; project heuristic TOPIK 5: professional and social category; not an official per-grade list
ko-nikl-20348,마누라,,(affectionate) One's wife who is past middle-age. / (slang) A woman who is past middle-age.,noun,daily life > family relationships,nikl-2024-mirror,https://huggingface.co/datasets/binjang/NIKL-korean-english-dictionary/resolve/3b4cfd2126debfd5440cade3ef6c2a3c20cf7cf9/2024_01.csv#record=20348,NIKL source band: advanced; project heuristic TOPIK 5: professional and social category; not an official per-grade list
ko-nikl-35840,마비,,A state in which a part or all of the body has become numb or cannot move due to problems with the nerves or muscles. / (figurative) A state in which something does not function properly due to a problem.,noun,daily life > illness and symptoms,nikl-2024-mirror,https://huggingface.co/datasets/binjang/NIKL-korean-english-dictionary/resolve/3b4cfd2126debfd5440cade3ef6c2a3c20cf7cf9/2024_01.csv#record=35840,NIKL source band: advanced; project heuristic TOPIK 5: professional and social category; not an official per-grade list
ko-nikl-35929,마지못하다,,Not wanting to do but must do.,descriptive verb,people > attitudes,nikl-2024-mirror,https://huggingface.co/datasets/binjang/NIKL-korean-english-dictionary/resolve/3b4cfd2126debfd5440cade3ef6c2a3c20cf7cf9/2024_01.csv#record=35929,NIKL source band: advanced; project heuristic TOPIK 5: professional and social category; not an official per-grade list
ko-nikl-35940,마취,,The process of making someone lose consciousness or senses for a certain time by using drugs. / The state in which someone is so engrossed in something as to lose his/her reason.,noun,daily life > medical treatment,nikl-2024-mirror,https://huggingface.co/datasets/binjang/NIKL-korean-english-dictionary/resolve/3b4cfd2126debfd5440cade3ef6c2a3c20cf7cf9/2024_01.csv#record=35940,NIKL source band: advanced; project heuristic TOPIK 5: professional and social category; not an official per-grade list
ko-nikl-35993,막대하다,,Extremely large or numerous.,descriptive verb,concepts > shape,nikl-2024-mirror,https://huggingface.co/datasets/binjang/NIKL-korean-english-dictionary/resolve/3b4cfd2126debfd5440cade3ef6c2a3c20cf7cf9/2024_01.csv#record=35993,NIKL source band: advanced; project heuristic TOPIK 5: professional and social category; not an official per-grade list
ko-nikl-36003,막무가내,,The manner of ignoring what other people say because of stubbornness.,noun,people > attitudes,nikl-2024-mirror,https://huggingface.co/datasets/binjang/NIKL-korean-english-dictionary/resolve/3b4cfd2126debfd5440cade3ef6c2a3c20cf7cf9/2024_01.csv#record=36003,NIKL source band: advanced; project heuristic TOPIK 5: professional and social category; not an official per-grade list
ko-nikl-36150,만장일치,,The opinions of all people being the same.,noun,social life > social conditions,nikl-2024-mirror,https://huggingface.co/datasets/binjang/NIKL-korean-english-dictionary/resolve/3b4cfd2126debfd5440cade3ef6c2a3c20cf7cf9/2024_01.csv#record=36150,NIKL source band: advanced; project heuristic TOPIK 5: professional and social category; not an official per-grade list
ko-nikl-36157,만족도,,The level of achievement that one feels about an expectation or need towards something.,noun,people > emotions,nikl-2024-mirror,https://huggingface.co/datasets/binjang/NIKL-korean-english-dictionary/resolve/3b4cfd2126debfd5440cade3ef6c2a3c20cf7cf9/2024_01.csv#record=36157,NIKL source band: advanced; project heuristic TOPIK 5: professional and social category; not an official per-grade list
ko-nikl-36208,맏이,,The firstborn child among many brothers and sisters.,noun,daily life > family relationships,nikl-2024-mirror,https://huggingface.co/datasets/binjang/NIKL-korean-english-dictionary/resolve/3b4cfd2126debfd5440cade3ef6c2a3c20cf7cf9/2024_01.csv#record=36208,NIKL source band: advanced; project heuristic TOPIK 5: professional and social category; not an official per-grade list
ko-nikl-36210,맏형,,The eldest brother among many brothers.,noun,daily life > family relationships,nikl-2024-mirror,https://huggingface.co/datasets/binjang/NIKL-korean-english-dictionary/resolve/3b4cfd2126debfd5440cade3ef6c2a3c20cf7cf9/2024_01.csv#record=36210,NIKL source band: advanced; project heuristic TOPIK 5: professional and social category; not an official per-grade list
ko-nikl-36296,말끝,,The ending of a short statement or story.,noun,social life > communication tools,nikl-2024-mirror,https://huggingface.co/datasets/binjang/NIKL-korean-english-dictionary/resolve/3b4cfd2126debfd5440cade3ef6c2a3c20cf7cf9/2024_01.csv#record=36296,NIKL source band: advanced; project heuristic TOPIK 5: professional and social category; not an official per-grade list
ko-nikl-36306,말단,,"The tail end of something. / The lowest position within a company or organization, etc.",noun,social life > job positions,nikl-2024-mirror,https://huggingface.co/datasets/binjang/NIKL-korean-english-dictionary/resolve/3b4cfd2126debfd5440cade3ef6c2a3c20cf7cf9/2024_01.csv#record=36306,NIKL source band: advanced; project heuristic TOPIK 5: professional and social category; not an official per-grade list
ko-nikl-36343,말문,,A mouth that is opened for the purpose of speaking. / The first time one speaks.,noun,social life > communication tools,nikl-2024-mirror,https://huggingface.co/datasets/binjang/NIKL-korean-english-dictionary/resolve/3b4cfd2126debfd5440cade3ef6c2a3c20cf7cf9/2024_01.csv#record=36343,NIKL source band: advanced; project heuristic TOPIK 5: professional and social category; not an official per-grade list
ko-nikl-36374,말솜씨,,Being good or being poor at speaking.,noun,people > abilities,nikl-2024-mirror,https://huggingface.co/datasets/binjang/NIKL-korean-english-dictionary/resolve/3b4cfd2126debfd5440cade3ef6c2a3c20cf7cf9/2024_01.csv#record=36374,NIKL source band: advanced; project heuristic TOPIK 5: professional and social category; not an official per-grade list
ko-nikl-36379,말썽,,Words or behavior that causes trouble.,noun,social life > social activities,nikl-2024-mirror,https://huggingface.co/datasets/binjang/NIKL-korean-english-dictionary/resolve/3b4cfd2126debfd5440cade3ef6c2a3c20cf7cf9/2024_01.csv#record=36379,NIKL source band: advanced; project heuristic TOPIK 5: professional and social category; not an official per-grade list
ko-nikl-36392,말재주,,A talent for speaking well.,noun,people > abilities,nikl-2024-mirror,https://huggingface.co/datasets/binjang/NIKL-korean-english-dictionary/resolve/3b4cfd2126debfd5440cade3ef6c2a3c20cf7cf9/2024_01.csv#record=36392,NIKL source band: advanced; project heuristic TOPIK 5: professional and social category; not an official per-grade list
ko-nikl-36484,망신,,Losing one's face or honor due to a mistake in words or behavior.,noun,social life > social activities,nikl-2024-mirror,https://huggingface.co/datasets/binjang/NIKL-korean-english-dictionary/resolve/3b4cfd2126debfd5440cade3ef6c2a3c20cf7cf9/2024_01.csv#record=36484,NIKL source band: advanced; project heuristic TOPIK 5: professional and social category; not an official per-grade list
ko-nikl-36610,매니저,,"A person whose job it is to manage an entertainer or athlete's casting, schedule, income, etc. / A person who is responsible for overseeing and supervising the business of a company, hotel, shop, etc.",noun,social life > occupations,nikl-2024-mirror,https://huggingface.co/datasets/binjang/NIKL-korean-english-dictionary/resolve/3b4cfd2126debfd5440cade3ef6c2a3c20cf7cf9/2024_01.csv#record=36610,NIKL source band: advanced; project heuristic TOPIK 5: professional and social category; not an official per-grade list
ko-nikl-36626,매력적,,Having the power of attracting people's attention or hearts.,noun,people > appearance,nikl-2024-mirror,https://huggingface.co/datasets/binjang/NIKL-korean-english-dictionary/resolve/3b4cfd2126debfd5440cade3ef6c2a3c20cf7cf9/2024_01.csv#record=36626,NIKL source band: advanced; project heuristic TOPIK 5: professional and social category; not an official per-grade list
ko-nikl-36637,매매,,The act of selling and buying things.,noun,economy > economic activities,nikl-2024-mirror,https://huggingface.co/datasets/binjang/NIKL-korean-english-dictionary/resolve/3b4cfd2126debfd5440cade3ef6c2a3c20cf7cf9/2024_01.csv#record=36637,NIKL source band: advanced; project heuristic TOPIK 5: professional and social category; not an official per-grade list
ko-nikl-36663,매섭다,,"So ferocious that one feels scared. / Cold or wind, etc., being very severe.",descriptive verb,people > personality,nikl-2024-mirror,https://huggingface.co/datasets/binjang/NIKL-korean-english-dictionary/resolve/3b4cfd2126debfd5440cade3ef6c2a3c20cf7cf9/2024_01.csv#record=36663,NIKL source band: advanced; project heuristic TOPIK 5: professional and social category; not an official per-grade list
ko-nikl-36689,매입,,The act of buying things.,noun,economy > economic activities,nikl-2024-mirror,https://huggingface.co/datasets/binjang/NIKL-korean-english-dictionary/resolve/3b4cfd2126debfd5440cade3ef6c2a3c20cf7cf9/2024_01.csv#record=36689,NIKL source band: advanced; project heuristic TOPIK 5: professional and social category; not an official per-grade list
ko-nikl-36720,매출,,The act of selling an object.,noun,economy > economic conditions,nikl-2024-mirror,https://huggingface.co/datasets/binjang/NIKL-korean-english-dictionary/resolve/3b4cfd2126debfd5440cade3ef6c2a3c20cf7cf9/2024_01.csv#record=36720,NIKL source band: advanced; project heuristic TOPIK 5: professional and social category; not an official per-grade list
ko-nikl-36726,매콤하다,,A smell or taste being pleasingly a little bit hot.,descriptive verb,food > tastes,nikl-2024-mirror,https://huggingface.co/datasets/binjang/NIKL-korean-english-dictionary/resolve/3b4cfd2126debfd5440cade3ef6c2a3c20cf7cf9/2024_01.csv#record=36726,NIKL source band: advanced; project heuristic TOPIK 5: professional and social category; not an official per-grade list
ko-nikl-36773,맨손,,"A hand that has nothing on or does not hold anything. / (figurative) A state of having no money or assets, etc.",noun,people > body parts,nikl-2024-mirror,https://huggingface.co/datasets/binjang/NIKL-korean-english-dictionary/resolve/3b4cfd2126debfd5440cade3ef6c2a3c20cf7cf9/2024_01.csv#record=36773,NIKL source band: advanced; project heuristic TOPIK 5: professional and social category; not an official per-grade list
ko-nikl-36813,맹세,,The act of making a firm commitment or promise.,noun,social life > social activities,nikl-2024-mirror,https://huggingface.co/datasets/binjang/NIKL-korean-english-dictionary/resolve/3b4cfd2126debfd5440cade3ef6c2a3c20cf7cf9/2024_01.csv#record=36813,NIKL source band: advanced; project heuristic TOPIK 5: professional and social category; not an official per-grade list
ko-nikl-36849,머금다,,"To keep something in one's mouth without swallowing it. / To hold in some fluid, such as tears, without letting it fall. / To show some expression or emotion on one' face. / To have an emotion or thought.",verb,people > physical actions,nikl-2024-mirror,https://huggingface.co/datasets/binjang/NIKL-korean-english-dictionary/resolve/3b4cfd2126debfd5440cade3ef6c2a3c20cf7cf9/2024_01.csv#record=36849,NIKL source band: advanced; project heuristic TOPIK 5: professional and social category; not an official per-grade list
ko-nikl-36905,머리맡,,The area around the head of a person who is lying down.,noun,concepts > location and direction,nikl-2024-mirror,https://huggingface.co/datasets/binjang/NIKL-korean-english-dictionary/resolve/3b4cfd2126debfd5440cade3ef6c2a3c20cf7cf9/2024_01.csv#record=36905,NIKL source band: advanced; project heuristic TOPIK 5: professional and social category; not an official per-grade list
ko-nikl-36939,머지않다,,Not far-off in terms of time.,descriptive verb,concepts > time,nikl-2024-mirror,https://huggingface.co/datasets/binjang/NIKL-korean-english-dictionary/resolve/3b4cfd2126debfd5440cade3ef6c2a3c20cf7cf9/2024_01.csv#record=36939,NIKL source band: advanced; project heuristic TOPIK 5: professional and social category; not an official per-grade list
ko-nikl-36962,먹음직스럽다,,Looking delicious enough to stimulate one's appetite.,descriptive verb,concepts > shape,nikl-2024-mirror,https://huggingface.co/datasets/binjang/NIKL-korean-english-dictionary/resolve/3b4cfd2126debfd5440cade3ef6c2a3c20cf7cf9/2024_01.csv#record=36962,NIKL source band: advanced; project heuristic TOPIK 5: professional and social category; not an official per-grade list
ko-nikl-36993,멀다,,To become unable to see or hear. / (figurative) To fall into a state of vague thoughts and lose one's ability to judge.,verb,concepts > location and direction,nikl-2024-mirror,https://huggingface.co/datasets/binjang/NIKL-korean-english-dictionary/resolve/3b4cfd2126debfd5440cade3ef6c2a3c20cf7cf9/2024_01.csv#record=36993,NIKL source band: advanced; project heuristic TOPIK 5: professional and social category; not an official per-grade list
ko-nikl-37027,멋스럽다,,The image or atmosphere of someone or something being good and sophisticated.,descriptive verb,people > appearance,nikl-2024-mirror,https://huggingface.co/datasets/binjang/NIKL-korean-english-dictionary/resolve/3b4cfd2126debfd5440cade3ef6c2a3c20cf7cf9/2024_01.csv#record=37027,NIKL source band: advanced; project heuristic TOPIK 5: professional and social category; not an official per-grade list
ko-nikl-37034,멍들다,,For the part beneath one's skin to become blue when one is hit by something or is beaten. / (figurative) For one's mind to become hurt or shocked due to a certain incident.,verb,daily life > illness and symptoms,nikl-2024-mirror,https://huggingface.co/datasets/binjang/NIKL-korean-english-dictionary/resolve/3b4cfd2126debfd5440cade3ef6c2a3c20cf7cf9/2024_01.csv#record=37034,NIKL source band: advanced; project heuristic TOPIK 5: professional and social category; not an official per-grade list
ko-nikl-37045,멍청하다,,Dazed as if one lost one's wits. / So unintelligent as to be incapable of making sound judgements.,descriptive verb,people > attitudes,nikl-2024-mirror,https://huggingface.co/datasets/binjang/NIKL-korean-english-dictionary/resolve/3b4cfd2126debfd5440cade3ef6c2a3c20cf7cf9/2024_01.csv#record=37045,NIKL source band: advanced; project heuristic TOPIK 5: professional and social category; not an official per-grade list
ko-nikl-37049,멍하다,,Unresponsive as if he/she lost his/her wits. / Being in a daze as one is frightened or embarrassed.,descriptive verb,people > attitudes,nikl-2024-mirror,https://huggingface.co/datasets/binjang/NIKL-korean-english-dictionary/resolve/3b4cfd2126debfd5440cade3ef6c2a3c20cf7cf9/2024_01.csv#record=37049,NIKL source band: advanced; project heuristic TOPIK 5: professional and social category; not an official per-grade list
ko-nikl-37116,면,,"A thread or a cloth that is made of cotton wool, cotton cloth, or a cotton ball.",noun,clothing and appearance > fabric,nikl-2024-mirror,https://huggingface.co/datasets/binjang/NIKL-korean-english-dictionary/resolve/3b4cfd2126debfd5440cade3ef6c2a3c20cf7cf9/2024_01.csv#record=37116,NIKL source band: advanced; project heuristic TOPIK 5: professional and social category; not an official per-grade list
ko-nikl-37117,면,,"A dish made from flour, potato flour, etc., the dough of which is cut into thin, long strips or processed through a machine as thin, long, round strips.",noun,food > dishes,nikl-2024-mirror,https://huggingface.co/datasets/binjang/NIKL-korean-english-dictionary/resolve/3b4cfd2126debfd5440cade3ef6c2a3c20cf7cf9/2024_01.csv#record=37117,NIKL source band: advanced; project heuristic TOPIK 5: professional and social category; not an official per-grade list
ko-nikl-37131,면모,,"A person or thing's outer appearance or figure. / A person or thing's state, or character or nature.",noun,concepts > shape,nikl-2024-mirror,https://huggingface.co/datasets/binjang/NIKL-korean-english-dictionary/resolve/3b4cfd2126debfd5440cade3ef6c2a3c20cf7cf9/2024_01.csv#record=37131,NIKL source band: advanced; project heuristic TOPIK 5: professional and social category; not an official per-grade list
ko-nikl-37148,면세점,,"A store located in an airport or downtown, that sells products tax-free.",noun,economy > commercial places,nikl-2024-mirror,https://huggingface.co/datasets/binjang/NIKL-korean-english-dictionary/resolve/3b4cfd2126debfd5440cade3ef6c2a3c20cf7cf9/2024_01.csv#record=37148,NIKL source band: advanced; project heuristic TOPIK 5: professional and social category; not an official per-grade list
ko-nikl-37151,면역,,"A phenomenon in which an antibody is created against a germ or virus invading the body of humans or animals, keeping one from catching a disease caused by such a germ or virus. / (figurative) A state in which one is accustomed to a repeated stimulus, and ends up being unresponsive and insensitive to it.",noun,daily life > illness and symptoms,nikl-2024-mirror,https://huggingface.co/datasets/binjang/NIKL-korean-english-dictionary/resolve/3b4cfd2126debfd5440cade3ef6c2a3c20cf7cf9/2024_01.csv#record=37151,NIKL source band: advanced; project heuristic TOPIK 5: professional and social category; not an official per-grade list
ko-nikl-37160,면접시험,,A test in which an interviewer evaluates an interviewee by asking questions in person.,noun,social life > social activities,nikl-2024-mirror,https://huggingface.co/datasets/binjang/NIKL-korean-english-dictionary/resolve/3b4cfd2126debfd5440cade3ef6c2a3c20cf7cf9/2024_01.csv#record=37160,NIKL source band: advanced; project heuristic TOPIK 5: professional and social category; not an official per-grade list
ko-nikl-37175,면회,,"Visiting and meeting someone working or living in a certain place, where the entrance of ordinary people is restricted.",noun,social life > social activities,nikl-2024-mirror,https://huggingface.co/datasets/binjang/NIKL-korean-english-dictionary/resolve/3b4cfd2126debfd5440cade3ef6c2a3c20cf7cf9/2024_01.csv#record=37175,NIKL source band: advanced; project heuristic TOPIK 5: professional and social category; not an official per-grade list
ko-nikl-37214,명당,,"propitious site; auspicious place: A good site for a house or grave, believed to bring luck to one's offspring according to a theory of Korean geomancy. / A site or place that is very good for doing a certain thing.",noun,concepts > regions,nikl-2024-mirror,https://huggingface.co/datasets/binjang/NIKL-korean-english-dictionary/resolve/3b4cfd2126debfd5440cade3ef6c2a3c20cf7cf9/2024_01.csv#record=37214,NIKL source band: advanced; project heuristic TOPIK 5: professional and social category; not an official per-grade list
ko-nikl-37218,명랑,,The state of being pleasant and full of life.,noun,people > personality,nikl-2024-mirror,https://huggingface.co/datasets/binjang/NIKL-korean-english-dictionary/resolve/3b4cfd2126debfd5440cade3ef6c2a3c20cf7cf9/2024_01.csv#record=37218,NIKL source band: advanced; project heuristic TOPIK 5: professional and social category; not an official per-grade list
ko-nikl-37273,명소,,"A place famous for its beautiful scenery, historical significance or local specialties.",noun,daily life > leisure facilities,nikl-2024-mirror,https://huggingface.co/datasets/binjang/NIKL-korean-english-dictionary/resolve/3b4cfd2126debfd5440cade3ef6c2a3c20cf7cf9/2024_01.csv#record=37273,NIKL source band: advanced; project heuristic TOPIK 5: professional and social category; not an official per-grade list
ko-nikl-37279,명승지,,A place famous for its great scenery.,noun,daily life > leisure facilities,nikl-2024-mirror,https://huggingface.co/datasets/binjang/NIKL-korean-english-dictionary/resolve/3b4cfd2126debfd5440cade3ef6c2a3c20cf7cf9/2024_01.csv#record=37279,NIKL source band: advanced; project heuristic TOPIK 5: professional and social category; not an official per-grade list
ko-nikl-37344,명품,,A product or work that is excellent or well-known.,noun,economy > economic products,nikl-2024-mirror,https://huggingface.co/datasets/binjang/NIKL-korean-english-dictionary/resolve/3b4cfd2126debfd5440cade3ef6c2a3c20cf7cf9/2024_01.csv#record=37344,NIKL source band: advanced; project heuristic TOPIK 5: professional and social category; not an official per-grade list
ko-nikl-37447,모발,,A person's hair.,noun,people > body parts,nikl-2024-mirror,https://huggingface.co/datasets/binjang/NIKL-korean-english-dictionary/resolve/3b4cfd2126debfd5440cade3ef6c2a3c20cf7cf9/2024_01.csv#record=37447,NIKL source band: advanced; project heuristic TOPIK 5: professional and social category; not an official per-grade list
ko-nikl-37463,모서리,,"An area of a thing, where edges meet and form an angle. / In a polyhedron, a line created by the intersection of two sides.",noun,concepts > shape,nikl-2024-mirror,https://huggingface.co/datasets/binjang/NIKL-korean-english-dictionary/resolve/3b4cfd2126debfd5440cade3ef6c2a3c20cf7cf9/2024_01.csv#record=37463,NIKL source band: advanced; project heuristic TOPIK 5: professional and social category; not an official per-grade list
ko-nikl-37497,모유,,Milk from the mother.,noun,food > drinks,nikl-2024-mirror,https://huggingface.co/datasets/binjang/NIKL-korean-english-dictionary/resolve/3b4cfd2126debfd5440cade3ef6c2a3c20cf7cf9/2024_01.csv#record=37497,NIKL source band: advanced; project heuristic TOPIK 5: professional and social category; not an official per-grade list
ko-nikl-37543,모퉁이,,"The area enclosed by curves or turns. / The part of an edge of a thing, or a secluded place. / A part within a certain range.",noun,concepts > regions,nikl-2024-mirror,https://huggingface.co/datasets/binjang/NIKL-korean-english-dictionary/resolve/3b4cfd2126debfd5440cade3ef6c2a3c20cf7cf9/2024_01.csv#record=37543,NIKL source band: advanced; project heuristic TOPIK 5: professional and social category; not an official per-grade list
ko-nikl-37556,모형,,A frame used for making or molding a thing with a same shape. / A thing that is made after a shape of a certain object. / An examplar thing or person introduced to explain or prove a certain fact or system.,noun,concepts > shape,nikl-2024-mirror,https://huggingface.co/datasets/binjang/NIKL-korean-english-dictionary/resolve/3b4cfd2126debfd5440cade3ef6c2a3c20cf7cf9/2024_01.csv#record=37556,NIKL source band: advanced; project heuristic TOPIK 5: professional and social category; not an official per-grade list
ko-nikl-37602,목덜미,,The back of the neck.,noun,people > body parts,nikl-2024-mirror,https://huggingface.co/datasets/binjang/NIKL-korean-english-dictionary/resolve/3b4cfd2126debfd5440cade3ef6c2a3c20cf7cf9/2024_01.csv#record=37602,NIKL source band: advanced; project heuristic TOPIK 5: professional and social category; not an official per-grade list
ko-nikl-37606,목돈,,A large amount of money,noun,economy > financial instruments,nikl-2024-mirror,https://huggingface.co/datasets/binjang/NIKL-korean-english-dictionary/resolve/3b4cfd2126debfd5440cade3ef6c2a3c20cf7cf9/2024_01.csv#record=37606,NIKL source band: advanced; project heuristic TOPIK 5: professional and social category; not an official per-grade list
ko-nikl-37649,목장,,"A place with pens, grass, etc., for raising cows, horses, sheep, etc.",noun,economy > commercial places,nikl-2024-mirror,https://huggingface.co/datasets/binjang/NIKL-korean-english-dictionary/resolve/3b4cfd2126debfd5440cade3ef6c2a3c20cf7cf9/2024_01.csv#record=37649,NIKL source band: advanced; project heuristic TOPIK 5: professional and social category; not an official per-grade list
ko-nikl-37706,몰락,,A state of becoming worthless due to loss of wealth or weakened power. / A complete extinction as a result of an utter failure.,noun,economy > economic conditions,nikl-2024-mirror,https://huggingface.co/datasets/binjang/NIKL-korean-english-dictionary/resolve/3b4cfd2126debfd5440cade3ef6c2a3c20cf7cf9/2024_01.csv#record=37706,NIKL source band: advanced; project heuristic TOPIK 5: professional and social category; not an official per-grade list
ko-nikl-37710,몰려가다,,"For a crowd of people to go somewhere at the same time. / For clouds, etc., to travel in one direction at the same time.",verb,people > physical actions,nikl-2024-mirror,https://huggingface.co/datasets/binjang/NIKL-korean-english-dictionary/resolve/3b4cfd2126debfd5440cade3ef6c2a3c20cf7cf9/2024_01.csv#record=37710,NIKL source band: advanced; project heuristic TOPIK 5: professional and social category; not an official per-grade list
ko-nikl-37734,몰아쉬다,,To breathe in and out a large amount of air in one breath.,verb,people > physical actions,nikl-2024-mirror,https://huggingface.co/datasets/binjang/NIKL-korean-english-dictionary/resolve/3b4cfd2126debfd5440cade3ef6c2a3c20cf7cf9/2024_01.csv#record=37734,NIKL source band: advanced; project heuristic TOPIK 5: professional and social category; not an official per-grade list
ko-nikl-37824,못마땅하다,,"Being unhappy with something, and therefore having reservations about it.",descriptive verb,people > emotions,nikl-2024-mirror,https://huggingface.co/datasets/binjang/NIKL-korean-english-dictionary/resolve/3b4cfd2126debfd5440cade3ef6c2a3c20cf7cf9/2024_01.csv#record=37824,NIKL source band: advanced; project heuristic TOPIK 5: professional and social category; not an official per-grade list
ko-nikl-37871,묘미,,A special fascination or amusement felt only about a certain thing.,noun,people > emotions,nikl-2024-mirror,https://huggingface.co/datasets/binjang/NIKL-korean-english-dictionary/resolve/3b4cfd2126debfd5440cade3ef6c2a3c20cf7cf9/2024_01.csv#record=37871,NIKL source band: advanced; project heuristic TOPIK 5: professional and social category; not an official per-grade list
ko-nikl-37934,무기력,,The state of having no energy or power to do something.,noun,people > abilities,nikl-2024-mirror,https://huggingface.co/datasets/binjang/NIKL-korean-english-dictionary/resolve/3b4cfd2126debfd5440cade3ef6c2a3c20cf7cf9/2024_01.csv#record=37934,NIKL source band: advanced; project heuristic TOPIK 5: professional and social category; not an official per-grade list
ko-nikl-37946,무난하다,,"Having few difficulties or obstacles. / Having no recognizable shortcoming or defect. / Having a personality which is okay, not picky.",descriptive verb,people > personality,nikl-2024-mirror,https://huggingface.co/datasets/binjang/NIKL-korean-english-dictionary/resolve/3b4cfd2126debfd5440cade3ef6c2a3c20cf7cf9/2024_01.csv#record=37946,NIKL source band: advanced; project heuristic TOPIK 5: professional and social category; not an official per-grade list
ko-nikl-37993,무뚝뚝하다,,"A person's manner of speaking, behavior, facial expression, etc., being not soft or congenial, so as to give an impression of coldness.",descriptive verb,people > personality,nikl-2024-mirror,https://huggingface.co/datasets/binjang/NIKL-korean-english-dictionary/resolve/3b4cfd2126debfd5440cade3ef6c2a3c20cf7cf9/2024_01.csv#record=37993,NIKL source band: advanced; project heuristic TOPIK 5: professional and social category; not an official per-grade list
ko-nikl-38004,무례,,The quality of having no manners in one's words or behavior.,noun,people > attitudes,nikl-2024-mirror,https://huggingface.co/datasets/binjang/NIKL-korean-english-dictionary/resolve/3b4cfd2126debfd5440cade3ef6c2a3c20cf7cf9/2024_01.csv#record=38004,NIKL source band: advanced; project heuristic TOPIK 5: professional and social category; not an official per-grade list
ko-nikl-38014,무르다,,"Not hard or stiff, but soft. / Tender and soft as a result of containing too much water. / Tender-hearted or weak.",descriptive verb,people > personality,nikl-2024-mirror,https://huggingface.co/datasets/binjang/NIKL-korean-english-dictionary/resolve/3b4cfd2126debfd5440cade3ef6c2a3c20cf7cf9/2024_01.csv#record=38014,NIKL source band: advanced; project heuristic TOPIK 5: professional and social category; not an official per-grade list
ko-nikl-38015,무르익다,,"For fruits, grains, etc., to completely become ripe. / For a certain period or incident to reach the peak.",verb,plants and animals > plant and animal activities,nikl-2024-mirror,https://huggingface.co/datasets/binjang/NIKL-korean-english-dictionary/resolve/3b4cfd2126debfd5440cade3ef6c2a3c20cf7cf9/2024_01.csv#record=38015,NIKL source band: advanced; project heuristic TOPIK 5: professional and social category; not an official per-grade list
ko-nikl-38040,무모하다,,Lacking the carefulness with which one can think about the cause or effect of an incident.,descriptive verb,people > attitudes,nikl-2024-mirror,https://huggingface.co/datasets/binjang/NIKL-korean-english-dictionary/resolve/3b4cfd2126debfd5440cade3ef6c2a3c20cf7cf9/2024_01.csv#record=38040,NIKL source band: advanced; project heuristic TOPIK 5: professional and social category; not an official per-grade list
ko-nikl-38049,무병장수,,A state of living a healthy and long life.,noun,people > physical condition,nikl-2024-mirror,https://huggingface.co/datasets/binjang/NIKL-korean-english-dictionary/resolve/3b4cfd2126debfd5440cade3ef6c2a3c20cf7cf9/2024_01.csv#record=38049,NIKL source band: advanced; project heuristic TOPIK 5: professional and social category; not an official per-grade list
ko-nikl-38052,무분별,,A state in which one shows the inability to make a good judgment or acts without any sense.,noun,people > attitudes,nikl-2024-mirror,https://huggingface.co/datasets/binjang/NIKL-korean-english-dictionary/resolve/3b4cfd2126debfd5440cade3ef6c2a3c20cf7cf9/2024_01.csv#record=38052,NIKL source band: advanced; project heuristic TOPIK 5: professional and social category; not an official per-grade list
ko-nikl-38068,무상,,The act of not paying or receiving any money on a matter or object.,noun,economy > economic conditions,nikl-2024-mirror,https://huggingface.co/datasets/binjang/NIKL-korean-english-dictionary/resolve/3b4cfd2126debfd5440cade3ef6c2a3c20cf7cf9/2024_01.csv#record=38068,NIKL source band: advanced; project heuristic TOPIK 5: professional and social category; not an official per-grade list
ko-nikl-38078,무선,,"The act of sending or receiving communication or broadcasts through radio waves without wires. / The electronics do not have wires, etc.",noun,social life > telecommunications,nikl-2024-mirror,https://huggingface.co/datasets/binjang/NIKL-korean-english-dictionary/resolve/3b4cfd2126debfd5440cade3ef6c2a3c20cf7cf9/2024_01.csv#record=38078,NIKL source band: advanced; project heuristic TOPIK 5: professional and social category; not an official per-grade list
ko-nikl-38095,무소식,,A lack of news or contact.,noun,social life > social conditions,nikl-2024-mirror,https://huggingface.co/datasets/binjang/NIKL-korean-english-dictionary/resolve/3b4cfd2126debfd5440cade3ef6c2a3c20cf7cf9/2024_01.csv#record=38095,NIKL source band: advanced; project heuristic TOPIK 5: professional and social category; not an official per-grade list
ko-nikl-38101,무수하다,,Too many to count.,descriptive verb,concepts > numbers,nikl-2024-mirror,https://huggingface.co/datasets/binjang/NIKL-korean-english-dictionary/resolve/3b4cfd2126debfd5440cade3ef6c2a3c20cf7cf9/2024_01.csv#record=38101,NIKL source band: advanced; project heuristic TOPIK 5: professional and social category; not an official per-grade list
ko-nikl-38103,무술,,Skills to attack an opponent or guard against such an attack by moving one's body or using weapons.,noun,daily life > leisure activities,nikl-2024-mirror,https://huggingface.co/datasets/binjang/NIKL-korean-english-dictionary/resolve/3b4cfd2126debfd5440cade3ef6c2a3c20cf7cf9/2024_01.csv#record=38103,NIKL source band: advanced; project heuristic TOPIK 5: professional and social category; not an official per-grade list
ko-nikl-38114,무시무시하다,,"So fearful and dreadful as to make a person feel fear and anxiety. / The degree or level of something, or the ability of a person, etc., being very high or remarkable.",descriptive verb,people > emotions,nikl-2024-mirror,https://huggingface.co/datasets/binjang/NIKL-korean-english-dictionary/resolve/3b4cfd2126debfd5440cade3ef6c2a3c20cf7cf9/2024_01.csv#record=38114,NIKL source band: advanced; project heuristic TOPIK 5: professional and social category; not an official per-grade list
ko-nikl-38117,무식,,"Lack of knowledge because one has not learned, heard or seen.",noun,people > abilities,nikl-2024-mirror,https://huggingface.co/datasets/binjang/NIKL-korean-english-dictionary/resolve/3b4cfd2126debfd5440cade3ef6c2a3c20cf7cf9/2024_01.csv#record=38117,NIKL source band: advanced; project heuristic TOPIK 5: professional and social category; not an official per-grade list
ko-nikl-38206,무작정,,The trait of not having planned or thought about the things that lie ahead.,noun,people > attitudes,nikl-2024-mirror,https://huggingface.co/datasets/binjang/NIKL-korean-english-dictionary/resolve/3b4cfd2126debfd5440cade3ef6c2a3c20cf7cf9/2024_01.csv#record=38206,NIKL source band: advanced; project heuristic TOPIK 5: professional and social category; not an official per-grade list
ko-nikl-38268,무차별적,,Not discriminating.,noun,people > attitudes,nikl-2024-mirror,https://huggingface.co/datasets/binjang/NIKL-korean-english-dictionary/resolve/3b4cfd2126debfd5440cade3ef6c2a3c20cf7cf9/2024_01.csv#record=38268,NIKL source band: advanced; project heuristic TOPIK 5: professional and social category; not an official per-grade list
ko-nikl-38304,무형,,"The state of having no concrete shape or look, or no fixed form.",noun,concepts > shape,nikl-2024-mirror,https://huggingface.co/datasets/binjang/NIKL-korean-english-dictionary/resolve/3b4cfd2126debfd5440cade3ef6c2a3c20cf7cf9/2024_01.csv#record=38304,NIKL source band: advanced; project heuristic TOPIK 5: professional and social category; not an official per-grade list
ko-nikl-38369,문구,,A sequence of several words that expresses a certain meaning.,noun,social life > communication tools,nikl-2024-mirror,https://huggingface.co/datasets/binjang/NIKL-korean-english-dictionary/resolve/3b4cfd2126debfd5440cade3ef6c2a3c20cf7cf9/2024_01.csv#record=38369,NIKL source band: advanced; project heuristic TOPIK 5: professional and social category; not an official per-grade list
ko-nikl-38432,문안,,The act of greeting an elderly person with regards.,noun,social life > communication tools,nikl-2024-mirror,https://huggingface.co/datasets/binjang/NIKL-korean-english-dictionary/resolve/3b4cfd2126debfd5440cade3ef6c2a3c20cf7cf9/2024_01.csv#record=38432,NIKL source band: advanced; project heuristic TOPIK 5: professional and social category; not an official per-grade list
ko-nikl-38480,문지르다,,To push or scrub the surface of something.,verb,people > physical actions,nikl-2024-mirror,https://huggingface.co/datasets/binjang/NIKL-korean-english-dictionary/resolve/3b4cfd2126debfd5440cade3ef6c2a3c20cf7cf9/2024_01.csv#record=38480,NIKL source band: advanced; project heuristic TOPIK 5: professional and social category; not an official per-grade list
ko-nikl-38518,문헌,,Material or record that serves as evidence for understanding an institution or culture of the past. / A book or document that serves as the material for research.,noun,social life > media,nikl-2024-mirror,https://huggingface.co/datasets/binjang/NIKL-korean-english-dictionary/resolve/3b4cfd2126debfd5440cade3ef6c2a3c20cf7cf9/2024_01.csv#record=38518,NIKL source band: advanced; project heuristic TOPIK 5: professional and social category; not an official per-grade list
ko-nikl-38530,문화생활,,A life of doing or enjoying activities related to culture.,noun,culture > cultural activities,nikl-2024-mirror,https://huggingface.co/datasets/binjang/NIKL-korean-english-dictionary/resolve/3b4cfd2126debfd5440cade3ef6c2a3c20cf7cf9/2024_01.csv#record=38530,NIKL source band: advanced; project heuristic TOPIK 5: professional and social category; not an official per-grade list
ko-nikl-38614,물들이다,,"To resemble someone or something under the influence of his/her or its environment, act, or ideas, etc. / To spread a person or thing's environment, act, or ideas, etc., or to make another resemble it.",verb,people > physical actions,nikl-2024-mirror,https://huggingface.co/datasets/binjang/NIKL-korean-english-dictionary/resolve/3b4cfd2126debfd5440cade3ef6c2a3c20cf7cf9/2024_01.csv#record=38614,NIKL source band: advanced; project heuristic TOPIK 5: professional and social category; not an official per-grade list
ko-nikl-38618,물러가다,,"To move back from where one is or move to another seat. / For a present phenomenon or feeling, etc., to disappear. / To give up what one is doing, or a place or position one is holding, and leave. / To depart from an encounter with a person who is older than one.",verb,social life > social activities,nikl-2024-mirror,https://huggingface.co/datasets/binjang/NIKL-korean-english-dictionary/resolve/3b4cfd2126debfd5440cade3ef6c2a3c20cf7cf9/2024_01.csv#record=38618,NIKL source band: advanced; project heuristic TOPIK 5: professional and social category; not an official per-grade list
ko-nikl-38631,물려받다,,"To have property, occupation, position, etc., handed down from one's parents or preceding generation.",verb,economy > economic activities,nikl-2024-mirror,https://huggingface.co/datasets/binjang/NIKL-korean-english-dictionary/resolve/3b4cfd2126debfd5440cade3ef6c2a3c20cf7cf9/2024_01.csv#record=38631,NIKL source band: advanced; project heuristic TOPIK 5: professional and social category; not an official per-grade list
ko-nikl-38632,물려주다,,"For one's parents or preceding generation to hand down their property, occupation, position, etc.",verb,economy > economic activities,nikl-2024-mirror,https://huggingface.co/datasets/binjang/NIKL-korean-english-dictionary/resolve/3b4cfd2126debfd5440cade3ef6c2a3c20cf7cf9/2024_01.csv#record=38632,NIKL source band: advanced; project heuristic TOPIK 5: professional and social category; not an official per-grade list
ko-nikl-38644,물리치다,,"To attack an enemy, etc., and expel them. / To get over and eliminate something. / To decline and not take an offer.",verb,social life > social activities,nikl-2024-mirror,https://huggingface.co/datasets/binjang/NIKL-korean-english-dictionary/resolve/3b4cfd2126debfd5440cade3ef6c2a3c20cf7cf9/2024_01.csv#record=38644,NIKL source band: advanced; project heuristic TOPIK 5: professional and social category; not an official per-grade list
ko-nikl-38660,물방울,,"A small, round drop of water.",noun,concepts > shape,nikl-2024-mirror,https://huggingface.co/datasets/binjang/NIKL-korean-english-dictionary/resolve/3b4cfd2126debfd5440cade3ef6c2a3c20cf7cf9/2024_01.csv#record=38660,NIKL source band: advanced; project heuristic TOPIK 5: professional and social category; not an official per-grade list
ko-nikl-38702,물자,,Goods or materials used for a certain activity.,noun,economy > economic products,nikl-2024-mirror,https://huggingface.co/datasets/binjang/NIKL-korean-english-dictionary/resolve/3b4cfd2126debfd5440cade3ef6c2a3c20cf7cf9/2024_01.csv#record=38702,NIKL source band: advanced; project heuristic TOPIK 5: professional and social category; not an official per-grade list
ko-nikl-38734,물품,,A valuable object made to be useful.,noun,economy > economic products,nikl-2024-mirror,https://huggingface.co/datasets/binjang/NIKL-korean-english-dictionary/resolve/3b4cfd2126debfd5440cade3ef6c2a3c20cf7cf9/2024_01.csv#record=38734,NIKL source band: advanced; project heuristic TOPIK 5: professional and social category; not an official per-grade list
ko-nikl-38767,뭉클하다,,Feeling that one's heart is filled with a strong emotion or sentiment.,descriptive verb,people > emotions,nikl-2024-mirror,https://huggingface.co/datasets/binjang/NIKL-korean-english-dictionary/resolve/3b4cfd2126debfd5440cade3ef6c2a3c20cf7cf9/2024_01.csv#record=38767,NIKL source band: advanced; project heuristic TOPIK 5: professional and social category; not an official per-grade list
ko-nikl-38788,미각,,The tasting sense of the tongue.,noun,people > senses,nikl-2024-mirror,https://huggingface.co/datasets/binjang/NIKL-korean-english-dictionary/resolve/3b4cfd2126debfd5440cade3ef6c2a3c20cf7cf9/2024_01.csv#record=38788,NIKL source band: advanced; project heuristic TOPIK 5: professional and social category; not an official per-grade list
ko-nikl-38827,미남,,A man with a handsome face.,noun,people > types of people,nikl-2024-mirror,https://huggingface.co/datasets/binjang/NIKL-korean-english-dictionary/resolve/3b4cfd2126debfd5440cade3ef6c2a3c20cf7cf9/2024_01.csv#record=38827,NIKL source band: advanced; project heuristic TOPIK 5: professional and social category; not an official per-grade list
ko-nikl-38831,미녀,,A woman with a beautiful face.,noun,people > types of people,nikl-2024-mirror,https://huggingface.co/datasets/binjang/NIKL-korean-english-dictionary/resolve/3b4cfd2126debfd5440cade3ef6c2a3c20cf7cf9/2024_01.csv#record=38831,NIKL source band: advanced; project heuristic TOPIK 5: professional and social category; not an official per-grade list
ko-nikl-38841,미덕,,An attitude or action which is good or respectable enough to merit praise.,noun,people > attitudes,nikl-2024-mirror,https://huggingface.co/datasets/binjang/NIKL-korean-english-dictionary/resolve/3b4cfd2126debfd5440cade3ef6c2a3c20cf7cf9/2024_01.csv#record=38841,NIKL source band: advanced; project heuristic TOPIK 5: professional and social category; not an official per-grade list
ko-nikl-38874,미모,,A face that is lovely to look at.,noun,people > appearance,nikl-2024-mirror,https://huggingface.co/datasets/binjang/NIKL-korean-english-dictionary/resolve/3b4cfd2126debfd5440cade3ef6c2a3c20cf7cf9/2024_01.csv#record=38874,NIKL source band: advanced; project heuristic TOPIK 5: professional and social category; not an official per-grade list
ko-nikl-38921,미숙하다,,Being unfamiliar and clumsy with something. / Not fully grown or mature.,descriptive verb,people > abilities,nikl-2024-mirror,https://huggingface.co/datasets/binjang/NIKL-korean-english-dictionary/resolve/3b4cfd2126debfd5440cade3ef6c2a3c20cf7cf9/2024_01.csv#record=38921,NIKL source band: advanced; project heuristic TOPIK 5: professional and social category; not an official per-grade list
ko-nikl-38923,미술가,,"A person specializing in creating works of art such as paintings, sculptures, crafts, etc.",noun,culture > cultural participants,nikl-2024-mirror,https://huggingface.co/datasets/binjang/NIKL-korean-english-dictionary/resolve/3b4cfd2126debfd5440cade3ef6c2a3c20cf7cf9/2024_01.csv#record=38923,NIKL source band: advanced; project heuristic TOPIK 5: professional and social category; not an official per-grade list
ko-nikl-38948,미아,,A child who has lost his/her way to a certain place or home and wanders around from place to place.,noun,people > types of people,nikl-2024-mirror,https://huggingface.co/datasets/binjang/NIKL-korean-english-dictionary/resolve/3b4cfd2126debfd5440cade3ef6c2a3c20cf7cf9/2024_01.csv#record=38948,NIKL source band: advanced; project heuristic TOPIK 5: professional and social category; not an official per-grade list
ko-nikl-38954,미약하다,,So small and weak as to be insignificant.,descriptive verb,people > abilities,nikl-2024-mirror,https://huggingface.co/datasets/binjang/NIKL-korean-english-dictionary/resolve/3b4cfd2126debfd5440cade3ef6c2a3c20cf7cf9/2024_01.csv#record=38954,NIKL source band: advanced; project heuristic TOPIK 5: professional and social category; not an official per-grade list
ko-nikl-38956,미어지다,,"For tight leather, paper, etc., to be worn and have a hole in it. / To be full and seem to rip open. / (figurative) To feel a deep sorrow or pain which seems to tear one's heart.",verb,people > emotions,nikl-2024-mirror,https://huggingface.co/datasets/binjang/NIKL-korean-english-dictionary/resolve/3b4cfd2126debfd5440cade3ef6c2a3c20cf7cf9/2024_01.csv#record=38956,NIKL source band: advanced; project heuristic TOPIK 5: professional and social category; not an official per-grade list
ko-nikl-38959,미역,,"A greenish-black plant growing in the shallow waters of the sea, which is generally dried for storage and eaten in a soup.",noun,food > ingredients,nikl-2024-mirror,https://huggingface.co/datasets/binjang/NIKL-korean-english-dictionary/resolve/3b4cfd2126debfd5440cade3ef6c2a3c20cf7cf9/2024_01.csv#record=38959,NIKL source band: advanced; project heuristic TOPIK 5: professional and social category; not an official per-grade list
ko-nikl-38969,미용,,"The art of taking care of a face, skin, and hair.",noun,clothing and appearance > grooming,nikl-2024-mirror,https://huggingface.co/datasets/binjang/NIKL-korean-english-dictionary/resolve/3b4cfd2126debfd5440cade3ef6c2a3c20cf7cf9/2024_01.csv#record=38969,NIKL source band: advanced; project heuristic TOPIK 5: professional and social category; not an official per-grade list
ko-nikl-39030,미혼모,,A woman who has given birth to a child without getting married.,noun,people > types of people,nikl-2024-mirror,https://huggingface.co/datasets/binjang/NIKL-korean-english-dictionary/resolve/3b4cfd2126debfd5440cade3ef6c2a3c20cf7cf9/2024_01.csv#record=39030,NIKL source band: advanced; project heuristic TOPIK 5: professional and social category; not an official per-grade list
ko-nikl-39044,민간,,A state of being among ordinary people. / A state of not belonging to any government office or agency.,noun,social life > social conditions,nikl-2024-mirror,https://huggingface.co/datasets/binjang/NIKL-korean-english-dictionary/resolve/3b4cfd2126debfd5440cade3ef6c2a3c20cf7cf9/2024_01.csv#record=39044,NIKL source band: advanced; project heuristic TOPIK 5: professional and social category; not an official per-grade list
ko-nikl-39052,민감하다,,To respond to a certain stimulus very sharply and quickly.,descriptive verb,people > emotions,nikl-2024-mirror,https://huggingface.co/datasets/binjang/NIKL-korean-english-dictionary/resolve/3b4cfd2126debfd5440cade3ef6c2a3c20cf7cf9/2024_01.csv#record=39052,NIKL source band: advanced; project heuristic TOPIK 5: professional and social category; not an official per-grade list
ko-nikl-39061,민망하다,,Feeling sorry and pity for something or someone. / Feeling ashamed or shy to look at or face someone.,descriptive verb,people > emotions,nikl-2024-mirror,https://huggingface.co/datasets/binjang/NIKL-korean-english-dictionary/resolve/3b4cfd2126debfd5440cade3ef6c2a3c20cf7cf9/2024_01.csv#record=39061,NIKL source band: advanced; project heuristic TOPIK 5: professional and social category; not an official per-grade list
ko-nikl-39066,민박,,"The act of paying to stay in an ordinary private home when traveling, or a facility that provides temporary lodging for travelers.",noun,housing > housing types,nikl-2024-mirror,https://huggingface.co/datasets/binjang/NIKL-korean-english-dictionary/resolve/3b4cfd2126debfd5440cade3ef6c2a3c20cf7cf9/2024_01.csv#record=39066,NIKL source band: advanced; project heuristic TOPIK 5: professional and social category; not an official per-grade list
ko-nikl-39137,민첩하다,,"A movement, behavior, judgment, etc., being quick and speedy.",descriptive verb,people > attitudes,nikl-2024-mirror,https://huggingface.co/datasets/binjang/NIKL-korean-english-dictionary/resolve/3b4cfd2126debfd5440cade3ef6c2a3c20cf7cf9/2024_01.csv#record=39137,NIKL source band: advanced; project heuristic TOPIK 5: professional and social category; not an official per-grade list
ko-nikl-39202,밀어붙이다,,"To push something or someone hard to one direction. / To not think of someone's situation, and to strongly proceed in one's way.",verb,social life > social activities,nikl-2024-mirror,https://huggingface.co/datasets/binjang/NIKL-korean-english-dictionary/resolve/3b4cfd2126debfd5440cade3ef6c2a3c20cf7cf9/2024_01.csv#record=39202,NIKL source band: advanced; project heuristic TOPIK 5: professional and social category; not an official per-grade list
ko-nikl-39204,밀어주다,,To help someone wholeheartedly. / To support someone vigorously so that he/she can take a certain position.,verb,social life > social activities,nikl-2024-mirror,https://huggingface.co/datasets/binjang/NIKL-korean-english-dictionary/resolve/3b4cfd2126debfd5440cade3ef6c2a3c20cf7cf9/2024_01.csv#record=39204,NIKL source band: advanced; project heuristic TOPIK 5: professional and social category; not an official per-grade list
ko-nikl-39279,밑창,,"A piece of leather or rubber attached to the soles of shoes. / The bottom of a ship or bowl, etc.",noun,clothing and appearance > hats shoes and accessories,nikl-2024-mirror,https://huggingface.co/datasets/binjang/NIKL-korean-english-dictionary/resolve/3b4cfd2126debfd5440cade3ef6c2a3c20cf7cf9/2024_01.csv#record=39279,NIKL source band: advanced; project heuristic TOPIK 5: professional and social category; not an official per-grade list
ko-nikl-39367,바라다보다,,To look at someone directly in the face.,verb,people > physical actions,nikl-2024-mirror,https://huggingface.co/datasets/binjang/NIKL-korean-english-dictionary/resolve/3b4cfd2126debfd5440cade3ef6c2a3c20cf7cf9/2024_01.csv#record=39367,NIKL source band: advanced; project heuristic TOPIK 5: professional and social category; not an official per-grade list
ko-nikl-39397,바래다,,For a color to become less clear or turn yellowish from being exposed to sunlight or humidity.,verb,concepts > colors,nikl-2024-mirror,https://huggingface.co/datasets/binjang/NIKL-korean-english-dictionary/resolve/3b4cfd2126debfd5440cade3ef6c2a3c20cf7cf9/2024_01.csv#record=39397,NIKL source band: advanced; project heuristic TOPIK 5: professional and social category; not an official per-grade list
ko-nikl-39467,바자회,,"A market opened to raise money for charitable work, social service, etc.",noun,economy > commercial places,nikl-2024-mirror,https://huggingface.co/datasets/binjang/NIKL-korean-english-dictionary/resolve/3b4cfd2126debfd5440cade3ef6c2a3c20cf7cf9/2024_01.csv#record=39467,NIKL source band: advanced; project heuristic TOPIK 5: professional and social category; not an official per-grade list
ko-nikl-39483,바퀴벌레,,"A yellowish brown insect that is small, round, flat and does harm to food and clothes.",noun,plants and animals > insects,nikl-2024-mirror,https://huggingface.co/datasets/binjang/NIKL-korean-english-dictionary/resolve/3b4cfd2126debfd5440cade3ef6c2a3c20cf7cf9/2024_01.csv#record=39483,NIKL source band: advanced; project heuristic TOPIK 5: professional and social category; not an official per-grade list
ko-nikl-39502,박람회,,"An event of showing all kinds of goods to people under a certain topic for a period of time with the purpose of advertising, selling, etc.",noun,culture > cultural venues,nikl-2024-mirror,https://huggingface.co/datasets/binjang/NIKL-korean-english-dictionary/resolve/3b4cfd2126debfd5440cade3ef6c2a3c20cf7cf9/2024_01.csv#record=39502,NIKL source band: advanced; project heuristic TOPIK 5: professional and social category; not an official per-grade list
ko-nikl-39529,박자,,"A rhythm that forms as strong sounds and soft sounds alternate repeatedly on a regular basis in music, or a unit formed in such a way.",noun,concepts > speed,nikl-2024-mirror,https://huggingface.co/datasets/binjang/NIKL-korean-english-dictionary/resolve/3b4cfd2126debfd5440cade3ef6c2a3c20cf7cf9/2024_01.csv#record=39529,NIKL source band: advanced; project heuristic TOPIK 5: professional and social category; not an official per-grade list
ko-nikl-39568,반감,,A feeling of opposition or defiance.,noun,people > emotions,nikl-2024-mirror,https://huggingface.co/datasets/binjang/NIKL-korean-english-dictionary/resolve/3b4cfd2126debfd5440cade3ef6c2a3c20cf7cf9/2024_01.csv#record=39568,NIKL source band: advanced; project heuristic TOPIK 5: professional and social category; not an official per-grade list
ko-nikl-39585,반나절,,The quarter of a day.,noun,concepts > time,nikl-2024-mirror,https://huggingface.co/datasets/binjang/NIKL-korean-english-dictionary/resolve/3b4cfd2126debfd5440cade3ef6c2a3c20cf7cf9/2024_01.csv#record=39585,NIKL source band: advanced; project heuristic TOPIK 5: professional and social category; not an official per-grade list
ko-nikl-39616,반듯하다,,"Straight, not bent, tilted, or crooked. / Good-looking and neat.",descriptive verb,concepts > shape,nikl-2024-mirror,https://huggingface.co/datasets/binjang/NIKL-korean-english-dictionary/resolve/3b4cfd2126debfd5440cade3ef6c2a3c20cf7cf9/2024_01.csv#record=39616,NIKL source band: advanced; project heuristic TOPIK 5: professional and social category; not an official per-grade list
ko-nikl-39641,반목,,The feeling of hating and envying each other.,noun,people > emotions,nikl-2024-mirror,https://huggingface.co/datasets/binjang/NIKL-korean-english-dictionary/resolve/3b4cfd2126debfd5440cade3ef6c2a3c20cf7cf9/2024_01.csv#record=39641,NIKL source band: advanced; project heuristic TOPIK 5: professional and social category; not an official per-grade list
ko-nikl-39697,반세기,,A period of fifty years that is the half of one century.,noun,concepts > time,nikl-2024-mirror,https://huggingface.co/datasets/binjang/NIKL-korean-english-dictionary/resolve/3b4cfd2126debfd5440cade3ef6c2a3c20cf7cf9/2024_01.csv#record=39697,NIKL source band: advanced; project heuristic TOPIK 5: professional and social category; not an official per-grade list
ko-nikl-39745,반주,,"The act of playing a musical instrument to assist a song or an instrumental performance, or a performance done in such a way.",noun,culture > music,nikl-2024-mirror,https://huggingface.co/datasets/binjang/NIKL-korean-english-dictionary/resolve/3b4cfd2126debfd5440cade3ef6c2a3c20cf7cf9/2024_01.csv#record=39745,NIKL source band: advanced; project heuristic TOPIK 5: professional and social category; not an official per-grade list
ko-nikl-39773,반쪽,,"A half of the whole. / (figurative) A state of looking haggard because one has lost a lot of weight. / (figurative) A person who is very close to oneself such as a boyfriend, girlfriend, spouse, etc. / (figurative) A state of not meeting expectations or being imperfect.",noun,concepts > shape,nikl-2024-mirror,https://huggingface.co/datasets/binjang/NIKL-korean-english-dictionary/resolve/3b4cfd2126debfd5440cade3ef6c2a3c20cf7cf9/2024_01.csv#record=39773,NIKL source band: advanced; project heuristic TOPIK 5: professional and social category; not an official per-grade list
ko-nikl-39783,반칙,,"The act of violating a rule, regulation, etc.",noun,social life > social activities,nikl-2024-mirror,https://huggingface.co/datasets/binjang/NIKL-korean-english-dictionary/resolve/3b4cfd2126debfd5440cade3ef6c2a3c20cf7cf9/2024_01.csv#record=39783,NIKL source band: advanced; project heuristic TOPIK 5: professional and social category; not an official per-grade list
ko-nikl-39799,반하다,,"To be opposite or contrast to something. / To not do as someone's opinion, law, etc., states, and to break it.",verb,social life > social activities,nikl-2024-mirror,https://huggingface.co/datasets/binjang/NIKL-korean-english-dictionary/resolve/3b4cfd2126debfd5440cade3ef6c2a3c20cf7cf9/2024_01.csv#record=39799,NIKL source band: advanced; project heuristic TOPIK 5: professional and social category; not an official per-grade list
ko-nikl-39800,반항,,"The act of confronting, attacking or colliding with another person or object.",noun,social life > social activities,nikl-2024-mirror,https://huggingface.co/datasets/binjang/NIKL-korean-english-dictionary/resolve/3b4cfd2126debfd5440cade3ef6c2a3c20cf7cf9/2024_01.csv#record=39800,NIKL source band: advanced; project heuristic TOPIK 5: professional and social category; not an official per-grade list
ko-nikl-39810,반환점,,"The location where athletes change directions at a marathon, walking race, etc., or a sign that indicates the location.",noun,concepts > location and direction,nikl-2024-mirror,https://huggingface.co/datasets/binjang/NIKL-korean-english-dictionary/resolve/3b4cfd2126debfd5440cade3ef6c2a3c20cf7cf9/2024_01.csv#record=39810,NIKL source band: advanced; project heuristic TOPIK 5: professional and social category; not an official per-grade list
ko-nikl-39818,받들다,,"To take care of someone with respect; to cherish someone. / To cherish a teaching, order, etc., and follow it. / To lift an object with a hand or hands holding its bottom.",verb,people > attitudes,nikl-2024-mirror,https://huggingface.co/datasets/binjang/NIKL-korean-english-dictionary/resolve/3b4cfd2126debfd5440cade3ef6c2a3c20cf7cf9/2024_01.csv#record=39818,NIKL source band: advanced; project heuristic TOPIK 5: professional and social category; not an official per-grade list
ko-nikl-39934,발돋움,,The act of standing on one's tiptoes in order to raise one's height or walk silently. / The process of developing a matter or situation to a better state.,noun,people > physical actions,nikl-2024-mirror,https://huggingface.co/datasets/binjang/NIKL-korean-english-dictionary/resolve/3b4cfd2126debfd5440cade3ef6c2a3c20cf7cf9/2024_01.csv#record=39934,NIKL source band: advanced; project heuristic TOPIK 5: professional and social category; not an official per-grade list
ko-nikl-39948,발라드,,A sentimental song mainly about love in popular music.,noun,culture > music,nikl-2024-mirror,https://huggingface.co/datasets/binjang/NIKL-korean-english-dictionary/resolve/3b4cfd2126debfd5440cade3ef6c2a3c20cf7cf9/2024_01.csv#record=39948,NIKL source band: advanced; project heuristic TOPIK 5: professional and social category; not an official per-grade list
ko-nikl-39953,발령,,"An act of issuing directives with regard to the appointment, dismissal, or transfer of a person to or from a certain position or title ; or such a directive. / An act of issuing a warning against danger or emergency.",noun,social life > workplace life,nikl-2024-mirror,https://huggingface.co/datasets/binjang/NIKL-korean-english-dictionary/resolve/3b4cfd2126debfd5440cade3ef6c2a3c20cf7cf9/2024_01.csv#record=39953,NIKL source band: advanced; project heuristic TOPIK 5: professional and social category; not an official per-grade list
ko-nikl-39990,발병,,A state in which one becomes ill or catches a disease.,noun,daily life > illness and symptoms,nikl-2024-mirror,https://huggingface.co/datasets/binjang/NIKL-korean-english-dictionary/resolve/3b4cfd2126debfd5440cade3ef6c2a3c20cf7cf9/2024_01.csv#record=39990,NIKL source band: advanced; project heuristic TOPIK 5: professional and social category; not an official per-grade list
ko-nikl-40037,발신자,,"A person who is sending a mail, electronic signal, etc.",noun,social life > interpersonal relationships,nikl-2024-mirror,https://huggingface.co/datasets/binjang/NIKL-korean-english-dictionary/resolve/3b4cfd2126debfd5440cade3ef6c2a3c20cf7cf9/2024_01.csv#record=40037,NIKL source band: advanced; project heuristic TOPIK 5: professional and social category; not an official per-grade list
ko-nikl-40082,발전소,,"A place equipped with facilities that generate electricity by running the generator with water power, thermal power, nuclear power, wind power, tidal power, solar power, geothermal heat, etc.",noun,economy > commercial places,nikl-2024-mirror,https://huggingface.co/datasets/binjang/NIKL-korean-english-dictionary/resolve/3b4cfd2126debfd5440cade3ef6c2a3c20cf7cf9/2024_01.csv#record=40082,NIKL source band: advanced; project heuristic TOPIK 5: professional and social category; not an official per-grade list
ko-nikl-40131,발표자,,"A person who officially reveals and announces a certain fact, opinion or position.",noun,people > types of people,nikl-2024-mirror,https://huggingface.co/datasets/binjang/NIKL-korean-english-dictionary/resolve/3b4cfd2126debfd5440cade3ef6c2a3c20cf7cf9/2024_01.csv#record=40131,NIKL source band: advanced; project heuristic TOPIK 5: professional and social category; not an official per-grade list
ko-nikl-40153,발효,,Chemical reaction in which organic matter is decomposed and altered by yeast or microorganisms.,noun,plants and animals > plant and animal activities,nikl-2024-mirror,https://huggingface.co/datasets/binjang/NIKL-korean-english-dictionary/resolve/3b4cfd2126debfd5440cade3ef6c2a3c20cf7cf9/2024_01.csv#record=40153,NIKL source band: advanced; project heuristic TOPIK 5: professional and social category; not an official per-grade list
ko-nikl-40162,발휘,,"The act of showing a talent, capacity, etc., well.",noun,people > abilities,nikl-2024-mirror,https://huggingface.co/datasets/binjang/NIKL-korean-english-dictionary/resolve/3b4cfd2126debfd5440cade3ef6c2a3c20cf7cf9/2024_01.csv#record=40162,NIKL source band: advanced; project heuristic TOPIK 5: professional and social category; not an official per-grade list
ko-nikl-40288,방귀,,A foul-smelling gas in the body that is expelled through the anus.,noun,people > physiological processes,nikl-2024-mirror,https://huggingface.co/datasets/binjang/NIKL-korean-english-dictionary/resolve/3b4cfd2126debfd5440cade3ef6c2a3c20cf7cf9/2024_01.csv#record=40288,NIKL source band: advanced; project heuristic TOPIK 5: professional and social category; not an official per-grade list
ko-nikl-40375,방송인,,A person who works in broadcasting.,noun,culture > cultural participants,nikl-2024-mirror,https://huggingface.co/datasets/binjang/NIKL-korean-english-dictionary/resolve/3b4cfd2126debfd5440cade3ef6c2a3c20cf7cf9/2024_01.csv#record=40375,NIKL source band: advanced; project heuristic TOPIK 5: professional and social category; not an official per-grade list
ko-nikl-40410,방영,,The act of broadcasting content by television.,noun,culture > cultural activities,nikl-2024-mirror,https://huggingface.co/datasets/binjang/NIKL-korean-english-dictionary/resolve/3b4cfd2126debfd5440cade3ef6c2a3c20cf7cf9/2024_01.csv#record=40410,NIKL source band: advanced; project heuristic TOPIK 5: professional and social category; not an official per-grade list
ko-nikl-40455,방청객,,"A person who attends a meeting, debate, trial, public broadcasting, etc., and watches it.",noun,culture > cultural participants,nikl-2024-mirror,https://huggingface.co/datasets/binjang/NIKL-korean-english-dictionary/resolve/3b4cfd2126debfd5440cade3ef6c2a3c20cf7cf9/2024_01.csv#record=40455,NIKL source band: advanced; project heuristic TOPIK 5: professional and social category; not an official per-grade list
ko-nikl-40509,밭,,A plot of land where grains or vegetables are cultivated without standing water as would be found in a paddy. / A place where a certain plant or natural thing exists or naturally grows in great numbers.,noun,economy > commercial places,nikl-2024-mirror,https://huggingface.co/datasets/binjang/NIKL-korean-english-dictionary/resolve/3b4cfd2126debfd5440cade3ef6c2a3c20cf7cf9/2024_01.csv#record=40509,NIKL source band: advanced; project heuristic TOPIK 5: professional and social category; not an official per-grade list
ko-nikl-40658,배역,,"The act of giving a part to an actor/actress in movies, plays, dramas, etc., or such a part.",noun,culture > cultural activities,nikl-2024-mirror,https://huggingface.co/datasets/binjang/NIKL-korean-english-dictionary/resolve/3b4cfd2126debfd5440cade3ef6c2a3c20cf7cf9/2024_01.csv#record=40658,NIKL source band: advanced; project heuristic TOPIK 5: professional and social category; not an official per-grade list
ko-nikl-40723,배포,,"The act of widely distributing newspapers, books, etc.",noun,social life > telecommunications,nikl-2024-mirror,https://huggingface.co/datasets/binjang/NIKL-korean-english-dictionary/resolve/3b4cfd2126debfd5440cade3ef6c2a3c20cf7cf9/2024_01.csv#record=40723,NIKL source band: advanced; project heuristic TOPIK 5: professional and social category; not an official per-grade list
ko-nikl-40742,백과사전,,"A book that includes knowledge on all kinds of fields such as studies, arts, societies, cultures, etc.",noun,social life > media,nikl-2024-mirror,https://huggingface.co/datasets/binjang/NIKL-korean-english-dictionary/resolve/3b4cfd2126debfd5440cade3ef6c2a3c20cf7cf9/2024_01.csv#record=40742,NIKL source band: advanced; project heuristic TOPIK 5: professional and social category; not an official per-grade list
ko-nikl-40821,백지,,"A piece of paper that is white in color. / A piece of paper on which nothing is written. / The state of knowing nothing about a subject. / The state of something before it has been worked on; the state of something at the beginning of a process. / The state of not having any useless thoughts, bias, etc.",noun,education > learning materials,nikl-2024-mirror,https://huggingface.co/datasets/binjang/NIKL-korean-english-dictionary/resolve/3b4cfd2126debfd5440cade3ef6c2a3c20cf7cf9/2024_01.csv#record=40821,NIKL source band: advanced; project heuristic TOPIK 5: professional and social category; not an official per-grade list
ko-nikl-40838,백혈병,,"A disease that leads to high fever, anemia, blooding, etc. due to the decrease of normal white blood cells along with the increase of abnormal ones.",noun,daily life > illness and symptoms,nikl-2024-mirror,https://huggingface.co/datasets/binjang/NIKL-korean-english-dictionary/resolve/3b4cfd2126debfd5440cade3ef6c2a3c20cf7cf9/2024_01.csv#record=40838,NIKL source band: advanced; project heuristic TOPIK 5: professional and social category; not an official per-grade list
ko-nikl-40909,버릇없다,,Having bad manners in front of a senior.,descriptive verb,people > attitudes,nikl-2024-mirror,https://huggingface.co/datasets/binjang/NIKL-korean-english-dictionary/resolve/3b4cfd2126debfd5440cade3ef6c2a3c20cf7cf9/2024_01.csv#record=40909,NIKL source band: advanced; project heuristic TOPIK 5: professional and social category; not an official per-grade list
ko-nikl-40945,벅차다,,Difficult to do or endure something. / One's heart being filled with joy or hope. / Short of breath unbearably.,descriptive verb,people > emotions,nikl-2024-mirror,https://huggingface.co/datasets/binjang/NIKL-korean-english-dictionary/resolve/3b4cfd2126debfd5440cade3ef6c2a3c20cf7cf9/2024_01.csv#record=40945,NIKL source band: advanced; project heuristic TOPIK 5: professional and social category; not an official per-grade list
ko-nikl-41059,벌겋다,,Light red with a darkish hue.,descriptive verb,concepts > colors,nikl-2024-mirror,https://huggingface.co/datasets/binjang/NIKL-korean-english-dictionary/resolve/3b4cfd2126debfd5440cade3ef6c2a3c20cf7cf9/2024_01.csv#record=41059,NIKL source band: advanced; project heuristic TOPIK 5: professional and social category; not an official per-grade list
ko-nikl-05192,범하다,,"To break the law, regulation, etc. / To make a mistake. / To cross a boundary and enter a place or area whose entry is not allowed. / To damage or drop someone's right, personality, dignity, etc. / To rape a woman.",verb,social life > social activities,nikl-2024-mirror,https://huggingface.co/datasets/binjang/NIKL-korean-english-dictionary/resolve/3b4cfd2126debfd5440cade3ef6c2a3c20cf7cf9/2024_01.csv#record=5192,NIKL source band: advanced; project heuristic TOPIK 5: professional and social category; not an official per-grade list
ko-nikl-05251,벗,,A person of a similar age that one is on good terms with. / (figurative) Something that one always remains close to.,noun,social life > interpersonal relationships,nikl-2024-mirror,https://huggingface.co/datasets/binjang/NIKL-korean-english-dictionary/resolve/3b4cfd2126debfd5440cade3ef6c2a3c20cf7cf9/2024_01.csv#record=5251,NIKL source band: advanced; project heuristic TOPIK 5: professional and social category; not an official per-grade list
ko-nikl-05293,벚꽃,,"A pale pink or white flower, blooming from a cherry tree in spring.",noun,plants and animals > plants,nikl-2024-mirror,https://huggingface.co/datasets/binjang/NIKL-korean-english-dictionary/resolve/3b4cfd2126debfd5440cade3ef6c2a3c20cf7cf9/2024_01.csv#record=5293,NIKL source band: advanced; project heuristic TOPIK 5: professional and social category; not an official per-grade list
ko-nikl-05299,베끼다,,"To write, draw, or paint a piece or writing, drawing, painting, etc., same as the original one.",verb,education > teaching and learning,nikl-2024-mirror,https://huggingface.co/datasets/binjang/NIKL-korean-english-dictionary/resolve/3b4cfd2126debfd5440cade3ef6c2a3c20cf7cf9/2024_01.csv#record=5299,NIKL source band: advanced; project heuristic TOPIK 5: professional and social category; not an official per-grade list
ko-nikl-05302,베다,,To put an object or a body part under one's head when lying down.,verb,people > physical actions,nikl-2024-mirror,https://huggingface.co/datasets/binjang/NIKL-korean-english-dictionary/resolve/3b4cfd2126debfd5440cade3ef6c2a3c20cf7cf9/2024_01.csv#record=5302,NIKL source band: advanced; project heuristic TOPIK 5: professional and social category; not an official per-grade list
ko-nikl-05303,베다,,To cut or cut off something with an implement with a blade or blades. / To injure one's body or hurt a part of one's body with an object with a blade or blades. / To cut or break food using one's teeth.,verb,people > physical actions,nikl-2024-mirror,https://huggingface.co/datasets/binjang/NIKL-korean-english-dictionary/resolve/3b4cfd2126debfd5440cade3ef6c2a3c20cf7cf9/2024_01.csv#record=5303,NIKL source band: advanced; project heuristic TOPIK 5: professional and social category; not an official per-grade list
ko-nikl-05324,벤처,,"Adventurous management with advanced new technologies and ideas, or an enterprise doing this.",noun,economy > economic activities,nikl-2024-mirror,https://huggingface.co/datasets/binjang/NIKL-korean-english-dictionary/resolve/3b4cfd2126debfd5440cade3ef6c2a3c20cf7cf9/2024_01.csv#record=5324,NIKL source band: advanced; project heuristic TOPIK 5: professional and social category; not an official per-grade list
ko-nikl-05368,벽돌,,A square stone used for constructing a house or building.,noun,housing > parts of a home,nikl-2024-mirror,https://huggingface.co/datasets/binjang/NIKL-korean-english-dictionary/resolve/3b4cfd2126debfd5440cade3ef6c2a3c20cf7cf9/2024_01.csv#record=5368,NIKL source band: advanced; project heuristic TOPIK 5: professional and social category; not an official per-grade list
ko-nikl-05386,변,,"The edge of a place, an object, etc. / A line that is a component of a figure in math.",noun,concepts > location and direction,nikl-2024-mirror,https://huggingface.co/datasets/binjang/NIKL-korean-english-dictionary/resolve/3b4cfd2126debfd5440cade3ef6c2a3c20cf7cf9/2024_01.csv#record=5386,NIKL source band: advanced; project heuristic TOPIK 5: professional and social category; not an official per-grade list
ko-nikl-05394,변기,,A piece of equipment installed in a bathroom for a person to use when urinating or defecating.,noun,housing > household goods,nikl-2024-mirror,https://huggingface.co/datasets/binjang/NIKL-korean-english-dictionary/resolve/3b4cfd2126debfd5440cade3ef6c2a3c20cf7cf9/2024_01.csv#record=5394,NIKL source band: advanced; project heuristic TOPIK 5: professional and social category; not an official per-grade list
ko-nikl-05395,변덕,,"A frequent change in opinion, behavior, feeling, etc.",noun,people > emotions,nikl-2024-mirror,https://huggingface.co/datasets/binjang/NIKL-korean-english-dictionary/resolve/3b4cfd2126debfd5440cade3ef6c2a3c20cf7cf9/2024_01.csv#record=5395,NIKL source band: advanced; project heuristic TOPIK 5: professional and social category; not an official per-grade list
ko-nikl-05404,변두리,,The border of a region.,noun,housing > residential areas,nikl-2024-mirror,https://huggingface.co/datasets/binjang/NIKL-korean-english-dictionary/resolve/3b4cfd2126debfd5440cade3ef6c2a3c20cf7cf9/2024_01.csv#record=5404,NIKL source band: advanced; project heuristic TOPIK 5: professional and social category; not an official per-grade list
ko-nikl-05411,변모,,"The shape or appearance of something being changed, or such a shape or appearance.",noun,people > physical changes,nikl-2024-mirror,https://huggingface.co/datasets/binjang/NIKL-korean-english-dictionary/resolve/3b4cfd2126debfd5440cade3ef6c2a3c20cf7cf9/2024_01.csv#record=5411,NIKL source band: advanced; project heuristic TOPIK 5: professional and social category; not an official per-grade list
ko-nikl-05437,변신,,The act of changing an appearance or attitude in a different way from before.,noun,people > physical changes,nikl-2024-mirror,https://huggingface.co/datasets/binjang/NIKL-korean-english-dictionary/resolve/3b4cfd2126debfd5440cade3ef6c2a3c20cf7cf9/2024_01.csv#record=5437,NIKL source band: advanced; project heuristic TOPIK 5: professional and social category; not an official per-grade list
ko-nikl-05484,변형,,"A state in which the form, shape, property, etc., of something has changed, or the act of changing it.",noun,people > physical changes,nikl-2024-mirror,https://huggingface.co/datasets/binjang/NIKL-korean-english-dictionary/resolve/3b4cfd2126debfd5440cade3ef6c2a3c20cf7cf9/2024_01.csv#record=5484,NIKL source band: advanced; project heuristic TOPIK 5: professional and social category; not an official per-grade list
ko-nikl-05515,별나다,,Noticeably strange or unusual.,descriptive verb,people > personality,nikl-2024-mirror,https://huggingface.co/datasets/binjang/NIKL-korean-english-dictionary/resolve/3b4cfd2126debfd5440cade3ef6c2a3c20cf7cf9/2024_01.csv#record=5515,NIKL source band: advanced; project heuristic TOPIK 5: professional and social category; not an official per-grade list
ko-nikl-05579,병동,,One of the divisions in a hospital which have been divided according to the kinds of diseases or the genders of patients.,noun,daily life > health facilities,nikl-2024-mirror,https://huggingface.co/datasets/binjang/NIKL-korean-english-dictionary/resolve/3b4cfd2126debfd5440cade3ef6c2a3c20cf7cf9/2024_01.csv#record=5579,NIKL source band: advanced; project heuristic TOPIK 5: professional and social category; not an official per-grade list
ko-nikl-05593,병명,,The name of an illness.,noun,daily life > illness and symptoms,nikl-2024-mirror,https://huggingface.co/datasets/binjang/NIKL-korean-english-dictionary/resolve/3b4cfd2126debfd5440cade3ef6c2a3c20cf7cf9/2024_01.csv#record=5593,NIKL source band: advanced; project heuristic TOPIK 5: professional and social category; not an official per-grade list
ko-nikl-05602,병상,,A place or bed where a sick person is lying.,noun,daily life > illness and symptoms,nikl-2024-mirror,https://huggingface.co/datasets/binjang/NIKL-korean-english-dictionary/resolve/3b4cfd2126debfd5440cade3ef6c2a3c20cf7cf9/2024_01.csv#record=5602,NIKL source band: advanced; project heuristic TOPIK 5: professional and social category; not an official per-grade list
ko-nikl-05610,병세,,The symptom or condition of a disease.,noun,daily life > illness and symptoms,nikl-2024-mirror,https://huggingface.co/datasets/binjang/NIKL-korean-english-dictionary/resolve/3b4cfd2126debfd5440cade3ef6c2a3c20cf7cf9/2024_01.csv#record=5610,NIKL source band: advanced; project heuristic TOPIK 5: professional and social category; not an official per-grade list
ko-nikl-05613,병아리,,A young bird that has yet to grow fully. / (figurative) A person who has little experience and is not good at handling his/her tasks.,noun,plants and animals > animals,nikl-2024-mirror,https://huggingface.co/datasets/binjang/NIKL-korean-english-dictionary/resolve/3b4cfd2126debfd5440cade3ef6c2a3c20cf7cf9/2024_01.csv#record=5613,NIKL source band: advanced; project heuristic TOPIK 5: professional and social category; not an official per-grade list
ko-nikl-05664,보건소,,"A public medical institution established in every city, county, and borough in order to improve public health.",noun,daily life > health facilities,nikl-2024-mirror,https://huggingface.co/datasets/binjang/NIKL-korean-english-dictionary/resolve/3b4cfd2126debfd5440cade3ef6c2a3c20cf7cf9/2024_01.csv#record=5664,NIKL source band: advanced; project heuristic TOPIK 5: professional and social category; not an official per-grade list
ko-nikl-05763,보상금,,"Money paid in return for a certain labor, effort or favor. / Money paid as a token of gratitude to someone who has found an article one has lost.",noun,economy > financial instruments,nikl-2024-mirror,https://huggingface.co/datasets/binjang/NIKL-korean-english-dictionary/resolve/3b4cfd2126debfd5440cade3ef6c2a3c20cf7cf9/2024_01.csv#record=5763,NIKL source band: advanced; project heuristic TOPIK 5: professional and social category; not an official per-grade list
ko-nikl-05783,보수적,,A state in which one sticks to traditional systems or methods and is reluctant to accept new ones.,noun,people > personality,nikl-2024-mirror,https://huggingface.co/datasets/binjang/NIKL-korean-english-dictionary/resolve/3b4cfd2126debfd5440cade3ef6c2a3c20cf7cf9/2024_01.csv#record=5783,NIKL source band: advanced; project heuristic TOPIK 5: professional and social category; not an official per-grade list
ko-nikl-05806,보약,,A medicine that helps make one healthy and vigorous.,noun,food > dishes,nikl-2024-mirror,https://huggingface.co/datasets/binjang/NIKL-korean-english-dictionary/resolve/3b4cfd2126debfd5440cade3ef6c2a3c20cf7cf9/2024_01.csv#record=5806,NIKL source band: advanced; project heuristic TOPIK 5: professional and social category; not an official per-grade list
ko-nikl-05826,보육,,"The act of taking care of, teaching, and bringing up children.",noun,daily life > life events,nikl-2024-mirror,https://huggingface.co/datasets/binjang/NIKL-korean-english-dictionary/resolve/3b4cfd2126debfd5440cade3ef6c2a3c20cf7cf9/2024_01.csv#record=5826,NIKL source band: advanced; project heuristic TOPIK 5: professional and social category; not an official per-grade list
ko-nikl-05836,보일러,,Equipment that warms water or a house with steam or hot water produced by boiling water.,noun,housing > household goods,nikl-2024-mirror,https://huggingface.co/datasets/binjang/NIKL-korean-english-dictionary/resolve/3b4cfd2126debfd5440cade3ef6c2a3c20cf7cf9/2024_01.csv#record=5836,NIKL source band: advanced; project heuristic TOPIK 5: professional and social category; not an official per-grade list
ko-nikl-05838,보자기,,Square cloth used to wrap something.,noun,housing > household goods,nikl-2024-mirror,https://huggingface.co/datasets/binjang/NIKL-korean-english-dictionary/resolve/3b4cfd2126debfd5440cade3ef6c2a3c20cf7cf9/2024_01.csv#record=5838,NIKL source band: advanced; project heuristic TOPIK 5: professional and social category; not an official per-grade list
ko-nikl-05852,보조금,,Money that a government or public organization gives to a business or individual in order to carry out a policy or support a specific industry.,noun,economy > financial instruments,nikl-2024-mirror,https://huggingface.co/datasets/binjang/NIKL-korean-english-dictionary/resolve/3b4cfd2126debfd5440cade3ef6c2a3c20cf7cf9/2024_01.csv#record=5852,NIKL source band: advanced; project heuristic TOPIK 5: professional and social category; not an official per-grade list
ko-nikl-05869,보증금,,"When borrowing money, the portion of the borrowed money given back in advance to the lender as security. / Money paid as security when making a contract, etc.",noun,economy > financial instruments,nikl-2024-mirror,https://huggingface.co/datasets/binjang/NIKL-korean-english-dictionary/resolve/3b4cfd2126debfd5440cade3ef6c2a3c20cf7cf9/2024_01.csv#record=5869,NIKL source band: advanced; project heuristic TOPIK 5: professional and social category; not an official per-grade list
ko-nikl-05916,보험료,,An amount of money that the insured pays the insurer regularly.,noun,economy > financial instruments,nikl-2024-mirror,https://huggingface.co/datasets/binjang/NIKL-korean-english-dictionary/resolve/3b4cfd2126debfd5440cade3ef6c2a3c20cf7cf9/2024_01.csv#record=5916,NIKL source band: advanced; project heuristic TOPIK 5: professional and social category; not an official per-grade list
ko-nikl-05949,복권,,A ticket that can be exchanged for prize money or a prize when its numbers or signs match the drawn numbers or signs.,noun,economy > financial instruments,nikl-2024-mirror,https://huggingface.co/datasets/binjang/NIKL-korean-english-dictionary/resolve/3b4cfd2126debfd5440cade3ef6c2a3c20cf7cf9/2024_01.csv#record=5949,NIKL source band: advanced; project heuristic TOPIK 5: professional and social category; not an official per-grade list
ko-nikl-05952,복귀,,The act of going back to the original place or state.,noun,social life > social activities,nikl-2024-mirror,https://huggingface.co/datasets/binjang/NIKL-korean-english-dictionary/resolve/3b4cfd2126debfd5440cade3ef6c2a3c20cf7cf9/2024_01.csv#record=5952,NIKL source band: advanced; project heuristic TOPIK 5: professional and social category; not an official per-grade list
ko-nikl-05978,복부,,The midsection of the body.,noun,people > body parts,nikl-2024-mirror,https://huggingface.co/datasets/binjang/NIKL-korean-english-dictionary/resolve/3b4cfd2126debfd5440cade3ef6c2a3c20cf7cf9/2024_01.csv#record=5978,NIKL source band: advanced; project heuristic TOPIK 5: professional and social category; not an official per-grade list
ko-nikl-06026,복장,,One's dressed appearance.,noun,clothing and appearance > state of dress,nikl-2024-mirror,https://huggingface.co/datasets/binjang/NIKL-korean-english-dictionary/resolve/3b4cfd2126debfd5440cade3ef6c2a3c20cf7cf9/2024_01.csv#record=6026,NIKL source band: advanced; project heuristic TOPIK 5: professional and social category; not an official per-grade list
ko-nikl-06027,복제,,"The process of making the same thing as the original, or something produced in such a way.",noun,social life > telecommunications,nikl-2024-mirror,https://huggingface.co/datasets/binjang/NIKL-korean-english-dictionary/resolve/3b4cfd2126debfd5440cade3ef6c2a3c20cf7cf9/2024_01.csv#record=6027,NIKL source band: advanced; project heuristic TOPIK 5: professional and social category; not an official per-grade list
ko-nikl-06034,복종,,The act of following someone's order or opinion without hesitation.,noun,social life > social activities,nikl-2024-mirror,https://huggingface.co/datasets/binjang/NIKL-korean-english-dictionary/resolve/3b4cfd2126debfd5440cade3ef6c2a3c20cf7cf9/2024_01.csv#record=6034,NIKL source band: advanced; project heuristic TOPIK 5: professional and social category; not an official per-grade list
ko-nikl-06083,본국,,"The country of one's nationality. / A ruling or protecting country, not a colony or protectorate. / A word used when a speaker refers to his/her native country in an official setting.",noun,concepts > regions,nikl-2024-mirror,https://huggingface.co/datasets/binjang/NIKL-korean-english-dictionary/resolve/3b4cfd2126debfd5440cade3ef6c2a3c20cf7cf9/2024_01.csv#record=6083,NIKL source band: advanced; project heuristic TOPIK 5: professional and social category; not an official per-grade list
ko-nikl-06112,본받다,,To follow someone worthy of learning from by watching and then emulating that person.,verb,social life > social activities,nikl-2024-mirror,https://huggingface.co/datasets/binjang/NIKL-korean-english-dictionary/resolve/3b4cfd2126debfd5440cade3ef6c2a3c20cf7cf9/2024_01.csv#record=6112,NIKL source band: advanced; project heuristic TOPIK 5: professional and social category; not an official per-grade list
ko-nikl-06120,본사,,A business entity that serves as the center of a company with branch offices in many places. / A word used when a speaker refers to his/her company in an official setting.,noun,economy > commercial places,nikl-2024-mirror,https://huggingface.co/datasets/binjang/NIKL-korean-english-dictionary/resolve/3b4cfd2126debfd5440cade3ef6c2a3c20cf7cf9/2024_01.csv#record=6120,NIKL source band: advanced; project heuristic TOPIK 5: professional and social category; not an official per-grade list
ko-nikl-06124,본선,,"The final selection to decide the winner after the preliminaries in a game, competition, etc.",noun,social life > social events,nikl-2024-mirror,https://huggingface.co/datasets/binjang/NIKL-korean-english-dictionary/resolve/3b4cfd2126debfd5440cade3ef6c2a3c20cf7cf9/2024_01.csv#record=6124,NIKL source band: advanced; project heuristic TOPIK 5: professional and social category; not an official per-grade list
ko-nikl-06125,본성,,The qualities that a person or animal is born with. / The original quality of a thing or phenomenon.,noun,people > personality,nikl-2024-mirror,https://huggingface.co/datasets/binjang/NIKL-korean-english-dictionary/resolve/3b4cfd2126debfd5440cade3ef6c2a3c20cf7cf9/2024_01.csv#record=6125,NIKL source band: advanced; project heuristic TOPIK 5: professional and social category; not an official per-grade list
ko-nikl-06142,본전,,"The amount of money that was originally lent or deposited, with the interest excluded. / The money that is invested as capital for starting a business.",noun,economy > financial instruments,nikl-2024-mirror,https://huggingface.co/datasets/binjang/NIKL-korean-english-dictionary/resolve/3b4cfd2126debfd5440cade3ef6c2a3c20cf7cf9/2024_01.csv#record=6142,NIKL source band: advanced; project heuristic TOPIK 5: professional and social category; not an official per-grade list
ko-nikl-06237,봉사자,,"A person who dedicates himself/herself to working for others, not considering his/her own interests.",noun,social life > interpersonal relationships,nikl-2024-mirror,https://huggingface.co/datasets/binjang/NIKL-korean-english-dictionary/resolve/3b4cfd2126debfd5440cade3ef6c2a3c20cf7cf9/2024_01.csv#record=6237,NIKL source band: advanced; project heuristic TOPIK 5: professional and social category; not an official per-grade list
ko-nikl-06305,부고,,A report that announces one's death and funeral.,noun,social life > communication tools,nikl-2024-mirror,https://huggingface.co/datasets/binjang/NIKL-korean-english-dictionary/resolve/3b4cfd2126debfd5440cade3ef6c2a3c20cf7cf9/2024_01.csv#record=6305,NIKL source band: advanced; project heuristic TOPIK 5: professional and social category; not an official per-grade list
ko-nikl-06306,부과,,"The act of imposing and collecting taxes, fines, etc. / The act of imposing a responsibility, task, etc., on someone.",noun,economy > economic activities,nikl-2024-mirror,https://huggingface.co/datasets/binjang/NIKL-korean-english-dictionary/resolve/3b4cfd2126debfd5440cade3ef6c2a3c20cf7cf9/2024_01.csv#record=6306,NIKL source band: advanced; project heuristic TOPIK 5: professional and social category; not an official per-grade list
ko-nikl-06341,부담감,,"Stress of a duty, responsibility, job, etc.",noun,people > emotions,nikl-2024-mirror,https://huggingface.co/datasets/binjang/NIKL-korean-english-dictionary/resolve/3b4cfd2126debfd5440cade3ef6c2a3c20cf7cf9/2024_01.csv#record=6341,NIKL source band: advanced; project heuristic TOPIK 5: professional and social category; not an official per-grade list
ko-nikl-06362,부도,,A state in which a company fails to receive a certain amount of money written on a check or note.,noun,economy > economic conditions,nikl-2024-mirror,https://huggingface.co/datasets/binjang/NIKL-korean-english-dictionary/resolve/3b4cfd2126debfd5440cade3ef6c2a3c20cf7cf9/2024_01.csv#record=6362,NIKL source band: advanced; project heuristic TOPIK 5: professional and social category; not an official per-grade list
ko-nikl-06364,부도나다,,For a company to fail to receive a certain amount of money written on a check or note.,verb,economy > economic conditions,nikl-2024-mirror,https://huggingface.co/datasets/binjang/NIKL-korean-english-dictionary/resolve/3b4cfd2126debfd5440cade3ef6c2a3c20cf7cf9/2024_01.csv#record=6364,NIKL source band: advanced; project heuristic TOPIK 5: professional and social category; not an official per-grade list
ko-nikl-06427,부릅뜨다,,To open one's eyes wide so as to look fierce and menacing.,verb,people > physical actions,nikl-2024-mirror,https://huggingface.co/datasets/binjang/NIKL-korean-english-dictionary/resolve/3b4cfd2126debfd5440cade3ef6c2a3c20cf7cf9/2024_01.csv#record=6427,NIKL source band: advanced; project heuristic TOPIK 5: professional and social category; not an official per-grade list
ko-nikl-06432,부리다,,"To make a person or animal work at one's beck and call. / To handle a machine, device, etc., at will. / To summon a ghost, demon, etc., and make it move as one wants. / To discharge a load from one's back or a vehicle.",verb,social life > social activities,nikl-2024-mirror,https://huggingface.co/datasets/binjang/NIKL-korean-english-dictionary/resolve/3b4cfd2126debfd5440cade3ef6c2a3c20cf7cf9/2024_01.csv#record=6432,NIKL source band: advanced; project heuristic TOPIK 5: professional and social category; not an official per-grade list
ko-nikl-06514,부시다,,Hard to look straight at something due to strong light coming from it.,descriptive verb,people > senses,nikl-2024-mirror,https://huggingface.co/datasets/binjang/NIKL-korean-english-dictionary/resolve/3b4cfd2126debfd5440cade3ef6c2a3c20cf7cf9/2024_01.csv#record=6514,NIKL source band: advanced; project heuristic TOPIK 5: professional and social category; not an official per-grade list
ko-nikl-06519,부실,,"A state in which one's body is not strong, but weak. / A state in which the content of something is incomplete or unsubstantial.",noun,people > physical condition,nikl-2024-mirror,https://huggingface.co/datasets/binjang/NIKL-korean-english-dictionary/resolve/3b4cfd2126debfd5440cade3ef6c2a3c20cf7cf9/2024_01.csv#record=6519,NIKL source band: advanced; project heuristic TOPIK 5: professional and social category; not an official per-grade list
ko-nikl-06528,부양,,The act of taking care of someone who cannot live on his/her own because he/she has no income.,noun,daily life > life events,nikl-2024-mirror,https://huggingface.co/datasets/binjang/NIKL-korean-english-dictionary/resolve/3b4cfd2126debfd5440cade3ef6c2a3c20cf7cf9/2024_01.csv#record=6528,NIKL source band: advanced; project heuristic TOPIK 5: professional and social category; not an official per-grade list
ko-nikl-06554,부유층,,The class of people who have enough property to be well off.,noun,economy > economic conditions,nikl-2024-mirror,https://huggingface.co/datasets/binjang/NIKL-korean-english-dictionary/resolve/3b4cfd2126debfd5440cade3ef6c2a3c20cf7cf9/2024_01.csv#record=6554,NIKL source band: advanced; project heuristic TOPIK 5: professional and social category; not an official per-grade list
ko-nikl-06556,부유하다,,Having enough wealth to be well off.,descriptive verb,economy > economic conditions,nikl-2024-mirror,https://huggingface.co/datasets/binjang/NIKL-korean-english-dictionary/resolve/3b4cfd2126debfd5440cade3ef6c2a3c20cf7cf9/2024_01.csv#record=6556,NIKL source band: advanced; project heuristic TOPIK 5: professional and social category; not an official per-grade list
ko-nikl-06558,부응,,"The act of meeting one's expectations, demands, etc.",noun,social life > social activities,nikl-2024-mirror,https://huggingface.co/datasets/binjang/NIKL-korean-english-dictionary/resolve/3b4cfd2126debfd5440cade3ef6c2a3c20cf7cf9/2024_01.csv#record=6558,NIKL source band: advanced; project heuristic TOPIK 5: professional and social category; not an official per-grade list
ko-nikl-06570,부임,,The act of leaving for a new place of work after being given a position or duty.,noun,social life > workplace life,nikl-2024-mirror,https://huggingface.co/datasets/binjang/NIKL-korean-english-dictionary/resolve/3b4cfd2126debfd5440cade3ef6c2a3c20cf7cf9/2024_01.csv#record=6570,NIKL source band: advanced; project heuristic TOPIK 5: professional and social category; not an official per-grade list
ko-nikl-06654,부진,,A state in which growth or progress is slow.,noun,people > abilities,nikl-2024-mirror,https://huggingface.co/datasets/binjang/NIKL-korean-english-dictionary/resolve/3b4cfd2126debfd5440cade3ef6c2a3c20cf7cf9/2024_01.csv#record=6654,NIKL source band: advanced; project heuristic TOPIK 5: professional and social category; not an official per-grade list
ko-nikl-06686,부치다,,"For one's strength, ability, etc., to be not sufficient to do something.",verb,people > abilities,nikl-2024-mirror,https://huggingface.co/datasets/binjang/NIKL-korean-english-dictionary/resolve/3b4cfd2126debfd5440cade3ef6c2a3c20cf7cf9/2024_01.csv#record=6686,NIKL source band: advanced; project heuristic TOPIK 5: professional and social category; not an official per-grade list
ko-nikl-06711,부풀다,,"For a piece of paper or cloth to get fluff. / For one's skin to swell or blister. / To be full of expectation or hope. / For something to increase in volume as it expands. / For a matter, incident, etc., to become known in an exaggerated manner. / (figurative) To be angry.",verb,concepts > shape,nikl-2024-mirror,https://huggingface.co/datasets/binjang/NIKL-korean-english-dictionary/resolve/3b4cfd2126debfd5440cade3ef6c2a3c20cf7cf9/2024_01.csv#record=6711,NIKL source band: advanced; project heuristic TOPIK 5: professional and social category; not an official per-grade list
ko-nikl-06712,부풀리다,,"To fill someone up with expectation or hope. / To make something increase in volume. / To make a matter, incident, etc., known in an exaggerated manner.",verb,concepts > shape,nikl-2024-mirror,https://huggingface.co/datasets/binjang/NIKL-korean-english-dictionary/resolve/3b4cfd2126debfd5440cade3ef6c2a3c20cf7cf9/2024_01.csv#record=6712,NIKL source band: advanced; project heuristic TOPIK 5: professional and social category; not an official per-grade list
ko-nikl-06714,부피,,The amount of space that something occupies.,noun,concepts > shape,nikl-2024-mirror,https://huggingface.co/datasets/binjang/NIKL-korean-english-dictionary/resolve/3b4cfd2126debfd5440cade3ef6c2a3c20cf7cf9/2024_01.csv#record=6714,NIKL source band: advanced; project heuristic TOPIK 5: professional and social category; not an official per-grade list
ko-nikl-06716,부하,,A person who is in a lower position than someone and follows his/her order.,noun,social life > interpersonal relationships,nikl-2024-mirror,https://huggingface.co/datasets/binjang/NIKL-korean-english-dictionary/resolve/3b4cfd2126debfd5440cade3ef6c2a3c20cf7cf9/2024_01.csv#record=6716,NIKL source band: advanced; project heuristic TOPIK 5: professional and social category; not an official per-grade list
ko-nikl-06745,북,,A musical instrument whose sounds are made by beating the skins stretched tightly over both ends of a round wooden shell with the hands or sticks.,noun,culture > music,nikl-2024-mirror,https://huggingface.co/datasets/binjang/NIKL-korean-english-dictionary/resolve/3b4cfd2126debfd5440cade3ef6c2a3c20cf7cf9/2024_01.csv#record=6745,NIKL source band: advanced; project heuristic TOPIK 5: professional and social category; not an official per-grade list
ko-nikl-06749,북극,,"The northern end of the earth, or its surrounding region.",noun,concepts > regions,nikl-2024-mirror,https://huggingface.co/datasets/binjang/NIKL-korean-english-dictionary/resolve/3b4cfd2126debfd5440cade3ef6c2a3c20cf7cf9/2024_01.csv#record=6749,NIKL source band: advanced; project heuristic TOPIK 5: professional and social category; not an official per-grade list
ko-nikl-06764,북받치다,,"For a feeling, power, etc., to surge up in one's mind.",verb,people > emotions,nikl-2024-mirror,https://huggingface.co/datasets/binjang/NIKL-korean-english-dictionary/resolve/3b4cfd2126debfd5440cade3ef6c2a3c20cf7cf9/2024_01.csv#record=6764,NIKL source band: advanced; project heuristic TOPIK 5: professional and social category; not an official per-grade list
ko-nikl-06798,북한,,North Korea: The region north of the Military Demarcation Line in Korea.,noun,concepts > regions,nikl-2024-mirror,https://huggingface.co/datasets/binjang/NIKL-korean-english-dictionary/resolve/3b4cfd2126debfd5440cade3ef6c2a3c20cf7cf9/2024_01.csv#record=6798,NIKL source band: advanced; project heuristic TOPIK 5: professional and social category; not an official per-grade list
ko-nikl-06801,북향,,A state of facing north; northward direction.,noun,concepts > location and direction,nikl-2024-mirror,https://huggingface.co/datasets/binjang/NIKL-korean-english-dictionary/resolve/3b4cfd2126debfd5440cade3ef6c2a3c20cf7cf9/2024_01.csv#record=6801,NIKL source band: advanced; project heuristic TOPIK 5: professional and social category; not an official per-grade list
ko-nikl-06823,분기,,One of the three-month periods derived by dividing a year into four.,noun,concepts > time,nikl-2024-mirror,https://huggingface.co/datasets/binjang/NIKL-korean-english-dictionary/resolve/3b4cfd2126debfd5440cade3ef6c2a3c20cf7cf9/2024_01.csv#record=6823,NIKL source band: advanced; project heuristic TOPIK 5: professional and social category; not an official per-grade list
ko-nikl-06866,분배,,The act of dividing per share.,noun,economy > economic activities,nikl-2024-mirror,https://huggingface.co/datasets/binjang/NIKL-korean-english-dictionary/resolve/3b4cfd2126debfd5440cade3ef6c2a3c20cf7cf9/2024_01.csv#record=6866,NIKL source band: advanced; project heuristic TOPIK 5: professional and social category; not an official per-grade list
ko-nikl-06930,분열,,"The act of dividing one group, organization, idea, etc., into many parts. / A process in which one cell or entity is divided into many. / A mental disorder or the disintegration of personality, characterized by the disturbances of thoughts, emotions, wills, urges, etc.",noun,social life > social conditions,nikl-2024-mirror,https://huggingface.co/datasets/binjang/NIKL-korean-english-dictionary/resolve/3b4cfd2126debfd5440cade3ef6c2a3c20cf7cf9/2024_01.csv#record=6930,NIKL source band: advanced; project heuristic TOPIK 5: professional and social category; not an official per-grade list
ko-nikl-06937,분유,,Powder made by drying milk.,noun,food > drinks,nikl-2024-mirror,https://huggingface.co/datasets/binjang/NIKL-korean-english-dictionary/resolve/3b4cfd2126debfd5440cade3ef6c2a3c20cf7cf9/2024_01.csv#record=6937,NIKL source band: advanced; project heuristic TOPIK 5: professional and social category; not an official per-grade list
ko-nikl-06945,분쟁,,A state of fighting fiercely without yielding to each other.,noun,social life > social activities,nikl-2024-mirror,https://huggingface.co/datasets/binjang/NIKL-korean-english-dictionary/resolve/3b4cfd2126debfd5440cade3ef6c2a3c20cf7cf9/2024_01.csv#record=6945,NIKL source band: advanced; project heuristic TOPIK 5: professional and social category; not an official per-grade list
ko-nikl-06955,분주하다,,So engaged as to be disoriented.,descriptive verb,daily life > life circumstances,nikl-2024-mirror,https://huggingface.co/datasets/binjang/NIKL-korean-english-dictionary/resolve/3b4cfd2126debfd5440cade3ef6c2a3c20cf7cf9/2024_01.csv#record=6955,NIKL source band: advanced; project heuristic TOPIK 5: professional and social category; not an official per-grade list
ko-nikl-06984,분하다,,Feeling angry because one has suffered unfairness or something does not go as well as expected.,descriptive verb,people > emotions,nikl-2024-mirror,https://huggingface.co/datasets/binjang/NIKL-korean-english-dictionary/resolve/3b4cfd2126debfd5440cade3ef6c2a3c20cf7cf9/2024_01.csv#record=6984,NIKL source band: advanced; project heuristic TOPIK 5: professional and social category; not an official per-grade list
ko-nikl-07055,불경기,,"A state in which prices and wages fall, production decreases, and unemployment increases as economic activity is depressed.",noun,economy > economic conditions,nikl-2024-mirror,https://huggingface.co/datasets/binjang/NIKL-korean-english-dictionary/resolve/3b4cfd2126debfd5440cade3ef6c2a3c20cf7cf9/2024_01.csv#record=7055,NIKL source band: advanced; project heuristic TOPIK 5: professional and social category; not an official per-grade list
ko-nikl-07102,불길하다,,Having a feeling that one will be unlucky and something bad will happen.,descriptive verb,people > emotions,nikl-2024-mirror,https://huggingface.co/datasets/binjang/NIKL-korean-english-dictionary/resolve/3b4cfd2126debfd5440cade3ef6c2a3c20cf7cf9/2024_01.csv#record=7102,NIKL source band: advanced; project heuristic TOPIK 5: professional and social category; not an official per-grade list
ko-nikl-07105,불꽃놀이,,The act of showing sparks of various colors and shapes by shooting explosive compounds into the air at night.,noun,daily life > leisure activities,nikl-2024-mirror,https://huggingface.co/datasets/binjang/NIKL-korean-english-dictionary/resolve/3b4cfd2126debfd5440cade3ef6c2a3c20cf7cf9/2024_01.csv#record=7105,NIKL source band: advanced; project heuristic TOPIK 5: professional and social category; not an official per-grade list
ko-nikl-07135,불러내다,,To call someone to make him/her come out.,verb,social life > social activities,nikl-2024-mirror,https://huggingface.co/datasets/binjang/NIKL-korean-english-dictionary/resolve/3b4cfd2126debfd5440cade3ef6c2a3c20cf7cf9/2024_01.csv#record=7135,NIKL source band: advanced; project heuristic TOPIK 5: professional and social category; not an official per-grade list
ko-nikl-07136,불러들이다,,"To call someone to make him/her come in. / For a state agency to order someone to come. / In baseball, for a batter to make a hit, allowing a runner to score home. / To cause something bad to happen.",verb,social life > social activities,nikl-2024-mirror,https://huggingface.co/datasets/binjang/NIKL-korean-english-dictionary/resolve/3b4cfd2126debfd5440cade3ef6c2a3c20cf7cf9/2024_01.csv#record=7136,NIKL source band: advanced; project heuristic TOPIK 5: professional and social category; not an official per-grade list
ko-nikl-07137,불러오다,,"To call someone to make him come. / To make a certain act, feeling, or state occur.",verb,social life > social activities,nikl-2024-mirror,https://huggingface.co/datasets/binjang/NIKL-korean-english-dictionary/resolve/3b4cfd2126debfd5440cade3ef6c2a3c20cf7cf9/2024_01.csv#record=7137,NIKL source band: advanced; project heuristic TOPIK 5: professional and social category; not an official per-grade list
ko-nikl-07168,불면증,,Sleeplessness during the night over a long period of time.,noun,daily life > illness and symptoms,nikl-2024-mirror,https://huggingface.co/datasets/binjang/NIKL-korean-english-dictionary/resolve/3b4cfd2126debfd5440cade3ef6c2a3c20cf7cf9/2024_01.csv#record=7168,NIKL source band: advanced; project heuristic TOPIK 5: professional and social category; not an official per-grade list
ko-nikl-07221,불성실,,One's attitude or behavior being not truthful or sincere.,noun,people > attitudes,nikl-2024-mirror,https://huggingface.co/datasets/binjang/NIKL-korean-english-dictionary/resolve/3b4cfd2126debfd5440cade3ef6c2a3c20cf7cf9/2024_01.csv#record=7221,NIKL source band: advanced; project heuristic TOPIK 5: professional and social category; not an official per-grade list
ko-nikl-07253,불안감,,An uncomfortable and nervous feeling.,noun,people > emotions,nikl-2024-mirror,https://huggingface.co/datasets/binjang/NIKL-korean-english-dictionary/resolve/3b4cfd2126debfd5440cade3ef6c2a3c20cf7cf9/2024_01.csv#record=7253,NIKL source band: advanced; project heuristic TOPIK 5: professional and social category; not an official per-grade list
ko-nikl-07267,불어넣다,,To stimulate or influence someone to have a certain idea or feeling.,verb,people > physical actions,nikl-2024-mirror,https://huggingface.co/datasets/binjang/NIKL-korean-english-dictionary/resolve/3b4cfd2126debfd5440cade3ef6c2a3c20cf7cf9/2024_01.csv#record=7267,NIKL source band: advanced; project heuristic TOPIK 5: professional and social category; not an official per-grade list
ko-nikl-07283,불우,,A state in which one's living or situation is difficult and pitiful.,noun,daily life > life circumstances,nikl-2024-mirror,https://huggingface.co/datasets/binjang/NIKL-korean-english-dictionary/resolve/3b4cfd2126debfd5440cade3ef6c2a3c20cf7cf9/2024_01.csv#record=7283,NIKL source band: advanced; project heuristic TOPIK 5: professional and social category; not an official per-grade list
ko-nikl-07311,불참,,An act of not participating in or attending a certain occasion.,noun,social life > social activities,nikl-2024-mirror,https://huggingface.co/datasets/binjang/NIKL-korean-english-dictionary/resolve/3b4cfd2126debfd5440cade3ef6c2a3c20cf7cf9/2024_01.csv#record=7311,NIKL source band: advanced; project heuristic TOPIK 5: professional and social category; not an official per-grade list
ko-nikl-07325,불치병,,A disease that is not easily treated or cured.,noun,daily life > illness and symptoms,nikl-2024-mirror,https://huggingface.co/datasets/binjang/NIKL-korean-english-dictionary/resolve/3b4cfd2126debfd5440cade3ef6c2a3c20cf7cf9/2024_01.csv#record=7325,NIKL source band: advanced; project heuristic TOPIK 5: professional and social category; not an official per-grade list
ko-nikl-07332,불쾌지수,,An index that shows one's level of discomfort with extremely hot weather based on the relationship between temperature and humidity.,noun,daily life > illness and symptoms,nikl-2024-mirror,https://huggingface.co/datasets/binjang/NIKL-korean-english-dictionary/resolve/3b4cfd2126debfd5440cade3ef6c2a3c20cf7cf9/2024_01.csv#record=7332,NIKL source band: advanced; project heuristic TOPIK 5: professional and social category; not an official per-grade list
ko-nikl-07378,불화,,Failure to being on friendly terms and in harmony with one another.,noun,social life > social conditions,nikl-2024-mirror,https://huggingface.co/datasets/binjang/NIKL-korean-english-dictionary/resolve/3b4cfd2126debfd5440cade3ef6c2a3c20cf7cf9/2024_01.csv#record=7378,NIKL source band: advanced; project heuristic TOPIK 5: professional and social category; not an official per-grade list
ko-nikl-07382,불황,,"A state in which prices and wages go down, production decreases, and unemployment increases due to the economic inactivity of a society.",noun,economy > economic conditions,nikl-2024-mirror,https://huggingface.co/datasets/binjang/NIKL-korean-english-dictionary/resolve/3b4cfd2126debfd5440cade3ef6c2a3c20cf7cf9/2024_01.csv#record=7382,NIKL source band: advanced; project heuristic TOPIK 5: professional and social category; not an official per-grade list
ko-nikl-07384,불효자,,A child who does not respect nor take good care of his/her parents.,noun,social life > interpersonal relationships,nikl-2024-mirror,https://huggingface.co/datasets/binjang/NIKL-korean-english-dictionary/resolve/3b4cfd2126debfd5440cade3ef6c2a3c20cf7cf9/2024_01.csv#record=7384,NIKL source band: advanced; project heuristic TOPIK 5: professional and social category; not an official per-grade list
ko-nikl-07390,붉은색,,A dark-red color like that of a ripe red pepper or blood.,noun,concepts > colors,nikl-2024-mirror,https://huggingface.co/datasets/binjang/NIKL-korean-english-dictionary/resolve/3b4cfd2126debfd5440cade3ef6c2a3c20cf7cf9/2024_01.csv#record=7390,NIKL source band: advanced; project heuristic TOPIK 5: professional and social category; not an official per-grade list
ko-nikl-07392,붐,,"An instance in which a certain social phenomenon becomes suddenly popular, or flourishes and becomes widespread.",noun,social life > social conditions,nikl-2024-mirror,https://huggingface.co/datasets/binjang/NIKL-korean-english-dictionary/resolve/3b4cfd2126debfd5440cade3ef6c2a3c20cf7cf9/2024_01.csv#record=7392,NIKL source band: advanced; project heuristic TOPIK 5: professional and social category; not an official per-grade list
ko-nikl-07394,붓,,"A tool made of bristles fastened into a handle and used for painting or drawing with ink, paint, or watercolor. / Any writing tool such as a pencil, fountain pen, ball-point pen, etc.",noun,education > learning materials,nikl-2024-mirror,https://huggingface.co/datasets/binjang/NIKL-korean-english-dictionary/resolve/3b4cfd2126debfd5440cade3ef6c2a3c20cf7cf9/2024_01.csv#record=7394,NIKL source band: advanced; project heuristic TOPIK 5: professional and social category; not an official per-grade list
ko-nikl-07405,붕대,,A sterilized cloth used to cover the wound.,noun,daily life > medical treatment,nikl-2024-mirror,https://huggingface.co/datasets/binjang/NIKL-korean-english-dictionary/resolve/3b4cfd2126debfd5440cade3ef6c2a3c20cf7cf9/2024_01.csv#record=7405,NIKL source band: advanced; project heuristic TOPIK 5: professional and social category; not an official per-grade list
ko-nikl-07423,브랜드,,A name of a product.,noun,economy > economic products,nikl-2024-mirror,https://huggingface.co/datasets/binjang/NIKL-korean-english-dictionary/resolve/3b4cfd2126debfd5440cade3ef6c2a3c20cf7cf9/2024_01.csv#record=7423,NIKL source band: advanced; project heuristic TOPIK 5: professional and social category; not an official per-grade list
ko-nikl-07424,브레이크,,A device for stopping or slowing a vehicle or mechanical equipment. / The act of making someone stop or give up doing something.,noun,social life > transport,nikl-2024-mirror,https://huggingface.co/datasets/binjang/NIKL-korean-english-dictionary/resolve/3b4cfd2126debfd5440cade3ef6c2a3c20cf7cf9/2024_01.csv#record=7424,NIKL source band: advanced; project heuristic TOPIK 5: professional and social category; not an official per-grade list
ko-nikl-07428,블로그,,"A website on which one can upload columns, diaries, pictures, etc., freely according to one's interests.",noun,social life > communication tools,nikl-2024-mirror,https://huggingface.co/datasets/binjang/NIKL-korean-english-dictionary/resolve/3b4cfd2126debfd5440cade3ef6c2a3c20cf7cf9/2024_01.csv#record=7428,NIKL source band: advanced; project heuristic TOPIK 5: professional and social category; not an official per-grade list
ko-nikl-07440,비겁하다,,One's acts being not honorable and brave.,descriptive verb,people > attitudes,nikl-2024-mirror,https://huggingface.co/datasets/binjang/NIKL-korean-english-dictionary/resolve/3b4cfd2126debfd5440cade3ef6c2a3c20cf7cf9/2024_01.csv#record=7440,NIKL source band: advanced; project heuristic TOPIK 5: professional and social category; not an official per-grade list
ko-nikl-07449,비관적,,The tendency to take a gloomy view of life and expect things to be sad and hopeless. / The feeling that things will not go well.,noun,people > attitudes,nikl-2024-mirror,https://huggingface.co/datasets/binjang/NIKL-korean-english-dictionary/resolve/3b4cfd2126debfd5440cade3ef6c2a3c20cf7cf9/2024_01.csv#record=7449,NIKL source band: advanced; project heuristic TOPIK 5: professional and social category; not an official per-grade list
ko-nikl-07460,비굴하다,,Not confident due to lack of self-respect or courage.,descriptive verb,people > attitudes,nikl-2024-mirror,https://huggingface.co/datasets/binjang/NIKL-korean-english-dictionary/resolve/3b4cfd2126debfd5440cade3ef6c2a3c20cf7cf9/2024_01.csv#record=7460,NIKL source band: advanced; project heuristic TOPIK 5: professional and social category; not an official per-grade list
ko-nikl-07489,비둘기,,"A gray or white bird with short legs and large wings, often spotted in a park, along the street, etc.",noun,plants and animals > animals,nikl-2024-mirror,https://huggingface.co/datasets/binjang/NIKL-korean-english-dictionary/resolve/3b4cfd2126debfd5440cade3ef6c2a3c20cf7cf9/2024_01.csv#record=7489,NIKL source band: advanced; project heuristic TOPIK 5: professional and social category; not an official per-grade list
ko-nikl-07498,비뚤어지다,,"For a shape, direction, or position to tilt or lean to one side rather than being straight. / For one's thinking or behavior to be wicked, not virtuous or desirable.",verb,concepts > shape,nikl-2024-mirror,https://huggingface.co/datasets/binjang/NIKL-korean-english-dictionary/resolve/3b4cfd2126debfd5440cade3ef6c2a3c20cf7cf9/2024_01.csv#record=7498,NIKL source band: advanced; project heuristic TOPIK 5: professional and social category; not an official per-grade list
ko-nikl-07508,비리다,,"A smell or taste being disgusting and sickening like that emitted from fish, raw meat, blood of animals, etc.",descriptive verb,food > tastes,nikl-2024-mirror,https://huggingface.co/datasets/binjang/NIKL-korean-english-dictionary/resolve/3b4cfd2126debfd5440cade3ef6c2a3c20cf7cf9/2024_01.csv#record=7508,NIKL source band: advanced; project heuristic TOPIK 5: professional and social category; not an official per-grade list
ko-nikl-07546,비서,,"A person who takes care of office work, schedule, etc. for someone in an important position.",noun,social life > occupations,nikl-2024-mirror,https://huggingface.co/datasets/binjang/NIKL-korean-english-dictionary/resolve/3b4cfd2126debfd5440cade3ef6c2a3c20cf7cf9/2024_01.csv#record=7546,NIKL source band: advanced; project heuristic TOPIK 5: professional and social category; not an official per-grade list
ko-nikl-07576,비염,,"An illness resulting from inflammation of the nose, accompanied by stuffy and runny nose, and sneezing.",noun,daily life > illness and symptoms,nikl-2024-mirror,https://huggingface.co/datasets/binjang/NIKL-korean-english-dictionary/resolve/3b4cfd2126debfd5440cade3ef6c2a3c20cf7cf9/2024_01.csv#record=7576,NIKL source band: advanced; project heuristic TOPIK 5: professional and social category; not an official per-grade list
ko-nikl-07585,비웃음,,"An act of laughing disdainfully, mockingly, and scornfully; or such laughter",noun,people > attitudes,nikl-2024-mirror,https://huggingface.co/datasets/binjang/NIKL-korean-english-dictionary/resolve/3b4cfd2126debfd5440cade3ef6c2a3c20cf7cf9/2024_01.csv#record=7585,NIKL source band: advanced; project heuristic TOPIK 5: professional and social category; not an official per-grade list
ko-nikl-07586,비위,,The desire to eat something. / The desire to do something. / The ability to digest what one has eaten. / The capacity to put up with something one dislikes or a job that one doesn't want to do.,noun,people > body parts,nikl-2024-mirror,https://huggingface.co/datasets/binjang/NIKL-korean-english-dictionary/resolve/3b4cfd2126debfd5440cade3ef6c2a3c20cf7cf9/2024_01.csv#record=7586,NIKL source band: advanced; project heuristic TOPIK 5: professional and social category; not an official per-grade list
ko-nikl-07616,비좁다,,A space or place being very narrow. / One's thinking or mind being not broad.,descriptive verb,concepts > shape,nikl-2024-mirror,https://huggingface.co/datasets/binjang/NIKL-korean-english-dictionary/resolve/3b4cfd2126debfd5440cade3ef6c2a3c20cf7cf9/2024_01.csv#record=7616,NIKL source band: advanced; project heuristic TOPIK 5: professional and social category; not an official per-grade list
ko-nikl-07718,빈곤,,"The state of having a difficult time making a living because of poverty. / A state in which the content of something, etc., is unsatisfactory or insufficient.",noun,economy > economic conditions,nikl-2024-mirror,https://huggingface.co/datasets/binjang/NIKL-korean-english-dictionary/resolve/3b4cfd2126debfd5440cade3ef6c2a3c20cf7cf9/2024_01.csv#record=7718,NIKL source band: advanced; project heuristic TOPIK 5: professional and social category; not an official per-grade list
ko-nikl-07730,빈둥거리다,,"To idle and enjoy one's free time, instead of working.",verb,people > attitudes,nikl-2024-mirror,https://huggingface.co/datasets/binjang/NIKL-korean-english-dictionary/resolve/3b4cfd2126debfd5440cade3ef6c2a3c20cf7cf9/2024_01.csv#record=7730,NIKL source band: advanced; project heuristic TOPIK 5: professional and social category; not an official per-grade list
ko-nikl-07735,빈민,,A population that is poor.,noun,economy > economic conditions,nikl-2024-mirror,https://huggingface.co/datasets/binjang/NIKL-korean-english-dictionary/resolve/3b4cfd2126debfd5440cade3ef6c2a3c20cf7cf9/2024_01.csv#record=7735,NIKL source band: advanced; project heuristic TOPIK 5: professional and social category; not an official per-grade list
ko-nikl-07742,빈부,,A collective term for being rich and poor.,noun,economy > economic conditions,nikl-2024-mirror,https://huggingface.co/datasets/binjang/NIKL-korean-english-dictionary/resolve/3b4cfd2126debfd5440cade3ef6c2a3c20cf7cf9/2024_01.csv#record=7742,NIKL source band: advanced; project heuristic TOPIK 5: professional and social category; not an official per-grade list
ko-nikl-07744,빈소,,A place within a funeral home or a house in mourning where a coffin is kept before the burial or cremation of the dead.,noun,daily life > family events,nikl-2024-mirror,https://huggingface.co/datasets/binjang/NIKL-korean-english-dictionary/resolve/3b4cfd2126debfd5440cade3ef6c2a3c20cf7cf9/2024_01.csv#record=7744,NIKL source band: advanced; project heuristic TOPIK 5: professional and social category; not an official per-grade list
ko-nikl-07764,빈털터리,,A person who loses all of his/her wealth and has nothing left.,noun,economy > economic conditions,nikl-2024-mirror,https://huggingface.co/datasets/binjang/NIKL-korean-english-dictionary/resolve/3b4cfd2126debfd5440cade3ef6c2a3c20cf7cf9/2024_01.csv#record=7764,NIKL source band: advanced; project heuristic TOPIK 5: professional and social category; not an official per-grade list
ko-nikl-07766,빈틈없다,,Not missing something or not having a vacant part. / Having no incomplete or weak point.,descriptive verb,people > personality,nikl-2024-mirror,https://huggingface.co/datasets/binjang/NIKL-korean-english-dictionary/resolve/3b4cfd2126debfd5440cade3ef6c2a3c20cf7cf9/2024_01.csv#record=7766,NIKL source band: advanced; project heuristic TOPIK 5: professional and social category; not an official per-grade list
ko-nikl-07768,빈혈,,A decrease of oxygen in the blood to a level below normal.,noun,daily life > illness and symptoms,nikl-2024-mirror,https://huggingface.co/datasets/binjang/NIKL-korean-english-dictionary/resolve/3b4cfd2126debfd5440cade3ef6c2a3c20cf7cf9/2024_01.csv#record=7768,NIKL source band: advanced; project heuristic TOPIK 5: professional and social category; not an official per-grade list
ko-nikl-07787,빗기다,,"To get someone to arrange hair, fur, etc., with a comb, hand, etc. / To arrange hair, fur, etc., with a comb, hand, etc.",verb,clothing and appearance > grooming,nikl-2024-mirror,https://huggingface.co/datasets/binjang/NIKL-korean-english-dictionary/resolve/3b4cfd2126debfd5440cade3ef6c2a3c20cf7cf9/2024_01.csv#record=7787,NIKL source band: advanced; project heuristic TOPIK 5: professional and social category; not an official per-grade list
ko-nikl-07822,빙수,,"A desert made from finely shaved ice topped with well-cooked red beans, fruits, etc.",noun,food > dishes,nikl-2024-mirror,https://huggingface.co/datasets/binjang/NIKL-korean-english-dictionary/resolve/3b4cfd2126debfd5440cade3ef6c2a3c20cf7cf9/2024_01.csv#record=7822,NIKL source band: advanced; project heuristic TOPIK 5: professional and social category; not an official per-grade list
ko-nikl-07844,빛내다,,For light to be shone brightly. / To make something shiny or glossy when light is reflected. / To make something look better or valuable. / For one's eyes to shine with a clear sparkle.,verb,concepts > brightness,nikl-2024-mirror,https://huggingface.co/datasets/binjang/NIKL-korean-english-dictionary/resolve/3b4cfd2126debfd5440cade3ef6c2a3c20cf7cf9/2024_01.csv#record=7844,NIKL source band: advanced; project heuristic TOPIK 5: professional and social category; not an official per-grade list
ko-nikl-07854,빠듯하다,,"Having barely enough money, strength, etc., to do something, and thus having no extra money, power, etc. / Just reaching a certain degree.",descriptive verb,economy > economic conditions,nikl-2024-mirror,https://huggingface.co/datasets/binjang/NIKL-korean-english-dictionary/resolve/3b4cfd2126debfd5440cade3ef6c2a3c20cf7cf9/2024_01.csv#record=7854,NIKL source band: advanced; project heuristic TOPIK 5: professional and social category; not an official per-grade list
ko-nikl-07868,빡빡하다,,"Not soft due to little moisture. / Tight because there is no time, money, etc., to spare. / Rigid and inflexible. / Something being hard to be moved because it is too tight. / So filled that it is hard to find an empty space.",descriptive verb,people > attitudes,nikl-2024-mirror,https://huggingface.co/datasets/binjang/NIKL-korean-english-dictionary/resolve/3b4cfd2126debfd5440cade3ef6c2a3c20cf7cf9/2024_01.csv#record=7868,NIKL source band: advanced; project heuristic TOPIK 5: professional and social category; not an official per-grade list
ko-nikl-07959,뺏기다,,"For one's possession to be lost or owned by another person forcibly. / For one's job, time, qualification, etc., to be taken by another person forcibly. / For one's right or qualification to be legally lost. / For one's mind or soul to be captivated by something. / For one's chastity, virginal purity, etc., to be violated and run roughshod over.",verb,social life > social activities,nikl-2024-mirror,https://huggingface.co/datasets/binjang/NIKL-korean-english-dictionary/resolve/3b4cfd2126debfd5440cade3ef6c2a3c20cf7cf9/2024_01.csv#record=7959,NIKL source band: advanced; project heuristic TOPIK 5: professional and social category; not an official per-grade list
ko-nikl-07968,뺨치다,,(slang) To surpass someone.,verb,people > abilities,nikl-2024-mirror,https://huggingface.co/datasets/binjang/NIKL-korean-english-dictionary/resolve/3b4cfd2126debfd5440cade3ef6c2a3c20cf7cf9/2024_01.csv#record=7968,NIKL source band: advanced; project heuristic TOPIK 5: professional and social category; not an official per-grade list
ko-nikl-08047,뽐내다,,"To act conceited with pride. / To boast of one's ability, etc., as if to attract others' attention.",verb,people > attitudes,nikl-2024-mirror,https://huggingface.co/datasets/binjang/NIKL-korean-english-dictionary/resolve/3b4cfd2126debfd5440cade3ef6c2a3c20cf7cf9/2024_01.csv#record=8047,NIKL source band: advanced; project heuristic TOPIK 5: professional and social category; not an official per-grade list
ko-nikl-08059,뾰족하다,,"For an end of an object to be thin and sharp. / A thought, method, etc., being brilliant enough to solve a problem. / A personality or temper being difficult to please, not mild.",descriptive verb,concepts > shape,nikl-2024-mirror,https://huggingface.co/datasets/binjang/NIKL-korean-english-dictionary/resolve/3b4cfd2126debfd5440cade3ef6c2a3c20cf7cf9/2024_01.csv#record=8059,NIKL source band: advanced; project heuristic TOPIK 5: professional and social category; not an official per-grade list
ko-nikl-08064,뿌듯하다,,Fully joyful or moved.,descriptive verb,people > emotions,nikl-2024-mirror,https://huggingface.co/datasets/binjang/NIKL-korean-english-dictionary/resolve/3b4cfd2126debfd5440cade3ef6c2a3c20cf7cf9/2024_01.csv#record=8064,NIKL source band: advanced; project heuristic TOPIK 5: professional and social category; not an official per-grade list
ko-nikl-08082,뿔,,A hard and pointy thing that grows from the head of an animal like cattle or deer.,noun,plants and animals > animal parts,nikl-2024-mirror,https://huggingface.co/datasets/binjang/NIKL-korean-english-dictionary/resolve/3b4cfd2126debfd5440cade3ef6c2a3c20cf7cf9/2024_01.csv#record=8082,NIKL source band: advanced; project heuristic TOPIK 5: professional and social category; not an official per-grade list
ko-nikl-08086,뿜다,,"To push liquid or gas out of something. / To cause a strong light or smell to be emitted. / To reveal an intense feeling, spirit, emotion, etc.",verb,people > physical actions,nikl-2024-mirror,https://huggingface.co/datasets/binjang/NIKL-korean-english-dictionary/resolve/3b4cfd2126debfd5440cade3ef6c2a3c20cf7cf9/2024_01.csv#record=8086,NIKL source band: advanced; project heuristic TOPIK 5: professional and social category; not an official per-grade list
ko-nikl-08087,뿜어내다,,"To push liquid or gas out of something. / To cause a strong light or smell to be emitted. / To reveal an intense feeling, spirit, emotion, etc.",verb,people > physical actions,nikl-2024-mirror,https://huggingface.co/datasets/binjang/NIKL-korean-english-dictionary/resolve/3b4cfd2126debfd5440cade3ef6c2a3c20cf7cf9/2024_01.csv#record=8087,NIKL source band: advanced; project heuristic TOPIK 5: professional and social category; not an official per-grade list
ko-nikl-08182,사공,,A person who rows a boat as an occupation.,noun,social life > occupations,nikl-2024-mirror,https://huggingface.co/datasets/binjang/NIKL-korean-english-dictionary/resolve/3b4cfd2126debfd5440cade3ef6c2a3c20cf7cf9/2024_01.csv#record=8182,NIKL source band: advanced; project heuristic TOPIK 5: professional and social category; not an official per-grade list
ko-nikl-08193,사교,,An act of getting along and associating with others.,noun,social life > social activities,nikl-2024-mirror,https://huggingface.co/datasets/binjang/NIKL-korean-english-dictionary/resolve/3b4cfd2126debfd5440cade3ef6c2a3c20cf7cf9/2024_01.csv#record=8193,NIKL source band: advanced; project heuristic TOPIK 5: professional and social category; not an official per-grade list
ko-nikl-08196,사교육,,An education that a person receives from private institutes or cram schools at his/her own expenses.,noun,education > teaching and learning,nikl-2024-mirror,https://huggingface.co/datasets/binjang/NIKL-korean-english-dictionary/resolve/3b4cfd2126debfd5440cade3ef6c2a3c20cf7cf9/2024_01.csv#record=8196,NIKL source band: advanced; project heuristic TOPIK 5: professional and social category; not an official per-grade list
ko-nikl-08205,사극,,"A play, film, or drama based on historical events or figures.",noun,culture > popular culture,nikl-2024-mirror,https://huggingface.co/datasets/binjang/NIKL-korean-english-dictionary/resolve/3b4cfd2126debfd5440cade3ef6c2a3c20cf7cf9/2024_01.csv#record=8205,NIKL source band: advanced; project heuristic TOPIK 5: professional and social category; not an official per-grade list
ko-nikl-08210,사기,,An energetic spirit to achieve something or win.,noun,people > emotions,nikl-2024-mirror,https://huggingface.co/datasets/binjang/NIKL-korean-english-dictionary/resolve/3b4cfd2126debfd5440cade3ef6c2a3c20cf7cf9/2024_01.csv#record=8210,NIKL source band: advanced; project heuristic TOPIK 5: professional and social category; not an official per-grade list
ko-nikl-08221,사납다,,"A personality or behavior being wild. / An appearance being scary and menacing. / Snow, rain, wind, etc., being very severe. / The situation or circumstances being bad.",descriptive verb,people > personality,nikl-2024-mirror,https://huggingface.co/datasets/binjang/NIKL-korean-english-dictionary/resolve/3b4cfd2126debfd5440cade3ef6c2a3c20cf7cf9/2024_01.csv#record=8221,NIKL source band: advanced; project heuristic TOPIK 5: professional and social category; not an official per-grade list
ko-nikl-08371,사복,,"Ordinary clothes that a person normally wears, not uniform. / A police officer who wears plain clothes, not a uniform, to work in order to conceal his/her identity during a crime investigation, stakeout, tailing, etc.",noun,clothing and appearance > types of clothing,nikl-2024-mirror,https://huggingface.co/datasets/binjang/NIKL-korean-english-dictionary/resolve/3b4cfd2126debfd5440cade3ef6c2a3c20cf7cf9/2024_01.csv#record=8371,NIKL source band: advanced; project heuristic TOPIK 5: professional and social category; not an official per-grade list
ko-nikl-08415,사슴,,"A wild animal living in a mountain that has big eyes, brown fur, and long legs, and also horns for males.",noun,plants and animals > animals,nikl-2024-mirror,https://huggingface.co/datasets/binjang/NIKL-korean-english-dictionary/resolve/3b4cfd2126debfd5440cade3ef6c2a3c20cf7cf9/2024_01.csv#record=8415,NIKL source band: advanced; project heuristic TOPIK 5: professional and social category; not an official per-grade list
ko-nikl-08418,사시사철,,"A period from spring, summer, fall and through winter.",noun,concepts > time,nikl-2024-mirror,https://huggingface.co/datasets/binjang/NIKL-korean-english-dictionary/resolve/3b4cfd2126debfd5440cade3ef6c2a3c20cf7cf9/2024_01.csv#record=8418,NIKL source band: advanced; project heuristic TOPIK 5: professional and social category; not an official per-grade list
ko-nikl-08437,사양,,"An act of not receiving or accepting something in humility, or yielding to others.",noun,social life > social activities,nikl-2024-mirror,https://huggingface.co/datasets/binjang/NIKL-korean-english-dictionary/resolve/3b4cfd2126debfd5440cade3ef6c2a3c20cf7cf9/2024_01.csv#record=8437,NIKL source band: advanced; project heuristic TOPIK 5: professional and social category; not an official per-grade list
ko-nikl-08444,사업주,,The owner of a business.,noun,economy > economic actors,nikl-2024-mirror,https://huggingface.co/datasets/binjang/NIKL-korean-english-dictionary/resolve/3b4cfd2126debfd5440cade3ef6c2a3c20cf7cf9/2024_01.csv#record=8444,NIKL source band: advanced; project heuristic TOPIK 5: professional and social category; not an official per-grade list
ko-nikl-08445,사업체,,A systematic organization that manages a business.,noun,economy > commercial places,nikl-2024-mirror,https://huggingface.co/datasets/binjang/NIKL-korean-english-dictionary/resolve/3b4cfd2126debfd5440cade3ef6c2a3c20cf7cf9/2024_01.csv#record=8445,NIKL source band: advanced; project heuristic TOPIK 5: professional and social category; not an official per-grade list
ko-nikl-08486,사은품,,A gift for repaying someone for received favors.,noun,economy > financial instruments,nikl-2024-mirror,https://huggingface.co/datasets/binjang/NIKL-korean-english-dictionary/resolve/3b4cfd2126debfd5440cade3ef6c2a3c20cf7cf9/2024_01.csv#record=8486,NIKL source band: advanced; project heuristic TOPIK 5: professional and social category; not an official per-grade list
ko-nikl-08550,사지,,The two arms and two legs of a human.,noun,people > body parts,nikl-2024-mirror,https://huggingface.co/datasets/binjang/NIKL-korean-english-dictionary/resolve/3b4cfd2126debfd5440cade3ef6c2a3c20cf7cf9/2024_01.csv#record=8550,NIKL source band: advanced; project heuristic TOPIK 5: professional and social category; not an official per-grade list
ko-nikl-08593,사퇴,,An act of quitting and withdrawing from a certain position and title.,noun,social life > social activities,nikl-2024-mirror,https://huggingface.co/datasets/binjang/NIKL-korean-english-dictionary/resolve/3b4cfd2126debfd5440cade3ef6c2a3c20cf7cf9/2024_01.csv#record=8593,NIKL source band: advanced; project heuristic TOPIK 5: professional and social category; not an official per-grade list
ko-nikl-08652,사후,,"A time after a work is done, or one finishes a work.",noun,concepts > time,nikl-2024-mirror,https://huggingface.co/datasets/binjang/NIKL-korean-english-dictionary/resolve/3b4cfd2126debfd5440cade3ef6c2a3c20cf7cf9/2024_01.csv#record=8652,NIKL source band: advanced; project heuristic TOPIK 5: professional and social category; not an official per-grade list
ko-nikl-08703,산모,,A woman who has recently given birth to a baby.,noun,people > types of people,nikl-2024-mirror,https://huggingface.co/datasets/binjang/NIKL-korean-english-dictionary/resolve/3b4cfd2126debfd5440cade3ef6c2a3c20cf7cf9/2024_01.csv#record=8703,NIKL source band: advanced; project heuristic TOPIK 5: professional and social category; not an official per-grade list
ko-nikl-08942,삼림욕,,"An act of taking a walk or staying in the forest for health, relaxing physically and mentally.",noun,daily life > leisure activities,nikl-2024-mirror,https://huggingface.co/datasets/binjang/NIKL-korean-english-dictionary/resolve/3b4cfd2126debfd5440cade3ef6c2a3c20cf7cf9/2024_01.csv#record=8942,NIKL source band: advanced; project heuristic TOPIK 5: professional and social category; not an official per-grade list
ko-nikl-09013,상,,A family member's death.,noun,daily life > family events,nikl-2024-mirror,https://huggingface.co/datasets/binjang/NIKL-korean-english-dictionary/resolve/3b4cfd2126debfd5440cade3ef6c2a3c20cf7cf9/2024_01.csv#record=9013,NIKL source band: advanced; project heuristic TOPIK 5: professional and social category; not an official per-grade list
ko-nikl-09022,상갓집,,A house where people are grieving for a deceased person.,noun,daily life > family events,nikl-2024-mirror,https://huggingface.co/datasets/binjang/NIKL-korean-english-dictionary/resolve/3b4cfd2126debfd5440cade3ef6c2a3c20cf7cf9/2024_01.csv#record=9022,NIKL source band: advanced; project heuristic TOPIK 5: professional and social category; not an official per-grade list
ko-nikl-09025,상거래,,An act of selling and buying a product for profit.,noun,economy > economic activities,nikl-2024-mirror,https://huggingface.co/datasets/binjang/NIKL-korean-english-dictionary/resolve/3b4cfd2126debfd5440cade3ef6c2a3c20cf7cf9/2024_01.csv#record=9025,NIKL source band: advanced; project heuristic TOPIK 5: professional and social category; not an official per-grade list
ko-nikl-09026,상견례,,An official meeting where many people see and get introduced to each other for the first time. / The first meeting between the bride and bridegroom's families where they are introduced to each other.,noun,daily life > family events,nikl-2024-mirror,https://huggingface.co/datasets/binjang/NIKL-korean-english-dictionary/resolve/3b4cfd2126debfd5440cade3ef6c2a3c20cf7cf9/2024_01.csv#record=9026,NIKL source band: advanced; project heuristic TOPIK 5: professional and social category; not an official per-grade list
ko-nikl-09063,상냥하다,,"One's personality or attitude being bright, sweet, and kind.",descriptive verb,people > attitudes,nikl-2024-mirror,https://huggingface.co/datasets/binjang/NIKL-korean-english-dictionary/resolve/3b4cfd2126debfd5440cade3ef6c2a3c20cf7cf9/2024_01.csv#record=9063,NIKL source band: advanced; project heuristic TOPIK 5: professional and social category; not an official per-grade list
ko-nikl-09093,상류층,,"A class that holds a higher place in social status, standard of living, etc.",noun,economy > economic conditions,nikl-2024-mirror,https://huggingface.co/datasets/binjang/NIKL-korean-english-dictionary/resolve/3b4cfd2126debfd5440cade3ef6c2a3c20cf7cf9/2024_01.csv#record=9093,NIKL source band: advanced; project heuristic TOPIK 5: professional and social category; not an official per-grade list
ko-nikl-09103,상반신,,"An upper part of a body, above the waist.",noun,people > body parts,nikl-2024-mirror,https://huggingface.co/datasets/binjang/NIKL-korean-english-dictionary/resolve/3b4cfd2126debfd5440cade3ef6c2a3c20cf7cf9/2024_01.csv#record=9103,NIKL source band: advanced; project heuristic TOPIK 5: professional and social category; not an official per-grade list
ko-nikl-09113,상봉,,An act of meeting one another.,noun,social life > social activities,nikl-2024-mirror,https://huggingface.co/datasets/binjang/NIKL-korean-english-dictionary/resolve/3b4cfd2126debfd5440cade3ef6c2a3c20cf7cf9/2024_01.csv#record=9113,NIKL source band: advanced; project heuristic TOPIK 5: professional and social category; not an official per-grade list
ko-nikl-09115,상부상조,,An act of helping one another.,noun,social life > social activities,nikl-2024-mirror,https://huggingface.co/datasets/binjang/NIKL-korean-english-dictionary/resolve/3b4cfd2126debfd5440cade3ef6c2a3c20cf7cf9/2024_01.csv#record=9115,NIKL source band: advanced; project heuristic TOPIK 5: professional and social category; not an official per-grade list
ko-nikl-09141,상속,,An act of giving or taking over someone's property after his/her death.,noun,social life > social activities,nikl-2024-mirror,https://huggingface.co/datasets/binjang/NIKL-korean-english-dictionary/resolve/3b4cfd2126debfd5440cade3ef6c2a3c20cf7cf9/2024_01.csv#record=9141,NIKL source band: advanced; project heuristic TOPIK 5: professional and social category; not an official per-grade list
ko-nikl-09165,상승세,,A tendency or state of going up.,noun,economy > economic conditions,nikl-2024-mirror,https://huggingface.co/datasets/binjang/NIKL-korean-english-dictionary/resolve/3b4cfd2126debfd5440cade3ef6c2a3c20cf7cf9/2024_01.csv#record=9165,NIKL source band: advanced; project heuristic TOPIK 5: professional and social category; not an official per-grade list
ko-nikl-09180,상심,,"A state of being mentally painful due to sorrow, worry, etc.",noun,people > emotions,nikl-2024-mirror,https://huggingface.co/datasets/binjang/NIKL-korean-english-dictionary/resolve/3b4cfd2126debfd5440cade3ef6c2a3c20cf7cf9/2024_01.csv#record=9180,NIKL source band: advanced; project heuristic TOPIK 5: professional and social category; not an official per-grade list
ko-nikl-09190,상업적,,An act of gaining profit through economic activities like selling products.,noun,economy > economic conditions,nikl-2024-mirror,https://huggingface.co/datasets/binjang/NIKL-korean-english-dictionary/resolve/3b4cfd2126debfd5440cade3ef6c2a3c20cf7cf9/2024_01.csv#record=9190,NIKL source band: advanced; project heuristic TOPIK 5: professional and social category; not an official per-grade list
ko-nikl-09196,상여금,,Additional money received besides one's regular pay as a bonus or gift according to one's achievement or contribution.,noun,economy > financial instruments,nikl-2024-mirror,https://huggingface.co/datasets/binjang/NIKL-korean-english-dictionary/resolve/3b4cfd2126debfd5440cade3ef6c2a3c20cf7cf9/2024_01.csv#record=9196,NIKL source band: advanced; project heuristic TOPIK 5: professional and social category; not an official per-grade list
ko-nikl-09204,상용,,Used daily.,noun,economy > economic activities,nikl-2024-mirror,https://huggingface.co/datasets/binjang/NIKL-korean-english-dictionary/resolve/3b4cfd2126debfd5440cade3ef6c2a3c20cf7cf9/2024_01.csv#record=9204,NIKL source band: advanced; project heuristic TOPIK 5: professional and social category; not an official per-grade list
ko-nikl-09207,상위,,A high rank or position.,noun,concepts > location and direction,nikl-2024-mirror,https://huggingface.co/datasets/binjang/NIKL-korean-english-dictionary/resolve/3b4cfd2126debfd5440cade3ef6c2a3c20cf7cf9/2024_01.csv#record=9207,NIKL source band: advanced; project heuristic TOPIK 5: professional and social category; not an official per-grade list
ko-nikl-09208,상위권,,The range that belongs to a high rank or position.,noun,concepts > location and direction,nikl-2024-mirror,https://huggingface.co/datasets/binjang/NIKL-korean-english-dictionary/resolve/3b4cfd2126debfd5440cade3ef6c2a3c20cf7cf9/2024_01.csv#record=9208,NIKL source band: advanced; project heuristic TOPIK 5: professional and social category; not an official per-grade list
ko-nikl-09209,상응,,A state of being appropriate for each other. / A state of two or more people thinking similarly.,noun,social life > social activities,nikl-2024-mirror,https://huggingface.co/datasets/binjang/NIKL-korean-english-dictionary/resolve/3b4cfd2126debfd5440cade3ef6c2a3c20cf7cf9/2024_01.csv#record=9209,NIKL source band: advanced; project heuristic TOPIK 5: professional and social category; not an official per-grade list
ko-nikl-09216,상이하다,,Differing from each other.,descriptive verb,concepts > shape,nikl-2024-mirror,https://huggingface.co/datasets/binjang/NIKL-korean-english-dictionary/resolve/3b4cfd2126debfd5440cade3ef6c2a3c20cf7cf9/2024_01.csv#record=9216,NIKL source band: advanced; project heuristic TOPIK 5: professional and social category; not an official per-grade list
ko-nikl-09217,상인,,A person who is in trade.,noun,economy > economic actors,nikl-2024-mirror,https://huggingface.co/datasets/binjang/NIKL-korean-english-dictionary/resolve/3b4cfd2126debfd5440cade3ef6c2a3c20cf7cf9/2024_01.csv#record=9217,NIKL source band: advanced; project heuristic TOPIK 5: professional and social category; not an official per-grade list
ko-nikl-09220,상장,,An official document with praises for work well done.,noun,education > learning materials,nikl-2024-mirror,https://huggingface.co/datasets/binjang/NIKL-korean-english-dictionary/resolve/3b4cfd2126debfd5440cade3ef6c2a3c20cf7cf9/2024_01.csv#record=9220,NIKL source band: advanced; project heuristic TOPIK 5: professional and social category; not an official per-grade list
ko-nikl-09234,상주,,The state of staying at one place continuously.,noun,housing > housing activities,nikl-2024-mirror,https://huggingface.co/datasets/binjang/NIKL-korean-english-dictionary/resolve/3b4cfd2126debfd5440cade3ef6c2a3c20cf7cf9/2024_01.csv#record=9234,NIKL source band: advanced; project heuristic TOPIK 5: professional and social category; not an official per-grade list
ko-nikl-09249,상차림,,"The act of setting food on the table, or a table prepared in such a way.",noun,food > eating and cooking,nikl-2024-mirror,https://huggingface.co/datasets/binjang/NIKL-korean-english-dictionary/resolve/3b4cfd2126debfd5440cade3ef6c2a3c20cf7cf9/2024_01.csv#record=9249,NIKL source band: advanced; project heuristic TOPIK 5: professional and social category; not an official per-grade list
ko-nikl-09255,상체,,The upper part of a person's body or an object.,noun,people > body parts,nikl-2024-mirror,https://huggingface.co/datasets/binjang/NIKL-korean-english-dictionary/resolve/3b4cfd2126debfd5440cade3ef6c2a3c20cf7cf9/2024_01.csv#record=9255,NIKL source band: advanced; project heuristic TOPIK 5: professional and social category; not an official per-grade list
ko-nikl-09279,상표,,The mark of a symbol or picture that represents a company that makes a product.,noun,economy > economic products,nikl-2024-mirror,https://huggingface.co/datasets/binjang/NIKL-korean-english-dictionary/resolve/3b4cfd2126debfd5440cade3ef6c2a3c20cf7cf9/2024_01.csv#record=9279,NIKL source band: advanced; project heuristic TOPIK 5: professional and social category; not an official per-grade list
ko-nikl-09283,상품권,,"A card that can be used in a store such as a department store, bookstore, etc., up to the amount indicated on the card.",noun,economy > financial instruments,nikl-2024-mirror,https://huggingface.co/datasets/binjang/NIKL-korean-english-dictionary/resolve/3b4cfd2126debfd5440cade3ef6c2a3c20cf7cf9/2024_01.csv#record=9283,NIKL source band: advanced; project heuristic TOPIK 5: professional and social category; not an official per-grade list
ko-nikl-09302,상호,,Both sides that are in a relationship or pair.,noun,social life > social conditions,nikl-2024-mirror,https://huggingface.co/datasets/binjang/NIKL-korean-english-dictionary/resolve/3b4cfd2126debfd5440cade3ef6c2a3c20cf7cf9/2024_01.csv#record=9302,NIKL source band: advanced; project heuristic TOPIK 5: professional and social category; not an official per-grade list
ko-nikl-09334,새까맣다,,"Extremely dark. / Extremely distant in space, time, etc. / Not remembering or knowing anything. / Uncountably numerous. / (figurative) Cunning in mind or behavior.",descriptive verb,concepts > colors,nikl-2024-mirror,https://huggingface.co/datasets/binjang/NIKL-korean-english-dictionary/resolve/3b4cfd2126debfd5440cade3ef6c2a3c20cf7cf9/2024_01.csv#record=9334,NIKL source band: advanced; project heuristic TOPIK 5: professional and social category; not an official per-grade list
ko-nikl-09348,새댁,,(polite form) A new bride.,noun,people > types of people,nikl-2024-mirror,https://huggingface.co/datasets/binjang/NIKL-korean-english-dictionary/resolve/3b4cfd2126debfd5440cade3ef6c2a3c20cf7cf9/2024_01.csv#record=9348,NIKL source band: advanced; project heuristic TOPIK 5: professional and social category; not an official per-grade list
ko-nikl-09374,새싹,,"A leaf newly coming out of a seed, stem, etc. / (figurative) Children.",noun,plants and animals > plant parts,nikl-2024-mirror,https://huggingface.co/datasets/binjang/NIKL-korean-english-dictionary/resolve/3b4cfd2126debfd5440cade3ef6c2a3c20cf7cf9/2024_01.csv#record=9374,NIKL source band: advanced; project heuristic TOPIK 5: professional and social category; not an official per-grade list
ko-nikl-09412,새파랗다,,"A color being extremely blue. / One's face, lips, etc., being so pale as to look green because one is cold or scared. / Very young. / A blade being very keen.",descriptive verb,concepts > colors,nikl-2024-mirror,https://huggingface.co/datasets/binjang/NIKL-korean-english-dictionary/resolve/3b4cfd2126debfd5440cade3ef6c2a3c20cf7cf9/2024_01.csv#record=9412,NIKL source band: advanced; project heuristic TOPIK 5: professional and social category; not an official per-grade list
ko-nikl-09414,새하얗다,,A color being very white.,descriptive verb,concepts > colors,nikl-2024-mirror,https://huggingface.co/datasets/binjang/NIKL-korean-english-dictionary/resolve/3b4cfd2126debfd5440cade3ef6c2a3c20cf7cf9/2024_01.csv#record=9414,NIKL source band: advanced; project heuristic TOPIK 5: professional and social category; not an official per-grade list
ko-nikl-09426,색상,,"The quality of colors that makes one color different from another, such as red, yellow, blue, etc.",noun,concepts > colors,nikl-2024-mirror,https://huggingface.co/datasets/binjang/NIKL-korean-english-dictionary/resolve/3b4cfd2126debfd5440cade3ef6c2a3c20cf7cf9/2024_01.csv#record=9426,NIKL source band: advanced; project heuristic TOPIK 5: professional and social category; not an official per-grade list
ko-nikl-09443,색채,,"The color of an object when light is shed on it. / A thought, characteristics in the expression an object, the attitude when dealing with it, etc.",noun,concepts > colors,nikl-2024-mirror,https://huggingface.co/datasets/binjang/NIKL-korean-english-dictionary/resolve/3b4cfd2126debfd5440cade3ef6c2a3c20cf7cf9/2024_01.csv#record=9443,NIKL source band: advanced; project heuristic TOPIK 5: professional and social category; not an official per-grade list
ko-nikl-09464,샘물,,Water that gushes out from the ground.,noun,food > drinks,nikl-2024-mirror,https://huggingface.co/datasets/binjang/NIKL-korean-english-dictionary/resolve/3b4cfd2126debfd5440cade3ef6c2a3c20cf7cf9/2024_01.csv#record=9464,NIKL source band: advanced; project heuristic TOPIK 5: professional and social category; not an official per-grade list
ko-nikl-09475,생,,"Living, or aliveness.",noun,daily life > life circumstances,nikl-2024-mirror,https://huggingface.co/datasets/binjang/NIKL-korean-english-dictionary/resolve/3b4cfd2126debfd5440cade3ef6c2a3c20cf7cf9/2024_01.csv#record=9475,NIKL source band: advanced; project heuristic TOPIK 5: professional and social category; not an official per-grade list
ko-nikl-09495,생계,,The way or situation of earning a living.,noun,daily life > life circumstances,nikl-2024-mirror,https://huggingface.co/datasets/binjang/NIKL-korean-english-dictionary/resolve/3b4cfd2126debfd5440cade3ef6c2a3c20cf7cf9/2024_01.csv#record=9495,NIKL source band: advanced; project heuristic TOPIK 5: professional and social category; not an official per-grade list
ko-nikl-09555,생사,,Living and dying.,noun,daily life > life circumstances,nikl-2024-mirror,https://huggingface.co/datasets/binjang/NIKL-korean-english-dictionary/resolve/3b4cfd2126debfd5440cade3ef6c2a3c20cf7cf9/2024_01.csv#record=9555,NIKL source band: advanced; project heuristic TOPIK 5: professional and social category; not an official per-grade list
ko-nikl-09561,생산량,,The amount produced during a certain period.,noun,economy > economic conditions,nikl-2024-mirror,https://huggingface.co/datasets/binjang/NIKL-korean-english-dictionary/resolve/3b4cfd2126debfd5440cade3ef6c2a3c20cf7cf9/2024_01.csv#record=9561,NIKL source band: advanced; project heuristic TOPIK 5: professional and social category; not an official per-grade list
ko-nikl-09565,생산성,,The ratio of output to its production cost.,noun,economy > economic conditions,nikl-2024-mirror,https://huggingface.co/datasets/binjang/NIKL-korean-english-dictionary/resolve/3b4cfd2126debfd5440cade3ef6c2a3c20cf7cf9/2024_01.csv#record=9565,NIKL source band: advanced; project heuristic TOPIK 5: professional and social category; not an official per-grade list
ko-nikl-09567,생산자,,A person who produces.,noun,economy > economic actors,nikl-2024-mirror,https://huggingface.co/datasets/binjang/NIKL-korean-english-dictionary/resolve/3b4cfd2126debfd5440cade3ef6c2a3c20cf7cf9/2024_01.csv#record=9567,NIKL source band: advanced; project heuristic TOPIK 5: professional and social category; not an official per-grade list
ko-nikl-09569,생산적,,Something related to production. / The basis when something new is created.,noun,economy > economic conditions,nikl-2024-mirror,https://huggingface.co/datasets/binjang/NIKL-korean-english-dictionary/resolve/3b4cfd2126debfd5440cade3ef6c2a3c20cf7cf9/2024_01.csv#record=9569,NIKL source band: advanced; project heuristic TOPIK 5: professional and social category; not an official per-grade list
ko-nikl-09571,생산지,,"A place where a commodity is produced, or a place where a commodity or element has formed naturally.",noun,economy > commercial places,nikl-2024-mirror,https://huggingface.co/datasets/binjang/NIKL-korean-english-dictionary/resolve/3b4cfd2126debfd5440cade3ef6c2a3c20cf7cf9/2024_01.csv#record=9571,NIKL source band: advanced; project heuristic TOPIK 5: professional and social category; not an official per-grade list
ko-nikl-09589,생수,,Clear water in its natural state without being boiled or sterilized.,noun,food > drinks,nikl-2024-mirror,https://huggingface.co/datasets/binjang/NIKL-korean-english-dictionary/resolve/3b4cfd2126debfd5440cade3ef6c2a3c20cf7cf9/2024_01.csv#record=9589,NIKL source band: advanced; project heuristic TOPIK 5: professional and social category; not an official per-grade list
ko-nikl-09611,생전,,The period when one is alive.,noun,concepts > time,nikl-2024-mirror,https://huggingface.co/datasets/binjang/NIKL-korean-english-dictionary/resolve/3b4cfd2126debfd5440cade3ef6c2a3c20cf7cf9/2024_01.csv#record=9611,NIKL source band: advanced; project heuristic TOPIK 5: professional and social category; not an official per-grade list
ko-nikl-09645,생활고,,The state of suffering from poverty.,noun,economy > economic conditions,nikl-2024-mirror,https://huggingface.co/datasets/binjang/NIKL-korean-english-dictionary/resolve/3b4cfd2126debfd5440cade3ef6c2a3c20cf7cf9/2024_01.csv#record=9645,NIKL source band: advanced; project heuristic TOPIK 5: professional and social category; not an official per-grade list
ko-nikl-09700,서구,,Europe and North America that form the Occident.,noun,concepts > regions,nikl-2024-mirror,https://huggingface.co/datasets/binjang/NIKL-korean-english-dictionary/resolve/3b4cfd2126debfd5440cade3ef6c2a3c20cf7cf9/2024_01.csv#record=9700,NIKL source band: advanced; project heuristic TOPIK 5: professional and social category; not an official per-grade list
ko-nikl-09710,서글프다,,Sad and lonely. / Dissatisfied and disappointed.,descriptive verb,people > emotions,nikl-2024-mirror,https://huggingface.co/datasets/binjang/NIKL-korean-english-dictionary/resolve/3b4cfd2126debfd5440cade3ef6c2a3c20cf7cf9/2024_01.csv#record=9710,NIKL source band: advanced; project heuristic TOPIK 5: professional and social category; not an official per-grade list
ko-nikl-09762,서민,,A common person without high status. / A person who is not financially well-off and is below the middle class.,noun,economy > economic conditions,nikl-2024-mirror,https://huggingface.co/datasets/binjang/NIKL-korean-english-dictionary/resolve/3b4cfd2126debfd5440cade3ef6c2a3c20cf7cf9/2024_01.csv#record=9762,NIKL source band: advanced; project heuristic TOPIK 5: professional and social category; not an official per-grade list
ko-nikl-09763,서민적,,The state of being like common people without high social status.,noun,economy > economic conditions,nikl-2024-mirror,https://huggingface.co/datasets/binjang/NIKL-korean-english-dictionary/resolve/3b4cfd2126debfd5440cade3ef6c2a3c20cf7cf9/2024_01.csv#record=9763,NIKL source band: advanced; project heuristic TOPIK 5: professional and social category; not an official per-grade list
ko-nikl-09784,서비스업,,"The industry that provides types of service such as tourism, the financial business, hospitality and accommodations, the restaurant trade, etc.",noun,social life > occupations,nikl-2024-mirror,https://huggingface.co/datasets/binjang/NIKL-korean-english-dictionary/resolve/3b4cfd2126debfd5440cade3ef6c2a3c20cf7cf9/2024_01.csv#record=9784,NIKL source band: advanced; project heuristic TOPIK 5: professional and social category; not an official per-grade list
ko-nikl-09794,서성거리다,,"To walk around a place repeatedly, rather than standing on one spot.",verb,people > physical actions,nikl-2024-mirror,https://huggingface.co/datasets/binjang/NIKL-korean-english-dictionary/resolve/3b4cfd2126debfd5440cade3ef6c2a3c20cf7cf9/2024_01.csv#record=9794,NIKL source band: advanced; project heuristic TOPIK 5: professional and social category; not an official per-grade list
ko-nikl-09818,서신,,The act of saying what one has to say in writing and sending it to another person.,noun,social life > communication tools,nikl-2024-mirror,https://huggingface.co/datasets/binjang/NIKL-korean-english-dictionary/resolve/3b4cfd2126debfd5440cade3ef6c2a3c20cf7cf9/2024_01.csv#record=9818,NIKL source band: advanced; project heuristic TOPIK 5: professional and social category; not an official per-grade list
ko-nikl-09835,서열,,"The state of being lined up in the order of high to low values or positions, or such an order.",noun,social life > social conditions,nikl-2024-mirror,https://huggingface.co/datasets/binjang/NIKL-korean-english-dictionary/resolve/3b4cfd2126debfd5440cade3ef6c2a3c20cf7cf9/2024_01.csv#record=9835,NIKL source band: advanced; project heuristic TOPIK 5: professional and social category; not an official per-grade list
ko-nikl-09849,서재,,A room with books where one writes or reads books. / private village school: (archaic) A place where Chinese characters were taught to children.,noun,housing > parts of a home,nikl-2024-mirror,https://huggingface.co/datasets/binjang/NIKL-korean-english-dictionary/resolve/3b4cfd2126debfd5440cade3ef6c2a3c20cf7cf9/2024_01.csv#record=9849,NIKL source band: advanced; project heuristic TOPIK 5: professional and social category; not an official per-grade list
ko-nikl-09869,서평,,"A writing that evaluates what is good, bad, right or wrong in a book.",noun,social life > communication tools,nikl-2024-mirror,https://huggingface.co/datasets/binjang/NIKL-korean-english-dictionary/resolve/3b4cfd2126debfd5440cade3ef6c2a3c20cf7cf9/2024_01.csv#record=9869,NIKL source band: advanced; project heuristic TOPIK 5: professional and social category; not an official per-grade list
ko-nikl-09876,서향,,"Facing the west, or the western direction.",noun,concepts > location and direction,nikl-2024-mirror,https://huggingface.co/datasets/binjang/NIKL-korean-english-dictionary/resolve/3b4cfd2126debfd5440cade3ef6c2a3c20cf7cf9/2024_01.csv#record=9876,NIKL source band: advanced; project heuristic TOPIK 5: professional and social category; not an official per-grade list
ko-nikl-09928,선,,"An act of a man and woman being introduced to each other for the first time, mediated by a friend or acquaintance, to find a future spouse. / The first appearance of an object or person.",noun,social life > social activities,nikl-2024-mirror,https://huggingface.co/datasets/binjang/NIKL-korean-english-dictionary/resolve/3b4cfd2126debfd5440cade3ef6c2a3c20cf7cf9/2024_01.csv#record=9928,NIKL source band: advanced; project heuristic TOPIK 5: professional and social category; not an official per-grade list
ko-nikl-10006,선명하다,,Clear and obvious.,descriptive verb,concepts > brightness,nikl-2024-mirror,https://huggingface.co/datasets/binjang/NIKL-korean-english-dictionary/resolve/3b4cfd2126debfd5440cade3ef6c2a3c20cf7cf9/2024_01.csv#record=10006,NIKL source band: advanced; project heuristic TOPIK 5: professional and social category; not an official per-grade list
ko-nikl-10015,선박,,A large boat equipped with many facilities.,noun,social life > transport,nikl-2024-mirror,https://huggingface.co/datasets/binjang/NIKL-korean-english-dictionary/resolve/3b4cfd2126debfd5440cade3ef6c2a3c20cf7cf9/2024_01.csv#record=10015,NIKL source band: advanced; project heuristic TOPIK 5: professional and social category; not an official per-grade list
ko-nikl-10016,선반,,"A long board hung on the wall in order to keep objects, etc.",noun,housing > household goods,nikl-2024-mirror,https://huggingface.co/datasets/binjang/NIKL-korean-english-dictionary/resolve/3b4cfd2126debfd5440cade3ef6c2a3c20cf7cf9/2024_01.csv#record=10016,NIKL source band: advanced; project heuristic TOPIK 5: professional and social category; not an official per-grade list
ko-nikl-10018,선발,,The act of picking out among many.,noun,social life > social activities,nikl-2024-mirror,https://huggingface.co/datasets/binjang/NIKL-korean-english-dictionary/resolve/3b4cfd2126debfd5440cade3ef6c2a3c20cf7cf9/2024_01.csv#record=10018,NIKL source band: advanced; project heuristic TOPIK 5: professional and social category; not an official per-grade list
ko-nikl-10032,선보이다,,"For an item, person, etc., to make its or his/her first appearance.",verb,social life > social activities,nikl-2024-mirror,https://huggingface.co/datasets/binjang/NIKL-korean-english-dictionary/resolve/3b4cfd2126debfd5440cade3ef6c2a3c20cf7cf9/2024_01.csv#record=10032,NIKL source band: advanced; project heuristic TOPIK 5: professional and social category; not an official per-grade list
ko-nikl-10090,선의,,Kind heart. / A good intention.,noun,people > emotions,nikl-2024-mirror,https://huggingface.co/datasets/binjang/NIKL-korean-english-dictionary/resolve/3b4cfd2126debfd5440cade3ef6c2a3c20cf7cf9/2024_01.csv#record=10090,NIKL source band: advanced; project heuristic TOPIK 5: professional and social category; not an official per-grade list
ko-nikl-10098,선입견,,A preconceived idea that one has before actually knowing an object.,noun,people > emotions,nikl-2024-mirror,https://huggingface.co/datasets/binjang/NIKL-korean-english-dictionary/resolve/3b4cfd2126debfd5440cade3ef6c2a3c20cf7cf9/2024_01.csv#record=10098,NIKL source band: advanced; project heuristic TOPIK 5: professional and social category; not an official per-grade list
ko-nikl-10119,선정적,,"Provoking a stimulating, strong emotion such as sexual desire.",noun,people > emotions,nikl-2024-mirror,https://huggingface.co/datasets/binjang/NIKL-korean-english-dictionary/resolve/3b4cfd2126debfd5440cade3ef6c2a3c20cf7cf9/2024_01.csv#record=10119,NIKL source band: advanced; project heuristic TOPIK 5: professional and social category; not an official per-grade list
ko-nikl-10124,선조,,Persons from whom one is descended.,noun,daily life > family relationships,nikl-2024-mirror,https://huggingface.co/datasets/binjang/NIKL-korean-english-dictionary/resolve/3b4cfd2126debfd5440cade3ef6c2a3c20cf7cf9/2024_01.csv#record=10124,NIKL source band: advanced; project heuristic TOPIK 5: professional and social category; not an official per-grade list
ko-nikl-10151,선출,,The act of choosing among many.,noun,social life > social activities,nikl-2024-mirror,https://huggingface.co/datasets/binjang/NIKL-korean-english-dictionary/resolve/3b4cfd2126debfd5440cade3ef6c2a3c20cf7cf9/2024_01.csv#record=10151,NIKL source band: advanced; project heuristic TOPIK 5: professional and social category; not an official per-grade list
ko-nikl-10173,선행,,A state of going or being ahead of something. / A state of being accomplished ahead of something in time.,noun,concepts > time,nikl-2024-mirror,https://huggingface.co/datasets/binjang/NIKL-korean-english-dictionary/resolve/3b4cfd2126debfd5440cade3ef6c2a3c20cf7cf9/2024_01.csv#record=10173,NIKL source band: advanced; project heuristic TOPIK 5: professional and social category; not an official per-grade list
ko-nikl-10174,선행,,"A kind, good deed.",noun,social life > social activities,nikl-2024-mirror,https://huggingface.co/datasets/binjang/NIKL-korean-english-dictionary/resolve/3b4cfd2126debfd5440cade3ef6c2a3c20cf7cf9/2024_01.csv#record=10174,NIKL source band: advanced; project heuristic TOPIK 5: professional and social category; not an official per-grade list
ko-nikl-10187,선후배,,Seniors and juniors.,noun,social life > interpersonal relationships,nikl-2024-mirror,https://huggingface.co/datasets/binjang/NIKL-korean-english-dictionary/resolve/3b4cfd2126debfd5440cade3ef6c2a3c20cf7cf9/2024_01.csv#record=10187,NIKL source band: advanced; project heuristic TOPIK 5: professional and social category; not an official per-grade list
ko-nikl-00020,설득력,,The power of making a person understand or do as asked by explaining or persuading.,noun,people > abilities,nikl-2024-mirror,https://huggingface.co/datasets/binjang/NIKL-korean-english-dictionary/resolve/3b4cfd2126debfd5440cade3ef6c2a3c20cf7cf9/2024_01.csv#record=20,NIKL source band: advanced; project heuristic TOPIK 5: professional and social category; not an official per-grade list
ko-nikl-00070,설움,,A feeling of sadness or sorrow.,noun,people > emotions,nikl-2024-mirror,https://huggingface.co/datasets/binjang/NIKL-korean-english-dictionary/resolve/3b4cfd2126debfd5440cade3ef6c2a3c20cf7cf9/2024_01.csv#record=70,NIKL source band: advanced; project heuristic TOPIK 5: professional and social category; not an official per-grade list
ko-nikl-00097,섬기다,,To follow and worship a superior. / To follow and worship someone as a special being.,verb,social life > social activities,nikl-2024-mirror,https://huggingface.co/datasets/binjang/NIKL-korean-english-dictionary/resolve/3b4cfd2126debfd5440cade3ef6c2a3c20cf7cf9/2024_01.csv#record=97,NIKL source band: advanced; project heuristic TOPIK 5: professional and social category; not an official per-grade list
ko-nikl-00106,섬세하다,,Fine and thin. / Very detailed and accurate.,descriptive verb,people > personality,nikl-2024-mirror,https://huggingface.co/datasets/binjang/NIKL-korean-english-dictionary/resolve/3b4cfd2126debfd5440cade3ef6c2a3c20cf7cf9/2024_01.csv#record=106,NIKL source band: advanced; project heuristic TOPIK 5: professional and social category; not an official per-grade list
ko-nikl-00123,섭외,,The act of contacting others and discussing in order to achieve something.,noun,social life > social activities,nikl-2024-mirror,https://huggingface.co/datasets/binjang/NIKL-korean-english-dictionary/resolve/3b4cfd2126debfd5440cade3ef6c2a3c20cf7cf9/2024_01.csv#record=123,NIKL source band: advanced; project heuristic TOPIK 5: professional and social category; not an official per-grade list
ko-nikl-00125,섭취,,"The body taking in nutrients, etc.",noun,food > eating and cooking,nikl-2024-mirror,https://huggingface.co/datasets/binjang/NIKL-korean-english-dictionary/resolve/3b4cfd2126debfd5440cade3ef6c2a3c20cf7cf9/2024_01.csv#record=125,NIKL source band: advanced; project heuristic TOPIK 5: professional and social category; not an official per-grade list
ko-nikl-00162,성금,,Money paid for a good cause.,noun,economy > financial instruments,nikl-2024-mirror,https://huggingface.co/datasets/binjang/NIKL-korean-english-dictionary/resolve/3b4cfd2126debfd5440cade3ef6c2a3c20cf7cf9/2024_01.csv#record=162,NIKL source band: advanced; project heuristic TOPIK 5: professional and social category; not an official per-grade list
ko-nikl-00163,성급하다,,"To hurry, not keeping cool and calm.",descriptive verb,people > attitudes,nikl-2024-mirror,https://huggingface.co/datasets/binjang/NIKL-korean-english-dictionary/resolve/3b4cfd2126debfd5440cade3ef6c2a3c20cf7cf9/2024_01.csv#record=163,NIKL source band: advanced; project heuristic TOPIK 5: professional and social category; not an official per-grade list
ko-nikl-00171,성냥,,"A utensil made of a small, thin wooden stick with an inflammable substance on the end that ignites when rubbed on a rough surface.",noun,housing > household goods,nikl-2024-mirror,https://huggingface.co/datasets/binjang/NIKL-korean-english-dictionary/resolve/3b4cfd2126debfd5440cade3ef6c2a3c20cf7cf9/2024_01.csv#record=171,NIKL source band: advanced; project heuristic TOPIK 5: professional and social category; not an official per-grade list
ko-nikl-00238,성실성,,"A sincere, genuine personality.",noun,people > attitudes,nikl-2024-mirror,https://huggingface.co/datasets/binjang/NIKL-korean-english-dictionary/resolve/3b4cfd2126debfd5440cade3ef6c2a3c20cf7cf9/2024_01.csv#record=238,NIKL source band: advanced; project heuristic TOPIK 5: professional and social category; not an official per-grade list
ko-nikl-00263,성의,,The quality or state of being sincere and genuine.,noun,people > attitudes,nikl-2024-mirror,https://huggingface.co/datasets/binjang/NIKL-korean-english-dictionary/resolve/3b4cfd2126debfd5440cade3ef6c2a3c20cf7cf9/2024_01.csv#record=263,NIKL source band: advanced; project heuristic TOPIK 5: professional and social category; not an official per-grade list
ko-nikl-00266,성인,,"A person of wisdom and good character, many people admire as a role model. / In Catholicism, the title given to a person who is beyond reproach in belief and character.",noun,people > types of people,nikl-2024-mirror,https://huggingface.co/datasets/binjang/NIKL-korean-english-dictionary/resolve/3b4cfd2126debfd5440cade3ef6c2a3c20cf7cf9/2024_01.csv#record=266,NIKL source band: advanced; project heuristic TOPIK 5: professional and social category; not an official per-grade list
ko-nikl-00268,성인병,,"Diseases such as high blood pressure, diabetes and arteriosclerosis that occur in people in their middle age and older.",noun,daily life > illness and symptoms,nikl-2024-mirror,https://huggingface.co/datasets/binjang/NIKL-korean-english-dictionary/resolve/3b4cfd2126debfd5440cade3ef6c2a3c20cf7cf9/2024_01.csv#record=268,NIKL source band: advanced; project heuristic TOPIK 5: professional and social category; not an official per-grade list
ko-nikl-00273,성장기,,The time taken for an organism to reach full growth. / The period of growth.,noun,daily life > life circumstances,nikl-2024-mirror,https://huggingface.co/datasets/binjang/NIKL-korean-english-dictionary/resolve/3b4cfd2126debfd5440cade3ef6c2a3c20cf7cf9/2024_01.csv#record=273,NIKL source band: advanced; project heuristic TOPIK 5: professional and social category; not an official per-grade list
ko-nikl-00304,성취,,The act of achieving something that one has aimed for.,noun,daily life > life events,nikl-2024-mirror,https://huggingface.co/datasets/binjang/NIKL-korean-english-dictionary/resolve/3b4cfd2126debfd5440cade3ef6c2a3c20cf7cf9/2024_01.csv#record=304,NIKL source band: advanced; project heuristic TOPIK 5: professional and social category; not an official per-grade list
ko-nikl-00322,성품,,One's temper or personality.,noun,people > personality,nikl-2024-mirror,https://huggingface.co/datasets/binjang/NIKL-korean-english-dictionary/resolve/3b4cfd2126debfd5440cade3ef6c2a3c20cf7cf9/2024_01.csv#record=322,NIKL source band: advanced; project heuristic TOPIK 5: professional and social category; not an official per-grade list
ko-nikl-00323,성하다,,"An object, etc., being whole as in its original form. / One being free from disease or trouble.",descriptive verb,concepts > shape,nikl-2024-mirror,https://huggingface.co/datasets/binjang/NIKL-korean-english-dictionary/resolve/3b4cfd2126debfd5440cade3ef6c2a3c20cf7cf9/2024_01.csv#record=323,NIKL source band: advanced; project heuristic TOPIK 5: professional and social category; not an official per-grade list
ko-nikl-00331,성향,,A tendency resulting from certain properties.,noun,people > personality,nikl-2024-mirror,https://huggingface.co/datasets/binjang/NIKL-korean-english-dictionary/resolve/3b4cfd2126debfd5440cade3ef6c2a3c20cf7cf9/2024_01.csv#record=331,NIKL source band: advanced; project heuristic TOPIK 5: professional and social category; not an official per-grade list
ko-nikl-00333,성형,,"An act of making the appearance of an object into a certain shape. / An act of changing or creating the outside features of the face or body, through a surgery.",noun,daily life > illness and symptoms,nikl-2024-mirror,https://huggingface.co/datasets/binjang/NIKL-korean-english-dictionary/resolve/3b4cfd2126debfd5440cade3ef6c2a3c20cf7cf9/2024_01.csv#record=333,NIKL source band: advanced; project heuristic TOPIK 5: professional and social category; not an official per-grade list
ko-nikl-00341,성화,,"Frustration and anxiousness from things not working out as one planned, or such a state of mind. / The act of nagging.",noun,people > attitudes,nikl-2024-mirror,https://huggingface.co/datasets/binjang/NIKL-korean-english-dictionary/resolve/3b4cfd2126debfd5440cade3ef6c2a3c20cf7cf9/2024_01.csv#record=341,NIKL source band: advanced; project heuristic TOPIK 5: professional and social category; not an official per-grade list
ko-nikl-00358,세,,The power stemming from having authority or an advantage. / Force or energy.,noun,people > abilities,nikl-2024-mirror,https://huggingface.co/datasets/binjang/NIKL-korean-english-dictionary/resolve/3b4cfd2126debfd5440cade3ef6c2a3c20cf7cf9/2024_01.csv#record=358,NIKL source band: advanced; project heuristic TOPIK 5: professional and social category; not an official per-grade list
ko-nikl-00392,세다,,"For hair such as on the head, beard, etc., to turn gray. / For one's skin color to turn white because one is tired, shocked, etc.",verb,people > physical changes,nikl-2024-mirror,https://huggingface.co/datasets/binjang/NIKL-korean-english-dictionary/resolve/3b4cfd2126debfd5440cade3ef6c2a3c20cf7cf9/2024_01.csv#record=392,NIKL source band: advanced; project heuristic TOPIK 5: professional and social category; not an official per-grade list
ko-nikl-00426,세면도구,,"Objects used to wash one's face and hair or to shave with, such as soap, a toothbrush, towel, etc.",noun,housing > household goods,nikl-2024-mirror,https://huggingface.co/datasets/binjang/NIKL-korean-english-dictionary/resolve/3b4cfd2126debfd5440cade3ef6c2a3c20cf7cf9/2024_01.csv#record=426,NIKL source band: advanced; project heuristic TOPIK 5: professional and social category; not an official per-grade list
ko-nikl-00489,세심하다,,"Taking much attention even when doing a minor chore, leaving nothing untouched.",descriptive verb,people > personality,nikl-2024-mirror,https://huggingface.co/datasets/binjang/NIKL-korean-english-dictionary/resolve/3b4cfd2126debfd5440cade3ef6c2a3c20cf7cf9/2024_01.csv#record=489,NIKL source band: advanced; project heuristic TOPIK 5: professional and social category; not an official per-grade list
ko-nikl-00511,세제,,The system of taxation.,noun,housing > household goods,nikl-2024-mirror,https://huggingface.co/datasets/binjang/NIKL-korean-english-dictionary/resolve/3b4cfd2126debfd5440cade3ef6c2a3c20cf7cf9/2024_01.csv#record=511,NIKL source band: advanced; project heuristic TOPIK 5: professional and social category; not an official per-grade list
ko-nikl-00601,소개서,,A letter or document that introduces a person or object to another person.,noun,social life > communication tools,nikl-2024-mirror,https://huggingface.co/datasets/binjang/NIKL-korean-english-dictionary/resolve/3b4cfd2126debfd5440cade3ef6c2a3c20cf7cf9/2024_01.csv#record=601,NIKL source band: advanced; project heuristic TOPIK 5: professional and social category; not an official per-grade list
ko-nikl-00696,소름,,"A millet-like thing that comes up on one's skin as it retracts when one is scared, cold or disgusted.",noun,people > emotions,nikl-2024-mirror,https://huggingface.co/datasets/binjang/NIKL-korean-english-dictionary/resolve/3b4cfd2126debfd5440cade3ef6c2a3c20cf7cf9/2024_01.csv#record=696,NIKL source band: advanced; project heuristic TOPIK 5: professional and social category; not an official per-grade list
ko-nikl-00747,소박하다,,"Plain without decoration, showiness, etc., or restrained without greed.",descriptive verb,people > personality,nikl-2024-mirror,https://huggingface.co/datasets/binjang/NIKL-korean-english-dictionary/resolve/3b4cfd2126debfd5440cade3ef6c2a3c20cf7cf9/2024_01.csv#record=747,NIKL source band: advanced; project heuristic TOPIK 5: professional and social category; not an official per-grade list
ko-nikl-00765,소비량,,"The amount of money, time, effort, objects or strength used.",noun,economy > economic conditions,nikl-2024-mirror,https://huggingface.co/datasets/binjang/NIKL-korean-english-dictionary/resolve/3b4cfd2126debfd5440cade3ef6c2a3c20cf7cf9/2024_01.csv#record=765,NIKL source band: advanced; project heuristic TOPIK 5: professional and social category; not an official per-grade list
ko-nikl-00795,소속,,"The state of belonging to a certain institution or organization, or the person or object belonging to something.",noun,social life > social conditions,nikl-2024-mirror,https://huggingface.co/datasets/binjang/NIKL-korean-english-dictionary/resolve/3b4cfd2126debfd5440cade3ef6c2a3c20cf7cf9/2024_01.csv#record=795,NIKL source band: advanced; project heuristic TOPIK 5: professional and social category; not an official per-grade list
ko-nikl-00823,소식,,An act of eating a small amount of food.,noun,food > eating and cooking,nikl-2024-mirror,https://huggingface.co/datasets/binjang/NIKL-korean-english-dictionary/resolve/3b4cfd2126debfd5440cade3ef6c2a3c20cf7cf9/2024_01.csv#record=823,NIKL source band: advanced; project heuristic TOPIK 5: professional and social category; not an official per-grade list
ko-nikl-00837,소심하다,,"Too cautious, not bold because one lacks courage.",descriptive verb,people > personality,nikl-2024-mirror,https://huggingface.co/datasets/binjang/NIKL-korean-english-dictionary/resolve/3b4cfd2126debfd5440cade3ef6c2a3c20cf7cf9/2024_01.csv#record=837,NIKL source band: advanced; project heuristic TOPIK 5: professional and social category; not an official per-grade list
ko-nikl-00839,소아,,A young child.,noun,people > types of people,nikl-2024-mirror,https://huggingface.co/datasets/binjang/NIKL-korean-english-dictionary/resolve/3b4cfd2126debfd5440cade3ef6c2a3c20cf7cf9/2024_01.csv#record=839,NIKL source band: advanced; project heuristic TOPIK 5: professional and social category; not an official per-grade list
ko-nikl-00844,소양,,Knowledge or information that one has accumulated.,noun,people > abilities,nikl-2024-mirror,https://huggingface.co/datasets/binjang/NIKL-korean-english-dictionary/resolve/3b4cfd2126debfd5440cade3ef6c2a3c20cf7cf9/2024_01.csv#record=844,NIKL source band: advanced; project heuristic TOPIK 5: professional and social category; not an official per-grade list
ko-nikl-00845,소외,,A state in which a certain group of people keep away from or exclude someone.,noun,social life > social conditions,nikl-2024-mirror,https://huggingface.co/datasets/binjang/NIKL-korean-english-dictionary/resolve/3b4cfd2126debfd5440cade3ef6c2a3c20cf7cf9/2024_01.csv#record=845,NIKL source band: advanced; project heuristic TOPIK 5: professional and social category; not an official per-grade list
ko-nikl-00846,소외감,,A feeling of being kept far from a certain party as one is excluded from the party without being able to join it.,noun,people > emotions,nikl-2024-mirror,https://huggingface.co/datasets/binjang/NIKL-korean-english-dictionary/resolve/3b4cfd2126debfd5440cade3ef6c2a3c20cf7cf9/2024_01.csv#record=846,NIKL source band: advanced; project heuristic TOPIK 5: professional and social category; not an official per-grade list
ko-nikl-00874,소유자,,A person who possesses a certain quality or ability. / The person who legally owns an object.,noun,people > types of people,nikl-2024-mirror,https://huggingface.co/datasets/binjang/NIKL-korean-english-dictionary/resolve/3b4cfd2126debfd5440cade3ef6c2a3c20cf7cf9/2024_01.csv#record=874,NIKL source band: advanced; project heuristic TOPIK 5: professional and social category; not an official per-grade list
ko-nikl-00879,소인,,A person who is younger than oneself. / A person who is extremely smaller in height and physique than average people. / A narrow-minded person who puts priority on their own interests.,noun,people > types of people,nikl-2024-mirror,https://huggingface.co/datasets/binjang/NIKL-korean-english-dictionary/resolve/3b4cfd2126debfd5440cade3ef6c2a3c20cf7cf9/2024_01.csv#record=879,NIKL source band: advanced; project heuristic TOPIK 5: professional and social category; not an official per-grade list
ko-nikl-00926,소질,,An innate ability or characteristic.,noun,people > abilities,nikl-2024-mirror,https://huggingface.co/datasets/binjang/NIKL-korean-english-dictionary/resolve/3b4cfd2126debfd5440cade3ef6c2a3c20cf7cf9/2024_01.csv#record=926,NIKL source band: advanced; project heuristic TOPIK 5: professional and social category; not an official per-grade list
ko-nikl-00952,소통,,The state of passing well without being clogged. / The state of collective wills or thoughts being shared well between or among people without leaving any misunderstanding.,noun,social life > social activities,nikl-2024-mirror,https://huggingface.co/datasets/binjang/NIKL-korean-english-dictionary/resolve/3b4cfd2126debfd5440cade3ef6c2a3c20cf7cf9/2024_01.csv#record=952,NIKL source band: advanced; project heuristic TOPIK 5: professional and social category; not an official per-grade list
ko-nikl-00970,소형차,,A small-sized vehicle.,noun,social life > transport,nikl-2024-mirror,https://huggingface.co/datasets/binjang/NIKL-korean-english-dictionary/resolve/3b4cfd2126debfd5440cade3ef6c2a3c20cf7cf9/2024_01.csv#record=970,NIKL source band: advanced; project heuristic TOPIK 5: professional and social category; not an official per-grade list
ko-nikl-00979,소화기,,Equipment that puts out fire by spreading chemicals on it.,noun,housing > household goods,nikl-2024-mirror,https://huggingface.co/datasets/binjang/NIKL-korean-english-dictionary/resolve/3b4cfd2126debfd5440cade3ef6c2a3c20cf7cf9/2024_01.csv#record=979,NIKL source band: advanced; project heuristic TOPIK 5: professional and social category; not an official per-grade list
ko-nikl-01058,속력,,"The speed of an object's movement or the process of things, or the power that makes up the speed.",noun,concepts > speed,nikl-2024-mirror,https://huggingface.co/datasets/binjang/NIKL-korean-english-dictionary/resolve/3b4cfd2126debfd5440cade3ef6c2a3c20cf7cf9/2024_01.csv#record=1058,NIKL source band: advanced; project heuristic TOPIK 5: professional and social category; not an official per-grade list
ko-nikl-01079,속삭이다,,"To talk in a small voice repeatedly, so that others cannot hear.",verb,people > physical actions,nikl-2024-mirror,https://huggingface.co/datasets/binjang/NIKL-korean-english-dictionary/resolve/3b4cfd2126debfd5440cade3ef6c2a3c20cf7cf9/2024_01.csv#record=1079,NIKL source band: advanced; project heuristic TOPIK 5: professional and social category; not an official per-grade list
ko-nikl-01200,손대다,,To feel something with one's hand. / To start something. / To do a sexual act. / To beat someone. / To revise or polish. / To steal or illegally use someone's property. / To get involved in something bad. / To handle or manage someone or something at one's will. / To eat food.,verb,people > physical actions,nikl-2024-mirror,https://huggingface.co/datasets/binjang/NIKL-korean-english-dictionary/resolve/3b4cfd2126debfd5440cade3ef6c2a3c20cf7cf9/2024_01.csv#record=1200,NIKL source band: advanced; project heuristic TOPIK 5: professional and social category; not an official per-grade list
ko-nikl-01243,손실,,The state of suffering a loss due to something reduced or lost.,noun,economy > economic conditions,nikl-2024-mirror,https://huggingface.co/datasets/binjang/NIKL-korean-english-dictionary/resolve/3b4cfd2126debfd5440cade3ef6c2a3c20cf7cf9/2024_01.csv#record=1243,NIKL source band: advanced; project heuristic TOPIK 5: professional and social category; not an official per-grade list
ko-nikl-01248,손아귀,,The part between the thumb and the rest four fingers. / The power of gripping something. / The range of power of influence.,noun,people > body parts,nikl-2024-mirror,https://huggingface.co/datasets/binjang/NIKL-korean-english-dictionary/resolve/3b4cfd2126debfd5440cade3ef6c2a3c20cf7cf9/2024_01.csv#record=1248,NIKL source band: advanced; project heuristic TOPIK 5: professional and social category; not an official per-grade list
ko-nikl-01276,손짓,,"An act of pointing a certain object or expressing one's thought to others with one's hand. / An act of expressing an emotion or situation, which cannot be expressed in words, with one's hand.",noun,people > physical actions,nikl-2024-mirror,https://huggingface.co/datasets/binjang/NIKL-korean-english-dictionary/resolve/3b4cfd2126debfd5440cade3ef6c2a3c20cf7cf9/2024_01.csv#record=1276,NIKL source band: advanced; project heuristic TOPIK 5: professional and social category; not an official per-grade list
ko-nikl-01287,솔,,"A tool to clean up dirt or dust or to apply glue, etc., on something.",noun,housing > household goods,nikl-2024-mirror,https://huggingface.co/datasets/binjang/NIKL-korean-english-dictionary/resolve/3b4cfd2126debfd5440cade3ef6c2a3c20cf7cf9/2024_01.csv#record=1287,NIKL source band: advanced; project heuristic TOPIK 5: professional and social category; not an official per-grade list
ko-nikl-01342,송금,,"The act of sending money through a financial institution such as the bank, etc., or the money sent.",noun,economy > economic activities,nikl-2024-mirror,https://huggingface.co/datasets/binjang/NIKL-korean-english-dictionary/resolve/3b4cfd2126debfd5440cade3ef6c2a3c20cf7cf9/2024_01.csv#record=1342,NIKL source band: advanced; project heuristic TOPIK 5: professional and social category; not an official per-grade list
ko-nikl-01401,솥,,"A big bowl made of iron, etc., used to make rice or boil food by placing it over a fire.",noun,food > cooking tools,nikl-2024-mirror,https://huggingface.co/datasets/binjang/NIKL-korean-english-dictionary/resolve/3b4cfd2126debfd5440cade3ef6c2a3c20cf7cf9/2024_01.csv#record=1401,NIKL source band: advanced; project heuristic TOPIK 5: professional and social category; not an official per-grade list
ko-nikl-01457,쇠퇴,,"The weakening of an influential phenomenon, power, energy, etc.",noun,daily life > life events,nikl-2024-mirror,https://huggingface.co/datasets/binjang/NIKL-korean-english-dictionary/resolve/3b4cfd2126debfd5440cade3ef6c2a3c20cf7cf9/2024_01.csv#record=1457,NIKL source band: advanced; project heuristic TOPIK 5: professional and social category; not an official per-grade list
ko-nikl-01511,수강,,The act of taking a class or course.,noun,education > teaching and learning,nikl-2024-mirror,https://huggingface.co/datasets/binjang/NIKL-korean-english-dictionary/resolve/3b4cfd2126debfd5440cade3ef6c2a3c20cf7cf9/2024_01.csv#record=1511,NIKL source band: advanced; project heuristic TOPIK 5: professional and social category; not an official per-grade list
ko-nikl-01578,수다스럽다,,Uselessly talking too much.,descriptive verb,people > attitudes,nikl-2024-mirror,https://huggingface.co/datasets/binjang/NIKL-korean-english-dictionary/resolve/3b4cfd2126debfd5440cade3ef6c2a3c20cf7cf9/2024_01.csv#record=1578,NIKL source band: advanced; project heuristic TOPIK 5: professional and social category; not an official per-grade list
ko-nikl-01584,수당,,An extra payment in addition to regular wages.,noun,economy > financial instruments,nikl-2024-mirror,https://huggingface.co/datasets/binjang/NIKL-korean-english-dictionary/resolve/3b4cfd2126debfd5440cade3ef6c2a3c20cf7cf9/2024_01.csv#record=1584,NIKL source band: advanced; project heuristic TOPIK 5: professional and social category; not an official per-grade list
ko-nikl-01608,수두룩하다,,Common and large in number.,descriptive verb,concepts > numbers,nikl-2024-mirror,https://huggingface.co/datasets/binjang/NIKL-korean-english-dictionary/resolve/3b4cfd2126debfd5440cade3ef6c2a3c20cf7cf9/2024_01.csv#record=1608,NIKL source band: advanced; project heuristic TOPIK 5: professional and social category; not an official per-grade list
ko-nikl-01624,수려하다,,Extremely beautiful.,descriptive verb,people > appearance,nikl-2024-mirror,https://huggingface.co/datasets/binjang/NIKL-korean-english-dictionary/resolve/3b4cfd2126debfd5440cade3ef6c2a3c20cf7cf9/2024_01.csv#record=1624,NIKL source band: advanced; project heuristic TOPIK 5: professional and social category; not an official per-grade list
ko-nikl-01652,수료,,The act of finishing a certain curriculum of learning studies or skills.,noun,education > teaching and learning,nikl-2024-mirror,https://huggingface.co/datasets/binjang/NIKL-korean-english-dictionary/resolve/3b4cfd2126debfd5440cade3ef6c2a3c20cf7cf9/2024_01.csv#record=1652,NIKL source band: advanced; project heuristic TOPIK 5: professional and social category; not an official per-grade list
ko-nikl-01680,수면,,The surface of the water.,noun,daily life > daily routines,nikl-2024-mirror,https://huggingface.co/datasets/binjang/NIKL-korean-english-dictionary/resolve/3b4cfd2126debfd5440cade3ef6c2a3c20cf7cf9/2024_01.csv#record=1680,NIKL source band: advanced; project heuristic TOPIK 5: professional and social category; not an official per-grade list
ko-nikl-01685,수목,,A living tree.,noun,plants and animals > plants,nikl-2024-mirror,https://huggingface.co/datasets/binjang/NIKL-korean-english-dictionary/resolve/3b4cfd2126debfd5440cade3ef6c2a3c20cf7cf9/2024_01.csv#record=1685,NIKL source band: advanced; project heuristic TOPIK 5: professional and social category; not an official per-grade list
ko-nikl-01698,수발,,The act of serving and looking after a person.,noun,social life > social activities,nikl-2024-mirror,https://huggingface.co/datasets/binjang/NIKL-korean-english-dictionary/resolve/3b4cfd2126debfd5440cade3ef6c2a3c20cf7cf9/2024_01.csv#record=1698,NIKL source band: advanced; project heuristic TOPIK 5: professional and social category; not an official per-grade list
ko-nikl-01736,수산,,"A state of coming from the ocean, from a river, etc., or such a thing.",noun,economy > economic activities,nikl-2024-mirror,https://huggingface.co/datasets/binjang/NIKL-korean-english-dictionary/resolve/3b4cfd2126debfd5440cade3ef6c2a3c20cf7cf9/2024_01.csv#record=1736,NIKL source band: advanced; project heuristic TOPIK 5: professional and social category; not an official per-grade list
ko-nikl-01737,수산물,,"Organisms from the ocean, rivers, etc., such as fish, clams, seaweed, etc.",noun,economy > economic products,nikl-2024-mirror,https://huggingface.co/datasets/binjang/NIKL-korean-english-dictionary/resolve/3b4cfd2126debfd5440cade3ef6c2a3c20cf7cf9/2024_01.csv#record=1737,NIKL source band: advanced; project heuristic TOPIK 5: professional and social category; not an official per-grade list
ko-nikl-01757,수석,,"The highest place in a position or rank, etc. / The best record or a person who achieves the best record.",noun,education > teaching and learning,nikl-2024-mirror,https://huggingface.co/datasets/binjang/NIKL-korean-english-dictionary/resolve/3b4cfd2126debfd5440cade3ef6c2a3c20cf7cf9/2024_01.csv#record=1757,NIKL source band: advanced; project heuristic TOPIK 5: professional and social category; not an official per-grade list
ko-nikl-01777,수소문,,The act of asking all around in order to find something that one wants.,noun,social life > telecommunications,nikl-2024-mirror,https://huggingface.co/datasets/binjang/NIKL-korean-english-dictionary/resolve/3b4cfd2126debfd5440cade3ef6c2a3c20cf7cf9/2024_01.csv#record=1777,NIKL source band: advanced; project heuristic TOPIK 5: professional and social category; not an official per-grade list
ko-nikl-01781,수송,,"The act of delivering a person or object by train, car, ship, airplane, etc.",noun,social life > travel actions,nikl-2024-mirror,https://huggingface.co/datasets/binjang/NIKL-korean-english-dictionary/resolve/3b4cfd2126debfd5440cade3ef6c2a3c20cf7cf9/2024_01.csv#record=1781,NIKL source band: advanced; project heuristic TOPIK 5: professional and social category; not an official per-grade list
ko-nikl-01797,수수하다,,"The quality or appearance of something, or one's dress, being ordinary and humble, neither too conspicuous nor fancy. / One's personality or attitude being gentle, neither pretentious nor picky.",descriptive verb,people > appearance,nikl-2024-mirror,https://huggingface.co/datasets/binjang/NIKL-korean-english-dictionary/resolve/3b4cfd2126debfd5440cade3ef6c2a3c20cf7cf9/2024_01.csv#record=1797,NIKL source band: advanced; project heuristic TOPIK 5: professional and social category; not an official per-grade list
ko-nikl-01823,수신자,,"A person who receives a mail, telegram, call, etc.; or a signal that means language, letters, images, broadcast, etc.",noun,social life > interpersonal relationships,nikl-2024-mirror,https://huggingface.co/datasets/binjang/NIKL-korean-english-dictionary/resolve/3b4cfd2126debfd5440cade3ef6c2a3c20cf7cf9/2024_01.csv#record=1823,NIKL source band: advanced; project heuristic TOPIK 5: professional and social category; not an official per-grade list
ko-nikl-01856,수염,,"Hair growing around the mouth, chin, or cheeks of a male adult. / Stiff fur growing around the mouth of animals. / Thin, long hair growing on the end of grains of rice, barley, corn, etc.",noun,people > body parts,nikl-2024-mirror,https://huggingface.co/datasets/binjang/NIKL-korean-english-dictionary/resolve/3b4cfd2126debfd5440cade3ef6c2a3c20cf7cf9/2024_01.csv#record=1856,NIKL source band: advanced; project heuristic TOPIK 5: professional and social category; not an official per-grade list
ko-nikl-01864,수완,,The talent of planning or handling matters.,noun,people > abilities,nikl-2024-mirror,https://huggingface.co/datasets/binjang/NIKL-korean-english-dictionary/resolve/3b4cfd2126debfd5440cade3ef6c2a3c20cf7cf9/2024_01.csv#record=1864,NIKL source band: advanced; project heuristic TOPIK 5: professional and social category; not an official per-grade list
ko-nikl-01871,수용,,"The act of putting people, objects, etc., in a certain place or facility.",noun,social life > social activities,nikl-2024-mirror,https://huggingface.co/datasets/binjang/NIKL-korean-english-dictionary/resolve/3b4cfd2126debfd5440cade3ef6c2a3c20cf7cf9/2024_01.csv#record=1871,NIKL source band: advanced; project heuristic TOPIK 5: professional and social category; not an official per-grade list
ko-nikl-01879,수용자,,"A person who selects and uses services, objects, information, etc.",noun,people > types of people,nikl-2024-mirror,https://huggingface.co/datasets/binjang/NIKL-korean-english-dictionary/resolve/3b4cfd2126debfd5440cade3ef6c2a3c20cf7cf9/2024_01.csv#record=1879,NIKL source band: advanced; project heuristic TOPIK 5: professional and social category; not an official per-grade list
ko-nikl-01902,수익,,"Profit from work, business, etc.",noun,economy > economic conditions,nikl-2024-mirror,https://huggingface.co/datasets/binjang/NIKL-korean-english-dictionary/resolve/3b4cfd2126debfd5440cade3ef6c2a3c20cf7cf9/2024_01.csv#record=1902,NIKL source band: advanced; project heuristic TOPIK 5: professional and social category; not an official per-grade list
ko-nikl-01903,수익금,,Money gained from profit.,noun,economy > financial instruments,nikl-2024-mirror,https://huggingface.co/datasets/binjang/NIKL-korean-english-dictionary/resolve/3b4cfd2126debfd5440cade3ef6c2a3c20cf7cf9/2024_01.csv#record=1903,NIKL source band: advanced; project heuristic TOPIK 5: professional and social category; not an official per-grade list
ko-nikl-01932,수재민,,"A person who suffers damages due to a flood, monsoon, etc.",noun,people > types of people,nikl-2024-mirror,https://huggingface.co/datasets/binjang/NIKL-korean-english-dictionary/resolve/3b4cfd2126debfd5440cade3ef6c2a3c20cf7cf9/2024_01.csv#record=1932,NIKL source band: advanced; project heuristic TOPIK 5: professional and social category; not an official per-grade list
ko-nikl-01968,수줍다,,"Difficult or embarrassing to talk about or do something in front of another person, or having such an attitude.",descriptive verb,people > personality,nikl-2024-mirror,https://huggingface.co/datasets/binjang/NIKL-korean-english-dictionary/resolve/3b4cfd2126debfd5440cade3ef6c2a3c20cf7cf9/2024_01.csv#record=1968,NIKL source band: advanced; project heuristic TOPIK 5: professional and social category; not an official per-grade list
ko-nikl-01970,수줍음,,The state of being uncomfortable with talking or acting in front of other people or being shy about it.,noun,people > personality,nikl-2024-mirror,https://huggingface.co/datasets/binjang/NIKL-korean-english-dictionary/resolve/3b4cfd2126debfd5440cade3ef6c2a3c20cf7cf9/2024_01.csv#record=1970,NIKL source band: advanced; project heuristic TOPIK 5: professional and social category; not an official per-grade list
ko-nikl-01975,수지,,"A collective noun for earnings and expenses. / A profit gained from a transaction such as selling, doing business, etc.",noun,economy > economic conditions,nikl-2024-mirror,https://huggingface.co/datasets/binjang/NIKL-korean-english-dictionary/resolve/3b4cfd2126debfd5440cade3ef6c2a3c20cf7cf9/2024_01.csv#record=1975,NIKL source band: advanced; project heuristic TOPIK 5: professional and social category; not an official per-grade list
ko-nikl-01990,수차례,,Numerous times.,noun,concepts > numbers,nikl-2024-mirror,https://huggingface.co/datasets/binjang/NIKL-korean-english-dictionary/resolve/3b4cfd2126debfd5440cade3ef6c2a3c20cf7cf9/2024_01.csv#record=1990,NIKL source band: advanced; project heuristic TOPIK 5: professional and social category; not an official per-grade list
ko-nikl-02019,수치,,The value or number resulting from calculation.,noun,concepts > numbers,nikl-2024-mirror,https://huggingface.co/datasets/binjang/NIKL-korean-english-dictionary/resolve/3b4cfd2126debfd5440cade3ef6c2a3c20cf7cf9/2024_01.csv#record=2019,NIKL source band: advanced; project heuristic TOPIK 5: professional and social category; not an official per-grade list
ko-nikl-02023,수칙,,Rules that are made to be observed.,noun,social life > social activities,nikl-2024-mirror,https://huggingface.co/datasets/binjang/NIKL-korean-english-dictionary/resolve/3b4cfd2126debfd5440cade3ef6c2a3c20cf7cf9/2024_01.csv#record=2023,NIKL source band: advanced; project heuristic TOPIK 5: professional and social category; not an official per-grade list
ko-nikl-02025,수컷,,"Among animals for which there is a gender distinction, the one that does not get pregnant.",noun,plants and animals > animals,nikl-2024-mirror,https://huggingface.co/datasets/binjang/NIKL-korean-english-dictionary/resolve/3b4cfd2126debfd5440cade3ef6c2a3c20cf7cf9/2024_01.csv#record=2025,NIKL source band: advanced; project heuristic TOPIK 5: professional and social category; not an official per-grade list
ko-nikl-02050,수학,,The act of studying a certain field.,noun,education > teaching and learning,nikl-2024-mirror,https://huggingface.co/datasets/binjang/NIKL-korean-english-dictionary/resolve/3b4cfd2126debfd5440cade3ef6c2a3c20cf7cf9/2024_01.csv#record=2050,NIKL source band: advanced; project heuristic TOPIK 5: professional and social category; not an official per-grade list
ko-nikl-02053,수학여행,,An educational trip that students go on under the guidance of teachers in order to widen their knowledge through actual experience.,noun,education > teaching and learning,nikl-2024-mirror,https://huggingface.co/datasets/binjang/NIKL-korean-english-dictionary/resolve/3b4cfd2126debfd5440cade3ef6c2a3c20cf7cf9/2024_01.csv#record=2053,NIKL source band: advanced; project heuristic TOPIK 5: professional and social category; not an official per-grade list
ko-nikl-02069,수험,,The act of taking an examination.,noun,education > teaching and learning,nikl-2024-mirror,https://huggingface.co/datasets/binjang/NIKL-korean-english-dictionary/resolve/3b4cfd2126debfd5440cade3ef6c2a3c20cf7cf9/2024_01.csv#record=2069,NIKL source band: advanced; project heuristic TOPIK 5: professional and social category; not an official per-grade list
ko-nikl-02070,수험생,,A student who takes an examination.,noun,education > teachers and learners,nikl-2024-mirror,https://huggingface.co/datasets/binjang/NIKL-korean-english-dictionary/resolve/3b4cfd2126debfd5440cade3ef6c2a3c20cf7cf9/2024_01.csv#record=2070,NIKL source band: advanced; project heuristic TOPIK 5: professional and social category; not an official per-grade list
ko-nikl-02072,수혈,,The act or process of putting a healthy person's blood into a patient for treatment purposes.,noun,daily life > medical treatment,nikl-2024-mirror,https://huggingface.co/datasets/binjang/NIKL-korean-english-dictionary/resolve/3b4cfd2126debfd5440cade3ef6c2a3c20cf7cf9/2024_01.csv#record=2072,NIKL source band: advanced; project heuristic TOPIK 5: professional and social category; not an official per-grade list
ko-nikl-02077,수혜자,,A person who receives benefit or help.,noun,people > types of people,nikl-2024-mirror,https://huggingface.co/datasets/binjang/NIKL-korean-english-dictionary/resolve/3b4cfd2126debfd5440cade3ef6c2a3c20cf7cf9/2024_01.csv#record=2077,NIKL source band: advanced; project heuristic TOPIK 5: professional and social category; not an official per-grade list
ko-nikl-02086,수화기,,The part where one puts one's ear to listen on the phone.,noun,housing > household goods,nikl-2024-mirror,https://huggingface.co/datasets/binjang/NIKL-korean-english-dictionary/resolve/3b4cfd2126debfd5440cade3ef6c2a3c20cf7cf9/2024_01.csv#record=2086,NIKL source band: advanced; project heuristic TOPIK 5: professional and social category; not an official per-grade list
ko-nikl-02116,숙맥,,A foolish person who does not know much of the world.,noun,people > personality,nikl-2024-mirror,https://huggingface.co/datasets/binjang/NIKL-korean-english-dictionary/resolve/3b4cfd2126debfd5440cade3ef6c2a3c20cf7cf9/2024_01.csv#record=2116,NIKL source band: advanced; project heuristic TOPIK 5: professional and social category; not an official per-grade list
ko-nikl-02117,숙면,,"The state of falling into a deep sleep, or such a sleep.",noun,daily life > daily routines,nikl-2024-mirror,https://huggingface.co/datasets/binjang/NIKL-korean-english-dictionary/resolve/3b4cfd2126debfd5440cade3ef6c2a3c20cf7cf9/2024_01.csv#record=2117,NIKL source band: advanced; project heuristic TOPIK 5: professional and social category; not an official per-grade list
ko-nikl-02179,순대,,"A dish made by steaming seasoned sweet potato noodles, tofu, glutinous rice, etc. which are stuffed into a pig's intestine. / A dish made by steaming seasoned ingredients stuffed inside a squid, pollack, or an eggplant.",noun,food > dishes,nikl-2024-mirror,https://huggingface.co/datasets/binjang/NIKL-korean-english-dictionary/resolve/3b4cfd2126debfd5440cade3ef6c2a3c20cf7cf9/2024_01.csv#record=2179,NIKL source band: advanced; project heuristic TOPIK 5: professional and social category; not an official per-grade list
ko-nikl-02192,순발력,,"The force created when one's muscles contract temporarily. / The ability to make a quick judgment, and then speak or act in response to a certain event.",noun,people > abilities,nikl-2024-mirror,https://huggingface.co/datasets/binjang/NIKL-korean-english-dictionary/resolve/3b4cfd2126debfd5440cade3ef6c2a3c20cf7cf9/2024_01.csv#record=2192,NIKL source band: advanced; project heuristic TOPIK 5: professional and social category; not an official per-grade list
ko-nikl-02203,순수성,,The quality of being innocent and pure.,noun,people > attitudes,nikl-2024-mirror,https://huggingface.co/datasets/binjang/NIKL-korean-english-dictionary/resolve/3b4cfd2126debfd5440cade3ef6c2a3c20cf7cf9/2024_01.csv#record=2203,NIKL source band: advanced; project heuristic TOPIK 5: professional and social category; not an official per-grade list
ko-nikl-02342,숨죽이다,,"To be quiet so that even the sound of one's breathing cannot be heard. / To tense up and concentrate. / To be oppressed by a certain power, so that one is not able to speak out one's opinion or is not confident.",verb,people > attitudes,nikl-2024-mirror,https://huggingface.co/datasets/binjang/NIKL-korean-english-dictionary/resolve/3b4cfd2126debfd5440cade3ef6c2a3c20cf7cf9/2024_01.csv#record=2342,NIKL source band: advanced; project heuristic TOPIK 5: professional and social category; not an official per-grade list
ko-nikl-02361,숭늉,,scorched-rice water: Water boiled in the caldron that one made rice with after the rice has been taken out.,noun,food > drinks,nikl-2024-mirror,https://huggingface.co/datasets/binjang/NIKL-korean-english-dictionary/resolve/3b4cfd2126debfd5440cade3ef6c2a3c20cf7cf9/2024_01.csv#record=2361,NIKL source band: advanced; project heuristic TOPIK 5: professional and social category; not an official per-grade list
ko-nikl-02443,스승,,A person who teaches and guides another.,noun,education > teachers and learners,nikl-2024-mirror,https://huggingface.co/datasets/binjang/NIKL-korean-english-dictionary/resolve/3b4cfd2126debfd5440cade3ef6c2a3c20cf7cf9/2024_01.csv#record=2443,NIKL source band: advanced; project heuristic TOPIK 5: professional and social category; not an official per-grade list
ko-nikl-02487,스탠드,,"A support for standing or fixing something. / A seat opposite to a barman in a restaurant, bar, etc. / A lamp that brightens a part of a desk, etc. / Tiered seats in a stadium where people can watch a game.",noun,housing > household goods,nikl-2024-mirror,https://huggingface.co/datasets/binjang/NIKL-korean-english-dictionary/resolve/3b4cfd2126debfd5440cade3ef6c2a3c20cf7cf9/2024_01.csv#record=2487,NIKL source band: advanced; project heuristic TOPIK 5: professional and social category; not an official per-grade list
ko-nikl-02539,슬기롭다,,Having the ability to handle things well by reasoning things out or correctly judging a situation.,descriptive verb,people > personality,nikl-2024-mirror,https://huggingface.co/datasets/binjang/NIKL-korean-english-dictionary/resolve/3b4cfd2126debfd5440cade3ef6c2a3c20cf7cf9/2024_01.csv#record=2539,NIKL source band: advanced; project heuristic TOPIK 5: professional and social category; not an official per-grade list
ko-nikl-02574,습득,,"The act of learning a study, skill, etc., to make it one's own.",noun,education > teaching and learning,nikl-2024-mirror,https://huggingface.co/datasets/binjang/NIKL-korean-english-dictionary/resolve/3b4cfd2126debfd5440cade3ef6c2a3c20cf7cf9/2024_01.csv#record=2574,NIKL source band: advanced; project heuristic TOPIK 5: professional and social category; not an official per-grade list
ko-nikl-02595,승,,"A victory in a fight, competition, etc.",noun,daily life > leisure activities,nikl-2024-mirror,https://huggingface.co/datasets/binjang/NIKL-korean-english-dictionary/resolve/3b4cfd2126debfd5440cade3ef6c2a3c20cf7cf9/2024_01.csv#record=2595,NIKL source band: advanced; project heuristic TOPIK 5: professional and social category; not an official per-grade list
ko-nikl-02600,승강기,,"An installation that conveys people or freight up and down, using electric power.",noun,social life > transport,nikl-2024-mirror,https://huggingface.co/datasets/binjang/NIKL-korean-english-dictionary/resolve/3b4cfd2126debfd5440cade3ef6c2a3c20cf7cf9/2024_01.csv#record=2600,NIKL source band: advanced; project heuristic TOPIK 5: professional and social category; not an official per-grade list
ko-nikl-02601,승강장,,"A place where one gets off from a bus, train, etc., at a station or stop.",noun,social life > transport facilities,nikl-2024-mirror,https://huggingface.co/datasets/binjang/NIKL-korean-english-dictionary/resolve/3b4cfd2126debfd5440cade3ef6c2a3c20cf7cf9/2024_01.csv#record=2601,NIKL source band: advanced; project heuristic TOPIK 5: professional and social category; not an official per-grade list
ko-nikl-02618,승마,,The act of riding a horse. / A game in which a person rides a horse and demonstrates a variety of movements.,noun,daily life > leisure activities,nikl-2024-mirror,https://huggingface.co/datasets/binjang/NIKL-korean-english-dictionary/resolve/3b4cfd2126debfd5440cade3ef6c2a3c20cf7cf9/2024_01.csv#record=2618,NIKL source band: advanced; project heuristic TOPIK 5: professional and social category; not an official per-grade list
ko-nikl-02626,승부,,A state of winning and losing.,noun,daily life > leisure activities,nikl-2024-mirror,https://huggingface.co/datasets/binjang/NIKL-korean-english-dictionary/resolve/3b4cfd2126debfd5440cade3ef6c2a3c20cf7cf9/2024_01.csv#record=2626,NIKL source band: advanced; project heuristic TOPIK 5: professional and social category; not an official per-grade list
ko-nikl-02635,승승장구,,"The manner of winning continuously in a fight, competition, etc.",noun,social life > social conditions,nikl-2024-mirror,https://huggingface.co/datasets/binjang/NIKL-korean-english-dictionary/resolve/3b4cfd2126debfd5440cade3ef6c2a3c20cf7cf9/2024_01.csv#record=2635,NIKL source band: advanced; project heuristic TOPIK 5: professional and social category; not an official per-grade list
ko-nikl-02639,승인,,The act of agreeing to do something. / The act of admitting the truth of a fact.,noun,social life > social activities,nikl-2024-mirror,https://huggingface.co/datasets/binjang/NIKL-korean-english-dictionary/resolve/3b4cfd2126debfd5440cade3ef6c2a3c20cf7cf9/2024_01.csv#record=2639,NIKL source band: advanced; project heuristic TOPIK 5: professional and social category; not an official per-grade list
ko-nikl-02643,승자,,"The person who wins a fight, game, etc., or such a group.",noun,social life > interpersonal relationships,nikl-2024-mirror,https://huggingface.co/datasets/binjang/NIKL-korean-english-dictionary/resolve/3b4cfd2126debfd5440cade3ef6c2a3c20cf7cf9/2024_01.csv#record=2643,NIKL source band: advanced; project heuristic TOPIK 5: professional and social category; not an official per-grade list
ko-nikl-02660,승합차,,A large car that can carry a lot of people.,noun,social life > transport,nikl-2024-mirror,https://huggingface.co/datasets/binjang/NIKL-korean-english-dictionary/resolve/3b4cfd2126debfd5440cade3ef6c2a3c20cf7cf9/2024_01.csv#record=2660,NIKL source band: advanced; project heuristic TOPIK 5: professional and social category; not an official per-grade list
ko-nikl-02684,시각,,"The sense of the eyes which sees the shape, movement, color, etc., of an object.",noun,people > senses,nikl-2024-mirror,https://huggingface.co/datasets/binjang/NIKL-korean-english-dictionary/resolve/3b4cfd2126debfd5440cade3ef6c2a3c20cf7cf9/2024_01.csv#record=2684,NIKL source band: advanced; project heuristic TOPIK 5: professional and social category; not an official per-grade list
ko-nikl-02687,시각적,,Seeing with the eyes.,noun,people > senses,nikl-2024-mirror,https://huggingface.co/datasets/binjang/NIKL-korean-english-dictionary/resolve/3b4cfd2126debfd5440cade3ef6c2a3c20cf7cf9/2024_01.csv#record=2687,NIKL source band: advanced; project heuristic TOPIK 5: professional and social category; not an official per-grade list
ko-nikl-02698,시간대,,A fixed period of a day from and to a certain time.,noun,concepts > time,nikl-2024-mirror,https://huggingface.co/datasets/binjang/NIKL-korean-english-dictionary/resolve/3b4cfd2126debfd5440cade3ef6c2a3c20cf7cf9/2024_01.csv#record=2698,NIKL source band: advanced; project heuristic TOPIK 5: professional and social category; not an official per-grade list
ko-nikl-02700,시간적,,Relating to time.,noun,concepts > time,nikl-2024-mirror,https://huggingface.co/datasets/binjang/NIKL-korean-english-dictionary/resolve/3b4cfd2126debfd5440cade3ef6c2a3c20cf7cf9/2024_01.csv#record=2700,NIKL source band: advanced; project heuristic TOPIK 5: professional and social category; not an official per-grade list
ko-nikl-02730,시기,,The right time or appropriate opportunity of doing something.,noun,concepts > time,nikl-2024-mirror,https://huggingface.co/datasets/binjang/NIKL-korean-english-dictionary/resolve/3b4cfd2126debfd5440cade3ef6c2a3c20cf7cf9/2024_01.csv#record=2730,NIKL source band: advanced; project heuristic TOPIK 5: professional and social category; not an official per-grade list
ko-nikl-02732,시기상조,,A state of being too soon to do something.,noun,concepts > time,nikl-2024-mirror,https://huggingface.co/datasets/binjang/NIKL-korean-english-dictionary/resolve/3b4cfd2126debfd5440cade3ef6c2a3c20cf7cf9/2024_01.csv#record=2732,NIKL source band: advanced; project heuristic TOPIK 5: professional and social category; not an official per-grade list
ko-nikl-02744,시나리오,,The script of a film. / The detailed process of a certain imaginative event unfolding; or the result of such a process.,noun,culture > popular culture,nikl-2024-mirror,https://huggingface.co/datasets/binjang/NIKL-korean-english-dictionary/resolve/3b4cfd2126debfd5440cade3ef6c2a3c20cf7cf9/2024_01.csv#record=2744,NIKL source band: advanced; project heuristic TOPIK 5: professional and social category; not an official per-grade list
ko-nikl-02766,시대적,,A special characteristic of a certain age.,noun,concepts > time,nikl-2024-mirror,https://huggingface.co/datasets/binjang/NIKL-korean-english-dictionary/resolve/3b4cfd2126debfd5440cade3ef6c2a3c20cf7cf9/2024_01.csv#record=2766,NIKL source band: advanced; project heuristic TOPIK 5: professional and social category; not an official per-grade list
ko-nikl-02788,시련,,A difficult and painful situation or crisis. / The act of testing someone to find out about his/her will or personality.,noun,daily life > life circumstances,nikl-2024-mirror,https://huggingface.co/datasets/binjang/NIKL-korean-english-dictionary/resolve/3b4cfd2126debfd5440cade3ef6c2a3c20cf7cf9/2024_01.csv#record=2788,NIKL source band: advanced; project heuristic TOPIK 5: professional and social category; not an official per-grade list
ko-nikl-02797,시리다,,A part of one's body smarting and being cold due to cold air. / Feeling pain because something cold touches one's body. / Dazzled due to strong sunshine. / Feeling lonely and hurt.,descriptive verb,daily life > illness and symptoms,nikl-2024-mirror,https://huggingface.co/datasets/binjang/NIKL-korean-english-dictionary/resolve/3b4cfd2126debfd5440cade3ef6c2a3c20cf7cf9/2024_01.csv#record=2797,NIKL source band: advanced; project heuristic TOPIK 5: professional and social category; not an official per-grade list
ko-nikl-02801,시립,,The state of being established and managed with the city's budget for the public benefit.,noun,social life > social conditions,nikl-2024-mirror,https://huggingface.co/datasets/binjang/NIKL-korean-english-dictionary/resolve/3b4cfd2126debfd5440cade3ef6c2a3c20cf7cf9/2024_01.csv#record=2801,NIKL source band: advanced; project heuristic TOPIK 5: professional and social category; not an official per-grade list
ko-nikl-02804,시무룩하다,,"Saying little, with a displeased look.",descriptive verb,people > attitudes,nikl-2024-mirror,https://huggingface.co/datasets/binjang/NIKL-korean-english-dictionary/resolve/3b4cfd2126debfd5440cade3ef6c2a3c20cf7cf9/2024_01.csv#record=2804,NIKL source band: advanced; project heuristic TOPIK 5: professional and social category; not an official per-grade list
ko-nikl-02825,시비,,The right and wrong. / An argument over what is right or wrong.,noun,social life > social activities,nikl-2024-mirror,https://huggingface.co/datasets/binjang/NIKL-korean-english-dictionary/resolve/3b4cfd2126debfd5440cade3ef6c2a3c20cf7cf9/2024_01.csv#record=2825,NIKL source band: advanced; project heuristic TOPIK 5: professional and social category; not an official per-grade list
ko-nikl-02835,시사회,,"A gathering where a movie, advertisement, etc., is shown to a few people to be evaluated before being shown to the general public.",noun,culture > cultural venues,nikl-2024-mirror,https://huggingface.co/datasets/binjang/NIKL-korean-english-dictionary/resolve/3b4cfd2126debfd5440cade3ef6c2a3c20cf7cf9/2024_01.csv#record=2835,NIKL source band: advanced; project heuristic TOPIK 5: professional and social category; not an official per-grade list
ko-nikl-02839,시상식,,"A ceremony to give a prize, certificate, award, etc., to reward a good deed or outstanding grade.",noun,social life > social events,nikl-2024-mirror,https://huggingface.co/datasets/binjang/NIKL-korean-english-dictionary/resolve/3b4cfd2126debfd5440cade3ef6c2a3c20cf7cf9/2024_01.csv#record=2839,NIKL source band: advanced; project heuristic TOPIK 5: professional and social category; not an official per-grade list
ko-nikl-02849,시속,,The speed measured with an hour as the unit.,noun,concepts > speed,nikl-2024-mirror,https://huggingface.co/datasets/binjang/NIKL-korean-english-dictionary/resolve/3b4cfd2126debfd5440cade3ef6c2a3c20cf7cf9/2024_01.csv#record=2849,NIKL source band: advanced; project heuristic TOPIK 5: professional and social category; not an official per-grade list
ko-nikl-02856,시시각각,,Every moment.,noun,concepts > time,nikl-2024-mirror,https://huggingface.co/datasets/binjang/NIKL-korean-english-dictionary/resolve/3b4cfd2126debfd5440cade3ef6c2a3c20cf7cf9/2024_01.csv#record=2856,NIKL source band: advanced; project heuristic TOPIK 5: professional and social category; not an official per-grade list
ko-nikl-02891,시원섭섭하다,,"Feeling relieved on the one hand, but feeling sad and sorry on the other.",descriptive verb,people > emotions,nikl-2024-mirror,https://huggingface.co/datasets/binjang/NIKL-korean-english-dictionary/resolve/3b4cfd2126debfd5440cade3ef6c2a3c20cf7cf9/2024_01.csv#record=2891,NIKL source band: advanced; project heuristic TOPIK 5: professional and social category; not an official per-grade list
ko-nikl-02895,시원시원하다,,Pleasantly fluent in one's speech and actions. / Nice and bright in one's personality. / Light in one's mind from a relief of oppression.,descriptive verb,people > attitudes,nikl-2024-mirror,https://huggingface.co/datasets/binjang/NIKL-korean-english-dictionary/resolve/3b4cfd2126debfd5440cade3ef6c2a3c20cf7cf9/2024_01.csv#record=2895,NIKL source band: advanced; project heuristic TOPIK 5: professional and social category; not an official per-grade list
ko-nikl-02901,시위,,The act of showing one's power or expressing one's opinion on purpose in order to threaten another person or be acknowledged by him/her. / The act of a lot of people expressing their opinions through a rally or march demanding some conditions.,noun,social life > social activities,nikl-2024-mirror,https://huggingface.co/datasets/binjang/NIKL-korean-english-dictionary/resolve/3b4cfd2126debfd5440cade3ef6c2a3c20cf7cf9/2024_01.csv#record=2901,NIKL source band: advanced; project heuristic TOPIK 5: professional and social category; not an official per-grade list
ko-nikl-02940,시중,,The act of running all sorts of errands for somebody.,noun,social life > social activities,nikl-2024-mirror,https://huggingface.co/datasets/binjang/NIKL-korean-english-dictionary/resolve/3b4cfd2126debfd5440cade3ef6c2a3c20cf7cf9/2024_01.csv#record=2940,NIKL source band: advanced; project heuristic TOPIK 5: professional and social category; not an official per-grade list
ko-nikl-02944,시즌,,"A period during which a certain activity is at its most brisk, or a period that is opportune for doing a certain activity. / A particular season.",noun,concepts > time,nikl-2024-mirror,https://huggingface.co/datasets/binjang/NIKL-korean-english-dictionary/resolve/3b4cfd2126debfd5440cade3ef6c2a3c20cf7cf9/2024_01.csv#record=2944,NIKL source band: advanced; project heuristic TOPIK 5: professional and social category; not an official per-grade list
ko-nikl-02959,시청각,,The senses of seeing with the eyes and hearing with the ears.,noun,people > senses,nikl-2024-mirror,https://huggingface.co/datasets/binjang/NIKL-korean-english-dictionary/resolve/3b4cfd2126debfd5440cade3ef6c2a3c20cf7cf9/2024_01.csv#record=2959,NIKL source band: advanced; project heuristic TOPIK 5: professional and social category; not an official per-grade list
ko-nikl-02974,시커멓다,,A color being very black.,descriptive verb,concepts > colors,nikl-2024-mirror,https://huggingface.co/datasets/binjang/NIKL-korean-english-dictionary/resolve/3b4cfd2126debfd5440cade3ef6c2a3c20cf7cf9/2024_01.csv#record=2974,NIKL source band: advanced; project heuristic TOPIK 5: professional and social category; not an official per-grade list
ko-nikl-03002,시행착오,,"The act of repeatedly trying yet failing, thereby getting closer to the right method in order to reach a certain goal.",noun,daily life > life events,nikl-2024-mirror,https://huggingface.co/datasets/binjang/NIKL-korean-english-dictionary/resolve/3b4cfd2126debfd5440cade3ef6c2a3c20cf7cf9/2024_01.csv#record=3002,NIKL source band: advanced; project heuristic TOPIK 5: professional and social category; not an official per-grade list
ko-nikl-03020,식,,"An event performed according to a certain format. / In math, the act of explaining a certain method using numbers, letters, signs, etc.",noun,social life > social events,nikl-2024-mirror,https://huggingface.co/datasets/binjang/NIKL-korean-english-dictionary/resolve/3b4cfd2126debfd5440cade3ef6c2a3c20cf7cf9/2024_01.csv#record=3020,NIKL source band: advanced; project heuristic TOPIK 5: professional and social category; not an official per-grade list
ko-nikl-03029,식단,,A chart showing the kinds of food that will be eaten and the order in which they will be eaten.,noun,food > eating and cooking,nikl-2024-mirror,https://huggingface.co/datasets/binjang/NIKL-korean-english-dictionary/resolve/3b4cfd2126debfd5440cade3ef6c2a3c20cf7cf9/2024_01.csv#record=3029,NIKL source band: advanced; project heuristic TOPIK 5: professional and social category; not an official per-grade list
ko-nikl-03037,식량난,,A difficult situation that is caused by lack of food.,noun,economy > economic conditions,nikl-2024-mirror,https://huggingface.co/datasets/binjang/NIKL-korean-english-dictionary/resolve/3b4cfd2126debfd5440cade3ef6c2a3c20cf7cf9/2024_01.csv#record=3037,NIKL source band: advanced; project heuristic TOPIK 5: professional and social category; not an official per-grade list
ko-nikl-03060,식수,,"Water to drink, or drinkable water.",noun,food > drinks,nikl-2024-mirror,https://huggingface.co/datasets/binjang/NIKL-korean-english-dictionary/resolve/3b4cfd2126debfd5440cade3ef6c2a3c20cf7cf9/2024_01.csv#record=3060,NIKL source band: advanced; project heuristic TOPIK 5: professional and social category; not an official per-grade list
ko-nikl-03073,식은땀,,Sweat produced when one is physically weak although one does not feel hot. / Sweat produced when one is extremely nervous or frightened.,noun,people > physiological processes,nikl-2024-mirror,https://huggingface.co/datasets/binjang/NIKL-korean-english-dictionary/resolve/3b4cfd2126debfd5440cade3ef6c2a3c20cf7cf9/2024_01.csv#record=3073,NIKL source band: advanced; project heuristic TOPIK 5: professional and social category; not an official per-grade list
ko-nikl-03119,신경질,,"The quality of being very sensitive so that one gets excited or mad about trivial things, or such a state.",noun,people > emotions,nikl-2024-mirror,https://huggingface.co/datasets/binjang/NIKL-korean-english-dictionary/resolve/3b4cfd2126debfd5440cade3ef6c2a3c20cf7cf9/2024_01.csv#record=3119,NIKL source band: advanced; project heuristic TOPIK 5: professional and social category; not an official per-grade list
ko-nikl-03122,신경통,,"A sharp, repetitive pain along the course of a nerve that suddenly comes and goes.",noun,daily life > illness and symptoms,nikl-2024-mirror,https://huggingface.co/datasets/binjang/NIKL-korean-english-dictionary/resolve/3b4cfd2126debfd5440cade3ef6c2a3c20cf7cf9/2024_01.csv#record=3122,NIKL source band: advanced; project heuristic TOPIK 5: professional and social category; not an official per-grade list
ko-nikl-03135,신기록,,A new record that surpasses the past record.,noun,daily life > leisure activities,nikl-2024-mirror,https://huggingface.co/datasets/binjang/NIKL-korean-english-dictionary/resolve/3b4cfd2126debfd5440cade3ef6c2a3c20cf7cf9/2024_01.csv#record=3135,NIKL source band: advanced; project heuristic TOPIK 5: professional and social category; not an official per-grade list
ko-nikl-03150,신도시,,A new city that has been planned and made near a big city.,noun,concepts > regions,nikl-2024-mirror,https://huggingface.co/datasets/binjang/NIKL-korean-english-dictionary/resolve/3b4cfd2126debfd5440cade3ef6c2a3c20cf7cf9/2024_01.csv#record=3150,NIKL source band: advanced; project heuristic TOPIK 5: professional and social category; not an official per-grade list
ko-nikl-03170,신명,,"An extremely fun, exciting feeling or emotion.",noun,people > emotions,nikl-2024-mirror,https://huggingface.co/datasets/binjang/NIKL-korean-english-dictionary/resolve/3b4cfd2126debfd5440cade3ef6c2a3c20cf7cf9/2024_01.csv#record=3170,NIKL source band: advanced; project heuristic TOPIK 5: professional and social category; not an official per-grade list
ko-nikl-03182,신물,,A sour liquid coming from the stomach through the throat when feeling sick or burping. / A thought or feeling that one finds very boring or tedious; or such a reaction.,noun,people > emotions,nikl-2024-mirror,https://huggingface.co/datasets/binjang/NIKL-korean-english-dictionary/resolve/3b4cfd2126debfd5440cade3ef6c2a3c20cf7cf9/2024_01.csv#record=3182,NIKL source band: advanced; project heuristic TOPIK 5: professional and social category; not an official per-grade list
ko-nikl-03183,신바람,,"An extremely happy, excited feeling.",noun,people > attitudes,nikl-2024-mirror,https://huggingface.co/datasets/binjang/NIKL-korean-english-dictionary/resolve/3b4cfd2126debfd5440cade3ef6c2a3c20cf7cf9/2024_01.csv#record=3183,NIKL source band: advanced; project heuristic TOPIK 5: professional and social category; not an official per-grade list
ko-nikl-03239,신세,,"The act of receiving help from other people, or something that is troublesome or a burden.",noun,social life > social activities,nikl-2024-mirror,https://huggingface.co/datasets/binjang/NIKL-korean-english-dictionary/resolve/3b4cfd2126debfd5440cade3ef6c2a3c20cf7cf9/2024_01.csv#record=3239,NIKL source band: advanced; project heuristic TOPIK 5: professional and social category; not an official per-grade list
ko-nikl-03262,신약,,A newly developed medicine.,noun,daily life > medical treatment,nikl-2024-mirror,https://huggingface.co/datasets/binjang/NIKL-korean-english-dictionary/resolve/3b4cfd2126debfd5440cade3ef6c2a3c20cf7cf9/2024_01.csv#record=3262,NIKL source band: advanced; project heuristic TOPIK 5: professional and social category; not an official per-grade list
ko-nikl-03273,신음,,"The act of making a moaning sound, or such a sound.",noun,people > sounds,nikl-2024-mirror,https://huggingface.co/datasets/binjang/NIKL-korean-english-dictionary/resolve/3b4cfd2126debfd5440cade3ef6c2a3c20cf7cf9/2024_01.csv#record=3273,NIKL source band: advanced; project heuristic TOPIK 5: professional and social category; not an official per-grade list
ko-nikl-03310,신진대사,,The process in which an organism breaks down and then synthesizes the nutriments it has consumed in the body to create substances or energy necessary for the body and the sending out of unnecessary substances.,noun,people > physical actions,nikl-2024-mirror,https://huggingface.co/datasets/binjang/NIKL-korean-english-dictionary/resolve/3b4cfd2126debfd5440cade3ef6c2a3c20cf7cf9/2024_01.csv#record=3310,NIKL source band: advanced; project heuristic TOPIK 5: professional and social category; not an official per-grade list
ko-nikl-03427,실망스럽다,,Losing hope or feeling somewhat hurt because something did not work out.,descriptive verb,people > emotions,nikl-2024-mirror,https://huggingface.co/datasets/binjang/NIKL-korean-english-dictionary/resolve/3b4cfd2126debfd5440cade3ef6c2a3c20cf7cf9/2024_01.csv#record=3427,NIKL source band: advanced; project heuristic TOPIK 5: professional and social category; not an official per-grade list
ko-nikl-03434,실무,,A business process or paperwork one actually does.,noun,social life > workplace life,nikl-2024-mirror,https://huggingface.co/datasets/binjang/NIKL-korean-english-dictionary/resolve/3b4cfd2126debfd5440cade3ef6c2a3c20cf7cf9/2024_01.csv#record=3434,NIKL source band: advanced; project heuristic TOPIK 5: professional and social category; not an official per-grade list
ko-nikl-03464,실시간,,The same time as the actual time.,noun,concepts > time,nikl-2024-mirror,https://huggingface.co/datasets/binjang/NIKL-korean-english-dictionary/resolve/3b4cfd2126debfd5440cade3ef6c2a3c20cf7cf9/2024_01.csv#record=3464,NIKL source band: advanced; project heuristic TOPIK 5: professional and social category; not an official per-grade list
ko-nikl-03477,실업률,,"The ratio of unemployed people to the population, able and willing to work.",noun,economy > economic conditions,nikl-2024-mirror,https://huggingface.co/datasets/binjang/NIKL-korean-english-dictionary/resolve/3b4cfd2126debfd5440cade3ef6c2a3c20cf7cf9/2024_01.csv#record=3477,NIKL source band: advanced; project heuristic TOPIK 5: professional and social category; not an official per-grade list
ko-nikl-03478,실업자,,A person who is unemployed or fired.,noun,economy > economic actors,nikl-2024-mirror,https://huggingface.co/datasets/binjang/NIKL-korean-english-dictionary/resolve/3b4cfd2126debfd5440cade3ef6c2a3c20cf7cf9/2024_01.csv#record=3478,NIKL source band: advanced; project heuristic TOPIK 5: professional and social category; not an official per-grade list
ko-nikl-03486,실외,,"The outside of a room, building, etc.",noun,concepts > location and direction,nikl-2024-mirror,https://huggingface.co/datasets/binjang/NIKL-korean-english-dictionary/resolve/3b4cfd2126debfd5440cade3ef6c2a3c20cf7cf9/2024_01.csv#record=3486,NIKL source band: advanced; project heuristic TOPIK 5: professional and social category; not an official per-grade list
ko-nikl-03503,실적,,An actual result in a certain job or field.,noun,economy > economic conditions,nikl-2024-mirror,https://huggingface.co/datasets/binjang/NIKL-korean-english-dictionary/resolve/3b4cfd2126debfd5440cade3ef6c2a3c20cf7cf9/2024_01.csv#record=3503,NIKL source band: advanced; project heuristic TOPIK 5: professional and social category; not an official per-grade list
ko-nikl-03531,실직,,Losing a job.,noun,social life > workplace life,nikl-2024-mirror,https://huggingface.co/datasets/binjang/NIKL-korean-english-dictionary/resolve/3b4cfd2126debfd5440cade3ef6c2a3c20cf7cf9/2024_01.csv#record=3531,NIKL source band: advanced; project heuristic TOPIK 5: professional and social category; not an official per-grade list
ko-nikl-03552,실크,,Silk thread or the cloth woven with silk thread.,noun,clothing and appearance > fabric,nikl-2024-mirror,https://huggingface.co/datasets/binjang/NIKL-korean-english-dictionary/resolve/3b4cfd2126debfd5440cade3ef6c2a3c20cf7cf9/2024_01.csv#record=3552,NIKL source band: advanced; project heuristic TOPIK 5: professional and social category; not an official per-grade list
ko-nikl-03598,심경,,The state of one's mind.,noun,people > emotions,nikl-2024-mirror,https://huggingface.co/datasets/binjang/NIKL-korean-english-dictionary/resolve/3b4cfd2126debfd5440cade3ef6c2a3c20cf7cf9/2024_01.csv#record=3598,NIKL source band: advanced; project heuristic TOPIK 5: professional and social category; not an official per-grade list
ko-nikl-03635,심성,,One's inborn nature.,noun,people > personality,nikl-2024-mirror,https://huggingface.co/datasets/binjang/NIKL-korean-english-dictionary/resolve/3b4cfd2126debfd5440cade3ef6c2a3c20cf7cf9/2024_01.csv#record=3635,NIKL source band: advanced; project heuristic TOPIK 5: professional and social category; not an official per-grade list
ko-nikl-03637,심술궂다,,Having a strong wish to harass someone or that things go wrong for him/her.,descriptive verb,people > attitudes,nikl-2024-mirror,https://huggingface.co/datasets/binjang/NIKL-korean-english-dictionary/resolve/3b4cfd2126debfd5440cade3ef6c2a3c20cf7cf9/2024_01.csv#record=3637,NIKL source band: advanced; project heuristic TOPIK 5: professional and social category; not an official per-grade list
ko-nikl-03642,심신,,One's mind and body.,noun,people > body parts,nikl-2024-mirror,https://huggingface.co/datasets/binjang/NIKL-korean-english-dictionary/resolve/3b4cfd2126debfd5440cade3ef6c2a3c20cf7cf9/2024_01.csv#record=3642,NIKL source band: advanced; project heuristic TOPIK 5: professional and social category; not an official per-grade list
ko-nikl-03648,심야,,A very late night.,noun,concepts > time,nikl-2024-mirror,https://huggingface.co/datasets/binjang/NIKL-korean-english-dictionary/resolve/3b4cfd2126debfd5440cade3ef6c2a3c20cf7cf9/2024_01.csv#record=3648,NIKL source band: advanced; project heuristic TOPIK 5: professional and social category; not an official per-grade list
ko-nikl-03785,싹,,A new leaf or stem that is produced for the first time from a seed or stem. / (figurative) The very beginning where a certain phenomenon occurs. / A sign that something or someone will be successful.,noun,plants and animals > plant parts,nikl-2024-mirror,https://huggingface.co/datasets/binjang/NIKL-korean-english-dictionary/resolve/3b4cfd2126debfd5440cade3ef6c2a3c20cf7cf9/2024_01.csv#record=3785,NIKL source band: advanced; project heuristic TOPIK 5: professional and social category; not an official per-grade list
ko-nikl-03796,싹트다,,"For a thought, emotion, phenomenon, etc., to be developed for the first time.",verb,plants and animals > plant and animal activities,nikl-2024-mirror,https://huggingface.co/datasets/binjang/NIKL-korean-english-dictionary/resolve/3b4cfd2126debfd5440cade3ef6c2a3c20cf7cf9/2024_01.csv#record=3796,NIKL source band: advanced; project heuristic TOPIK 5: professional and social category; not an official per-grade list
ko-nikl-03825,쌍꺼풀,,"The eyelid doubled when one opens one's eyes, due to a furrow on it or such eyes.",noun,people > body parts,nikl-2024-mirror,https://huggingface.co/datasets/binjang/NIKL-korean-english-dictionary/resolve/3b4cfd2126debfd5440cade3ef6c2a3c20cf7cf9/2024_01.csv#record=3825,NIKL source band: advanced; project heuristic TOPIK 5: professional and social category; not an official per-grade list
ko-nikl-03869,썰매,,"A piece of equipment made of wood or plastic, used for riding on snowy or icy ground. / A piece of equipment for carrying a person or cargo on snowy or icy ground.",noun,daily life > leisure equipment,nikl-2024-mirror,https://huggingface.co/datasets/binjang/NIKL-korean-english-dictionary/resolve/3b4cfd2126debfd5440cade3ef6c2a3c20cf7cf9/2024_01.csv#record=3869,NIKL source band: advanced; project heuristic TOPIK 5: professional and social category; not an official per-grade list
ko-nikl-03874,쏘아보다,,To glare sharply.,verb,people > physical actions,nikl-2024-mirror,https://huggingface.co/datasets/binjang/NIKL-korean-english-dictionary/resolve/3b4cfd2126debfd5440cade3ef6c2a3c20cf7cf9/2024_01.csv#record=3874,NIKL source band: advanced; project heuristic TOPIK 5: professional and social category; not an official per-grade list
ko-nikl-03902,쑤시다,,"To pierce or dig up something with a stick, skewer, etc. / To dig a narrow opening and widen it. / To disarray something. / To search in many ways in order to get what one wants. / To urge or entice someone to do as one wants.",verb,people > actions affecting the body,nikl-2024-mirror,https://huggingface.co/datasets/binjang/NIKL-korean-english-dictionary/resolve/3b4cfd2126debfd5440cade3ef6c2a3c20cf7cf9/2024_01.csv#record=3902,NIKL source band: advanced; project heuristic TOPIK 5: professional and social category; not an official per-grade list
ko-nikl-03928,쓰러뜨리다,,To make something that was standing fall down. / To make someone keep lying without moving due to pain. / To make a company or nation not function properly.,verb,people > actions affecting the body,nikl-2024-mirror,https://huggingface.co/datasets/binjang/NIKL-korean-english-dictionary/resolve/3b4cfd2126debfd5440cade3ef6c2a3c20cf7cf9/2024_01.csv#record=3928,NIKL source band: advanced; project heuristic TOPIK 5: professional and social category; not an official per-grade list
ko-nikl-03935,쓰리다,,To hurt as if being poked. / For the stomach to hurt as if it is chafed. / To be painful and distressed as if one's heart is aching.,descriptive verb,daily life > illness and symptoms,nikl-2024-mirror,https://huggingface.co/datasets/binjang/NIKL-korean-english-dictionary/resolve/3b4cfd2126debfd5440cade3ef6c2a3c20cf7cf9/2024_01.csv#record=3935,NIKL source band: advanced; project heuristic TOPIK 5: professional and social category; not an official per-grade list
ko-nikl-03959,씀씀이,,"The extend to which one spends money, goods, etc. or shows generosity.",noun,people > attitudes,nikl-2024-mirror,https://huggingface.co/datasets/binjang/NIKL-korean-english-dictionary/resolve/3b4cfd2126debfd5440cade3ef6c2a3c20cf7cf9/2024_01.csv#record=3959,NIKL source band: advanced; project heuristic TOPIK 5: professional and social category; not an official per-grade list
ko-nikl-03963,씁쓸하다,,Tasting a little bitter. / Feeling a little displeased or disgusted.,descriptive verb,people > emotions,nikl-2024-mirror,https://huggingface.co/datasets/binjang/NIKL-korean-english-dictionary/resolve/3b4cfd2126debfd5440cade3ef6c2a3c20cf7cf9/2024_01.csv#record=3963,NIKL source band: advanced; project heuristic TOPIK 5: professional and social category; not an official per-grade list
ko-nikl-03993,씩씩거리다,,For the sound of breathing very hard and roughly to be heard; to make such a sound.,verb,people > physical actions,nikl-2024-mirror,https://huggingface.co/datasets/binjang/NIKL-korean-english-dictionary/resolve/3b4cfd2126debfd5440cade3ef6c2a3c20cf7cf9/2024_01.csv#record=3993,NIKL source band: advanced; project heuristic TOPIK 5: professional and social category; not an official per-grade list
ko-nikl-04033,아기자기하다,,Small things being in exquisite harmony and looking lovely. / Having pleasure derived from small things.,descriptive verb,concepts > shape,nikl-2024-mirror,https://huggingface.co/datasets/binjang/NIKL-korean-english-dictionary/resolve/3b4cfd2126debfd5440cade3ef6c2a3c20cf7cf9/2024_01.csv#record=4033,NIKL source band: advanced; project heuristic TOPIK 5: professional and social category; not an official per-grade list
ko-nikl-04040,아낌없다,,Not stingy with something at all.,descriptive verb,people > attitudes,nikl-2024-mirror,https://huggingface.co/datasets/binjang/NIKL-korean-english-dictionary/resolve/3b4cfd2126debfd5440cade3ef6c2a3c20cf7cf9/2024_01.csv#record=4040,NIKL source band: advanced; project heuristic TOPIK 5: professional and social category; not an official per-grade list
ko-nikl-04187,아부,,"Speaking or acting to please someone, working into his/her favor.",noun,people > attitudes,nikl-2024-mirror,https://huggingface.co/datasets/binjang/NIKL-korean-english-dictionary/resolve/3b4cfd2126debfd5440cade3ef6c2a3c20cf7cf9/2024_01.csv#record=4187,NIKL source band: advanced; project heuristic TOPIK 5: professional and social category; not an official per-grade list
ko-nikl-04189,아비,,(low form) A word used to refer to or address a man who has children. / A word used by one's parents to refer to a son who is married and has children. / (impolite form) A word used by a mother to refer to her husband when talking to her elders. / (impolite form) A word used by a father to refer to himself when talking to his children.,noun,daily life > family relationships,nikl-2024-mirror,https://huggingface.co/datasets/binjang/NIKL-korean-english-dictionary/resolve/3b4cfd2126debfd5440cade3ef6c2a3c20cf7cf9/2024_01.csv#record=4189,NIKL source band: advanced; project heuristic TOPIK 5: professional and social category; not an official per-grade list
ko-nikl-04228,아열대,,The middle climate region between the temperate zone and the tropical zone.,noun,concepts > regions,nikl-2024-mirror,https://huggingface.co/datasets/binjang/NIKL-korean-english-dictionary/resolve/3b4cfd2126debfd5440cade3ef6c2a3c20cf7cf9/2024_01.csv#record=4228,NIKL source band: advanced; project heuristic TOPIK 5: professional and social category; not an official per-grade list
ko-nikl-04251,아이디,,"In the Internet, the system of letters or numbers used to identify a user.",noun,social life > communication tools,nikl-2024-mirror,https://huggingface.co/datasets/binjang/NIKL-korean-english-dictionary/resolve/3b4cfd2126debfd5440cade3ef6c2a3c20cf7cf9/2024_01.csv#record=4251,NIKL source band: advanced; project heuristic TOPIK 5: professional and social category; not an official per-grade list
ko-nikl-04288,아찔하다,,Feeling faint and light-headed suddenly in surprise.,descriptive verb,people > emotions,nikl-2024-mirror,https://huggingface.co/datasets/binjang/NIKL-korean-english-dictionary/resolve/3b4cfd2126debfd5440cade3ef6c2a3c20cf7cf9/2024_01.csv#record=4288,NIKL source band: advanced; project heuristic TOPIK 5: professional and social category; not an official per-grade list
ko-nikl-04328,아흐레,,Nine days. / The ninth day when counting from the first day of the month.,noun,concepts > time,nikl-2024-mirror,https://huggingface.co/datasets/binjang/NIKL-korean-english-dictionary/resolve/3b4cfd2126debfd5440cade3ef6c2a3c20cf7cf9/2024_01.csv#record=4328,NIKL source band: advanced; project heuristic TOPIK 5: professional and social category; not an official per-grade list
ko-nikl-04390,악하다,,One's mind or behavior being bad and mean.,descriptive verb,people > personality,nikl-2024-mirror,https://huggingface.co/datasets/binjang/NIKL-korean-english-dictionary/resolve/3b4cfd2126debfd5440cade3ef6c2a3c20cf7cf9/2024_01.csv#record=4390,NIKL source band: advanced; project heuristic TOPIK 5: professional and social category; not an official per-grade list
ko-nikl-04401,안간힘,,A state of using all one's strength to achieve a goal. / A state of using all one's strength to endure pain or contain anger.,noun,people > physical condition,nikl-2024-mirror,https://huggingface.co/datasets/binjang/NIKL-korean-english-dictionary/resolve/3b4cfd2126debfd5440cade3ef6c2a3c20cf7cf9/2024_01.csv#record=4401,NIKL source band: advanced; project heuristic TOPIK 5: professional and social category; not an official per-grade list
ko-nikl-04438,안달,,The state of being worried and impatient about something.,noun,people > emotions,nikl-2024-mirror,https://huggingface.co/datasets/binjang/NIKL-korean-english-dictionary/resolve/3b4cfd2126debfd5440cade3ef6c2a3c20cf7cf9/2024_01.csv#record=4438,NIKL source band: advanced; project heuristic TOPIK 5: professional and social category; not an official per-grade list
ko-nikl-04444,안도,,The state of living peacefully in one's dwelling; a place where one can stay peacefully. / The state of feeling relieved because something has turned out well.,noun,people > emotions,nikl-2024-mirror,https://huggingface.co/datasets/binjang/NIKL-korean-english-dictionary/resolve/3b4cfd2126debfd5440cade3ef6c2a3c20cf7cf9/2024_01.csv#record=4444,NIKL source band: advanced; project heuristic TOPIK 5: professional and social category; not an official per-grade list
ko-nikl-04452,안락,,"The state of one's mind and body being comfortable and pleased, without worries.",noun,daily life > life circumstances,nikl-2024-mirror,https://huggingface.co/datasets/binjang/NIKL-korean-english-dictionary/resolve/3b4cfd2126debfd5440cade3ef6c2a3c20cf7cf9/2024_01.csv#record=4452,NIKL source band: advanced; project heuristic TOPIK 5: professional and social category; not an official per-grade list
ko-nikl-04466,안목,,The ability of someone to judge or tell the value of something.,noun,people > abilities,nikl-2024-mirror,https://huggingface.co/datasets/binjang/NIKL-korean-english-dictionary/resolve/3b4cfd2126debfd5440cade3ef6c2a3c20cf7cf9/2024_01.csv#record=4466,NIKL source band: advanced; project heuristic TOPIK 5: professional and social category; not an official per-grade list
ko-nikl-04492,안쓰럽다,,Feeling uneasy and sorry about getting help from and imposing on someone who is younger or weaker. / Feeling upset because someone's situation or circumstances are bad and pitiful.,descriptive verb,people > emotions,nikl-2024-mirror,https://huggingface.co/datasets/binjang/NIKL-korean-english-dictionary/resolve/3b4cfd2126debfd5440cade3ef6c2a3c20cf7cf9/2024_01.csv#record=4492,NIKL source band: advanced; project heuristic TOPIK 5: professional and social category; not an official per-grade list
ko-nikl-04496,안이하다,,Having an attitude of trying to seek comfort by avoiding something or considering it nothing special.,descriptive verb,people > attitudes,nikl-2024-mirror,https://huggingface.co/datasets/binjang/NIKL-korean-english-dictionary/resolve/3b4cfd2126debfd5440cade3ef6c2a3c20cf7cf9/2024_01.csv#record=4496,NIKL source band: advanced; project heuristic TOPIK 5: professional and social category; not an official per-grade list
ko-nikl-04497,안일,,A state of being comfortable and relaxed or the attitude to enjoy this state only.,noun,people > attitudes,nikl-2024-mirror,https://huggingface.co/datasets/binjang/NIKL-korean-english-dictionary/resolve/3b4cfd2126debfd5440cade3ef6c2a3c20cf7cf9/2024_01.csv#record=4497,NIKL source band: advanced; project heuristic TOPIK 5: professional and social category; not an official per-grade list
ko-nikl-04510,안전벨트,,"The belt fastening a passenger's body to the seat of a car or airplane, to protect him/her from getting injured in an accident.",noun,social life > transport,nikl-2024-mirror,https://huggingface.co/datasets/binjang/NIKL-korean-english-dictionary/resolve/3b4cfd2126debfd5440cade3ef6c2a3c20cf7cf9/2024_01.csv#record=4510,NIKL source band: advanced; project heuristic TOPIK 5: professional and social category; not an official per-grade list
ko-nikl-04523,안정감,,One's body or mind feeling comfortable and peaceful.,noun,people > emotions,nikl-2024-mirror,https://huggingface.co/datasets/binjang/NIKL-korean-english-dictionary/resolve/3b4cfd2126debfd5440cade3ef6c2a3c20cf7cf9/2024_01.csv#record=4523,NIKL source band: advanced; project heuristic TOPIK 5: professional and social category; not an official per-grade list
ko-nikl-04530,안정적,,"The state of maintaining a steady state, not being changed or agitated.",noun,daily life > life circumstances,nikl-2024-mirror,https://huggingface.co/datasets/binjang/NIKL-korean-english-dictionary/resolve/3b4cfd2126debfd5440cade3ef6c2a3c20cf7cf9/2024_01.csv#record=4530,NIKL source band: advanced; project heuristic TOPIK 5: professional and social category; not an official per-grade list
ko-nikl-04536,안주,,The act of settling in a place and living comfortably. / The state of being satisfied with one's current situation or state.,noun,daily life > life circumstances,nikl-2024-mirror,https://huggingface.co/datasets/binjang/NIKL-korean-english-dictionary/resolve/3b4cfd2126debfd5440cade3ef6c2a3c20cf7cf9/2024_01.csv#record=4536,NIKL source band: advanced; project heuristic TOPIK 5: professional and social category; not an official per-grade list
ko-nikl-04585,알뜰,,The state of keeping the economy of one's household thoroughly and as planned.,noun,people > personality,nikl-2024-mirror,https://huggingface.co/datasets/binjang/NIKL-korean-english-dictionary/resolve/3b4cfd2126debfd5440cade3ef6c2a3c20cf7cf9/2024_01.csv#record=4585,NIKL source band: advanced; project heuristic TOPIK 5: professional and social category; not an official per-grade list
ko-nikl-04605,알몸,,One's body without any clothes on. / (figurative) A person who has no property.,noun,people > body parts,nikl-2024-mirror,https://huggingface.co/datasets/binjang/NIKL-korean-english-dictionary/resolve/3b4cfd2126debfd5440cade3ef6c2a3c20cf7cf9/2024_01.csv#record=4605,NIKL source band: advanced; project heuristic TOPIK 5: professional and social category; not an official per-grade list
ko-nikl-04611,알선,,An act of assisting someone's business by saying good things or introducing people.,noun,social life > social activities,nikl-2024-mirror,https://huggingface.co/datasets/binjang/NIKL-korean-english-dictionary/resolve/3b4cfd2126debfd5440cade3ef6c2a3c20cf7cf9/2024_01.csv#record=4611,NIKL source band: advanced; project heuristic TOPIK 5: professional and social category; not an official per-grade list
ko-nikl-04658,암기력,,The ability to remember and not forget.,noun,people > abilities,nikl-2024-mirror,https://huggingface.co/datasets/binjang/NIKL-korean-english-dictionary/resolve/3b4cfd2126debfd5440cade3ef6c2a3c20cf7cf9/2024_01.csv#record=4658,NIKL source band: advanced; project heuristic TOPIK 5: professional and social category; not an official per-grade list
ko-nikl-04700,암컷,,The female side that gives birth to a baby among sexually dimorphic animals.,noun,plants and animals > animals,nikl-2024-mirror,https://huggingface.co/datasets/binjang/NIKL-korean-english-dictionary/resolve/3b4cfd2126debfd5440cade3ef6c2a3c20cf7cf9/2024_01.csv#record=4700,NIKL source band: advanced; project heuristic TOPIK 5: professional and social category; not an official per-grade list
ko-nikl-04709,암호,,"A code or sign agreed among a group of people in order to keep a secret. / A sign agreed among soldiers in an army in order to distinguish themselves from an enemy and prove the identify each other. / A string of characters that are entered into a computer system, homepage, etc., in order to prove the identity of the user.",noun,social life > communication tools,nikl-2024-mirror,https://huggingface.co/datasets/binjang/NIKL-korean-english-dictionary/resolve/3b4cfd2126debfd5440cade3ef6c2a3c20cf7cf9/2024_01.csv#record=4709,NIKL source band: advanced; project heuristic TOPIK 5: professional and social category; not an official per-grade list
ko-nikl-04713,암흑기,,Troubled times of cultural regression and social disorder.,noun,concepts > time,nikl-2024-mirror,https://huggingface.co/datasets/binjang/NIKL-korean-english-dictionary/resolve/3b4cfd2126debfd5440cade3ef6c2a3c20cf7cf9/2024_01.csv#record=4713,NIKL source band: advanced; project heuristic TOPIK 5: professional and social category; not an official per-grade list
ko-nikl-04728,압박감,,A state of feeling stuffy and pressured physically or mentally.,noun,people > emotions,nikl-2024-mirror,https://huggingface.co/datasets/binjang/NIKL-korean-english-dictionary/resolve/3b4cfd2126debfd5440cade3ef6c2a3c20cf7cf9/2024_01.csv#record=4728,NIKL source band: advanced; project heuristic TOPIK 5: professional and social category; not an official per-grade list
ko-nikl-04774,앞다투다,,To struggle competitively in order to lead or do better than someone.,verb,social life > social activities,nikl-2024-mirror,https://huggingface.co/datasets/binjang/NIKL-korean-english-dictionary/resolve/3b4cfd2126debfd5440cade3ef6c2a3c20cf7cf9/2024_01.csv#record=4774,NIKL source band: advanced; project heuristic TOPIK 5: professional and social category; not an official per-grade list
ko-nikl-04848,애니메이션,,"A film produced in a way that allows for true-to-life movements by using cartoons, dolls, etc.",noun,culture > popular culture,nikl-2024-mirror,https://huggingface.co/datasets/binjang/NIKL-korean-english-dictionary/resolve/3b4cfd2126debfd5440cade3ef6c2a3c20cf7cf9/2024_01.csv#record=4848,NIKL source band: advanced; project heuristic TOPIK 5: professional and social category; not an official per-grade list
ko-nikl-04872,애완견,,"A dog that one loves, and therefore raises, fondles and cherishes as a companion.",noun,plants and animals > animals,nikl-2024-mirror,https://huggingface.co/datasets/binjang/NIKL-korean-english-dictionary/resolve/3b4cfd2126debfd5440cade3ef6c2a3c20cf7cf9/2024_01.csv#record=4872,NIKL source band: advanced; project heuristic TOPIK 5: professional and social category; not an official per-grade list
ko-nikl-04891,애창곡,,A song that one particularly enjoys singing.,noun,culture > popular culture,nikl-2024-mirror,https://huggingface.co/datasets/binjang/NIKL-korean-english-dictionary/resolve/3b4cfd2126debfd5440cade3ef6c2a3c20cf7cf9/2024_01.csv#record=4891,NIKL source band: advanced; project heuristic TOPIK 5: professional and social category; not an official per-grade list
ko-nikl-04896,애초,,The very beginning of something.,noun,concepts > time,nikl-2024-mirror,https://huggingface.co/datasets/binjang/NIKL-korean-english-dictionary/resolve/3b4cfd2126debfd5440cade3ef6c2a3c20cf7cf9/2024_01.csv#record=4896,NIKL source band: advanced; project heuristic TOPIK 5: professional and social category; not an official per-grade list
ko-nikl-04898,애타다,,"To feel sorry, frustrated, and distressed.",verb,people > emotions,nikl-2024-mirror,https://huggingface.co/datasets/binjang/NIKL-korean-english-dictionary/resolve/3b4cfd2126debfd5440cade3ef6c2a3c20cf7cf9/2024_01.csv#record=4898,NIKL source band: advanced; project heuristic TOPIK 5: professional and social category; not an official per-grade list
ko-nikl-04903,애틋하다,,One's heart going to someone or something out of regret or sympathy. / Having deep affection and love for someone.,descriptive verb,people > emotions,nikl-2024-mirror,https://huggingface.co/datasets/binjang/NIKL-korean-english-dictionary/resolve/3b4cfd2126debfd5440cade3ef6c2a3c20cf7cf9/2024_01.csv#record=4903,NIKL source band: advanced; project heuristic TOPIK 5: professional and social category; not an official per-grade list
ko-nikl-04924,액체,,"A substance such as water and oil, which flows freely and has volume yet no fixed form.",noun,concepts > shape,nikl-2024-mirror,https://huggingface.co/datasets/binjang/NIKL-korean-english-dictionary/resolve/3b4cfd2126debfd5440cade3ef6c2a3c20cf7cf9/2024_01.csv#record=4924,NIKL source band: advanced; project heuristic TOPIK 5: professional and social category; not an official per-grade list
ko-nikl-04941,야광,,An act of emitting light in the dark or such a thing that has glow in the dark.,noun,concepts > brightness,nikl-2024-mirror,https://huggingface.co/datasets/binjang/NIKL-korean-english-dictionary/resolve/3b4cfd2126debfd5440cade3ef6c2a3c20cf7cf9/2024_01.csv#record=4941,NIKL source band: advanced; project heuristic TOPIK 5: professional and social category; not an official per-grade list
ko-nikl-04972,야무지다,,"One's appearance, personality, behavior, etc., being firm and flawless.",descriptive verb,people > personality,nikl-2024-mirror,https://huggingface.co/datasets/binjang/NIKL-korean-english-dictionary/resolve/3b4cfd2126debfd5440cade3ef6c2a3c20cf7cf9/2024_01.csv#record=4972,NIKL source band: advanced; project heuristic TOPIK 5: professional and social category; not an official per-grade list
ko-nikl-05002,야유회,,An outdoor social gathering.,noun,daily life > leisure activities,nikl-2024-mirror,https://huggingface.co/datasets/binjang/NIKL-korean-english-dictionary/resolve/3b4cfd2126debfd5440cade3ef6c2a3c20cf7cf9/2024_01.csv#record=5002,NIKL source band: advanced; project heuristic TOPIK 5: professional and social category; not an official per-grade list
ko-nikl-05037,약물,,Spring water that is believed to have medicinal effects. / A liquid that contains medicinal substances. / A liquid medicine made by decocting Korean medicinals.,noun,daily life > medical treatment,nikl-2024-mirror,https://huggingface.co/datasets/binjang/NIKL-korean-english-dictionary/resolve/3b4cfd2126debfd5440cade3ef6c2a3c20cf7cf9/2024_01.csv#record=5037,NIKL source band: advanced; project heuristic TOPIK 5: professional and social category; not an official per-grade list
ko-nikl-05046,약세,,A low value or a weak tendency.,noun,economy > economic conditions,nikl-2024-mirror,https://huggingface.co/datasets/binjang/NIKL-korean-english-dictionary/resolve/3b4cfd2126debfd5440cade3ef6c2a3c20cf7cf9/2024_01.csv#record=5046,NIKL source band: advanced; project heuristic TOPIK 5: professional and social category; not an official per-grade list
ko-nikl-05062,약자,,A person who is weak or powerless.,noun,people > types of people,nikl-2024-mirror,https://huggingface.co/datasets/binjang/NIKL-korean-english-dictionary/resolve/3b4cfd2126debfd5440cade3ef6c2a3c20cf7cf9/2024_01.csv#record=5062,NIKL source band: advanced; project heuristic TOPIK 5: professional and social category; not an official per-grade list
ko-nikl-05091,약효,,The efficacy of a drug.,noun,daily life > medical treatment,nikl-2024-mirror,https://huggingface.co/datasets/binjang/NIKL-korean-english-dictionary/resolve/3b4cfd2126debfd5440cade3ef6c2a3c20cf7cf9/2024_01.csv#record=5091,NIKL source band: advanced; project heuristic TOPIK 5: professional and social category; not an official per-grade list
ko-nikl-05095,얄밉다,,"Someone's behavior, way of speaking, etc., being unpleasant or detestable.",descriptive verb,people > personality,nikl-2024-mirror,https://huggingface.co/datasets/binjang/NIKL-korean-english-dictionary/resolve/3b4cfd2126debfd5440cade3ef6c2a3c20cf7cf9/2024_01.csv#record=5095,NIKL source band: advanced; project heuristic TOPIK 5: professional and social category; not an official per-grade list
ko-nikl-05102,얌체,,"(disparaging) A person who pursues self-interest only, and is shameless.",noun,people > attitudes,nikl-2024-mirror,https://huggingface.co/datasets/binjang/NIKL-korean-english-dictionary/resolve/3b4cfd2126debfd5440cade3ef6c2a3c20cf7cf9/2024_01.csv#record=5102,NIKL source band: advanced; project heuristic TOPIK 5: professional and social category; not an official per-grade list
ko-nikl-46155,양반,,nobility: The social class that ruled Korea in the past. / A dignified and polite person. / The word that a woman uses to refer to her husband when talking to others. / The honorific or addressee-lowering form that is used to call a man. / (figurative) A good state or condition.,noun,social life > job positions,nikl-2024-mirror,https://huggingface.co/datasets/binjang/NIKL-korean-english-dictionary/resolve/3b4cfd2126debfd5440cade3ef6c2a3c20cf7cf9/2024_01.csv#record=46155,NIKL source band: advanced; project heuristic TOPIK 5: professional and social category; not an official per-grade list
ko-nikl-46181,양성,,"The process of teaching and producing competent people. / The process of developing one's ability, capacity, etc. / The process of breeding mainly fish and shellfish with care.",noun,education > teaching and learning,nikl-2024-mirror,https://huggingface.co/datasets/binjang/NIKL-korean-english-dictionary/resolve/3b4cfd2126debfd5440cade3ef6c2a3c20cf7cf9/2024_01.csv#record=46181,NIKL source band: advanced; project heuristic TOPIK 5: professional and social category; not an official per-grade list
ko-nikl-46186,양손,,Both left and right hands.,noun,people > body parts,nikl-2024-mirror,https://huggingface.co/datasets/binjang/NIKL-korean-english-dictionary/resolve/3b4cfd2126debfd5440cade3ef6c2a3c20cf7cf9/2024_01.csv#record=46186,NIKL source band: advanced; project heuristic TOPIK 5: professional and social category; not an official per-grade list
ko-nikl-46198,양식,,"Food necessary for a person to live. / (figurative) A thing that is the source of knowledge, material, ideas, etc.",noun,food > grains,nikl-2024-mirror,https://huggingface.co/datasets/binjang/NIKL-korean-english-dictionary/resolve/3b4cfd2126debfd5440cade3ef6c2a3c20cf7cf9/2024_01.csv#record=46198,NIKL source band: advanced; project heuristic TOPIK 5: professional and social category; not an official per-grade list
ko-nikl-46216,양육,,An act of raising and taking care of a child.,noun,daily life > life events,nikl-2024-mirror,https://huggingface.co/datasets/binjang/NIKL-korean-english-dictionary/resolve/3b4cfd2126debfd5440cade3ef6c2a3c20cf7cf9/2024_01.csv#record=46216,NIKL source band: advanced; project heuristic TOPIK 5: professional and social category; not an official per-grade list
ko-nikl-46242,양초,,"A western-style long piece of wax used for lighting up, which is made by melting solid at proper temperature, pouring the liquid into a frame with a wick in the middle, and letting it harden again.",noun,housing > household goods,nikl-2024-mirror,https://huggingface.co/datasets/binjang/NIKL-korean-english-dictionary/resolve/3b4cfd2126debfd5440cade3ef6c2a3c20cf7cf9/2024_01.csv#record=46242,NIKL source band: advanced; project heuristic TOPIK 5: professional and social category; not an official per-grade list
ko-nikl-46244,양치,,An act of brushing one's teeth and rinsing one's mouth with water.,noun,daily life > daily routines,nikl-2024-mirror,https://huggingface.co/datasets/binjang/NIKL-korean-english-dictionary/resolve/3b4cfd2126debfd5440cade3ef6c2a3c20cf7cf9/2024_01.csv#record=46244,NIKL source band: advanced; project heuristic TOPIK 5: professional and social category; not an official per-grade list
ko-nikl-46264,얕보다,,To look down on someone or something.,verb,people > attitudes,nikl-2024-mirror,https://huggingface.co/datasets/binjang/NIKL-korean-english-dictionary/resolve/3b4cfd2126debfd5440cade3ef6c2a3c20cf7cf9/2024_01.csv#record=46264,NIKL source band: advanced; project heuristic TOPIK 5: professional and social category; not an official per-grade list
ko-nikl-46285,어금니,,A big tooth with a depressed center that is located behind the cuspid.,noun,people > body parts,nikl-2024-mirror,https://huggingface.co/datasets/binjang/NIKL-korean-english-dictionary/resolve/3b4cfd2126debfd5440cade3ef6c2a3c20cf7cf9/2024_01.csv#record=46285,NIKL source band: advanced; project heuristic TOPIK 5: professional and social category; not an official per-grade list
ko-nikl-46345,어둑어둑하다,,Dark to the point that one cannot discern an object clearly.,descriptive verb,concepts > brightness,nikl-2024-mirror,https://huggingface.co/datasets/binjang/NIKL-korean-english-dictionary/resolve/3b4cfd2126debfd5440cade3ef6c2a3c20cf7cf9/2024_01.csv#record=46345,NIKL source band: advanced; project heuristic TOPIK 5: professional and social category; not an official per-grade list
ko-nikl-46375,어루만지다,,"To touch and pass one's hand over something softly. / For a scent, light, etc., to pass someone or something lightly. / (figurative) To calm down someone with warm words and acts.",verb,people > actions affecting the body,nikl-2024-mirror,https://huggingface.co/datasets/binjang/NIKL-korean-english-dictionary/resolve/3b4cfd2126debfd5440cade3ef6c2a3c20cf7cf9/2024_01.csv#record=46375,NIKL source band: advanced; project heuristic TOPIK 5: professional and social category; not an official per-grade list
ko-nikl-46394,어리둥절하다,,Dazed from not being familiar with what is happening.,descriptive verb,people > emotions,nikl-2024-mirror,https://huggingface.co/datasets/binjang/NIKL-korean-english-dictionary/resolve/3b4cfd2126debfd5440cade3ef6c2a3c20cf7cf9/2024_01.csv#record=46394,NIKL source band: advanced; project heuristic TOPIK 5: professional and social category; not an official per-grade list
ko-nikl-46404,어린이집,,A place equipped with facilities for taking care of children under the age of six.,noun,education > educational institutions,nikl-2024-mirror,https://huggingface.co/datasets/binjang/NIKL-korean-english-dictionary/resolve/3b4cfd2126debfd5440cade3ef6c2a3c20cf7cf9/2024_01.csv#record=46404,NIKL source band: advanced; project heuristic TOPIK 5: professional and social category; not an official per-grade list
ko-nikl-46436,어미,,(low form) A word used to refer to or address a woman who has children. / A word used by parents to refer to their daughter who is married and has children. / A word used by a parent to refer to his/her daughter-in-law when talking to his/her son. / (impolite form) A word used by a man who has children to refer to his wife when talking to his elders. / (impolite form) A word used by a mother to refer to herself when talking to her children. / A female that gave birth to her young.,noun,daily life > family relationships,nikl-2024-mirror,https://huggingface.co/datasets/binjang/NIKL-korean-english-dictionary/resolve/3b4cfd2126debfd5440cade3ef6c2a3c20cf7cf9/2024_01.csv#record=46436,NIKL source band: advanced; project heuristic TOPIK 5: professional and social category; not an official per-grade list
ko-nikl-46438,어민,,A person who catches fish as an occupation.,noun,economy > economic actors,nikl-2024-mirror,https://huggingface.co/datasets/binjang/NIKL-korean-english-dictionary/resolve/3b4cfd2126debfd5440cade3ef6c2a3c20cf7cf9/2024_01.csv#record=46438,NIKL source band: advanced; project heuristic TOPIK 5: professional and social category; not an official per-grade list
ko-nikl-46462,어설프다,,"Imperfect and clumsy because one is not familiar with something. / One's knowledge, behavior, etc., being imperfect. / Behaving recklessly without thinking carefully or preparing perfectly. / One's sleep being not deep or one's dream being vague. / Smoke, smell, etc., being very weak, not thick or strong.",descriptive verb,people > attitudes,nikl-2024-mirror,https://huggingface.co/datasets/binjang/NIKL-korean-english-dictionary/resolve/3b4cfd2126debfd5440cade3ef6c2a3c20cf7cf9/2024_01.csv#record=46462,NIKL source band: advanced; project heuristic TOPIK 5: professional and social category; not an official per-grade list
ko-nikl-46492,어업,,"The industry that catches or breeds fish, clam, laver, seaweed, etc. for making money, or such an occupation.",noun,social life > occupations,nikl-2024-mirror,https://huggingface.co/datasets/binjang/NIKL-korean-english-dictionary/resolve/3b4cfd2126debfd5440cade3ef6c2a3c20cf7cf9/2024_01.csv#record=46492,NIKL source band: advanced; project heuristic TOPIK 5: professional and social category; not an official per-grade list
ko-nikl-46501,어우러지다,,"For several people or things to mingle with each other and become one. / For several things to be in harmony or mix with each other. / For several people to mix with each other naturally, creating harmony or a certain atmosphere.",verb,social life > social conditions,nikl-2024-mirror,https://huggingface.co/datasets/binjang/NIKL-korean-english-dictionary/resolve/3b4cfd2126debfd5440cade3ef6c2a3c20cf7cf9/2024_01.csv#record=46501,NIKL source band: advanced; project heuristic TOPIK 5: professional and social category; not an official per-grade list
ko-nikl-46510,어이없다,,Being dumbfounded due to an extremely unexpected occurrence.,descriptive verb,people > emotions,nikl-2024-mirror,https://huggingface.co/datasets/binjang/NIKL-korean-english-dictionary/resolve/3b4cfd2126debfd5440cade3ef6c2a3c20cf7cf9/2024_01.csv#record=46510,NIKL source band: advanced; project heuristic TOPIK 5: professional and social category; not an official per-grade list
ko-nikl-46545,어지르다,,To intertwine or jumble up an organized matter or objects.,verb,housing > housing conditions,nikl-2024-mirror,https://huggingface.co/datasets/binjang/NIKL-korean-english-dictionary/resolve/3b4cfd2126debfd5440cade3ef6c2a3c20cf7cf9/2024_01.csv#record=46545,NIKL source band: advanced; project heuristic TOPIK 5: professional and social category; not an official per-grade list
ko-nikl-46581,어처구니없다,,Being dumbfounded due to an extremely unexpected occurrence.,descriptive verb,people > emotions,nikl-2024-mirror,https://huggingface.co/datasets/binjang/NIKL-korean-english-dictionary/resolve/3b4cfd2126debfd5440cade3ef6c2a3c20cf7cf9/2024_01.csv#record=46581,NIKL source band: advanced; project heuristic TOPIK 5: professional and social category; not an official per-grade list
ko-nikl-46634,억지,,An obstinate will to push ahead with something that has a low chance of success.,noun,people > attitudes,nikl-2024-mirror,https://huggingface.co/datasets/binjang/NIKL-korean-english-dictionary/resolve/3b4cfd2126debfd5440cade3ef6c2a3c20cf7cf9/2024_01.csv#record=46634,NIKL source band: advanced; project heuristic TOPIK 5: professional and social category; not an official per-grade list
ko-nikl-46659,언론사,,"A company that practices journalism, such as a newspaper, broadcasting network, etc.",noun,social life > workplaces,nikl-2024-mirror,https://huggingface.co/datasets/binjang/NIKL-korean-english-dictionary/resolve/3b4cfd2126debfd5440cade3ef6c2a3c20cf7cf9/2024_01.csv#record=46659,NIKL source band: advanced; project heuristic TOPIK 5: professional and social category; not an official per-grade list
ko-nikl-46660,언론인,,"A person who practices journalism as his/her profession in the press such as newspapers, magazines, broadcasting companies etc.",noun,social life > occupations,nikl-2024-mirror,https://huggingface.co/datasets/binjang/NIKL-korean-english-dictionary/resolve/3b4cfd2126debfd5440cade3ef6c2a3c20cf7cf9/2024_01.csv#record=46660,NIKL source band: advanced; project heuristic TOPIK 5: professional and social category; not an official per-grade list
ko-nikl-46688,언짢다,,Being unhappy or displeased with something.,descriptive verb,people > emotions,nikl-2024-mirror,https://huggingface.co/datasets/binjang/NIKL-korean-english-dictionary/resolve/3b4cfd2126debfd5440cade3ef6c2a3c20cf7cf9/2024_01.csv#record=46688,NIKL source band: advanced; project heuristic TOPIK 5: professional and social category; not an official per-grade list
ko-nikl-46699,얻어맞다,,To be badly hit by another person. / (figurative) To be criticized by the public or press.,verb,people > actions affecting the body,nikl-2024-mirror,https://huggingface.co/datasets/binjang/NIKL-korean-english-dictionary/resolve/3b4cfd2126debfd5440cade3ef6c2a3c20cf7cf9/2024_01.csv#record=46699,NIKL source band: advanced; project heuristic TOPIK 5: professional and social category; not an official per-grade list
ko-nikl-46702,얼,,The core or nature of spirit.,noun,people > senses,nikl-2024-mirror,https://huggingface.co/datasets/binjang/NIKL-korean-english-dictionary/resolve/3b4cfd2126debfd5440cade3ef6c2a3c20cf7cf9/2024_01.csv#record=46702,NIKL source band: advanced; project heuristic TOPIK 5: professional and social category; not an official per-grade list
ko-nikl-46777,얽매이다,,"To be fastened and tied up this way and that with a string, rope, etc. / To be restrained in a severe manner and be stopped from acting as one wishes.",verb,social life > social conditions,nikl-2024-mirror,https://huggingface.co/datasets/binjang/NIKL-korean-english-dictionary/resolve/3b4cfd2126debfd5440cade3ef6c2a3c20cf7cf9/2024_01.csv#record=46777,NIKL source band: advanced; project heuristic TOPIK 5: professional and social category; not an official per-grade list
ko-nikl-46779,얽히다,,"For strings, ropes, etc., to be bound or wrapped in this way and that. / To be associated with something in this way and that.",verb,social life > social conditions,nikl-2024-mirror,https://huggingface.co/datasets/binjang/NIKL-korean-english-dictionary/resolve/3b4cfd2126debfd5440cade3ef6c2a3c20cf7cf9/2024_01.csv#record=46779,NIKL source band: advanced; project heuristic TOPIK 5: professional and social category; not an official per-grade list
ko-nikl-46798,엄살,,"An act of feigning or exaggerating pain or hardship, or such an attitude or a remark.",noun,people > attitudes,nikl-2024-mirror,https://huggingface.co/datasets/binjang/NIKL-korean-english-dictionary/resolve/3b4cfd2126debfd5440cade3ef6c2a3c20cf7cf9/2024_01.csv#record=46798,NIKL source band: advanced; project heuristic TOPIK 5: professional and social category; not an official per-grade list
ko-nikl-46819,엄지,,The thumb or big toe.,noun,people > body parts,nikl-2024-mirror,https://huggingface.co/datasets/binjang/NIKL-korean-english-dictionary/resolve/3b4cfd2126debfd5440cade3ef6c2a3c20cf7cf9/2024_01.csv#record=46819,NIKL source band: advanced; project heuristic TOPIK 5: professional and social category; not an official per-grade list
ko-nikl-46821,엄지손가락,,The first finger that is the shortest and thickest among the five fingers.,noun,people > body parts,nikl-2024-mirror,https://huggingface.co/datasets/binjang/NIKL-korean-english-dictionary/resolve/3b4cfd2126debfd5440cade3ef6c2a3c20cf7cf9/2024_01.csv#record=46821,NIKL source band: advanced; project heuristic TOPIK 5: professional and social category; not an official per-grade list
ko-nikl-46826,엄하다,,Thorough and upright in applying a rule or teaching manners. / Thoroughly cautious so that there is not any problem with something or someone's behavior. / One's personality or behavior being very thorough and fastidious.,descriptive verb,people > attitudes,nikl-2024-mirror,https://huggingface.co/datasets/binjang/NIKL-korean-english-dictionary/resolve/3b4cfd2126debfd5440cade3ef6c2a3c20cf7cf9/2024_01.csv#record=46826,NIKL source band: advanced; project heuristic TOPIK 5: professional and social category; not an official per-grade list
ko-nikl-46836,업소,,A place of small businesses or a shop.,noun,economy > commercial places,nikl-2024-mirror,https://huggingface.co/datasets/binjang/NIKL-korean-english-dictionary/resolve/3b4cfd2126debfd5440cade3ef6c2a3c20cf7cf9/2024_01.csv#record=46836,NIKL source band: advanced; project heuristic TOPIK 5: professional and social category; not an official per-grade list
ko-nikl-46838,업자,,A person who runs a business.,noun,economy > economic actors,nikl-2024-mirror,https://huggingface.co/datasets/binjang/NIKL-korean-english-dictionary/resolve/3b4cfd2126debfd5440cade3ef6c2a3c20cf7cf9/2024_01.csv#record=46838,NIKL source band: advanced; project heuristic TOPIK 5: professional and social category; not an official per-grade list
ko-nikl-46948,에어로빅,,A physical exercise where one moves his/her whole body with a variety of movements as if dancing to rhythmical music.,noun,daily life > leisure activities,nikl-2024-mirror,https://huggingface.co/datasets/binjang/NIKL-korean-english-dictionary/resolve/3b4cfd2126debfd5440cade3ef6c2a3c20cf7cf9/2024_01.csv#record=46948,NIKL source band: advanced; project heuristic TOPIK 5: professional and social category; not an official per-grade list
ko-nikl-47054,여드레,,Eight days. / The eighth day of the month.,noun,concepts > time,nikl-2024-mirror,https://huggingface.co/datasets/binjang/NIKL-korean-english-dictionary/resolve/3b4cfd2126debfd5440cade3ef6c2a3c20cf7cf9/2024_01.csv#record=47054,NIKL source band: advanced; project heuristic TOPIK 5: professional and social category; not an official per-grade list
ko-nikl-47066,여류,,A woman skilled in doing a professional work.,noun,culture > cultural participants,nikl-2024-mirror,https://huggingface.co/datasets/binjang/NIKL-korean-english-dictionary/resolve/3b4cfd2126debfd5440cade3ef6c2a3c20cf7cf9/2024_01.csv#record=47066,NIKL source band: advanced; project heuristic TOPIK 5: professional and social category; not an official per-grade list
ko-nikl-47073,여리다,,"Soft or weak, not hard or tough. / For one's will, emotion, etc., to be weak, not strong. / For light, a color, sound, etc., to be slightly dim or weak.",descriptive verb,people > personality,nikl-2024-mirror,https://huggingface.co/datasets/binjang/NIKL-korean-english-dictionary/resolve/3b4cfd2126debfd5440cade3ef6c2a3c20cf7cf9/2024_01.csv#record=47073,NIKL source band: advanced; project heuristic TOPIK 5: professional and social category; not an official per-grade list
ko-nikl-47098,여사,,(polite form) A married woman. / (polite form) A socially renowned woman.,noun,people > types of people,nikl-2024-mirror,https://huggingface.co/datasets/binjang/NIKL-korean-english-dictionary/resolve/3b4cfd2126debfd5440cade3ef6c2a3c20cf7cf9/2024_01.csv#record=47098,NIKL source band: advanced; project heuristic TOPIK 5: professional and social category; not an official per-grade list
ko-nikl-47119,여성적,,A state of having the quality of a woman.,noun,people > personality,nikl-2024-mirror,https://huggingface.co/datasets/binjang/NIKL-korean-english-dictionary/resolve/3b4cfd2126debfd5440cade3ef6c2a3c20cf7cf9/2024_01.csv#record=47119,NIKL source band: advanced; project heuristic TOPIK 5: professional and social category; not an official per-grade list
ko-nikl-47132,여아,,A child of the female gender.,noun,people > types of people,nikl-2024-mirror,https://huggingface.co/datasets/binjang/NIKL-korean-english-dictionary/resolve/3b4cfd2126debfd5440cade3ef6c2a3c20cf7cf9/2024_01.csv#record=47132,NIKL source band: advanced; project heuristic TOPIK 5: professional and social category; not an official per-grade list
ko-nikl-47149,여우,,"An animal that is similar to the dog but has a slenderer body with a yellowish brown or reddish brown coat, a long, pointed snout and a long, thick tail. / (figurative) A person who is quick-witted and resourceful in protecting his/her interests.",noun,plants and animals > animals,nikl-2024-mirror,https://huggingface.co/datasets/binjang/NIKL-korean-english-dictionary/resolve/3b4cfd2126debfd5440cade3ef6c2a3c20cf7cf9/2024_01.csv#record=47149,NIKL source band: advanced; project heuristic TOPIK 5: professional and social category; not an official per-grade list
ko-nikl-47160,여의다,,To part from one's parent or spouse due to his/her death. / To marry one's daughter off. / To let someone or something go away or lose him/her or it.,verb,daily life > life events,nikl-2024-mirror,https://huggingface.co/datasets/binjang/NIKL-korean-english-dictionary/resolve/3b4cfd2126debfd5440cade3ef6c2a3c20cf7cf9/2024_01.csv#record=47160,NIKL source band: advanced; project heuristic TOPIK 5: professional and social category; not an official per-grade list
ko-nikl-47230,역겹다,,"Feeling nausea because the taste, smell, etc., of something is very bad and sickening. / Feeling bad and unpleased because one does not like something.",descriptive verb,people > emotions,nikl-2024-mirror,https://huggingface.co/datasets/binjang/NIKL-korean-english-dictionary/resolve/3b4cfd2126debfd5440cade3ef6c2a3c20cf7cf9/2024_01.csv#record=47230,NIKL source band: advanced; project heuristic TOPIK 5: professional and social category; not an official per-grade list
ko-nikl-47237,역도,,An athletic competition where players compete to lift heavier weights than each other.,noun,daily life > leisure equipment,nikl-2024-mirror,https://huggingface.co/datasets/binjang/NIKL-korean-english-dictionary/resolve/3b4cfd2126debfd5440cade3ef6c2a3c20cf7cf9/2024_01.csv#record=47237,NIKL source band: advanced; project heuristic TOPIK 5: professional and social category; not an official per-grade list
ko-nikl-47240,역량,,The power or ability to achieve something.,noun,people > abilities,nikl-2024-mirror,https://huggingface.co/datasets/binjang/NIKL-korean-english-dictionary/resolve/3b4cfd2126debfd5440cade3ef6c2a3c20cf7cf9/2024_01.csv#record=47240,NIKL source band: advanced; project heuristic TOPIK 5: professional and social category; not an official per-grade list
ko-nikl-47315,연,,"An object that can be flown, which is made by pasting thin paper and a string on a frame made of thin bamboo sticks.",noun,daily life > leisure equipment,nikl-2024-mirror,https://huggingface.co/datasets/binjang/NIKL-korean-english-dictionary/resolve/3b4cfd2126debfd5440cade3ef6c2a3c20cf7cf9/2024_01.csv#record=47315,NIKL source band: advanced; project heuristic TOPIK 5: professional and social category; not an official per-grade list
ko-nikl-47365,연금,,"Money given annually to a person who rendered distinguished service to the state or society, or worked for a state agency for a certain period of time.",noun,economy > financial instruments,nikl-2024-mirror,https://huggingface.co/datasets/binjang/NIKL-korean-english-dictionary/resolve/3b4cfd2126debfd5440cade3ef6c2a3c20cf7cf9/2024_01.csv#record=47365,NIKL source band: advanced; project heuristic TOPIK 5: professional and social category; not an official per-grade list
ko-nikl-47381,연날리기,,The act or game of flying a kite high in the sky by using the wind.,noun,daily life > leisure activities,nikl-2024-mirror,https://huggingface.co/datasets/binjang/NIKL-korean-english-dictionary/resolve/3b4cfd2126debfd5440cade3ef6c2a3c20cf7cf9/2024_01.csv#record=47381,NIKL source band: advanced; project heuristic TOPIK 5: professional and social category; not an official per-grade list
ko-nikl-47386,연대,,One of the divisions into which the past is divided by a certain number of years.,noun,concepts > time,nikl-2024-mirror,https://huggingface.co/datasets/binjang/NIKL-korean-english-dictionary/resolve/3b4cfd2126debfd5440cade3ef6c2a3c20cf7cf9/2024_01.csv#record=47386,NIKL source band: advanced; project heuristic TOPIK 5: professional and social category; not an official per-grade list
ko-nikl-47387,연대,,The act of multiple people doing something or taking responsibility collectively. / The state of being closely related to each other with the same goal or purpose.,noun,social life > social activities,nikl-2024-mirror,https://huggingface.co/datasets/binjang/NIKL-korean-english-dictionary/resolve/3b4cfd2126debfd5440cade3ef6c2a3c20cf7cf9/2024_01.csv#record=47387,NIKL source band: advanced; project heuristic TOPIK 5: professional and social category; not an official per-grade list
ko-nikl-47427,연말연시,,The season from the end of the year to the beginning of the new year.,noun,concepts > time,nikl-2024-mirror,https://huggingface.co/datasets/binjang/NIKL-korean-english-dictionary/resolve/3b4cfd2126debfd5440cade3ef6c2a3c20cf7cf9/2024_01.csv#record=47427,NIKL source band: advanced; project heuristic TOPIK 5: professional and social category; not an official per-grade list
ko-nikl-47455,연비,,The distance that a car travels on a certain amount of fuel.,noun,social life > transport,nikl-2024-mirror,https://huggingface.co/datasets/binjang/NIKL-korean-english-dictionary/resolve/3b4cfd2126debfd5440cade3ef6c2a3c20cf7cf9/2024_01.csv#record=47455,NIKL source band: advanced; project heuristic TOPIK 5: professional and social category; not an official per-grade list
ko-nikl-47459,연상,,The state of being older than someone; a person who is older than someone.,noun,social life > interpersonal relationships,nikl-2024-mirror,https://huggingface.co/datasets/binjang/NIKL-korean-english-dictionary/resolve/3b4cfd2126debfd5440cade3ef6c2a3c20cf7cf9/2024_01.csv#record=47459,NIKL source band: advanced; project heuristic TOPIK 5: professional and social category; not an official per-grade list
ko-nikl-47488,연수,,"The process of learning and studying knowledge, technology, etc.",noun,education > teaching and learning,nikl-2024-mirror,https://huggingface.co/datasets/binjang/NIKL-korean-english-dictionary/resolve/3b4cfd2126debfd5440cade3ef6c2a3c20cf7cf9/2024_01.csv#record=47488,NIKL source band: advanced; project heuristic TOPIK 5: professional and social category; not an official per-grade list
ko-nikl-47513,연약하다,,Soft and weak.,descriptive verb,people > physical condition,nikl-2024-mirror,https://huggingface.co/datasets/binjang/NIKL-korean-english-dictionary/resolve/3b4cfd2126debfd5440cade3ef6c2a3c20cf7cf9/2024_01.csv#record=47513,NIKL source band: advanced; project heuristic TOPIK 5: professional and social category; not an official per-grade list
ko-nikl-47522,연예,,"The act of singing, dancing, or performing in front of many people; such a talent.",noun,culture > cultural activities,nikl-2024-mirror,https://huggingface.co/datasets/binjang/NIKL-korean-english-dictionary/resolve/3b4cfd2126debfd5440cade3ef6c2a3c20cf7cf9/2024_01.csv#record=47522,NIKL source band: advanced; project heuristic TOPIK 5: professional and social category; not an official per-grade list
ko-nikl-47530,연일,,The state of being continued for several days.,noun,concepts > time,nikl-2024-mirror,https://huggingface.co/datasets/binjang/NIKL-korean-english-dictionary/resolve/3b4cfd2126debfd5440cade3ef6c2a3c20cf7cf9/2024_01.csv#record=47530,NIKL source band: advanced; project heuristic TOPIK 5: professional and social category; not an official per-grade list
ko-nikl-47543,연장자,,A person who is older than someone.,noun,social life > interpersonal relationships,nikl-2024-mirror,https://huggingface.co/datasets/binjang/NIKL-korean-english-dictionary/resolve/3b4cfd2126debfd5440cade3ef6c2a3c20cf7cf9/2024_01.csv#record=47543,NIKL source band: advanced; project heuristic TOPIK 5: professional and social category; not an official per-grade list
ko-nikl-47558,연주자,,A person who plays a musical instrument to present a piece of music.,noun,culture > cultural participants,nikl-2024-mirror,https://huggingface.co/datasets/binjang/NIKL-korean-english-dictionary/resolve/3b4cfd2126debfd5440cade3ef6c2a3c20cf7cf9/2024_01.csv#record=47558,NIKL source band: advanced; project heuristic TOPIK 5: professional and social category; not an official per-grade list
ko-nikl-47563,연중,,The period of one year. / A state of taking place throughout the year.,noun,concepts > time,nikl-2024-mirror,https://huggingface.co/datasets/binjang/NIKL-korean-english-dictionary/resolve/3b4cfd2126debfd5440cade3ef6c2a3c20cf7cf9/2024_01.csv#record=47563,NIKL source band: advanced; project heuristic TOPIK 5: professional and social category; not an official per-grade list
ko-nikl-47574,연초,,The start of the year.,noun,concepts > time,nikl-2024-mirror,https://huggingface.co/datasets/binjang/NIKL-korean-english-dictionary/resolve/3b4cfd2126debfd5440cade3ef6c2a3c20cf7cf9/2024_01.csv#record=47574,NIKL source band: advanced; project heuristic TOPIK 5: professional and social category; not an official per-grade list
ko-nikl-47593,연하,,The state of being younger than someone; a person who is younger than someone.,noun,social life > interpersonal relationships,nikl-2024-mirror,https://huggingface.co/datasets/binjang/NIKL-korean-english-dictionary/resolve/3b4cfd2126debfd5440cade3ef6c2a3c20cf7cf9/2024_01.csv#record=47593,NIKL source band: advanced; project heuristic TOPIK 5: professional and social category; not an official per-grade list
ko-nikl-47630,열,,A row or line made by a group of people or things arranged in a line. / The unit for counting the number of lines of people or things.,noun,concepts > shape,nikl-2024-mirror,https://huggingface.co/datasets/binjang/NIKL-korean-english-dictionary/resolve/3b4cfd2126debfd5440cade3ef6c2a3c20cf7cf9/2024_01.csv#record=47630,NIKL source band: advanced; project heuristic TOPIK 5: professional and social category; not an official per-grade list
ko-nikl-47642,열광,,The act or state of going wild as one feels extremely happy or excited.,noun,people > attitudes,nikl-2024-mirror,https://huggingface.co/datasets/binjang/NIKL-korean-english-dictionary/resolve/3b4cfd2126debfd5440cade3ef6c2a3c20cf7cf9/2024_01.csv#record=47642,NIKL source band: advanced; project heuristic TOPIK 5: professional and social category; not an official per-grade list
ko-nikl-47652,열대,,"A region with a great deal of rainfall, which is near the equator and has an annual average temperature of over 20 degrees Celsius.",noun,concepts > regions,nikl-2024-mirror,https://huggingface.co/datasets/binjang/NIKL-korean-english-dictionary/resolve/3b4cfd2126debfd5440cade3ef6c2a3c20cf7cf9/2024_01.csv#record=47652,NIKL source band: advanced; project heuristic TOPIK 5: professional and social category; not an official per-grade list
ko-nikl-47661,열등감,,The feeling of regarding oneself as falling behind others or being incompetent.,noun,people > emotions,nikl-2024-mirror,https://huggingface.co/datasets/binjang/NIKL-korean-english-dictionary/resolve/3b4cfd2126debfd5440cade3ef6c2a3c20cf7cf9/2024_01.csv#record=47661,NIKL source band: advanced; project heuristic TOPIK 5: professional and social category; not an official per-grade list
ko-nikl-47667,열람실,,"A room in a library for reading books, documents, etc.",noun,education > school facilities,nikl-2024-mirror,https://huggingface.co/datasets/binjang/NIKL-korean-english-dictionary/resolve/3b4cfd2126debfd5440cade3ef6c2a3c20cf7cf9/2024_01.csv#record=47667,NIKL source band: advanced; project heuristic TOPIK 5: professional and social category; not an official per-grade list
ko-nikl-47670,열렬하다,,Having highly intense and fervent feelings or attitude towards a subject or matter.,descriptive verb,people > attitudes,nikl-2024-mirror,https://huggingface.co/datasets/binjang/NIKL-korean-english-dictionary/resolve/3b4cfd2126debfd5440cade3ef6c2a3c20cf7cf9/2024_01.csv#record=47670,NIKL source band: advanced; project heuristic TOPIK 5: professional and social category; not an official per-grade list
ko-nikl-47686,열성,,Very sincere and passionate earnestness.,noun,people > attitudes,nikl-2024-mirror,https://huggingface.co/datasets/binjang/NIKL-korean-english-dictionary/resolve/3b4cfd2126debfd5440cade3ef6c2a3c20cf7cf9/2024_01.csv#record=47686,NIKL source band: advanced; project heuristic TOPIK 5: professional and social category; not an official per-grade list
ko-nikl-47688,열성적,,The attitude of putting great earnestness into something.,noun,people > attitudes,nikl-2024-mirror,https://huggingface.co/datasets/binjang/NIKL-korean-english-dictionary/resolve/3b4cfd2126debfd5440cade3ef6c2a3c20cf7cf9/2024_01.csv#record=47688,NIKL source band: advanced; project heuristic TOPIK 5: professional and social category; not an official per-grade list
ko-nikl-47703,열의,,The strong will to achieve something.,noun,people > emotions,nikl-2024-mirror,https://huggingface.co/datasets/binjang/NIKL-korean-english-dictionary/resolve/3b4cfd2126debfd5440cade3ef6c2a3c20cf7cf9/2024_01.csv#record=47703,NIKL source band: advanced; project heuristic TOPIK 5: professional and social category; not an official per-grade list
ko-nikl-47751,염소,,A livestock animal with horns which is smaller than a cow and which varies in color from brown and black to white.,noun,plants and animals > animals,nikl-2024-mirror,https://huggingface.co/datasets/binjang/NIKL-korean-english-dictionary/resolve/3b4cfd2126debfd5440cade3ef6c2a3c20cf7cf9/2024_01.csv#record=47751,NIKL source band: advanced; project heuristic TOPIK 5: professional and social category; not an official per-grade list
ko-nikl-47758,염증,,"A symptom which appears when the body is injured, characterized by swelling, fever, and pain.",noun,daily life > illness and symptoms,nikl-2024-mirror,https://huggingface.co/datasets/binjang/NIKL-korean-english-dictionary/resolve/3b4cfd2126debfd5440cade3ef6c2a3c20cf7cf9/2024_01.csv#record=47758,NIKL source band: advanced; project heuristic TOPIK 5: professional and social category; not an official per-grade list
ko-nikl-47759,염치,,The attitude of trying to maintain one's dignity or refraining from doing something shameful.,noun,people > attitudes,nikl-2024-mirror,https://huggingface.co/datasets/binjang/NIKL-korean-english-dictionary/resolve/3b4cfd2126debfd5440cade3ef6c2a3c20cf7cf9/2024_01.csv#record=47759,NIKL source band: advanced; project heuristic TOPIK 5: professional and social category; not an official per-grade list
ko-nikl-47781,엿새,,A duration of six days. / The sixth day of the month.,noun,concepts > time,nikl-2024-mirror,https://huggingface.co/datasets/binjang/NIKL-korean-english-dictionary/resolve/3b4cfd2126debfd5440cade3ef6c2a3c20cf7cf9/2024_01.csv#record=47781,NIKL source band: advanced; project heuristic TOPIK 5: professional and social category; not an official per-grade list
ko-nikl-47816,영리,,The act of seeking financial gains.,noun,economy > economic conditions,nikl-2024-mirror,https://huggingface.co/datasets/binjang/NIKL-korean-english-dictionary/resolve/3b4cfd2126debfd5440cade3ef6c2a3c20cf7cf9/2024_01.csv#record=47816,NIKL source band: advanced; project heuristic TOPIK 5: professional and social category; not an official per-grade list
ko-nikl-47838,영세민,,A poor person whose household budget is very small.,noun,economy > economic conditions,nikl-2024-mirror,https://huggingface.co/datasets/binjang/NIKL-korean-english-dictionary/resolve/3b4cfd2126debfd5440cade3ef6c2a3c20cf7cf9/2024_01.csv#record=47838,NIKL source band: advanced; project heuristic TOPIK 5: professional and social category; not an official per-grade list
ko-nikl-47855,영양가,,The value of a food's nutrition. / (figurative) Reward or benefit.,noun,food > tastes,nikl-2024-mirror,https://huggingface.co/datasets/binjang/NIKL-korean-english-dictionary/resolve/3b4cfd2126debfd5440cade3ef6c2a3c20cf7cf9/2024_01.csv#record=47855,NIKL source band: advanced; project heuristic TOPIK 5: professional and social category; not an official per-grade list
ko-nikl-47857,영양사,,A licensed person who provides scientific guidance on the nutrition of one's dietary habits.,noun,social life > occupations,nikl-2024-mirror,https://huggingface.co/datasets/binjang/NIKL-korean-english-dictionary/resolve/3b4cfd2126debfd5440cade3ef6c2a3c20cf7cf9/2024_01.csv#record=47857,NIKL source band: advanced; project heuristic TOPIK 5: professional and social category; not an official per-grade list
ko-nikl-47887,영재,,A person who has great talent in a field.,noun,people > types of people,nikl-2024-mirror,https://huggingface.co/datasets/binjang/NIKL-korean-english-dictionary/resolve/3b4cfd2126debfd5440cade3ef6c2a3c20cf7cf9/2024_01.csv#record=47887,NIKL source band: advanced; project heuristic TOPIK 5: professional and social category; not an official per-grade list
ko-nikl-47926,옆구리,,The two sides of the torso between the chest and the back.,noun,people > body parts,nikl-2024-mirror,https://huggingface.co/datasets/binjang/NIKL-korean-english-dictionary/resolve/3b4cfd2126debfd5440cade3ef6c2a3c20cf7cf9/2024_01.csv#record=47926,NIKL source band: advanced; project heuristic TOPIK 5: professional and social category; not an official per-grade list
ko-nikl-47958,예년,,"An ordinary year. / In a weather forecast, the average state of daily weather for the last three decades.",noun,concepts > time,nikl-2024-mirror,https://huggingface.co/datasets/binjang/NIKL-korean-english-dictionary/resolve/3b4cfd2126debfd5440cade3ef6c2a3c20cf7cf9/2024_01.csv#record=47958,NIKL source band: advanced; project heuristic TOPIK 5: professional and social category; not an official per-grade list
ko-nikl-47959,예능,,"Talent for art, including movies, music, and fine arts.",noun,culture > popular culture,nikl-2024-mirror,https://huggingface.co/datasets/binjang/NIKL-korean-english-dictionary/resolve/3b4cfd2126debfd5440cade3ef6c2a3c20cf7cf9/2024_01.csv#record=47959,NIKL source band: advanced; project heuristic TOPIK 5: professional and social category; not an official per-grade list
ko-nikl-47966,예리하다,,"The point of something being thin, pointed, or razor-sharp. / One's observation or judgment being exact and acute. / One's eyes, etc., being sharp like fiercely staring eyes. / A sound being high and thin enough to irritate one's nerves. / One's skill, talent, etc., being perfect and exact.",descriptive verb,people > personality,nikl-2024-mirror,https://huggingface.co/datasets/binjang/NIKL-korean-english-dictionary/resolve/3b4cfd2126debfd5440cade3ef6c2a3c20cf7cf9/2024_01.csv#record=47966,NIKL source band: advanced; project heuristic TOPIK 5: professional and social category; not an official per-grade list
ko-nikl-47972,예문,,A sentence which is shown as an example for explaining a word or something.,noun,social life > communication tools,nikl-2024-mirror,https://huggingface.co/datasets/binjang/NIKL-korean-english-dictionary/resolve/3b4cfd2126debfd5440cade3ef6c2a3c20cf7cf9/2024_01.csv#record=47972,NIKL source band: advanced; project heuristic TOPIK 5: professional and social category; not an official per-grade list
ko-nikl-47973,예물,,Things sent to someone for expressing one's gratitude or being polite. / A thing exchanged between a bride and bridegroom when they get married.,noun,social life > social activities,nikl-2024-mirror,https://huggingface.co/datasets/binjang/NIKL-korean-english-dictionary/resolve/3b4cfd2126debfd5440cade3ef6c2a3c20cf7cf9/2024_01.csv#record=47973,NIKL source band: advanced; project heuristic TOPIK 5: professional and social category; not an official per-grade list
ko-nikl-47974,예민하다,,"Very quick and outstanding in feeling, analyzing, or judging something. / One's response to stimulus or senses being overly sensitive. / An issue being so important as to attract the attention of many people, and likely to cause conflict when it is dealt with.",descriptive verb,people > personality,nikl-2024-mirror,https://huggingface.co/datasets/binjang/NIKL-korean-english-dictionary/resolve/3b4cfd2126debfd5440cade3ef6c2a3c20cf7cf9/2024_01.csv#record=47974,NIKL source band: advanced; project heuristic TOPIK 5: professional and social category; not an official per-grade list
ko-nikl-48059,예의범절,,Etiquette and procedure which one should follow in everyday life.,noun,people > attitudes,nikl-2024-mirror,https://huggingface.co/datasets/binjang/NIKL-korean-english-dictionary/resolve/3b4cfd2126debfd5440cade3ef6c2a3c20cf7cf9/2024_01.csv#record=48059,NIKL source band: advanced; project heuristic TOPIK 5: professional and social category; not an official per-grade list
ko-nikl-48060,예전,,Past days after which quite a long time has passed.,noun,concepts > time,nikl-2024-mirror,https://huggingface.co/datasets/binjang/NIKL-korean-english-dictionary/resolve/3b4cfd2126debfd5440cade3ef6c2a3c20cf7cf9/2024_01.csv#record=48060,NIKL source band: advanced; project heuristic TOPIK 5: professional and social category; not an official per-grade list
ko-nikl-48064,예정일,,The date on which something is expected or planned to happen or to be done.,noun,concepts > time,nikl-2024-mirror,https://huggingface.co/datasets/binjang/NIKL-korean-english-dictionary/resolve/3b4cfd2126debfd5440cade3ef6c2a3c20cf7cf9/2024_01.csv#record=48064,NIKL source band: advanced; project heuristic TOPIK 5: professional and social category; not an official per-grade list
ko-nikl-48116,오기,,"An attitude of being stubborn, not given to losing despite one's lack of ability. / The attitude of showing off, acting arrogantly, and being impolite.",noun,people > emotions,nikl-2024-mirror,https://huggingface.co/datasets/binjang/NIKL-korean-english-dictionary/resolve/3b4cfd2126debfd5440cade3ef6c2a3c20cf7cf9/2024_01.csv#record=48116,NIKL source band: advanced; project heuristic TOPIK 5: professional and social category; not an official per-grade list
ko-nikl-48120,오누이,,A brother and his younger sister.,noun,daily life > family relationships,nikl-2024-mirror,https://huggingface.co/datasets/binjang/NIKL-korean-english-dictionary/resolve/3b4cfd2126debfd5440cade3ef6c2a3c20cf7cf9/2024_01.csv#record=48120,NIKL source band: advanced; project heuristic TOPIK 5: professional and social category; not an official per-grade list
ko-nikl-48159,오디오,,"The sounds of a radio or television, etc. / A device for listening to music, etc., effectively.",noun,housing > household goods,nikl-2024-mirror,https://huggingface.co/datasets/binjang/NIKL-korean-english-dictionary/resolve/3b4cfd2126debfd5440cade3ef6c2a3c20cf7cf9/2024_01.csv#record=48159,NIKL source band: advanced; project heuristic TOPIK 5: professional and social category; not an official per-grade list
ko-nikl-48202,오른팔,,The right arm. / (figurative) A person who stays near another person and plays a key role in helping him/her.,noun,people > body parts,nikl-2024-mirror,https://huggingface.co/datasets/binjang/NIKL-korean-english-dictionary/resolve/3b4cfd2126debfd5440cade3ef6c2a3c20cf7cf9/2024_01.csv#record=48202,NIKL source band: advanced; project heuristic TOPIK 5: professional and social category; not an official per-grade list
ko-nikl-48204,오름세,,"A situation in which prices, etc., are going up.",noun,economy > economic conditions,nikl-2024-mirror,https://huggingface.co/datasets/binjang/NIKL-korean-english-dictionary/resolve/3b4cfd2126debfd5440cade3ef6c2a3c20cf7cf9/2024_01.csv#record=48204,NIKL source band: advanced; project heuristic TOPIK 5: professional and social category; not an official per-grade list
ko-nikl-48209,오리다,,"To cut with a knife, pair of scissors, etc.",verb,people > physical actions,nikl-2024-mirror,https://huggingface.co/datasets/binjang/NIKL-korean-english-dictionary/resolve/3b4cfd2126debfd5440cade3ef6c2a3c20cf7cf9/2024_01.csv#record=48209,NIKL source band: advanced; project heuristic TOPIK 5: professional and social category; not an official per-grade list
ko-nikl-48216,오만,,"The quality of being prideful and haughty, or such an attitude or behavior.",noun,people > attitudes,nikl-2024-mirror,https://huggingface.co/datasets/binjang/NIKL-korean-english-dictionary/resolve/3b4cfd2126debfd5440cade3ef6c2a3c20cf7cf9/2024_01.csv#record=48216,NIKL source band: advanced; project heuristic TOPIK 5: professional and social category; not an official per-grade list
ko-nikl-48319,오줌,,"Yellowish, smelly liquid which is the discharge of waste and water in the blood from the body through the urethra.",noun,people > physiological processes,nikl-2024-mirror,https://huggingface.co/datasets/binjang/NIKL-korean-english-dictionary/resolve/3b4cfd2126debfd5440cade3ef6c2a3c20cf7cf9/2024_01.csv#record=48319,NIKL source band: advanced; project heuristic TOPIK 5: professional and social category; not an official per-grade list
ko-nikl-48332,오케스트라,,A group which plays orchestral music.,noun,culture > music,nikl-2024-mirror,https://huggingface.co/datasets/binjang/NIKL-korean-english-dictionary/resolve/3b4cfd2126debfd5440cade3ef6c2a3c20cf7cf9/2024_01.csv#record=48332,NIKL source band: advanced; project heuristic TOPIK 5: professional and social category; not an official per-grade list
ko-nikl-48370,옥상,,"The roof part of a modern building, which is made flat so that it can be used for various purposes.",noun,housing > parts of a home,nikl-2024-mirror,https://huggingface.co/datasets/binjang/NIKL-korean-english-dictionary/resolve/3b4cfd2126debfd5440cade3ef6c2a3c20cf7cf9/2024_01.csv#record=48370,NIKL source band: advanced; project heuristic TOPIK 5: professional and social category; not an official per-grade list
ko-nikl-48402,온대,,A region which is between the tropical and frigid zones and has an annual average temperature range from 0 to 20 degrees Celsius.,noun,concepts > regions,nikl-2024-mirror,https://huggingface.co/datasets/binjang/NIKL-korean-english-dictionary/resolve/3b4cfd2126debfd5440cade3ef6c2a3c20cf7cf9/2024_01.csv#record=48402,NIKL source band: advanced; project heuristic TOPIK 5: professional and social category; not an official per-grade list
ko-nikl-48408,온돌,,"A system of underfloor heating using fire, hot water, or electricity, etc. / A room that has a system of underfloor heating using fire, hot water, or electricity, etc.",noun,housing > parts of a home,nikl-2024-mirror,https://huggingface.co/datasets/binjang/NIKL-korean-english-dictionary/resolve/3b4cfd2126debfd5440cade3ef6c2a3c20cf7cf9/2024_01.csv#record=48408,NIKL source band: advanced; project heuristic TOPIK 5: professional and social category; not an official per-grade list
ko-nikl-48413,온수,,Warm water.,noun,food > drinks,nikl-2024-mirror,https://huggingface.co/datasets/binjang/NIKL-korean-english-dictionary/resolve/3b4cfd2126debfd5440cade3ef6c2a3c20cf7cf9/2024_01.csv#record=48413,NIKL source band: advanced; project heuristic TOPIK 5: professional and social category; not an official per-grade list
ko-nikl-48424,온전하다,,Something being intact as it originally was. / Perfect or accurate without any flaw.,descriptive verb,concepts > shape,nikl-2024-mirror,https://huggingface.co/datasets/binjang/NIKL-korean-english-dictionary/resolve/3b4cfd2126debfd5440cade3ef6c2a3c20cf7cf9/2024_01.csv#record=48424,NIKL source band: advanced; project heuristic TOPIK 5: professional and social category; not an official per-grade list
ko-nikl-48503,옷감,,Fabric used for making clothes.,noun,clothing and appearance > fabric,nikl-2024-mirror,https://huggingface.co/datasets/binjang/NIKL-korean-english-dictionary/resolve/3b4cfd2126debfd5440cade3ef6c2a3c20cf7cf9/2024_01.csv#record=48503,NIKL source band: advanced; project heuristic TOPIK 5: professional and social category; not an official per-grade list
ko-nikl-48506,옷깃,,"collar: The loop-shaped part of a jeogori, a Korean upper garment, or a durumagi, a Korean outer garment, that encircles the neck and is closed at the front. / The long, attached part of an upper garment that encircles the neck.",noun,clothing and appearance > clothing parts,nikl-2024-mirror,https://huggingface.co/datasets/binjang/NIKL-korean-english-dictionary/resolve/3b4cfd2126debfd5440cade3ef6c2a3c20cf7cf9/2024_01.csv#record=48506,NIKL source band: advanced; project heuristic TOPIK 5: professional and social category; not an official per-grade list
ko-nikl-48512,옷자락,,"The lower part of clothes which is turned under and sewn in place, especially when talking about a skirt or a pair of trousers.",noun,clothing and appearance > clothing parts,nikl-2024-mirror,https://huggingface.co/datasets/binjang/NIKL-korean-english-dictionary/resolve/3b4cfd2126debfd5440cade3ef6c2a3c20cf7cf9/2024_01.csv#record=48512,NIKL source band: advanced; project heuristic TOPIK 5: professional and social category; not an official per-grade list
ko-nikl-48605,완만하다,,A movement being slow. / A slope being not sharp.,descriptive verb,concepts > shape,nikl-2024-mirror,https://huggingface.co/datasets/binjang/NIKL-korean-english-dictionary/resolve/3b4cfd2126debfd5440cade3ef6c2a3c20cf7cf9/2024_01.csv#record=48605,NIKL source band: advanced; project heuristic TOPIK 5: professional and social category; not an official per-grade list
ko-nikl-48642,완치,,The act of curing a disease completely.,noun,daily life > medical treatment,nikl-2024-mirror,https://huggingface.co/datasets/binjang/NIKL-korean-english-dictionary/resolve/3b4cfd2126debfd5440cade3ef6c2a3c20cf7cf9/2024_01.csv#record=48642,NIKL source band: advanced; project heuristic TOPIK 5: professional and social category; not an official per-grade list
ko-nikl-48645,완쾌,,The state of completely recovering from a disease.,noun,daily life > medical treatment,nikl-2024-mirror,https://huggingface.co/datasets/binjang/NIKL-korean-english-dictionary/resolve/3b4cfd2126debfd5440cade3ef6c2a3c20cf7cf9/2024_01.csv#record=48645,NIKL source band: advanced; project heuristic TOPIK 5: professional and social category; not an official per-grade list
ko-nikl-48689,왕따,,"The act of ostracizing or bullying a person whom one dislikes or hates, or the person that is ostracized or bullied.",noun,social life > social conditions,nikl-2024-mirror,https://huggingface.co/datasets/binjang/NIKL-korean-english-dictionary/resolve/3b4cfd2126debfd5440cade3ef6c2a3c20cf7cf9/2024_01.csv#record=48689,NIKL source band: advanced; project heuristic TOPIK 5: professional and social category; not an official per-grade list
ko-nikl-48690,왕래,,A state in which people come and go. / An act of exchanging visits as a way of maintaining friendship.,noun,social life > social activities,nikl-2024-mirror,https://huggingface.co/datasets/binjang/NIKL-korean-english-dictionary/resolve/3b4cfd2126debfd5440cade3ef6c2a3c20cf7cf9/2024_01.csv#record=48690,NIKL source band: advanced; project heuristic TOPIK 5: professional and social category; not an official per-grade list
ko-nikl-48734,왜소하다,,Small in stature.,descriptive verb,concepts > shape,nikl-2024-mirror,https://huggingface.co/datasets/binjang/NIKL-korean-english-dictionary/resolve/3b4cfd2126debfd5440cade3ef6c2a3c20cf7cf9/2024_01.csv#record=48734,NIKL source band: advanced; project heuristic TOPIK 5: professional and social category; not an official per-grade list
ko-nikl-48789,외동딸,,(endearing) The only daughter in a family without any other children. / (endearing) The only daughter in a family without any other daughters.,noun,people > types of people,nikl-2024-mirror,https://huggingface.co/datasets/binjang/NIKL-korean-english-dictionary/resolve/3b4cfd2126debfd5440cade3ef6c2a3c20cf7cf9/2024_01.csv#record=48789,NIKL source band: advanced; project heuristic TOPIK 5: professional and social category; not an official per-grade list
ko-nikl-48790,외동아들,,(endearing) The only son in a family without any other children. / (endearing) The only son in a family without any other sons.,noun,people > types of people,nikl-2024-mirror,https://huggingface.co/datasets/binjang/NIKL-korean-english-dictionary/resolve/3b4cfd2126debfd5440cade3ef6c2a3c20cf7cf9/2024_01.csv#record=48790,NIKL source band: advanced; project heuristic TOPIK 5: professional and social category; not an official per-grade list
ko-nikl-48840,외식비,,Money spent on eating out.,noun,economy > financial instruments,nikl-2024-mirror,https://huggingface.co/datasets/binjang/NIKL-korean-english-dictionary/resolve/3b4cfd2126debfd5440cade3ef6c2a3c20cf7cf9/2024_01.csv#record=48840,NIKL source band: advanced; project heuristic TOPIK 5: professional and social category; not an official per-grade list
ko-nikl-48842,외신,,"News from a foreign source, which has been relayed to a nation's domestic news outlets.",noun,social life > telecommunications,nikl-2024-mirror,https://huggingface.co/datasets/binjang/NIKL-korean-english-dictionary/resolve/3b4cfd2126debfd5440cade3ef6c2a3c20cf7cf9/2024_01.csv#record=48842,NIKL source band: advanced; project heuristic TOPIK 5: professional and social category; not an official per-grade list
ko-nikl-48846,외양,,Outward look.,noun,people > appearance,nikl-2024-mirror,https://huggingface.co/datasets/binjang/NIKL-korean-english-dictionary/resolve/3b4cfd2126debfd5440cade3ef6c2a3c20cf7cf9/2024_01.csv#record=48846,NIKL source band: advanced; project heuristic TOPIK 5: professional and social category; not an official per-grade list
ko-nikl-48851,외유내강,,"A person looking gentle and mild in appearance but who is, in fact, strong and tough in spirit.",noun,people > personality,nikl-2024-mirror,https://huggingface.co/datasets/binjang/NIKL-korean-english-dictionary/resolve/3b4cfd2126debfd5440cade3ef6c2a3c20cf7cf9/2024_01.csv#record=48851,NIKL source band: advanced; project heuristic TOPIK 5: professional and social category; not an official per-grade list
ko-nikl-48861,외제,,A product manufactured abroad.,noun,economy > economic activities,nikl-2024-mirror,https://huggingface.co/datasets/binjang/NIKL-korean-english-dictionary/resolve/3b4cfd2126debfd5440cade3ef6c2a3c20cf7cf9/2024_01.csv#record=48861,NIKL source band: advanced; project heuristic TOPIK 5: professional and social category; not an official per-grade list
ko-nikl-48897,외향적,,The outward appearance of someone or something. / The act of revealing one's thoughts or intentions.,noun,people > personality,nikl-2024-mirror,https://huggingface.co/datasets/binjang/NIKL-korean-english-dictionary/resolve/3b4cfd2126debfd5440cade3ef6c2a3c20cf7cf9/2024_01.csv#record=48897,NIKL source band: advanced; project heuristic TOPIK 5: professional and social category; not an official per-grade list
ko-nikl-48899,외형,,The outer appearance of an object. / The circumstances revealed outwardly.,noun,concepts > shape,nikl-2024-mirror,https://huggingface.co/datasets/binjang/NIKL-korean-english-dictionary/resolve/3b4cfd2126debfd5440cade3ef6c2a3c20cf7cf9/2024_01.csv#record=48899,NIKL source band: advanced; project heuristic TOPIK 5: professional and social category; not an official per-grade list
ko-nikl-48900,외형적,,A state of relating to the outer shape of an object.,noun,concepts > shape,nikl-2024-mirror,https://huggingface.co/datasets/binjang/NIKL-korean-english-dictionary/resolve/3b4cfd2126debfd5440cade3ef6c2a3c20cf7cf9/2024_01.csv#record=48900,NIKL source band: advanced; project heuristic TOPIK 5: professional and social category; not an official per-grade list
ko-nikl-48902,외화,,The money of foreign countries. / The money or goods imported from foreign countries.,noun,economy > financial instruments,nikl-2024-mirror,https://huggingface.co/datasets/binjang/NIKL-korean-english-dictionary/resolve/3b4cfd2126debfd5440cade3ef6c2a3c20cf7cf9/2024_01.csv#record=48902,NIKL source band: advanced; project heuristic TOPIK 5: professional and social category; not an official per-grade list
ko-nikl-48904,외환,,"A bill used for transactions with other countries, which is issued in one place and paid in another.",noun,economy > financial instruments,nikl-2024-mirror,https://huggingface.co/datasets/binjang/NIKL-korean-english-dictionary/resolve/3b4cfd2126debfd5440cade3ef6c2a3c20cf7cf9/2024_01.csv#record=48904,NIKL source band: advanced; project heuristic TOPIK 5: professional and social category; not an official per-grade list
ko-nikl-49036,요양,,The act of taking care of your health and receiving medical care while relaxing.,noun,daily life > medical treatment,nikl-2024-mirror,https://huggingface.co/datasets/binjang/NIKL-korean-english-dictionary/resolve/3b4cfd2126debfd5440cade3ef6c2a3c20cf7cf9/2024_01.csv#record=49036,NIKL source band: advanced; project heuristic TOPIK 5: professional and social category; not an official per-grade list
ko-nikl-49038,요양원,,An institution complete with an array of facilities that allow the sick to take care of their health and receive medical care while taking a rest.,noun,daily life > health facilities,nikl-2024-mirror,https://huggingface.co/datasets/binjang/NIKL-korean-english-dictionary/resolve/3b4cfd2126debfd5440cade3ef6c2a3c20cf7cf9/2024_01.csv#record=49038,NIKL source band: advanced; project heuristic TOPIK 5: professional and social category; not an official per-grade list
ko-nikl-49078,요트,,"A light-weight, speedy, small western boat used for a cruise, voyage, race, etc.",noun,social life > transport,nikl-2024-mirror,https://huggingface.co/datasets/binjang/NIKL-korean-english-dictionary/resolve/3b4cfd2126debfd5440cade3ef6c2a3c20cf7cf9/2024_01.csv#record=49078,NIKL source band: advanced; project heuristic TOPIK 5: professional and social category; not an official per-grade list
ko-nikl-49085,욕구,,The act of hoping to gain or do something.,noun,people > emotions,nikl-2024-mirror,https://huggingface.co/datasets/binjang/NIKL-korean-english-dictionary/resolve/3b4cfd2126debfd5440cade3ef6c2a3c20cf7cf9/2024_01.csv#record=49085,NIKL source band: advanced; project heuristic TOPIK 5: professional and social category; not an official per-grade list
ko-nikl-49125,용기,,A container for holding things.,noun,food > cooking tools,nikl-2024-mirror,https://huggingface.co/datasets/binjang/NIKL-korean-english-dictionary/resolve/3b4cfd2126debfd5440cade3ef6c2a3c20cf7cf9/2024_01.csv#record=49125,NIKL source band: advanced; project heuristic TOPIK 5: professional and social category; not an official per-grade list
ko-nikl-49144,용모,,Facial appearance.,noun,people > appearance,nikl-2024-mirror,https://huggingface.co/datasets/binjang/NIKL-korean-english-dictionary/resolve/3b4cfd2126debfd5440cade3ef6c2a3c20cf7cf9/2024_01.csv#record=49144,NIKL source band: advanced; project heuristic TOPIK 5: professional and social category; not an official per-grade list
ko-nikl-49180,용지,,Paper used for something.,noun,education > learning materials,nikl-2024-mirror,https://huggingface.co/datasets/binjang/NIKL-korean-english-dictionary/resolve/3b4cfd2126debfd5440cade3ef6c2a3c20cf7cf9/2024_01.csv#record=49180,NIKL source band: advanced; project heuristic TOPIK 5: professional and social category; not an official per-grade list
ko-nikl-49185,용하다,,One's talent being outstanding and special. / Admirable and creditable. / Very fortunate.,descriptive verb,people > abilities,nikl-2024-mirror,https://huggingface.co/datasets/binjang/NIKL-korean-english-dictionary/resolve/3b4cfd2126debfd5440cade3ef6c2a3c20cf7cf9/2024_01.csv#record=49185,NIKL source band: advanced; project heuristic TOPIK 5: professional and social category; not an official per-grade list
ko-nikl-49218,우뇌,,The right side of a brain.,noun,people > body parts,nikl-2024-mirror,https://huggingface.co/datasets/binjang/NIKL-korean-english-dictionary/resolve/3b4cfd2126debfd5440cade3ef6c2a3c20cf7cf9/2024_01.csv#record=49218,NIKL source band: advanced; project heuristic TOPIK 5: professional and social category; not an official per-grade list
ko-nikl-49225,우대,,The act of giving someone special treatment; such treatment.,noun,social life > social activities,nikl-2024-mirror,https://huggingface.co/datasets/binjang/NIKL-korean-english-dictionary/resolve/3b4cfd2126debfd5440cade3ef6c2a3c20cf7cf9/2024_01.csv#record=49225,NIKL source band: advanced; project heuristic TOPIK 5: professional and social category; not an official per-grade list
ko-nikl-49247,우량,,"A state of being good in terms of quality, condition, etc.",noun,people > abilities,nikl-2024-mirror,https://huggingface.co/datasets/binjang/NIKL-korean-english-dictionary/resolve/3b4cfd2126debfd5440cade3ef6c2a3c20cf7cf9/2024_01.csv#record=49247,NIKL source band: advanced; project heuristic TOPIK 5: professional and social category; not an official per-grade list
ko-nikl-49255,우렁차다,,The reverberation of a sound being very powerful and heavy. / Very powerful and vigorous.,descriptive verb,people > abilities,nikl-2024-mirror,https://huggingface.co/datasets/binjang/NIKL-korean-english-dictionary/resolve/3b4cfd2126debfd5440cade3ef6c2a3c20cf7cf9/2024_01.csv#record=49255,NIKL source band: advanced; project heuristic TOPIK 5: professional and social category; not an official per-grade list
ko-nikl-49324,우세,,The state of being more powerful or capable than others; such power or ability.,noun,people > abilities,nikl-2024-mirror,https://huggingface.co/datasets/binjang/NIKL-korean-english-dictionary/resolve/3b4cfd2126debfd5440cade3ef6c2a3c20cf7cf9/2024_01.csv#record=49324,NIKL source band: advanced; project heuristic TOPIK 5: professional and social category; not an official per-grade list
ko-nikl-49334,우수성,,The quality of being outstanding among many.,noun,people > abilities,nikl-2024-mirror,https://huggingface.co/datasets/binjang/NIKL-korean-english-dictionary/resolve/3b4cfd2126debfd5440cade3ef6c2a3c20cf7cf9/2024_01.csv#record=49334,NIKL source band: advanced; project heuristic TOPIK 5: professional and social category; not an official per-grade list
ko-nikl-49341,우스꽝스럽다,,"Funny because one's remarks, behavior, appearance, etc., are not ordinary. / Somewhat funny because something or someone is very foolish.",descriptive verb,concepts > shape,nikl-2024-mirror,https://huggingface.co/datasets/binjang/NIKL-korean-english-dictionary/resolve/3b4cfd2126debfd5440cade3ef6c2a3c20cf7cf9/2024_01.csv#record=49341,NIKL source band: advanced; project heuristic TOPIK 5: professional and social category; not an official per-grade list
ko-nikl-49358,우여곡절,,"Circumstances which are complicated, not smooth.",noun,daily life > life circumstances,nikl-2024-mirror,https://huggingface.co/datasets/binjang/NIKL-korean-english-dictionary/resolve/3b4cfd2126debfd5440cade3ef6c2a3c20cf7cf9/2024_01.csv#record=49358,NIKL source band: advanced; project heuristic TOPIK 5: professional and social category; not an official per-grade list
ko-nikl-49366,우열,,The state of being better and being worse.,noun,people > abilities,nikl-2024-mirror,https://huggingface.co/datasets/binjang/NIKL-korean-english-dictionary/resolve/3b4cfd2126debfd5440cade3ef6c2a3c20cf7cf9/2024_01.csv#record=49366,NIKL source band: advanced; project heuristic TOPIK 5: professional and social category; not an official per-grade list
ko-nikl-49374,우울증,,The state of feeling so sad and frustrated as to be cheerless.,noun,daily life > illness and symptoms,nikl-2024-mirror,https://huggingface.co/datasets/binjang/NIKL-korean-english-dictionary/resolve/3b4cfd2126debfd5440cade3ef6c2a3c20cf7cf9/2024_01.csv#record=49374,NIKL source band: advanced; project heuristic TOPIK 5: professional and social category; not an official per-grade list
ko-nikl-49376,우월,,The state of being more excellent than others.,noun,people > abilities,nikl-2024-mirror,https://huggingface.co/datasets/binjang/NIKL-korean-english-dictionary/resolve/3b4cfd2126debfd5440cade3ef6c2a3c20cf7cf9/2024_01.csv#record=49376,NIKL source band: advanced; project heuristic TOPIK 5: professional and social category; not an official per-grade list
ko-nikl-49380,우위,,A more prominent position or level than others.,noun,people > abilities,nikl-2024-mirror,https://huggingface.co/datasets/binjang/NIKL-korean-english-dictionary/resolve/3b4cfd2126debfd5440cade3ef6c2a3c20cf7cf9/2024_01.csv#record=49380,NIKL source band: advanced; project heuristic TOPIK 5: professional and social category; not an official per-grade list
ko-nikl-49383,우유부단,,The character of hesitating to make a decision.,noun,people > attitudes,nikl-2024-mirror,https://huggingface.co/datasets/binjang/NIKL-korean-english-dictionary/resolve/3b4cfd2126debfd5440cade3ef6c2a3c20cf7cf9/2024_01.csv#record=49383,NIKL source band: advanced; project heuristic TOPIK 5: professional and social category; not an official per-grade list
ko-nikl-49406,우직하다,,"Silly, inflexible, and stubborn.",descriptive verb,people > personality,nikl-2024-mirror,https://huggingface.co/datasets/binjang/NIKL-korean-english-dictionary/resolve/3b4cfd2126debfd5440cade3ef6c2a3c20cf7cf9/2024_01.csv#record=49406,NIKL source band: advanced; project heuristic TOPIK 5: professional and social category; not an official per-grade list
ko-nikl-49431,우호적,,Individuals or countries being on good terms with each other.,noun,people > attitudes,nikl-2024-mirror,https://huggingface.co/datasets/binjang/NIKL-korean-english-dictionary/resolve/3b4cfd2126debfd5440cade3ef6c2a3c20cf7cf9/2024_01.csv#record=49431,NIKL source band: advanced; project heuristic TOPIK 5: professional and social category; not an official per-grade list
ko-nikl-49490,운송,,The act of sending people or goods in a vehicle.,noun,economy > economic activities,nikl-2024-mirror,https://huggingface.co/datasets/binjang/NIKL-korean-english-dictionary/resolve/3b4cfd2126debfd5440cade3ef6c2a3c20cf7cf9/2024_01.csv#record=49490,NIKL source band: advanced; project heuristic TOPIK 5: professional and social category; not an official per-grade list
ko-nikl-49499,운수업,,A business that carries people or things on a large scale.,noun,social life > occupations,nikl-2024-mirror,https://huggingface.co/datasets/binjang/NIKL-korean-english-dictionary/resolve/3b4cfd2126debfd5440cade3ef6c2a3c20cf7cf9/2024_01.csv#record=49499,NIKL source band: advanced; project heuristic TOPIK 5: professional and social category; not an official per-grade list
ko-nikl-49528,운전자,,A person who drives a car.,noun,people > types of people,nikl-2024-mirror,https://huggingface.co/datasets/binjang/NIKL-korean-english-dictionary/resolve/3b4cfd2126debfd5440cade3ef6c2a3c20cf7cf9/2024_01.csv#record=49528,NIKL source band: advanced; project heuristic TOPIK 5: professional and social category; not an official per-grade list
ko-nikl-49534,운항,,A ship or airplane coming and going along a preset route or to a destination.,noun,social life > travel actions,nikl-2024-mirror,https://huggingface.co/datasets/binjang/NIKL-korean-english-dictionary/resolve/3b4cfd2126debfd5440cade3ef6c2a3c20cf7cf9/2024_01.csv#record=49534,NIKL source band: advanced; project heuristic TOPIK 5: professional and social category; not an official per-grade list
ko-nikl-49565,울먹이다,,To be about to cry.,verb,people > physical actions,nikl-2024-mirror,https://huggingface.co/datasets/binjang/NIKL-korean-english-dictionary/resolve/3b4cfd2126debfd5440cade3ef6c2a3c20cf7cf9/2024_01.csv#record=49565,NIKL source band: advanced; project heuristic TOPIK 5: professional and social category; not an official per-grade list
ko-nikl-49569,울부짖다,,To make a loud noise while crying hard. / For the wind or waves to make a loud noise.,verb,people > physical actions,nikl-2024-mirror,https://huggingface.co/datasets/binjang/NIKL-korean-english-dictionary/resolve/3b4cfd2126debfd5440cade3ef6c2a3c20cf7cf9/2024_01.csv#record=49569,NIKL source band: advanced; project heuristic TOPIK 5: professional and social category; not an official per-grade list
ko-nikl-49583,울타리,,A structure made by weaving grass or wood that is used in place of a wall to mark the border of a certain space.,noun,housing > parts of a home,nikl-2024-mirror,https://huggingface.co/datasets/binjang/NIKL-korean-english-dictionary/resolve/3b4cfd2126debfd5440cade3ef6c2a3c20cf7cf9/2024_01.csv#record=49583,NIKL source band: advanced; project heuristic TOPIK 5: professional and social category; not an official per-grade list
ko-nikl-49588,울퉁불퉁하다,,"The surface of something being protruded or hollow here and there, and thus uneven.",descriptive verb,concepts > shape,nikl-2024-mirror,https://huggingface.co/datasets/binjang/NIKL-korean-english-dictionary/resolve/3b4cfd2126debfd5440cade3ef6c2a3c20cf7cf9/2024_01.csv#record=49588,NIKL source band: advanced; project heuristic TOPIK 5: professional and social category; not an official per-grade list
ko-nikl-49609,움츠리다,,To make one's body or a part of the body retract and become smaller. / To be dispirited or downhearted by someone's strong energy.,verb,people > physical actions,nikl-2024-mirror,https://huggingface.co/datasets/binjang/NIKL-korean-english-dictionary/resolve/3b4cfd2126debfd5440cade3ef6c2a3c20cf7cf9/2024_01.csv#record=49609,NIKL source band: advanced; project heuristic TOPIK 5: professional and social category; not an official per-grade list
ko-nikl-49610,움켜잡다,,To hold something tight by clenching one's fists.,verb,people > physical actions,nikl-2024-mirror,https://huggingface.co/datasets/binjang/NIKL-korean-english-dictionary/resolve/3b4cfd2126debfd5440cade3ef6c2a3c20cf7cf9/2024_01.csv#record=49610,NIKL source band: advanced; project heuristic TOPIK 5: professional and social category; not an official per-grade list
ko-nikl-49611,움켜쥐다,,To hold something tight in one's hand and not release it by clenching one's fists. / To hold and handle something freely.,verb,people > physical actions,nikl-2024-mirror,https://huggingface.co/datasets/binjang/NIKL-korean-english-dictionary/resolve/3b4cfd2126debfd5440cade3ef6c2a3c20cf7cf9/2024_01.csv#record=49611,NIKL source band: advanced; project heuristic TOPIK 5: professional and social category; not an official per-grade list
ko-nikl-49658,웅장하다,,"The size of something being very large, or its atmosphere being imposing.",descriptive verb,concepts > shape,nikl-2024-mirror,https://huggingface.co/datasets/binjang/NIKL-korean-english-dictionary/resolve/3b4cfd2126debfd5440cade3ef6c2a3c20cf7cf9/2024_01.csv#record=49658,NIKL source band: advanced; project heuristic TOPIK 5: professional and social category; not an official per-grade list
ko-nikl-49659,웅크리다,,To bend one's body inwards to become smaller.,verb,people > physical actions,nikl-2024-mirror,https://huggingface.co/datasets/binjang/NIKL-korean-english-dictionary/resolve/3b4cfd2126debfd5440cade3ef6c2a3c20cf7cf9/2024_01.csv#record=49659,NIKL source band: advanced; project heuristic TOPIK 5: professional and social category; not an official per-grade list
ko-nikl-49671,원가,,The price equal to the addition of all the expenses incurred from the point of the manufacturing of a product to that of selling it. / The initial price at which a product is bought.,noun,economy > financial instruments,nikl-2024-mirror,https://huggingface.co/datasets/binjang/NIKL-korean-english-dictionary/resolve/3b4cfd2126debfd5440cade3ef6c2a3c20cf7cf9/2024_01.csv#record=49671,NIKL source band: advanced; project heuristic TOPIK 5: professional and social category; not an official per-grade list
ko-nikl-49685,원금,,The initial amount of money borrowed or lent without additional interest.,noun,economy > financial instruments,nikl-2024-mirror,https://huggingface.co/datasets/binjang/NIKL-korean-english-dictionary/resolve/3b4cfd2126debfd5440cade3ef6c2a3c20cf7cf9/2024_01.csv#record=49685,NIKL source band: advanced; project heuristic TOPIK 5: professional and social category; not an official per-grade list
ko-nikl-49711,원망,,The state of blaming or hating someone because one is displeased with something.,noun,people > emotions,nikl-2024-mirror,https://huggingface.co/datasets/binjang/NIKL-korean-english-dictionary/resolve/3b4cfd2126debfd5440cade3ef6c2a3c20cf7cf9/2024_01.csv#record=49711,NIKL source band: advanced; project heuristic TOPIK 5: professional and social category; not an official per-grade list
ko-nikl-49740,원수,,A person or group that caused one harm in a way that makes him/her indignant and frustrated with a lingering resentment.,noun,social life > interpersonal relationships,nikl-2024-mirror,https://huggingface.co/datasets/binjang/NIKL-korean-english-dictionary/resolve/3b4cfd2126debfd5440cade3ef6c2a3c20cf7cf9/2024_01.csv#record=49740,NIKL source band: advanced; project heuristic TOPIK 5: professional and social category; not an official per-grade list
ko-nikl-49748,원시,,The first time when something begins. / The state that remains the same since beginning without making any progress.,noun,concepts > time,nikl-2024-mirror,https://huggingface.co/datasets/binjang/NIKL-korean-english-dictionary/resolve/3b4cfd2126debfd5440cade3ef6c2a3c20cf7cf9/2024_01.csv#record=49748,NIKL source band: advanced; project heuristic TOPIK 5: professional and social category; not an official per-grade list
ko-nikl-49768,원어민,,A person whose mother tongue is a specific language.,noun,people > types of people,nikl-2024-mirror,https://huggingface.co/datasets/binjang/NIKL-korean-english-dictionary/resolve/3b4cfd2126debfd5440cade3ef6c2a3c20cf7cf9/2024_01.csv#record=49768,NIKL source band: advanced; project heuristic TOPIK 5: professional and social category; not an official per-grade list
ko-nikl-49787,원장,,"The director or head of an institution, such as a kindergarten or hospital.",noun,social life > job positions,nikl-2024-mirror,https://huggingface.co/datasets/binjang/NIKL-korean-english-dictionary/resolve/3b4cfd2126debfd5440cade3ef6c2a3c20cf7cf9/2024_01.csv#record=49787,NIKL source band: advanced; project heuristic TOPIK 5: professional and social category; not an official per-grade list
ko-nikl-49801,원조,,"The act of helping someone or a group in difficulty by giving them things or money, etc.",noun,economy > economic activities,nikl-2024-mirror,https://huggingface.co/datasets/binjang/NIKL-korean-english-dictionary/resolve/3b4cfd2126debfd5440cade3ef6c2a3c20cf7cf9/2024_01.csv#record=49801,NIKL source band: advanced; project heuristic TOPIK 5: professional and social category; not an official per-grade list
ko-nikl-49806,원주민,,The original inhabitants in a certain region.,noun,people > types of people,nikl-2024-mirror,https://huggingface.co/datasets/binjang/NIKL-korean-english-dictionary/resolve/3b4cfd2126debfd5440cade3ef6c2a3c20cf7cf9/2024_01.csv#record=49806,NIKL source band: advanced; project heuristic TOPIK 5: professional and social category; not an official per-grade list
ko-nikl-49832,원형,,"The first shape or form of something. / A simple form of something before it develops into complicated, various forms. / The basic form of a conjugational form, such as a verb and an adjective.",noun,concepts > shape,nikl-2024-mirror,https://huggingface.co/datasets/binjang/NIKL-korean-english-dictionary/resolve/3b4cfd2126debfd5440cade3ef6c2a3c20cf7cf9/2024_01.csv#record=49832,NIKL source band: advanced; project heuristic TOPIK 5: professional and social category; not an official per-grade list
ko-nikl-49833,원형,,A round shape.,noun,concepts > shape,nikl-2024-mirror,https://huggingface.co/datasets/binjang/NIKL-korean-english-dictionary/resolve/3b4cfd2126debfd5440cade3ef6c2a3c20cf7cf9/2024_01.csv#record=49833,NIKL source band: advanced; project heuristic TOPIK 5: professional and social category; not an official per-grade list
ko-nikl-49835,원화,,The currency of Korea using won as its basic unit.,noun,economy > financial instruments,nikl-2024-mirror,https://huggingface.co/datasets/binjang/NIKL-korean-english-dictionary/resolve/3b4cfd2126debfd5440cade3ef6c2a3c20cf7cf9/2024_01.csv#record=49835,NIKL source band: advanced; project heuristic TOPIK 5: professional and social category; not an official per-grade list
ko-nikl-49843,월간,,"The act of publishing a book, etc., once a month. / A magazine that is published once a month.",noun,concepts > time,nikl-2024-mirror,https://huggingface.co/datasets/binjang/NIKL-korean-english-dictionary/resolve/3b4cfd2126debfd5440cade3ef6c2a3c20cf7cf9/2024_01.csv#record=49843,NIKL source band: advanced; project heuristic TOPIK 5: professional and social category; not an official per-grade list
ko-nikl-49887,월차,,A state in which one's turn comes every month; or a leave allowed every month.,noun,concepts > time,nikl-2024-mirror,https://huggingface.co/datasets/binjang/NIKL-korean-english-dictionary/resolve/3b4cfd2126debfd5440cade3ef6c2a3c20cf7cf9/2024_01.csv#record=49887,NIKL source band: advanced; project heuristic TOPIK 5: professional and social category; not an official per-grade list
ko-nikl-49911,위계질서,,An order or sequence of turns that one is expected to follow in vertical relationships among people of different ranks or position.,noun,social life > social conditions,nikl-2024-mirror,https://huggingface.co/datasets/binjang/NIKL-korean-english-dictionary/resolve/3b4cfd2126debfd5440cade3ef6c2a3c20cf7cf9/2024_01.csv#record=49911,NIKL source band: advanced; project heuristic TOPIK 5: professional and social category; not an official per-grade list
ko-nikl-49921,위독하다,,One's life being in danger due to serious illness or injury.,descriptive verb,daily life > illness and symptoms,nikl-2024-mirror,https://huggingface.co/datasets/binjang/NIKL-korean-english-dictionary/resolve/3b4cfd2126debfd5440cade3ef6c2a3c20cf7cf9/2024_01.csv#record=49921,NIKL source band: advanced; project heuristic TOPIK 5: professional and social category; not an official per-grade list
ko-nikl-49923,위력,,A state of being powerful enough to beat another person and make him/her helpless; or such a power.,noun,people > abilities,nikl-2024-mirror,https://huggingface.co/datasets/binjang/NIKL-korean-english-dictionary/resolve/3b4cfd2126debfd5440cade3ef6c2a3c20cf7cf9/2024_01.csv#record=49923,NIKL source band: advanced; project heuristic TOPIK 5: professional and social category; not an official per-grade list
ko-nikl-49953,위생적,,The state of meeting criteria to be beneficial to or good for health.,noun,housing > housing conditions,nikl-2024-mirror,https://huggingface.co/datasets/binjang/NIKL-korean-english-dictionary/resolve/3b4cfd2126debfd5440cade3ef6c2a3c20cf7cf9/2024_01.csv#record=49953,NIKL source band: advanced; project heuristic TOPIK 5: professional and social category; not an official per-grade list
ko-nikl-49972,위안,,The act of soothing someone and easing his/her mind.,noun,social life > social activities,nikl-2024-mirror,https://huggingface.co/datasets/binjang/NIKL-korean-english-dictionary/resolve/3b4cfd2126debfd5440cade3ef6c2a3c20cf7cf9/2024_01.csv#record=49972,NIKL source band: advanced; project heuristic TOPIK 5: professional and social category; not an official per-grade list
ko-nikl-49977,위암,,A cancer developing in the stomach.,noun,daily life > illness and symptoms,nikl-2024-mirror,https://huggingface.co/datasets/binjang/NIKL-korean-english-dictionary/resolve/3b4cfd2126debfd5440cade3ef6c2a3c20cf7cf9/2024_01.csv#record=49977,NIKL source band: advanced; project heuristic TOPIK 5: professional and social category; not an official per-grade list
ko-nikl-49992,위염,,"An inflammation developing in the stomach, or a disease due to such an inflammation.",noun,daily life > illness and symptoms,nikl-2024-mirror,https://huggingface.co/datasets/binjang/NIKL-korean-english-dictionary/resolve/3b4cfd2126debfd5440cade3ef6c2a3c20cf7cf9/2024_01.csv#record=49992,NIKL source band: advanced; project heuristic TOPIK 5: professional and social category; not an official per-grade list
ko-nikl-49997,위인,,A person who made great achievements or lived a respectable life.,noun,people > types of people,nikl-2024-mirror,https://huggingface.co/datasets/binjang/NIKL-korean-english-dictionary/resolve/3b4cfd2126debfd5440cade3ef6c2a3c20cf7cf9/2024_01.csv#record=49997,NIKL source band: advanced; project heuristic TOPIK 5: professional and social category; not an official per-grade list
ko-nikl-49998,위인,,A person as judged by his/her character.,noun,people > types of people,nikl-2024-mirror,https://huggingface.co/datasets/binjang/NIKL-korean-english-dictionary/resolve/3b4cfd2126debfd5440cade3ef6c2a3c20cf7cf9/2024_01.csv#record=49998,NIKL source band: advanced; project heuristic TOPIK 5: professional and social category; not an official per-grade list
ko-nikl-50070,위화감,,A feeling of not being in harmony and mixing well with another.,noun,people > emotions,nikl-2024-mirror,https://huggingface.co/datasets/binjang/NIKL-korean-english-dictionary/resolve/3b4cfd2126debfd5440cade3ef6c2a3c20cf7cf9/2024_01.csv#record=50070,NIKL source band: advanced; project heuristic TOPIK 5: professional and social category; not an official per-grade list
ko-nikl-50101,유가,,The price of petroleum.,noun,economy > financial instruments,nikl-2024-mirror,https://huggingface.co/datasets/binjang/NIKL-korean-english-dictionary/resolve/3b4cfd2126debfd5440cade3ef6c2a3c20cf7cf9/2024_01.csv#record=50101,NIKL source band: advanced; project heuristic TOPIK 5: professional and social category; not an official per-grade list
ko-nikl-50140,유난스럽다,,"A state, one's personality, behavior, etc., being rather uncommon.",descriptive verb,people > attitudes,nikl-2024-mirror,https://huggingface.co/datasets/binjang/NIKL-korean-english-dictionary/resolve/3b4cfd2126debfd5440cade3ef6c2a3c20cf7cf9/2024_01.csv#record=50140,NIKL source band: advanced; project heuristic TOPIK 5: professional and social category; not an official per-grade list
ko-nikl-50154,유대감,,The feeling of being closely connected or combined and being understood well.,noun,social life > social activities,nikl-2024-mirror,https://huggingface.co/datasets/binjang/NIKL-korean-english-dictionary/resolve/3b4cfd2126debfd5440cade3ef6c2a3c20cf7cf9/2024_01.csv#record=50154,NIKL source band: advanced; project heuristic TOPIK 5: professional and social category; not an official per-grade list
ko-nikl-50157,유도,,"A sport consisting of two players grabbing each other, in which each player tries to push down, force their opponent to submit, or pin the other player to win.",noun,daily life > leisure activities,nikl-2024-mirror,https://huggingface.co/datasets/binjang/NIKL-korean-english-dictionary/resolve/3b4cfd2126debfd5440cade3ef6c2a3c20cf7cf9/2024_01.csv#record=50157,NIKL source band: advanced; project heuristic TOPIK 5: professional and social category; not an official per-grade list
ko-nikl-50260,유사,,The state of being similar to each other.,noun,concepts > shape,nikl-2024-mirror,https://huggingface.co/datasets/binjang/NIKL-korean-english-dictionary/resolve/3b4cfd2126debfd5440cade3ef6c2a3c20cf7cf9/2024_01.csv#record=50260,NIKL source band: advanced; project heuristic TOPIK 5: professional and social category; not an official per-grade list
ko-nikl-50296,유식하다,,Having much knowledge from learning.,descriptive verb,people > abilities,nikl-2024-mirror,https://huggingface.co/datasets/binjang/NIKL-korean-english-dictionary/resolve/3b4cfd2126debfd5440cade3ef6c2a3c20cf7cf9/2024_01.csv#record=50296,NIKL source band: advanced; project heuristic TOPIK 5: professional and social category; not an official per-grade list
ko-nikl-50308,유아,,A young child before school age.,noun,people > types of people,nikl-2024-mirror,https://huggingface.co/datasets/binjang/NIKL-korean-english-dictionary/resolve/3b4cfd2126debfd5440cade3ef6c2a3c20cf7cf9/2024_01.csv#record=50308,NIKL source band: advanced; project heuristic TOPIK 5: professional and social category; not an official per-grade list
ko-nikl-50328,유연성,,A smooth and tender trait.,noun,people > physical condition,nikl-2024-mirror,https://huggingface.co/datasets/binjang/NIKL-korean-english-dictionary/resolve/3b4cfd2126debfd5440cade3ef6c2a3c20cf7cf9/2024_01.csv#record=50328,NIKL source band: advanced; project heuristic TOPIK 5: professional and social category; not an official per-grade list
ko-nikl-50330,유연하다,,Smooth and tender.,descriptive verb,people > physical condition,nikl-2024-mirror,https://huggingface.co/datasets/binjang/NIKL-korean-english-dictionary/resolve/3b4cfd2126debfd5440cade3ef6c2a3c20cf7cf9/2024_01.csv#record=50330,NIKL source band: advanced; project heuristic TOPIK 5: professional and social category; not an official per-grade list
ko-nikl-50383,유전병,,"A disease such as color-blindness or hemophilia, that is inherited to offspring.",noun,daily life > illness and symptoms,nikl-2024-mirror,https://huggingface.co/datasets/binjang/NIKL-korean-english-dictionary/resolve/3b4cfd2126debfd5440cade3ef6c2a3c20cf7cf9/2024_01.csv#record=50383,NIKL source band: advanced; project heuristic TOPIK 5: professional and social category; not an official per-grade list
ko-nikl-50419,유출,,"The state of something contained or stored in one place flowing out, or making this happen. / For something contained or stored in one place to flow out.",noun,social life > telecommunications,nikl-2024-mirror,https://huggingface.co/datasets/binjang/NIKL-korean-english-dictionary/resolve/3b4cfd2126debfd5440cade3ef6c2a3c20cf7cf9/2024_01.csv#record=50419,NIKL source band: advanced; project heuristic TOPIK 5: professional and social category; not an official per-grade list
ko-nikl-50424,유치,,"An act of attracting an event, business, fund, etc.",noun,social life > social activities,nikl-2024-mirror,https://huggingface.co/datasets/binjang/NIKL-korean-english-dictionary/resolve/3b4cfd2126debfd5440cade3ef6c2a3c20cf7cf9/2024_01.csv#record=50424,NIKL source band: advanced; project heuristic TOPIK 5: professional and social category; not an official per-grade list
ko-nikl-50443,유포,,"The state of being spread to the public, or spreading something to the public.",noun,social life > telecommunications,nikl-2024-mirror,https://huggingface.co/datasets/binjang/NIKL-korean-english-dictionary/resolve/3b4cfd2126debfd5440cade3ef6c2a3c20cf7cf9/2024_01.csv#record=50443,NIKL source band: advanced; project heuristic TOPIK 5: professional and social category; not an official per-grade list
ko-nikl-50459,유행가,,"A very popular song in a specific period, as many people listen to and sing it a lot.",noun,culture > popular culture,nikl-2024-mirror,https://huggingface.co/datasets/binjang/NIKL-korean-english-dictionary/resolve/3b4cfd2126debfd5440cade3ef6c2a3c20cf7cf9/2024_01.csv#record=50459,NIKL source band: advanced; project heuristic TOPIK 5: professional and social category; not an official per-grade list
ko-nikl-50492,유흥비,,The money spent to have fun.,noun,economy > financial instruments,nikl-2024-mirror,https://huggingface.co/datasets/binjang/NIKL-korean-english-dictionary/resolve/3b4cfd2126debfd5440cade3ef6c2a3c20cf7cf9/2024_01.csv#record=50492,NIKL source band: advanced; project heuristic TOPIK 5: professional and social category; not an official per-grade list
ko-nikl-50495,유희,,"An act of having fun while romping, joking, etc., or such playful activity.",noun,daily life > leisure activities,nikl-2024-mirror,https://huggingface.co/datasets/binjang/NIKL-korean-english-dictionary/resolve/3b4cfd2126debfd5440cade3ef6c2a3c20cf7cf9/2024_01.csv#record=50495,NIKL source band: advanced; project heuristic TOPIK 5: professional and social category; not an official per-grade list
ko-nikl-50512,육로,,A road built on land.,noun,social life > transport facilities,nikl-2024-mirror,https://huggingface.co/datasets/binjang/NIKL-korean-english-dictionary/resolve/3b4cfd2126debfd5440cade3ef6c2a3c20cf7cf9/2024_01.csv#record=50512,NIKL source band: advanced; project heuristic TOPIK 5: professional and social category; not an official per-grade list
ko-nikl-50513,육류,,"The kinds of meat that are edible such as beef, pork, chicken, etc.",noun,food > ingredients,nikl-2024-mirror,https://huggingface.co/datasets/binjang/NIKL-korean-english-dictionary/resolve/3b4cfd2126debfd5440cade3ef6c2a3c20cf7cf9/2024_01.csv#record=50513,NIKL source band: advanced; project heuristic TOPIK 5: professional and social category; not an official per-grade list
ko-nikl-50528,육식,,"An act of a person eating meat as food, or such a meal. / An act of an animal eating the flesh of another animal, as food.",noun,food > eating and cooking,nikl-2024-mirror,https://huggingface.co/datasets/binjang/NIKL-korean-english-dictionary/resolve/3b4cfd2126debfd5440cade3ef6c2a3c20cf7cf9/2024_01.csv#record=50528,NIKL source band: advanced; project heuristic TOPIK 5: professional and social category; not an official per-grade list
ko-nikl-50534,육아,,An act of taking care of and growing a child.,noun,daily life > life events,nikl-2024-mirror,https://huggingface.co/datasets/binjang/NIKL-korean-english-dictionary/resolve/3b4cfd2126debfd5440cade3ef6c2a3c20cf7cf9/2024_01.csv#record=50534,NIKL source band: advanced; project heuristic TOPIK 5: professional and social category; not an official per-grade list
ko-nikl-50559,윤,,The shine on the surface of a smooth object.,noun,concepts > brightness,nikl-2024-mirror,https://huggingface.co/datasets/binjang/NIKL-korean-english-dictionary/resolve/3b4cfd2126debfd5440cade3ef6c2a3c20cf7cf9/2024_01.csv#record=50559,NIKL source band: advanced; project heuristic TOPIK 5: professional and social category; not an official per-grade list
ko-nikl-50570,윤리적,,"The state of being associated with the code of conduct that one is supposed to follow as a human being, or the act of observing it.",noun,people > attitudes,nikl-2024-mirror,https://huggingface.co/datasets/binjang/NIKL-korean-english-dictionary/resolve/3b4cfd2126debfd5440cade3ef6c2a3c20cf7cf9/2024_01.csv#record=50570,NIKL source band: advanced; project heuristic TOPIK 5: professional and social category; not an official per-grade list
ko-nikl-50586,율동,,A movement that repeats by a certain rule. / The gymnastics done to music.,noun,culture > cultural activities,nikl-2024-mirror,https://huggingface.co/datasets/binjang/NIKL-korean-english-dictionary/resolve/3b4cfd2126debfd5440cade3ef6c2a3c20cf7cf9/2024_01.csv#record=50586,NIKL source band: advanced; project heuristic TOPIK 5: professional and social category; not an official per-grade list
ko-nikl-50605,융통성,,"The characteristics of being able to lend or borrow money, goods, etc. / An ability to handle a task in a way that is suitable for the situation at the time, or an ability to handle a task appropriately for its current state.",noun,people > attitudes,nikl-2024-mirror,https://huggingface.co/datasets/binjang/NIKL-korean-english-dictionary/resolve/3b4cfd2126debfd5440cade3ef6c2a3c20cf7cf9/2024_01.csv#record=50605,NIKL source band: advanced; project heuristic TOPIK 5: professional and social category; not an official per-grade list
ko-nikl-50607,융합,,"The state of things of different kinds melting and becoming one, whose separation is impossible, or such an act.",noun,social life > social activities,nikl-2024-mirror,https://huggingface.co/datasets/binjang/NIKL-korean-english-dictionary/resolve/3b4cfd2126debfd5440cade3ef6c2a3c20cf7cf9/2024_01.csv#record=50607,NIKL source band: advanced; project heuristic TOPIK 5: professional and social category; not an official per-grade list
ko-nikl-50801,으르다,,To intimidate another person by saying or doing scary things.,verb,people > attitudes,nikl-2024-mirror,https://huggingface.co/datasets/binjang/NIKL-korean-english-dictionary/resolve/3b4cfd2126debfd5440cade3ef6c2a3c20cf7cf9/2024_01.csv#record=50801,NIKL source band: advanced; project heuristic TOPIK 5: professional and social category; not an official per-grade list
ko-nikl-50834,으스대다,,To boast and show off in an odious manner.,verb,people > attitudes,nikl-2024-mirror,https://huggingface.co/datasets/binjang/NIKL-korean-english-dictionary/resolve/3b4cfd2126debfd5440cade3ef6c2a3c20cf7cf9/2024_01.csv#record=50834,NIKL source band: advanced; project heuristic TOPIK 5: professional and social category; not an official per-grade list
ko-nikl-50937,은사,,A teacher whom one was taught by and is thankful to.,noun,education > teachers and learners,nikl-2024-mirror,https://huggingface.co/datasets/binjang/NIKL-korean-english-dictionary/resolve/3b4cfd2126debfd5440cade3ef6c2a3c20cf7cf9/2024_01.csv#record=50937,NIKL source band: advanced; project heuristic TOPIK 5: professional and social category; not an official per-grade list
ko-nikl-50950,은은하다,,"Vague, not appearing clearly. / A sound being so weak as to be barely heard. / A smell, flavor, etc., being moderate, not strong.",descriptive verb,concepts > brightness,nikl-2024-mirror,https://huggingface.co/datasets/binjang/NIKL-korean-english-dictionary/resolve/3b4cfd2126debfd5440cade3ef6c2a3c20cf7cf9/2024_01.csv#record=50950,NIKL source band: advanced; project heuristic TOPIK 5: professional and social category; not an official per-grade list
ko-nikl-50971,은퇴,,The state of leading a leisurely life after resigning from one's job or ending one's social activities.,noun,social life > workplace life,nikl-2024-mirror,https://huggingface.co/datasets/binjang/NIKL-korean-english-dictionary/resolve/3b4cfd2126debfd5440cade3ef6c2a3c20cf7cf9/2024_01.csv#record=50971,NIKL source band: advanced; project heuristic TOPIK 5: professional and social category; not an official per-grade list
ko-nikl-51153,음치,,A person who cannot tell or make a sound accurately.,noun,people > abilities,nikl-2024-mirror,https://huggingface.co/datasets/binjang/NIKL-korean-english-dictionary/resolve/3b4cfd2126debfd5440cade3ef6c2a3c20cf7cf9/2024_01.csv#record=51153,NIKL source band: advanced; project heuristic TOPIK 5: professional and social category; not an official per-grade list
ko-nikl-51181,응급,,"An act of handling urgent cases first, or coping with an urgent situation.",noun,daily life > medical treatment,nikl-2024-mirror,https://huggingface.co/datasets/binjang/NIKL-korean-english-dictionary/resolve/3b4cfd2126debfd5440cade3ef6c2a3c20cf7cf9/2024_01.csv#record=51181,NIKL source band: advanced; project heuristic TOPIK 5: professional and social category; not an official per-grade list
ko-nikl-51191,응답자,,A person who answers someone's call or question.,noun,people > types of people,nikl-2024-mirror,https://huggingface.co/datasets/binjang/NIKL-korean-english-dictionary/resolve/3b4cfd2126debfd5440cade3ef6c2a3c20cf7cf9/2024_01.csv#record=51191,NIKL source band: advanced; project heuristic TOPIK 5: professional and social category; not an official per-grade list
ko-nikl-10233,응하다,,"To answer or respond to a question, request, demand, etc., or act on it.",verb,social life > social activities,nikl-2024-mirror,https://huggingface.co/datasets/binjang/NIKL-korean-english-dictionary/resolve/3b4cfd2126debfd5440cade3ef6c2a3c20cf7cf9/2024_01.csv#record=10233,NIKL source band: advanced; project heuristic TOPIK 5: professional and social category; not an official per-grade list
ko-nikl-10263,의도적,,An act of doing something on purpose in order to make a certain plan or idea become realized.,noun,people > attitudes,nikl-2024-mirror,https://huggingface.co/datasets/binjang/NIKL-korean-english-dictionary/resolve/3b4cfd2126debfd5440cade3ef6c2a3c20cf7cf9/2024_01.csv#record=10263,NIKL source band: advanced; project heuristic TOPIK 5: professional and social category; not an official per-grade list
ko-nikl-10271,의뢰,,The act of entrusting someone with something.,noun,social life > social activities,nikl-2024-mirror,https://huggingface.co/datasets/binjang/NIKL-korean-english-dictionary/resolve/3b4cfd2126debfd5440cade3ef6c2a3c20cf7cf9/2024_01.csv#record=10271,NIKL source band: advanced; project heuristic TOPIK 5: professional and social category; not an official per-grade list
ko-nikl-10274,의료,,The act of curing a wound or disease by using medical skills; such a job.,noun,daily life > medical treatment,nikl-2024-mirror,https://huggingface.co/datasets/binjang/NIKL-korean-english-dictionary/resolve/3b4cfd2126debfd5440cade3ef6c2a3c20cf7cf9/2024_01.csv#record=10274,NIKL source band: advanced; project heuristic TOPIK 5: professional and social category; not an official per-grade list
ko-nikl-10330,의술,,A technique for curing a disease or injury; a technique related to medical science.,noun,daily life > medical treatment,nikl-2024-mirror,https://huggingface.co/datasets/binjang/NIKL-korean-english-dictionary/resolve/3b4cfd2126debfd5440cade3ef6c2a3c20cf7cf9/2024_01.csv#record=10330,NIKL source band: advanced; project heuristic TOPIK 5: professional and social category; not an official per-grade list
ko-nikl-10352,의아하다,,Questionable and strange.,descriptive verb,people > emotions,nikl-2024-mirror,https://huggingface.co/datasets/binjang/NIKL-korean-english-dictionary/resolve/3b4cfd2126debfd5440cade3ef6c2a3c20cf7cf9/2024_01.csv#record=10352,NIKL source band: advanced; project heuristic TOPIK 5: professional and social category; not an official per-grade list
ko-nikl-10354,의약품,,Drugs that are used for curing diseases.,noun,daily life > medical treatment,nikl-2024-mirror,https://huggingface.co/datasets/binjang/NIKL-korean-english-dictionary/resolve/3b4cfd2126debfd5440cade3ef6c2a3c20cf7cf9/2024_01.csv#record=10354,NIKL source band: advanced; project heuristic TOPIK 5: professional and social category; not an official per-grade list
ko-nikl-10366,의욕적,,A state of having a positive mind or will to do something.,noun,people > attitudes,nikl-2024-mirror,https://huggingface.co/datasets/binjang/NIKL-korean-english-dictionary/resolve/3b4cfd2126debfd5440cade3ef6c2a3c20cf7cf9/2024_01.csv#record=10366,NIKL source band: advanced; project heuristic TOPIK 5: professional and social category; not an official per-grade list
ko-nikl-10385,의젓하다,,One's way of speaking or behaving being decent and prudent.,descriptive verb,people > attitudes,nikl-2024-mirror,https://huggingface.co/datasets/binjang/NIKL-korean-english-dictionary/resolve/3b4cfd2126debfd5440cade3ef6c2a3c20cf7cf9/2024_01.csv#record=10385,NIKL source band: advanced; project heuristic TOPIK 5: professional and social category; not an official per-grade list
ko-nikl-10393,의존적,,"The quality of tending to depend on something, not being able to handle a certain thing on one's own.",noun,people > attitudes,nikl-2024-mirror,https://huggingface.co/datasets/binjang/NIKL-korean-english-dictionary/resolve/3b4cfd2126debfd5440cade3ef6c2a3c20cf7cf9/2024_01.csv#record=10393,NIKL source band: advanced; project heuristic TOPIK 5: professional and social category; not an official per-grade list
ko-nikl-10418,의혹,,The state of considering something doubtful and strange; such a mind.,noun,people > emotions,nikl-2024-mirror,https://huggingface.co/datasets/binjang/NIKL-korean-english-dictionary/resolve/3b4cfd2126debfd5440cade3ef6c2a3c20cf7cf9/2024_01.csv#record=10418,NIKL source band: advanced; project heuristic TOPIK 5: professional and social category; not an official per-grade list
ko-nikl-10455,이것저것,,Various things or matters that are not certainly defined.,noun,concepts > demonstratives,nikl-2024-mirror,https://huggingface.co/datasets/binjang/NIKL-korean-english-dictionary/resolve/3b4cfd2126debfd5440cade3ef6c2a3c20cf7cf9/2024_01.csv#record=10455,NIKL source band: advanced; project heuristic TOPIK 5: professional and social category; not an official per-grade list
ko-nikl-10484,이기심,,The mind of caring only about one's own interests.,noun,people > emotions,nikl-2024-mirror,https://huggingface.co/datasets/binjang/NIKL-korean-english-dictionary/resolve/3b4cfd2126debfd5440cade3ef6c2a3c20cf7cf9/2024_01.csv#record=10484,NIKL source band: advanced; project heuristic TOPIK 5: professional and social category; not an official per-grade list
ko-nikl-10487,이기주의,,"An attitude of trying to pursue only one's own interests, not considering others around one or a group to which one belongs.",noun,people > attitudes,nikl-2024-mirror,https://huggingface.co/datasets/binjang/NIKL-korean-english-dictionary/resolve/3b4cfd2126debfd5440cade3ef6c2a3c20cf7cf9/2024_01.csv#record=10487,NIKL source band: advanced; project heuristic TOPIK 5: professional and social category; not an official per-grade list
ko-nikl-10517,이다,,To place an object on one's head.,verb,people > physical actions,nikl-2024-mirror,https://huggingface.co/datasets/binjang/NIKL-korean-english-dictionary/resolve/3b4cfd2126debfd5440cade3ef6c2a3c20cf7cf9/2024_01.csv#record=10517,NIKL source band: advanced; project heuristic TOPIK 5: professional and social category; not an official per-grade list
ko-nikl-10540,이득,,The act of making a profit; the profit.,noun,economy > economic conditions,nikl-2024-mirror,https://huggingface.co/datasets/binjang/NIKL-korean-english-dictionary/resolve/3b4cfd2126debfd5440cade3ef6c2a3c20cf7cf9/2024_01.csv#record=10540,NIKL source band: advanced; project heuristic TOPIK 5: professional and social category; not an official per-grade list
ko-nikl-10543,이듬해,,The year right after something happened.,noun,concepts > time,nikl-2024-mirror,https://huggingface.co/datasets/binjang/NIKL-korean-english-dictionary/resolve/3b4cfd2126debfd5440cade3ef6c2a3c20cf7cf9/2024_01.csv#record=10543,NIKL source band: advanced; project heuristic TOPIK 5: professional and social category; not an official per-grade list
ko-nikl-10616,이레,,Seven days. / The seventh day of each month.,noun,concepts > numbers,nikl-2024-mirror,https://huggingface.co/datasets/binjang/NIKL-korean-english-dictionary/resolve/3b4cfd2126debfd5440cade3ef6c2a3c20cf7cf9/2024_01.csv#record=10616,NIKL source band: advanced; project heuristic TOPIK 5: professional and social category; not an official per-grade list
ko-nikl-10617,이력,,"One's personal history including one's academic career, jobs, experiences, etc. / Wisdom one has gotten while experiencing something a lot.",noun,people > abilities,nikl-2024-mirror,https://huggingface.co/datasets/binjang/NIKL-korean-english-dictionary/resolve/3b4cfd2126debfd5440cade3ef6c2a3c20cf7cf9/2024_01.csv#record=10617,NIKL source band: advanced; project heuristic TOPIK 5: professional and social category; not an official per-grade list
ko-nikl-10638,이륙,,"The process of an airplane, etc., ascending from the ground to fly.",noun,social life > travel actions,nikl-2024-mirror,https://huggingface.co/datasets/binjang/NIKL-korean-english-dictionary/resolve/3b4cfd2126debfd5440cade3ef6c2a3c20cf7cf9/2024_01.csv#record=10638,NIKL source band: advanced; project heuristic TOPIK 5: professional and social category; not an official per-grade list
ko-nikl-10653,이름나다,,For a reputation to be known to the world.,verb,social life > social conditions,nikl-2024-mirror,https://huggingface.co/datasets/binjang/NIKL-korean-english-dictionary/resolve/3b4cfd2126debfd5440cade3ef6c2a3c20cf7cf9/2024_01.csv#record=10653,NIKL source band: advanced; project heuristic TOPIK 5: professional and social category; not an official per-grade list
ko-nikl-10765,이산가족,,"A family whose members do not have any news about each other due to separation caused by situations such as war, a division of territory, etc.",noun,daily life > family relationships,nikl-2024-mirror,https://huggingface.co/datasets/binjang/NIKL-korean-english-dictionary/resolve/3b4cfd2126debfd5440cade3ef6c2a3c20cf7cf9/2024_01.csv#record=10765,NIKL source band: advanced; project heuristic TOPIK 5: professional and social category; not an official per-grade list
ko-nikl-10782,이상형,,The type of a person whom one considers to be perfect.,noun,concepts > shape,nikl-2024-mirror,https://huggingface.co/datasets/binjang/NIKL-korean-english-dictionary/resolve/3b4cfd2126debfd5440cade3ef6c2a3c20cf7cf9/2024_01.csv#record=10782,NIKL source band: advanced; project heuristic TOPIK 5: professional and social category; not an official per-grade list
ko-nikl-10798,이성적,,The quality of following reason or being based on reason.,noun,people > attitudes,nikl-2024-mirror,https://huggingface.co/datasets/binjang/NIKL-korean-english-dictionary/resolve/3b4cfd2126debfd5440cade3ef6c2a3c20cf7cf9/2024_01.csv#record=10798,NIKL source band: advanced; project heuristic TOPIK 5: professional and social category; not an official per-grade list
ko-nikl-10821,이식,,"The act of replanting a tree, etc., in another location. / The act of moving a tissue or an organ to another part of the body or another body.",noun,daily life > medical treatment,nikl-2024-mirror,https://huggingface.co/datasets/binjang/NIKL-korean-english-dictionary/resolve/3b4cfd2126debfd5440cade3ef6c2a3c20cf7cf9/2024_01.csv#record=10821,NIKL source band: advanced; project heuristic TOPIK 5: professional and social category; not an official per-grade list
ko-nikl-10827,이심전심,,The state of two persons being of the same mind.,noun,people > emotions,nikl-2024-mirror,https://huggingface.co/datasets/binjang/NIKL-korean-english-dictionary/resolve/3b4cfd2126debfd5440cade3ef6c2a3c20cf7cf9/2024_01.csv#record=10827,NIKL source band: advanced; project heuristic TOPIK 5: professional and social category; not an official per-grade list
ko-nikl-10855,이어폰,,A little device that a person inserts over his/her ears to listen to the sounds coming from a machine.,noun,clothing and appearance > hats shoes and accessories,nikl-2024-mirror,https://huggingface.co/datasets/binjang/NIKL-korean-english-dictionary/resolve/3b4cfd2126debfd5440cade3ef6c2a3c20cf7cf9/2024_01.csv#record=10855,NIKL source band: advanced; project heuristic TOPIK 5: professional and social category; not an official per-grade list
ko-nikl-10892,이윤,,Money earned from business. / A company's profit left after subtracting its total expenses from its total revenue.,noun,economy > economic conditions,nikl-2024-mirror,https://huggingface.co/datasets/binjang/NIKL-korean-english-dictionary/resolve/3b4cfd2126debfd5440cade3ef6c2a3c20cf7cf9/2024_01.csv#record=10892,NIKL source band: advanced; project heuristic TOPIK 5: professional and social category; not an official per-grade list
ko-nikl-10937,이주,,"The act of leaving a house where one has lived, and moving to another house. / The act of a person, tribe, ethnic group, etc., leaving an area where he/she or it has lived, and moving to another area to live there.",noun,housing > housing activities,nikl-2024-mirror,https://huggingface.co/datasets/binjang/NIKL-korean-english-dictionary/resolve/3b4cfd2126debfd5440cade3ef6c2a3c20cf7cf9/2024_01.csv#record=10937,NIKL source band: advanced; project heuristic TOPIK 5: professional and social category; not an official per-grade list
ko-nikl-10938,이주민,,"A person who migrates to another place, or who leaves one place to settle in another.",noun,people > types of people,nikl-2024-mirror,https://huggingface.co/datasets/binjang/NIKL-korean-english-dictionary/resolve/3b4cfd2126debfd5440cade3ef6c2a3c20cf7cf9/2024_01.csv#record=10938,NIKL source band: advanced; project heuristic TOPIK 5: professional and social category; not an official per-grade list
ko-nikl-10957,이직,,Quitting a job in one company for a job in a different company.,noun,social life > workplace life,nikl-2024-mirror,https://huggingface.co/datasets/binjang/NIKL-korean-english-dictionary/resolve/3b4cfd2126debfd5440cade3ef6c2a3c20cf7cf9/2024_01.csv#record=10957,NIKL source band: advanced; project heuristic TOPIK 5: professional and social category; not an official per-grade list
ko-nikl-10958,이직률,,A ratio of people who quit a company for a job in a different company.,noun,economy > economic conditions,nikl-2024-mirror,https://huggingface.co/datasets/binjang/NIKL-korean-english-dictionary/resolve/3b4cfd2126debfd5440cade3ef6c2a3c20cf7cf9/2024_01.csv#record=10958,NIKL source band: advanced; project heuristic TOPIK 5: professional and social category; not an official per-grade list
ko-nikl-11009,이해,,Gains and losses or benefit and harm.,noun,economy > economic conditions,nikl-2024-mirror,https://huggingface.co/datasets/binjang/NIKL-korean-english-dictionary/resolve/3b4cfd2126debfd5440cade3ef6c2a3c20cf7cf9/2024_01.csv#record=11009,NIKL source band: advanced; project heuristic TOPIK 5: professional and social category; not an official per-grade list
ko-nikl-11042,익살스럽다,,Often making or doing a funny remark or act intended to amuse others.,descriptive verb,concepts > shape,nikl-2024-mirror,https://huggingface.co/datasets/binjang/NIKL-korean-english-dictionary/resolve/3b4cfd2126debfd5440cade3ef6c2a3c20cf7cf9/2024_01.csv#record=11042,NIKL source band: advanced; project heuristic TOPIK 5: professional and social category; not an official per-grade list
ko-nikl-11051,인,,A Chinese character referring to a &quot;person.&quot; / A unit of counting people.,noun,concepts > counters,nikl-2024-mirror,https://huggingface.co/datasets/binjang/NIKL-korean-english-dictionary/resolve/3b4cfd2126debfd5440cade3ef6c2a3c20cf7cf9/2024_01.csv#record=11051,NIKL source band: advanced; project heuristic TOPIK 5: professional and social category; not an official per-grade list
ko-nikl-11063,인간미,,A feeling of friendliness and warm-heartedness given by people.,noun,people > attitudes,nikl-2024-mirror,https://huggingface.co/datasets/binjang/NIKL-korean-english-dictionary/resolve/3b4cfd2126debfd5440cade3ef6c2a3c20cf7cf9/2024_01.csv#record=11063,NIKL source band: advanced; project heuristic TOPIK 5: professional and social category; not an official per-grade list
ko-nikl-11073,인건비,,A cost that one spends using human resources.,noun,economy > financial instruments,nikl-2024-mirror,https://huggingface.co/datasets/binjang/NIKL-korean-english-dictionary/resolve/3b4cfd2126debfd5440cade3ef6c2a3c20cf7cf9/2024_01.csv#record=11073,NIKL source band: advanced; project heuristic TOPIK 5: professional and social category; not an official per-grade list
ko-nikl-11098,인근,,A nearby place.,noun,concepts > location and direction,nikl-2024-mirror,https://huggingface.co/datasets/binjang/NIKL-korean-english-dictionary/resolve/3b4cfd2126debfd5440cade3ef6c2a3c20cf7cf9/2024_01.csv#record=11098,NIKL source band: advanced; project heuristic TOPIK 5: professional and social category; not an official per-grade list
ko-nikl-11102,인내,,The act of enduring suffering or difficulties.,noun,people > personality,nikl-2024-mirror,https://huggingface.co/datasets/binjang/NIKL-korean-english-dictionary/resolve/3b4cfd2126debfd5440cade3ef6c2a3c20cf7cf9/2024_01.csv#record=11102,NIKL source band: advanced; project heuristic TOPIK 5: professional and social category; not an official per-grade list
ko-nikl-11104,인내심,,A mindset that endures suffering or difficulties.,noun,people > personality,nikl-2024-mirror,https://huggingface.co/datasets/binjang/NIKL-korean-english-dictionary/resolve/3b4cfd2126debfd5440cade3ef6c2a3c20cf7cf9/2024_01.csv#record=11104,NIKL source band: advanced; project heuristic TOPIK 5: professional and social category; not an official per-grade list
ko-nikl-11152,인사,,A person of high social standing or active in a society.,noun,people > types of people,nikl-2024-mirror,https://huggingface.co/datasets/binjang/NIKL-korean-english-dictionary/resolve/3b4cfd2126debfd5440cade3ef6c2a3c20cf7cf9/2024_01.csv#record=11152,NIKL source band: advanced; project heuristic TOPIK 5: professional and social category; not an official per-grade list
ko-nikl-11155,인사,,"The work of deciding employees' positions and jobs within an organization such as a government office, company, etc.",noun,social life > workplace life,nikl-2024-mirror,https://huggingface.co/datasets/binjang/NIKL-korean-english-dictionary/resolve/3b4cfd2126debfd5440cade3ef6c2a3c20cf7cf9/2024_01.csv#record=11155,NIKL source band: advanced; project heuristic TOPIK 5: professional and social category; not an official per-grade list
ko-nikl-11178,인상착의,,A description of a person's appearance and outfit for identification.,noun,people > appearance,nikl-2024-mirror,https://huggingface.co/datasets/binjang/NIKL-korean-english-dictionary/resolve/3b4cfd2126debfd5440cade3ef6c2a3c20cf7cf9/2024_01.csv#record=11178,NIKL source band: advanced; project heuristic TOPIK 5: professional and social category; not an official per-grade list
ko-nikl-11180,인색,,"The quality of being not generous in spending things, money, etc. / The quality of being very cold-hearted and ungenerous in doing something.",noun,people > personality,nikl-2024-mirror,https://huggingface.co/datasets/binjang/NIKL-korean-english-dictionary/resolve/3b4cfd2126debfd5440cade3ef6c2a3c20cf7cf9/2024_01.csv#record=11180,NIKL source band: advanced; project heuristic TOPIK 5: professional and social category; not an official per-grade list
ko-nikl-11191,인성,,"A person's nature or disposition. / The peculiarity of a person's own thoughts, attitude, and behavior.",noun,people > personality,nikl-2024-mirror,https://huggingface.co/datasets/binjang/NIKL-korean-english-dictionary/resolve/3b4cfd2126debfd5440cade3ef6c2a3c20cf7cf9/2024_01.csv#record=11191,NIKL source band: advanced; project heuristic TOPIK 5: professional and social category; not an official per-grade list
ko-nikl-11271,인종,,"The type of people such as Caucasian, Mongoloid, and Negroid, divided based on their physical characteristics including complexion, hair color, frame, etc.",noun,people > types of people,nikl-2024-mirror,https://huggingface.co/datasets/binjang/NIKL-korean-english-dictionary/resolve/3b4cfd2126debfd5440cade3ef6c2a3c20cf7cf9/2024_01.csv#record=11271,NIKL source band: advanced; project heuristic TOPIK 5: professional and social category; not an official per-grade list
ko-nikl-11297,인출,,"The act of drawing something out. / The act of taking out money from a financial institution like a bank, etc.",noun,economy > economic activities,nikl-2024-mirror,https://huggingface.co/datasets/binjang/NIKL-korean-english-dictionary/resolve/3b4cfd2126debfd5440cade3ef6c2a3c20cf7cf9/2024_01.csv#record=11297,NIKL source band: advanced; project heuristic TOPIK 5: professional and social category; not an official per-grade list
ko-nikl-11307,인턴,,"A person who has obtained a medical license after graduation from a medical college, and then is receiving practical training while caring for patients in person. / A person who is receiving practical training before being employed as a regular worker in a company or organization; such a course.",noun,social life > job positions,nikl-2024-mirror,https://huggingface.co/datasets/binjang/NIKL-korean-english-dictionary/resolve/3b4cfd2126debfd5440cade3ef6c2a3c20cf7cf9/2024_01.csv#record=11307,NIKL source band: advanced; project heuristic TOPIK 5: professional and social category; not an official per-grade list
ko-nikl-11355,일간지,,A newspaper published everyday.,noun,social life > media,nikl-2024-mirror,https://huggingface.co/datasets/binjang/NIKL-korean-english-dictionary/resolve/3b4cfd2126debfd5440cade3ef6c2a3c20cf7cf9/2024_01.csv#record=11355,NIKL source band: advanced; project heuristic TOPIK 5: professional and social category; not an official per-grade list
ko-nikl-11358,일감,,Work that one can do to earn money. / Materials needed when working.,noun,economy > financial instruments,nikl-2024-mirror,https://huggingface.co/datasets/binjang/NIKL-korean-english-dictionary/resolve/3b4cfd2126debfd5440cade3ef6c2a3c20cf7cf9/2024_01.csv#record=11358,NIKL source band: advanced; project heuristic TOPIK 5: professional and social category; not an official per-grade list
ko-nikl-11363,일거양득,,An act of accomplishing two things with only one action.,noun,economy > economic conditions,nikl-2024-mirror,https://huggingface.co/datasets/binjang/NIKL-korean-english-dictionary/resolve/3b4cfd2126debfd5440cade3ef6c2a3c20cf7cf9/2024_01.csv#record=11363,NIKL source band: advanced; project heuristic TOPIK 5: professional and social category; not an official per-grade list
ko-nikl-11377,일과,,Work that one does everyday according to a schedule. / Lessons that one takes during a day.,noun,daily life > daily routines,nikl-2024-mirror,https://huggingface.co/datasets/binjang/NIKL-korean-english-dictionary/resolve/3b4cfd2126debfd5440cade3ef6c2a3c20cf7cf9/2024_01.csv#record=11377,NIKL source band: advanced; project heuristic TOPIK 5: professional and social category; not an official per-grade list
ko-nikl-11381,일관성,,The nature of being consistent in methods or attitude from beginning to end,noun,people > attitudes,nikl-2024-mirror,https://huggingface.co/datasets/binjang/NIKL-korean-english-dictionary/resolve/3b4cfd2126debfd5440cade3ef6c2a3c20cf7cf9/2024_01.csv#record=11381,NIKL source band: advanced; project heuristic TOPIK 5: professional and social category; not an official per-grade list
ko-nikl-11388,일광욕,,Exposure of a person's body to the sun to treat an illness or improve his/her health; or such an act.,noun,daily life > leisure activities,nikl-2024-mirror,https://huggingface.co/datasets/binjang/NIKL-korean-english-dictionary/resolve/3b4cfd2126debfd5440cade3ef6c2a3c20cf7cf9/2024_01.csv#record=11388,NIKL source band: advanced; project heuristic TOPIK 5: professional and social category; not an official per-grade list
ko-nikl-11395,일그러지다,,"For an object, face, etc., to become crooked or wrinkled. / For one's personality to become bad and perverse.",verb,concepts > shape,nikl-2024-mirror,https://huggingface.co/datasets/binjang/NIKL-korean-english-dictionary/resolve/3b4cfd2126debfd5440cade3ef6c2a3c20cf7cf9/2024_01.csv#record=11395,NIKL source band: advanced; project heuristic TOPIK 5: professional and social category; not an official per-grade list
ko-nikl-11470,일반석,,"A seat for average people, not for special or distinguished people.",noun,social life > transport,nikl-2024-mirror,https://huggingface.co/datasets/binjang/NIKL-korean-english-dictionary/resolve/3b4cfd2126debfd5440cade3ef6c2a3c20cf7cf9/2024_01.csv#record=11470,NIKL source band: advanced; project heuristic TOPIK 5: professional and social category; not an official per-grade list
ko-nikl-11480,일방적,,A state of leaning toward one party or side.,noun,people > attitudes,nikl-2024-mirror,https://huggingface.co/datasets/binjang/NIKL-korean-english-dictionary/resolve/3b4cfd2126debfd5440cade3ef6c2a3c20cf7cf9/2024_01.csv#record=11480,NIKL source band: advanced; project heuristic TOPIK 5: professional and social category; not an official per-grade list
ko-nikl-11527,일시,,A short time. / The same time.,noun,concepts > time,nikl-2024-mirror,https://huggingface.co/datasets/binjang/NIKL-korean-english-dictionary/resolve/3b4cfd2126debfd5440cade3ef6c2a3c20cf7cf9/2024_01.csv#record=11527,NIKL source band: advanced; project heuristic TOPIK 5: professional and social category; not an official per-grade list
ko-nikl-11576,일자,,A day set for doing something. / A day of the month in a certain year.,noun,concepts > time,nikl-2024-mirror,https://huggingface.co/datasets/binjang/NIKL-korean-english-dictionary/resolve/3b4cfd2126debfd5440cade3ef6c2a3c20cf7cf9/2024_01.csv#record=11576,NIKL source band: advanced; project heuristic TOPIK 5: professional and social category; not an official per-grade list
ko-nikl-11604,일주,,An act of circling along a certain route.,noun,daily life > leisure activities,nikl-2024-mirror,https://huggingface.co/datasets/binjang/NIKL-korean-english-dictionary/resolve/3b4cfd2126debfd5440cade3ef6c2a3c20cf7cf9/2024_01.csv#record=11604,NIKL source band: advanced; project heuristic TOPIK 5: professional and social category; not an official per-grade list
ko-nikl-11643,일터,,A place where one does work. / A place where one does work as one's job.,noun,economy > commercial places,nikl-2024-mirror,https://huggingface.co/datasets/binjang/NIKL-korean-english-dictionary/resolve/3b4cfd2126debfd5440cade3ef6c2a3c20cf7cf9/2024_01.csv#record=11643,NIKL source band: advanced; project heuristic TOPIK 5: professional and social category; not an official per-grade list
ko-nikl-11679,임기,,A fixed period of time during which one is in charge of a certain work or position.,noun,concepts > time,nikl-2024-mirror,https://huggingface.co/datasets/binjang/NIKL-korean-english-dictionary/resolve/3b4cfd2126debfd5440cade3ef6c2a3c20cf7cf9/2024_01.csv#record=11679,NIKL source band: advanced; project heuristic TOPIK 5: professional and social category; not an official per-grade list
ko-nikl-11681,임대,,"The act of lending goods, buildings, lands, etc., to others.",noun,housing > housing types,nikl-2024-mirror,https://huggingface.co/datasets/binjang/NIKL-korean-english-dictionary/resolve/3b4cfd2126debfd5440cade3ef6c2a3c20cf7cf9/2024_01.csv#record=11681,NIKL source band: advanced; project heuristic TOPIK 5: professional and social category; not an official per-grade list
ko-nikl-11683,임대료,,"A sum of money that one receives in return for lending goods, buildings, lands, etc. to others.",noun,economy > financial instruments,nikl-2024-mirror,https://huggingface.co/datasets/binjang/NIKL-korean-english-dictionary/resolve/3b4cfd2126debfd5440cade3ef6c2a3c20cf7cf9/2024_01.csv#record=11683,NIKL source band: advanced; project heuristic TOPIK 5: professional and social category; not an official per-grade list
ko-nikl-11686,임명,,An act of assigning a certain position or work to someone.,noun,social life > workplaces,nikl-2024-mirror,https://huggingface.co/datasets/binjang/NIKL-korean-english-dictionary/resolve/3b4cfd2126debfd5440cade3ef6c2a3c20cf7cf9/2024_01.csv#record=11686,NIKL source band: advanced; project heuristic TOPIK 5: professional and social category; not an official per-grade list
ko-nikl-11696,임산부,,A woman who is expecting a baby or has recently delivered a baby.,noun,people > types of people,nikl-2024-mirror,https://huggingface.co/datasets/binjang/NIKL-korean-english-dictionary/resolve/3b4cfd2126debfd5440cade3ef6c2a3c20cf7cf9/2024_01.csv#record=11696,NIKL source band: advanced; project heuristic TOPIK 5: professional and social category; not an official per-grade list
ko-nikl-11703,임신부,,A woman who is pregnant.,noun,people > types of people,nikl-2024-mirror,https://huggingface.co/datasets/binjang/NIKL-korean-english-dictionary/resolve/3b4cfd2126debfd5440cade3ef6c2a3c20cf7cf9/2024_01.csv#record=11703,NIKL source band: advanced; project heuristic TOPIK 5: professional and social category; not an official per-grade list
ko-nikl-11707,임용,,An act of hiring someone and assigning a certain job to him/her.,noun,social life > workplaces,nikl-2024-mirror,https://huggingface.co/datasets/binjang/NIKL-korean-english-dictionary/resolve/3b4cfd2126debfd5440cade3ef6c2a3c20cf7cf9/2024_01.csv#record=11707,NIKL source band: advanced; project heuristic TOPIK 5: professional and social category; not an official per-grade list
ko-nikl-11710,임원,,A person who belongs to an organization and takes responsibility for important matters within the organization.,noun,social life > job positions,nikl-2024-mirror,https://huggingface.co/datasets/binjang/NIKL-korean-english-dictionary/resolve/3b4cfd2126debfd5440cade3ef6c2a3c20cf7cf9/2024_01.csv#record=11710,NIKL source band: advanced; project heuristic TOPIK 5: professional and social category; not an official per-grade list
ko-nikl-11718,임종,,One's last moment of facing one's death. / The act of being with one's parent at his/her death.,noun,daily life > life events,nikl-2024-mirror,https://huggingface.co/datasets/binjang/NIKL-korean-english-dictionary/resolve/3b4cfd2126debfd5440cade3ef6c2a3c20cf7cf9/2024_01.csv#record=11718,NIKL source band: advanced; project heuristic TOPIK 5: professional and social category; not an official per-grade list
ko-nikl-11769,입가,,The area around one's mouth or lips.,noun,people > body parts,nikl-2024-mirror,https://huggingface.co/datasets/binjang/NIKL-korean-english-dictionary/resolve/3b4cfd2126debfd5440cade3ef6c2a3c20cf7cf9/2024_01.csv#record=11769,NIKL source band: advanced; project heuristic TOPIK 5: professional and social category; not an official per-grade list
ko-nikl-11873,입실,,"The act of entering a room in a building such as a guest room, classroom, ward, etc. / The act of being hospitalized in a ward in the military, a prison, etc.",noun,housing > housing activities,nikl-2024-mirror,https://huggingface.co/datasets/binjang/NIKL-korean-english-dictionary/resolve/3b4cfd2126debfd5440cade3ef6c2a3c20cf7cf9/2024_01.csv#record=11873,NIKL source band: advanced; project heuristic TOPIK 5: professional and social category; not an official per-grade list
ko-nikl-11943,잇몸,,Hard flesh surrounding the roots of teeth.,noun,people > body parts,nikl-2024-mirror,https://huggingface.co/datasets/binjang/NIKL-korean-english-dictionary/resolve/3b4cfd2126debfd5440cade3ef6c2a3c20cf7cf9/2024_01.csv#record=11943,NIKL source band: advanced; project heuristic TOPIK 5: professional and social category; not an official per-grade list
ko-nikl-12014,자국,,One's home country.,noun,concepts > regions,nikl-2024-mirror,https://huggingface.co/datasets/binjang/NIKL-korean-english-dictionary/resolve/3b4cfd2126debfd5440cade3ef6c2a3c20cf7cf9/2024_01.csv#record=12014,NIKL source band: advanced; project heuristic TOPIK 5: professional and social category; not an official per-grade list
ko-nikl-12019,자그마하다,,Rather small. / Not so significant.,descriptive verb,concepts > shape,nikl-2024-mirror,https://huggingface.co/datasets/binjang/NIKL-korean-english-dictionary/resolve/3b4cfd2126debfd5440cade3ef6c2a3c20cf7cf9/2024_01.csv#record=12019,NIKL source band: advanced; project heuristic TOPIK 5: professional and social category; not an official per-grade list
ko-nikl-12030,자금,,Money used for running a business. / Money used for a particular purpose.,noun,economy > financial instruments,nikl-2024-mirror,https://huggingface.co/datasets/binjang/NIKL-korean-english-dictionary/resolve/3b4cfd2126debfd5440cade3ef6c2a3c20cf7cf9/2024_01.csv#record=12030,NIKL source band: advanced; project heuristic TOPIK 5: professional and social category; not an official per-grade list
ko-nikl-12034,자급자족,,Producing goods or food one needs without relying on an external source.,noun,economy > economic conditions,nikl-2024-mirror,https://huggingface.co/datasets/binjang/NIKL-korean-english-dictionary/resolve/3b4cfd2126debfd5440cade3ef6c2a3c20cf7cf9/2024_01.csv#record=12034,NIKL source band: advanced; project heuristic TOPIK 5: professional and social category; not an official per-grade list
ko-nikl-12054,자기중심적,,A state in which one puts one's matters ahead of others'.,noun,people > attitudes,nikl-2024-mirror,https://huggingface.co/datasets/binjang/NIKL-korean-english-dictionary/resolve/3b4cfd2126debfd5440cade3ef6c2a3c20cf7cf9/2024_01.csv#record=12054,NIKL source band: advanced; project heuristic TOPIK 5: professional and social category; not an official per-grade list
ko-nikl-12061,자네,,(polite form) A pronoun referring to the listener when he/she is the speaker's friend or younger than the speaker.,pronoun,concepts > personal reference,nikl-2024-mirror,https://huggingface.co/datasets/binjang/NIKL-korean-english-dictionary/resolve/3b4cfd2126debfd5440cade3ef6c2a3c20cf7cf9/2024_01.csv#record=12061,NIKL source band: advanced; project heuristic TOPIK 5: professional and social category; not an official per-grade list
ko-nikl-12160,자만,,The attitude of boasting about oneself and showing off.,noun,people > attitudes,nikl-2024-mirror,https://huggingface.co/datasets/binjang/NIKL-korean-english-dictionary/resolve/3b4cfd2126debfd5440cade3ef6c2a3c20cf7cf9/2024_01.csv#record=12160,NIKL source band: advanced; project heuristic TOPIK 5: professional and social category; not an official per-grade list
ko-nikl-12192,자발적,,"The attitude of doing something of one's own accord, without being ordered or requested to.",noun,people > attitudes,nikl-2024-mirror,https://huggingface.co/datasets/binjang/NIKL-korean-english-dictionary/resolve/3b4cfd2126debfd5440cade3ef6c2a3c20cf7cf9/2024_01.csv#record=12192,NIKL source band: advanced; project heuristic TOPIK 5: professional and social category; not an official per-grade list
ko-nikl-12213,자산,,"Property owned by a person or firm, which has economic value. / The money that one has earned and accumulated. / (figurative) Something that can be the basis for one's success or growth.",noun,economy > financial instruments,nikl-2024-mirror,https://huggingface.co/datasets/binjang/NIKL-korean-english-dictionary/resolve/3b4cfd2126debfd5440cade3ef6c2a3c20cf7cf9/2024_01.csv#record=12213,NIKL source band: advanced; project heuristic TOPIK 5: professional and social category; not an official per-grade list
ko-nikl-12219,자상하다,,Meticulous and detailed. / Having compassion for others and a sincere mind to do all one can for them.,descriptive verb,people > personality,nikl-2024-mirror,https://huggingface.co/datasets/binjang/NIKL-korean-english-dictionary/resolve/3b4cfd2126debfd5440cade3ef6c2a3c20cf7cf9/2024_01.csv#record=12219,NIKL source band: advanced; project heuristic TOPIK 5: professional and social category; not an official per-grade list
ko-nikl-12228,자선,,The act of feeling pity for underprivileged people and helping them.,noun,social life > social activities,nikl-2024-mirror,https://huggingface.co/datasets/binjang/NIKL-korean-english-dictionary/resolve/3b4cfd2126debfd5440cade3ef6c2a3c20cf7cf9/2024_01.csv#record=12228,NIKL source band: advanced; project heuristic TOPIK 5: professional and social category; not an official per-grade list
ko-nikl-12237,자손,,One's children and grandchildren. / Children born after one's generation.,noun,daily life > family relationships,nikl-2024-mirror,https://huggingface.co/datasets/binjang/NIKL-korean-english-dictionary/resolve/3b4cfd2126debfd5440cade3ef6c2a3c20cf7cf9/2024_01.csv#record=12237,NIKL source band: advanced; project heuristic TOPIK 5: professional and social category; not an official per-grade list
ko-nikl-12241,자수성가,,The act of making a lot of money and restoring the family fortune on one's own without property inherited from one's parents.,noun,daily life > life events,nikl-2024-mirror,https://huggingface.co/datasets/binjang/NIKL-korean-english-dictionary/resolve/3b4cfd2126debfd5440cade3ef6c2a3c20cf7cf9/2024_01.csv#record=12241,NIKL source band: advanced; project heuristic TOPIK 5: professional and social category; not an official per-grade list
ko-nikl-12264,자신만만하다,,Having a belief that one can achieve something satisfactorily on one's own.,descriptive verb,people > attitudes,nikl-2024-mirror,https://huggingface.co/datasets/binjang/NIKL-korean-english-dictionary/resolve/3b4cfd2126debfd5440cade3ef6c2a3c20cf7cf9/2024_01.csv#record=12264,NIKL source band: advanced; project heuristic TOPIK 5: professional and social category; not an official per-grade list
ko-nikl-12298,자영업,,A business that one manages and runs on one's own.,noun,social life > occupations,nikl-2024-mirror,https://huggingface.co/datasets/binjang/NIKL-korean-english-dictionary/resolve/3b4cfd2126debfd5440cade3ef6c2a3c20cf7cf9/2024_01.csv#record=12298,NIKL source band: advanced; project heuristic TOPIK 5: professional and social category; not an official per-grade list
ko-nikl-12305,자원봉사,,The act of doing something or helping someone of one's own accord without seeking a reward; such an activity.,noun,social life > social activities,nikl-2024-mirror,https://huggingface.co/datasets/binjang/NIKL-korean-english-dictionary/resolve/3b4cfd2126debfd5440cade3ef6c2a3c20cf7cf9/2024_01.csv#record=12305,NIKL source band: advanced; project heuristic TOPIK 5: professional and social category; not an official per-grade list
ko-nikl-12306,자원봉사자,,A person who does something or helps someone of his/her own accord without seeking a reward.,noun,people > types of people,nikl-2024-mirror,https://huggingface.co/datasets/binjang/NIKL-korean-english-dictionary/resolve/3b4cfd2126debfd5440cade3ef6c2a3c20cf7cf9/2024_01.csv#record=12306,NIKL source band: advanced; project heuristic TOPIK 5: professional and social category; not an official per-grade list
ko-nikl-12316,자유분방,,A state in which one's way of behaving or thinking is free without being bound by any fixed style or custom.,noun,people > attitudes,nikl-2024-mirror,https://huggingface.co/datasets/binjang/NIKL-korean-english-dictionary/resolve/3b4cfd2126debfd5440cade3ef6c2a3c20cf7cf9/2024_01.csv#record=12316,NIKL source band: advanced; project heuristic TOPIK 5: professional and social category; not an official per-grade list
ko-nikl-12319,자유자재,,The state of being able to do as one likes without reserve.,noun,people > abilities,nikl-2024-mirror,https://huggingface.co/datasets/binjang/NIKL-korean-english-dictionary/resolve/3b4cfd2126debfd5440cade3ef6c2a3c20cf7cf9/2024_01.csv#record=12319,NIKL source band: advanced; project heuristic TOPIK 5: professional and social category; not an official per-grade list
ko-nikl-12324,자율,,The act of controlling one's own behavior according to one's principles without being governed or restricted by others.,noun,people > attitudes,nikl-2024-mirror,https://huggingface.co/datasets/binjang/NIKL-korean-english-dictionary/resolve/3b4cfd2126debfd5440cade3ef6c2a3c20cf7cf9/2024_01.csv#record=12324,NIKL source band: advanced; project heuristic TOPIK 5: professional and social category; not an official per-grade list
ko-nikl-12325,자율성,,The quality of controlling oneself according to one's own principles without being governed or restricted by others.,noun,people > attitudes,nikl-2024-mirror,https://huggingface.co/datasets/binjang/NIKL-korean-english-dictionary/resolve/3b4cfd2126debfd5440cade3ef6c2a3c20cf7cf9/2024_01.csv#record=12325,NIKL source band: advanced; project heuristic TOPIK 5: professional and social category; not an official per-grade list
ko-nikl-12326,자율적,,The attitude of controlling oneself according to one's own principles without being governed or restricted by others.,noun,people > attitudes,nikl-2024-mirror,https://huggingface.co/datasets/binjang/NIKL-korean-english-dictionary/resolve/3b4cfd2126debfd5440cade3ef6c2a3c20cf7cf9/2024_01.csv#record=12326,NIKL source band: advanced; project heuristic TOPIK 5: professional and social category; not an official per-grade list
ko-nikl-12335,자자손손,,Offspring that descends from generation to generation.,noun,daily life > family relationships,nikl-2024-mirror,https://huggingface.co/datasets/binjang/NIKL-korean-english-dictionary/resolve/3b4cfd2126debfd5440cade3ef6c2a3c20cf7cf9/2024_01.csv#record=12335,NIKL source band: advanced; project heuristic TOPIK 5: professional and social category; not an official per-grade list
ko-nikl-12344,자장가,,A song that one sings when putting a child to sleep.,noun,culture > music,nikl-2024-mirror,https://huggingface.co/datasets/binjang/NIKL-korean-english-dictionary/resolve/3b4cfd2126debfd5440cade3ef6c2a3c20cf7cf9/2024_01.csv#record=12344,NIKL source band: advanced; project heuristic TOPIK 5: professional and social category; not an official per-grade list
ko-nikl-12347,자재,,A basic object or thing needed for making something.,noun,housing > parts of a home,nikl-2024-mirror,https://huggingface.co/datasets/binjang/NIKL-korean-english-dictionary/resolve/3b4cfd2126debfd5440cade3ef6c2a3c20cf7cf9/2024_01.csv#record=12347,NIKL source band: advanced; project heuristic TOPIK 5: professional and social category; not an official per-grade list
ko-nikl-12354,자정,,Twelve o'clock at night.,noun,concepts > time,nikl-2024-mirror,https://huggingface.co/datasets/binjang/NIKL-korean-english-dictionary/resolve/3b4cfd2126debfd5440cade3ef6c2a3c20cf7cf9/2024_01.csv#record=12354,NIKL source band: advanced; project heuristic TOPIK 5: professional and social category; not an official per-grade list
ko-nikl-12381,자질,,One's personality or character that one was born with. / An ability or capacity for something. / One's health or physical characteristics that one was born with.,noun,people > abilities,nikl-2024-mirror,https://huggingface.co/datasets/binjang/NIKL-korean-english-dictionary/resolve/3b4cfd2126debfd5440cade3ef6c2a3c20cf7cf9/2024_01.csv#record=12381,NIKL source band: advanced; project heuristic TOPIK 5: professional and social category; not an official per-grade list
ko-nikl-12413,자태,,"The beautiful appearance or attitude of a woman. / (figurative) The good form or shape of a mountain, river, architecture, plant, etc.",noun,concepts > shape,nikl-2024-mirror,https://huggingface.co/datasets/binjang/NIKL-korean-english-dictionary/resolve/3b4cfd2126debfd5440cade3ef6c2a3c20cf7cf9/2024_01.csv#record=12413,NIKL source band: advanced; project heuristic TOPIK 5: professional and social category; not an official per-grade list
ko-nikl-12472,작별,,The act of exchanging good-byes and parting with each other.,noun,social life > social activities,nikl-2024-mirror,https://huggingface.co/datasets/binjang/NIKL-korean-english-dictionary/resolve/3b4cfd2126debfd5440cade3ef6c2a3c20cf7cf9/2024_01.csv#record=12472,NIKL source band: advanced; project heuristic TOPIK 5: professional and social category; not an official per-grade list
ko-nikl-12482,작성자,,"A person who has made a script, document, etc.",noun,people > types of people,nikl-2024-mirror,https://huggingface.co/datasets/binjang/NIKL-korean-english-dictionary/resolve/3b4cfd2126debfd5440cade3ef6c2a3c20cf7cf9/2024_01.csv#record=12482,NIKL source band: advanced; project heuristic TOPIK 5: professional and social category; not an official per-grade list
ko-nikl-12547,잔고,,The amount of money left unspent.,noun,economy > financial instruments,nikl-2024-mirror,https://huggingface.co/datasets/binjang/NIKL-korean-english-dictionary/resolve/3b4cfd2126debfd5440cade3ef6c2a3c20cf7cf9/2024_01.csv#record=12547,NIKL source band: advanced; project heuristic TOPIK 5: professional and social category; not an official per-grade list
ko-nikl-12554,잔돈,,A small unit of money. / A small amount of money. / Money spent on trifling things.,noun,economy > financial instruments,nikl-2024-mirror,https://huggingface.co/datasets/binjang/NIKL-korean-english-dictionary/resolve/3b4cfd2126debfd5440cade3ef6c2a3c20cf7cf9/2024_01.csv#record=12554,NIKL source band: advanced; project heuristic TOPIK 5: professional and social category; not an official per-grade list
ko-nikl-12614,잘다,,"A round object such as a grain, fruit, a grain of sand, etc., or the size of a character being small. / A long object being thin and small. / Minute and detailed. / One's thoughts or personality being not generous or broad. / Movements being small and fast.",descriptive verb,concepts > shape,nikl-2024-mirror,https://huggingface.co/datasets/binjang/NIKL-korean-english-dictionary/resolve/3b4cfd2126debfd5440cade3ef6c2a3c20cf7cf9/2024_01.csv#record=12614,NIKL source band: advanced; project heuristic TOPIK 5: professional and social category; not an official per-grade list
ko-nikl-12681,잠재력,,Power that is hiding without being exposed.,noun,people > abilities,nikl-2024-mirror,https://huggingface.co/datasets/binjang/NIKL-korean-english-dictionary/resolve/3b4cfd2126debfd5440cade3ef6c2a3c20cf7cf9/2024_01.csv#record=12681,NIKL source band: advanced; project heuristic TOPIK 5: professional and social category; not an official per-grade list
ko-nikl-12748,잡초,,One of a variety of grass species that sprout out and grow without cultivation.,noun,plants and animals > plants,nikl-2024-mirror,https://huggingface.co/datasets/binjang/NIKL-korean-english-dictionary/resolve/3b4cfd2126debfd5440cade3ef6c2a3c20cf7cf9/2024_01.csv#record=12748,NIKL source band: advanced; project heuristic TOPIK 5: professional and social category; not an official per-grade list
ko-nikl-12775,장,,"A salty, black-colored liquid used for seasoning food. / Soy sauce, gochujang, red chili paste, doenjang, soybean paste, etc.",noun,food > ingredients,nikl-2024-mirror,https://huggingface.co/datasets/binjang/NIKL-korean-english-dictionary/resolve/3b4cfd2126debfd5440cade3ef6c2a3c20cf7cf9/2024_01.csv#record=12775,NIKL source band: advanced; project heuristic TOPIK 5: professional and social category; not an official per-grade list
ko-nikl-12801,장기,,Something one is very good at.,noun,people > abilities,nikl-2024-mirror,https://huggingface.co/datasets/binjang/NIKL-korean-english-dictionary/resolve/3b4cfd2126debfd5440cade3ef6c2a3c20cf7cf9/2024_01.csv#record=12801,NIKL source band: advanced; project heuristic TOPIK 5: professional and social category; not an official per-grade list
ko-nikl-12802,장기,,A long period.,noun,concepts > time,nikl-2024-mirror,https://huggingface.co/datasets/binjang/NIKL-korean-english-dictionary/resolve/3b4cfd2126debfd5440cade3ef6c2a3c20cf7cf9/2024_01.csv#record=12802,NIKL source band: advanced; project heuristic TOPIK 5: professional and social category; not an official per-grade list
ko-nikl-12831,장년,,"An age in years between 30 to 40 in which a person is the most active during his/her life, or a person of such an age.",noun,daily life > life circumstances,nikl-2024-mirror,https://huggingface.co/datasets/binjang/NIKL-korean-english-dictionary/resolve/3b4cfd2126debfd5440cade3ef6c2a3c20cf7cf9/2024_01.csv#record=12831,NIKL source band: advanced; project heuristic TOPIK 5: professional and social category; not an official per-grade list
ko-nikl-12855,장래성,,A possibility to be successful or making it big in the future.,noun,people > abilities,nikl-2024-mirror,https://huggingface.co/datasets/binjang/NIKL-korean-english-dictionary/resolve/3b4cfd2126debfd5440cade3ef6c2a3c20cf7cf9/2024_01.csv#record=12855,NIKL source band: advanced; project heuristic TOPIK 5: professional and social category; not an official per-grade list
ko-nikl-12862,장례,,The practice of burying or cremating a person after death.,noun,daily life > family events,nikl-2024-mirror,https://huggingface.co/datasets/binjang/NIKL-korean-english-dictionary/resolve/3b4cfd2126debfd5440cade3ef6c2a3c20cf7cf9/2024_01.csv#record=12862,NIKL source band: advanced; project heuristic TOPIK 5: professional and social category; not an official per-grade list
ko-nikl-12892,장본인,,The very person who caused a certain situation to occur.,noun,people > types of people,nikl-2024-mirror,https://huggingface.co/datasets/binjang/NIKL-korean-english-dictionary/resolve/3b4cfd2126debfd5440cade3ef6c2a3c20cf7cf9/2024_01.csv#record=12892,NIKL source band: advanced; project heuristic TOPIK 5: professional and social category; not an official per-grade list
ko-nikl-12918,장시간,,A long period of time.,noun,concepts > time,nikl-2024-mirror,https://huggingface.co/datasets/binjang/NIKL-korean-english-dictionary/resolve/3b4cfd2126debfd5440cade3ef6c2a3c20cf7cf9/2024_01.csv#record=12918,NIKL source band: advanced; project heuristic TOPIK 5: professional and social category; not an official per-grade list
ko-nikl-12944,장유유서,,An idiom meaning that there is a strict order that needs to be followed and obeyed between adults and children.,noun,social life > social activities,nikl-2024-mirror,https://huggingface.co/datasets/binjang/NIKL-korean-english-dictionary/resolve/3b4cfd2126debfd5440cade3ef6c2a3c20cf7cf9/2024_01.csv#record=12944,NIKL source band: advanced; project heuristic TOPIK 5: professional and social category; not an official per-grade list
ko-nikl-13064,재력,,"The power of wealth, or the power gained from having a lot of wealth.",noun,economy > economic conditions,nikl-2024-mirror,https://huggingface.co/datasets/binjang/NIKL-korean-english-dictionary/resolve/3b4cfd2126debfd5440cade3ef6c2a3c20cf7cf9/2024_01.csv#record=13064,NIKL source band: advanced; project heuristic TOPIK 5: professional and social category; not an official per-grade list
ko-nikl-13074,재무,,Matters related to money and assets.,noun,economy > financial instruments,nikl-2024-mirror,https://huggingface.co/datasets/binjang/NIKL-korean-english-dictionary/resolve/3b4cfd2126debfd5440cade3ef6c2a3c20cf7cf9/2024_01.csv#record=13074,NIKL source band: advanced; project heuristic TOPIK 5: professional and social category; not an official per-grade list
ko-nikl-13075,재물,,All things valuable including money.,noun,economy > financial instruments,nikl-2024-mirror,https://huggingface.co/datasets/binjang/NIKL-korean-english-dictionary/resolve/3b4cfd2126debfd5440cade3ef6c2a3c20cf7cf9/2024_01.csv#record=13075,NIKL source band: advanced; project heuristic TOPIK 5: professional and social category; not an official per-grade list
ko-nikl-13093,재배,,The act of planting and tending plants.,noun,economy > economic activities,nikl-2024-mirror,https://huggingface.co/datasets/binjang/NIKL-korean-english-dictionary/resolve/3b4cfd2126debfd5440cade3ef6c2a3c20cf7cf9/2024_01.csv#record=13093,NIKL source band: advanced; project heuristic TOPIK 5: professional and social category; not an official per-grade list
ko-nikl-13098,재벌,,"In business, a group of businessmen or financiers with a lot of capital and significant power.",noun,economy > economic actors,nikl-2024-mirror,https://huggingface.co/datasets/binjang/NIKL-korean-english-dictionary/resolve/3b4cfd2126debfd5440cade3ef6c2a3c20cf7cf9/2024_01.csv#record=13098,NIKL source band: advanced; project heuristic TOPIK 5: professional and social category; not an official per-grade list
ko-nikl-13109,재빠르다,,"A movement, etc., being nimble and fast.",descriptive verb,people > attitudes,nikl-2024-mirror,https://huggingface.co/datasets/binjang/NIKL-korean-english-dictionary/resolve/3b4cfd2126debfd5440cade3ef6c2a3c20cf7cf9/2024_01.csv#record=13109,NIKL source band: advanced; project heuristic TOPIK 5: professional and social category; not an official per-grade list
ko-nikl-13130,재수,,"after one fails an entrance exam, the act of studying again for the next entrance exam.",noun,education > teaching and learning,nikl-2024-mirror,https://huggingface.co/datasets/binjang/NIKL-korean-english-dictionary/resolve/3b4cfd2126debfd5440cade3ef6c2a3c20cf7cf9/2024_01.csv#record=13130,NIKL source band: advanced; project heuristic TOPIK 5: professional and social category; not an official per-grade list
ko-nikl-13154,재원,,A source which necessary money comes from.,noun,economy > financial instruments,nikl-2024-mirror,https://huggingface.co/datasets/binjang/NIKL-korean-english-dictionary/resolve/3b4cfd2126debfd5440cade3ef6c2a3c20cf7cf9/2024_01.csv#record=13154,NIKL source band: advanced; project heuristic TOPIK 5: professional and social category; not an official per-grade list
ko-nikl-13174,재정,,"The act of a group or nation managing and using its income and assets, or the state of such management.",noun,economy > economic conditions,nikl-2024-mirror,https://huggingface.co/datasets/binjang/NIKL-korean-english-dictionary/resolve/3b4cfd2126debfd5440cade3ef6c2a3c20cf7cf9/2024_01.csv#record=13174,NIKL source band: advanced; project heuristic TOPIK 5: professional and social category; not an official per-grade list
ko-nikl-13185,재정적,,Something that relates to finances.,noun,economy > economic conditions,nikl-2024-mirror,https://huggingface.co/datasets/binjang/NIKL-korean-english-dictionary/resolve/3b4cfd2126debfd5440cade3ef6c2a3c20cf7cf9/2024_01.csv#record=13185,NIKL source band: advanced; project heuristic TOPIK 5: professional and social category; not an official per-grade list
ko-nikl-13209,재직,,The state of belonging to and working for an organization.,noun,social life > workplace life,nikl-2024-mirror,https://huggingface.co/datasets/binjang/NIKL-korean-english-dictionary/resolve/3b4cfd2126debfd5440cade3ef6c2a3c20cf7cf9/2024_01.csv#record=13209,NIKL source band: advanced; project heuristic TOPIK 5: professional and social category; not an official per-grade list
ko-nikl-13227,재치,,The ability to deal with something adroitly and skillfully.,noun,people > abilities,nikl-2024-mirror,https://huggingface.co/datasets/binjang/NIKL-korean-english-dictionary/resolve/3b4cfd2126debfd5440cade3ef6c2a3c20cf7cf9/2024_01.csv#record=13227,NIKL source band: advanced; project heuristic TOPIK 5: professional and social category; not an official per-grade list
ko-nikl-13233,재테크,,The act of efficiently managing one's money or assets to earn profits.,noun,economy > economic activities,nikl-2024-mirror,https://huggingface.co/datasets/binjang/NIKL-korean-english-dictionary/resolve/3b4cfd2126debfd5440cade3ef6c2a3c20cf7cf9/2024_01.csv#record=13233,NIKL source band: advanced; project heuristic TOPIK 5: professional and social category; not an official per-grade list
ko-nikl-13257,재혼,,"The act of getting married again, or such a marriage.",noun,daily life > life events,nikl-2024-mirror,https://huggingface.co/datasets/binjang/NIKL-korean-english-dictionary/resolve/3b4cfd2126debfd5440cade3ef6c2a3c20cf7cf9/2024_01.csv#record=13257,NIKL source band: advanced; project heuristic TOPIK 5: professional and social category; not an official per-grade list
ko-nikl-13262,재활,,The act of beginning one&apos;s activities again. / People with disabilities receive treatment or training to participate in daily life or social activities.,noun,daily life > medical treatment,nikl-2024-mirror,https://huggingface.co/datasets/binjang/NIKL-korean-english-dictionary/resolve/3b4cfd2126debfd5440cade3ef6c2a3c20cf7cf9/2024_01.csv#record=13262,NIKL source band: advanced; project heuristic TOPIK 5: professional and social category; not an official per-grade list
ko-nikl-13273,잽싸다,,Very quick-witted or quick in action.,descriptive verb,people > attitudes,nikl-2024-mirror,https://huggingface.co/datasets/binjang/NIKL-korean-english-dictionary/resolve/3b4cfd2126debfd5440cade3ef6c2a3c20cf7cf9/2024_01.csv#record=13273,NIKL source band: advanced; project heuristic TOPIK 5: professional and social category; not an official per-grade list
ko-nikl-13307,저가,,A low price.,noun,economy > economic conditions,nikl-2024-mirror,https://huggingface.co/datasets/binjang/NIKL-korean-english-dictionary/resolve/3b4cfd2126debfd5440cade3ef6c2a3c20cf7cf9/2024_01.csv#record=13307,NIKL source band: advanced; project heuristic TOPIK 5: professional and social category; not an official per-grade list
ko-nikl-13316,저고리,,A traditional Korean upper garment.,noun,clothing and appearance > types of clothing,nikl-2024-mirror,https://huggingface.co/datasets/binjang/NIKL-korean-english-dictionary/resolve/3b4cfd2126debfd5440cade3ef6c2a3c20cf7cf9/2024_01.csv#record=13316,NIKL source band: advanced; project heuristic TOPIK 5: professional and social category; not an official per-grade list
ko-nikl-13382,저리다,,"A joint or another body part being weighed down for a long while, hindering blood circulation and causing numbness and tingling. / A joint or another body part hurting with a stinging pain. / One's heart hurting so much that the pain is unbearable.",descriptive verb,people > senses,nikl-2024-mirror,https://huggingface.co/datasets/binjang/NIKL-korean-english-dictionary/resolve/3b4cfd2126debfd5440cade3ef6c2a3c20cf7cf9/2024_01.csv#record=13382,NIKL source band: advanced; project heuristic TOPIK 5: professional and social category; not an official per-grade list
ko-nikl-13411,저소득,,An income that is small.,noun,economy > economic conditions,nikl-2024-mirror,https://huggingface.co/datasets/binjang/NIKL-korean-english-dictionary/resolve/3b4cfd2126debfd5440cade3ef6c2a3c20cf7cf9/2024_01.csv#record=13411,NIKL source band: advanced; project heuristic TOPIK 5: professional and social category; not an official per-grade list
ko-nikl-13489,저학력,,A quality of having a low level of education.,noun,people > abilities,nikl-2024-mirror,https://huggingface.co/datasets/binjang/NIKL-korean-english-dictionary/resolve/3b4cfd2126debfd5440cade3ef6c2a3c20cf7cf9/2024_01.csv#record=13489,NIKL source band: advanced; project heuristic TOPIK 5: professional and social category; not an official per-grade list
ko-nikl-13496,저혈압,,A condition where the blood pressure is lower than normal.,noun,daily life > illness and symptoms,nikl-2024-mirror,https://huggingface.co/datasets/binjang/NIKL-korean-english-dictionary/resolve/3b4cfd2126debfd5440cade3ef6c2a3c20cf7cf9/2024_01.csv#record=13496,NIKL source band: advanced; project heuristic TOPIK 5: professional and social category; not an official per-grade list
ko-nikl-13513,적금,,"The act of accumulating money, or such money. / A type of savings where deposits are made with the bank over a certain period before withdrawal.",noun,economy > economic activities,nikl-2024-mirror,https://huggingface.co/datasets/binjang/NIKL-korean-english-dictionary/resolve/3b4cfd2126debfd5440cade3ef6c2a3c20cf7cf9/2024_01.csv#record=13513,NIKL source band: advanced; project heuristic TOPIK 5: professional and social category; not an official per-grade list
ko-nikl-13524,적대,,The act of treating someone as an enemy.,noun,social life > social activities,nikl-2024-mirror,https://huggingface.co/datasets/binjang/NIKL-korean-english-dictionary/resolve/3b4cfd2126debfd5440cade3ef6c2a3c20cf7cf9/2024_01.csv#record=13524,NIKL source band: advanced; project heuristic TOPIK 5: professional and social category; not an official per-grade list
ko-nikl-13534,적도,,A line where the earth's surface meets with a cross section perpendicular to the rotational axis that runs through the center of the earth.,noun,concepts > regions,nikl-2024-mirror,https://huggingface.co/datasets/binjang/NIKL-korean-english-dictionary/resolve/3b4cfd2126debfd5440cade3ef6c2a3c20cf7cf9/2024_01.csv#record=13534,NIKL source band: advanced; project heuristic TOPIK 5: professional and social category; not an official per-grade list
ko-nikl-13536,적령기,,An age range that is considered appropriate for doing something.,noun,concepts > time,nikl-2024-mirror,https://huggingface.co/datasets/binjang/NIKL-korean-english-dictionary/resolve/3b4cfd2126debfd5440cade3ef6c2a3c20cf7cf9/2024_01.csv#record=13536,NIKL source band: advanced; project heuristic TOPIK 5: professional and social category; not an official per-grade list
ko-nikl-13537,적립,,"The act of saving money, items, etc.",noun,economy > economic activities,nikl-2024-mirror,https://huggingface.co/datasets/binjang/NIKL-korean-english-dictionary/resolve/3b4cfd2126debfd5440cade3ef6c2a3c20cf7cf9/2024_01.csv#record=13537,NIKL source band: advanced; project heuristic TOPIK 5: professional and social category; not an official per-grade list
ko-nikl-13553,적색,,Dark red. / The color that symbolizes communism or socialism.,noun,concepts > colors,nikl-2024-mirror,https://huggingface.co/datasets/binjang/NIKL-korean-english-dictionary/resolve/3b4cfd2126debfd5440cade3ef6c2a3c20cf7cf9/2024_01.csv#record=13553,NIKL source band: advanced; project heuristic TOPIK 5: professional and social category; not an official per-grade list
ko-nikl-13581,적응력,,"An ability to get accustomed to, or change to fit into, a condition or environment.",noun,people > abilities,nikl-2024-mirror,https://huggingface.co/datasets/binjang/NIKL-korean-english-dictionary/resolve/3b4cfd2126debfd5440cade3ef6c2a3c20cf7cf9/2024_01.csv#record=13581,NIKL source band: advanced; project heuristic TOPIK 5: professional and social category; not an official per-grade list
ko-nikl-13678,전구,,"A round glass device that emits light, powered by electricity.",noun,housing > household goods,nikl-2024-mirror,https://huggingface.co/datasets/binjang/NIKL-korean-english-dictionary/resolve/3b4cfd2126debfd5440cade3ef6c2a3c20cf7cf9/2024_01.csv#record=13678,NIKL source band: advanced; project heuristic TOPIK 5: professional and social category; not an official per-grade list
ko-nikl-13693,전기,,The first of the periods in a timeframe.,noun,concepts > time,nikl-2024-mirror,https://huggingface.co/datasets/binjang/NIKL-korean-english-dictionary/resolve/3b4cfd2126debfd5440cade3ef6c2a3c20cf7cf9/2024_01.csv#record=13693,NIKL source band: advanced; project heuristic TOPIK 5: professional and social category; not an official per-grade list
ko-nikl-13707,전년,,The year right before this year. / A year that passed.,noun,concepts > time,nikl-2024-mirror,https://huggingface.co/datasets/binjang/NIKL-korean-english-dictionary/resolve/3b4cfd2126debfd5440cade3ef6c2a3c20cf7cf9/2024_01.csv#record=13707,NIKL source band: advanced; project heuristic TOPIK 5: professional and social category; not an official per-grade list
ko-nikl-13709,전념,,The act of concentrating one's mind on one thing only.,noun,people > attitudes,nikl-2024-mirror,https://huggingface.co/datasets/binjang/NIKL-korean-english-dictionary/resolve/3b4cfd2126debfd5440cade3ef6c2a3c20cf7cf9/2024_01.csv#record=13709,NIKL source band: advanced; project heuristic TOPIK 5: professional and social category; not an official per-grade list
ko-nikl-13741,전등,,A light bulb that is powered by electricity.,noun,housing > household goods,nikl-2024-mirror,https://huggingface.co/datasets/binjang/NIKL-korean-english-dictionary/resolve/3b4cfd2126debfd5440cade3ef6c2a3c20cf7cf9/2024_01.csv#record=13741,NIKL source band: advanced; project heuristic TOPIK 5: professional and social category; not an official per-grade list
ko-nikl-13760,전력,,All one's energy,noun,people > attitudes,nikl-2024-mirror,https://huggingface.co/datasets/binjang/NIKL-korean-english-dictionary/resolve/3b4cfd2126debfd5440cade3ef6c2a3c20cf7cf9/2024_01.csv#record=13760,NIKL source band: advanced; project heuristic TOPIK 5: professional and social category; not an official per-grade list
ko-nikl-13800,전문,,The entirety of a text.,noun,social life > communication tools,nikl-2024-mirror,https://huggingface.co/datasets/binjang/NIKL-korean-english-dictionary/resolve/3b4cfd2126debfd5440cade3ef6c2a3c20cf7cf9/2024_01.csv#record=13800,NIKL source band: advanced; project heuristic TOPIK 5: professional and social category; not an official per-grade list
ko-nikl-13817,전반,,The entirety of an affair or field.,noun,concepts > time,nikl-2024-mirror,https://huggingface.co/datasets/binjang/NIKL-korean-english-dictionary/resolve/3b4cfd2126debfd5440cade3ef6c2a3c20cf7cf9/2024_01.csv#record=13817,NIKL source band: advanced; project heuristic TOPIK 5: professional and social category; not an official per-grade list
ko-nikl-13861,전성기,,"A period where one's strength, power, etc., is at its highest.",noun,concepts > time,nikl-2024-mirror,https://huggingface.co/datasets/binjang/NIKL-korean-english-dictionary/resolve/3b4cfd2126debfd5440cade3ef6c2a3c20cf7cf9/2024_01.csv#record=13861,NIKL source band: advanced; project heuristic TOPIK 5: professional and social category; not an official per-grade list
ko-nikl-13871,전셋값,,The amount of money given to the landlord of a building or house as a fully refundable lump-sum deposit when one rents it on a jeonse basis.,noun,economy > financial instruments,nikl-2024-mirror,https://huggingface.co/datasets/binjang/NIKL-korean-english-dictionary/resolve/3b4cfd2126debfd5440cade3ef6c2a3c20cf7cf9/2024_01.csv#record=13871,NIKL source band: advanced; project heuristic TOPIK 5: professional and social category; not an official per-grade list
ko-nikl-13881,전송,,"The act of sending a text, photo, etc., by using an electric current or wave.",noun,social life > telecommunications,nikl-2024-mirror,https://huggingface.co/datasets/binjang/NIKL-korean-english-dictionary/resolve/3b4cfd2126debfd5440cade3ef6c2a3c20cf7cf9/2024_01.csv#record=13881,NIKL source band: advanced; project heuristic TOPIK 5: professional and social category; not an official per-grade list
ko-nikl-13903,전시관,,A building in which items with significance are exhibited.,noun,culture > cultural venues,nikl-2024-mirror,https://huggingface.co/datasets/binjang/NIKL-korean-english-dictionary/resolve/3b4cfd2126debfd5440cade3ef6c2a3c20cf7cf9/2024_01.csv#record=13903,NIKL source band: advanced; project heuristic TOPIK 5: professional and social category; not an official per-grade list
ko-nikl-13911,전신,,The entire body.,noun,people > body parts,nikl-2024-mirror,https://huggingface.co/datasets/binjang/NIKL-korean-english-dictionary/resolve/3b4cfd2126debfd5440cade3ef6c2a3c20cf7cf9/2024_01.csv#record=13911,NIKL source band: advanced; project heuristic TOPIK 5: professional and social category; not an official per-grade list
ko-nikl-13921,전액,,The entirety of an amount.,noun,economy > financial instruments,nikl-2024-mirror,https://huggingface.co/datasets/binjang/NIKL-korean-english-dictionary/resolve/3b4cfd2126debfd5440cade3ef6c2a3c20cf7cf9/2024_01.csv#record=13921,NIKL source band: advanced; project heuristic TOPIK 5: professional and social category; not an official per-grade list
ko-nikl-13930,전역,,The entire area of a region.,noun,concepts > regions,nikl-2024-mirror,https://huggingface.co/datasets/binjang/NIKL-korean-english-dictionary/resolve/3b4cfd2126debfd5440cade3ef6c2a3c20cf7cf9/2024_01.csv#record=13930,NIKL source band: advanced; project heuristic TOPIK 5: professional and social category; not an official per-grade list
ko-nikl-13938,전염,,"The act of one's disease being spread to another. / The act of one becoming similar to another by being affected by his/her habits, vibe, mood, etc.",noun,daily life > illness and symptoms,nikl-2024-mirror,https://huggingface.co/datasets/binjang/NIKL-korean-english-dictionary/resolve/3b4cfd2126debfd5440cade3ef6c2a3c20cf7cf9/2024_01.csv#record=13938,NIKL source band: advanced; project heuristic TOPIK 5: professional and social category; not an official per-grade list
ko-nikl-13940,전염병,,A disease that is easily spread to others.,noun,daily life > illness and symptoms,nikl-2024-mirror,https://huggingface.co/datasets/binjang/NIKL-korean-english-dictionary/resolve/3b4cfd2126debfd5440cade3ef6c2a3c20cf7cf9/2024_01.csv#record=13940,NIKL source band: advanced; project heuristic TOPIK 5: professional and social category; not an official per-grade list
ko-nikl-13963,전율,,"A state in which one trembles from horror or fear. / (figurative) A state in which one is overwhelmed by emotion, to the point where one shivers.",noun,people > senses,nikl-2024-mirror,https://huggingface.co/datasets/binjang/NIKL-korean-english-dictionary/resolve/3b4cfd2126debfd5440cade3ef6c2a3c20cf7cf9/2024_01.csv#record=13963,NIKL source band: advanced; project heuristic TOPIK 5: professional and social category; not an official per-grade list
ko-nikl-14016,전직,,An occupation or position that one used to have.,noun,social life > occupations,nikl-2024-mirror,https://huggingface.co/datasets/binjang/NIKL-korean-english-dictionary/resolve/3b4cfd2126debfd5440cade3ef6c2a3c20cf7cf9/2024_01.csv#record=14016,NIKL source band: advanced; project heuristic TOPIK 5: professional and social category; not an official per-grade list
ko-nikl-14055,전파,,To distribute something to spread it widely.,noun,social life > telecommunications,nikl-2024-mirror,https://huggingface.co/datasets/binjang/NIKL-korean-english-dictionary/resolve/3b4cfd2126debfd5440cade3ef6c2a3c20cf7cf9/2024_01.csv#record=14055,NIKL source band: advanced; project heuristic TOPIK 5: professional and social category; not an official per-grade list
ko-nikl-14068,전학,,The act of moving from one's current school to a new one.,noun,education > teaching and learning,nikl-2024-mirror,https://huggingface.co/datasets/binjang/NIKL-korean-english-dictionary/resolve/3b4cfd2126debfd5440cade3ef6c2a3c20cf7cf9/2024_01.csv#record=14068,NIKL source band: advanced; project heuristic TOPIK 5: professional and social category; not an official per-grade list
ko-nikl-14093,전환기,,A period when the direction or situation changes.,noun,concepts > time,nikl-2024-mirror,https://huggingface.co/datasets/binjang/NIKL-korean-english-dictionary/resolve/3b4cfd2126debfd5440cade3ef6c2a3c20cf7cf9/2024_01.csv#record=14093,NIKL source band: advanced; project heuristic TOPIK 5: professional and social category; not an official per-grade list
ko-nikl-14112,절감,,The act of reducing consumption by spending thriftily.,noun,economy > economic activities,nikl-2024-mirror,https://huggingface.co/datasets/binjang/NIKL-korean-english-dictionary/resolve/3b4cfd2126debfd5440cade3ef6c2a3c20cf7cf9/2024_01.csv#record=14112,NIKL source band: advanced; project heuristic TOPIK 5: professional and social category; not an official per-grade list
ko-nikl-14129,절다,,To walk with one's body tottering to one side because one of one's legs is shorter or injured.,verb,people > physical actions,nikl-2024-mirror,https://huggingface.co/datasets/binjang/NIKL-korean-english-dictionary/resolve/3b4cfd2126debfd5440cade3ef6c2a3c20cf7cf9/2024_01.csv#record=14129,NIKL source band: advanced; project heuristic TOPIK 5: professional and social category; not an official per-grade list
ko-nikl-14180,절실하다,,Having a feeling or thought that is very intense and strong. / Very urgent and necessary / Very appropriate and exactly right in reality.,descriptive verb,people > emotions,nikl-2024-mirror,https://huggingface.co/datasets/binjang/NIKL-korean-english-dictionary/resolve/3b4cfd2126debfd5440cade3ef6c2a3c20cf7cf9/2024_01.csv#record=14180,NIKL source band: advanced; project heuristic TOPIK 5: professional and social category; not an official per-grade list
ko-nikl-14188,절이다,,"To cause salt, vinegar, sugar, etc., to permeate ingredients.",verb,food > eating and cooking,nikl-2024-mirror,https://huggingface.co/datasets/binjang/NIKL-korean-english-dictionary/resolve/3b4cfd2126debfd5440cade3ef6c2a3c20cf7cf9/2024_01.csv#record=14188,NIKL source band: advanced; project heuristic TOPIK 5: professional and social category; not an official per-grade list
ko-nikl-14190,절전,,The act of saving electricity.,noun,economy > economic activities,nikl-2024-mirror,https://huggingface.co/datasets/binjang/NIKL-korean-english-dictionary/resolve/3b4cfd2126debfd5440cade3ef6c2a3c20cf7cf9/2024_01.csv#record=14190,NIKL source band: advanced; project heuristic TOPIK 5: professional and social category; not an official per-grade list
ko-nikl-14216,절친하다,,Very intimate,descriptive verb,social life > social conditions,nikl-2024-mirror,https://huggingface.co/datasets/binjang/NIKL-korean-english-dictionary/resolve/3b4cfd2126debfd5440cade3ef6c2a3c20cf7cf9/2024_01.csv#record=14216,NIKL source band: advanced; project heuristic TOPIK 5: professional and social category; not an official per-grade list
ko-nikl-14285,점포,,A place that sells goods.,noun,economy > commercial places,nikl-2024-mirror,https://huggingface.co/datasets/binjang/NIKL-korean-english-dictionary/resolve/3b4cfd2126debfd5440cade3ef6c2a3c20cf7cf9/2024_01.csv#record=14285,NIKL source band: advanced; project heuristic TOPIK 5: professional and social category; not an official per-grade list
ko-nikl-14286,점프,,"The act of leaping and reaching a higher place. / In sports such as skiing, diving and basketball, the act of leaping or jumping over.",noun,people > physical actions,nikl-2024-mirror,https://huggingface.co/datasets/binjang/NIKL-korean-english-dictionary/resolve/3b4cfd2126debfd5440cade3ef6c2a3c20cf7cf9/2024_01.csv#record=14286,NIKL source band: advanced; project heuristic TOPIK 5: professional and social category; not an official per-grade list
ko-nikl-14307,접대,,The act of tending to one's guests or serving them with food.,noun,social life > social activities,nikl-2024-mirror,https://huggingface.co/datasets/binjang/NIKL-korean-english-dictionary/resolve/3b4cfd2126debfd5440cade3ef6c2a3c20cf7cf9/2024_01.csv#record=14307,NIKL source band: advanced; project heuristic TOPIK 5: professional and social category; not an official per-grade list
ko-nikl-14342,접종,,"The act of injecting germs, antitoxins, antibodies, etc., into the body of a human or animal for disease prevention, treatment, diagnosis, experiment, etc., or such a task.",noun,daily life > medical treatment,nikl-2024-mirror,https://huggingface.co/datasets/binjang/NIKL-korean-english-dictionary/resolve/3b4cfd2126debfd5440cade3ef6c2a3c20cf7cf9/2024_01.csv#record=14342,NIKL source band: advanced; project heuristic TOPIK 5: professional and social category; not an official per-grade list
ko-nikl-14383,정감,,A feeling that evokes a certain emotion or sentiment.,noun,people > emotions,nikl-2024-mirror,https://huggingface.co/datasets/binjang/NIKL-korean-english-dictionary/resolve/3b4cfd2126debfd5440cade3ef6c2a3c20cf7cf9/2024_01.csv#record=14383,NIKL source band: advanced; project heuristic TOPIK 5: professional and social category; not an official per-grade list
ko-nikl-14392,정겹다,,Very lovely to the point of evoking a feeling of strong bond.,descriptive verb,social life > social conditions,nikl-2024-mirror,https://huggingface.co/datasets/binjang/NIKL-korean-english-dictionary/resolve/3b4cfd2126debfd5440cade3ef6c2a3c20cf7cf9/2024_01.csv#record=14392,NIKL source band: advanced; project heuristic TOPIK 5: professional and social category; not an official per-grade list
ko-nikl-14402,정교하다,,"Flawless, detailed and superb in skills or technique. / Precise and detailed in content or organization.",descriptive verb,concepts > shape,nikl-2024-mirror,https://huggingface.co/datasets/binjang/NIKL-korean-english-dictionary/resolve/3b4cfd2126debfd5440cade3ef6c2a3c20cf7cf9/2024_01.csv#record=14402,NIKL source band: advanced; project heuristic TOPIK 5: professional and social category; not an official per-grade list
ko-nikl-14411,정규직,,A position or job that guarantees employment up to a certain age and requires full-time work.,noun,social life > job positions,nikl-2024-mirror,https://huggingface.co/datasets/binjang/NIKL-korean-english-dictionary/resolve/3b4cfd2126debfd5440cade3ef6c2a3c20cf7cf9/2024_01.csv#record=14411,NIKL source band: advanced; project heuristic TOPIK 5: professional and social category; not an official per-grade list
ko-nikl-14423,정년,,An age at which a worker is required to retire.,noun,social life > workplace life,nikl-2024-mirror,https://huggingface.co/datasets/binjang/NIKL-korean-english-dictionary/resolve/3b4cfd2126debfd5440cade3ef6c2a3c20cf7cf9/2024_01.csv#record=14423,NIKL source band: advanced; project heuristic TOPIK 5: professional and social category; not an official per-grade list
ko-nikl-14424,정년퇴직,,"An act of resigning from one's job, at one's retirement age.",noun,social life > workplace life,nikl-2024-mirror,https://huggingface.co/datasets/binjang/NIKL-korean-english-dictionary/resolve/3b4cfd2126debfd5440cade3ef6c2a3c20cf7cf9/2024_01.csv#record=14424,NIKL source band: advanced; project heuristic TOPIK 5: professional and social category; not an official per-grade list
ko-nikl-14432,정답다,,Evoking feelings of warmth and closeness.,descriptive verb,social life > social conditions,nikl-2024-mirror,https://huggingface.co/datasets/binjang/NIKL-korean-english-dictionary/resolve/3b4cfd2126debfd5440cade3ef6c2a3c20cf7cf9/2024_01.csv#record=14432,NIKL source band: advanced; project heuristic TOPIK 5: professional and social category; not an official per-grade list
ko-nikl-14540,정사각형,,A rectangle having all four sides of equal length and all four angles of equal degree.,noun,concepts > shape,nikl-2024-mirror,https://huggingface.co/datasets/binjang/NIKL-korean-english-dictionary/resolve/3b4cfd2126debfd5440cade3ef6c2a3c20cf7cf9/2024_01.csv#record=14540,NIKL source band: advanced; project heuristic TOPIK 5: professional and social category; not an official per-grade list
ko-nikl-14566,정성스럽다,,Appearing genuine and sincere in trying to do one's best.,descriptive verb,people > attitudes,nikl-2024-mirror,https://huggingface.co/datasets/binjang/NIKL-korean-english-dictionary/resolve/3b4cfd2126debfd5440cade3ef6c2a3c20cf7cf9/2024_01.csv#record=14566,NIKL source band: advanced; project heuristic TOPIK 5: professional and social category; not an official per-grade list
ko-nikl-14589,정신과,,"A field of medical science that diagnoses and treats those who suffer from mental disorders, or the department of the hospital that is in charge of the field.",noun,daily life > health facilities,nikl-2024-mirror,https://huggingface.co/datasets/binjang/NIKL-korean-english-dictionary/resolve/3b4cfd2126debfd5440cade3ef6c2a3c20cf7cf9/2024_01.csv#record=14589,NIKL source band: advanced; project heuristic TOPIK 5: professional and social category; not an official per-grade list
ko-nikl-14592,정신력,,A mental fortitude to endure or accomplish something.,noun,people > abilities,nikl-2024-mirror,https://huggingface.co/datasets/binjang/NIKL-korean-english-dictionary/resolve/3b4cfd2126debfd5440cade3ef6c2a3c20cf7cf9/2024_01.csv#record=14592,NIKL source band: advanced; project heuristic TOPIK 5: professional and social category; not an official per-grade list
ko-nikl-14614,정열,,A spontaneous feeling that arises intensely and strongly.,noun,people > emotions,nikl-2024-mirror,https://huggingface.co/datasets/binjang/NIKL-korean-english-dictionary/resolve/3b4cfd2126debfd5440cade3ef6c2a3c20cf7cf9/2024_01.csv#record=14614,NIKL source band: advanced; project heuristic TOPIK 5: professional and social category; not an official per-grade list
ko-nikl-14615,정열적,,Something that carries a spontaneous feeling arising intensely and strongly.,noun,people > attitudes,nikl-2024-mirror,https://huggingface.co/datasets/binjang/NIKL-korean-english-dictionary/resolve/3b4cfd2126debfd5440cade3ef6c2a3c20cf7cf9/2024_01.csv#record=14615,NIKL source band: advanced; project heuristic TOPIK 5: professional and social category; not an official per-grade list
ko-nikl-14627,정월,,The first lunar month of the year.,noun,concepts > time,nikl-2024-mirror,https://huggingface.co/datasets/binjang/NIKL-korean-english-dictionary/resolve/3b4cfd2126debfd5440cade3ef6c2a3c20cf7cf9/2024_01.csv#record=14627,NIKL source band: advanced; project heuristic TOPIK 5: professional and social category; not an official per-grade list
ko-nikl-14671,정중하다,,Dignified and calm in attitude or demeanor.,descriptive verb,people > attitudes,nikl-2024-mirror,https://huggingface.co/datasets/binjang/NIKL-korean-english-dictionary/resolve/3b4cfd2126debfd5440cade3ef6c2a3c20cf7cf9/2024_01.csv#record=14671,NIKL source band: advanced; project heuristic TOPIK 5: professional and social category; not an official per-grade list
ko-nikl-14702,정체기,,"A period where an affair, situation, etc., fails to progress or develop and remains in a certain state.",noun,concepts > time,nikl-2024-mirror,https://huggingface.co/datasets/binjang/NIKL-korean-english-dictionary/resolve/3b4cfd2126debfd5440cade3ef6c2a3c20cf7cf9/2024_01.csv#record=14702,NIKL source band: advanced; project heuristic TOPIK 5: professional and social category; not an official per-grade list
ko-nikl-14778,젖히다,,To cause something to lean backward. / To perform an action such as putting something inside out so the inner side is revealed.,verb,people > physical actions,nikl-2024-mirror,https://huggingface.co/datasets/binjang/NIKL-korean-english-dictionary/resolve/3b4cfd2126debfd5440cade3ef6c2a3c20cf7cf9/2024_01.csv#record=14778,NIKL source band: advanced; project heuristic TOPIK 5: professional and social category; not an official per-grade list
ko-nikl-14801,제값,,A price that is appropriate for the value of the good.,noun,economy > financial instruments,nikl-2024-mirror,https://huggingface.co/datasets/binjang/NIKL-korean-english-dictionary/resolve/3b4cfd2126debfd5440cade3ef6c2a3c20cf7cf9/2024_01.csv#record=14801,NIKL source band: advanced; project heuristic TOPIK 5: professional and social category; not an official per-grade list
ko-nikl-14819,제과,,"The act of making cookies, bread, etc.",noun,food > eating and cooking,nikl-2024-mirror,https://huggingface.co/datasets/binjang/NIKL-korean-english-dictionary/resolve/3b4cfd2126debfd5440cade3ef6c2a3c20cf7cf9/2024_01.csv#record=14819,NIKL source band: advanced; project heuristic TOPIK 5: professional and social category; not an official per-grade list
ko-nikl-14886,제비,,"A small, fast summer migratory bird with a black back and white underside which flies to Korea in spring and moves southward in autumn.",noun,plants and animals > animals,nikl-2024-mirror,https://huggingface.co/datasets/binjang/NIKL-korean-english-dictionary/resolve/3b4cfd2126debfd5440cade3ef6c2a3c20cf7cf9/2024_01.csv#record=14886,NIKL source band: advanced; project heuristic TOPIK 5: professional and social category; not an official per-grade list
ko-nikl-14924,제약,,The act of producing medicine.,noun,daily life > medical treatment,nikl-2024-mirror,https://huggingface.co/datasets/binjang/NIKL-korean-english-dictionary/resolve/3b4cfd2126debfd5440cade3ef6c2a3c20cf7cf9/2024_01.csv#record=14924,NIKL source band: advanced; project heuristic TOPIK 5: professional and social category; not an official per-grade list
ko-nikl-14938,제의,,The act of presenting an opinion or an agenda item for the purpose of making a suggestion or discussing a matter.,noun,social life > social activities,nikl-2024-mirror,https://huggingface.co/datasets/binjang/NIKL-korean-english-dictionary/resolve/3b4cfd2126debfd5440cade3ef6c2a3c20cf7cf9/2024_01.csv#record=14938,NIKL source band: advanced; project heuristic TOPIK 5: professional and social category; not an official per-grade list
ko-nikl-14961,제작자,,A person who makes an item or work of art.,noun,culture > cultural participants,nikl-2024-mirror,https://huggingface.co/datasets/binjang/NIKL-korean-english-dictionary/resolve/3b4cfd2126debfd5440cade3ef6c2a3c20cf7cf9/2024_01.csv#record=14961,NIKL source band: advanced; project heuristic TOPIK 5: professional and social category; not an official per-grade list
ko-nikl-15031,조,,A collection of a relatively small number of persons gathered together for a purpose. / A unit of counting a collection of a small number of people. / A word that refers to a small group that is formed to perform a certain duty or role.,noun,concepts > counters,nikl-2024-mirror,https://huggingface.co/datasets/binjang/NIKL-korean-english-dictionary/resolve/3b4cfd2126debfd5440cade3ef6c2a3c20cf7cf9/2024_01.csv#record=15031,NIKL source band: advanced; project heuristic TOPIK 5: professional and social category; not an official per-grade list
ko-nikl-15068,조개,,"A freshwater or seawater animal that contains edible flesh between two hard, flat and round coverings.",noun,food > ingredients,nikl-2024-mirror,https://huggingface.co/datasets/binjang/NIKL-korean-english-dictionary/resolve/3b4cfd2126debfd5440cade3ef6c2a3c20cf7cf9/2024_01.csv#record=15068,NIKL source band: advanced; project heuristic TOPIK 5: professional and social category; not an official per-grade list
ko-nikl-15081,조국,,The country where one and generations of one's ancestors have lived. / The country in which one's nationality originates.,noun,concepts > regions,nikl-2024-mirror,https://huggingface.co/datasets/binjang/NIKL-korean-english-dictionary/resolve/3b4cfd2126debfd5440cade3ef6c2a3c20cf7cf9/2024_01.csv#record=15081,NIKL source band: advanced; project heuristic TOPIK 5: professional and social category; not an official per-grade list
ko-nikl-15083,조그마하다,,Being fairly small or little. / Being of little importance.,descriptive verb,concepts > shape,nikl-2024-mirror,https://huggingface.co/datasets/binjang/NIKL-korean-english-dictionary/resolve/3b4cfd2126debfd5440cade3ef6c2a3c20cf7cf9/2024_01.csv#record=15083,NIKL source band: advanced; project heuristic TOPIK 5: professional and social category; not an official per-grade list
ko-nikl-15089,조급하다,,Being impatient and in an extreme hurry.,descriptive verb,people > personality,nikl-2024-mirror,https://huggingface.co/datasets/binjang/NIKL-korean-english-dictionary/resolve/3b4cfd2126debfd5440cade3ef6c2a3c20cf7cf9/2024_01.csv#record=15089,NIKL source band: advanced; project heuristic TOPIK 5: professional and social category; not an official per-grade list
ko-nikl-15167,조리법,,A set of instructions for making food with a variety of ingredients.,noun,food > eating and cooking,nikl-2024-mirror,https://huggingface.co/datasets/binjang/NIKL-korean-english-dictionary/resolve/3b4cfd2126debfd5440cade3ef6c2a3c20cf7cf9/2024_01.csv#record=15167,NIKL source band: advanced; project heuristic TOPIK 5: professional and social category; not an official per-grade list
ko-nikl-15168,조리사,,A person who makes food at a restaurant.,noun,social life > occupations,nikl-2024-mirror,https://huggingface.co/datasets/binjang/NIKL-korean-english-dictionary/resolve/3b4cfd2126debfd5440cade3ef6c2a3c20cf7cf9/2024_01.csv#record=15168,NIKL source band: advanced; project heuristic TOPIK 5: professional and social category; not an official per-grade list
ko-nikl-15203,조문,,The act of visiting a bereaved family to express one's condolences and console the chief mourner.,noun,social life > social activities,nikl-2024-mirror,https://huggingface.co/datasets/binjang/NIKL-korean-english-dictionary/resolve/3b4cfd2126debfd5440cade3ef6c2a3c20cf7cf9/2024_01.csv#record=15203,NIKL source band: advanced; project heuristic TOPIK 5: professional and social category; not an official per-grade list
ko-nikl-15204,조문객,,A person who visits a bereaved family to express his/her condolences and console the chief mourner.,noun,social life > interpersonal relationships,nikl-2024-mirror,https://huggingface.co/datasets/binjang/NIKL-korean-english-dictionary/resolve/3b4cfd2126debfd5440cade3ef6c2a3c20cf7cf9/2024_01.csv#record=15204,NIKL source band: advanced; project heuristic TOPIK 5: professional and social category; not an official per-grade list
ko-nikl-15216,조부모,,One's grandfather and grandmother.,noun,daily life > family relationships,nikl-2024-mirror,https://huggingface.co/datasets/binjang/NIKL-korean-english-dictionary/resolve/3b4cfd2126debfd5440cade3ef6c2a3c20cf7cf9/2024_01.csv#record=15216,NIKL source band: advanced; project heuristic TOPIK 5: professional and social category; not an official per-grade list
ko-nikl-15243,조세,,A levy imposed by a nation or local government on its people to finance necessary expenditures.,noun,economy > financial instruments,nikl-2024-mirror,https://huggingface.co/datasets/binjang/NIKL-korean-english-dictionary/resolve/3b4cfd2126debfd5440cade3ef6c2a3c20cf7cf9/2024_01.csv#record=15243,NIKL source band: advanced; project heuristic TOPIK 5: professional and social category; not an official per-grade list
ko-nikl-41120,조연,,"In theater or film, the act of playing a supporting role to the lead character in the unfolding story, or an actor/actress playing such a role.",noun,culture > cultural participants,nikl-2024-mirror,https://huggingface.co/datasets/binjang/NIKL-korean-english-dictionary/resolve/3b4cfd2126debfd5440cade3ef6c2a3c20cf7cf9/2024_01.csv#record=41120,NIKL source band: advanced; project heuristic TOPIK 5: professional and social category; not an official per-grade list
ko-nikl-41138,조의,,An expression of mourning over the death of someone.,noun,social life > social activities,nikl-2024-mirror,https://huggingface.co/datasets/binjang/NIKL-korean-english-dictionary/resolve/3b4cfd2126debfd5440cade3ef6c2a3c20cf7cf9/2024_01.csv#record=41138,NIKL source band: advanced; project heuristic TOPIK 5: professional and social category; not an official per-grade list
ko-nikl-41139,조의금,,Money offered as a gesture to mourn the death of someone.,noun,social life > social activities,nikl-2024-mirror,https://huggingface.co/datasets/binjang/NIKL-korean-english-dictionary/resolve/3b4cfd2126debfd5440cade3ef6c2a3c20cf7cf9/2024_01.csv#record=41139,NIKL source band: advanced; project heuristic TOPIK 5: professional and social category; not an official per-grade list
ko-nikl-41162,조정,,The act of intervening in a dispute to make the opposing parties reconcile or reach an agreement through compromise.,noun,social life > social activities,nikl-2024-mirror,https://huggingface.co/datasets/binjang/NIKL-korean-english-dictionary/resolve/3b4cfd2126debfd5440cade3ef6c2a3c20cf7cf9/2024_01.csv#record=41162,NIKL source band: advanced; project heuristic TOPIK 5: professional and social category; not an official per-grade list
ko-nikl-41176,조종사,,A person who is licensed to operate an aircraft.,noun,social life > occupations,nikl-2024-mirror,https://huggingface.co/datasets/binjang/NIKL-korean-english-dictionary/resolve/3b4cfd2126debfd5440cade3ef6c2a3c20cf7cf9/2024_01.csv#record=41176,NIKL source band: advanced; project heuristic TOPIK 5: professional and social category; not an official per-grade list
ko-nikl-41216,조퇴,,"The act of leaving school, work, etc., earlier than originally scheduled.",noun,education > teaching and learning,nikl-2024-mirror,https://huggingface.co/datasets/binjang/NIKL-korean-english-dictionary/resolve/3b4cfd2126debfd5440cade3ef6c2a3c20cf7cf9/2024_01.csv#record=41216,NIKL source band: advanced; project heuristic TOPIK 5: professional and social category; not an official per-grade list
ko-nikl-41221,조합,,"The act of gathering a number of things and forming them into one mass. / An organization formed by two or more persons or groups for certain purposes. / In mathematics, the act of choosing several from a number of things regardless of order and gathering them into a group, or such a group.",noun,social life > social activities,nikl-2024-mirror,https://huggingface.co/datasets/binjang/NIKL-korean-english-dictionary/resolve/3b4cfd2126debfd5440cade3ef6c2a3c20cf7cf9/2024_01.csv#record=41221,NIKL source band: advanced; project heuristic TOPIK 5: professional and social category; not an official per-grade list
ko-nikl-41228,조형미,,The aesthetic quality of exhibiting three-dimensional effect artistically.,noun,concepts > shape,nikl-2024-mirror,https://huggingface.co/datasets/binjang/NIKL-korean-english-dictionary/resolve/3b4cfd2126debfd5440cade3ef6c2a3c20cf7cf9/2024_01.csv#record=41228,NIKL source band: advanced; project heuristic TOPIK 5: professional and social category; not an official per-grade list
ko-nikl-41236,조화롭다,,Being in harmony with each other.,descriptive verb,concepts > shape,nikl-2024-mirror,https://huggingface.co/datasets/binjang/NIKL-korean-english-dictionary/resolve/3b4cfd2126debfd5440cade3ef6c2a3c20cf7cf9/2024_01.csv#record=41236,NIKL source band: advanced; project heuristic TOPIK 5: professional and social category; not an official per-grade list
ko-nikl-41240,조회,,"The act of checking with a relevant organization, etc., to see if an item or the content of something is truthful.",noun,social life > telecommunications,nikl-2024-mirror,https://huggingface.co/datasets/binjang/NIKL-korean-english-dictionary/resolve/3b4cfd2126debfd5440cade3ef6c2a3c20cf7cf9/2024_01.csv#record=41240,NIKL source band: advanced; project heuristic TOPIK 5: professional and social category; not an official per-grade list
ko-nikl-41260,족하다,,"Sufficient in number, quantity, degree, etc. / Fully satisfactory with nothing lacking.",descriptive verb,people > emotions,nikl-2024-mirror,https://huggingface.co/datasets/binjang/NIKL-korean-english-dictionary/resolve/3b4cfd2126debfd5440cade3ef6c2a3c20cf7cf9/2024_01.csv#record=41260,NIKL source band: advanced; project heuristic TOPIK 5: professional and social category; not an official per-grade list
ko-nikl-41324,졸이다,,"To make an amount of liquid in jjigae, stew, guk, soup, herbal medicine, etc., less in quantity by boiling. / To be nervous to the point of feeling as if one's mind, heart, inside, etc., were being burned.",verb,food > eating and cooking,nikl-2024-mirror,https://huggingface.co/datasets/binjang/NIKL-korean-english-dictionary/resolve/3b4cfd2126debfd5440cade3ef6c2a3c20cf7cf9/2024_01.csv#record=41324,NIKL source band: advanced; project heuristic TOPIK 5: professional and social category; not an official per-grade list
ko-nikl-41347,종,,A seed that comes from a plant. / Any of the categories into which something is divided. / A unit used to count the number of kinds of things.,noun,concepts > counters,nikl-2024-mirror,https://huggingface.co/datasets/binjang/NIKL-korean-english-dictionary/resolve/3b4cfd2126debfd5440cade3ef6c2a3c20cf7cf9/2024_01.csv#record=41347,NIKL source band: advanced; project heuristic TOPIK 5: professional and social category; not an official per-grade list
ko-nikl-41402,종사자,,A person who works at a steady job or works in a certain field.,noun,economy > economic actors,nikl-2024-mirror,https://huggingface.co/datasets/binjang/NIKL-korean-english-dictionary/resolve/3b4cfd2126debfd5440cade3ef6c2a3c20cf7cf9/2024_01.csv#record=41402,NIKL source band: advanced; project heuristic TOPIK 5: professional and social category; not an official per-grade list
ko-nikl-41469,종착역,,The station that a train or tram finally arrives at.,noun,social life > transport facilities,nikl-2024-mirror,https://huggingface.co/datasets/binjang/NIKL-korean-english-dictionary/resolve/3b4cfd2126debfd5440cade3ef6c2a3c20cf7cf9/2024_01.csv#record=41469,NIKL source band: advanced; project heuristic TOPIK 5: professional and social category; not an official per-grade list
ko-nikl-41498,좌뇌,,The left side of a brain.,noun,people > body parts,nikl-2024-mirror,https://huggingface.co/datasets/binjang/NIKL-korean-english-dictionary/resolve/3b4cfd2126debfd5440cade3ef6c2a3c20cf7cf9/2024_01.csv#record=41498,NIKL source band: advanced; project heuristic TOPIK 5: professional and social category; not an official per-grade list
ko-nikl-41521,좌절,,"The state of being frustrated or enervated. / A plan, task, etc., failing along the way.",noun,people > emotions,nikl-2024-mirror,https://huggingface.co/datasets/binjang/NIKL-korean-english-dictionary/resolve/3b4cfd2126debfd5440cade3ef6c2a3c20cf7cf9/2024_01.csv#record=41521,NIKL source band: advanced; project heuristic TOPIK 5: professional and social category; not an official per-grade list
ko-nikl-41555,죄송스럽다,,Feeling sorry as if one committed a wrongdoing.,descriptive verb,people > emotions,nikl-2024-mirror,https://huggingface.co/datasets/binjang/NIKL-korean-english-dictionary/resolve/3b4cfd2126debfd5440cade3ef6c2a3c20cf7cf9/2024_01.csv#record=41555,NIKL source band: advanced; project heuristic TOPIK 5: professional and social category; not an official per-grade list
ko-nikl-41571,죄책감,,The act of feeling responsible for a sin or wrongdoing.,noun,people > emotions,nikl-2024-mirror,https://huggingface.co/datasets/binjang/NIKL-korean-english-dictionary/resolve/3b4cfd2126debfd5440cade3ef6c2a3c20cf7cf9/2024_01.csv#record=41571,NIKL source band: advanced; project heuristic TOPIK 5: professional and social category; not an official per-grade list
ko-nikl-41585,주가,,Share prices determined at the stock market based on overall price trends.,noun,economy > financial instruments,nikl-2024-mirror,https://huggingface.co/datasets/binjang/NIKL-korean-english-dictionary/resolve/3b4cfd2126debfd5440cade3ef6c2a3c20cf7cf9/2024_01.csv#record=41585,NIKL source band: advanced; project heuristic TOPIK 5: professional and social category; not an official per-grade list
ko-nikl-41594,주거,,"The act of settling down and living in a place, or housing for such settlement.",noun,housing > housing activities,nikl-2024-mirror,https://huggingface.co/datasets/binjang/NIKL-korean-english-dictionary/resolve/3b4cfd2126debfd5440cade3ef6c2a3c20cf7cf9/2024_01.csv#record=41594,NIKL source band: advanced; project heuristic TOPIK 5: professional and social category; not an official per-grade list
ko-nikl-41596,주거지,,A place where a person lives or used to live.,noun,concepts > regions,nikl-2024-mirror,https://huggingface.co/datasets/binjang/NIKL-korean-english-dictionary/resolve/3b4cfd2126debfd5440cade3ef6c2a3c20cf7cf9/2024_01.csv#record=41596,NIKL source band: advanced; project heuristic TOPIK 5: professional and social category; not an official per-grade list
ko-nikl-41669,주류,,A variety of alcoholic beverages.,noun,food > drinks,nikl-2024-mirror,https://huggingface.co/datasets/binjang/NIKL-korean-english-dictionary/resolve/3b4cfd2126debfd5440cade3ef6c2a3c20cf7cf9/2024_01.csv#record=41669,NIKL source band: advanced; project heuristic TOPIK 5: professional and social category; not an official per-grade list
ko-nikl-41673,주름살,,A line or thin crease formed due to the aging of skin.,noun,people > physical changes,nikl-2024-mirror,https://huggingface.co/datasets/binjang/NIKL-korean-english-dictionary/resolve/3b4cfd2126debfd5440cade3ef6c2a3c20cf7cf9/2024_01.csv#record=41673,NIKL source band: advanced; project heuristic TOPIK 5: professional and social category; not an official per-grade list
ko-nikl-41715,주무르다,,"To keep touching a thing or body part with one's hand by repeating the act of grabbing and releasing. / To rub or squeeze clothes with one's hands to wash them. / To handle or control another person, work, etc., as one pleases.",verb,people > actions affecting the body,nikl-2024-mirror,https://huggingface.co/datasets/binjang/NIKL-korean-english-dictionary/resolve/3b4cfd2126debfd5440cade3ef6c2a3c20cf7cf9/2024_01.csv#record=41715,NIKL source band: advanced; project heuristic TOPIK 5: professional and social category; not an official per-grade list
ko-nikl-41783,주식,,A main food in meals such as steamed rice or bread.,noun,food > dishes,nikl-2024-mirror,https://huggingface.co/datasets/binjang/NIKL-korean-english-dictionary/resolve/3b4cfd2126debfd5440cade3ef6c2a3c20cf7cf9/2024_01.csv#record=41783,NIKL source band: advanced; project heuristic TOPIK 5: professional and social category; not an official per-grade list
ko-nikl-41795,주역,,"A central role, or a person who plays a central role. / In theater, film, drama, etc., the most important role, or an actor or actress playing such a role.",noun,culture > cultural participants,nikl-2024-mirror,https://huggingface.co/datasets/binjang/NIKL-korean-english-dictionary/resolve/3b4cfd2126debfd5440cade3ef6c2a3c20cf7cf9/2024_01.csv#record=41795,NIKL source band: advanced; project heuristic TOPIK 5: professional and social category; not an official per-grade list
ko-nikl-41796,주연,,"In theater or film, the act of playing a protagonist or an actor or actress playing a protagonist.",noun,culture > cultural participants,nikl-2024-mirror,https://huggingface.co/datasets/binjang/NIKL-korean-english-dictionary/resolve/3b4cfd2126debfd5440cade3ef6c2a3c20cf7cf9/2024_01.csv#record=41796,NIKL source band: advanced; project heuristic TOPIK 5: professional and social category; not an official per-grade list
ko-nikl-41924,주택가,,A place where many houses are clustered.,noun,housing > residential areas,nikl-2024-mirror,https://huggingface.co/datasets/binjang/NIKL-korean-english-dictionary/resolve/3b4cfd2126debfd5440cade3ef6c2a3c20cf7cf9/2024_01.csv#record=41924,NIKL source band: advanced; project heuristic TOPIK 5: professional and social category; not an official per-grade list
ko-nikl-42049,줄다리기,,"tug of war; rope pulling: A game where two opposing teams of people hold the same rope and pull it toward themselves, and either of the teams becomes a winner if they drag their opponents to their side. / (figurative) For people to oppose one another by asserting their opinions or interests.",noun,daily life > leisure equipment,nikl-2024-mirror,https://huggingface.co/datasets/binjang/NIKL-korean-english-dictionary/resolve/3b4cfd2126debfd5440cade3ef6c2a3c20cf7cf9/2024_01.csv#record=42049,NIKL source band: advanced; project heuristic TOPIK 5: professional and social category; not an official per-grade list
ko-nikl-42090,중개,,The act of a person not directly involved serving as an intermediary between the two parties in a matter.,noun,social life > social activities,nikl-2024-mirror,https://huggingface.co/datasets/binjang/NIKL-korean-english-dictionary/resolve/3b4cfd2126debfd5440cade3ef6c2a3c20cf7cf9/2024_01.csv#record=42090,NIKL source band: advanced; project heuristic TOPIK 5: professional and social category; not an official per-grade list
ko-nikl-42094,중개인,,A businessman who performs transactions on behalf of others or works as an intermediary in the sale of products in exchange for fees.,noun,social life > occupations,nikl-2024-mirror,https://huggingface.co/datasets/binjang/NIKL-korean-english-dictionary/resolve/3b4cfd2126debfd5440cade3ef6c2a3c20cf7cf9/2024_01.csv#record=42094,NIKL source band: advanced; project heuristic TOPIK 5: professional and social category; not an official per-grade list
ko-nikl-42126,중년,,"An age around 40, or a person of such age.",noun,daily life > life circumstances,nikl-2024-mirror,https://huggingface.co/datasets/binjang/NIKL-korean-english-dictionary/resolve/3b4cfd2126debfd5440cade3ef6c2a3c20cf7cf9/2024_01.csv#record=42126,NIKL source band: advanced; project heuristic TOPIK 5: professional and social category; not an official per-grade list
ko-nikl-42180,중병,,A grave illness that may cause the patient to die.,noun,daily life > illness and symptoms,nikl-2024-mirror,https://huggingface.co/datasets/binjang/NIKL-korean-english-dictionary/resolve/3b4cfd2126debfd5440cade3ef6c2a3c20cf7cf9/2024_01.csv#record=42180,NIKL source band: advanced; project heuristic TOPIK 5: professional and social category; not an official per-grade list
ko-nikl-42198,중세,,The period between the ancient and modern times in the historical timeline.,noun,concepts > time,nikl-2024-mirror,https://huggingface.co/datasets/binjang/NIKL-korean-english-dictionary/resolve/3b4cfd2126debfd5440cade3ef6c2a3c20cf7cf9/2024_01.csv#record=42198,NIKL source band: advanced; project heuristic TOPIK 5: professional and social category; not an official per-grade list
ko-nikl-42199,중소,,"The state of a size, level, etc., being intermediate or lower.",noun,concepts > shape,nikl-2024-mirror,https://huggingface.co/datasets/binjang/NIKL-korean-english-dictionary/resolve/3b4cfd2126debfd5440cade3ef6c2a3c20cf7cf9/2024_01.csv#record=42199,NIKL source band: advanced; project heuristic TOPIK 5: professional and social category; not an official per-grade list
ko-nikl-42275,중증,,A very dangerous and severe symptom of a disease.,noun,daily life > illness and symptoms,nikl-2024-mirror,https://huggingface.co/datasets/binjang/NIKL-korean-english-dictionary/resolve/3b4cfd2126debfd5440cade3ef6c2a3c20cf7cf9/2024_01.csv#record=42275,NIKL source band: advanced; project heuristic TOPIK 5: professional and social category; not an official per-grade list
ko-nikl-42386,즐비하다,,Lined up densely.,descriptive verb,concepts > shape,nikl-2024-mirror,https://huggingface.co/datasets/binjang/NIKL-korean-english-dictionary/resolve/3b4cfd2126debfd5440cade3ef6c2a3c20cf7cf9/2024_01.csv#record=42386,NIKL source band: advanced; project heuristic TOPIK 5: professional and social category; not an official per-grade list
ko-nikl-42388,즙,,A liquid substance squeezed from a watery object. / A liquid substance that has been boiled down to make it very thick.,noun,food > dishes,nikl-2024-mirror,https://huggingface.co/datasets/binjang/NIKL-korean-english-dictionary/resolve/3b4cfd2126debfd5440cade3ef6c2a3c20cf7cf9/2024_01.csv#record=42388,NIKL source band: advanced; project heuristic TOPIK 5: professional and social category; not an official per-grade list
ko-nikl-42394,증가세,,A tendency or trend in which things increase gradually.,noun,economy > economic conditions,nikl-2024-mirror,https://huggingface.co/datasets/binjang/NIKL-korean-english-dictionary/resolve/3b4cfd2126debfd5440cade3ef6c2a3c20cf7cf9/2024_01.csv#record=42394,NIKL source band: advanced; project heuristic TOPIK 5: professional and social category; not an official per-grade list
ko-nikl-42407,증권,,"A document or letter used as proof. / A document that guarantees a property such as a promissory bill or stock, in the law.",noun,economy > financial instruments,nikl-2024-mirror,https://huggingface.co/datasets/binjang/NIKL-korean-english-dictionary/resolve/3b4cfd2126debfd5440cade3ef6c2a3c20cf7cf9/2024_01.csv#record=42407,NIKL source band: advanced; project heuristic TOPIK 5: professional and social category; not an official per-grade list
ko-nikl-42459,증오,,A severe hatred and resentment.,noun,people > emotions,nikl-2024-mirror,https://huggingface.co/datasets/binjang/NIKL-korean-english-dictionary/resolve/3b4cfd2126debfd5440cade3ef6c2a3c20cf7cf9/2024_01.csv#record=42459,NIKL source band: advanced; project heuristic TOPIK 5: professional and social category; not an official per-grade list
ko-nikl-42520,지구력,,The power of bearing something for a long time.,noun,people > abilities,nikl-2024-mirror,https://huggingface.co/datasets/binjang/NIKL-korean-english-dictionary/resolve/3b4cfd2126debfd5440cade3ef6c2a3c20cf7cf9/2024_01.csv#record=42520,NIKL source band: advanced; project heuristic TOPIK 5: professional and social category; not an official per-grade list
ko-nikl-42524,지구촌,,A term used to refer to the whole Earth as one village.,noun,concepts > location and direction,nikl-2024-mirror,https://huggingface.co/datasets/binjang/NIKL-korean-english-dictionary/resolve/3b4cfd2126debfd5440cade3ef6c2a3c20cf7cf9/2024_01.csv#record=42524,NIKL source band: advanced; project heuristic TOPIK 5: professional and social category; not an official per-grade list
ko-nikl-42668,지문,,"A pattern on the inner surface of one's fingertip, or a mark left by it on an object.",noun,people > body parts,nikl-2024-mirror,https://huggingface.co/datasets/binjang/NIKL-korean-english-dictionary/resolve/3b4cfd2126debfd5440cade3ef6c2a3c20cf7cf9/2024_01.csv#record=42668,NIKL source band: advanced; project heuristic TOPIK 5: professional and social category; not an official per-grade list
ko-nikl-42703,지사,,A subdivision of an organization that is in charge of the work of a certain area.,noun,economy > commercial places,nikl-2024-mirror,https://huggingface.co/datasets/binjang/NIKL-korean-english-dictionary/resolve/3b4cfd2126debfd5440cade3ef6c2a3c20cf7cf9/2024_01.csv#record=42703,NIKL source band: advanced; project heuristic TOPIK 5: professional and social category; not an official per-grade list
ko-nikl-42718,지성,,"The intellectual ability of knowing, understanding, or judging something.",noun,people > abilities,nikl-2024-mirror,https://huggingface.co/datasets/binjang/NIKL-korean-english-dictionary/resolve/3b4cfd2126debfd5440cade3ef6c2a3c20cf7cf9/2024_01.csv#record=42718,NIKL source band: advanced; project heuristic TOPIK 5: professional and social category; not an official per-grade list
ko-nikl-42779,지원금,,"Money given to help someone, so that things go well or get better.",noun,economy > financial instruments,nikl-2024-mirror,https://huggingface.co/datasets/binjang/NIKL-korean-english-dictionary/resolve/3b4cfd2126debfd5440cade3ef6c2a3c20cf7cf9/2024_01.csv#record=42779,NIKL source band: advanced; project heuristic TOPIK 5: professional and social category; not an official per-grade list
ko-nikl-42787,지인,,A person whom one knows.,noun,social life > interpersonal relationships,nikl-2024-mirror,https://huggingface.co/datasets/binjang/NIKL-korean-english-dictionary/resolve/3b4cfd2126debfd5440cade3ef6c2a3c20cf7cf9/2024_01.csv#record=42787,NIKL source band: advanced; project heuristic TOPIK 5: professional and social category; not an official per-grade list
ko-nikl-42800,지점,,A store separated from the main store.,noun,economy > commercial places,nikl-2024-mirror,https://huggingface.co/datasets/binjang/NIKL-korean-english-dictionary/resolve/3b4cfd2126debfd5440cade3ef6c2a3c20cf7cf9/2024_01.csv#record=42800,NIKL source band: advanced; project heuristic TOPIK 5: professional and social category; not an official per-grade list
ko-nikl-42801,지점,,A particular place in a certain area.,noun,concepts > location and direction,nikl-2024-mirror,https://huggingface.co/datasets/binjang/NIKL-korean-english-dictionary/resolve/3b4cfd2126debfd5440cade3ef6c2a3c20cf7cf9/2024_01.csv#record=42801,NIKL source band: advanced; project heuristic TOPIK 5: professional and social category; not an official per-grade list
ko-nikl-42946,직무,,A task that one is in charge of based on one's job or position.,noun,social life > workplace life,nikl-2024-mirror,https://huggingface.co/datasets/binjang/NIKL-korean-english-dictionary/resolve/3b4cfd2126debfd5440cade3ef6c2a3c20cf7cf9/2024_01.csv#record=42946,NIKL source band: advanced; project heuristic TOPIK 5: professional and social category; not an official per-grade list
ko-nikl-42991,직위,,"The social, administrative position given to a person based on his/her duties and responsibilities at work.",noun,social life > job positions,nikl-2024-mirror,https://huggingface.co/datasets/binjang/NIKL-korean-english-dictionary/resolve/3b4cfd2126debfd5440cade3ef6c2a3c20cf7cf9/2024_01.csv#record=42991,NIKL source band: advanced; project heuristic TOPIK 5: professional and social category; not an official per-grade list
ko-nikl-42996,직전,,A point in time just before something happens.,noun,concepts > time,nikl-2024-mirror,https://huggingface.co/datasets/binjang/NIKL-korean-english-dictionary/resolve/3b4cfd2126debfd5440cade3ef6c2a3c20cf7cf9/2024_01.csv#record=42996,NIKL source band: advanced; project heuristic TOPIK 5: professional and social category; not an official per-grade list
ko-nikl-43009,직종,,A type of occupation.,noun,social life > occupations,nikl-2024-mirror,https://huggingface.co/datasets/binjang/NIKL-korean-english-dictionary/resolve/3b4cfd2126debfd5440cade3ef6c2a3c20cf7cf9/2024_01.csv#record=43009,NIKL source band: advanced; project heuristic TOPIK 5: professional and social category; not an official per-grade list
ko-nikl-43043,진공청소기,,A piece of cleaning equipment that sucks in dust with the power of an electric motor.,noun,housing > household goods,nikl-2024-mirror,https://huggingface.co/datasets/binjang/NIKL-korean-english-dictionary/resolve/3b4cfd2126debfd5440cade3ef6c2a3c20cf7cf9/2024_01.csv#record=43043,NIKL source band: advanced; project heuristic TOPIK 5: professional and social category; not an official per-grade list
ko-nikl-43084,진땀,,"Sticky sweat that is excreted when one is struggling, having a hard time, or embarrassed.",noun,people > physiological processes,nikl-2024-mirror,https://huggingface.co/datasets/binjang/NIKL-korean-english-dictionary/resolve/3b4cfd2126debfd5440cade3ef6c2a3c20cf7cf9/2024_01.csv#record=43084,NIKL source band: advanced; project heuristic TOPIK 5: professional and social category; not an official per-grade list
ko-nikl-43090,진료,,A doctor's act of examining and curing patients.,noun,daily life > medical treatment,nikl-2024-mirror,https://huggingface.co/datasets/binjang/NIKL-korean-english-dictionary/resolve/3b4cfd2126debfd5440cade3ef6c2a3c20cf7cf9/2024_01.csv#record=43090,NIKL source band: advanced; project heuristic TOPIK 5: professional and social category; not an official per-grade list
ko-nikl-43169,진정,,A sincere heart without falsehood. / One's actual circumstances.,noun,people > emotions,nikl-2024-mirror,https://huggingface.co/datasets/binjang/NIKL-korean-english-dictionary/resolve/3b4cfd2126debfd5440cade3ef6c2a3c20cf7cf9/2024_01.csv#record=43169,NIKL source band: advanced; project heuristic TOPIK 5: professional and social category; not an official per-grade list
ko-nikl-43187,진지,,(honorific) A meal that one eats.,noun,food > dishes,nikl-2024-mirror,https://huggingface.co/datasets/binjang/NIKL-korean-english-dictionary/resolve/3b4cfd2126debfd5440cade3ef6c2a3c20cf7cf9/2024_01.csv#record=43187,NIKL source band: advanced; project heuristic TOPIK 5: professional and social category; not an official per-grade list
ko-nikl-43209,진취적,,An act of moving forward aggressively as intended in order to achieve something.,noun,people > attitudes,nikl-2024-mirror,https://huggingface.co/datasets/binjang/NIKL-korean-english-dictionary/resolve/3b4cfd2126debfd5440cade3ef6c2a3c20cf7cf9/2024_01.csv#record=43209,NIKL source band: advanced; project heuristic TOPIK 5: professional and social category; not an official per-grade list
ko-nikl-43332,질환,,Diseases of the body.,noun,daily life > illness and symptoms,nikl-2024-mirror,https://huggingface.co/datasets/binjang/NIKL-korean-english-dictionary/resolve/3b4cfd2126debfd5440cade3ef6c2a3c20cf7cf9/2024_01.csv#record=43332,NIKL source band: advanced; project heuristic TOPIK 5: professional and social category; not an official per-grade list
ko-nikl-43360,집값,,The price of a house when selling or buying.,noun,economy > financial instruments,nikl-2024-mirror,https://huggingface.co/datasets/binjang/NIKL-korean-english-dictionary/resolve/3b4cfd2126debfd5440cade3ef6c2a3c20cf7cf9/2024_01.csv#record=43360,NIKL source band: advanced; project heuristic TOPIK 5: professional and social category; not an official per-grade list
ko-nikl-43436,집중력,,The ability to engross one's attention or mind in one thing.,noun,people > abilities,nikl-2024-mirror,https://huggingface.co/datasets/binjang/NIKL-korean-english-dictionary/resolve/3b4cfd2126debfd5440cade3ef6c2a3c20cf7cf9/2024_01.csv#record=43436,NIKL source band: advanced; project heuristic TOPIK 5: professional and social category; not an official per-grade list
ko-nikl-43476,짓밟다,,"To tread heavily in a ruthless manner. / To stifle or damage another person's values, rights, etc.",verb,people > physical actions,nikl-2024-mirror,https://huggingface.co/datasets/binjang/NIKL-korean-english-dictionary/resolve/3b4cfd2126debfd5440cade3ef6c2a3c20cf7cf9/2024_01.csv#record=43476,NIKL source band: advanced; project heuristic TOPIK 5: professional and social category; not an official per-grade list
ko-nikl-43487,징그럽다,,Too hideous and revolting to look at or touch. / Being shameless and offensive in one's behavior.,descriptive verb,people > emotions,nikl-2024-mirror,https://huggingface.co/datasets/binjang/NIKL-korean-english-dictionary/resolve/3b4cfd2126debfd5440cade3ef6c2a3c20cf7cf9/2024_01.csv#record=43487,NIKL source band: advanced; project heuristic TOPIK 5: professional and social category; not an official per-grade list
ko-nikl-43546,짜릿하다,,Having a prickling sensation. / Feeling slightly excited and tense temporarily out of a psychological stimulation.,descriptive verb,people > senses,nikl-2024-mirror,https://huggingface.co/datasets/binjang/NIKL-korean-english-dictionary/resolve/3b4cfd2126debfd5440cade3ef6c2a3c20cf7cf9/2024_01.csv#record=43546,NIKL source band: advanced; project heuristic TOPIK 5: professional and social category; not an official per-grade list
ko-nikl-43563,짝사랑,,A love that is not reciprocated but one-sided.,noun,people > emotions,nikl-2024-mirror,https://huggingface.co/datasets/binjang/NIKL-korean-english-dictionary/resolve/3b4cfd2126debfd5440cade3ef6c2a3c20cf7cf9/2024_01.csv#record=43563,NIKL source band: advanced; project heuristic TOPIK 5: professional and social category; not an official per-grade list
ko-nikl-43590,짤막하다,,Somewhat short.,descriptive verb,concepts > shape,nikl-2024-mirror,https://huggingface.co/datasets/binjang/NIKL-korean-english-dictionary/resolve/3b4cfd2126debfd5440cade3ef6c2a3c20cf7cf9/2024_01.csv#record=43590,NIKL source band: advanced; project heuristic TOPIK 5: professional and social category; not an official per-grade list
ko-nikl-43610,째려보다,,To stare at someone fiercely to express one's disapproval.,verb,people > physical actions,nikl-2024-mirror,https://huggingface.co/datasets/binjang/NIKL-korean-english-dictionary/resolve/3b4cfd2126debfd5440cade3ef6c2a3c20cf7cf9/2024_01.csv#record=43610,NIKL source band: advanced; project heuristic TOPIK 5: professional and social category; not an official per-grade list
ko-nikl-43645,쩔쩔매다,,"To be bewildered due to an occurrence of a difficult situation, not knowing what to do. / To lose one's confidence and not know what to do due to pressure from another person or work.",verb,people > attitudes,nikl-2024-mirror,https://huggingface.co/datasets/binjang/NIKL-korean-english-dictionary/resolve/3b4cfd2126debfd5440cade3ef6c2a3c20cf7cf9/2024_01.csv#record=43645,NIKL source band: advanced; project heuristic TOPIK 5: professional and social category; not an official per-grade list
ko-nikl-43673,쪼다,,To strike with a pointed end.,verb,plants and animals > plant and animal activities,nikl-2024-mirror,https://huggingface.co/datasets/binjang/NIKL-korean-english-dictionary/resolve/3b4cfd2126debfd5440cade3ef6c2a3c20cf7cf9/2024_01.csv#record=43673,NIKL source band: advanced; project heuristic TOPIK 5: professional and social category; not an official per-grade list
ko-nikl-43734,쭈그리다,,To reduce the volume by squashing or wrinkling. / To lower one's body or make oneself smaller by folding one's arms or bending one's knees.,verb,people > physical actions,nikl-2024-mirror,https://huggingface.co/datasets/binjang/NIKL-korean-english-dictionary/resolve/3b4cfd2126debfd5440cade3ef6c2a3c20cf7cf9/2024_01.csv#record=43734,NIKL source band: advanced; project heuristic TOPIK 5: professional and social category; not an official per-grade list
ko-nikl-43751,쯧쯧,,"An exclamation made by clicking one's tongue, indicating that one feels sympathy for, or is dissatisfied with, someone.",interjection,people > sounds,nikl-2024-mirror,https://huggingface.co/datasets/binjang/NIKL-korean-english-dictionary/resolve/3b4cfd2126debfd5440cade3ef6c2a3c20cf7cf9/2024_01.csv#record=43751,NIKL source band: advanced; project heuristic TOPIK 5: professional and social category; not an official per-grade list
ko-nikl-43762,찌들다,,"For an object, air, etc., to become very dirty due to dirt or oil. / To become used to an unpleasant situation because one has been in such a situation for a long time.",verb,daily life > life circumstances,nikl-2024-mirror,https://huggingface.co/datasets/binjang/NIKL-korean-english-dictionary/resolve/3b4cfd2126debfd5440cade3ef6c2a3c20cf7cf9/2024_01.csv#record=43762,NIKL source band: advanced; project heuristic TOPIK 5: professional and social category; not an official per-grade list
ko-nikl-43771,찌뿌드드하다,,One's body movement being awkward and slow due to a flu or cold. / One's facial expression or mood being unhappy and depressed. / The weather being very cloudy as if it is about to rain or snow.,descriptive verb,people > senses,nikl-2024-mirror,https://huggingface.co/datasets/binjang/NIKL-korean-english-dictionary/resolve/3b4cfd2126debfd5440cade3ef6c2a3c20cf7cf9/2024_01.csv#record=43771,NIKL source band: advanced; project heuristic TOPIK 5: professional and social category; not an official per-grade list
ko-nikl-43803,찜,,"A dish made by seasoning meat or vegetables and then steaming or boiling them in a small amount of liquid. / A noun used to indicate a steamed dish. / An act of relieving pain by applying a warm wet cloth pad or a pocket with ice to a body part. / An act of relieving pain or relaxing by going into a hot spring, hot water, or hot sand, and inducing perspiration.",noun,food > dishes,nikl-2024-mirror,https://huggingface.co/datasets/binjang/NIKL-korean-english-dictionary/resolve/3b4cfd2126debfd5440cade3ef6c2a3c20cf7cf9/2024_01.csv#record=43803,NIKL source band: advanced; project heuristic TOPIK 5: professional and social category; not an official per-grade list
ko-nikl-43805,찜질방,,A place complete with a traditional sauna and other recreational facilities so as to allow visitors to sweat and relax.,noun,daily life > leisure facilities,nikl-2024-mirror,https://huggingface.co/datasets/binjang/NIKL-korean-english-dictionary/resolve/3b4cfd2126debfd5440cade3ef6c2a3c20cf7cf9/2024_01.csv#record=43805,NIKL source band: advanced; project heuristic TOPIK 5: professional and social category; not an official per-grade list
ko-nikl-43825,찡하다,,Being moved emotionally and feeling a twinge or swell in one's heart.,descriptive verb,people > emotions,nikl-2024-mirror,https://huggingface.co/datasets/binjang/NIKL-korean-english-dictionary/resolve/3b4cfd2126debfd5440cade3ef6c2a3c20cf7cf9/2024_01.csv#record=43825,NIKL source band: advanced; project heuristic TOPIK 5: professional and social category; not an official per-grade list
ko-nikl-43824,찡하다,,"For a cracking sound to be made when ice or a hard object, etc., splits suddenly. / To feel a strong emotion as one is touched deeply.",verb,people > emotions,nikl-2024-mirror,https://huggingface.co/datasets/binjang/NIKL-korean-english-dictionary/resolve/3b4cfd2126debfd5440cade3ef6c2a3c20cf7cf9/2024_01.csv#record=43824,NIKL source band: advanced; project heuristic TOPIK 5: professional and social category; not an official per-grade list
ko-nikl-43875,차례,,"ancestral rite: A memorial ceremony held during the day on Chuseok, Korean Thanksgiving Day, or Seollal, Lunar New Year's Day, etc.",noun,daily life > family events,nikl-2024-mirror,https://huggingface.co/datasets/binjang/NIKL-korean-english-dictionary/resolve/3b4cfd2126debfd5440cade3ef6c2a3c20cf7cf9/2024_01.csv#record=43875,NIKL source band: advanced; project heuristic TOPIK 5: professional and social category; not an official per-grade list
ko-nikl-43879,차림,,"One's appearance when dressed with clothes, items, etc.",noun,clothing and appearance > state of dress,nikl-2024-mirror,https://huggingface.co/datasets/binjang/NIKL-korean-english-dictionary/resolve/3b4cfd2126debfd5440cade3ef6c2a3c20cf7cf9/2024_01.csv#record=43879,NIKL source band: advanced; project heuristic TOPIK 5: professional and social category; not an official per-grade list
ko-nikl-43890,차분하다,,Becoming relaxed and quiet in one's mind.,descriptive verb,people > personality,nikl-2024-mirror,https://huggingface.co/datasets/binjang/NIKL-korean-english-dictionary/resolve/3b4cfd2126debfd5440cade3ef6c2a3c20cf7cf9/2024_01.csv#record=43890,NIKL source band: advanced; project heuristic TOPIK 5: professional and social category; not an official per-grade list
ko-nikl-43918,차장,,"A position below head manager that is responsible for a department in a public office, company , etc., or a person in such a position.",noun,social life > job positions,nikl-2024-mirror,https://huggingface.co/datasets/binjang/NIKL-korean-english-dictionary/resolve/3b4cfd2126debfd5440cade3ef6c2a3c20cf7cf9/2024_01.csv#record=43918,NIKL source band: advanced; project heuristic TOPIK 5: professional and social category; not an official per-grade list
ko-nikl-43953,착륙,,"An act of an aircraft, etc., coming to land from the sky.",noun,social life > travel actions,nikl-2024-mirror,https://huggingface.co/datasets/binjang/NIKL-korean-english-dictionary/resolve/3b4cfd2126debfd5440cade3ef6c2a3c20cf7cf9/2024_01.csv#record=43953,NIKL source band: advanced; project heuristic TOPIK 5: professional and social category; not an official per-grade list
ko-nikl-43972,착실하다,,Upright and consistent in doing something. / Adequate in level or amount without lacking.,descriptive verb,people > attitudes,nikl-2024-mirror,https://huggingface.co/datasets/binjang/NIKL-korean-english-dictionary/resolve/3b4cfd2126debfd5440cade3ef6c2a3c20cf7cf9/2024_01.csv#record=43972,NIKL source band: advanced; project heuristic TOPIK 5: professional and social category; not an official per-grade list
ko-nikl-43978,착용,,"An act of having clothes, shoes, etc., on one's body.",noun,clothing and appearance > dressing,nikl-2024-mirror,https://huggingface.co/datasets/binjang/NIKL-korean-english-dictionary/resolve/3b4cfd2126debfd5440cade3ef6c2a3c20cf7cf9/2024_01.csv#record=43978,NIKL source band: advanced; project heuristic TOPIK 5: professional and social category; not an official per-grade list
ko-nikl-44000,찬란하다,,"Being in a state in which a bright light is flashing or many lights are shining, or the lights being very bright. / The color, appearance, etc., of something being very magnificent or beautiful. / A matter, ideal, etc., being very good and grand. / One's emotion, etc., being very excited and joyful.",descriptive verb,concepts > brightness,nikl-2024-mirror,https://huggingface.co/datasets/binjang/NIKL-korean-english-dictionary/resolve/3b4cfd2126debfd5440cade3ef6c2a3c20cf7cf9/2024_01.csv#record=44000,NIKL source band: advanced; project heuristic TOPIK 5: professional and social category; not an official per-grade list
ko-nikl-44111,참맛,,The natural taste of something. / (figurative) The true meaning or amusement of something.,noun,food > tastes,nikl-2024-mirror,https://huggingface.co/datasets/binjang/NIKL-korean-english-dictionary/resolve/3b4cfd2126debfd5440cade3ef6c2a3c20cf7cf9/2024_01.csv#record=44111,NIKL source band: advanced; project heuristic TOPIK 5: professional and social category; not an official per-grade list
ko-nikl-44121,참새,,A small bird with a brown back and a grayish-white breast that usually lives near human settlements.,noun,plants and animals > animals,nikl-2024-mirror,https://huggingface.co/datasets/binjang/NIKL-korean-english-dictionary/resolve/3b4cfd2126debfd5440cade3ef6c2a3c20cf7cf9/2024_01.csv#record=44121,NIKL source band: advanced; project heuristic TOPIK 5: professional and social category; not an official per-grade list
ko-nikl-44137,참을성,,The quality of enduring and tolerating.,noun,people > personality,nikl-2024-mirror,https://huggingface.co/datasets/binjang/NIKL-korean-english-dictionary/resolve/3b4cfd2126debfd5440cade3ef6c2a3c20cf7cf9/2024_01.csv#record=44137,NIKL source band: advanced; project heuristic TOPIK 5: professional and social category; not an official per-grade list
ko-nikl-44147,참치,,A type of sea fish with a blue back that can grow up to 3 meters long; its flesh is dark red and is mainly canned or eaten as sashimi.,noun,food > ingredients,nikl-2024-mirror,https://huggingface.co/datasets/binjang/NIKL-korean-english-dictionary/resolve/3b4cfd2126debfd5440cade3ef6c2a3c20cf7cf9/2024_01.csv#record=44147,NIKL source band: advanced; project heuristic TOPIK 5: professional and social category; not an official per-grade list
ko-nikl-44159,찹쌀,,Rice that is stickier than regular rice.,noun,food > grains,nikl-2024-mirror,https://huggingface.co/datasets/binjang/NIKL-korean-english-dictionary/resolve/3b4cfd2126debfd5440cade3ef6c2a3c20cf7cf9/2024_01.csv#record=44159,NIKL source band: advanced; project heuristic TOPIK 5: professional and social category; not an official per-grade list
ko-nikl-44205,창백하다,,"Bluish white in one's complexion or skin without any color. / The moonlight being white and clear. / A light, etc., being subdued.",descriptive verb,people > appearance,nikl-2024-mirror,https://huggingface.co/datasets/binjang/NIKL-korean-english-dictionary/resolve/3b4cfd2126debfd5440cade3ef6c2a3c20cf7cf9/2024_01.csv#record=44205,NIKL source band: advanced; project heuristic TOPIK 5: professional and social category; not an official per-grade list
ko-nikl-44220,창업,,"An act of establishing a country, dynasty, etc. / An act of starting a new business, etc.",noun,economy > economic activities,nikl-2024-mirror,https://huggingface.co/datasets/binjang/NIKL-korean-english-dictionary/resolve/3b4cfd2126debfd5440cade3ef6c2a3c20cf7cf9/2024_01.csv#record=44220,NIKL source band: advanced; project heuristic TOPIK 5: professional and social category; not an official per-grade list
ko-nikl-44226,창의력,,The ability to devise something new that did not exist before.,noun,people > abilities,nikl-2024-mirror,https://huggingface.co/datasets/binjang/NIKL-korean-english-dictionary/resolve/3b4cfd2126debfd5440cade3ef6c2a3c20cf7cf9/2024_01.csv#record=44226,NIKL source band: advanced; project heuristic TOPIK 5: professional and social category; not an official per-grade list
ko-nikl-44227,창의성,,The quality of devising something new that did not exist before.,noun,people > abilities,nikl-2024-mirror,https://huggingface.co/datasets/binjang/NIKL-korean-english-dictionary/resolve/3b4cfd2126debfd5440cade3ef6c2a3c20cf7cf9/2024_01.csv#record=44227,NIKL source band: advanced; project heuristic TOPIK 5: professional and social category; not an official per-grade list
ko-nikl-44310,채식,,"A selection of plant-based food consisting of vegetables, fruits, seaweed, etc., rather than meat.",noun,food > eating and cooking,nikl-2024-mirror,https://huggingface.co/datasets/binjang/NIKL-korean-english-dictionary/resolve/3b4cfd2126debfd5440cade3ef6c2a3c20cf7cf9/2024_01.csv#record=44310,NIKL source band: advanced; project heuristic TOPIK 5: professional and social category; not an official per-grade list
ko-nikl-44315,채용,,"An act of hiring an employee. / An act of selecting or accepting an opinion, way, etc., and applying it.",noun,social life > workplace life,nikl-2024-mirror,https://huggingface.co/datasets/binjang/NIKL-korean-english-dictionary/resolve/3b4cfd2126debfd5440cade3ef6c2a3c20cf7cf9/2024_01.csv#record=44315,NIKL source band: advanced; project heuristic TOPIK 5: professional and social category; not an official per-grade list
ko-nikl-44338,채팅,,A type of communication over the Internet in which several users can have a conversation in real-time through their monitors.,noun,social life > telecommunications,nikl-2024-mirror,https://huggingface.co/datasets/binjang/NIKL-korean-english-dictionary/resolve/3b4cfd2126debfd5440cade3ef6c2a3c20cf7cf9/2024_01.csv#record=44338,NIKL source band: advanced; project heuristic TOPIK 5: professional and social category; not an official per-grade list
ko-nikl-44383,처가,,The home of one's wife's parents.,noun,daily life > family relationships,nikl-2024-mirror,https://huggingface.co/datasets/binjang/NIKL-korean-english-dictionary/resolve/3b4cfd2126debfd5440cade3ef6c2a3c20cf7cf9/2024_01.csv#record=44383,NIKL source band: advanced; project heuristic TOPIK 5: professional and social category; not an official per-grade list
ko-nikl-44404,처마,,The protruding edge of a roof.,noun,housing > parts of a home,nikl-2024-mirror,https://huggingface.co/datasets/binjang/NIKL-korean-english-dictionary/resolve/3b4cfd2126debfd5440cade3ef6c2a3c20cf7cf9/2024_01.csv#record=44404,NIKL source band: advanced; project heuristic TOPIK 5: professional and social category; not an official per-grade list
ko-nikl-44432,처지,,One's situation or circumstances.,noun,daily life > life circumstances,nikl-2024-mirror,https://huggingface.co/datasets/binjang/NIKL-korean-english-dictionary/resolve/3b4cfd2126debfd5440cade3ef6c2a3c20cf7cf9/2024_01.csv#record=44432,NIKL source band: advanced; project heuristic TOPIK 5: professional and social category; not an official per-grade list
ko-nikl-44433,처지다,,To hang down loosely. / For one's emotions or feelings to sink. / To be left behind or to fall behind. / To fall behind others.,verb,people > physical changes,nikl-2024-mirror,https://huggingface.co/datasets/binjang/NIKL-korean-english-dictionary/resolve/3b4cfd2126debfd5440cade3ef6c2a3c20cf7cf9/2024_01.csv#record=44433,NIKL source band: advanced; project heuristic TOPIK 5: professional and social category; not an official per-grade list
ko-nikl-44466,천,,"Cloth woven with thread, used for making clothes, bedclothes, etc.",noun,clothing and appearance > fabric,nikl-2024-mirror,https://huggingface.co/datasets/binjang/NIKL-korean-english-dictionary/resolve/3b4cfd2126debfd5440cade3ef6c2a3c20cf7cf9/2024_01.csv#record=44466,NIKL source band: advanced; project heuristic TOPIK 5: professional and social category; not an official per-grade list
ko-nikl-44500,천막,,"A portable shelter to protect one from rain, wind, etc., or to block the sunlight, by setting up wooden poles, etc., and covering them with fabric.",noun,housing > building types,nikl-2024-mirror,https://huggingface.co/datasets/binjang/NIKL-korean-english-dictionary/resolve/3b4cfd2126debfd5440cade3ef6c2a3c20cf7cf9/2024_01.csv#record=44500,NIKL source band: advanced; project heuristic TOPIK 5: professional and social category; not an official per-grade list
ko-nikl-44584,천하다,,"Having a low social status, position, etc. / Not valuable because it is common and not rare. / One's behavior, appearance, or personality being unrefined and coarse.",descriptive verb,daily life > life circumstances,nikl-2024-mirror,https://huggingface.co/datasets/binjang/NIKL-korean-english-dictionary/resolve/3b4cfd2126debfd5440cade3ef6c2a3c20cf7cf9/2024_01.csv#record=44584,NIKL source band: advanced; project heuristic TOPIK 5: professional and social category; not an official per-grade list
ko-nikl-44656,철새,,A bird that moves from place to place according to the season. / (disparaging) A person who moves from place to place according to the situation.,noun,plants and animals > animals,nikl-2024-mirror,https://huggingface.co/datasets/binjang/NIKL-korean-english-dictionary/resolve/3b4cfd2126debfd5440cade3ef6c2a3c20cf7cf9/2024_01.csv#record=44656,NIKL source band: advanced; project heuristic TOPIK 5: professional and social category; not an official per-grade list
ko-nikl-44679,철저,,The quality of being complete without flaws because one is very careful about something.,noun,people > attitudes,nikl-2024-mirror,https://huggingface.co/datasets/binjang/NIKL-korean-english-dictionary/resolve/3b4cfd2126debfd5440cade3ef6c2a3c20cf7cf9/2024_01.csv#record=44679,NIKL source band: advanced; project heuristic TOPIK 5: professional and social category; not an official per-grade list
ko-nikl-44785,첫차,,The first bus or train for the day.,noun,social life > transport,nikl-2024-mirror,https://huggingface.co/datasets/binjang/NIKL-korean-english-dictionary/resolve/3b4cfd2126debfd5440cade3ef6c2a3c20cf7cf9/2024_01.csv#record=44785,NIKL source band: advanced; project heuristic TOPIK 5: professional and social category; not an official per-grade list
ko-nikl-44791,청각,,The sense by which sound is perceived with the ears.,noun,people > senses,nikl-2024-mirror,https://huggingface.co/datasets/binjang/NIKL-korean-english-dictionary/resolve/3b4cfd2126debfd5440cade3ef6c2a3c20cf7cf9/2024_01.csv#record=44791,NIKL source band: advanced; project heuristic TOPIK 5: professional and social category; not an official per-grade list
ko-nikl-44843,청색,,"The color of light and clear blue, like that of a clear sky or ocean.",noun,concepts > colors,nikl-2024-mirror,https://huggingface.co/datasets/binjang/NIKL-korean-english-dictionary/resolve/3b4cfd2126debfd5440cade3ef6c2a3c20cf7cf9/2024_01.csv#record=44843,NIKL source band: advanced; project heuristic TOPIK 5: professional and social category; not an official per-grade list
ko-nikl-44877,청자,,Someone who listens.,noun,social life > interpersonal relationships,nikl-2024-mirror,https://huggingface.co/datasets/binjang/NIKL-korean-english-dictionary/resolve/3b4cfd2126debfd5440cade3ef6c2a3c20cf7cf9/2024_01.csv#record=44877,NIKL source band: advanced; project heuristic TOPIK 5: professional and social category; not an official per-grade list
ko-nikl-44885,청중,,"A crowd of people gathered for a lecture, concert, etc.",noun,culture > cultural participants,nikl-2024-mirror,https://huggingface.co/datasets/binjang/NIKL-korean-english-dictionary/resolve/3b4cfd2126debfd5440cade3ef6c2a3c20cf7cf9/2024_01.csv#record=44885,NIKL source band: advanced; project heuristic TOPIK 5: professional and social category; not an official per-grade list
ko-nikl-44892,청춘,,Young age or youthhood.,noun,daily life > life circumstances,nikl-2024-mirror,https://huggingface.co/datasets/binjang/NIKL-korean-english-dictionary/resolve/3b4cfd2126debfd5440cade3ef6c2a3c20cf7cf9/2024_01.csv#record=44892,NIKL source band: advanced; project heuristic TOPIK 5: professional and social category; not an official per-grade list
ko-nikl-44895,청취자,,A person who listens to the radio.,noun,culture > cultural participants,nikl-2024-mirror,https://huggingface.co/datasets/binjang/NIKL-korean-english-dictionary/resolve/3b4cfd2126debfd5440cade3ef6c2a3c20cf7cf9/2024_01.csv#record=44895,NIKL source band: advanced; project heuristic TOPIK 5: professional and social category; not an official per-grade list
ko-nikl-44928,체내,,The internal parts of the body.,noun,people > body parts,nikl-2024-mirror,https://huggingface.co/datasets/binjang/NIKL-korean-english-dictionary/resolve/3b4cfd2126debfd5440cade3ef6c2a3c20cf7cf9/2024_01.csv#record=44928,NIKL source band: advanced; project heuristic TOPIK 5: professional and social category; not an official per-grade list
ko-nikl-44936,체류,,The state of being away from home and staying at a place.,noun,housing > housing activities,nikl-2024-mirror,https://huggingface.co/datasets/binjang/NIKL-korean-english-dictionary/resolve/3b4cfd2126debfd5440cade3ef6c2a3c20cf7cf9/2024_01.csv#record=44936,NIKL source band: advanced; project heuristic TOPIK 5: professional and social category; not an official per-grade list
ko-nikl-44972,체증,,"In Oriental medicine, the symptom of having difficulties digesting food. / A state in which the traffic is heavy and moves very slowly.",noun,daily life > illness and symptoms,nikl-2024-mirror,https://huggingface.co/datasets/binjang/NIKL-korean-english-dictionary/resolve/3b4cfd2126debfd5440cade3ef6c2a3c20cf7cf9/2024_01.csv#record=44972,NIKL source band: advanced; project heuristic TOPIK 5: professional and social category; not an official per-grade list
ko-nikl-45023,초고속,,Extremely fast speed.,noun,concepts > speed,nikl-2024-mirror,https://huggingface.co/datasets/binjang/NIKL-korean-english-dictionary/resolve/3b4cfd2126debfd5440cade3ef6c2a3c20cf7cf9/2024_01.csv#record=45023,NIKL source band: advanced; project heuristic TOPIK 5: professional and social category; not an official per-grade list
ko-nikl-45049,초등,,"The first level among many, or the lowest level.",noun,education > educational institutions,nikl-2024-mirror,https://huggingface.co/datasets/binjang/NIKL-korean-english-dictionary/resolve/3b4cfd2126debfd5440cade3ef6c2a3c20cf7cf9/2024_01.csv#record=45049,NIKL source band: advanced; project heuristic TOPIK 5: professional and social category; not an official per-grade list
ko-nikl-45092,초상,,"The process of a funeral, after one's death.",noun,daily life > family events,nikl-2024-mirror,https://huggingface.co/datasets/binjang/NIKL-korean-english-dictionary/resolve/3b4cfd2126debfd5440cade3ef6c2a3c20cf7cf9/2024_01.csv#record=45092,NIKL source band: advanced; project heuristic TOPIK 5: professional and social category; not an official per-grade list
ko-nikl-45104,초순,,The period from the first day to the tenth day of each month.,noun,concepts > time,nikl-2024-mirror,https://huggingface.co/datasets/binjang/NIKL-korean-english-dictionary/resolve/3b4cfd2126debfd5440cade3ef6c2a3c20cf7cf9/2024_01.csv#record=45104,NIKL source band: advanced; project heuristic TOPIK 5: professional and social category; not an official per-grade list
ko-nikl-45156,초창기,,The period in which something begins.,noun,concepts > time,nikl-2024-mirror,https://huggingface.co/datasets/binjang/NIKL-korean-english-dictionary/resolve/3b4cfd2126debfd5440cade3ef6c2a3c20cf7cf9/2024_01.csv#record=45156,NIKL source band: advanced; project heuristic TOPIK 5: professional and social category; not an official per-grade list
ko-nikl-45190,촉각,,A sensation from an object touching the skin.,noun,people > senses,nikl-2024-mirror,https://huggingface.co/datasets/binjang/NIKL-korean-english-dictionary/resolve/3b4cfd2126debfd5440cade3ef6c2a3c20cf7cf9/2024_01.csv#record=45190,NIKL source band: advanced; project heuristic TOPIK 5: professional and social category; not an official per-grade list
ko-nikl-45212,촉촉하다,,Feeling or looking a little wet because of moisture.,descriptive verb,people > senses,nikl-2024-mirror,https://huggingface.co/datasets/binjang/NIKL-korean-english-dictionary/resolve/3b4cfd2126debfd5440cade3ef6c2a3c20cf7cf9/2024_01.csv#record=45212,NIKL source band: advanced; project heuristic TOPIK 5: professional and social category; not an official per-grade list
ko-nikl-45250,총각,,An adult man who is not married. / A man who has never engaged in sexual intercourse with a woman.,noun,people > types of people,nikl-2024-mirror,https://huggingface.co/datasets/binjang/NIKL-korean-english-dictionary/resolve/3b4cfd2126debfd5440cade3ef6c2a3c20cf7cf9/2024_01.csv#record=45250,NIKL source band: advanced; project heuristic TOPIK 5: professional and social category; not an official per-grade list
ko-nikl-45316,총액,,The amount that is the sum of all.,noun,economy > financial instruments,nikl-2024-mirror,https://huggingface.co/datasets/binjang/NIKL-korean-english-dictionary/resolve/3b4cfd2126debfd5440cade3ef6c2a3c20cf7cf9/2024_01.csv#record=45316,NIKL source band: advanced; project heuristic TOPIK 5: professional and social category; not an official per-grade list
ko-nikl-45323,총장,,"A position to manage and be responsible for the overall affairs of a certain organization, or a person in such a position. / A person in the highest position at a university or college, who represents the institution, oversees its overall affairs, and supervises students and faculty members.",noun,education > teachers and learners,nikl-2024-mirror,https://huggingface.co/datasets/binjang/NIKL-korean-english-dictionary/resolve/3b4cfd2126debfd5440cade3ef6c2a3c20cf7cf9/2024_01.csv#record=45323,NIKL source band: advanced; project heuristic TOPIK 5: professional and social category; not an official per-grade list
ko-nikl-45607,축산물,,Objects obtained or made by breeding livestock.,noun,economy > economic products,nikl-2024-mirror,https://huggingface.co/datasets/binjang/NIKL-korean-english-dictionary/resolve/3b4cfd2126debfd5440cade3ef6c2a3c20cf7cf9/2024_01.csv#record=45607,NIKL source band: advanced; project heuristic TOPIK 5: professional and social category; not an official per-grade list
ko-nikl-45689,출금,,An act of taking money out of one’s account in a financial institution such as a bank.,noun,economy > economic activities,nikl-2024-mirror,https://huggingface.co/datasets/binjang/NIKL-korean-english-dictionary/resolve/3b4cfd2126debfd5440cade3ef6c2a3c20cf7cf9/2024_01.csv#record=45689,NIKL source band: advanced; project heuristic TOPIK 5: professional and social category; not an official per-grade list
ko-nikl-45734,출생,,"An act of coming out of a womb, into the world.",noun,daily life > life events,nikl-2024-mirror,https://huggingface.co/datasets/binjang/NIKL-korean-english-dictionary/resolve/3b4cfd2126debfd5440cade3ef6c2a3c20cf7cf9/2024_01.csv#record=45734,NIKL source band: advanced; project heuristic TOPIK 5: professional and social category; not an official per-grade list
ko-nikl-45768,출입구,,A door through which one goes into or comes out of a place.,noun,housing > parts of a home,nikl-2024-mirror,https://huggingface.co/datasets/binjang/NIKL-korean-english-dictionary/resolve/3b4cfd2126debfd5440cade3ef6c2a3c20cf7cf9/2024_01.csv#record=45768,NIKL source band: advanced; project heuristic TOPIK 5: professional and social category; not an official per-grade list
ko-nikl-45787,출제,,An act of making the questions for an examination.,noun,education > teaching and learning,nikl-2024-mirror,https://huggingface.co/datasets/binjang/NIKL-korean-english-dictionary/resolve/3b4cfd2126debfd5440cade3ef6c2a3c20cf7cf9/2024_01.csv#record=45787,NIKL source band: advanced; project heuristic TOPIK 5: professional and social category; not an official per-grade list
ko-nikl-45805,출판사,,"A company that makes pieces of writing, painting, music, etc., into books or collections and releases them in public.",noun,social life > workplaces,nikl-2024-mirror,https://huggingface.co/datasets/binjang/NIKL-korean-english-dictionary/resolve/3b4cfd2126debfd5440cade3ef6c2a3c20cf7cf9/2024_01.csv#record=45805,NIKL source band: advanced; project heuristic TOPIK 5: professional and social category; not an official per-grade list
ko-nikl-45822,출혈,,The state of blood flowing out of one's blood vessel. / (figurative) A sacrifice or loss.,noun,daily life > illness and symptoms,nikl-2024-mirror,https://huggingface.co/datasets/binjang/NIKL-korean-english-dictionary/resolve/3b4cfd2126debfd5440cade3ef6c2a3c20cf7cf9/2024_01.csv#record=45822,NIKL source band: advanced; project heuristic TOPIK 5: professional and social category; not an official per-grade list
ko-nikl-45863,충실,,The state of the contents of something being full and compact. / The state of one’s body being well and strong.,noun,people > attitudes,nikl-2024-mirror,https://huggingface.co/datasets/binjang/NIKL-korean-english-dictionary/resolve/3b4cfd2126debfd5440cade3ef6c2a3c20cf7cf9/2024_01.csv#record=45863,NIKL source band: advanced; project heuristic TOPIK 5: professional and social category; not an official per-grade list
ko-nikl-45886,충족,,"An act of meeting a certain condition or reaching a certain quantity, making sure that there is no shortage. / The state of there being plenty and no shortage.",noun,people > emotions,nikl-2024-mirror,https://huggingface.co/datasets/binjang/NIKL-korean-english-dictionary/resolve/3b4cfd2126debfd5440cade3ef6c2a3c20cf7cf9/2024_01.csv#record=45886,NIKL source band: advanced; project heuristic TOPIK 5: professional and social category; not an official per-grade list
ko-nikl-45898,충치,,"A disease caused by bacteria whose symptom is a cavity in a tooth, or such a tooth.",noun,daily life > illness and symptoms,nikl-2024-mirror,https://huggingface.co/datasets/binjang/NIKL-korean-english-dictionary/resolve/3b4cfd2126debfd5440cade3ef6c2a3c20cf7cf9/2024_01.csv#record=45898,NIKL source band: advanced; project heuristic TOPIK 5: professional and social category; not an official per-grade list
ko-nikl-45899,충혈,,A symptom of an abnormally large flow of blood in a certain area of one's body.,noun,daily life > illness and symptoms,nikl-2024-mirror,https://huggingface.co/datasets/binjang/NIKL-korean-english-dictionary/resolve/3b4cfd2126debfd5440cade3ef6c2a3c20cf7cf9/2024_01.csv#record=45899,NIKL source band: advanced; project heuristic TOPIK 5: professional and social category; not an official per-grade list
ko-nikl-45918,취사,,An act of preparing food using heat.,noun,food > eating and cooking,nikl-2024-mirror,https://huggingface.co/datasets/binjang/NIKL-korean-english-dictionary/resolve/3b4cfd2126debfd5440cade3ef6c2a3c20cf7cf9/2024_01.csv#record=45918,NIKL source band: advanced; project heuristic TOPIK 5: professional and social category; not an official per-grade list
ko-nikl-45931,취업률,,The ratio of employed people to the population.,noun,economy > economic conditions,nikl-2024-mirror,https://huggingface.co/datasets/binjang/NIKL-korean-english-dictionary/resolve/3b4cfd2126debfd5440cade3ef6c2a3c20cf7cf9/2024_01.csv#record=45931,NIKL source band: advanced; project heuristic TOPIK 5: professional and social category; not an official per-grade list
ko-nikl-45962,취학,,An act of entering school to get education.,noun,education > teaching and learning,nikl-2024-mirror,https://huggingface.co/datasets/binjang/NIKL-korean-english-dictionary/resolve/3b4cfd2126debfd5440cade3ef6c2a3c20cf7cf9/2024_01.csv#record=45962,NIKL source band: advanced; project heuristic TOPIK 5: professional and social category; not an official per-grade list
ko-nikl-46059,치매,,"A disease, usually affecting the elderly, which damages brains cells and leads to loss of intelligence, will, memory, etc.",noun,daily life > illness and symptoms,nikl-2024-mirror,https://huggingface.co/datasets/binjang/NIKL-korean-english-dictionary/resolve/3b4cfd2126debfd5440cade3ef6c2a3c20cf7cf9/2024_01.csv#record=46059,NIKL source band: advanced; project heuristic TOPIK 5: professional and social category; not an official per-grade list
ko-nikl-46090,치아,,An organ in one's mouth that is used to chew food.,noun,people > body parts,nikl-2024-mirror,https://huggingface.co/datasets/binjang/NIKL-korean-english-dictionary/resolve/3b4cfd2126debfd5440cade3ef6c2a3c20cf7cf9/2024_01.csv#record=46090,NIKL source band: advanced; project heuristic TOPIK 5: professional and social category; not an official per-grade list
ko-nikl-46100,치욕,,The state of being dishonored and ashamed.,noun,people > emotions,nikl-2024-mirror,https://huggingface.co/datasets/binjang/NIKL-korean-english-dictionary/resolve/3b4cfd2126debfd5440cade3ef6c2a3c20cf7cf9/2024_01.csv#record=46100,NIKL source band: advanced; project heuristic TOPIK 5: professional and social category; not an official per-grade list
ko-nikl-46108,치유,,An act of treating a disease and making a patient recover from it.,noun,daily life > medical treatment,nikl-2024-mirror,https://huggingface.co/datasets/binjang/NIKL-korean-english-dictionary/resolve/3b4cfd2126debfd5440cade3ef6c2a3c20cf7cf9/2024_01.csv#record=46108,NIKL source band: advanced; project heuristic TOPIK 5: professional and social category; not an official per-grade list
ko-nikl-46125,치켜들다,,To raise something up.,verb,people > physical actions,nikl-2024-mirror,https://huggingface.co/datasets/binjang/NIKL-korean-english-dictionary/resolve/3b4cfd2126debfd5440cade3ef6c2a3c20cf7cf9/2024_01.csv#record=46125,NIKL source band: advanced; project heuristic TOPIK 5: professional and social category; not an official per-grade list
ko-nikl-46132,치통,,Soreness or pain in one's tooth.,noun,daily life > illness and symptoms,nikl-2024-mirror,https://huggingface.co/datasets/binjang/NIKL-korean-english-dictionary/resolve/3b4cfd2126debfd5440cade3ef6c2a3c20cf7cf9/2024_01.csv#record=46132,NIKL source band: advanced; project heuristic TOPIK 5: professional and social category; not an official per-grade list
ko-nikl-20361,친교,,The state of being close to someone; or the attachment forming in such a manner.,noun,social life > social activities,nikl-2024-mirror,https://huggingface.co/datasets/binjang/NIKL-korean-english-dictionary/resolve/3b4cfd2126debfd5440cade3ef6c2a3c20cf7cf9/2024_01.csv#record=20361,NIKL source band: advanced; project heuristic TOPIK 5: professional and social category; not an official per-grade list
ko-nikl-20367,친근감,,A sense of closeness to someone.,noun,people > emotions,nikl-2024-mirror,https://huggingface.co/datasets/binjang/NIKL-korean-english-dictionary/resolve/3b4cfd2126debfd5440cade3ef6c2a3c20cf7cf9/2024_01.csv#record=20367,NIKL source band: advanced; project heuristic TOPIK 5: professional and social category; not an official per-grade list
ko-nikl-20368,친근하다,,"A relationship being very close. / Being familiar with and hiding nothing from someone, because the relationship is close enough.",descriptive verb,people > emotions,nikl-2024-mirror,https://huggingface.co/datasets/binjang/NIKL-korean-english-dictionary/resolve/3b4cfd2126debfd5440cade3ef6c2a3c20cf7cf9/2024_01.csv#record=20368,NIKL source band: advanced; project heuristic TOPIK 5: professional and social category; not an official per-grade list
ko-nikl-20375,친밀,,The state of a relationship with someone being very friendly and close,noun,people > emotions,nikl-2024-mirror,https://huggingface.co/datasets/binjang/NIKL-korean-english-dictionary/resolve/3b4cfd2126debfd5440cade3ef6c2a3c20cf7cf9/2024_01.csv#record=20375,NIKL source band: advanced; project heuristic TOPIK 5: professional and social category; not an official per-grade list
ko-nikl-20376,친밀감,,The feeling that a relationship with someone is very friendly and close.,noun,people > emotions,nikl-2024-mirror,https://huggingface.co/datasets/binjang/NIKL-korean-english-dictionary/resolve/3b4cfd2126debfd5440cade3ef6c2a3c20cf7cf9/2024_01.csv#record=20376,NIKL source band: advanced; project heuristic TOPIK 5: professional and social category; not an official per-grade list
ko-nikl-20380,친분,,A very close and strong bond with someone.,noun,social life > social conditions,nikl-2024-mirror,https://huggingface.co/datasets/binjang/NIKL-korean-english-dictionary/resolve/3b4cfd2126debfd5440cade3ef6c2a3c20cf7cf9/2024_01.csv#record=20380,NIKL source band: advanced; project heuristic TOPIK 5: professional and social category; not an official per-grade list
ko-nikl-20388,친숙하다,,"Being close to and familiar with someone, from whom one hides nothing.",descriptive verb,people > emotions,nikl-2024-mirror,https://huggingface.co/datasets/binjang/NIKL-korean-english-dictionary/resolve/3b4cfd2126debfd5440cade3ef6c2a3c20cf7cf9/2024_01.csv#record=20388,NIKL source band: advanced; project heuristic TOPIK 5: professional and social category; not an official per-grade list
ko-nikl-20406,친족,,"A person who is close in degree of kinship, usually who has the same family name as one's own family name. / In biology or language, etc., a branch into which something has been divided from the same origin.",noun,daily life > family relationships,nikl-2024-mirror,https://huggingface.co/datasets/binjang/NIKL-korean-english-dictionary/resolve/3b4cfd2126debfd5440cade3ef6c2a3c20cf7cf9/2024_01.csv#record=20406,NIKL source band: advanced; project heuristic TOPIK 5: professional and social category; not an official per-grade list
ko-nikl-20407,친지,,A person whom one is close to and familiar with.,noun,daily life > family relationships,nikl-2024-mirror,https://huggingface.co/datasets/binjang/NIKL-korean-english-dictionary/resolve/3b4cfd2126debfd5440cade3ef6c2a3c20cf7cf9/2024_01.csv#record=20407,NIKL source band: advanced; project heuristic TOPIK 5: professional and social category; not an official per-grade list
ko-nikl-20415,친화,,The state of being on friendly terms and in harmony with one another.,noun,social life > social conditions,nikl-2024-mirror,https://huggingface.co/datasets/binjang/NIKL-korean-english-dictionary/resolve/3b4cfd2126debfd5440cade3ef6c2a3c20cf7cf9/2024_01.csv#record=20415,NIKL source band: advanced; project heuristic TOPIK 5: professional and social category; not an official per-grade list
ko-nikl-20416,친화력,,An ability to get along and be on good terms with others.,noun,people > abilities,nikl-2024-mirror,https://huggingface.co/datasets/binjang/NIKL-korean-english-dictionary/resolve/3b4cfd2126debfd5440cade3ef6c2a3c20cf7cf9/2024_01.csv#record=20416,NIKL source band: advanced; project heuristic TOPIK 5: professional and social category; not an official per-grade list
ko-nikl-20499,침착,,"The state of acting carefully and calmly, not being excited easily.",noun,people > attitudes,nikl-2024-mirror,https://huggingface.co/datasets/binjang/NIKL-korean-english-dictionary/resolve/3b4cfd2126debfd5440cade3ef6c2a3c20cf7cf9/2024_01.csv#record=20499,NIKL source band: advanced; project heuristic TOPIK 5: professional and social category; not an official per-grade list
ko-nikl-20591,칼럼,,"A short piece of writing commenting on a certain subject, in a newspaper, a magazine, etc.",noun,social life > media,nikl-2024-mirror,https://huggingface.co/datasets/binjang/NIKL-korean-english-dictionary/resolve/3b4cfd2126debfd5440cade3ef6c2a3c20cf7cf9/2024_01.csv#record=20591,NIKL source band: advanced; project heuristic TOPIK 5: professional and social category; not an official per-grade list
ko-nikl-20634,캠퍼스,,"A certain area of a university or college, consisting of buildings and schoolyard.",noun,education > school facilities,nikl-2024-mirror,https://huggingface.co/datasets/binjang/NIKL-korean-english-dictionary/resolve/3b4cfd2126debfd5440cade3ef6c2a3c20cf7cf9/2024_01.csv#record=20634,NIKL source band: advanced; project heuristic TOPIK 5: professional and social category; not an official per-grade list
ko-nikl-20656,커플,,A man and a woman as a pair.,noun,social life > interpersonal relationships,nikl-2024-mirror,https://huggingface.co/datasets/binjang/NIKL-korean-english-dictionary/resolve/3b4cfd2126debfd5440cade3ef6c2a3c20cf7cf9/2024_01.csv#record=20656,NIKL source band: advanced; project heuristic TOPIK 5: professional and social category; not an official per-grade list
ko-nikl-20669,컨디션,,"The state of one's body, health. emotion, etc. / The situation or condition around someone or something.",noun,people > emotions,nikl-2024-mirror,https://huggingface.co/datasets/binjang/NIKL-korean-english-dictionary/resolve/3b4cfd2126debfd5440cade3ef6c2a3c20cf7cf9/2024_01.csv#record=20669,NIKL source band: advanced; project heuristic TOPIK 5: professional and social category; not an official per-grade list
ko-nikl-20760,코치,,An act of leading and teaching someone. / An act of leading athletes and teaching them the techniques or tactics of a sports game. / A person who leads athletes and teaches them the techniques or tactics of a sports game.,noun,social life > occupations,nikl-2024-mirror,https://huggingface.co/datasets/binjang/NIKL-korean-english-dictionary/resolve/3b4cfd2126debfd5440cade3ef6c2a3c20cf7cf9/2024_01.csv#record=20760,NIKL source band: advanced; project heuristic TOPIK 5: professional and social category; not an official per-grade list
ko-nikl-20809,콧날,,The sharp line from the nose tip to the part of the nose between the two eyes.,noun,people > body parts,nikl-2024-mirror,https://huggingface.co/datasets/binjang/NIKL-korean-english-dictionary/resolve/3b4cfd2126debfd5440cade3ef6c2a3c20cf7cf9/2024_01.csv#record=20809,NIKL source band: advanced; project heuristic TOPIK 5: professional and social category; not an official per-grade list
ko-nikl-20814,콧등,,The raised ridge of the nose.,noun,people > body parts,nikl-2024-mirror,https://huggingface.co/datasets/binjang/NIKL-korean-english-dictionary/resolve/3b4cfd2126debfd5440cade3ef6c2a3c20cf7cf9/2024_01.csv#record=20814,NIKL source band: advanced; project heuristic TOPIK 5: professional and social category; not an official per-grade list
ko-nikl-20863,쾌감,,A very pleasant feeling.,noun,people > emotions,nikl-2024-mirror,https://huggingface.co/datasets/binjang/NIKL-korean-english-dictionary/resolve/3b4cfd2126debfd5440cade3ef6c2a3c20cf7cf9/2024_01.csv#record=20863,NIKL source band: advanced; project heuristic TOPIK 5: professional and social category; not an official per-grade list
ko-nikl-20865,쾌락,,"The state of feeling pleasant and happy, or such a feeling.",noun,people > emotions,nikl-2024-mirror,https://huggingface.co/datasets/binjang/NIKL-korean-english-dictionary/resolve/3b4cfd2126debfd5440cade3ef6c2a3c20cf7cf9/2024_01.csv#record=20865,NIKL source band: advanced; project heuristic TOPIK 5: professional and social category; not an official per-grade list
ko-nikl-20912,퀴즈,,"A game of guessing the right answer to a question, or a set of such questions.",noun,education > teaching and learning,nikl-2024-mirror,https://huggingface.co/datasets/binjang/NIKL-korean-english-dictionary/resolve/3b4cfd2126debfd5440cade3ef6c2a3c20cf7cf9/2024_01.csv#record=20912,NIKL source band: advanced; project heuristic TOPIK 5: professional and social category; not an official per-grade list
ko-nikl-20989,큼직하다,,Quite big.,descriptive verb,concepts > shape,nikl-2024-mirror,https://huggingface.co/datasets/binjang/NIKL-korean-english-dictionary/resolve/3b4cfd2126debfd5440cade3ef6c2a3c20cf7cf9/2024_01.csv#record=20989,NIKL source band: advanced; project heuristic TOPIK 5: professional and social category; not an official per-grade list
ko-nikl-21153,탁월하다,,Far superior to others.,descriptive verb,people > abilities,nikl-2024-mirror,https://huggingface.co/datasets/binjang/NIKL-korean-english-dictionary/resolve/3b4cfd2126debfd5440cade3ef6c2a3c20cf7cf9/2024_01.csv#record=21153,NIKL source band: advanced; project heuristic TOPIK 5: professional and social category; not an official per-grade list
ko-nikl-21174,탄산음료,,"A sharp-tasting drink, made by dissolving carbonic acid in water.",noun,food > drinks,nikl-2024-mirror,https://huggingface.co/datasets/binjang/NIKL-korean-english-dictionary/resolve/3b4cfd2126debfd5440cade3ef6c2a3c20cf7cf9/2024_01.csv#record=21174,NIKL source band: advanced; project heuristic TOPIK 5: professional and social category; not an official per-grade list
ko-nikl-21207,탈,,"An unexpected accident. / A disease in one’s body. / A defect or fault. / The malfunction of a machine, apparatus, equipment, etc. / An excuse or a fault.",noun,daily life > illness and symptoms,nikl-2024-mirror,https://huggingface.co/datasets/binjang/NIKL-korean-english-dictionary/resolve/3b4cfd2126debfd5440cade3ef6c2a3c20cf7cf9/2024_01.csv#record=21207,NIKL source band: advanced; project heuristic TOPIK 5: professional and social category; not an official per-grade list
ko-nikl-21385,태아,,A baby growing in the womb of its mother.,noun,people > types of people,nikl-2024-mirror,https://huggingface.co/datasets/binjang/NIKL-korean-english-dictionary/resolve/3b4cfd2126debfd5440cade3ef6c2a3c20cf7cf9/2024_01.csv#record=21385,NIKL source band: advanced; project heuristic TOPIK 5: professional and social category; not an official per-grade list
ko-nikl-21437,터,,"A site where a building was built or will be built. / Empty land without houses, fields, etc. / The foundation for a certain thing. / A word meaning a spot or place.",noun,concepts > location and direction,nikl-2024-mirror,https://huggingface.co/datasets/binjang/NIKL-korean-english-dictionary/resolve/3b4cfd2126debfd5440cade3ef6c2a3c20cf7cf9/2024_01.csv#record=21437,NIKL source band: advanced; project heuristic TOPIK 5: professional and social category; not an official per-grade list
ko-nikl-21506,털옷,,Clothes made of fur or a pelt.,noun,clothing and appearance > types of clothing,nikl-2024-mirror,https://huggingface.co/datasets/binjang/NIKL-korean-english-dictionary/resolve/3b4cfd2126debfd5440cade3ef6c2a3c20cf7cf9/2024_01.csv#record=21506,NIKL source band: advanced; project heuristic TOPIK 5: professional and social category; not an official per-grade list
ko-nikl-21711,통로,,"A way made for people to pass. / A method or means of communication, transaction, etc.",noun,social life > transport facilities,nikl-2024-mirror,https://huggingface.co/datasets/binjang/NIKL-korean-english-dictionary/resolve/3b4cfd2126debfd5440cade3ef6c2a3c20cf7cf9/2024_01.csv#record=21711,NIKL source band: advanced; project heuristic TOPIK 5: professional and social category; not an official per-grade list
ko-nikl-21722,통상,,"An act of countries selling and buying goods to and from each other, or such relations.",noun,economy > economic activities,nikl-2024-mirror,https://huggingface.co/datasets/binjang/NIKL-korean-english-dictionary/resolve/3b4cfd2126debfd5440cade3ef6c2a3c20cf7cf9/2024_01.csv#record=21722,NIKL source band: advanced; project heuristic TOPIK 5: professional and social category; not an official per-grade list
ko-nikl-21779,통조림,,"Food that is made for long preservation, by putting food in a tin can, sterilizing it with heat, and closing the lid tight.",noun,food > dishes,nikl-2024-mirror,https://huggingface.co/datasets/binjang/NIKL-korean-english-dictionary/resolve/3b4cfd2126debfd5440cade3ef6c2a3c20cf7cf9/2024_01.csv#record=21779,NIKL source band: advanced; project heuristic TOPIK 5: professional and social category; not an official per-grade list
ko-nikl-21816,통학,,An act of making a trip between one's home and school.,noun,education > teaching and learning,nikl-2024-mirror,https://huggingface.co/datasets/binjang/NIKL-korean-english-dictionary/resolve/3b4cfd2126debfd5440cade3ef6c2a3c20cf7cf9/2024_01.csv#record=21816,NIKL source band: advanced; project heuristic TOPIK 5: professional and social category; not an official per-grade list
ko-nikl-21830,통화,,Money used in a society.,noun,economy > financial instruments,nikl-2024-mirror,https://huggingface.co/datasets/binjang/NIKL-korean-english-dictionary/resolve/3b4cfd2126debfd5440cade3ef6c2a3c20cf7cf9/2024_01.csv#record=21830,NIKL source band: advanced; project heuristic TOPIK 5: professional and social category; not an official per-grade list
ko-nikl-21881,퇴직금,,The money that an employer gives to a person who resigns from a job.,noun,economy > financial instruments,nikl-2024-mirror,https://huggingface.co/datasets/binjang/NIKL-korean-english-dictionary/resolve/3b4cfd2126debfd5440cade3ef6c2a3c20cf7cf9/2024_01.csv#record=21881,NIKL source band: advanced; project heuristic TOPIK 5: professional and social category; not an official per-grade list
ko-nikl-21987,투철하다,,Knowledgeable and accurate in a field. / Deeply clear and allowing neither mistake nor weakness.,descriptive verb,people > attitudes,nikl-2024-mirror,https://huggingface.co/datasets/binjang/NIKL-korean-english-dictionary/resolve/3b4cfd2126debfd5440cade3ef6c2a3c20cf7cf9/2024_01.csv#record=21987,NIKL source band: advanced; project heuristic TOPIK 5: professional and social category; not an official per-grade list
ko-nikl-22056,트로트,,"Music or a song in a fixed rhythm, giving a mellow or sad feeling.",noun,culture > music,nikl-2024-mirror,https://huggingface.co/datasets/binjang/NIKL-korean-english-dictionary/resolve/3b4cfd2126debfd5440cade3ef6c2a3c20cf7cf9/2024_01.csv#record=22056,NIKL source band: advanced; project heuristic TOPIK 5: professional and social category; not an official per-grade list
ko-nikl-22061,트림,,An act in which the gas created by food that has not digested well in one's stomach comes out through one's mouth; or such gas.,noun,people > physiological processes,nikl-2024-mirror,https://huggingface.co/datasets/binjang/NIKL-korean-english-dictionary/resolve/3b4cfd2126debfd5440cade3ef6c2a3c20cf7cf9/2024_01.csv#record=22061,NIKL source band: advanced; project heuristic TOPIK 5: professional and social category; not an official per-grade list
ko-nikl-22067,특강,,"A lecture given specially, in addition to regular lectures.",noun,education > teaching and learning,nikl-2024-mirror,https://huggingface.co/datasets/binjang/NIKL-korean-english-dictionary/resolve/3b4cfd2126debfd5440cade3ef6c2a3c20cf7cf9/2024_01.csv#record=22067,NIKL source band: advanced; project heuristic TOPIK 5: professional and social category; not an official per-grade list
ko-nikl-22196,티격태격하다,,"To not agree and argue back and forth with someone, while trying to determine right from wrong.",verb,social life > social conditions,nikl-2024-mirror,https://huggingface.co/datasets/binjang/NIKL-korean-english-dictionary/resolve/3b4cfd2126debfd5440cade3ef6c2a3c20cf7cf9/2024_01.csv#record=22196,NIKL source band: advanced; project heuristic TOPIK 5: professional and social category; not an official per-grade list
ko-nikl-22208,팀원,,A member of a group of people that work together.,noun,social life > job positions,nikl-2024-mirror,https://huggingface.co/datasets/binjang/NIKL-korean-english-dictionary/resolve/3b4cfd2126debfd5440cade3ef6c2a3c20cf7cf9/2024_01.csv#record=22208,NIKL source band: advanced; project heuristic TOPIK 5: professional and social category; not an official per-grade list
ko-nikl-22209,팀장,,"A person who leads a team whose members do the same kind of work for a company, etc.",noun,social life > job positions,nikl-2024-mirror,https://huggingface.co/datasets/binjang/NIKL-korean-english-dictionary/resolve/3b4cfd2126debfd5440cade3ef6c2a3c20cf7cf9/2024_01.csv#record=22209,NIKL source band: advanced; project heuristic TOPIK 5: professional and social category; not an official per-grade list
ko-nikl-22220,파견,,An act of sending someone to a certain place with a mission or task.,noun,social life > workplace life,nikl-2024-mirror,https://huggingface.co/datasets/binjang/NIKL-korean-english-dictionary/resolve/3b4cfd2126debfd5440cade3ef6c2a3c20cf7cf9/2024_01.csv#record=22220,NIKL source band: advanced; project heuristic TOPIK 5: professional and social category; not an official per-grade list
ko-nikl-22267,파란만장,,The state of a task or life being full of big changes and big troubles.,noun,daily life > life circumstances,nikl-2024-mirror,https://huggingface.co/datasets/binjang/NIKL-korean-english-dictionary/resolve/3b4cfd2126debfd5440cade3ef6c2a3c20cf7cf9/2024_01.csv#record=22267,NIKL source band: advanced; project heuristic TOPIK 5: professional and social category; not an official per-grade list
ko-nikl-22342,파업,,An act of stopping doing something in the process.,noun,social life > workplace life,nikl-2024-mirror,https://huggingface.co/datasets/binjang/NIKL-korean-english-dictionary/resolve/3b4cfd2126debfd5440cade3ef6c2a3c20cf7cf9/2024_01.csv#record=22342,NIKL source band: advanced; project heuristic TOPIK 5: professional and social category; not an official per-grade list
ko-nikl-22356,파이프,,"A cylinder, empty inside, which is used to carry water, gas, etc. / A western-style, short tobacco pipe, used to hold and smoke a fine-cut tobacco. / An object used to smoke a cigarette wrapped with thin paper, by inserting it.",noun,housing > parts of a home,nikl-2024-mirror,https://huggingface.co/datasets/binjang/NIKL-korean-english-dictionary/resolve/3b4cfd2126debfd5440cade3ef6c2a3c20cf7cf9/2024_01.csv#record=22356,NIKL source band: advanced; project heuristic TOPIK 5: professional and social category; not an official per-grade list
ko-nikl-22390,파하다,,For something to end; or to end or give up something.,verb,education > teaching and learning,nikl-2024-mirror,https://huggingface.co/datasets/binjang/NIKL-korean-english-dictionary/resolve/3b4cfd2126debfd5440cade3ef6c2a3c20cf7cf9/2024_01.csv#record=22390,NIKL source band: advanced; project heuristic TOPIK 5: professional and social category; not an official per-grade list
ko-nikl-22406,판,,"A flat, wide piece of wood. / A device such as a go board or janggipan, chessboard, whose smooth top is used. / A round object with which one can listen to music, using a stereo, etc. / carton: A unit used to count thirty eggs as a bundle. / A unit used to count food, which people usually share after cutting it into pieces, as a whole, intact piece. / A piece of wood or metal on which images or words are engraved for printing.",noun,concepts > counters,nikl-2024-mirror,https://huggingface.co/datasets/binjang/NIKL-korean-english-dictionary/resolve/3b4cfd2126debfd5440cade3ef6c2a3c20cf7cf9/2024_01.csv#record=22406,NIKL source band: advanced; project heuristic TOPIK 5: professional and social category; not an official per-grade list
ko-nikl-22441,판매량,,The quantity of sold goods for a fixed period.,noun,economy > economic conditions,nikl-2024-mirror,https://huggingface.co/datasets/binjang/NIKL-korean-english-dictionary/resolve/3b4cfd2126debfd5440cade3ef6c2a3c20cf7cf9/2024_01.csv#record=22441,NIKL source band: advanced; project heuristic TOPIK 5: professional and social category; not an official per-grade list
ko-nikl-22473,판촉,,An act of boosting sales by stimulating a customer's desire to purchase something through many different methods.,noun,economy > economic activities,nikl-2024-mirror,https://huggingface.co/datasets/binjang/NIKL-korean-english-dictionary/resolve/3b4cfd2126debfd5440cade3ef6c2a3c20cf7cf9/2024_01.csv#record=22473,NIKL source band: advanced; project heuristic TOPIK 5: professional and social category; not an official per-grade list
ko-nikl-22517,팔방미인,,A beautiful woman with no weak spots. / (figurative) A person who is talented in many different fields.,noun,people > abilities,nikl-2024-mirror,https://huggingface.co/datasets/binjang/NIKL-korean-english-dictionary/resolve/3b4cfd2126debfd5440cade3ef6c2a3c20cf7cf9/2024_01.csv#record=22517,NIKL source band: advanced; project heuristic TOPIK 5: professional and social category; not an official per-grade list
ko-nikl-22530,팔아먹다,,"To give an object or a right to someone, after receiving money for it. / To turn one’s attention or glance to other things. / (disparaging) To send one’s child to an inappropriate place to make money. / To hand over a woman to a brothel or a pimp for money, or to trade a person like goods for money. / To send one’s child to another family as a young daughter-in-law, or son-in-law, for money; or to make a child work at a certain place. / To provide one’s effort or labor for money. / For a woman to have sex with a man for money. / To deceive oneself or give up one’s conscience to gain an inappropriate advantage. / To borrow someone’s power or rely on it, to gain one’s own advantage. / To waste one’s time, not gaining anything. / To buy grain by paying money.",verb,economy > economic activities,nikl-2024-mirror,https://huggingface.co/datasets/binjang/NIKL-korean-english-dictionary/resolve/3b4cfd2126debfd5440cade3ef6c2a3c20cf7cf9/2024_01.csv#record=22530,NIKL source band: advanced; project heuristic TOPIK 5: professional and social category; not an official per-grade list
ko-nikl-22540,팔짱,,"The bodily position where the two arms are crossed and the hands are under the armpits. / Of two persons being side by side, the act of one person interwining his/her arm with the other person's arm.",noun,people > physical actions,nikl-2024-mirror,https://huggingface.co/datasets/binjang/NIKL-korean-english-dictionary/resolve/3b4cfd2126debfd5440cade3ef6c2a3c20cf7cf9/2024_01.csv#record=22540,NIKL source band: advanced; project heuristic TOPIK 5: professional and social category; not an official per-grade list
ko-nikl-22554,팥,,"A dark purple grain with savory flavor that is used as an ingredient in porridge, tteok, rice cake, or bread.",noun,food > grains,nikl-2024-mirror,https://huggingface.co/datasets/binjang/NIKL-korean-english-dictionary/resolve/3b4cfd2126debfd5440cade3ef6c2a3c20cf7cf9/2024_01.csv#record=22554,NIKL source band: advanced; project heuristic TOPIK 5: professional and social category; not an official per-grade list
ko-nikl-22574,패다,,To hit someone here and there wildly.,verb,people > actions affecting the body,nikl-2024-mirror,https://huggingface.co/datasets/binjang/NIKL-korean-english-dictionary/resolve/3b4cfd2126debfd5440cade3ef6c2a3c20cf7cf9/2024_01.csv#record=22574,NIKL source band: advanced; project heuristic TOPIK 5: professional and social category; not an official per-grade list
ko-nikl-22584,패배,,"An act of losing a fight, competition, etc.",noun,social life > social activities,nikl-2024-mirror,https://huggingface.co/datasets/binjang/NIKL-korean-english-dictionary/resolve/3b4cfd2126debfd5440cade3ef6c2a3c20cf7cf9/2024_01.csv#record=22584,NIKL source band: advanced; project heuristic TOPIK 5: professional and social category; not an official per-grade list
ko-nikl-22592,패션쇼,,A presentation in which models wear various clothes for the audience to see.,noun,culture > cultural activities,nikl-2024-mirror,https://huggingface.co/datasets/binjang/NIKL-korean-english-dictionary/resolve/3b4cfd2126debfd5440cade3ef6c2a3c20cf7cf9/2024_01.csv#record=22592,NIKL source band: advanced; project heuristic TOPIK 5: professional and social category; not an official per-grade list
ko-nikl-22604,패자,,A person who loses a fight or game.,noun,social life > interpersonal relationships,nikl-2024-mirror,https://huggingface.co/datasets/binjang/NIKL-korean-english-dictionary/resolve/3b4cfd2126debfd5440cade3ef6c2a3c20cf7cf9/2024_01.csv#record=22604,NIKL source band: advanced; project heuristic TOPIK 5: professional and social category; not an official per-grade list
ko-nikl-22712,펭귄,,"A bird living in groups in the south pole region, which cannot fly and which walks with two feet and swims well.",noun,plants and animals > animals,nikl-2024-mirror,https://huggingface.co/datasets/binjang/NIKL-korean-english-dictionary/resolve/3b4cfd2126debfd5440cade3ef6c2a3c20cf7cf9/2024_01.csv#record=22712,NIKL source band: advanced; project heuristic TOPIK 5: professional and social category; not an official per-grade list
ko-nikl-22730,편두통,,"A sudden, severe headache on one side of the head.",noun,daily life > illness and symptoms,nikl-2024-mirror,https://huggingface.co/datasets/binjang/NIKL-korean-english-dictionary/resolve/3b4cfd2126debfd5440cade3ef6c2a3c20cf7cf9/2024_01.csv#record=22730,NIKL source band: advanced; project heuristic TOPIK 5: professional and social category; not an official per-grade list
ko-nikl-22905,평평하다,,A floor being even and widely spread. / One's looks or appearance looking common and ordinary.,descriptive verb,concepts > shape,nikl-2024-mirror,https://huggingface.co/datasets/binjang/NIKL-korean-english-dictionary/resolve/3b4cfd2126debfd5440cade3ef6c2a3c20cf7cf9/2024_01.csv#record=22905,NIKL source band: advanced; project heuristic TOPIK 5: professional and social category; not an official per-grade list
ko-nikl-22941,폐렴,,An infection in one's lungs caused by the entrance of germs or viruses.,noun,daily life > illness and symptoms,nikl-2024-mirror,https://huggingface.co/datasets/binjang/NIKL-korean-english-dictionary/resolve/3b4cfd2126debfd5440cade3ef6c2a3c20cf7cf9/2024_01.csv#record=22941,NIKL source band: advanced; project heuristic TOPIK 5: professional and social category; not an official per-grade list
ko-nikl-22962,폐장,,"The operation of a theater, market, beach, etc., ending, or an act of ending the operation of such a place.",noun,economy > economic activities,nikl-2024-mirror,https://huggingface.co/datasets/binjang/NIKL-korean-english-dictionary/resolve/3b4cfd2126debfd5440cade3ef6c2a3c20cf7cf9/2024_01.csv#record=22962,NIKL source band: advanced; project heuristic TOPIK 5: professional and social category; not an official per-grade list
ko-nikl-22980,폐활량,,The maximum volume of air one can inhale into the lungs and exhale out of them again.,noun,people > physical condition,nikl-2024-mirror,https://huggingface.co/datasets/binjang/NIKL-korean-english-dictionary/resolve/3b4cfd2126debfd5440cade3ef6c2a3c20cf7cf9/2024_01.csv#record=22980,NIKL source band: advanced; project heuristic TOPIK 5: professional and social category; not an official per-grade list
ko-nikl-23003,포기,,"One clump of grass or a tree, as counted by the root. / A unit used to count grass or trees by the root.",noun,concepts > counters,nikl-2024-mirror,https://huggingface.co/datasets/binjang/NIKL-korean-english-dictionary/resolve/3b4cfd2126debfd5440cade3ef6c2a3c20cf7cf9/2024_01.csv#record=23003,NIKL source band: advanced; project heuristic TOPIK 5: professional and social category; not an official per-grade list
ko-nikl-23066,포장마차,,"A mobile bar selling simple snacks and alcoholic drinks, made by installing four pillars on a cart, etc., and covering the cart with a plastic sheet, etc.",noun,economy > commercial places,nikl-2024-mirror,https://huggingface.co/datasets/binjang/NIKL-korean-english-dictionary/resolve/3b4cfd2126debfd5440cade3ef6c2a3c20cf7cf9/2024_01.csv#record=23066,NIKL source band: advanced; project heuristic TOPIK 5: professional and social category; not an official per-grade list
ko-nikl-23097,폭,,"The horizontal length of a plane figure or a wide object. / The scope of something. / A piece of paper or cloth, that is cut to the same length as other pieces, to be connected together. / piece; fold: A piece of paper or cloth, that is cut to the same length as other pieces, to be connected together, or a unit used to count a work of painting, scrolls, etc.",noun,concepts > shape,nikl-2024-mirror,https://huggingface.co/datasets/binjang/NIKL-korean-english-dictionary/resolve/3b4cfd2126debfd5440cade3ef6c2a3c20cf7cf9/2024_01.csv#record=23097,NIKL source band: advanced; project heuristic TOPIK 5: professional and social category; not an official per-grade list
ko-nikl-23106,폭등,,"Quick increase in the price of goods, stocks, etc.",noun,economy > economic conditions,nikl-2024-mirror,https://huggingface.co/datasets/binjang/NIKL-korean-english-dictionary/resolve/3b4cfd2126debfd5440cade3ef6c2a3c20cf7cf9/2024_01.csv#record=23106,NIKL source band: advanced; project heuristic TOPIK 5: professional and social category; not an official per-grade list
ko-nikl-23108,폭락,,"The state of the price of goods, stocks, etc., decreasing drastically and quickly. / The state of one's popularity, dignity, etc., falling suddenly and dramatically.",noun,economy > economic conditions,nikl-2024-mirror,https://huggingface.co/datasets/binjang/NIKL-korean-english-dictionary/resolve/3b4cfd2126debfd5440cade3ef6c2a3c20cf7cf9/2024_01.csv#record=23108,NIKL source band: advanced; project heuristic TOPIK 5: professional and social category; not an official per-grade list
ko-nikl-23114,폭력적,,An act of using violence.,noun,people > attitudes,nikl-2024-mirror,https://huggingface.co/datasets/binjang/NIKL-korean-english-dictionary/resolve/3b4cfd2126debfd5440cade3ef6c2a3c20cf7cf9/2024_01.csv#record=23114,NIKL source band: advanced; project heuristic TOPIK 5: professional and social category; not an official per-grade list
ko-nikl-23136,폭식,,An act of eating too much food at a time.,noun,food > eating and cooking,nikl-2024-mirror,https://huggingface.co/datasets/binjang/NIKL-korean-english-dictionary/resolve/3b4cfd2126debfd5440cade3ef6c2a3c20cf7cf9/2024_01.csv#record=23136,NIKL source band: advanced; project heuristic TOPIK 5: professional and social category; not an official per-grade list
ko-nikl-23193,표기,,An act of expressing something by writing it down. / An act of writing and expressing a speech in characters or signs.,noun,social life > communication tools,nikl-2024-mirror,https://huggingface.co/datasets/binjang/NIKL-korean-english-dictionary/resolve/3b4cfd2126debfd5440cade3ef6c2a3c20cf7cf9/2024_01.csv#record=23193,NIKL source band: advanced; project heuristic TOPIK 5: professional and social category; not an official per-grade list
ko-nikl-23231,표어,,A short speech or written message that expresses a position in a simple way.,noun,social life > communication tools,nikl-2024-mirror,https://huggingface.co/datasets/binjang/NIKL-korean-english-dictionary/resolve/3b4cfd2126debfd5440cade3ef6c2a3c20cf7cf9/2024_01.csv#record=23231,NIKL source band: advanced; project heuristic TOPIK 5: professional and social category; not an official per-grade list
ko-nikl-23276,푸대접,,"An act of insincere, careless treatment.",noun,social life > social activities,nikl-2024-mirror,https://huggingface.co/datasets/binjang/NIKL-korean-english-dictionary/resolve/3b4cfd2126debfd5440cade3ef6c2a3c20cf7cf9/2024_01.csv#record=23276,NIKL source band: advanced; project heuristic TOPIK 5: professional and social category; not an official per-grade list
ko-nikl-23294,푸른색,,"A clear and vivid color, like that of a clear sky, deep sea, or grass.",noun,concepts > colors,nikl-2024-mirror,https://huggingface.co/datasets/binjang/NIKL-korean-english-dictionary/resolve/3b4cfd2126debfd5440cade3ef6c2a3c20cf7cf9/2024_01.csv#record=23294,NIKL source band: advanced; project heuristic TOPIK 5: professional and social category; not an official per-grade list
ko-nikl-23401,풍년,,A year of good crops. / (figurative) A case of obtaining much of something or a large income.,noun,economy > economic conditions,nikl-2024-mirror,https://huggingface.co/datasets/binjang/NIKL-korean-english-dictionary/resolve/3b4cfd2126debfd5440cade3ef6c2a3c20cf7cf9/2024_01.csv#record=23401,NIKL source band: advanced; project heuristic TOPIK 5: professional and social category; not an official per-grade list
ko-nikl-23434,풍요,,"The state of something being enough, and therefore being plenty.",noun,economy > economic conditions,nikl-2024-mirror,https://huggingface.co/datasets/binjang/NIKL-korean-english-dictionary/resolve/3b4cfd2126debfd5440cade3ef6c2a3c20cf7cf9/2024_01.csv#record=23434,NIKL source band: advanced; project heuristic TOPIK 5: professional and social category; not an official per-grade list
ko-nikl-23435,풍요롭다,,"There being enough of something, and therefore being plenty.",descriptive verb,economy > economic conditions,nikl-2024-mirror,https://huggingface.co/datasets/binjang/NIKL-korean-english-dictionary/resolve/3b4cfd2126debfd5440cade3ef6c2a3c20cf7cf9/2024_01.csv#record=23435,NIKL source band: advanced; project heuristic TOPIK 5: professional and social category; not an official per-grade list
ko-nikl-23449,풍족하다,,"Being enough and ample, without a shortage.",descriptive verb,economy > economic conditions,nikl-2024-mirror,https://huggingface.co/datasets/binjang/NIKL-korean-english-dictionary/resolve/3b4cfd2126debfd5440cade3ef6c2a3c20cf7cf9/2024_01.csv#record=23449,NIKL source band: advanced; project heuristic TOPIK 5: professional and social category; not an official per-grade list
ko-nikl-23504,플러그,,"The device attached to the end of an electric cable, so that an electric circuit can be connected or disconnected. / In an internal-combustion engine, the device used to ignite the fuel in the cylinder using an electric flame.",noun,housing > household goods,nikl-2024-mirror,https://huggingface.co/datasets/binjang/NIKL-korean-english-dictionary/resolve/3b4cfd2126debfd5440cade3ef6c2a3c20cf7cf9/2024_01.csv#record=23504,NIKL source band: advanced; project heuristic TOPIK 5: professional and social category; not an official per-grade list
ko-nikl-23576,피로연,,"A party thrown to widely announce a happy event, such as a wedding, birth, etc.",noun,daily life > family events,nikl-2024-mirror,https://huggingface.co/datasets/binjang/NIKL-korean-english-dictionary/resolve/3b4cfd2126debfd5440cade3ef6c2a3c20cf7cf9/2024_01.csv#record=23576,NIKL source band: advanced; project heuristic TOPIK 5: professional and social category; not an official per-grade list
ko-nikl-23580,피리,,"pipe: A woodwind instrument with eight holes, whose player produces sounds by blowing in vertically. / pipe: Any musical instrument, with holes on an empty pipe, which produces sounds when blown.",noun,daily life > leisure equipment,nikl-2024-mirror,https://huggingface.co/datasets/binjang/NIKL-korean-english-dictionary/resolve/3b4cfd2126debfd5440cade3ef6c2a3c20cf7cf9/2024_01.csv#record=23580,NIKL source band: advanced; project heuristic TOPIK 5: professional and social category; not an official per-grade list
ko-nikl-23590,피부과,,"A field of medical science that treats diseases of skin, or the department of the hospital that is in charge of the field.",noun,daily life > health facilities,nikl-2024-mirror,https://huggingface.co/datasets/binjang/NIKL-korean-english-dictionary/resolve/3b4cfd2126debfd5440cade3ef6c2a3c20cf7cf9/2024_01.csv#record=23590,NIKL source band: advanced; project heuristic TOPIK 5: professional and social category; not an official per-grade list
ko-nikl-23762,하객,,A person coming to congratulate someone on a certain event.,noun,social life > interpersonal relationships,nikl-2024-mirror,https://huggingface.co/datasets/binjang/NIKL-korean-english-dictionary/resolve/3b4cfd2126debfd5440cade3ef6c2a3c20cf7cf9/2024_01.csv#record=23762,NIKL source band: advanced; project heuristic TOPIK 5: professional and social category; not an official per-grade list
ko-nikl-23770,하교,,The act of coming back home from school after finishing class.,noun,education > teaching and learning,nikl-2024-mirror,https://huggingface.co/datasets/binjang/NIKL-korean-english-dictionary/resolve/3b4cfd2126debfd5440cade3ef6c2a3c20cf7cf9/2024_01.csv#record=23770,NIKL source band: advanced; project heuristic TOPIK 5: professional and social category; not an official per-grade list
ko-nikl-23849,하락,,"A state in which price, value, or grade, etc., goes down.",noun,economy > economic conditions,nikl-2024-mirror,https://huggingface.co/datasets/binjang/NIKL-korean-english-dictionary/resolve/3b4cfd2126debfd5440cade3ef6c2a3c20cf7cf9/2024_01.csv#record=23849,NIKL source band: advanced; project heuristic TOPIK 5: professional and social category; not an official per-grade list
ko-nikl-23850,하락세,,"The tendency in which price, etc., goes down.",noun,economy > economic conditions,nikl-2024-mirror,https://huggingface.co/datasets/binjang/NIKL-korean-english-dictionary/resolve/3b4cfd2126debfd5440cade3ef6c2a3c20cf7cf9/2024_01.csv#record=23850,NIKL source band: advanced; project heuristic TOPIK 5: professional and social category; not an official per-grade list
ko-nikl-23866,하루아침,,An unexpectedly short period of time in a figurative sense.,noun,concepts > time,nikl-2024-mirror,https://huggingface.co/datasets/binjang/NIKL-korean-english-dictionary/resolve/3b4cfd2126debfd5440cade3ef6c2a3c20cf7cf9/2024_01.csv#record=23866,NIKL source band: advanced; project heuristic TOPIK 5: professional and social category; not an official per-grade list
ko-nikl-23868,하루하루,,Each and every single day.,noun,concepts > time,nikl-2024-mirror,https://huggingface.co/datasets/binjang/NIKL-korean-english-dictionary/resolve/3b4cfd2126debfd5440cade3ef6c2a3c20cf7cf9/2024_01.csv#record=23868,NIKL source band: advanced; project heuristic TOPIK 5: professional and social category; not an official per-grade list
ko-nikl-23888,하반기,,The second half of the year or a certain period when divided into two.,noun,concepts > time,nikl-2024-mirror,https://huggingface.co/datasets/binjang/NIKL-korean-english-dictionary/resolve/3b4cfd2126debfd5440cade3ef6c2a3c20cf7cf9/2024_01.csv#record=23888,NIKL source band: advanced; project heuristic TOPIK 5: professional and social category; not an official per-grade list
ko-nikl-23890,하반신,,"A lower part of a body, below the waist.",noun,people > body parts,nikl-2024-mirror,https://huggingface.co/datasets/binjang/NIKL-korean-english-dictionary/resolve/3b4cfd2126debfd5440cade3ef6c2a3c20cf7cf9/2024_01.csv#record=23890,NIKL source band: advanced; project heuristic TOPIK 5: professional and social category; not an official per-grade list
ko-nikl-23917,하순,,A period from the 21st to the last day of a month.,noun,concepts > time,nikl-2024-mirror,https://huggingface.co/datasets/binjang/NIKL-korean-english-dictionary/resolve/3b4cfd2126debfd5440cade3ef6c2a3c20cf7cf9/2024_01.csv#record=23917,NIKL source band: advanced; project heuristic TOPIK 5: professional and social category; not an official per-grade list
ko-nikl-23934,하위,,A low rank or position.,noun,concepts > location and direction,nikl-2024-mirror,https://huggingface.co/datasets/binjang/NIKL-korean-english-dictionary/resolve/3b4cfd2126debfd5440cade3ef6c2a3c20cf7cf9/2024_01.csv#record=23934,NIKL source band: advanced; project heuristic TOPIK 5: professional and social category; not an official per-grade list
ko-nikl-23942,하인,,A person held in bondage by another family to do house chores.,noun,social life > interpersonal relationships,nikl-2024-mirror,https://huggingface.co/datasets/binjang/NIKL-korean-english-dictionary/resolve/3b4cfd2126debfd5440cade3ef6c2a3c20cf7cf9/2024_01.csv#record=23942,NIKL source band: advanced; project heuristic TOPIK 5: professional and social category; not an official per-grade list
ko-nikl-23956,하체,,The lower part of a person's body or of an object. / The male and female genitals that can be seen on the outside of the body.,noun,people > body parts,nikl-2024-mirror,https://huggingface.co/datasets/binjang/NIKL-korean-english-dictionary/resolve/3b4cfd2126debfd5440cade3ef6c2a3c20cf7cf9/2024_01.csv#record=23956,NIKL source band: advanced; project heuristic TOPIK 5: professional and social category; not an official per-grade list
ko-nikl-24040,학식,,The knowledge acquired by learning. / A compound word for knowledge and insight.,noun,education > teaching and learning,nikl-2024-mirror,https://huggingface.co/datasets/binjang/NIKL-korean-english-dictionary/resolve/3b4cfd2126debfd5440cade3ef6c2a3c20cf7cf9/2024_01.csv#record=24040,NIKL source band: advanced; project heuristic TOPIK 5: professional and social category; not an official per-grade list
ko-nikl-24041,학업,,"The act of studying to acquire knowledge, usually in school.",noun,education > teaching and learning,nikl-2024-mirror,https://huggingface.co/datasets/binjang/NIKL-korean-english-dictionary/resolve/3b4cfd2126debfd5440cade3ef6c2a3c20cf7cf9/2024_01.csv#record=24041,NIKL source band: advanced; project heuristic TOPIK 5: professional and social category; not an official per-grade list
ko-nikl-24047,학위,,"A qualification granted by a university to a person who specializes in the study of a certain academic field and who reaches a certain degree level, such as bachelors, masters, or PhDs.",noun,education > teaching and learning,nikl-2024-mirror,https://huggingface.co/datasets/binjang/NIKL-korean-english-dictionary/resolve/3b4cfd2126debfd5440cade3ef6c2a3c20cf7cf9/2024_01.csv#record=24047,NIKL source band: advanced; project heuristic TOPIK 5: professional and social category; not an official per-grade list
ko-nikl-24056,학점,,The unit for calculating the number of hours spent on classes a student is required to take in undergraduate or graduate school. / The unit for expressing one's academic record in a undergraduate or graduate school.,noun,education > teaching and learning,nikl-2024-mirror,https://huggingface.co/datasets/binjang/NIKL-korean-english-dictionary/resolve/3b4cfd2126debfd5440cade3ef6c2a3c20cf7cf9/2024_01.csv#record=24056,NIKL source band: advanced; project heuristic TOPIK 5: professional and social category; not an official per-grade list
ko-nikl-24102,한가롭다,,Looking leisurely without haste.,descriptive verb,daily life > life circumstances,nikl-2024-mirror,https://huggingface.co/datasets/binjang/NIKL-korean-english-dictionary/resolve/3b4cfd2126debfd5440cade3ef6c2a3c20cf7cf9/2024_01.csv#record=24102,NIKL source band: advanced; project heuristic TOPIK 5: professional and social category; not an official per-grade list
ko-nikl-24124,한과,,"Traditional Korean confectionery made by kneading a mixture of flour, and honey or sugar, flattening and frying the dough in oil, and then dyeing it in different colors.",noun,food > dishes,nikl-2024-mirror,https://huggingface.co/datasets/binjang/NIKL-korean-english-dictionary/resolve/3b4cfd2126debfd5440cade3ef6c2a3c20cf7cf9/2024_01.csv#record=24124,NIKL source band: advanced; project heuristic TOPIK 5: professional and social category; not an official per-grade list
ko-nikl-24156,한데,,A place designated as the same or a single spot for something.,noun,concepts > location and direction,nikl-2024-mirror,https://huggingface.co/datasets/binjang/NIKL-korean-english-dictionary/resolve/3b4cfd2126debfd5440cade3ef6c2a3c20cf7cf9/2024_01.csv#record=24156,NIKL source band: advanced; project heuristic TOPIK 5: professional and social category; not an official per-grade list
ko-nikl-24202,한반도,,Korean Peninsula: A peninsula that is located at the end of the northeastern part of the Asian continent; it encompasses all the lands of Korea including Jejudo Island. / South and North Korea.,noun,concepts > regions,nikl-2024-mirror,https://huggingface.co/datasets/binjang/NIKL-korean-english-dictionary/resolve/3b4cfd2126debfd5440cade3ef6c2a3c20cf7cf9/2024_01.csv#record=24202,NIKL source band: advanced; project heuristic TOPIK 5: professional and social category; not an official per-grade list
ko-nikl-24207,한방,,The medical practice that was developed in China and passed on to Korea.,noun,daily life > medical treatment,nikl-2024-mirror,https://huggingface.co/datasets/binjang/NIKL-korean-english-dictionary/resolve/3b4cfd2126debfd5440cade3ef6c2a3c20cf7cf9/2024_01.csv#record=24207,NIKL source band: advanced; project heuristic TOPIK 5: professional and social category; not an official per-grade list
ko-nikl-24212,한복판,,(emphasizing form) The middle of a place or object.,noun,concepts > location and direction,nikl-2024-mirror,https://huggingface.co/datasets/binjang/NIKL-korean-english-dictionary/resolve/3b4cfd2126debfd5440cade3ef6c2a3c20cf7cf9/2024_01.csv#record=24212,NIKL source band: advanced; project heuristic TOPIK 5: professional and social category; not an official per-grade list
ko-nikl-24242,한심하다,,Looking pitiable or making another dumbfounded because one goes far beyond a certain limit or falls short of his/her expectation.,descriptive verb,people > abilities,nikl-2024-mirror,https://huggingface.co/datasets/binjang/NIKL-korean-english-dictionary/resolve/3b4cfd2126debfd5440cade3ef6c2a3c20cf7cf9/2024_01.csv#record=24242,NIKL source band: advanced; project heuristic TOPIK 5: professional and social category; not an official per-grade list
ko-nikl-24243,한약,,A herbal medicine used in the traditional medical art of Korea.,noun,daily life > medical treatment,nikl-2024-mirror,https://huggingface.co/datasets/binjang/NIKL-korean-english-dictionary/resolve/3b4cfd2126debfd5440cade3ef6c2a3c20cf7cf9/2024_01.csv#record=24243,NIKL source band: advanced; project heuristic TOPIK 5: professional and social category; not an official per-grade list
ko-nikl-24254,한우,,Yellowish brown Korean native cattle.,noun,food > ingredients,nikl-2024-mirror,https://huggingface.co/datasets/binjang/NIKL-korean-english-dictionary/resolve/3b4cfd2126debfd5440cade3ef6c2a3c20cf7cf9/2024_01.csv#record=24254,NIKL source band: advanced; project heuristic TOPIK 5: professional and social category; not an official per-grade list
ko-nikl-24257,한의원,,A clinic that treats patients by using traditional Korean medical therapies.,noun,daily life > health facilities,nikl-2024-mirror,https://huggingface.co/datasets/binjang/NIKL-korean-english-dictionary/resolve/3b4cfd2126debfd5440cade3ef6c2a3c20cf7cf9/2024_01.csv#record=24257,NIKL source band: advanced; project heuristic TOPIK 5: professional and social category; not an official per-grade list
ko-nikl-24272,한적하다,,Serene and quiet.,descriptive verb,housing > housing conditions,nikl-2024-mirror,https://huggingface.co/datasets/binjang/NIKL-korean-english-dictionary/resolve/3b4cfd2126debfd5440cade3ef6c2a3c20cf7cf9/2024_01.csv#record=24272,NIKL source band: advanced; project heuristic TOPIK 5: professional and social category; not an official per-grade list
ko-nikl-24360,할퀴다,,"To dig or scrape with nails or sharp objects to hurt a part of the body. / For a typhoon, flood, strong wind, war, etc., to pass or sweep through a certain spot.",verb,people > actions affecting the body,nikl-2024-mirror,https://huggingface.co/datasets/binjang/NIKL-korean-english-dictionary/resolve/3b4cfd2126debfd5440cade3ef6c2a3c20cf7cf9/2024_01.csv#record=24360,NIKL source band: advanced; project heuristic TOPIK 5: professional and social category; not an official per-grade list
ko-nikl-24361,핥다,,"To let the tongue touch and pass over the surface of a certain object. / (figurative) For water, fire, light, gaze, etc., to touch or shine on the surface of an object gently, or linger there.",verb,people > actions affecting the body,nikl-2024-mirror,https://huggingface.co/datasets/binjang/NIKL-korean-english-dictionary/resolve/3b4cfd2126debfd5440cade3ef6c2a3c20cf7cf9/2024_01.csv#record=24361,NIKL source band: advanced; project heuristic TOPIK 5: professional and social category; not an official per-grade list
ko-nikl-24370,함께하다,,"To spend time with someone working on something. / To share an idea or time, or be in accord with someone.",verb,social life > social activities,nikl-2024-mirror,https://huggingface.co/datasets/binjang/NIKL-korean-english-dictionary/resolve/3b4cfd2126debfd5440cade3ef6c2a3c20cf7cf9/2024_01.csv#record=24370,NIKL source band: advanced; project heuristic TOPIK 5: professional and social category; not an official per-grade list
ko-nikl-24387,함성,,A loud sound made by many people shouting or yelling all together.,noun,people > sounds,nikl-2024-mirror,https://huggingface.co/datasets/binjang/NIKL-korean-english-dictionary/resolve/3b4cfd2126debfd5440cade3ef6c2a3c20cf7cf9/2024_01.csv#record=24387,NIKL source band: advanced; project heuristic TOPIK 5: professional and social category; not an official per-grade list
ko-nikl-24497,합창,,Many people singing together in harmony; or a song sung in such a manner. / Many people singing together in harmony with each being responsible for different voice parts; or a song sung in such a manner.,noun,daily life > leisure activities,nikl-2024-mirror,https://huggingface.co/datasets/binjang/NIKL-korean-english-dictionary/resolve/3b4cfd2126debfd5440cade3ef6c2a3c20cf7cf9/2024_01.csv#record=24497,NIKL source band: advanced; project heuristic TOPIK 5: professional and social category; not an official per-grade list
ko-nikl-24524,항공기,,"A means of transportation that flies in the air, carrying passengers and cargo.",noun,social life > transport,nikl-2024-mirror,https://huggingface.co/datasets/binjang/NIKL-korean-english-dictionary/resolve/3b4cfd2126debfd5440cade3ef6c2a3c20cf7cf9/2024_01.csv#record=24524,NIKL source band: advanced; project heuristic TOPIK 5: professional and social category; not an official per-grade list
ko-nikl-24528,항공사,,A company that carries passengers or cargo to a destination using a plane.,noun,social life > workplaces,nikl-2024-mirror,https://huggingface.co/datasets/binjang/NIKL-korean-english-dictionary/resolve/3b4cfd2126debfd5440cade3ef6c2a3c20cf7cf9/2024_01.csv#record=24528,NIKL source band: advanced; project heuristic TOPIK 5: professional and social category; not an official per-grade list
ko-nikl-24532,항구,,A facility built by the river or sea that provides access to ships.,noun,social life > transport facilities,nikl-2024-mirror,https://huggingface.co/datasets/binjang/NIKL-korean-english-dictionary/resolve/3b4cfd2126debfd5440cade3ef6c2a3c20cf7cf9/2024_01.csv#record=24532,NIKL source band: advanced; project heuristic TOPIK 5: professional and social category; not an official per-grade list
ko-nikl-24539,항로,,"A way or route on the sea, followed by a boat when it travels. / A way or route in the air, followed by a plane when it travels.",noun,social life > transport facilities,nikl-2024-mirror,https://huggingface.co/datasets/binjang/NIKL-korean-english-dictionary/resolve/3b4cfd2126debfd5440cade3ef6c2a3c20cf7cf9/2024_01.csv#record=24539,NIKL source band: advanced; project heuristic TOPIK 5: professional and social category; not an official per-grade list
ko-nikl-24551,항생제,,A medicine that selectively suppresses or kills the cells of another microorganism or organism.,noun,daily life > medicines,nikl-2024-mirror,https://huggingface.co/datasets/binjang/NIKL-korean-english-dictionary/resolve/3b4cfd2126debfd5440cade3ef6c2a3c20cf7cf9/2024_01.csv#record=24551,NIKL source band: advanced; project heuristic TOPIK 5: professional and social category; not an official per-grade list
ko-nikl-24558,항아리,,"A traditional Korean jar with a narrow top and bottom, with a bulging middle, made of baked clay.",noun,housing > household goods,nikl-2024-mirror,https://huggingface.co/datasets/binjang/NIKL-korean-english-dictionary/resolve/3b4cfd2126debfd5440cade3ef6c2a3c20cf7cf9/2024_01.csv#record=24558,NIKL source band: advanced; project heuristic TOPIK 5: professional and social category; not an official per-grade list
ko-nikl-24559,항암,,An act of curbing the growth of tumor cells or killing them.,noun,daily life > medical treatment,nikl-2024-mirror,https://huggingface.co/datasets/binjang/NIKL-korean-english-dictionary/resolve/3b4cfd2126debfd5440cade3ef6c2a3c20cf7cf9/2024_01.csv#record=24559,NIKL source band: advanced; project heuristic TOPIK 5: professional and social category; not an official per-grade list
ko-nikl-24595,해고,,An act of getting someone to quit his/her job and leave his/her workplace.,noun,social life > workplace life,nikl-2024-mirror,https://huggingface.co/datasets/binjang/NIKL-korean-english-dictionary/resolve/3b4cfd2126debfd5440cade3ef6c2a3c20cf7cf9/2024_01.csv#record=24595,NIKL source band: advanced; project heuristic TOPIK 5: professional and social category; not an official per-grade list
ko-nikl-24617,해독,,An act of removing a toxic substance that has entered the body.,noun,daily life > medical treatment,nikl-2024-mirror,https://huggingface.co/datasets/binjang/NIKL-korean-english-dictionary/resolve/3b4cfd2126debfd5440cade3ef6c2a3c20cf7cf9/2024_01.csv#record=24617,NIKL source band: advanced; project heuristic TOPIK 5: professional and social category; not an official per-grade list
ko-nikl-24650,해박하다,,Being learned and having a lot of knowledge in many areas.,descriptive verb,people > abilities,nikl-2024-mirror,https://huggingface.co/datasets/binjang/NIKL-korean-english-dictionary/resolve/3b4cfd2126debfd5440cade3ef6c2a3c20cf7cf9/2024_01.csv#record=24650,NIKL source band: advanced; project heuristic TOPIK 5: professional and social category; not an official per-grade list
ko-nikl-24691,해수욕,,An act of swimming and playing in seawater.,noun,daily life > leisure activities,nikl-2024-mirror,https://huggingface.co/datasets/binjang/NIKL-korean-english-dictionary/resolve/3b4cfd2126debfd5440cade3ef6c2a3c20cf7cf9/2024_01.csv#record=24691,NIKL source band: advanced; project heuristic TOPIK 5: professional and social category; not an official per-grade list
ko-nikl-24706,해열제,,A medicine taken to lower a fever.,noun,daily life > medicines,nikl-2024-mirror,https://huggingface.co/datasets/binjang/NIKL-korean-english-dictionary/resolve/3b4cfd2126debfd5440cade3ef6c2a3c20cf7cf9/2024_01.csv#record=24706,NIKL source band: advanced; project heuristic TOPIK 5: professional and social category; not an official per-grade list
ko-nikl-24743,해직,,An act of making someone quit his/her job or position.,noun,social life > workplace life,nikl-2024-mirror,https://huggingface.co/datasets/binjang/NIKL-korean-english-dictionary/resolve/3b4cfd2126debfd5440cade3ef6c2a3c20cf7cf9/2024_01.csv#record=24743,NIKL source band: advanced; project heuristic TOPIK 5: professional and social category; not an official per-grade list
ko-nikl-24771,핵가족,,A family made up of a husband and wife and their unmarried children.,noun,daily life > family relationships,nikl-2024-mirror,https://huggingface.co/datasets/binjang/NIKL-korean-english-dictionary/resolve/3b4cfd2126debfd5440cade3ef6c2a3c20cf7cf9/2024_01.csv#record=24771,NIKL source band: advanced; project heuristic TOPIK 5: professional and social category; not an official per-grade list
ko-nikl-24772,핵가족화,,"A phenomenon in which the size of a family shrinks, consisting of a married couple and their unmarried children.",noun,social life > social conditions,nikl-2024-mirror,https://huggingface.co/datasets/binjang/NIKL-korean-english-dictionary/resolve/3b4cfd2126debfd5440cade3ef6c2a3c20cf7cf9/2024_01.csv#record=24772,NIKL source band: advanced; project heuristic TOPIK 5: professional and social category; not an official per-grade list
ko-nikl-24791,햅쌀,,The year's new crop of rice.,noun,food > grains,nikl-2024-mirror,https://huggingface.co/datasets/binjang/NIKL-korean-english-dictionary/resolve/3b4cfd2126debfd5440cade3ef6c2a3c20cf7cf9/2024_01.csv#record=24791,NIKL source band: advanced; project heuristic TOPIK 5: professional and social category; not an official per-grade list
ko-nikl-24794,햇곡식,,The year's newly harvested grain,noun,food > grains,nikl-2024-mirror,https://huggingface.co/datasets/binjang/NIKL-korean-english-dictionary/resolve/3b4cfd2126debfd5440cade3ef6c2a3c20cf7cf9/2024_01.csv#record=24794,NIKL source band: advanced; project heuristic TOPIK 5: professional and social category; not an official per-grade list
ko-nikl-24848,행인,,A person who happens to walk by a certain place.,noun,people > types of people,nikl-2024-mirror,https://huggingface.co/datasets/binjang/NIKL-korean-english-dictionary/resolve/3b4cfd2126debfd5440cade3ef6c2a3c20cf7cf9/2024_01.csv#record=24848,NIKL source band: advanced; project heuristic TOPIK 5: professional and social category; not an official per-grade list
ko-nikl-24900,향후,,The time or turn that comes right after this time or turn.,noun,concepts > time,nikl-2024-mirror,https://huggingface.co/datasets/binjang/NIKL-korean-english-dictionary/resolve/3b4cfd2126debfd5440cade3ef6c2a3c20cf7cf9/2024_01.csv#record=24900,NIKL source band: advanced; project heuristic TOPIK 5: professional and social category; not an official per-grade list
ko-nikl-24917,허기,,A state of feeling extremely hungry.,noun,people > senses,nikl-2024-mirror,https://huggingface.co/datasets/binjang/NIKL-korean-english-dictionary/resolve/3b4cfd2126debfd5440cade3ef6c2a3c20cf7cf9/2024_01.csv#record=24917,NIKL source band: advanced; project heuristic TOPIK 5: professional and social category; not an official per-grade list
ko-nikl-24943,허름하다,,Rather old and worn-out. / Rather cheap in price. / A person or an article being below a certain standard.,descriptive verb,housing > housing conditions,nikl-2024-mirror,https://huggingface.co/datasets/binjang/NIKL-korean-english-dictionary/resolve/3b4cfd2126debfd5440cade3ef6c2a3c20cf7cf9/2024_01.csv#record=24943,NIKL source band: advanced; project heuristic TOPIK 5: professional and social category; not an official per-grade list
ko-nikl-24959,허망,,A quality of being false and unreliable. / A state of being absurd and fruitless.,noun,people > emotions,nikl-2024-mirror,https://huggingface.co/datasets/binjang/NIKL-korean-english-dictionary/resolve/3b4cfd2126debfd5440cade3ef6c2a3c20cf7cf9/2024_01.csv#record=24959,NIKL source band: advanced; project heuristic TOPIK 5: professional and social category; not an official per-grade list
ko-nikl-24961,허무,,"A state of thinking of something as worthless and meaningless, making one feel extremely empty and lonely.",noun,people > emotions,nikl-2024-mirror,https://huggingface.co/datasets/binjang/NIKL-korean-english-dictionary/resolve/3b4cfd2126debfd5440cade3ef6c2a3c20cf7cf9/2024_01.csv#record=24961,NIKL source band: advanced; project heuristic TOPIK 5: professional and social category; not an official per-grade list
ko-nikl-25006,허옇다,,Dimly and unclearly white. / One's face turning very white with cold or out of terror. / Being in great numbers. / (figurative) Feeling awkward due to being shy or sorry.,descriptive verb,concepts > colors,nikl-2024-mirror,https://huggingface.co/datasets/binjang/NIKL-korean-english-dictionary/resolve/3b4cfd2126debfd5440cade3ef6c2a3c20cf7cf9/2024_01.csv#record=25006,NIKL source band: advanced; project heuristic TOPIK 5: professional and social category; not an official per-grade list
ko-nikl-25022,허전하다,,Showing a feeling of emptiness because there is no one around. / Having a feeling of sadness as if one has lost someone that one depended on or because something is missing. / Having a feeling of hunger because one's stomach is empty.,descriptive verb,people > emotions,nikl-2024-mirror,https://huggingface.co/datasets/binjang/NIKL-korean-english-dictionary/resolve/3b4cfd2126debfd5440cade3ef6c2a3c20cf7cf9/2024_01.csv#record=25022,NIKL source band: advanced; project heuristic TOPIK 5: professional and social category; not an official per-grade list
ko-nikl-25025,허탈,,"Draining of one's energy, leading to absent-mindedness; or such a state.",noun,people > emotions,nikl-2024-mirror,https://huggingface.co/datasets/binjang/NIKL-korean-english-dictionary/resolve/3b4cfd2126debfd5440cade3ef6c2a3c20cf7cf9/2024_01.csv#record=25025,NIKL source band: advanced; project heuristic TOPIK 5: professional and social category; not an official per-grade list
ko-nikl-25076,헐값,,A price far lower than the original price.,noun,economy > economic conditions,nikl-2024-mirror,https://huggingface.co/datasets/binjang/NIKL-korean-english-dictionary/resolve/3b4cfd2126debfd5440cade3ef6c2a3c20cf7cf9/2024_01.csv#record=25076,NIKL source band: advanced; project heuristic TOPIK 5: professional and social category; not an official per-grade list
ko-nikl-25089,헐렁하다,,Being loose without being fastened tight to something else. / Acting carelessly and unreliably.,descriptive verb,clothing and appearance > state of dress,nikl-2024-mirror,https://huggingface.co/datasets/binjang/NIKL-korean-english-dictionary/resolve/3b4cfd2126debfd5440cade3ef6c2a3c20cf7cf9/2024_01.csv#record=25089,NIKL source band: advanced; project heuristic TOPIK 5: professional and social category; not an official per-grade list
ko-nikl-25103,험난하다,,"The surface of terrain being rough or the current of water being strong, making it dangerous and difficult to travel on or in. / A task being tough and difficult, making a person experience hardships.",descriptive verb,daily life > life circumstances,nikl-2024-mirror,https://huggingface.co/datasets/binjang/NIKL-korean-english-dictionary/resolve/3b4cfd2126debfd5440cade3ef6c2a3c20cf7cf9/2024_01.csv#record=25103,NIKL source band: advanced; project heuristic TOPIK 5: professional and social category; not an official per-grade list
ko-nikl-25110,험악하다,,"The shape of the ground, climate, etc., being rough and bad. / The atmosphere or circumstances being very bad. / A personality, attitude, appearance, etc., being wild and bad.",descriptive verb,people > appearance,nikl-2024-mirror,https://huggingface.co/datasets/binjang/NIKL-korean-english-dictionary/resolve/3b4cfd2126debfd5440cade3ef6c2a3c20cf7cf9/2024_01.csv#record=25110,NIKL source band: advanced; project heuristic TOPIK 5: professional and social category; not an official per-grade list
ko-nikl-25117,헛걸음,,A state in which one's effort or attempt ends up in vain without achieving a goal; or such an effort or attempt.,noun,people > physical actions,nikl-2024-mirror,https://huggingface.co/datasets/binjang/NIKL-korean-english-dictionary/resolve/3b4cfd2126debfd5440cade3ef6c2a3c20cf7cf9/2024_01.csv#record=25117,NIKL source band: advanced; project heuristic TOPIK 5: professional and social category; not an official per-grade list
ko-nikl-25130,헛디디다,,To make a false step.,verb,people > physical actions,nikl-2024-mirror,https://huggingface.co/datasets/binjang/NIKL-korean-english-dictionary/resolve/3b4cfd2126debfd5440cade3ef6c2a3c20cf7cf9/2024_01.csv#record=25130,NIKL source band: advanced; project heuristic TOPIK 5: professional and social category; not an official per-grade list
ko-nikl-25181,헤프다,,"An object being easily worn out or something quickly running out. / Having a habit of using goods or money recklessly, lavishly. / One's words being uttered or action being done carelessly or excessively without thinking.",descriptive verb,people > attitudes,nikl-2024-mirror,https://huggingface.co/datasets/binjang/NIKL-korean-english-dictionary/resolve/3b4cfd2126debfd5440cade3ef6c2a3c20cf7cf9/2024_01.csv#record=25181,NIKL source band: advanced; project heuristic TOPIK 5: professional and social category; not an official per-grade list
ko-nikl-25247,현기증,,A symptom in which one feels hazy due to dizziness.,noun,daily life > illness and symptoms,nikl-2024-mirror,https://huggingface.co/datasets/binjang/NIKL-korean-english-dictionary/resolve/3b4cfd2126debfd5440cade3ef6c2a3c20cf7cf9/2024_01.csv#record=25247,NIKL source band: advanced; project heuristic TOPIK 5: professional and social category; not an official per-grade list
ko-nikl-25272,현모양처,,"A compound noun for a benevolent, wise mother, and good wife.",noun,social life > interpersonal relationships,nikl-2024-mirror,https://huggingface.co/datasets/binjang/NIKL-korean-english-dictionary/resolve/3b4cfd2126debfd5440cade3ef6c2a3c20cf7cf9/2024_01.csv#record=25272,NIKL source band: advanced; project heuristic TOPIK 5: professional and social category; not an official per-grade list
ko-nikl-25318,현지,,The current location of an object. / A place where an event has taken place or is taking place. / A place where a certain activity is taking place or a task is in progress.,noun,concepts > regions,nikl-2024-mirror,https://huggingface.co/datasets/binjang/NIKL-korean-english-dictionary/resolve/3b4cfd2126debfd5440cade3ef6c2a3c20cf7cf9/2024_01.csv#record=25318,NIKL source band: advanced; project heuristic TOPIK 5: professional and social category; not an official per-grade list
ko-nikl-25320,현직,,One's current job or a role one takes in the job.,noun,social life > job positions,nikl-2024-mirror,https://huggingface.co/datasets/binjang/NIKL-korean-english-dictionary/resolve/3b4cfd2126debfd5440cade3ef6c2a3c20cf7cf9/2024_01.csv#record=25320,NIKL source band: advanced; project heuristic TOPIK 5: professional and social category; not an official per-grade list
ko-nikl-25351,혈압,,The pressure that forms inside the blood vessels when the heart pushes out blood.,noun,daily life > illness and symptoms,nikl-2024-mirror,https://huggingface.co/datasets/binjang/NIKL-korean-english-dictionary/resolve/3b4cfd2126debfd5440cade3ef6c2a3c20cf7cf9/2024_01.csv#record=25351,NIKL source band: advanced; project heuristic TOPIK 5: professional and social category; not an official per-grade list
ko-nikl-25357,혈연,,A relation which is formed based on blood.,noun,daily life > family relationships,nikl-2024-mirror,https://huggingface.co/datasets/binjang/NIKL-korean-english-dictionary/resolve/3b4cfd2126debfd5440cade3ef6c2a3c20cf7cf9/2024_01.csv#record=25357,NIKL source band: advanced; project heuristic TOPIK 5: professional and social category; not an official per-grade list
ko-nikl-25366,혐오,,An act of disliking and hating something or someone.,noun,people > emotions,nikl-2024-mirror,https://huggingface.co/datasets/binjang/NIKL-korean-english-dictionary/resolve/3b4cfd2126debfd5440cade3ef6c2a3c20cf7cf9/2024_01.csv#record=25366,NIKL source band: advanced; project heuristic TOPIK 5: professional and social category; not an official per-grade list
ko-nikl-25377,협동,,An act of joining together to do something with one heart.,noun,social life > social activities,nikl-2024-mirror,https://huggingface.co/datasets/binjang/NIKL-korean-english-dictionary/resolve/3b4cfd2126debfd5440cade3ef6c2a3c20cf7cf9/2024_01.csv#record=25377,NIKL source band: advanced; project heuristic TOPIK 5: professional and social category; not an official per-grade list
ko-nikl-25378,협동심,,An attitude of trying to join together to do something with one heart.,noun,social life > social activities,nikl-2024-mirror,https://huggingface.co/datasets/binjang/NIKL-korean-english-dictionary/resolve/3b4cfd2126debfd5440cade3ef6c2a3c20cf7cf9/2024_01.csv#record=25378,NIKL source band: advanced; project heuristic TOPIK 5: professional and social category; not an official per-grade list
ko-nikl-25386,협박,,An act of scaring and threatening another to do something against his/her will.,noun,social life > social activities,nikl-2024-mirror,https://huggingface.co/datasets/binjang/NIKL-korean-english-dictionary/resolve/3b4cfd2126debfd5440cade3ef6c2a3c20cf7cf9/2024_01.csv#record=25386,NIKL source band: advanced; project heuristic TOPIK 5: professional and social category; not an official per-grade list
ko-nikl-25389,협상,,A state in which groups with different opinions get together to discuss an issue and make a decision.,noun,social life > social activities,nikl-2024-mirror,https://huggingface.co/datasets/binjang/NIKL-korean-english-dictionary/resolve/3b4cfd2126debfd5440cade3ef6c2a3c20cf7cf9/2024_01.csv#record=25389,NIKL source band: advanced; project heuristic TOPIK 5: professional and social category; not an official per-grade list
ko-nikl-25394,협약,,A state in which many people reach an agreement through discussion to accomplish a common goal; or the agreement.,noun,social life > social activities,nikl-2024-mirror,https://huggingface.co/datasets/binjang/NIKL-korean-english-dictionary/resolve/3b4cfd2126debfd5440cade3ef6c2a3c20cf7cf9/2024_01.csv#record=25394,NIKL source band: advanced; project heuristic TOPIK 5: professional and social category; not an official per-grade list
ko-nikl-25399,협의,,An act of a group of people sharing opinions with each other.,noun,social life > social activities,nikl-2024-mirror,https://huggingface.co/datasets/binjang/NIKL-korean-english-dictionary/resolve/3b4cfd2126debfd5440cade3ef6c2a3c20cf7cf9/2024_01.csv#record=25399,NIKL source band: advanced; project heuristic TOPIK 5: professional and social category; not an official per-grade list
ko-nikl-25407,협정,,An act of making a decision through discussion. / A state of making an agreement with another country; or the agreement.,noun,economy > economic activities,nikl-2024-mirror,https://huggingface.co/datasets/binjang/NIKL-korean-english-dictionary/resolve/3b4cfd2126debfd5440cade3ef6c2a3c20cf7cf9/2024_01.csv#record=25407,NIKL source band: advanced; project heuristic TOPIK 5: professional and social category; not an official per-grade list
ko-nikl-25411,협조,,An act of joining forces to harmonize with one another.,noun,social life > social activities,nikl-2024-mirror,https://huggingface.co/datasets/binjang/NIKL-korean-english-dictionary/resolve/3b4cfd2126debfd5440cade3ef6c2a3c20cf7cf9/2024_01.csv#record=25411,NIKL source band: advanced; project heuristic TOPIK 5: professional and social category; not an official per-grade list
ko-nikl-25421,협회,,A meeting organized by people with the same purpose.,noun,social life > social activities,nikl-2024-mirror,https://huggingface.co/datasets/binjang/NIKL-korean-english-dictionary/resolve/3b4cfd2126debfd5440cade3ef6c2a3c20cf7cf9/2024_01.csv#record=25421,NIKL source band: advanced; project heuristic TOPIK 5: professional and social category; not an official per-grade list
ko-nikl-25431,형광등,,A lamp that has a glass vacuum tube with fluorescent substance applied to the inside. / (slang) A slow-witted person who responds slowly to something in a figurative sense.,noun,housing > household goods,nikl-2024-mirror,https://huggingface.co/datasets/binjang/NIKL-korean-english-dictionary/resolve/3b4cfd2126debfd5440cade3ef6c2a3c20cf7cf9/2024_01.csv#record=25431,NIKL source band: advanced; project heuristic TOPIK 5: professional and social category; not an official per-grade list
ko-nikl-25440,형부,,A word used to refer to or address one's elder sister's husband.,noun,daily life > family relationships,nikl-2024-mirror,https://huggingface.co/datasets/binjang/NIKL-korean-english-dictionary/resolve/3b4cfd2126debfd5440cade3ef6c2a3c20cf7cf9/2024_01.csv#record=25440,NIKL source band: advanced; project heuristic TOPIK 5: professional and social category; not an official per-grade list
ko-nikl-25444,형상,,The form or state of an object.,noun,concepts > shape,nikl-2024-mirror,https://huggingface.co/datasets/binjang/NIKL-korean-english-dictionary/resolve/3b4cfd2126debfd5440cade3ef6c2a3c20cf7cf9/2024_01.csv#record=25444,NIKL source band: advanced; project heuristic TOPIK 5: professional and social category; not an official per-grade list
ko-nikl-51230,호들갑,,"An act of acting or speaking in an imprudent, careless, and boisterous manner.",noun,people > attitudes,nikl-2024-mirror,https://huggingface.co/datasets/binjang/NIKL-korean-english-dictionary/resolve/3b4cfd2126debfd5440cade3ef6c2a3c20cf7cf9/2024_01.csv#record=51230,NIKL source band: advanced; project heuristic TOPIK 5: professional and social category; not an official per-grade list
ko-nikl-51313,호응,,"An act of answering someone's call or question, or meeting one's demands, etc.",noun,social life > social activities,nikl-2024-mirror,https://huggingface.co/datasets/binjang/NIKL-korean-english-dictionary/resolve/3b4cfd2126debfd5440cade3ef6c2a3c20cf7cf9/2024_01.csv#record=51313,NIKL source band: advanced; project heuristic TOPIK 5: professional and social category; not an official per-grade list
ko-nikl-51315,호의,,Kind heart or a good feeling toward a certain object.,noun,social life > social activities,nikl-2024-mirror,https://huggingface.co/datasets/binjang/NIKL-korean-english-dictionary/resolve/3b4cfd2126debfd5440cade3ef6c2a3c20cf7cf9/2024_01.csv#record=51315,NIKL source band: advanced; project heuristic TOPIK 5: professional and social category; not an official per-grade list
ko-nikl-51316,호의적,,A state of showing a good feeling toward a certain object.,noun,people > attitudes,nikl-2024-mirror,https://huggingface.co/datasets/binjang/NIKL-korean-english-dictionary/resolve/3b4cfd2126debfd5440cade3ef6c2a3c20cf7cf9/2024_01.csv#record=51316,NIKL source band: advanced; project heuristic TOPIK 5: professional and social category; not an official per-grade list
ko-nikl-51323,호전,,A state in which things or a situation take a turn for the better. / A state in which the symptoms of a disease grow better.,noun,daily life > illness and symptoms,nikl-2024-mirror,https://huggingface.co/datasets/binjang/NIKL-korean-english-dictionary/resolve/3b4cfd2126debfd5440cade3ef6c2a3c20cf7cf9/2024_01.csv#record=51323,NIKL source band: advanced; project heuristic TOPIK 5: professional and social category; not an official per-grade list
ko-nikl-51330,호젓하다,,"Quiet, being in a remote area. / Being lighthearted without being bothered by something, or feeling lonely and cheerless.",descriptive verb,housing > housing conditions,nikl-2024-mirror,https://huggingface.co/datasets/binjang/NIKL-korean-english-dictionary/resolve/3b4cfd2126debfd5440cade3ef6c2a3c20cf7cf9/2024_01.csv#record=51330,NIKL source band: advanced; project heuristic TOPIK 5: professional and social category; not an official per-grade list
ko-nikl-51331,호조,,A good situation or a state of good conditions.,noun,economy > economic conditions,nikl-2024-mirror,https://huggingface.co/datasets/binjang/NIKL-korean-english-dictionary/resolve/3b4cfd2126debfd5440cade3ef6c2a3c20cf7cf9/2024_01.csv#record=51331,NIKL source band: advanced; project heuristic TOPIK 5: professional and social category; not an official per-grade list
ko-nikl-51342,호출,,An act of calling someone to come by phone or telegraph.,noun,social life > social activities,nikl-2024-mirror,https://huggingface.co/datasets/binjang/NIKL-korean-english-dictionary/resolve/3b4cfd2126debfd5440cade3ef6c2a3c20cf7cf9/2024_01.csv#record=51342,NIKL source band: advanced; project heuristic TOPIK 5: professional and social category; not an official per-grade list
ko-nikl-51360,호프,,Draft beer sold by the glass; or a bar serving draft beer.,noun,food > food venues,nikl-2024-mirror,https://huggingface.co/datasets/binjang/NIKL-korean-english-dictionary/resolve/3b4cfd2126debfd5440cade3ef6c2a3c20cf7cf9/2024_01.csv#record=51360,NIKL source band: advanced; project heuristic TOPIK 5: professional and social category; not an official per-grade list
ko-nikl-51377,호화,,A state of being luxurious and fancy.,noun,housing > housing conditions,nikl-2024-mirror,https://huggingface.co/datasets/binjang/NIKL-korean-english-dictionary/resolve/3b4cfd2126debfd5440cade3ef6c2a3c20cf7cf9/2024_01.csv#record=51377,NIKL source band: advanced; project heuristic TOPIK 5: professional and social category; not an official per-grade list
ko-nikl-51386,호황,,A state in which economic activities as seen in trade or transactions are strong; or such a situation. / A state in which economic activities are exceptionally strong.,noun,economy > economic conditions,nikl-2024-mirror,https://huggingface.co/datasets/binjang/NIKL-korean-english-dictionary/resolve/3b4cfd2126debfd5440cade3ef6c2a3c20cf7cf9/2024_01.csv#record=51386,NIKL source band: advanced; project heuristic TOPIK 5: professional and social category; not an official per-grade list
ko-nikl-51442,혼례,,A ceremony announcing the legal matrimony of a man and woman of legal age. / The formalities of a wedding ceremony.,noun,daily life > family events,nikl-2024-mirror,https://huggingface.co/datasets/binjang/NIKL-korean-english-dictionary/resolve/3b4cfd2126debfd5440cade3ef6c2a3c20cf7cf9/2024_01.csv#record=51442,NIKL source band: advanced; project heuristic TOPIK 5: professional and social category; not an official per-grade list
ko-nikl-51468,혼인,,A state in which a man and woman become a married couple.,noun,daily life > family events,nikl-2024-mirror,https://huggingface.co/datasets/binjang/NIKL-korean-english-dictionary/resolve/3b4cfd2126debfd5440cade3ef6c2a3c20cf7cf9/2024_01.csv#record=51468,NIKL source band: advanced; project heuristic TOPIK 5: professional and social category; not an official per-grade list
ko-nikl-51475,혼잡,,A state of being mixed up to be chaotic and complicated.,noun,concepts > shape,nikl-2024-mirror,https://huggingface.co/datasets/binjang/NIKL-korean-english-dictionary/resolve/3b4cfd2126debfd5440cade3ef6c2a3c20cf7cf9/2024_01.csv#record=51475,NIKL source band: advanced; project heuristic TOPIK 5: professional and social category; not an official per-grade list
ko-nikl-51498,홀가분하다,,Feeling light and comfortable without being burdened or bothered by something.,descriptive verb,people > emotions,nikl-2024-mirror,https://huggingface.co/datasets/binjang/NIKL-korean-english-dictionary/resolve/3b4cfd2126debfd5440cade3ef6c2a3c20cf7cf9/2024_01.csv#record=51498,NIKL source band: advanced; project heuristic TOPIK 5: professional and social category; not an official per-grade list
ko-nikl-51535,홈런,,"In baseball, a state in which a ball is hit by a batter over the fence of the outfield and his/her team scores a run.",noun,daily life > leisure activities,nikl-2024-mirror,https://huggingface.co/datasets/binjang/NIKL-korean-english-dictionary/resolve/3b4cfd2126debfd5440cade3ef6c2a3c20cf7cf9/2024_01.csv#record=51535,NIKL source band: advanced; project heuristic TOPIK 5: professional and social category; not an official per-grade list
ko-nikl-51554,홍색,,A dark-red color like that of a ripe red pepper or blood. / A bright red color.,noun,concepts > colors,nikl-2024-mirror,https://huggingface.co/datasets/binjang/NIKL-korean-english-dictionary/resolve/3b4cfd2126debfd5440cade3ef6c2a3c20cf7cf9/2024_01.csv#record=51554,NIKL source band: advanced; project heuristic TOPIK 5: professional and social category; not an official per-grade list
ko-nikl-51642,화사하다,,Brightly and radiantly beautiful.,descriptive verb,concepts > shape,nikl-2024-mirror,https://huggingface.co/datasets/binjang/NIKL-korean-english-dictionary/resolve/3b4cfd2126debfd5440cade3ef6c2a3c20cf7cf9/2024_01.csv#record=51642,NIKL source band: advanced; project heuristic TOPIK 5: professional and social category; not an official per-grade list
ko-nikl-51647,화상,,"A wound on the skin caused when one is hurt by touching fire, a hot thing, or chemicals.",noun,daily life > illness and symptoms,nikl-2024-mirror,https://huggingface.co/datasets/binjang/NIKL-korean-english-dictionary/resolve/3b4cfd2126debfd5440cade3ef6c2a3c20cf7cf9/2024_01.csv#record=51647,NIKL source band: advanced; project heuristic TOPIK 5: professional and social category; not an official per-grade list
ko-nikl-51674,화자,,A person who speaks or tells a story.,noun,social life > interpersonal relationships,nikl-2024-mirror,https://huggingface.co/datasets/binjang/NIKL-korean-english-dictionary/resolve/3b4cfd2126debfd5440cade3ef6c2a3c20cf7cf9/2024_01.csv#record=51674,NIKL source band: advanced; project heuristic TOPIK 5: professional and social category; not an official per-grade list
ko-nikl-51694,화초,,Plants and trees that flower; or all the plants that one grows for admiration and enjoyment.,noun,plants and animals > plants,nikl-2024-mirror,https://huggingface.co/datasets/binjang/NIKL-korean-english-dictionary/resolve/3b4cfd2126debfd5440cade3ef6c2a3c20cf7cf9/2024_01.csv#record=51694,NIKL source band: advanced; project heuristic TOPIK 5: professional and social category; not an official per-grade list
ko-nikl-51721,화합,,An act of mixing well with each other.,noun,social life > social activities,nikl-2024-mirror,https://huggingface.co/datasets/binjang/NIKL-korean-english-dictionary/resolve/3b4cfd2126debfd5440cade3ef6c2a3c20cf7cf9/2024_01.csv#record=51721,NIKL source band: advanced; project heuristic TOPIK 5: professional and social category; not an official per-grade list
ko-nikl-51737,확고하다,,"One's attitude or situation, etc., being clear and unchanging.",descriptive verb,people > attitudes,nikl-2024-mirror,https://huggingface.co/datasets/binjang/NIKL-korean-english-dictionary/resolve/3b4cfd2126debfd5440cade3ef6c2a3c20cf7cf9/2024_01.csv#record=51737,NIKL source band: advanced; project heuristic TOPIK 5: professional and social category; not an official per-grade list
ko-nikl-51797,환갑,,The 60th birthday of a person.,noun,daily life > family events,nikl-2024-mirror,https://huggingface.co/datasets/binjang/NIKL-korean-english-dictionary/resolve/3b4cfd2126debfd5440cade3ef6c2a3c20cf7cf9/2024_01.csv#record=51797,NIKL source band: advanced; project heuristic TOPIK 5: professional and social category; not an official per-grade list
ko-nikl-51875,환절기,,The time when a season changes into another season.,noun,concepts > time,nikl-2024-mirror,https://huggingface.co/datasets/binjang/NIKL-korean-english-dictionary/resolve/3b4cfd2126debfd5440cade3ef6c2a3c20cf7cf9/2024_01.csv#record=51875,NIKL source band: advanced; project heuristic TOPIK 5: professional and social category; not an official per-grade list
ko-nikl-51879,환호,,"An act of shouting loudly, feeling happy.",noun,people > attitudes,nikl-2024-mirror,https://huggingface.co/datasets/binjang/NIKL-korean-english-dictionary/resolve/3b4cfd2126debfd5440cade3ef6c2a3c20cf7cf9/2024_01.csv#record=51879,NIKL source band: advanced; project heuristic TOPIK 5: professional and social category; not an official per-grade list
ko-nikl-51882,환희,,A state of being extremely happy; or a feeling of great joy.,noun,people > emotions,nikl-2024-mirror,https://huggingface.co/datasets/binjang/NIKL-korean-english-dictionary/resolve/3b4cfd2126debfd5440cade3ef6c2a3c20cf7cf9/2024_01.csv#record=51882,NIKL source band: advanced; project heuristic TOPIK 5: professional and social category; not an official per-grade list
ko-nikl-51894,활기차다,,Full of power and vitality.,descriptive verb,people > physical condition,nikl-2024-mirror,https://huggingface.co/datasets/binjang/NIKL-korean-english-dictionary/resolve/3b4cfd2126debfd5440cade3ef6c2a3c20cf7cf9/2024_01.csv#record=51894,NIKL source band: advanced; project heuristic TOPIK 5: professional and social category; not an official per-grade list
ko-nikl-51905,활력,,A feeling of being alive or a force that keeps one alive.,noun,people > physical condition,nikl-2024-mirror,https://huggingface.co/datasets/binjang/NIKL-korean-english-dictionary/resolve/3b4cfd2126debfd5440cade3ef6c2a3c20cf7cf9/2024_01.csv#record=51905,NIKL source band: advanced; project heuristic TOPIK 5: professional and social category; not an official per-grade list
ko-nikl-51926,활자,,"For printing, letters or symbols convexly engraved on the surface of square column-shaped metals. / Letters printed with a printing plate or word processor, etc.",noun,social life > communication tools,nikl-2024-mirror,https://huggingface.co/datasets/binjang/NIKL-korean-english-dictionary/resolve/3b4cfd2126debfd5440cade3ef6c2a3c20cf7cf9/2024_01.csv#record=51926,NIKL source band: advanced; project heuristic TOPIK 5: professional and social category; not an official per-grade list
ko-nikl-51945,황금기,,"One's best days, during which one is at one's highest point.",noun,concepts > time,nikl-2024-mirror,https://huggingface.co/datasets/binjang/NIKL-korean-english-dictionary/resolve/3b4cfd2126debfd5440cade3ef6c2a3c20cf7cf9/2024_01.csv#record=51945,NIKL source band: advanced; project heuristic TOPIK 5: professional and social category; not an official per-grade list
ko-nikl-51958,황당하다,,One's words or acts being insincere and absurd.,descriptive verb,people > emotions,nikl-2024-mirror,https://huggingface.co/datasets/binjang/NIKL-korean-english-dictionary/resolve/3b4cfd2126debfd5440cade3ef6c2a3c20cf7cf9/2024_01.csv#record=51958,NIKL source band: advanced; project heuristic TOPIK 5: professional and social category; not an official per-grade list
ko-nikl-51961,황량하다,,"Houses, land, a forest, etc., becoming devastated and useless, feeling forlorn.",descriptive verb,housing > housing conditions,nikl-2024-mirror,https://huggingface.co/datasets/binjang/NIKL-korean-english-dictionary/resolve/3b4cfd2126debfd5440cade3ef6c2a3c20cf7cf9/2024_01.csv#record=51961,NIKL source band: advanced; project heuristic TOPIK 5: professional and social category; not an official per-grade list
ko-nikl-51969,황색,,Yellow color having both a dark and a light tone.,noun,concepts > colors,nikl-2024-mirror,https://huggingface.co/datasets/binjang/NIKL-korean-english-dictionary/resolve/3b4cfd2126debfd5440cade3ef6c2a3c20cf7cf9/2024_01.csv#record=51969,NIKL source band: advanced; project heuristic TOPIK 5: professional and social category; not an official per-grade list
ko-nikl-51993,황혼,,The time of slight darkness between the sunset and night; or the light that shines during this time. / (figurative) A state in which one's life or a country's fate weakens past its peak and reaches its end.,noun,concepts > time,nikl-2024-mirror,https://huggingface.co/datasets/binjang/NIKL-korean-english-dictionary/resolve/3b4cfd2126debfd5440cade3ef6c2a3c20cf7cf9/2024_01.csv#record=51993,NIKL source band: advanced; project heuristic TOPIK 5: professional and social category; not an official per-grade list
ko-nikl-52008,회갑,,The sixtieth birthday of a person.,noun,daily life > family events,nikl-2024-mirror,https://huggingface.co/datasets/binjang/NIKL-korean-english-dictionary/resolve/3b4cfd2126debfd5440cade3ef6c2a3c20cf7cf9/2024_01.csv#record=52008,NIKL source band: advanced; project heuristic TOPIK 5: professional and social category; not an official per-grade list
ko-nikl-52009,회갑연,,A party held to celebrate one's sixtieth birthday.,noun,daily life > family events,nikl-2024-mirror,https://huggingface.co/datasets/binjang/NIKL-korean-english-dictionary/resolve/3b4cfd2126debfd5440cade3ef6c2a3c20cf7cf9/2024_01.csv#record=52009,NIKL source band: advanced; project heuristic TOPIK 5: professional and social category; not an official per-grade list
ko-nikl-52012,회견,,"An act of meeting face to face and expressing one's opinion or view, etc., according to a certain procedure; or such a meeting.",noun,social life > social activities,nikl-2024-mirror,https://huggingface.co/datasets/binjang/NIKL-korean-english-dictionary/resolve/3b4cfd2126debfd5440cade3ef6c2a3c20cf7cf9/2024_01.csv#record=52012,NIKL source band: advanced; project heuristic TOPIK 5: professional and social category; not an official per-grade list
ko-nikl-52014,회계,,"An act of calculating income and expenses. / An act of repaying debt or paying for goods, or paying a monthly salary, etc. / An act of keeping record of a person or company's economic activities according to a certain method of calculation. / A person whose job it is to calculate income and expenses.",noun,economy > economic activities,nikl-2024-mirror,https://huggingface.co/datasets/binjang/NIKL-korean-english-dictionary/resolve/3b4cfd2126debfd5440cade3ef6c2a3c20cf7cf9/2024_01.csv#record=52014,NIKL source band: advanced; project heuristic TOPIK 5: professional and social category; not an official per-grade list
ko-nikl-52040,회복세,,"A state in which the health, etc., of a person gradually gets better. / A state in which the condition of an economic activity gradually improves.",noun,economy > economic conditions,nikl-2024-mirror,https://huggingface.co/datasets/binjang/NIKL-korean-english-dictionary/resolve/3b4cfd2126debfd5440cade3ef6c2a3c20cf7cf9/2024_01.csv#record=52040,NIKL source band: advanced; project heuristic TOPIK 5: professional and social category; not an official per-grade list
ko-nikl-52078,회의,,An act of considering something doubtful; or such a doubt.,noun,people > emotions,nikl-2024-mirror,https://huggingface.co/datasets/binjang/NIKL-korean-english-dictionary/resolve/3b4cfd2126debfd5440cade3ef6c2a3c20cf7cf9/2024_01.csv#record=52078,NIKL source band: advanced; project heuristic TOPIK 5: professional and social category; not an official per-grade list
ko-nikl-52083,회의적,,A state of considering something doubtful.,noun,people > emotions,nikl-2024-mirror,https://huggingface.co/datasets/binjang/NIKL-korean-english-dictionary/resolve/3b4cfd2126debfd5440cade3ef6c2a3c20cf7cf9/2024_01.csv#record=52083,NIKL source band: advanced; project heuristic TOPIK 5: professional and social category; not an official per-grade list
ko-nikl-52148,횡단,,An act of passing along a road or river transversely. / An act of crossing a continent or ocean horizontally in a direction from east to west. / An act of cutting off or breaking something transversely.,noun,social life > travel actions,nikl-2024-mirror,https://huggingface.co/datasets/binjang/NIKL-korean-english-dictionary/resolve/3b4cfd2126debfd5440cade3ef6c2a3c20cf7cf9/2024_01.csv#record=52148,NIKL source band: advanced; project heuristic TOPIK 5: professional and social category; not an official per-grade list
ko-nikl-52170,효,,An act of respecting and taking good care of one's parents.,noun,social life > social activities,nikl-2024-mirror,https://huggingface.co/datasets/binjang/NIKL-korean-english-dictionary/resolve/3b4cfd2126debfd5440cade3ef6c2a3c20cf7cf9/2024_01.csv#record=52170,NIKL source band: advanced; project heuristic TOPIK 5: professional and social category; not an official per-grade list
ko-nikl-52175,효녀,,A daughter who respects and takes good care of her parents.,noun,social life > interpersonal relationships,nikl-2024-mirror,https://huggingface.co/datasets/binjang/NIKL-korean-english-dictionary/resolve/3b4cfd2126debfd5440cade3ef6c2a3c20cf7cf9/2024_01.csv#record=52175,NIKL source band: advanced; project heuristic TOPIK 5: professional and social category; not an official per-grade list
ko-nikl-52187,효용,,"A state of producing a good result, or using something worthily or being worthily used.",noun,economy > economic conditions,nikl-2024-mirror,https://huggingface.co/datasets/binjang/NIKL-korean-english-dictionary/resolve/3b4cfd2126debfd5440cade3ef6c2a3c20cf7cf9/2024_01.csv#record=52187,NIKL source band: advanced; project heuristic TOPIK 5: professional and social category; not an official per-grade list
ko-nikl-52188,효율,,The ratio of benefits to the amount of effort or energy invested.,noun,economy > economic conditions,nikl-2024-mirror,https://huggingface.co/datasets/binjang/NIKL-korean-english-dictionary/resolve/3b4cfd2126debfd5440cade3ef6c2a3c20cf7cf9/2024_01.csv#record=52188,NIKL source band: advanced; project heuristic TOPIK 5: professional and social category; not an official per-grade list
ko-nikl-52197,후각,,The sense of smelling with a nose.,noun,people > senses,nikl-2024-mirror,https://huggingface.co/datasets/binjang/NIKL-korean-english-dictionary/resolve/3b4cfd2126debfd5440cade3ef6c2a3c20cf7cf9/2024_01.csv#record=52197,NIKL source band: advanced; project heuristic TOPIK 5: professional and social category; not an official per-grade list
ko-nikl-52205,후기,,The latter half or part of a certain period when the period is divided into two or three. / Something that one promises to do in the future.,noun,concepts > time,nikl-2024-mirror,https://huggingface.co/datasets/binjang/NIKL-korean-english-dictionary/resolve/3b4cfd2126debfd5440cade3ef6c2a3c20cf7cf9/2024_01.csv#record=52205,NIKL source band: advanced; project heuristic TOPIK 5: professional and social category; not an official per-grade list
ko-nikl-52238,후련하다,,Feeling refreshed because an uncomfortable feeling or heaviness in the stomach has gone away. / Feeling light and relieved because one's anxiety has been resolved.,descriptive verb,people > emotions,nikl-2024-mirror,https://huggingface.co/datasets/binjang/NIKL-korean-english-dictionary/resolve/3b4cfd2126debfd5440cade3ef6c2a3c20cf7cf9/2024_01.csv#record=52238,NIKL source band: advanced; project heuristic TOPIK 5: professional and social category; not an official per-grade list
ko-nikl-52273,후손,,Children born generations after one's generation.,noun,daily life > family relationships,nikl-2024-mirror,https://huggingface.co/datasets/binjang/NIKL-korean-english-dictionary/resolve/3b4cfd2126debfd5440cade3ef6c2a3c20cf7cf9/2024_01.csv#record=52273,NIKL source band: advanced; project heuristic TOPIK 5: professional and social category; not an official per-grade list
ko-nikl-52282,후원,,An act of standing behind another and helping him/her.,noun,social life > social activities,nikl-2024-mirror,https://huggingface.co/datasets/binjang/NIKL-korean-english-dictionary/resolve/3b4cfd2126debfd5440cade3ef6c2a3c20cf7cf9/2024_01.csv#record=52282,NIKL source band: advanced; project heuristic TOPIK 5: professional and social category; not an official per-grade list
ko-nikl-52290,후유증,,A symptom that lingers from a certain illness after the illness is cured. / A side effect that develops after one goes through a certain difficulty.,noun,daily life > illness and symptoms,nikl-2024-mirror,https://huggingface.co/datasets/binjang/NIKL-korean-english-dictionary/resolve/3b4cfd2126debfd5440cade3ef6c2a3c20cf7cf9/2024_01.csv#record=52290,NIKL source band: advanced; project heuristic TOPIK 5: professional and social category; not an official per-grade list
ko-nikl-52291,후일,,Days coming after a certain time has passed.,noun,concepts > time,nikl-2024-mirror,https://huggingface.co/datasets/binjang/NIKL-korean-english-dictionary/resolve/3b4cfd2126debfd5440cade3ef6c2a3c20cf7cf9/2024_01.csv#record=52291,NIKL source band: advanced; project heuristic TOPIK 5: professional and social category; not an official per-grade list
ko-nikl-52293,후임,,An act of taking the place of a predecessor and performing his/her role; or such a person or task.,noun,social life > job positions,nikl-2024-mirror,https://huggingface.co/datasets/binjang/NIKL-korean-english-dictionary/resolve/3b4cfd2126debfd5440cade3ef6c2a3c20cf7cf9/2024_01.csv#record=52293,NIKL source band: advanced; project heuristic TOPIK 5: professional and social category; not an official per-grade list
ko-nikl-52299,후진,,A state of lagging behind in the level of development of a certain field; or such a person. / A state of moving backward. / A person who entered the same school later than oneself.,noun,social life > travel actions,nikl-2024-mirror,https://huggingface.co/datasets/binjang/NIKL-korean-english-dictionary/resolve/3b4cfd2126debfd5440cade3ef6c2a3c20cf7cf9/2024_01.csv#record=52299,NIKL source band: advanced; project heuristic TOPIK 5: professional and social category; not an official per-grade list
ko-nikl-52316,후하다,,One's mind or attitude being generous.,descriptive verb,people > attitudes,nikl-2024-mirror,https://huggingface.co/datasets/binjang/NIKL-korean-english-dictionary/resolve/3b4cfd2126debfd5440cade3ef6c2a3c20cf7cf9/2024_01.csv#record=52316,NIKL source band: advanced; project heuristic TOPIK 5: professional and social category; not an official per-grade list
ko-nikl-52357,훈훈하다,,"The weather or temperature being bearably warm. / Having warmth that softens the heart. / A smell filling the air, etc.",descriptive verb,concepts > temperature,nikl-2024-mirror,https://huggingface.co/datasets/binjang/NIKL-korean-english-dictionary/resolve/3b4cfd2126debfd5440cade3ef6c2a3c20cf7cf9/2024_01.csv#record=52357,NIKL source band: advanced; project heuristic TOPIK 5: professional and social category; not an official per-grade list
ko-nikl-52376,훑어보다,,To take a quick look at something from one end to another. / To examine something closely from the start to the end.,verb,people > physical actions,nikl-2024-mirror,https://huggingface.co/datasets/binjang/NIKL-korean-english-dictionary/resolve/3b4cfd2126debfd5440cade3ef6c2a3c20cf7cf9/2024_01.csv#record=52376,NIKL source band: advanced; project heuristic TOPIK 5: professional and social category; not an official per-grade list
ko-nikl-52380,훗날,,Days coming after a certain time has passed.,noun,concepts > time,nikl-2024-mirror,https://huggingface.co/datasets/binjang/NIKL-korean-english-dictionary/resolve/3b4cfd2126debfd5440cade3ef6c2a3c20cf7cf9/2024_01.csv#record=52380,NIKL source band: advanced; project heuristic TOPIK 5: professional and social category; not an official per-grade list
ko-nikl-52384,훤하다,,"Being slightly, dimly bright. / A view being sweeping and unobstructed. / Something being transparent, obvious or quite predictable. / Having an extremely pleasing, neat, attractive appearance. / Having an accurate and deep knowledge about a certain task or object.",descriptive verb,concepts > brightness,nikl-2024-mirror,https://huggingface.co/datasets/binjang/NIKL-korean-english-dictionary/resolve/3b4cfd2126debfd5440cade3ef6c2a3c20cf7cf9/2024_01.csv#record=52384,NIKL source band: advanced; project heuristic TOPIK 5: professional and social category; not an official per-grade list
ko-nikl-52407,휘두르다,,To swing something around wildly from side to side. / To confuse someone to make him/her lose control of himeself/herself. / To handle or treat a person or task in one's own way.,verb,people > physical actions,nikl-2024-mirror,https://huggingface.co/datasets/binjang/NIKL-korean-english-dictionary/resolve/3b4cfd2126debfd5440cade3ef6c2a3c20cf7cf9/2024_01.csv#record=52407,NIKL source band: advanced; project heuristic TOPIK 5: professional and social category; not an official per-grade list
ko-nikl-52462,휴게소,,A place arranged to allow passersby to take a brief rest on their way to a destination.,noun,social life > transport facilities,nikl-2024-mirror,https://huggingface.co/datasets/binjang/NIKL-korean-english-dictionary/resolve/3b4cfd2126debfd5440cade3ef6c2a3c20cf7cf9/2024_01.csv#record=52462,NIKL source band: advanced; project heuristic TOPIK 5: professional and social category; not an official per-grade list
ko-nikl-52475,휴무,,A state of not carrying out one's duties and taking a rest for one day or for a while.,noun,economy > economic activities,nikl-2024-mirror,https://huggingface.co/datasets/binjang/NIKL-korean-english-dictionary/resolve/3b4cfd2126debfd5440cade3ef6c2a3c20cf7cf9/2024_01.csv#record=52475,NIKL source band: advanced; project heuristic TOPIK 5: professional and social category; not an official per-grade list
ko-nikl-52495,휴직,,An act of temporarily stopping what one was doing at work and taking a rest during a certain period of time.,noun,social life > workplace life,nikl-2024-mirror,https://huggingface.co/datasets/binjang/NIKL-korean-english-dictionary/resolve/3b4cfd2126debfd5440cade3ef6c2a3c20cf7cf9/2024_01.csv#record=52495,NIKL source band: advanced; project heuristic TOPIK 5: professional and social category; not an official per-grade list
ko-nikl-52533,흉하다,,"Bad luck or unfortunate things being likely to happen. / Appearance or attitude being unsatisfactory or displeasing. / Being extremely bad, unsatisfactory, or unpleasant. / One's personality being presumptuous and rough.",descriptive verb,concepts > shape,nikl-2024-mirror,https://huggingface.co/datasets/binjang/NIKL-korean-english-dictionary/resolve/3b4cfd2126debfd5440cade3ef6c2a3c20cf7cf9/2024_01.csv#record=52533,NIKL source band: advanced; project heuristic TOPIK 5: professional and social category; not an official per-grade list
ko-nikl-52538,흐느끼다,,"To cry with sobs, being extremely sad or touched.",verb,people > physical actions,nikl-2024-mirror,https://huggingface.co/datasets/binjang/NIKL-korean-english-dictionary/resolve/3b4cfd2126debfd5440cade3ef6c2a3c20cf7cf9/2024_01.csv#record=52538,NIKL source band: advanced; project heuristic TOPIK 5: professional and social category; not an official per-grade list
ko-nikl-52561,흐릿하다,,"Being obscure, not clear. / One's memory or thought, etc., being dim, not distinct. / One's hearing or vision not being good. / Not being clear, impure. / The weather not being clear, slightly dull.",descriptive verb,concepts > colors,nikl-2024-mirror,https://huggingface.co/datasets/binjang/NIKL-korean-english-dictionary/resolve/3b4cfd2126debfd5440cade3ef6c2a3c20cf7cf9/2024_01.csv#record=52561,NIKL source band: advanced; project heuristic TOPIK 5: professional and social category; not an official per-grade list
ko-nikl-52567,흐뭇하다,,Being very happy and pleased with something.,descriptive verb,people > emotions,nikl-2024-mirror,https://huggingface.co/datasets/binjang/NIKL-korean-english-dictionary/resolve/3b4cfd2126debfd5440cade3ef6c2a3c20cf7cf9/2024_01.csv#record=52567,NIKL source band: advanced; project heuristic TOPIK 5: professional and social category; not an official per-grade list
ko-nikl-52573,흐트러지다,,"To be scattered and entangled in a disorderly manner. / To come to lose one's composure in posture or fail to straighten one's conduct, attitude, etc. / For someone to be distracted without being able to concentrate on something.",verb,concepts > shape,nikl-2024-mirror,https://huggingface.co/datasets/binjang/NIKL-korean-english-dictionary/resolve/3b4cfd2126debfd5440cade3ef6c2a3c20cf7cf9/2024_01.csv#record=52573,NIKL source band: advanced; project heuristic TOPIK 5: professional and social category; not an official per-grade list
ko-nikl-52579,흑색,,A very dark color like a night sky with no light.,noun,concepts > colors,nikl-2024-mirror,https://huggingface.co/datasets/binjang/NIKL-korean-english-dictionary/resolve/3b4cfd2126debfd5440cade3ef6c2a3c20cf7cf9/2024_01.csv#record=52579,NIKL source band: advanced; project heuristic TOPIK 5: professional and social category; not an official per-grade list
ko-nikl-52585,흑자,,The amount of profit incurred as a result of spending less than one earns.,noun,economy > economic conditions,nikl-2024-mirror,https://huggingface.co/datasets/binjang/NIKL-korean-english-dictionary/resolve/3b4cfd2126debfd5440cade3ef6c2a3c20cf7cf9/2024_01.csv#record=52585,NIKL source band: advanced; project heuristic TOPIK 5: professional and social category; not an official per-grade list
ko-nikl-52618,흘기다,,To look aside by rolling one's eyes slightly to express one's disapproval.,verb,people > physical actions,nikl-2024-mirror,https://huggingface.co/datasets/binjang/NIKL-korean-english-dictionary/resolve/3b4cfd2126debfd5440cade3ef6c2a3c20cf7cf9/2024_01.csv#record=52618,NIKL source band: advanced; project heuristic TOPIK 5: professional and social category; not an official per-grade list
ko-nikl-52712,흥,,A joyful feeling; or an emotion arousing joy.,noun,people > emotions,nikl-2024-mirror,https://huggingface.co/datasets/binjang/NIKL-korean-english-dictionary/resolve/3b4cfd2126debfd5440cade3ef6c2a3c20cf7cf9/2024_01.csv#record=52712,NIKL source band: advanced; project heuristic TOPIK 5: professional and social category; not an official per-grade list
ko-nikl-52715,흥겹다,,Feeling good and joyful out of excitement.,descriptive verb,people > emotions,nikl-2024-mirror,https://huggingface.co/datasets/binjang/NIKL-korean-english-dictionary/resolve/3b4cfd2126debfd5440cade3ef6c2a3c20cf7cf9/2024_01.csv#record=52715,NIKL source band: advanced; project heuristic TOPIK 5: professional and social category; not an official per-grade list
ko-nikl-52780,희로애락,,"A compound noun for happiness, anger, sadness, and pleasure.",noun,people > emotions,nikl-2024-mirror,https://huggingface.co/datasets/binjang/NIKL-korean-english-dictionary/resolve/3b4cfd2126debfd5440cade3ef6c2a3c20cf7cf9/2024_01.csv#record=52780,NIKL source band: advanced; project heuristic TOPIK 5: professional and social category; not an official per-grade list
ko-nikl-52791,희미하다,,Not being clear or vivid.,descriptive verb,concepts > brightness,nikl-2024-mirror,https://huggingface.co/datasets/binjang/NIKL-korean-english-dictionary/resolve/3b4cfd2126debfd5440cade3ef6c2a3c20cf7cf9/2024_01.csv#record=52791,NIKL source band: advanced; project heuristic TOPIK 5: professional and social category; not an official per-grade list
ko-nikl-52871,힐끔거리다,,To direct the eyes sideways and look furtively at something repeatedly.,verb,people > physical actions,nikl-2024-mirror,https://huggingface.co/datasets/binjang/NIKL-korean-english-dictionary/resolve/3b4cfd2126debfd5440cade3ef6c2a3c20cf7cf9/2024_01.csv#record=52871,NIKL source band: advanced; project heuristic TOPIK 5: professional and social category; not an official per-grade list
ko-nikl-52890,힘겹다,,Difficulty coping with a certain task due to lack of energy or power.,descriptive verb,daily life > life circumstances,nikl-2024-mirror,https://huggingface.co/datasets/binjang/NIKL-korean-english-dictionary/resolve/3b4cfd2126debfd5440cade3ef6c2a3c20cf7cf9/2024_01.csv#record=52890,NIKL source band: advanced; project heuristic TOPIK 5: professional and social category; not an official per-grade list
ko-nikl-52899,힘없다,,"Lacking energy or desire to do something. / Lacking power or authority, etc.",descriptive verb,people > physical condition,nikl-2024-mirror,https://huggingface.co/datasets/binjang/NIKL-korean-english-dictionary/resolve/3b4cfd2126debfd5440cade3ef6c2a3c20cf7cf9/2024_01.csv#record=52899,NIKL source band: advanced; project heuristic TOPIK 5: professional and social category; not an official per-grade list
