id,target,reading,english,part_of_speech,topic,source_id,source_entry,level_basis
zh-hsk1-00001,爱,ài,[ài] to love; to be fond of; to like; affection; to be inclined (to do sth); to tend to (happen),,general-and-abstract,zh-vocab-adapted,https://raw.githubusercontent.com/drkameleon/complete-hsk-vocabulary/7ac65bf1a6387d35f1ade478906172a19311c7f9/complete.json#/19,2021-standard-derived upstream new-1; not 2025 exam
zh-hsk1-00002,爱好,ài hào,[ài hào] to like; to be fond of; to take pleasure in; to be keen on; interest; hobby,,general-and-abstract,zh-vocab-adapted,https://raw.githubusercontent.com/drkameleon/complete-hsk-vocabulary/7ac65bf1a6387d35f1ade478906172a19311c7f9/complete.json#/23,2021-standard-derived upstream new-1; not 2025 exam
zh-hsk1-00003,八,bā,[bā] eight; 8,,general-and-abstract,zh-vocab-adapted,https://raw.githubusercontent.com/drkameleon/complete-hsk-vocabulary/7ac65bf1a6387d35f1ade478906172a19311c7f9/complete.json#/75,2021-standard-derived upstream new-1; not 2025 exam
zh-hsk1-00004,爸,bà,[bà] father; dad; pa; papa,,people-and-relationships,zh-vocab-adapted,https://raw.githubusercontent.com/drkameleon/complete-hsk-vocabulary/7ac65bf1a6387d35f1ade478906172a19311c7f9/complete.json#/90,2021-standard-derived upstream new-1; not 2025 exam
zh-hsk1-00005,爸爸,bà ba,[bà ba] (coll.) father; dad,,people-and-relationships,zh-vocab-adapted,https://raw.githubusercontent.com/drkameleon/complete-hsk-vocabulary/7ac65bf1a6387d35f1ade478906172a19311c7f9/complete.json#/91,2021-standard-derived upstream new-1; not 2025 exam
zh-hsk1-00006,吧,bā / ba / biā,"[bā] bar (loanword) (serving drinks, or providing Internet access etc); to puff (on a pipe etc); (onom.) bang / [ba] (modal particle indicating suggestion or surmise); ...right?; ...OK?; ...I presume. / [biā] (onom.) smack!",,general-and-abstract,zh-vocab-adapted,https://raw.githubusercontent.com/drkameleon/complete-hsk-vocabulary/7ac65bf1a6387d35f1ade478906172a19311c7f9/complete.json#/97,2021-standard-derived upstream new-1; not 2025 exam
zh-hsk1-00007,白,Bái / bái,[Bái] surname Bai / [bái] white; snowy; pure; bright; empty; blank; plain; clear; to make clear; in vain; gratuitous; free of charge; reactionary; anti-communist; funeral; to stare coldly; to write wrong character; to state; to explain; vernacular; spoken lines in opera,,thought-and-communication,zh-vocab-adapted,https://raw.githubusercontent.com/drkameleon/complete-hsk-vocabulary/7ac65bf1a6387d35f1ade478906172a19311c7f9/complete.json#/103,2021-standard-derived upstream new-1; not 2025 exam
zh-hsk1-00008,白天,bái tiān,[bái tiān] daytime; during the day; day,,time-and-quantity,zh-vocab-adapted,https://raw.githubusercontent.com/drkameleon/complete-hsk-vocabulary/7ac65bf1a6387d35f1ade478906172a19311c7f9/complete.json#/109,2021-standard-derived upstream new-1; not 2025 exam
zh-hsk1-00009,百,Bǎi / bǎi,[Bǎi] surname Bai / [bǎi] hundred; numerous; all kinds of,,time-and-quantity,zh-vocab-adapted,https://raw.githubusercontent.com/drkameleon/complete-hsk-vocabulary/7ac65bf1a6387d35f1ade478906172a19311c7f9/complete.json#/110,2021-standard-derived upstream new-1; not 2025 exam
zh-hsk1-00010,班,Bān / bān,[Bān] surname Ban / [bān] team; class; grade; (military) squad; work shift; classifier for groups of people and scheduled transport vehicles,,study-and-work,zh-vocab-adapted,https://raw.githubusercontent.com/drkameleon/complete-hsk-vocabulary/7ac65bf1a6387d35f1ade478906172a19311c7f9/complete.json#/131,2021-standard-derived upstream new-1; not 2025 exam
zh-hsk1-00011,半,bàn,[bàn] half; semi-; incomplete; (after a number) and a half,,time-and-quantity,zh-vocab-adapted,https://raw.githubusercontent.com/drkameleon/complete-hsk-vocabulary/7ac65bf1a6387d35f1ade478906172a19311c7f9/complete.json#/156,2021-standard-derived upstream new-1; not 2025 exam
zh-hsk1-00012,半年,bàn nián,[bàn nián] half a year,,time-and-quantity,zh-vocab-adapted,https://raw.githubusercontent.com/drkameleon/complete-hsk-vocabulary/7ac65bf1a6387d35f1ade478906172a19311c7f9/complete.json#/162,2021-standard-derived upstream new-1; not 2025 exam
zh-hsk1-00013,半天,bàn tiān,[bàn tiān] half of the day; a long time; quite a while; midair,,time-and-quantity,zh-vocab-adapted,https://raw.githubusercontent.com/drkameleon/complete-hsk-vocabulary/7ac65bf1a6387d35f1ade478906172a19311c7f9/complete.json#/164,2021-standard-derived upstream new-1; not 2025 exam
zh-hsk1-00014,帮,bāng,"[bāng] to help; to assist; to support; for sb (i.e. as a help); hired (as worker); side (of pail, boat etc); outer layer; upper (of a shoe); group; gang; clique; party; secret society",,society-and-public-life,zh-vocab-adapted,https://raw.githubusercontent.com/drkameleon/complete-hsk-vocabulary/7ac65bf1a6387d35f1ade478906172a19311c7f9/complete.json#/176,2021-standard-derived upstream new-1; not 2025 exam
zh-hsk1-00015,帮忙,bāng máng,[bāng máng] to help; to lend a hand; to do a favor; to do a good turn,,health-and-body,zh-vocab-adapted,https://raw.githubusercontent.com/drkameleon/complete-hsk-vocabulary/7ac65bf1a6387d35f1ade478906172a19311c7f9/complete.json#/177,2021-standard-derived upstream new-1; not 2025 exam
zh-hsk1-00016,包,Bāo / bāo,[Bāo] surname Bao / [bāo] to cover; to wrap; to hold; to include; to take charge of; to contract (to or for); package; wrapper; container; bag; to hold or embrace; bundle; packet,,general-and-abstract,zh-vocab-adapted,https://raw.githubusercontent.com/drkameleon/complete-hsk-vocabulary/7ac65bf1a6387d35f1ade478906172a19311c7f9/complete.json#/187,2021-standard-derived upstream new-1; not 2025 exam
zh-hsk1-00017,包子,bāo zi,[bāo zi] bao (steamed stuffed bun),,general-and-abstract,zh-vocab-adapted,https://raw.githubusercontent.com/drkameleon/complete-hsk-vocabulary/7ac65bf1a6387d35f1ade478906172a19311c7f9/complete.json#/197,2021-standard-derived upstream new-1; not 2025 exam
zh-hsk1-00018,杯,bēi,"[bēi] cup; trophy cup; classifier for certain containers of liquids: glass, cup / [bēi] trophy cup; classifier for certain containers of liquids: glass, cup",,general-and-abstract,zh-vocab-adapted,https://raw.githubusercontent.com/drkameleon/complete-hsk-vocabulary/7ac65bf1a6387d35f1ade478906172a19311c7f9/complete.json#/271,2021-standard-derived upstream new-1; not 2025 exam
zh-hsk1-00019,杯子,bēi zi,[bēi zi] cup; glass,,general-and-abstract,zh-vocab-adapted,https://raw.githubusercontent.com/drkameleon/complete-hsk-vocabulary/7ac65bf1a6387d35f1ade478906172a19311c7f9/complete.json#/272,2021-standard-derived upstream new-1; not 2025 exam
zh-hsk1-00020,北,běi,[běi] north; (classical) to be defeated,,general-and-abstract,zh-vocab-adapted,https://raw.githubusercontent.com/drkameleon/complete-hsk-vocabulary/7ac65bf1a6387d35f1ade478906172a19311c7f9/complete.json#/281,2021-standard-derived upstream new-1; not 2025 exam
zh-hsk1-00021,北边,běi biān,[běi biān] north; north side; northern part; to the north of,,general-and-abstract,zh-vocab-adapted,https://raw.githubusercontent.com/drkameleon/complete-hsk-vocabulary/7ac65bf1a6387d35f1ade478906172a19311c7f9/complete.json#/282,2021-standard-derived upstream new-1; not 2025 exam
zh-hsk1-00022,北京,Běi jīng,"[Běi jīng] Beijing, capital of the People's Republic of China",,general-and-abstract,zh-vocab-adapted,https://raw.githubusercontent.com/drkameleon/complete-hsk-vocabulary/7ac65bf1a6387d35f1ade478906172a19311c7f9/complete.json#/286,2021-standard-derived upstream new-1; not 2025 exam
zh-hsk1-00023,本,běn,"[běn] root; stem; origin; source; this; the current; original; inherent; originally; classifier for books, periodicals, files etc",,general-and-abstract,zh-vocab-adapted,https://raw.githubusercontent.com/drkameleon/complete-hsk-vocabulary/7ac65bf1a6387d35f1ade478906172a19311c7f9/complete.json#/315,2021-standard-derived upstream new-1; not 2025 exam
zh-hsk1-00024,本子,běn zi,"[běn zi] book; notebook; Japanese-style self-published comic (esp. an erotic one), aka ""dōjinshi""; edition",,study-and-work,zh-vocab-adapted,https://raw.githubusercontent.com/drkameleon/complete-hsk-vocabulary/7ac65bf1a6387d35f1ade478906172a19311c7f9/complete.json#/333,2021-standard-derived upstream new-1; not 2025 exam
zh-hsk1-00025,比,Bǐ / bǐ,[Bǐ] Belgium; Belgian / [bǐ] to compare; (followed by a noun and adjective) more {adj.} than {noun}; ratio; to gesture; (Taiwan pr. in some compounds derived from Classical Chinese),,general-and-abstract,zh-vocab-adapted,https://raw.githubusercontent.com/drkameleon/complete-hsk-vocabulary/7ac65bf1a6387d35f1ade478906172a19311c7f9/complete.json#/350,2021-standard-derived upstream new-1; not 2025 exam
zh-hsk1-00026,别,Bié / bié / biè,"[Bié] surname Bie / [bié] to leave; to part (from); (literary) to differentiate; to distinguish; (bound form) other; another; different; don't ...!; to fasten with a pin or clip; to stick in; to insert (in order to hinder movement); (noun suffix) category / [biè] to make sb change their ways, opinions etc",,general-and-abstract,zh-vocab-adapted,https://raw.githubusercontent.com/drkameleon/complete-hsk-vocabulary/7ac65bf1a6387d35f1ade478906172a19311c7f9/complete.json#/483,2021-standard-derived upstream new-1; not 2025 exam
zh-hsk1-00027,别的,bié de,[bié de] else; other,,general-and-abstract,zh-vocab-adapted,https://raw.githubusercontent.com/drkameleon/complete-hsk-vocabulary/7ac65bf1a6387d35f1ade478906172a19311c7f9/complete.json#/484,2021-standard-derived upstream new-1; not 2025 exam
zh-hsk1-00028,别人,bié ren,[bié ren] other people; others; other person,,general-and-abstract,zh-vocab-adapted,https://raw.githubusercontent.com/drkameleon/complete-hsk-vocabulary/7ac65bf1a6387d35f1ade478906172a19311c7f9/complete.json#/488,2021-standard-derived upstream new-1; not 2025 exam
zh-hsk1-00029,病,bìng,[bìng] illness; disease; to fall ill; defect,,health-and-body,zh-vocab-adapted,https://raw.githubusercontent.com/drkameleon/complete-hsk-vocabulary/7ac65bf1a6387d35f1ade478906172a19311c7f9/complete.json#/516,2021-standard-derived upstream new-1; not 2025 exam
zh-hsk1-00030,病人,bìng rén,[bìng rén] sick person; patient; invalid,,general-and-abstract,zh-vocab-adapted,https://raw.githubusercontent.com/drkameleon/complete-hsk-vocabulary/7ac65bf1a6387d35f1ade478906172a19311c7f9/complete.json#/521,2021-standard-derived upstream new-1; not 2025 exam
zh-hsk1-00031,不,bù,[bù] no; not so; (bound form) not; un-,,general-and-abstract,zh-vocab-adapted,https://raw.githubusercontent.com/drkameleon/complete-hsk-vocabulary/7ac65bf1a6387d35f1ade478906172a19311c7f9/complete.json#/567,2021-standard-derived upstream new-1; not 2025 exam
zh-hsk1-00032,不大,bù dà,[bù dà] not very; not too; not often,,general-and-abstract,zh-vocab-adapted,https://raw.githubusercontent.com/drkameleon/complete-hsk-vocabulary/7ac65bf1a6387d35f1ade478906172a19311c7f9/complete.json#/576,2021-standard-derived upstream new-1; not 2025 exam
zh-hsk1-00033,不对,bù duì,[bù duì] incorrect; wrong; amiss; abnormal; queer,,general-and-abstract,zh-vocab-adapted,https://raw.githubusercontent.com/drkameleon/complete-hsk-vocabulary/7ac65bf1a6387d35f1ade478906172a19311c7f9/complete.json#/584,2021-standard-derived upstream new-1; not 2025 exam
zh-hsk1-00034,不客气,bù kè qi,[bù kè qi] you're welcome; don't mention it; impolite; rude; blunt,,general-and-abstract,zh-vocab-adapted,https://raw.githubusercontent.com/drkameleon/complete-hsk-vocabulary/7ac65bf1a6387d35f1ade478906172a19311c7f9/complete.json#/608,2021-standard-derived upstream new-1; not 2025 exam
zh-hsk1-00035,不用,bù yòng,[bù yòng] need not,,general-and-abstract,zh-vocab-adapted,https://raw.githubusercontent.com/drkameleon/complete-hsk-vocabulary/7ac65bf1a6387d35f1ade478906172a19311c7f9/complete.json#/661,2021-standard-derived upstream new-1; not 2025 exam
zh-hsk1-00036,菜,cài,[cài] dish (type of food); vegetable; cuisine; (coll.) (one's) type; (of one's skills etc) weak; poor,,food-and-shopping,zh-vocab-adapted,https://raw.githubusercontent.com/drkameleon/complete-hsk-vocabulary/7ac65bf1a6387d35f1ade478906172a19311c7f9/complete.json#/735,2021-standard-derived upstream new-1; not 2025 exam
zh-hsk1-00037,茶,chá,[chá] tea; tea plant,,food-and-shopping;nature-and-technology,zh-vocab-adapted,https://raw.githubusercontent.com/drkameleon/complete-hsk-vocabulary/7ac65bf1a6387d35f1ade478906172a19311c7f9/complete.json#/826,2021-standard-derived upstream new-1; not 2025 exam
zh-hsk1-00038,差,chā / chà / chāi,[chā] difference; discrepancy; (math.) difference (amount remaining after a subtraction); (literary) a little; somewhat; slightly / [chà] different; wrong; mistaken; to fall short; to lack; not up to standard; inferior; Taiwan pr. / [chāi] to send (on an errand); (archaic) person sent on such an errand; job; official post,,study-and-work,zh-vocab-adapted,https://raw.githubusercontent.com/drkameleon/complete-hsk-vocabulary/7ac65bf1a6387d35f1ade478906172a19311c7f9/complete.json#/834,2021-standard-derived upstream new-1; not 2025 exam
zh-hsk1-00039,常,Cháng / cháng,[Cháng] surname Chang / [cháng] always; ever; often; frequently; common; general; constant,,general-and-abstract,zh-vocab-adapted,https://raw.githubusercontent.com/drkameleon/complete-hsk-vocabulary/7ac65bf1a6387d35f1ade478906172a19311c7f9/complete.json#/870,2021-standard-derived upstream new-1; not 2025 exam
zh-hsk1-00040,常常,cháng cháng,[cháng cháng] frequently; often,,general-and-abstract,zh-vocab-adapted,https://raw.githubusercontent.com/drkameleon/complete-hsk-vocabulary/7ac65bf1a6387d35f1ade478906172a19311c7f9/complete.json#/871,2021-standard-derived upstream new-1; not 2025 exam
zh-hsk1-00041,唱,chàng,[chàng] to sing; to call loudly; to chant,,general-and-abstract,zh-vocab-adapted,https://raw.githubusercontent.com/drkameleon/complete-hsk-vocabulary/7ac65bf1a6387d35f1ade478906172a19311c7f9/complete.json#/899,2021-standard-derived upstream new-1; not 2025 exam
zh-hsk1-00042,唱歌,chàng gē,[chàng gē] to sing a song,,general-and-abstract,zh-vocab-adapted,https://raw.githubusercontent.com/drkameleon/complete-hsk-vocabulary/7ac65bf1a6387d35f1ade478906172a19311c7f9/complete.json#/900,2021-standard-derived upstream new-1; not 2025 exam
zh-hsk1-00043,车,Chē / chē / jū,[Chē] surname Che / [chē] car; vehicle; machine; to shape with a lathe / [jū] war chariot (archaic); rook (in Chinese chess); rook (in chess),,general-and-abstract,zh-vocab-adapted,https://raw.githubusercontent.com/drkameleon/complete-hsk-vocabulary/7ac65bf1a6387d35f1ade478906172a19311c7f9/complete.json#/934,2021-standard-derived upstream new-1; not 2025 exam
zh-hsk1-00044,车票,chē piào,[chē piào] ticket (for a bus or train),,travel-and-places,zh-vocab-adapted,https://raw.githubusercontent.com/drkameleon/complete-hsk-vocabulary/7ac65bf1a6387d35f1ade478906172a19311c7f9/complete.json#/943,2021-standard-derived upstream new-1; not 2025 exam
zh-hsk1-00045,车上,chē shàng,[chē shàng] Car,,general-and-abstract,zh-vocab-adapted,https://raw.githubusercontent.com/drkameleon/complete-hsk-vocabulary/7ac65bf1a6387d35f1ade478906172a19311c7f9/complete.json#/944,2021-standard-derived upstream new-1; not 2025 exam
zh-hsk1-00046,车站,chē zhàn,[chē zhàn] rail station; bus stop,,travel-and-places,zh-vocab-adapted,https://raw.githubusercontent.com/drkameleon/complete-hsk-vocabulary/7ac65bf1a6387d35f1ade478906172a19311c7f9/complete.json#/950,2021-standard-derived upstream new-1; not 2025 exam
zh-hsk1-00047,吃,chī,"[chī] to eat; to consume; to eat at (a cafeteria etc); to eradicate; to destroy; to absorb; to suffer (shock, injury, defeat etc)",,food-and-shopping,zh-vocab-adapted,https://raw.githubusercontent.com/drkameleon/complete-hsk-vocabulary/7ac65bf1a6387d35f1ade478906172a19311c7f9/complete.json#/1054,2021-standard-derived upstream new-1; not 2025 exam
zh-hsk1-00048,吃饭,chī fàn,[chī fàn] to have a meal; to eat; to make a living,,food-and-shopping,zh-vocab-adapted,https://raw.githubusercontent.com/drkameleon/complete-hsk-vocabulary/7ac65bf1a6387d35f1ade478906172a19311c7f9/complete.json#/1056,2021-standard-derived upstream new-1; not 2025 exam
zh-hsk1-00049,出,chū,"[chū] to go out; to come out; to occur; to produce; to go beyond; to rise; to put forth; to happen; (used after a verb to indicate an outward direction or a positive result); classifier for dramas, plays, operas etc",,travel-and-places,zh-vocab-adapted,https://raw.githubusercontent.com/drkameleon/complete-hsk-vocabulary/7ac65bf1a6387d35f1ade478906172a19311c7f9/complete.json#/1141,2021-standard-derived upstream new-1; not 2025 exam
zh-hsk1-00050,出来,chū lái / chu lai,"[chū lái] to come out; to appear; to arise / [chu lai] (after a verb, indicates coming out, completion of an action, or ability to discern or detect)",,general-and-abstract,zh-vocab-adapted,https://raw.githubusercontent.com/drkameleon/complete-hsk-vocabulary/7ac65bf1a6387d35f1ade478906172a19311c7f9/complete.json#/1161,2021-standard-derived upstream new-1; not 2025 exam
zh-hsk1-00051,出去,chū qù,[chū qù] to go out,,general-and-abstract,zh-vocab-adapted,https://raw.githubusercontent.com/drkameleon/complete-hsk-vocabulary/7ac65bf1a6387d35f1ade478906172a19311c7f9/complete.json#/1169,2021-standard-derived upstream new-1; not 2025 exam
zh-hsk1-00052,穿,chuān,[chuān] to wear; to put on; to dress; to bore through; to pierce; to perforate; to penetrate; to pass through; to thread,,general-and-abstract,zh-vocab-adapted,https://raw.githubusercontent.com/drkameleon/complete-hsk-vocabulary/7ac65bf1a6387d35f1ade478906172a19311c7f9/complete.json#/1245,2021-standard-derived upstream new-1; not 2025 exam
zh-hsk1-00053,床,chuáng,[chuáng] bed; couch; classifier for beds,,general-and-abstract,zh-vocab-adapted,https://raw.githubusercontent.com/drkameleon/complete-hsk-vocabulary/7ac65bf1a6387d35f1ade478906172a19311c7f9/complete.json#/1288,2021-standard-derived upstream new-1; not 2025 exam
zh-hsk1-00054,次,cì,"[cì] next in sequence; second; the second (day, time etc); secondary; vice-; sub-; infra-; inferior quality; substandard; order; sequence; hypo- (chemistry); classifier for enumerated events: time",,time-and-quantity,zh-vocab-adapted,https://raw.githubusercontent.com/drkameleon/complete-hsk-vocabulary/7ac65bf1a6387d35f1ade478906172a19311c7f9/complete.json#/1356,2021-standard-derived upstream new-1; not 2025 exam
zh-hsk1-00055,从,Cóng / cóng,[Cóng] surname Cong / [cóng] from; through; via; to follow; to obey; to engage in (an activity); never (in negative sentence); (Taiwan pr. ) retainer; assistant; auxiliary; subordinate; related by common paternal grandfather or earlier ancestor,,general-and-abstract,zh-vocab-adapted,https://raw.githubusercontent.com/drkameleon/complete-hsk-vocabulary/7ac65bf1a6387d35f1ade478906172a19311c7f9/complete.json#/1375,2021-standard-derived upstream new-1; not 2025 exam
zh-hsk1-00056,错,Cuò / cuò,[Cuò] surname Cuo / [cuò] mistake; wrong; bad; interlocking; complex; to grind; to polish; to alternate; to stagger; to miss; to let slip; to evade; to inlay with gold or silver,,general-and-abstract,zh-vocab-adapted,https://raw.githubusercontent.com/drkameleon/complete-hsk-vocabulary/7ac65bf1a6387d35f1ade478906172a19311c7f9/complete.json#/1434,2021-standard-derived upstream new-1; not 2025 exam
zh-hsk1-00057,打,dá / dǎ,[dá] dozen (loanword) / [dǎ] to beat; to strike; to hit; to break; to type; to mix up; to build; to fight; to fetch; to make; to tie up; to issue; to shoot; to calculate; to play (a game); since; from,,general-and-abstract,zh-vocab-adapted,https://raw.githubusercontent.com/drkameleon/complete-hsk-vocabulary/7ac65bf1a6387d35f1ade478906172a19311c7f9/complete.json#/1454,2021-standard-derived upstream new-1; not 2025 exam
zh-hsk1-00058,打车,dǎ chē,[dǎ chē] to take a taxi (in town); to hitch a lift,,general-and-abstract,zh-vocab-adapted,https://raw.githubusercontent.com/drkameleon/complete-hsk-vocabulary/7ac65bf1a6387d35f1ade478906172a19311c7f9/complete.json#/1459,2021-standard-derived upstream new-1; not 2025 exam
zh-hsk1-00059,打电话,dǎ diàn huà,[dǎ diàn huà] to make a telephone call,,general-and-abstract,zh-vocab-adapted,https://raw.githubusercontent.com/drkameleon/complete-hsk-vocabulary/7ac65bf1a6387d35f1ade478906172a19311c7f9/complete.json#/1461,2021-standard-derived upstream new-1; not 2025 exam
zh-hsk1-00060,打开,dǎ kāi,[dǎ kāi] to open; to show (a ticket); to turn on; to switch on,,general-and-abstract,zh-vocab-adapted,https://raw.githubusercontent.com/drkameleon/complete-hsk-vocabulary/7ac65bf1a6387d35f1ade478906172a19311c7f9/complete.json#/1472,2021-standard-derived upstream new-1; not 2025 exam
zh-hsk1-00061,打球,dǎ qiú,[dǎ qiú] to play ball; to play with a ball,,general-and-abstract,zh-vocab-adapted,https://raw.githubusercontent.com/drkameleon/complete-hsk-vocabulary/7ac65bf1a6387d35f1ade478906172a19311c7f9/complete.json#/1482,2021-standard-derived upstream new-1; not 2025 exam
zh-hsk1-00062,大,dà,[dà] big; large; great; older (than another person); eldest; greatly; freely; fully; (dialect) father; (dialect) uncle (father's brother),,people-and-relationships,zh-vocab-adapted,https://raw.githubusercontent.com/drkameleon/complete-hsk-vocabulary/7ac65bf1a6387d35f1ade478906172a19311c7f9/complete.json#/1495,2021-standard-derived upstream new-1; not 2025 exam
zh-hsk1-00063,大学,Dà xué / dà xué,"[Dà xué] the Great Learning, one of the Four Books in Confucianism / [dà xué] university; college",,general-and-abstract,zh-vocab-adapted,https://raw.githubusercontent.com/drkameleon/complete-hsk-vocabulary/7ac65bf1a6387d35f1ade478906172a19311c7f9/complete.json#/1567,2021-standard-derived upstream new-1; not 2025 exam
zh-hsk1-00064,大学生,dà xué shēng,[dà xué shēng] university student; college student,,study-and-work,zh-vocab-adapted,https://raw.githubusercontent.com/drkameleon/complete-hsk-vocabulary/7ac65bf1a6387d35f1ade478906172a19311c7f9/complete.json#/1568,2021-standard-derived upstream new-1; not 2025 exam
zh-hsk1-00065,到,dào,[dào] to reach; to arrive; to leave for; to go to; to (a place); until (a time); up to (a point); (verb complement indicating arriving at a place or reaching a point); considerate; thoughtful; thorough,,time-and-quantity,zh-vocab-adapted,https://raw.githubusercontent.com/drkameleon/complete-hsk-vocabulary/7ac65bf1a6387d35f1ade478906172a19311c7f9/complete.json#/1696,2021-standard-derived upstream new-1; not 2025 exam
zh-hsk1-00066,地,de / dì,"[de] -ly; structural particle: used before a verb or adjective, linking it to preceding modifying adverbial adjunct / [dì] earth; ground; field; place; land",,general-and-abstract,zh-vocab-adapted,https://raw.githubusercontent.com/drkameleon/complete-hsk-vocabulary/7ac65bf1a6387d35f1ade478906172a19311c7f9/complete.json#/1728,2021-standard-derived upstream new-1; not 2025 exam
zh-hsk1-00067,地点,dì diǎn,[dì diǎn] place; site; location; venue,,general-and-abstract,zh-vocab-adapted,https://raw.githubusercontent.com/drkameleon/complete-hsk-vocabulary/7ac65bf1a6387d35f1ade478906172a19311c7f9/complete.json#/1733,2021-standard-derived upstream new-1; not 2025 exam
zh-hsk1-00068,地方,dì fāng / dì fang,[dì fāng] region; regional (away from the central administration); local / [dì fang] area; place; space; room; territory,,general-and-abstract,zh-vocab-adapted,https://raw.githubusercontent.com/drkameleon/complete-hsk-vocabulary/7ac65bf1a6387d35f1ade478906172a19311c7f9/complete.json#/1735,2021-standard-derived upstream new-1; not 2025 exam
zh-hsk1-00069,地上,dì shang,[dì shang] on the ground; on the floor,,general-and-abstract,zh-vocab-adapted,https://raw.githubusercontent.com/drkameleon/complete-hsk-vocabulary/7ac65bf1a6387d35f1ade478906172a19311c7f9/complete.json#/1741,2021-standard-derived upstream new-1; not 2025 exam
zh-hsk1-00070,地图,dì tú,[dì tú] map,,general-and-abstract,zh-vocab-adapted,https://raw.githubusercontent.com/drkameleon/complete-hsk-vocabulary/7ac65bf1a6387d35f1ade478906172a19311c7f9/complete.json#/1746,2021-standard-derived upstream new-1; not 2025 exam
zh-hsk1-00071,的,de / dī / dí / dì,[de] of; ~'s (possessive particle); (used after an attribute); (used to form a nominal expression); (used at the end of a declarative sentence for emphasis); also pr. or in poetry and songs / [dī] a taxi; a cab / [dí] really and truly / [dì] (bound form) bull's-eye; target,,health-and-body,zh-vocab-adapted,https://raw.githubusercontent.com/drkameleon/complete-hsk-vocabulary/7ac65bf1a6387d35f1ade478906172a19311c7f9/complete.json#/1757,2021-standard-derived upstream new-1; not 2025 exam
zh-hsk1-00072,得到,dé dào,[dé dào] to get; to obtain; to receive,,general-and-abstract,zh-vocab-adapted,https://raw.githubusercontent.com/drkameleon/complete-hsk-vocabulary/7ac65bf1a6387d35f1ade478906172a19311c7f9/complete.json#/1764,2021-standard-derived upstream new-1; not 2025 exam
zh-hsk1-00073,等,děng,[děng] class; rank; grade; equal to; equal; identical; to wait for; to await; et cetera; and so on; et al. (and other authors); after; as soon as; once,,general-and-abstract,zh-vocab-adapted,https://raw.githubusercontent.com/drkameleon/complete-hsk-vocabulary/7ac65bf1a6387d35f1ade478906172a19311c7f9/complete.json#/1790,2021-standard-derived upstream new-1; not 2025 exam
zh-hsk1-00074,弟,dì,[dì] younger brother; junior male; I (modest word in letter),,people-and-relationships,zh-vocab-adapted,https://raw.githubusercontent.com/drkameleon/complete-hsk-vocabulary/7ac65bf1a6387d35f1ade478906172a19311c7f9/complete.json#/1829,2021-standard-derived upstream new-1; not 2025 exam
zh-hsk1-00075,弟弟,dì di,[dì di] younger brother,,people-and-relationships,zh-vocab-adapted,https://raw.githubusercontent.com/drkameleon/complete-hsk-vocabulary/7ac65bf1a6387d35f1ade478906172a19311c7f9/complete.json#/1830,2021-standard-derived upstream new-1; not 2025 exam
zh-hsk1-00076,第,dì,[dì] (literary) grades in which successful candidates in the imperial examinations were placed; (old) residence of a high official; (literary) but; however; (literary) only; just,,general-and-abstract,zh-vocab-adapted,https://raw.githubusercontent.com/drkameleon/complete-hsk-vocabulary/7ac65bf1a6387d35f1ade478906172a19311c7f9/complete.json#/1838,2021-standard-derived upstream new-1; not 2025 exam
zh-hsk1-00077,第二,dì èr,[dì èr] second; number two; next; secondary,,time-and-quantity,zh-vocab-adapted,https://raw.githubusercontent.com/drkameleon/complete-hsk-vocabulary/7ac65bf1a6387d35f1ade478906172a19311c7f9/complete.json#/1839,2021-standard-derived upstream new-1; not 2025 exam
zh-hsk1-00078,点,diǎn,[diǎn] point; dot; drop; speck; o'clock; point (in space or time); to draw a dot; to check on a list; to choose; to order (food in a restaurant); to touch briefly; to hint; to light; to ignite; to pour a liquid drop by drop; (old) one fifth of a two-hour watch; dot stroke in Chinese characters; classifier for items,,food-and-shopping;time-and-quantity,zh-vocab-adapted,https://raw.githubusercontent.com/drkameleon/complete-hsk-vocabulary/7ac65bf1a6387d35f1ade478906172a19311c7f9/complete.json#/1850,2021-standard-derived upstream new-1; not 2025 exam
zh-hsk1-00079,电,diàn,[diàn] lightning; electricity; electric (bound form); to get (or give) an electric shock; phone call or telegram etc; to send via telephone or telegram etc,,nature-and-technology,zh-vocab-adapted,https://raw.githubusercontent.com/drkameleon/complete-hsk-vocabulary/7ac65bf1a6387d35f1ade478906172a19311c7f9/complete.json#/1860,2021-standard-derived upstream new-1; not 2025 exam
zh-hsk1-00080,电话,diàn huà,[diàn huà] telephone; phone call; phone number,,time-and-quantity,zh-vocab-adapted,https://raw.githubusercontent.com/drkameleon/complete-hsk-vocabulary/7ac65bf1a6387d35f1ade478906172a19311c7f9/complete.json#/1868,2021-standard-derived upstream new-1; not 2025 exam
zh-hsk1-00081,电脑,diàn nǎo,[diàn nǎo] computer,,nature-and-technology,zh-vocab-adapted,https://raw.githubusercontent.com/drkameleon/complete-hsk-vocabulary/7ac65bf1a6387d35f1ade478906172a19311c7f9/complete.json#/1871,2021-standard-derived upstream new-1; not 2025 exam
zh-hsk1-00082,电视,diàn shì,[diàn shì] television; TV,,general-and-abstract,zh-vocab-adapted,https://raw.githubusercontent.com/drkameleon/complete-hsk-vocabulary/7ac65bf1a6387d35f1ade478906172a19311c7f9/complete.json#/1873,2021-standard-derived upstream new-1; not 2025 exam
zh-hsk1-00083,电视机,diàn shì jī,[diàn shì jī] television set,,general-and-abstract,zh-vocab-adapted,https://raw.githubusercontent.com/drkameleon/complete-hsk-vocabulary/7ac65bf1a6387d35f1ade478906172a19311c7f9/complete.json#/1874,2021-standard-derived upstream new-1; not 2025 exam
zh-hsk1-00084,电影,diàn yǐng,[diàn yǐng] movie; film,,general-and-abstract,zh-vocab-adapted,https://raw.githubusercontent.com/drkameleon/complete-hsk-vocabulary/7ac65bf1a6387d35f1ade478906172a19311c7f9/complete.json#/1883,2021-standard-derived upstream new-1; not 2025 exam
zh-hsk1-00085,电影院,diàn yǐng yuàn,[diàn yǐng yuàn] cinema; movie theater,,general-and-abstract,zh-vocab-adapted,https://raw.githubusercontent.com/drkameleon/complete-hsk-vocabulary/7ac65bf1a6387d35f1ade478906172a19311c7f9/complete.json#/1884,2021-standard-derived upstream new-1; not 2025 exam
zh-hsk1-00086,东,Dōng / dōng,[Dōng] surname Dong / [dōng] east; host (i.e. sitting on east side of guest); landlord,,general-and-abstract,zh-vocab-adapted,https://raw.githubusercontent.com/drkameleon/complete-hsk-vocabulary/7ac65bf1a6387d35f1ade478906172a19311c7f9/complete.json#/1962,2021-standard-derived upstream new-1; not 2025 exam
zh-hsk1-00087,东边,dōng bian,[dōng bian] east; east side; eastern part; to the east of,,general-and-abstract,zh-vocab-adapted,https://raw.githubusercontent.com/drkameleon/complete-hsk-vocabulary/7ac65bf1a6387d35f1ade478906172a19311c7f9/complete.json#/1965,2021-standard-derived upstream new-1; not 2025 exam
zh-hsk1-00088,东西,dōng xī / dōng xi,[dōng xī] east and west / [dōng xi] thing; stuff; person,,general-and-abstract,zh-vocab-adapted,https://raw.githubusercontent.com/drkameleon/complete-hsk-vocabulary/7ac65bf1a6387d35f1ade478906172a19311c7f9/complete.json#/1970,2021-standard-derived upstream new-1; not 2025 exam
zh-hsk1-00089,动,dòng,[dòng] (of sth) to move; to set in movement; to displace; to touch; to make use of; to stir (emotions); to alter; verb,,general-and-abstract,zh-vocab-adapted,https://raw.githubusercontent.com/drkameleon/complete-hsk-vocabulary/7ac65bf1a6387d35f1ade478906172a19311c7f9/complete.json#/1981,2021-standard-derived upstream new-1; not 2025 exam
zh-hsk1-00090,动作,dòng zuò,[dòng zuò] movement; motion; action; to act; to move,,general-and-abstract,zh-vocab-adapted,https://raw.githubusercontent.com/drkameleon/complete-hsk-vocabulary/7ac65bf1a6387d35f1ade478906172a19311c7f9/complete.json#/2004,2021-standard-derived upstream new-1; not 2025 exam
zh-hsk1-00091,都,Dū / dōu / dū,[Dū] surname Du / [dōu] all; both; entirely; (used for emphasis) even; already; (not) at all / [dū] capital city; metropolis,,travel-and-places,zh-vocab-adapted,https://raw.githubusercontent.com/drkameleon/complete-hsk-vocabulary/7ac65bf1a6387d35f1ade478906172a19311c7f9/complete.json#/2011,2021-standard-derived upstream new-1; not 2025 exam
zh-hsk1-00092,读,dòu / dú,[dòu] comma; phrase marked by pause / [dú] to read out; to read aloud; to read; to attend (school); to study (a subject in school); to pronounce,,study-and-work,zh-vocab-adapted,https://raw.githubusercontent.com/drkameleon/complete-hsk-vocabulary/7ac65bf1a6387d35f1ade478906172a19311c7f9/complete.json#/2041,2021-standard-derived upstream new-1; not 2025 exam
zh-hsk1-00093,读书,dú shū,[dú shū] to read a book; to study; to attend school,,study-and-work,zh-vocab-adapted,https://raw.githubusercontent.com/drkameleon/complete-hsk-vocabulary/7ac65bf1a6387d35f1ade478906172a19311c7f9/complete.json#/2042,2021-standard-derived upstream new-1; not 2025 exam
zh-hsk1-00094,对,duì,[duì] right; correct; towards; at; for; concerning; regarding; to treat (sb a certain way); to face; (bound form) opposite; facing; matching; to match together; to adjust; to fit; to suit; to answer; to reply; to add; to pour in (a fluid); to check; to compare; classifier: couple; pair,,general-and-abstract,zh-vocab-adapted,https://raw.githubusercontent.com/drkameleon/complete-hsk-vocabulary/7ac65bf1a6387d35f1ade478906172a19311c7f9/complete.json#/2086,2021-standard-derived upstream new-1; not 2025 exam
zh-hsk1-00095,对不起,duì bu qǐ,[duì bu qǐ] I'm sorry; excuse me; I beg your pardon; to let (sb) down; to disappoint,,general-and-abstract,zh-vocab-adapted,https://raw.githubusercontent.com/drkameleon/complete-hsk-vocabulary/7ac65bf1a6387d35f1ade478906172a19311c7f9/complete.json#/2089,2021-standard-derived upstream new-1; not 2025 exam
zh-hsk1-00096,多,duō,[duō] many; much; too many; in excess; (after a numeral) ... odd; how (to what extent) (Taiwan pr. ); (bound form) multi-; poly-,,general-and-abstract,zh-vocab-adapted,https://raw.githubusercontent.com/drkameleon/complete-hsk-vocabulary/7ac65bf1a6387d35f1ade478906172a19311c7f9/complete.json#/2119,2021-standard-derived upstream new-1; not 2025 exam
zh-hsk1-00097,多少,duō shǎo / duō shao,"[duō shǎo] number; amount; somewhat / [duō shao] how much?; how many?; (phone number, student ID etc) what number?",,time-and-quantity;study-and-work,zh-vocab-adapted,https://raw.githubusercontent.com/drkameleon/complete-hsk-vocabulary/7ac65bf1a6387d35f1ade478906172a19311c7f9/complete.json#/2132,2021-standard-derived upstream new-1; not 2025 exam
zh-hsk1-00098,饿,è,[è] to be hungry; hungry; to starve (sb),,general-and-abstract,zh-vocab-adapted,https://raw.githubusercontent.com/drkameleon/complete-hsk-vocabulary/7ac65bf1a6387d35f1ade478906172a19311c7f9/complete.json#/2163,2021-standard-derived upstream new-1; not 2025 exam
zh-hsk1-00099,儿子,ér zi,[ér zi] son,,general-and-abstract,zh-vocab-adapted,https://raw.githubusercontent.com/drkameleon/complete-hsk-vocabulary/7ac65bf1a6387d35f1ade478906172a19311c7f9/complete.json#/2177,2021-standard-derived upstream new-1; not 2025 exam
zh-hsk1-00100,二,èr,[èr] two; (Beijing dialect) stupid,,general-and-abstract,zh-vocab-adapted,https://raw.githubusercontent.com/drkameleon/complete-hsk-vocabulary/7ac65bf1a6387d35f1ade478906172a19311c7f9/complete.json#/2189,2021-standard-derived upstream new-1; not 2025 exam
zh-hsk1-00101,饭,fàn,[fàn] cooked rice; meal; (loanword) fan; devotee,,food-and-shopping,zh-vocab-adapted,https://raw.githubusercontent.com/drkameleon/complete-hsk-vocabulary/7ac65bf1a6387d35f1ade478906172a19311c7f9/complete.json#/2307,2021-standard-derived upstream new-1; not 2025 exam
zh-hsk1-00102,饭店,fàn diàn,[fàn diàn] restaurant; hotel,,food-and-shopping;travel-and-places,zh-vocab-adapted,https://raw.githubusercontent.com/drkameleon/complete-hsk-vocabulary/7ac65bf1a6387d35f1ade478906172a19311c7f9/complete.json#/2308,2021-standard-derived upstream new-1; not 2025 exam
zh-hsk1-00103,房间,fáng jiān,[fáng jiān] room,,general-and-abstract,zh-vocab-adapted,https://raw.githubusercontent.com/drkameleon/complete-hsk-vocabulary/7ac65bf1a6387d35f1ade478906172a19311c7f9/complete.json#/2345,2021-standard-derived upstream new-1; not 2025 exam
zh-hsk1-00104,房子,fáng zi,[fáng zi] house; building (single- or two-story); apartment; room,,general-and-abstract,zh-vocab-adapted,https://raw.githubusercontent.com/drkameleon/complete-hsk-vocabulary/7ac65bf1a6387d35f1ade478906172a19311c7f9/complete.json#/2347,2021-standard-derived upstream new-1; not 2025 exam
zh-hsk1-00105,放,fàng,[fàng] to put; to place; to release; to free; to let go; to let out; to set off (fireworks),,general-and-abstract,zh-vocab-adapted,https://raw.githubusercontent.com/drkameleon/complete-hsk-vocabulary/7ac65bf1a6387d35f1ade478906172a19311c7f9/complete.json#/2355,2021-standard-derived upstream new-1; not 2025 exam
zh-hsk1-00106,放假,fàng jià,[fàng jià] to have a holiday or vacation,,general-and-abstract,zh-vocab-adapted,https://raw.githubusercontent.com/drkameleon/complete-hsk-vocabulary/7ac65bf1a6387d35f1ade478906172a19311c7f9/complete.json#/2359,2021-standard-derived upstream new-1; not 2025 exam
zh-hsk1-00107,放学,fàng xué,[fàng xué] to dismiss students at the end of the school day,,time-and-quantity;study-and-work,zh-vocab-adapted,https://raw.githubusercontent.com/drkameleon/complete-hsk-vocabulary/7ac65bf1a6387d35f1ade478906172a19311c7f9/complete.json#/2369,2021-standard-derived upstream new-1; not 2025 exam
zh-hsk1-00108,飞,fēi,[fēi] to fly,,general-and-abstract,zh-vocab-adapted,https://raw.githubusercontent.com/drkameleon/complete-hsk-vocabulary/7ac65bf1a6387d35f1ade478906172a19311c7f9/complete.json#/2373,2021-standard-derived upstream new-1; not 2025 exam
zh-hsk1-00109,飞机,fēi jī,[fēi jī] airplane,,general-and-abstract,zh-vocab-adapted,https://raw.githubusercontent.com/drkameleon/complete-hsk-vocabulary/7ac65bf1a6387d35f1ade478906172a19311c7f9/complete.json#/2375,2021-standard-derived upstream new-1; not 2025 exam
zh-hsk1-00110,非常,fēi cháng,[fēi cháng] very; really; unusual; extraordinary,,general-and-abstract,zh-vocab-adapted,https://raw.githubusercontent.com/drkameleon/complete-hsk-vocabulary/7ac65bf1a6387d35f1ade478906172a19311c7f9/complete.json#/2384,2021-standard-derived upstream new-1; not 2025 exam
zh-hsk1-00111,分,fēn / fèn,[fēn] to divide; to separate; to distribute; to allocate; to distinguish (good and bad); (bound form) branch of (an organization); sub-; fraction; one tenth (of certain units); unit of length equivalent to 0.33 cm; minute (unit of time); minute (angular measurement unit); a point (in sports or games); 0.01 yuan (unit of money) / [fèn] part; share; ingredient; component,,time-and-quantity,zh-vocab-adapted,https://raw.githubusercontent.com/drkameleon/complete-hsk-vocabulary/7ac65bf1a6387d35f1ade478906172a19311c7f9/complete.json#/2410,2021-standard-derived upstream new-1; not 2025 exam
zh-hsk1-00112,风,fēng,[fēng] wind; news; style; custom; manner,,nature-and-technology,zh-vocab-adapted,https://raw.githubusercontent.com/drkameleon/complete-hsk-vocabulary/7ac65bf1a6387d35f1ade478906172a19311c7f9/complete.json#/2470,2021-standard-derived upstream new-1; not 2025 exam
zh-hsk1-00113,干,Gān / gān / gàn,[Gān] surname Gan / [gān] dry; dried food; empty; hollow; taken in to nominal kinship; adoptive; foster; futile; in vain; (dialect) rude; blunt; (dialect) to cold-shoulder / [gān] (bound form) to have to do with; to concern oneself with; one of the ten heavenly stems; (archaic) shield / [gàn] tree trunk; main part of sth; to manage; to work; to do; capable; cadre; to kill (slang); to fuck (vulgar); (coll.) pissed off; annoyed,,food-and-shopping;study-and-work,zh-vocab-adapted,https://raw.githubusercontent.com/drkameleon/complete-hsk-vocabulary/7ac65bf1a6387d35f1ade478906172a19311c7f9/complete.json#/2681,2021-standard-derived upstream new-1; not 2025 exam
zh-hsk1-00114,干净,gān jìng,[gān jìng] clean; neat,,general-and-abstract,zh-vocab-adapted,https://raw.githubusercontent.com/drkameleon/complete-hsk-vocabulary/7ac65bf1a6387d35f1ade478906172a19311c7f9/complete.json#/2689,2021-standard-derived upstream new-1; not 2025 exam
zh-hsk1-00115,干什么,gàn shén me,[gàn shén me] what are you doing?; what's he up to?,,general-and-abstract,zh-vocab-adapted,https://raw.githubusercontent.com/drkameleon/complete-hsk-vocabulary/7ac65bf1a6387d35f1ade478906172a19311c7f9/complete.json#/2693,2021-standard-derived upstream new-1; not 2025 exam
zh-hsk1-00116,高,Gāo / gāo,[Gāo] surname Gao / [gāo] high; tall; above average; loud; your (honorific),,general-and-abstract,zh-vocab-adapted,https://raw.githubusercontent.com/drkameleon/complete-hsk-vocabulary/7ac65bf1a6387d35f1ade478906172a19311c7f9/complete.json#/2715,2021-standard-derived upstream new-1; not 2025 exam
zh-hsk1-00117,高兴,gāo xìng,[gāo xìng] happy; glad; willing (to do sth); in a cheerful mood,,general-and-abstract,zh-vocab-adapted,https://raw.githubusercontent.com/drkameleon/complete-hsk-vocabulary/7ac65bf1a6387d35f1ade478906172a19311c7f9/complete.json#/2749,2021-standard-derived upstream new-1; not 2025 exam
zh-hsk1-00118,告诉,gào sù / gào su,[gào sù] to press charges; to file a complaint / [gào su] to tell; to inform; to let know,,general-and-abstract,zh-vocab-adapted,https://raw.githubusercontent.com/drkameleon/complete-hsk-vocabulary/7ac65bf1a6387d35f1ade478906172a19311c7f9/complete.json#/2768,2021-standard-derived upstream new-1; not 2025 exam
zh-hsk1-00119,哥,gē,[gē] elder brother,,people-and-relationships,zh-vocab-adapted,https://raw.githubusercontent.com/drkameleon/complete-hsk-vocabulary/7ac65bf1a6387d35f1ade478906172a19311c7f9/complete.json#/2773,2021-standard-derived upstream new-1; not 2025 exam
zh-hsk1-00120,哥哥,gē ge,[gē ge] older brother,,people-and-relationships,zh-vocab-adapted,https://raw.githubusercontent.com/drkameleon/complete-hsk-vocabulary/7ac65bf1a6387d35f1ade478906172a19311c7f9/complete.json#/2774,2021-standard-derived upstream new-1; not 2025 exam
zh-hsk1-00121,歌,gē,[gē] song; to sing,,general-and-abstract,zh-vocab-adapted,https://raw.githubusercontent.com/drkameleon/complete-hsk-vocabulary/7ac65bf1a6387d35f1ade478906172a19311c7f9/complete.json#/2781,2021-standard-derived upstream new-1; not 2025 exam
zh-hsk1-00122,个,gè,[gè] (classifier used before a noun that has no specific classifier); (bound form) individual,,general-and-abstract,zh-vocab-adapted,https://raw.githubusercontent.com/drkameleon/complete-hsk-vocabulary/7ac65bf1a6387d35f1ade478906172a19311c7f9/complete.json#/2805,2021-standard-derived upstream new-1; not 2025 exam
zh-hsk1-00123,给,gěi / jǐ,[gěi] to; for; for the benefit of; to give; to allow; to do sth (for sb); (sentence intensifier) / [jǐ] to supply; to provide,,general-and-abstract,zh-vocab-adapted,https://raw.githubusercontent.com/drkameleon/complete-hsk-vocabulary/7ac65bf1a6387d35f1ade478906172a19311c7f9/complete.json#/2823,2021-standard-derived upstream new-1; not 2025 exam
zh-hsk1-00124,跟,gēn,[gēn] heel; to follow closely; to go with; (of a woman) to marry sb; with; compared with; to; towards; and (joining two nouns),,people-and-relationships,zh-vocab-adapted,https://raw.githubusercontent.com/drkameleon/complete-hsk-vocabulary/7ac65bf1a6387d35f1ade478906172a19311c7f9/complete.json#/2832,2021-standard-derived upstream new-1; not 2025 exam
zh-hsk1-00125,工人,gōng rén,[gōng rén] worker,,general-and-abstract,zh-vocab-adapted,https://raw.githubusercontent.com/drkameleon/complete-hsk-vocabulary/7ac65bf1a6387d35f1ade478906172a19311c7f9/complete.json#/2856,2021-standard-derived upstream new-1; not 2025 exam
zh-hsk1-00126,工作,gōng zuò,[gōng zuò] to work; (of a machine) to operate; job; work; task,,study-and-work,zh-vocab-adapted,https://raw.githubusercontent.com/drkameleon/complete-hsk-vocabulary/7ac65bf1a6387d35f1ade478906172a19311c7f9/complete.json#/2865,2021-standard-derived upstream new-1; not 2025 exam
zh-hsk1-00127,关,Guān / guān,"[Guān] surname Guan / [guān] mountain pass; to close; to shut; to turn off; to confine; to lock (sb) up; to shut (sb in a room, a bird in a cage etc); to concern; to involve",,travel-and-places,zh-vocab-adapted,https://raw.githubusercontent.com/drkameleon/complete-hsk-vocabulary/7ac65bf1a6387d35f1ade478906172a19311c7f9/complete.json#/3057,2021-standard-derived upstream new-1; not 2025 exam
zh-hsk1-00128,关上,guān shàng,"[guān shàng] to close (a door); to turn off (light, electrical equipment etc)",,general-and-abstract,zh-vocab-adapted,https://raw.githubusercontent.com/drkameleon/complete-hsk-vocabulary/7ac65bf1a6387d35f1ade478906172a19311c7f9/complete.json#/3066,2021-standard-derived upstream new-1; not 2025 exam
zh-hsk1-00129,贵,guì,[guì] expensive; noble; precious; (honorific) your,,general-and-abstract,zh-vocab-adapted,https://raw.githubusercontent.com/drkameleon/complete-hsk-vocabulary/7ac65bf1a6387d35f1ade478906172a19311c7f9/complete.json#/3165,2021-standard-derived upstream new-1; not 2025 exam
zh-hsk1-00130,国,Guó / guó,[Guó] surname Guo / [guó] country; nation; state; (bound form) national,,travel-and-places,zh-vocab-adapted,https://raw.githubusercontent.com/drkameleon/complete-hsk-vocabulary/7ac65bf1a6387d35f1ade478906172a19311c7f9/complete.json#/3177,2021-standard-derived upstream new-1; not 2025 exam
zh-hsk1-00131,国家,guó jiā,[guó jiā] country; nation; state,,travel-and-places,zh-vocab-adapted,https://raw.githubusercontent.com/drkameleon/complete-hsk-vocabulary/7ac65bf1a6387d35f1ade478906172a19311c7f9/complete.json#/3187,2021-standard-derived upstream new-1; not 2025 exam
zh-hsk1-00132,国外,guó wài,[guó wài] abroad; external (affairs); overseas; foreign,,general-and-abstract,zh-vocab-adapted,https://raw.githubusercontent.com/drkameleon/complete-hsk-vocabulary/7ac65bf1a6387d35f1ade478906172a19311c7f9/complete.json#/3195,2021-standard-derived upstream new-1; not 2025 exam
zh-hsk1-00133,过,Guō / guò / guo,[Guō] surname Guo / [guò] to cross; to go over; to pass (time); to celebrate (a holiday); to live; to get along; excessively; too- / [guo] (experienced action marker),,time-and-quantity,zh-vocab-adapted,https://raw.githubusercontent.com/drkameleon/complete-hsk-vocabulary/7ac65bf1a6387d35f1ade478906172a19311c7f9/complete.json#/3209,2021-standard-derived upstream new-1; not 2025 exam
zh-hsk1-00134,还,Huán / hái / huán,[Huán] surname Huan / [hái] still; still in progress; still more; yet; even more; in addition; fairly; passably (good); as early as; even; also; else / [huán] to pay back; to return,,general-and-abstract,zh-vocab-adapted,https://raw.githubusercontent.com/drkameleon/complete-hsk-vocabulary/7ac65bf1a6387d35f1ade478906172a19311c7f9/complete.json#/3246,2021-standard-derived upstream new-1; not 2025 exam
zh-hsk1-00135,还是,hái shi,[hái shi] still (as before); had better; unexpectedly; or,,general-and-abstract,zh-vocab-adapted,https://raw.githubusercontent.com/drkameleon/complete-hsk-vocabulary/7ac65bf1a6387d35f1ade478906172a19311c7f9/complete.json#/3248,2021-standard-derived upstream new-1; not 2025 exam
zh-hsk1-00136,还有,hái yǒu,[hái yǒu] furthermore; in addition; still; also,,general-and-abstract,zh-vocab-adapted,https://raw.githubusercontent.com/drkameleon/complete-hsk-vocabulary/7ac65bf1a6387d35f1ade478906172a19311c7f9/complete.json#/3249,2021-standard-derived upstream new-1; not 2025 exam
zh-hsk1-00137,孩子,hái zi,[hái zi] child,,people-and-relationships,zh-vocab-adapted,https://raw.githubusercontent.com/drkameleon/complete-hsk-vocabulary/7ac65bf1a6387d35f1ade478906172a19311c7f9/complete.json#/3251,2021-standard-derived upstream new-1; not 2025 exam
zh-hsk1-00138,汉语,Hàn yǔ,[Hàn yǔ] Chinese language,,thought-and-communication,zh-vocab-adapted,https://raw.githubusercontent.com/drkameleon/complete-hsk-vocabulary/7ac65bf1a6387d35f1ade478906172a19311c7f9/complete.json#/3300,2021-standard-derived upstream new-1; not 2025 exam
zh-hsk1-00139,汉字,hàn zì,[hàn zì] Chinese character; Japanese: kanji; Korean: hanja; Vietnamese: hán tự,,general-and-abstract,zh-vocab-adapted,https://raw.githubusercontent.com/drkameleon/complete-hsk-vocabulary/7ac65bf1a6387d35f1ade478906172a19311c7f9/complete.json#/3301,2021-standard-derived upstream new-1; not 2025 exam
zh-hsk1-00140,好,hǎo / hào,[hǎo] good; appropriate; proper; all right!; (before a verb) easy to; (before a verb) good to; (before an adjective for exclamatory effect) so; (verb complement indicating completion); (of two people) close; on intimate terms; (after a personal pronoun) hello / [hào] to be fond of; to have a tendency to; to be prone to,,general-and-abstract,zh-vocab-adapted,https://raw.githubusercontent.com/drkameleon/complete-hsk-vocabulary/7ac65bf1a6387d35f1ade478906172a19311c7f9/complete.json#/3322,2021-standard-derived upstream new-1; not 2025 exam
zh-hsk1-00141,好吃,hǎo chī / hào chī,[hǎo chī] tasty; delicious / [hào chī] to be fond of eating; to be gluttonous,,general-and-abstract,zh-vocab-adapted,https://raw.githubusercontent.com/drkameleon/complete-hsk-vocabulary/7ac65bf1a6387d35f1ade478906172a19311c7f9/complete.json#/3325,2021-standard-derived upstream new-1; not 2025 exam
zh-hsk1-00142,好看,hǎo kàn,"[hǎo kàn] good-looking; nice-looking; good (of a movie, book, TV show etc); embarrassed; humiliated",,study-and-work,zh-vocab-adapted,https://raw.githubusercontent.com/drkameleon/complete-hsk-vocabulary/7ac65bf1a6387d35f1ade478906172a19311c7f9/complete.json#/3334,2021-standard-derived upstream new-1; not 2025 exam
zh-hsk1-00143,好听,hǎo tīng,[hǎo tīng] pleasant to hear,,general-and-abstract,zh-vocab-adapted,https://raw.githubusercontent.com/drkameleon/complete-hsk-vocabulary/7ac65bf1a6387d35f1ade478906172a19311c7f9/complete.json#/3344,2021-standard-derived upstream new-1; not 2025 exam
zh-hsk1-00144,好玩儿,hǎo wán r,[hǎo wán r] amusing; fun; interesting,,general-and-abstract,zh-vocab-adapted,https://raw.githubusercontent.com/drkameleon/complete-hsk-vocabulary/7ac65bf1a6387d35f1ade478906172a19311c7f9/complete.json#/3345,2021-standard-derived upstream new-1; not 2025 exam
zh-hsk1-00145,号,háo / hào,[háo] roar; cry / [hào] ordinal number; day of a month; mark; sign; business establishment; size; ship suffix; horn (wind instrument); bugle call; assumed name; to take a pulse; classifier used to indicate number of people,,time-and-quantity;nature-and-technology,zh-vocab-adapted,https://raw.githubusercontent.com/drkameleon/complete-hsk-vocabulary/7ac65bf1a6387d35f1ade478906172a19311c7f9/complete.json#/3356,2021-standard-derived upstream new-1; not 2025 exam
zh-hsk1-00146,喝,hē / hè,[hē] to drink / [hè] to shout,,food-and-shopping,zh-vocab-adapted,https://raw.githubusercontent.com/drkameleon/complete-hsk-vocabulary/7ac65bf1a6387d35f1ade478906172a19311c7f9/complete.json#/3364,2021-standard-derived upstream new-1; not 2025 exam
zh-hsk1-00147,和,Hé / hé / hè / hú / huó / huò,"[Hé] surname He / [hé] (joining two nouns) and; together with; with (Taiwan pr. ); (math.) sum; to make peace; (sports) to draw; to tie; (bound form) harmonious; (bound form) Japan; Japanese / [hè] to compose a poem in reply (to sb's poem) using the same rhyme sequence; to join in the singing; to chime in with others / [hú] to complete a set in mahjong or playing cards / [huó] to combine a powdery substance (flour, plaster etc) with water; Taiwan pr. / [huò] to mix (ingredients) together; to blend; classifier for rinses of clothes; classifier for boilings of medicinal herbs / [hé] harmonious",,general-and-abstract,zh-vocab-adapted,https://raw.githubusercontent.com/drkameleon/complete-hsk-vocabulary/7ac65bf1a6387d35f1ade478906172a19311c7f9/complete.json#/3392,2021-standard-derived upstream new-1; not 2025 exam
zh-hsk1-00148,很,hěn,[hěn] (adverb of degree); quite; very; awfully,,general-and-abstract,zh-vocab-adapted,https://raw.githubusercontent.com/drkameleon/complete-hsk-vocabulary/7ac65bf1a6387d35f1ade478906172a19311c7f9/complete.json#/3433,2021-standard-derived upstream new-1; not 2025 exam
zh-hsk1-00149,后,Hòu / hòu,[Hòu] surname Hou / [hòu] empress; queen; (archaic) monarch; ruler / [hòu] back; behind; rear; afterwards; after; later; post-,,general-and-abstract,zh-vocab-adapted,https://raw.githubusercontent.com/drkameleon/complete-hsk-vocabulary/7ac65bf1a6387d35f1ade478906172a19311c7f9/complete.json#/3473,2021-standard-derived upstream new-1; not 2025 exam
zh-hsk1-00150,后边,hòu bian,[hòu bian] the back; the rear; the last bit; behind; near the end; at the back; later; afterwards,,general-and-abstract,zh-vocab-adapted,https://raw.githubusercontent.com/drkameleon/complete-hsk-vocabulary/7ac65bf1a6387d35f1ade478906172a19311c7f9/complete.json#/3476,2021-standard-derived upstream new-1; not 2025 exam
zh-hsk1-00151,后天,hòu tiān,[hòu tiān] the day after tomorrow; life after birth; acquired (not innate or congenital); a posteriori,,time-and-quantity,zh-vocab-adapted,https://raw.githubusercontent.com/drkameleon/complete-hsk-vocabulary/7ac65bf1a6387d35f1ade478906172a19311c7f9/complete.json#/3489,2021-standard-derived upstream new-1; not 2025 exam
zh-hsk1-00152,花,Huā / huā,"[Huā] surname Hua / [huā] flower; blossom; fancy pattern; florid; to spend (money, time); (coll.) lecherous; lustful / [huā] flower; blossom; also pr.",,time-and-quantity,zh-vocab-adapted,https://raw.githubusercontent.com/drkameleon/complete-hsk-vocabulary/7ac65bf1a6387d35f1ade478906172a19311c7f9/complete.json#/3542,2021-standard-derived upstream new-1; not 2025 exam
zh-hsk1-00153,话,huà,[huà] dialect; language; spoken words; speech; talk; words; conversation; what sb said,,thought-and-communication,zh-vocab-adapted,https://raw.githubusercontent.com/drkameleon/complete-hsk-vocabulary/7ac65bf1a6387d35f1ade478906172a19311c7f9/complete.json#/3586,2021-standard-derived upstream new-1; not 2025 exam
zh-hsk1-00154,坏,huài,[huài] bad; spoiled; broken; to break down; (suffix) to the utmost,,general-and-abstract,zh-vocab-adapted,https://raw.githubusercontent.com/drkameleon/complete-hsk-vocabulary/7ac65bf1a6387d35f1ade478906172a19311c7f9/complete.json#/3600,2021-standard-derived upstream new-1; not 2025 exam
zh-hsk1-00155,回,huí,[huí] to circle; to go back; to turn around; to answer; to return; to revolve; Hui ethnic group (Chinese Muslims); time; classifier for acts of a play; section or chapter (of a classic book) / [huí] to curve; to return; to revolve,,time-and-quantity;study-and-work,zh-vocab-adapted,https://raw.githubusercontent.com/drkameleon/complete-hsk-vocabulary/7ac65bf1a6387d35f1ade478906172a19311c7f9/complete.json#/3667,2021-standard-derived upstream new-1; not 2025 exam
zh-hsk1-00156,回答,huí dá,[huí dá] to reply; to answer; reply; answer,,general-and-abstract,zh-vocab-adapted,https://raw.githubusercontent.com/drkameleon/complete-hsk-vocabulary/7ac65bf1a6387d35f1ade478906172a19311c7f9/complete.json#/3670,2021-standard-derived upstream new-1; not 2025 exam
zh-hsk1-00157,回到,huí dào,[huí dào] to return to,,general-and-abstract,zh-vocab-adapted,https://raw.githubusercontent.com/drkameleon/complete-hsk-vocabulary/7ac65bf1a6387d35f1ade478906172a19311c7f9/complete.json#/3671,2021-standard-derived upstream new-1; not 2025 exam
zh-hsk1-00158,回家,huí jiā,[huí jiā] to return home,,general-and-abstract,zh-vocab-adapted,https://raw.githubusercontent.com/drkameleon/complete-hsk-vocabulary/7ac65bf1a6387d35f1ade478906172a19311c7f9/complete.json#/3676,2021-standard-derived upstream new-1; not 2025 exam
zh-hsk1-00159,回来,huí lai,[huí lai] to return; to come back,,general-and-abstract,zh-vocab-adapted,https://raw.githubusercontent.com/drkameleon/complete-hsk-vocabulary/7ac65bf1a6387d35f1ade478906172a19311c7f9/complete.json#/3679,2021-standard-derived upstream new-1; not 2025 exam
zh-hsk1-00160,回去,huí qu,[huí qu] to return; to go back,,general-and-abstract,zh-vocab-adapted,https://raw.githubusercontent.com/drkameleon/complete-hsk-vocabulary/7ac65bf1a6387d35f1ade478906172a19311c7f9/complete.json#/3681,2021-standard-derived upstream new-1; not 2025 exam
zh-hsk1-00161,会,huì / kuài,[huì] can; to have the skill; to know how to; to be likely to; to be sure to; to meet; to get together; meeting; gathering; (suffix) union; group; association; (bound form) a moment (Taiwan pr. ) / [kuài] to balance an account; accounting; accountant,,general-and-abstract,zh-vocab-adapted,https://raw.githubusercontent.com/drkameleon/complete-hsk-vocabulary/7ac65bf1a6387d35f1ade478906172a19311c7f9/complete.json#/3703,2021-standard-derived upstream new-1; not 2025 exam
zh-hsk1-00162,火车,huǒ chē,[huǒ chē] train,,travel-and-places,zh-vocab-adapted,https://raw.githubusercontent.com/drkameleon/complete-hsk-vocabulary/7ac65bf1a6387d35f1ade478906172a19311c7f9/complete.json#/3745,2021-standard-derived upstream new-1; not 2025 exam
zh-hsk1-00163,机场,jī chǎng,[jī chǎng] airport; airfield; (slang) service provider for Shadowsocks or similar software for circumventing Internet censorship,,travel-and-places,zh-vocab-adapted,https://raw.githubusercontent.com/drkameleon/complete-hsk-vocabulary/7ac65bf1a6387d35f1ade478906172a19311c7f9/complete.json#/3784,2021-standard-derived upstream new-1; not 2025 exam
zh-hsk1-00164,机票,jī piào,[jī piào] air ticket; passenger ticket,,general-and-abstract,zh-vocab-adapted,https://raw.githubusercontent.com/drkameleon/complete-hsk-vocabulary/7ac65bf1a6387d35f1ade478906172a19311c7f9/complete.json#/3792,2021-standard-derived upstream new-1; not 2025 exam
zh-hsk1-00165,鸡蛋,jī dàn,[jī dàn] (chicken) egg; hen's egg,,general-and-abstract,zh-vocab-adapted,https://raw.githubusercontent.com/drkameleon/complete-hsk-vocabulary/7ac65bf1a6387d35f1ade478906172a19311c7f9/complete.json#/3802,2021-standard-derived upstream new-1; not 2025 exam
zh-hsk1-00166,几,jī / jǐ,[jī] small table / [jī] almost / [jǐ] how much; how many; several; a few,,general-and-abstract,zh-vocab-adapted,https://raw.githubusercontent.com/drkameleon/complete-hsk-vocabulary/7ac65bf1a6387d35f1ade478906172a19311c7f9/complete.json#/3887,2021-standard-derived upstream new-1; not 2025 exam
zh-hsk1-00167,记,jì,"[jì] to record; to note; to memorize; to remember; mark; sign; classifier for blows, kicks, shots",,general-and-abstract,zh-vocab-adapted,https://raw.githubusercontent.com/drkameleon/complete-hsk-vocabulary/7ac65bf1a6387d35f1ade478906172a19311c7f9/complete.json#/3899,2021-standard-derived upstream new-1; not 2025 exam
zh-hsk1-00168,记得,jì de,[jì de] to remember,,general-and-abstract,zh-vocab-adapted,https://raw.githubusercontent.com/drkameleon/complete-hsk-vocabulary/7ac65bf1a6387d35f1ade478906172a19311c7f9/complete.json#/3900,2021-standard-derived upstream new-1; not 2025 exam
zh-hsk1-00169,记住,jì zhu,[jì zhu] to remember; to bear in mind; to learn by heart,,study-and-work,zh-vocab-adapted,https://raw.githubusercontent.com/drkameleon/complete-hsk-vocabulary/7ac65bf1a6387d35f1ade478906172a19311c7f9/complete.json#/3908,2021-standard-derived upstream new-1; not 2025 exam
zh-hsk1-00170,家,jiā,"[jiā] home; family; (polite) my (sister, uncle etc); classifier for families or businesses; refers to the philosophical schools of pre-Han China; noun suffix for a specialist in some activity, such as a musician or revolutionary, corresponding to English -ist, -er, -ary or -ian",,people-and-relationships,zh-vocab-adapted,https://raw.githubusercontent.com/drkameleon/complete-hsk-vocabulary/7ac65bf1a6387d35f1ade478906172a19311c7f9/complete.json#/3969,2021-standard-derived upstream new-1; not 2025 exam
zh-hsk1-00171,家里,jiā lǐ,[jiā lǐ] home,,general-and-abstract,zh-vocab-adapted,https://raw.githubusercontent.com/drkameleon/complete-hsk-vocabulary/7ac65bf1a6387d35f1ade478906172a19311c7f9/complete.json#/3977,2021-standard-derived upstream new-1; not 2025 exam
zh-hsk1-00172,家人,jiā rén,[jiā rén] family member; (old) servant,,people-and-relationships,zh-vocab-adapted,https://raw.githubusercontent.com/drkameleon/complete-hsk-vocabulary/7ac65bf1a6387d35f1ade478906172a19311c7f9/complete.json#/3979,2021-standard-derived upstream new-1; not 2025 exam
zh-hsk1-00173,间,jiān / jiàn,[jiān] between; among; within a definite time or space; room; section of a room or lateral space between two pairs of pillars; classifier for rooms / [jiàn] gap; to separate; to thin out (seedlings); to sow discontent,,time-and-quantity,zh-vocab-adapted,https://raw.githubusercontent.com/drkameleon/complete-hsk-vocabulary/7ac65bf1a6387d35f1ade478906172a19311c7f9/complete.json#/4034,2021-standard-derived upstream new-1; not 2025 exam
zh-hsk1-00174,见,jiàn / xiàn,[jiàn] to see; to meet; to appear (to be sth); to interview; opinion; view / [xiàn] to appear,,thought-and-communication,zh-vocab-adapted,https://raw.githubusercontent.com/drkameleon/complete-hsk-vocabulary/7ac65bf1a6387d35f1ade478906172a19311c7f9/complete.json#/4094,2021-standard-derived upstream new-1; not 2025 exam
zh-hsk1-00175,见面,jiàn miàn,[jiàn miàn] to meet; to see each other,,general-and-abstract,zh-vocab-adapted,https://raw.githubusercontent.com/drkameleon/complete-hsk-vocabulary/7ac65bf1a6387d35f1ade478906172a19311c7f9/complete.json#/4099,2021-standard-derived upstream new-1; not 2025 exam
zh-hsk1-00176,叫,jiào,[jiào] to shout; to call; to order; to ask; to be called; by (indicates agent in the passive mood),,general-and-abstract,zh-vocab-adapted,https://raw.githubusercontent.com/drkameleon/complete-hsk-vocabulary/7ac65bf1a6387d35f1ade478906172a19311c7f9/complete.json#/4236,2021-standard-derived upstream new-1; not 2025 exam
zh-hsk1-00177,教,Jiào / jiāo / jiào,[Jiào] surname Jiao / [jiāo] to teach / [jiào] religion; teaching; to make; to cause; to tell,,study-and-work,zh-vocab-adapted,https://raw.githubusercontent.com/drkameleon/complete-hsk-vocabulary/7ac65bf1a6387d35f1ade478906172a19311c7f9/complete.json#/4244,2021-standard-derived upstream new-1; not 2025 exam
zh-hsk1-00178,教学楼,jiào xué lóu,[jiào xué lóu] teaching block; school building,,study-and-work,zh-vocab-adapted,https://raw.githubusercontent.com/drkameleon/complete-hsk-vocabulary/7ac65bf1a6387d35f1ade478906172a19311c7f9/complete.json#/4254,2021-standard-derived upstream new-1; not 2025 exam
zh-hsk1-00179,介绍,jiè shào,[jiè shào] to introduce (sb to sb); to give a presentation; to present (sb for a job etc); introduction,,study-and-work,zh-vocab-adapted,https://raw.githubusercontent.com/drkameleon/complete-hsk-vocabulary/7ac65bf1a6387d35f1ade478906172a19311c7f9/complete.json#/4351,2021-standard-derived upstream new-1; not 2025 exam
zh-hsk1-00180,姐,jiě,[jiě] older sister,,people-and-relationships,zh-vocab-adapted,https://raw.githubusercontent.com/drkameleon/complete-hsk-vocabulary/7ac65bf1a6387d35f1ade478906172a19311c7f9/complete.json#/4370,2021-standard-derived upstream new-1; not 2025 exam
zh-hsk1-00181,姐姐,jiě jie,[jiě jie] older sister,,people-and-relationships,zh-vocab-adapted,https://raw.githubusercontent.com/drkameleon/complete-hsk-vocabulary/7ac65bf1a6387d35f1ade478906172a19311c7f9/complete.json#/4371,2021-standard-derived upstream new-1; not 2025 exam
zh-hsk1-00182,今年,jīn nián,[jīn nián] this year,,time-and-quantity,zh-vocab-adapted,https://raw.githubusercontent.com/drkameleon/complete-hsk-vocabulary/7ac65bf1a6387d35f1ade478906172a19311c7f9/complete.json#/4374,2021-standard-derived upstream new-1; not 2025 exam
zh-hsk1-00183,今天,jīn tiān,[jīn tiān] today; at the present; now,,general-and-abstract,zh-vocab-adapted,https://raw.githubusercontent.com/drkameleon/complete-hsk-vocabulary/7ac65bf1a6387d35f1ade478906172a19311c7f9/complete.json#/4376,2021-standard-derived upstream new-1; not 2025 exam
zh-hsk1-00184,进,jìn,[jìn] to go forward; to advance; to go in; to enter; to put in; to submit; to take in; to admit; (math.) base of a number system; classifier for sections in a building or residential compound,,time-and-quantity,zh-vocab-adapted,https://raw.githubusercontent.com/drkameleon/complete-hsk-vocabulary/7ac65bf1a6387d35f1ade478906172a19311c7f9/complete.json#/4422,2021-standard-derived upstream new-1; not 2025 exam
zh-hsk1-00185,进来,jìn lái,[jìn lái] to come in,,general-and-abstract,zh-vocab-adapted,https://raw.githubusercontent.com/drkameleon/complete-hsk-vocabulary/7ac65bf1a6387d35f1ade478906172a19311c7f9/complete.json#/4433,2021-standard-derived upstream new-1; not 2025 exam
zh-hsk1-00186,进去,jìn qù,[jìn qù] to go in,,general-and-abstract,zh-vocab-adapted,https://raw.githubusercontent.com/drkameleon/complete-hsk-vocabulary/7ac65bf1a6387d35f1ade478906172a19311c7f9/complete.json#/4434,2021-standard-derived upstream new-1; not 2025 exam
zh-hsk1-00187,九,jiǔ,[jiǔ] nine,,general-and-abstract,zh-vocab-adapted,https://raw.githubusercontent.com/drkameleon/complete-hsk-vocabulary/7ac65bf1a6387d35f1ade478906172a19311c7f9/complete.json#/4554,2021-standard-derived upstream new-1; not 2025 exam
zh-hsk1-00188,就,jiù,[jiù] (after a suppositional clause) in that case; then; (after a clause of action) as soon as; immediately after; merely; nothing else but; simply; just; precisely; exactly; only; as little as; as much as; as many as; to approach; to move towards; to undertake; to engage in; taking advantage of; (of food) to go with; with regard to; concerning; even if ... still ...; if not ... then must be ...,,food-and-shopping,zh-vocab-adapted,https://raw.githubusercontent.com/drkameleon/complete-hsk-vocabulary/7ac65bf1a6387d35f1ade478906172a19311c7f9/complete.json#/4574,2021-standard-derived upstream new-1; not 2025 exam
zh-hsk1-00189,觉得,jué de,[jué de] to think that ...; to feel that ...; to feel (uncomfortable etc),,thought-and-communication,zh-vocab-adapted,https://raw.githubusercontent.com/drkameleon/complete-hsk-vocabulary/7ac65bf1a6387d35f1ade478906172a19311c7f9/complete.json#/4681,2021-standard-derived upstream new-1; not 2025 exam
zh-hsk1-00190,开,kāi,"[kāi] to open (transitive or intransitive); (of ships, vehicles, troops etc) to start; to turn on; to put in operation; to operate; to run; to boil; to write out (a prescription, check, invoice etc); (directional complement) away; off; carat (gold); book format",,study-and-work,zh-vocab-adapted,https://raw.githubusercontent.com/drkameleon/complete-hsk-vocabulary/7ac65bf1a6387d35f1ade478906172a19311c7f9/complete.json#/4707,2021-standard-derived upstream new-1; not 2025 exam
zh-hsk1-00191,开车,kāi chē,[kāi chē] to drive a car,,general-and-abstract,zh-vocab-adapted,https://raw.githubusercontent.com/drkameleon/complete-hsk-vocabulary/7ac65bf1a6387d35f1ade478906172a19311c7f9/complete.json#/4712,2021-standard-derived upstream new-1; not 2025 exam
zh-hsk1-00192,开会,kāi huì,[kāi huì] to hold a meeting; to attend a meeting,,general-and-abstract,zh-vocab-adapted,https://raw.githubusercontent.com/drkameleon/complete-hsk-vocabulary/7ac65bf1a6387d35f1ade478906172a19311c7f9/complete.json#/4723,2021-standard-derived upstream new-1; not 2025 exam
zh-hsk1-00193,开玩笑,kāi wán xiào,[kāi wán xiào] to play a joke; to make fun of; to joke,,general-and-abstract,zh-vocab-adapted,https://raw.githubusercontent.com/drkameleon/complete-hsk-vocabulary/7ac65bf1a6387d35f1ade478906172a19311c7f9/complete.json#/4742,2021-standard-derived upstream new-1; not 2025 exam
zh-hsk1-00194,看,kān / kàn,[kān] to look after; to take care of; to watch; to guard / [kàn] to see; to look at; to read; to watch; to visit; to call on; to consider; to regard as; to look after; to treat (a patient or illness); to depend on; to feel (that); (after a verb) to give it a try; to watch out for,,health-and-body;thought-and-communication,zh-vocab-adapted,https://raw.githubusercontent.com/drkameleon/complete-hsk-vocabulary/7ac65bf1a6387d35f1ade478906172a19311c7f9/complete.json#/4759,2021-standard-derived upstream new-1; not 2025 exam
zh-hsk1-00195,看病,kàn bìng,[kàn bìng] to visit a doctor; to see a patient,,health-and-body,zh-vocab-adapted,https://raw.githubusercontent.com/drkameleon/complete-hsk-vocabulary/7ac65bf1a6387d35f1ade478906172a19311c7f9/complete.json#/4760,2021-standard-derived upstream new-1; not 2025 exam
zh-hsk1-00196,看到,kàn dào,[kàn dào] to see,,general-and-abstract,zh-vocab-adapted,https://raw.githubusercontent.com/drkameleon/complete-hsk-vocabulary/7ac65bf1a6387d35f1ade478906172a19311c7f9/complete.json#/4765,2021-standard-derived upstream new-1; not 2025 exam
zh-hsk1-00197,看见,kàn jiàn,[kàn jiàn] to see; to catch sight of,,general-and-abstract,zh-vocab-adapted,https://raw.githubusercontent.com/drkameleon/complete-hsk-vocabulary/7ac65bf1a6387d35f1ade478906172a19311c7f9/complete.json#/4773,2021-standard-derived upstream new-1; not 2025 exam
zh-hsk1-00198,考,kǎo,[kǎo] to beat; to hit; to inspect; to test; to take an exam / [kǎo] to check; to verify; to test; to examine; to take an exam; to take an entrance exam for; deceased father,,people-and-relationships,zh-vocab-adapted,https://raw.githubusercontent.com/drkameleon/complete-hsk-vocabulary/7ac65bf1a6387d35f1ade478906172a19311c7f9/complete.json#/4793,2021-standard-derived upstream new-1; not 2025 exam
zh-hsk1-00199,考试,kǎo shì,[kǎo shì] to take an exam; exam,,general-and-abstract,zh-vocab-adapted,https://raw.githubusercontent.com/drkameleon/complete-hsk-vocabulary/7ac65bf1a6387d35f1ade478906172a19311c7f9/complete.json#/4801,2021-standard-derived upstream new-1; not 2025 exam
zh-hsk1-00200,渴,kě,[kě] thirsty,,general-and-abstract,zh-vocab-adapted,https://raw.githubusercontent.com/drkameleon/complete-hsk-vocabulary/7ac65bf1a6387d35f1ade478906172a19311c7f9/complete.json#/4850,2021-standard-derived upstream new-1; not 2025 exam
zh-hsk1-00201,课,kè,[kè] subject; course; class; lesson; to levy; tax; form of divination,,general-and-abstract,zh-vocab-adapted,https://raw.githubusercontent.com/drkameleon/complete-hsk-vocabulary/7ac65bf1a6387d35f1ade478906172a19311c7f9/complete.json#/4871,2021-standard-derived upstream new-1; not 2025 exam
zh-hsk1-00202,课本,kè běn,[kè běn] textbook,,general-and-abstract,zh-vocab-adapted,https://raw.githubusercontent.com/drkameleon/complete-hsk-vocabulary/7ac65bf1a6387d35f1ade478906172a19311c7f9/complete.json#/4872,2021-standard-derived upstream new-1; not 2025 exam
zh-hsk1-00203,课文,kè wén,[kè wén] text,,general-and-abstract,zh-vocab-adapted,https://raw.githubusercontent.com/drkameleon/complete-hsk-vocabulary/7ac65bf1a6387d35f1ade478906172a19311c7f9/complete.json#/4876,2021-standard-derived upstream new-1; not 2025 exam
zh-hsk1-00204,口,kǒu,"[kǒu] mouth; classifier for things with mouths (people, domestic animals, cannons, wells etc); classifier for bites or mouthfuls",,general-and-abstract,zh-vocab-adapted,https://raw.githubusercontent.com/drkameleon/complete-hsk-vocabulary/7ac65bf1a6387d35f1ade478906172a19311c7f9/complete.json#/4911,2021-standard-derived upstream new-1; not 2025 exam
zh-hsk1-00205,块,kuài,"[kuài] lump; chunk; piece; classifier for pieces of cloth, cake, soap etc; (coll.) classifier for money and currency units",,general-and-abstract,zh-vocab-adapted,https://raw.githubusercontent.com/drkameleon/complete-hsk-vocabulary/7ac65bf1a6387d35f1ade478906172a19311c7f9/complete.json#/4966,2021-standard-derived upstream new-1; not 2025 exam
zh-hsk1-00206,快,kuài,[kuài] rapid; quick; speed; rate; soon; almost; to make haste; clever; sharp (of knives or wits); forthright; plainspoken; gratified; pleased; pleasant,,general-and-abstract,zh-vocab-adapted,https://raw.githubusercontent.com/drkameleon/complete-hsk-vocabulary/7ac65bf1a6387d35f1ade478906172a19311c7f9/complete.json#/4967,2021-standard-derived upstream new-1; not 2025 exam
zh-hsk1-00207,来,lái,[lái] to come; (used as a substitute for a more specific verb); hither; ever since; for the past (amount of time); (prefix) the coming ...; the next ...; (between two verbs) in order to; (after a round number) approximately,,time-and-quantity,zh-vocab-adapted,https://raw.githubusercontent.com/drkameleon/complete-hsk-vocabulary/7ac65bf1a6387d35f1ade478906172a19311c7f9/complete.json#/5041,2021-standard-derived upstream new-1; not 2025 exam
zh-hsk1-00208,来到,lái dào,[lái dào] to arrive; to come,,general-and-abstract,zh-vocab-adapted,https://raw.githubusercontent.com/drkameleon/complete-hsk-vocabulary/7ac65bf1a6387d35f1ade478906172a19311c7f9/complete.json#/5044,2021-standard-derived upstream new-1; not 2025 exam
zh-hsk1-00209,老,lǎo,[lǎo] prefix used before the surname of a person or a numeral indicating the order of birth of the children in a family or to indicate affection or familiarity; old (of people); venerable (person); experienced; of long standing; always; all the time; of the past; very; outdated; (of meat etc) tough,,people-and-relationships;time-and-quantity,zh-vocab-adapted,https://raw.githubusercontent.com/drkameleon/complete-hsk-vocabulary/7ac65bf1a6387d35f1ade478906172a19311c7f9/complete.json#/5095,2021-standard-derived upstream new-1; not 2025 exam
zh-hsk1-00210,老人,lǎo rén,[lǎo rén] old man or woman; the elderly; one's aged parents or grandparents,,general-and-abstract,zh-vocab-adapted,https://raw.githubusercontent.com/drkameleon/complete-hsk-vocabulary/7ac65bf1a6387d35f1ade478906172a19311c7f9/complete.json#/5108,2021-standard-derived upstream new-1; not 2025 exam
zh-hsk1-00211,老师,lǎo shī,[lǎo shī] teacher,,general-and-abstract,zh-vocab-adapted,https://raw.githubusercontent.com/drkameleon/complete-hsk-vocabulary/7ac65bf1a6387d35f1ade478906172a19311c7f9/complete.json#/5110,2021-standard-derived upstream new-1; not 2025 exam
zh-hsk1-00212,了,le / liǎo,"[le] (completed action marker); (modal particle indicating change of state, situation now); (modal particle intensifying preceding clause) / [liǎo] to finish; to achieve; to understand clearly / [liǎo] (of eyes) bright; clear-sighted; to understand clearly",,general-and-abstract,zh-vocab-adapted,https://raw.githubusercontent.com/drkameleon/complete-hsk-vocabulary/7ac65bf1a6387d35f1ade478906172a19311c7f9/complete.json#/5133,2021-standard-derived upstream new-1; not 2025 exam
zh-hsk1-00213,累,lěi / lèi / Léi / léi,[lěi] to accumulate; to involve or implicate (Taiwan pr. ); continuous; repeated / [lèi] tired; weary; to strain; to wear out; to work hard / [Léi] surname Lei / [léi] rope; to bind together; to twist around,,study-and-work,zh-vocab-adapted,https://raw.githubusercontent.com/drkameleon/complete-hsk-vocabulary/7ac65bf1a6387d35f1ade478906172a19311c7f9/complete.json#/5148,2021-standard-derived upstream new-1; not 2025 exam
zh-hsk1-00214,冷,Lěng / lěng,[Lěng] surname Leng / [lěng] cold,,general-and-abstract,zh-vocab-adapted,https://raw.githubusercontent.com/drkameleon/complete-hsk-vocabulary/7ac65bf1a6387d35f1ade478906172a19311c7f9/complete.json#/5152,2021-standard-derived upstream new-1; not 2025 exam
zh-hsk1-00215,里,lǐ / Lǐ,"[lǐ] lining; interior; inside; internal / [Lǐ] Li (surname) / [lǐ] li, ancient measure of length, approx. 500 m; neighborhood; ancient administrative unit of 25 families; (Tw) borough, administrative unit between the township and neighborhood levels",,general-and-abstract,zh-vocab-adapted,https://raw.githubusercontent.com/drkameleon/complete-hsk-vocabulary/7ac65bf1a6387d35f1ade478906172a19311c7f9/complete.json#/5187,2021-standard-derived upstream new-1; not 2025 exam
zh-hsk1-00216,里边,lǐ bian,[lǐ bian] inside,,general-and-abstract,zh-vocab-adapted,https://raw.githubusercontent.com/drkameleon/complete-hsk-vocabulary/7ac65bf1a6387d35f1ade478906172a19311c7f9/complete.json#/5188,2021-standard-derived upstream new-1; not 2025 exam
zh-hsk1-00217,两,liǎng,"[liǎng] two; both; some; a few; tael, unit of weight equal to 50 grams (modern) or 1⁄16 of a catty (old)",,general-and-abstract,zh-vocab-adapted,https://raw.githubusercontent.com/drkameleon/complete-hsk-vocabulary/7ac65bf1a6387d35f1ade478906172a19311c7f9/complete.json#/5299,2021-standard-derived upstream new-1; not 2025 exam
zh-hsk1-00218,零,líng,[líng] zero; nought; zero sign; fractional; fragmentary; odd (of numbers); (placed between two numbers to indicate a smaller quantity followed by a larger one); fraction; (in mathematics) remainder (after division); extra; to wither and fall; to wither,,general-and-abstract,zh-vocab-adapted,https://raw.githubusercontent.com/drkameleon/complete-hsk-vocabulary/7ac65bf1a6387d35f1ade478906172a19311c7f9/complete.json#/5360,2021-standard-derived upstream new-1; not 2025 exam
zh-hsk1-00219,六,liù,[liù] six,,general-and-abstract,zh-vocab-adapted,https://raw.githubusercontent.com/drkameleon/complete-hsk-vocabulary/7ac65bf1a6387d35f1ade478906172a19311c7f9/complete.json#/5427,2021-standard-derived upstream new-1; not 2025 exam
zh-hsk1-00220,楼,Lóu / lóu,[Lóu] surname Lou / [lóu] house with more than 1 story; storied building; floor,,general-and-abstract,zh-vocab-adapted,https://raw.githubusercontent.com/drkameleon/complete-hsk-vocabulary/7ac65bf1a6387d35f1ade478906172a19311c7f9/complete.json#/5438,2021-standard-derived upstream new-1; not 2025 exam
zh-hsk1-00221,楼上,lóu shàng,[lóu shàng] upstairs; (Internet slang) previous poster in a forum thread,,general-and-abstract,zh-vocab-adapted,https://raw.githubusercontent.com/drkameleon/complete-hsk-vocabulary/7ac65bf1a6387d35f1ade478906172a19311c7f9/complete.json#/5441,2021-standard-derived upstream new-1; not 2025 exam
zh-hsk1-00222,楼下,lóu xià,[lóu xià] downstairs,,general-and-abstract,zh-vocab-adapted,https://raw.githubusercontent.com/drkameleon/complete-hsk-vocabulary/7ac65bf1a6387d35f1ade478906172a19311c7f9/complete.json#/5443,2021-standard-derived upstream new-1; not 2025 exam
zh-hsk1-00223,路,Lù / lù,[Lù] surname Lu / [lù] road; journey; route; line (bus etc); sort; kind,,travel-and-places,zh-vocab-adapted,https://raw.githubusercontent.com/drkameleon/complete-hsk-vocabulary/7ac65bf1a6387d35f1ade478906172a19311c7f9/complete.json#/5462,2021-standard-derived upstream new-1; not 2025 exam
zh-hsk1-00224,路口,lù kǒu,[lù kǒu] crossing; intersection (of roads),,general-and-abstract,zh-vocab-adapted,https://raw.githubusercontent.com/drkameleon/complete-hsk-vocabulary/7ac65bf1a6387d35f1ade478906172a19311c7f9/complete.json#/5468,2021-standard-derived upstream new-1; not 2025 exam
zh-hsk1-00225,路上,lù shang,[lù shang] on the road; on a journey; road surface,,travel-and-places,zh-vocab-adapted,https://raw.githubusercontent.com/drkameleon/complete-hsk-vocabulary/7ac65bf1a6387d35f1ade478906172a19311c7f9/complete.json#/5472,2021-standard-derived upstream new-1; not 2025 exam
zh-hsk1-00226,妈,mā,[mā] ma; mom; mother,,people-and-relationships,zh-vocab-adapted,https://raw.githubusercontent.com/drkameleon/complete-hsk-vocabulary/7ac65bf1a6387d35f1ade478906172a19311c7f9/complete.json#/5537,2021-standard-derived upstream new-1; not 2025 exam
zh-hsk1-00227,妈妈,mā ma,[mā ma] mama; mommy; mother,,people-and-relationships,zh-vocab-adapted,https://raw.githubusercontent.com/drkameleon/complete-hsk-vocabulary/7ac65bf1a6387d35f1ade478906172a19311c7f9/complete.json#/5538,2021-standard-derived upstream new-1; not 2025 exam
zh-hsk1-00228,马路,mǎ lù,[mǎ lù] street; road,,travel-and-places,zh-vocab-adapted,https://raw.githubusercontent.com/drkameleon/complete-hsk-vocabulary/7ac65bf1a6387d35f1ade478906172a19311c7f9/complete.json#/5551,2021-standard-derived upstream new-1; not 2025 exam
zh-hsk1-00229,马上,mǎ shàng,[mǎ shàng] at once; right away; immediately; on horseback (i.e. by military force),,general-and-abstract,zh-vocab-adapted,https://raw.githubusercontent.com/drkameleon/complete-hsk-vocabulary/7ac65bf1a6387d35f1ade478906172a19311c7f9/complete.json#/5552,2021-standard-derived upstream new-1; not 2025 exam
zh-hsk1-00230,吗,má / ma,"[má] (coll.) what? / [ma] (question particle for ""yes-no"" questions)",,general-and-abstract,zh-vocab-adapted,https://raw.githubusercontent.com/drkameleon/complete-hsk-vocabulary/7ac65bf1a6387d35f1ade478906172a19311c7f9/complete.json#/5558,2021-standard-derived upstream new-1; not 2025 exam
zh-hsk1-00231,买,mǎi,[mǎi] to buy; to purchase,,food-and-shopping,zh-vocab-adapted,https://raw.githubusercontent.com/drkameleon/complete-hsk-vocabulary/7ac65bf1a6387d35f1ade478906172a19311c7f9/complete.json#/5566,2021-standard-derived upstream new-1; not 2025 exam
zh-hsk1-00232,慢,màn,[màn] slow,,general-and-abstract,zh-vocab-adapted,https://raw.githubusercontent.com/drkameleon/complete-hsk-vocabulary/7ac65bf1a6387d35f1ade478906172a19311c7f9/complete.json#/5583,2021-standard-derived upstream new-1; not 2025 exam
zh-hsk1-00233,忙,máng,[máng] busy; hurriedly; to hurry; to rush,,general-and-abstract,zh-vocab-adapted,https://raw.githubusercontent.com/drkameleon/complete-hsk-vocabulary/7ac65bf1a6387d35f1ade478906172a19311c7f9/complete.json#/5593,2021-standard-derived upstream new-1; not 2025 exam
zh-hsk1-00234,毛,Máo / máo,[Máo] surname Mao / [máo] hair; feather; down; wool; mildew; mold; coarse or semifinished; young; raw; careless; unthinking; nervous; scared; (of currency) to devalue or depreciate; classifier for Chinese fractional monetary unit,,general-and-abstract,zh-vocab-adapted,https://raw.githubusercontent.com/drkameleon/complete-hsk-vocabulary/7ac65bf1a6387d35f1ade478906172a19311c7f9/complete.json#/5602,2021-standard-derived upstream new-1; not 2025 exam
zh-hsk1-00235,没,méi / mò,[méi] (negative prefix for verbs) have not; not / [mò] drowned; to end; to die; to inundate,,general-and-abstract,zh-vocab-adapted,https://raw.githubusercontent.com/drkameleon/complete-hsk-vocabulary/7ac65bf1a6387d35f1ade478906172a19311c7f9/complete.json#/5620,2021-standard-derived upstream new-1; not 2025 exam
zh-hsk1-00236,没关系,méi guān xi,[méi guān xi] it doesn't matter,,general-and-abstract,zh-vocab-adapted,https://raw.githubusercontent.com/drkameleon/complete-hsk-vocabulary/7ac65bf1a6387d35f1ade478906172a19311c7f9/complete.json#/5623,2021-standard-derived upstream new-1; not 2025 exam
zh-hsk1-00237,没什么,méi shén me,[méi shén me] nothing; it doesn't matter; it's nothing; never mind,,general-and-abstract,zh-vocab-adapted,https://raw.githubusercontent.com/drkameleon/complete-hsk-vocabulary/7ac65bf1a6387d35f1ade478906172a19311c7f9/complete.json#/5626,2021-standard-derived upstream new-1; not 2025 exam
zh-hsk1-00238,没事儿,méi shì r,[méi shì r] to have spare time; free from work; it's not important; it's nothing; never mind,,time-and-quantity;study-and-work,zh-vocab-adapted,https://raw.githubusercontent.com/drkameleon/complete-hsk-vocabulary/7ac65bf1a6387d35f1ade478906172a19311c7f9/complete.json#/5627,2021-standard-derived upstream new-1; not 2025 exam
zh-hsk1-00239,没有,méi yǒu,[méi yǒu] haven't; hasn't; doesn't exist; to not have; to not be,,general-and-abstract,zh-vocab-adapted,https://raw.githubusercontent.com/drkameleon/complete-hsk-vocabulary/7ac65bf1a6387d35f1ade478906172a19311c7f9/complete.json#/5634,2021-standard-derived upstream new-1; not 2025 exam
zh-hsk1-00240,妹,mèi,[mèi] younger sister,,people-and-relationships,zh-vocab-adapted,https://raw.githubusercontent.com/drkameleon/complete-hsk-vocabulary/7ac65bf1a6387d35f1ade478906172a19311c7f9/complete.json#/5670,2021-standard-derived upstream new-1; not 2025 exam
zh-hsk1-00241,妹妹,mèi mei,[mèi mei] younger sister; young woman,,people-and-relationships,zh-vocab-adapted,https://raw.githubusercontent.com/drkameleon/complete-hsk-vocabulary/7ac65bf1a6387d35f1ade478906172a19311c7f9/complete.json#/5671,2021-standard-derived upstream new-1; not 2025 exam
zh-hsk1-00242,门,Mén / mén,"[Mén] surname Men / [mén] gate; door; gateway; doorway; opening; valve; switch; way to do something; knack; family; house; (religious) sect; school (of thought); class; category; phylum or division (taxonomy); classifier for large guns; classifier for lessons, subjects, branches of technology; (suffix) -gate (i.e. scandal; derived from Watergate)",,people-and-relationships;study-and-work;nature-and-technology,zh-vocab-adapted,https://raw.githubusercontent.com/drkameleon/complete-hsk-vocabulary/7ac65bf1a6387d35f1ade478906172a19311c7f9/complete.json#/5673,2021-standard-derived upstream new-1; not 2025 exam
zh-hsk1-00243,门口,mén kǒu,[mén kǒu] doorway; gate,,general-and-abstract,zh-vocab-adapted,https://raw.githubusercontent.com/drkameleon/complete-hsk-vocabulary/7ac65bf1a6387d35f1ade478906172a19311c7f9/complete.json#/5676,2021-standard-derived upstream new-1; not 2025 exam
zh-hsk1-00244,门票,mén piào,"[mén piào] ticket (for theater, cinema etc)",,general-and-abstract,zh-vocab-adapted,https://raw.githubusercontent.com/drkameleon/complete-hsk-vocabulary/7ac65bf1a6387d35f1ade478906172a19311c7f9/complete.json#/5679,2021-standard-derived upstream new-1; not 2025 exam
zh-hsk1-00245,们,men,"[men] plural marker for pronouns, and nouns referring to individuals",,general-and-abstract,zh-vocab-adapted,https://raw.githubusercontent.com/drkameleon/complete-hsk-vocabulary/7ac65bf1a6387d35f1ade478906172a19311c7f9/complete.json#/5682,2021-standard-derived upstream new-1; not 2025 exam
zh-hsk1-00246,米饭,mǐ fàn,[mǐ fàn] (cooked) rice,,food-and-shopping,zh-vocab-adapted,https://raw.githubusercontent.com/drkameleon/complete-hsk-vocabulary/7ac65bf1a6387d35f1ade478906172a19311c7f9/complete.json#/5711,2021-standard-derived upstream new-1; not 2025 exam
zh-hsk1-00247,面包,miàn bāo,[miàn bāo] bread,,general-and-abstract,zh-vocab-adapted,https://raw.githubusercontent.com/drkameleon/complete-hsk-vocabulary/7ac65bf1a6387d35f1ade478906172a19311c7f9/complete.json#/5740,2021-standard-derived upstream new-1; not 2025 exam
zh-hsk1-00248,面条儿,miàn tiáo r,[miàn tiáo r] noodles,,general-and-abstract,zh-vocab-adapted,https://raw.githubusercontent.com/drkameleon/complete-hsk-vocabulary/7ac65bf1a6387d35f1ade478906172a19311c7f9/complete.json#/5754,2021-standard-derived upstream new-1; not 2025 exam
zh-hsk1-00249,名字,míng zi,[míng zi] name (of a person or thing),,general-and-abstract,zh-vocab-adapted,https://raw.githubusercontent.com/drkameleon/complete-hsk-vocabulary/7ac65bf1a6387d35f1ade478906172a19311c7f9/complete.json#/5806,2021-standard-derived upstream new-1; not 2025 exam
zh-hsk1-00250,明白,míng bai,[míng bai] clear; obvious; unequivocal; to understand; to realize,,general-and-abstract,zh-vocab-adapted,https://raw.githubusercontent.com/drkameleon/complete-hsk-vocabulary/7ac65bf1a6387d35f1ade478906172a19311c7f9/complete.json#/5807,2021-standard-derived upstream new-1; not 2025 exam
zh-hsk1-00251,明年,míng nián,[míng nián] next year,,time-and-quantity,zh-vocab-adapted,https://raw.githubusercontent.com/drkameleon/complete-hsk-vocabulary/7ac65bf1a6387d35f1ade478906172a19311c7f9/complete.json#/5812,2021-standard-derived upstream new-1; not 2025 exam
zh-hsk1-00252,明天,míng tiān,[míng tiān] tomorrow,,general-and-abstract,zh-vocab-adapted,https://raw.githubusercontent.com/drkameleon/complete-hsk-vocabulary/7ac65bf1a6387d35f1ade478906172a19311c7f9/complete.json#/5815,2021-standard-derived upstream new-1; not 2025 exam
zh-hsk1-00253,拿,ná,[ná] to hold; to seize; to catch; to apprehend; to take,,general-and-abstract,zh-vocab-adapted,https://raw.githubusercontent.com/drkameleon/complete-hsk-vocabulary/7ac65bf1a6387d35f1ade478906172a19311c7f9/complete.json#/5902,2021-standard-derived upstream new-1; not 2025 exam
zh-hsk1-00254,哪,nǎ / né / něi,"[nǎ] how; which / [né] Taiwan pr. / [něi] which? (interrogative, followed by classifier or numeral-classifier)",,general-and-abstract,zh-vocab-adapted,https://raw.githubusercontent.com/drkameleon/complete-hsk-vocabulary/7ac65bf1a6387d35f1ade478906172a19311c7f9/complete.json#/5907,2021-standard-derived upstream new-1; not 2025 exam
zh-hsk1-00255,哪儿,nǎ r,[nǎ r] where?; wherever; anywhere; somewhere; (used in rhetorical questions) how can ...?; how could ...?,,general-and-abstract,zh-vocab-adapted,https://raw.githubusercontent.com/drkameleon/complete-hsk-vocabulary/7ac65bf1a6387d35f1ade478906172a19311c7f9/complete.json#/5908,2021-standard-derived upstream new-1; not 2025 exam
zh-hsk1-00256,哪里,nǎ lǐ,[nǎ lǐ] where?; somewhere; anywhere; wherever; nowhere (negative answer to question); humble expression denying compliment,,general-and-abstract,zh-vocab-adapted,https://raw.githubusercontent.com/drkameleon/complete-hsk-vocabulary/7ac65bf1a6387d35f1ade478906172a19311c7f9/complete.json#/5909,2021-standard-derived upstream new-1; not 2025 exam
zh-hsk1-00257,哪些,nǎ xiē,[nǎ xiē] which ones?; who?; what?,,general-and-abstract,zh-vocab-adapted,https://raw.githubusercontent.com/drkameleon/complete-hsk-vocabulary/7ac65bf1a6387d35f1ade478906172a19311c7f9/complete.json#/5911,2021-standard-derived upstream new-1; not 2025 exam
zh-hsk1-00258,那,Nā / Nuó / nà / nuó,"[Nā] surname Na / [Nuó] surname Nuo / [nà] (specifier) that; the; those (colloquial pr. ); (pronoun) that (referring to persons, things or situations); then (in that case) / [nuó] (archaic) many; beautiful; how",,general-and-abstract,zh-vocab-adapted,https://raw.githubusercontent.com/drkameleon/complete-hsk-vocabulary/7ac65bf1a6387d35f1ade478906172a19311c7f9/complete.json#/5913,2021-standard-derived upstream new-1; not 2025 exam
zh-hsk1-00259,那边,nà bian,[nà bian] over there; yonder,,general-and-abstract,zh-vocab-adapted,https://raw.githubusercontent.com/drkameleon/complete-hsk-vocabulary/7ac65bf1a6387d35f1ade478906172a19311c7f9/complete.json#/5914,2021-standard-derived upstream new-1; not 2025 exam
zh-hsk1-00260,那儿,nà r,[nà r] there,,general-and-abstract,zh-vocab-adapted,https://raw.githubusercontent.com/drkameleon/complete-hsk-vocabulary/7ac65bf1a6387d35f1ade478906172a19311c7f9/complete.json#/5915,2021-standard-derived upstream new-1; not 2025 exam
zh-hsk1-00261,那里,nà li,[nà li] there; that place,,general-and-abstract,zh-vocab-adapted,https://raw.githubusercontent.com/drkameleon/complete-hsk-vocabulary/7ac65bf1a6387d35f1ade478906172a19311c7f9/complete.json#/5917,2021-standard-derived upstream new-1; not 2025 exam
zh-hsk1-00262,那些,nà xiē,[nà xiē] those,,general-and-abstract,zh-vocab-adapted,https://raw.githubusercontent.com/drkameleon/complete-hsk-vocabulary/7ac65bf1a6387d35f1ade478906172a19311c7f9/complete.json#/5921,2021-standard-derived upstream new-1; not 2025 exam
zh-hsk1-00263,奶,nǎi,[nǎi] breast; milk; to breastfeed / [nǎi] mother,,people-and-relationships,zh-vocab-adapted,https://raw.githubusercontent.com/drkameleon/complete-hsk-vocabulary/7ac65bf1a6387d35f1ade478906172a19311c7f9/complete.json#/5929,2021-standard-derived upstream new-1; not 2025 exam
zh-hsk1-00264,奶奶,nǎi nai,[nǎi nai] (informal) grandma (paternal grandmother); (respectful) mistress of the house; (coll.) boobies; breasts,,general-and-abstract,zh-vocab-adapted,https://raw.githubusercontent.com/drkameleon/complete-hsk-vocabulary/7ac65bf1a6387d35f1ade478906172a19311c7f9/complete.json#/5932,2021-standard-derived upstream new-1; not 2025 exam
zh-hsk1-00265,男,nán,"[nán] male; Baron, lowest of five orders of nobility",,general-and-abstract,zh-vocab-adapted,https://raw.githubusercontent.com/drkameleon/complete-hsk-vocabulary/7ac65bf1a6387d35f1ade478906172a19311c7f9/complete.json#/5939,2021-standard-derived upstream new-1; not 2025 exam
zh-hsk1-00266,男孩儿,nán hái r,[nán hái r] boy,,general-and-abstract,zh-vocab-adapted,https://raw.githubusercontent.com/drkameleon/complete-hsk-vocabulary/7ac65bf1a6387d35f1ade478906172a19311c7f9/complete.json#/5940,2021-standard-derived upstream new-1; not 2025 exam
zh-hsk1-00267,男朋友,nán péng you,[nán péng you] boyfriend,,general-and-abstract,zh-vocab-adapted,https://raw.githubusercontent.com/drkameleon/complete-hsk-vocabulary/7ac65bf1a6387d35f1ade478906172a19311c7f9/complete.json#/5942,2021-standard-derived upstream new-1; not 2025 exam
zh-hsk1-00268,男人,nán rén,[nán rén] a man; a male; men,,general-and-abstract,zh-vocab-adapted,https://raw.githubusercontent.com/drkameleon/complete-hsk-vocabulary/7ac65bf1a6387d35f1ade478906172a19311c7f9/complete.json#/5943,2021-standard-derived upstream new-1; not 2025 exam
zh-hsk1-00269,男生,nán shēng,[nán shēng] schoolboy; male student; boy; guy (young adult male),,study-and-work,zh-vocab-adapted,https://raw.githubusercontent.com/drkameleon/complete-hsk-vocabulary/7ac65bf1a6387d35f1ade478906172a19311c7f9/complete.json#/5944,2021-standard-derived upstream new-1; not 2025 exam
zh-hsk1-00270,南,Nán / nán,[Nán] surname Nan / [nán] south,,general-and-abstract,zh-vocab-adapted,https://raw.githubusercontent.com/drkameleon/complete-hsk-vocabulary/7ac65bf1a6387d35f1ade478906172a19311c7f9/complete.json#/5948,2021-standard-derived upstream new-1; not 2025 exam
zh-hsk1-00271,南边,nán bian,[nán bian] south; south side; southern part; to the south of,,general-and-abstract,zh-vocab-adapted,https://raw.githubusercontent.com/drkameleon/complete-hsk-vocabulary/7ac65bf1a6387d35f1ade478906172a19311c7f9/complete.json#/5950,2021-standard-derived upstream new-1; not 2025 exam
zh-hsk1-00272,难,nán / nàn,[nán] difficult (to...); problem; difficulty; difficult; not good / [nàn] disaster; distress; to scold,,general-and-abstract,zh-vocab-adapted,https://raw.githubusercontent.com/drkameleon/complete-hsk-vocabulary/7ac65bf1a6387d35f1ade478906172a19311c7f9/complete.json#/5955,2021-standard-derived upstream new-1; not 2025 exam
zh-hsk1-00273,呢,ne / ní,"[ne] particle indicating that a previously asked question is to be applied to the preceding word (""What about ...?"", ""And ...?""); particle for inquiring about location (""Where is ...?""); particle signaling a pause, to emphasize the preceding words and allow the listener time to take them on board (""ok?"", ""are you with me?""); (at the end of a declarative sentence) particle indicating continuation of a state or action; particle indicating strong affirmation / [ní] woolen material",,time-and-quantity,zh-vocab-adapted,https://raw.githubusercontent.com/drkameleon/complete-hsk-vocabulary/7ac65bf1a6387d35f1ade478906172a19311c7f9/complete.json#/5990,2021-standard-derived upstream new-1; not 2025 exam
zh-hsk1-00274,能,Néng / néng,[Néng] surname Neng / [néng] can; to be able to; might possibly; ability; (physics) energy,,general-and-abstract,zh-vocab-adapted,https://raw.githubusercontent.com/drkameleon/complete-hsk-vocabulary/7ac65bf1a6387d35f1ade478906172a19311c7f9/complete.json#/6008,2021-standard-derived upstream new-1; not 2025 exam
zh-hsk1-00275,你,nǐ,[nǐ] you,,general-and-abstract,zh-vocab-adapted,https://raw.githubusercontent.com/drkameleon/complete-hsk-vocabulary/7ac65bf1a6387d35f1ade478906172a19311c7f9/complete.json#/6023,2021-standard-derived upstream new-1; not 2025 exam
zh-hsk1-00276,你们,nǐ men,[nǐ men] you (plural),,general-and-abstract,zh-vocab-adapted,https://raw.githubusercontent.com/drkameleon/complete-hsk-vocabulary/7ac65bf1a6387d35f1ade478906172a19311c7f9/complete.json#/6024,2021-standard-derived upstream new-1; not 2025 exam
zh-hsk1-00277,年,Nián / nián,[Nián] surname Nian / [nián] year / [nián] grain; harvest (old),,time-and-quantity,zh-vocab-adapted,https://raw.githubusercontent.com/drkameleon/complete-hsk-vocabulary/7ac65bf1a6387d35f1ade478906172a19311c7f9/complete.json#/6029,2021-standard-derived upstream new-1; not 2025 exam
zh-hsk1-00278,您,nín,[nín] you,,general-and-abstract,zh-vocab-adapted,https://raw.githubusercontent.com/drkameleon/complete-hsk-vocabulary/7ac65bf1a6387d35f1ade478906172a19311c7f9/complete.json#/6056,2021-standard-derived upstream new-1; not 2025 exam
zh-hsk1-00279,牛奶,niú nǎi,[niú nǎi] cow's milk,,general-and-abstract,zh-vocab-adapted,https://raw.githubusercontent.com/drkameleon/complete-hsk-vocabulary/7ac65bf1a6387d35f1ade478906172a19311c7f9/complete.json#/6066,2021-standard-derived upstream new-1; not 2025 exam
zh-hsk1-00280,女,nǚ,[nǚ] female; woman; daughter,,general-and-abstract,zh-vocab-adapted,https://raw.githubusercontent.com/drkameleon/complete-hsk-vocabulary/7ac65bf1a6387d35f1ade478906172a19311c7f9/complete.json#/6092,2021-standard-derived upstream new-1; not 2025 exam
zh-hsk1-00281,女儿,nǚ ér,[nǚ ér] daughter,,general-and-abstract,zh-vocab-adapted,https://raw.githubusercontent.com/drkameleon/complete-hsk-vocabulary/7ac65bf1a6387d35f1ade478906172a19311c7f9/complete.json#/6093,2021-standard-derived upstream new-1; not 2025 exam
zh-hsk1-00282,女孩儿,nǚ hái r,[nǚ hái r] girl,,general-and-abstract,zh-vocab-adapted,https://raw.githubusercontent.com/drkameleon/complete-hsk-vocabulary/7ac65bf1a6387d35f1ade478906172a19311c7f9/complete.json#/6094,2021-standard-derived upstream new-1; not 2025 exam
zh-hsk1-00283,女朋友,nǚ péng you,[nǚ péng you] girlfriend,,general-and-abstract,zh-vocab-adapted,https://raw.githubusercontent.com/drkameleon/complete-hsk-vocabulary/7ac65bf1a6387d35f1ade478906172a19311c7f9/complete.json#/6095,2021-standard-derived upstream new-1; not 2025 exam
zh-hsk1-00284,女人,nǚ rén / nǚ ren,[nǚ rén] woman / [nǚ ren] wife,,people-and-relationships,zh-vocab-adapted,https://raw.githubusercontent.com/drkameleon/complete-hsk-vocabulary/7ac65bf1a6387d35f1ade478906172a19311c7f9/complete.json#/6096,2021-standard-derived upstream new-1; not 2025 exam
zh-hsk1-00285,女生,nǚ shēng,[nǚ shēng] schoolgirl; female student; girl,,study-and-work,zh-vocab-adapted,https://raw.githubusercontent.com/drkameleon/complete-hsk-vocabulary/7ac65bf1a6387d35f1ade478906172a19311c7f9/complete.json#/6097,2021-standard-derived upstream new-1; not 2025 exam
zh-hsk1-00286,旁边,páng biān,[páng biān] side; adjacent place,,general-and-abstract,zh-vocab-adapted,https://raw.githubusercontent.com/drkameleon/complete-hsk-vocabulary/7ac65bf1a6387d35f1ade478906172a19311c7f9/complete.json#/6162,2021-standard-derived upstream new-1; not 2025 exam
zh-hsk1-00287,跑,páo / pǎo,[páo] (of an animal) to paw (the ground) / [pǎo] to run; to run away; to escape; to run around (on errands etc); (of a gas or liquid) to leak or evaporate; (verb complement) away; off,,nature-and-technology,zh-vocab-adapted,https://raw.githubusercontent.com/drkameleon/complete-hsk-vocabulary/7ac65bf1a6387d35f1ade478906172a19311c7f9/complete.json#/6170,2021-standard-derived upstream new-1; not 2025 exam
zh-hsk1-00288,朋友,péng you,[péng you] friend,,people-and-relationships,zh-vocab-adapted,https://raw.githubusercontent.com/drkameleon/complete-hsk-vocabulary/7ac65bf1a6387d35f1ade478906172a19311c7f9/complete.json#/6207,2021-standard-derived upstream new-1; not 2025 exam
zh-hsk1-00289,票,piào,"[piào] ticket; ballot; banknote; person held for ransom; amateur performance of Chinese opera; classifier for groups, batches, business transactions",,general-and-abstract,zh-vocab-adapted,https://raw.githubusercontent.com/drkameleon/complete-hsk-vocabulary/7ac65bf1a6387d35f1ade478906172a19311c7f9/complete.json#/6270,2021-standard-derived upstream new-1; not 2025 exam
zh-hsk1-00290,七,qī,[qī] seven,,general-and-abstract,zh-vocab-adapted,https://raw.githubusercontent.com/drkameleon/complete-hsk-vocabulary/7ac65bf1a6387d35f1ade478906172a19311c7f9/complete.json#/6384,2021-standard-derived upstream new-1; not 2025 exam
zh-hsk1-00291,起,qǐ,"[qǐ] to rise; to raise; to get up; to set out; to start; to appear; to launch; to initiate (action); to draft; to establish; to get (from a depot or counter); verb suffix, to start; starting from (a time, place, price etc); classifier for occurrences or unpredictable events: case, instance; classifier for groups: batch, group",,food-and-shopping;time-and-quantity,zh-vocab-adapted,https://raw.githubusercontent.com/drkameleon/complete-hsk-vocabulary/7ac65bf1a6387d35f1ade478906172a19311c7f9/complete.json#/6438,2021-standard-derived upstream new-1; not 2025 exam
zh-hsk1-00292,起床,qǐ chuáng,[qǐ chuáng] to get out of bed; to get up,,general-and-abstract,zh-vocab-adapted,https://raw.githubusercontent.com/drkameleon/complete-hsk-vocabulary/7ac65bf1a6387d35f1ade478906172a19311c7f9/complete.json#/6443,2021-standard-derived upstream new-1; not 2025 exam
zh-hsk1-00293,起来,qǐ lai / qi lai,[qǐ lai] to stand up; to get up; also pr. / [qi lai] (after a verb) indicating the beginning and continuation of an action or a state; indicating an upward movement; indicating completion; expressing preliminary judgment; also pr.,,general-and-abstract,zh-vocab-adapted,https://raw.githubusercontent.com/drkameleon/complete-hsk-vocabulary/7ac65bf1a6387d35f1ade478906172a19311c7f9/complete.json#/6450,2021-standard-derived upstream new-1; not 2025 exam
zh-hsk1-00294,汽车,qì chē,[qì chē] car; automobile; bus,,travel-and-places,zh-vocab-adapted,https://raw.githubusercontent.com/drkameleon/complete-hsk-vocabulary/7ac65bf1a6387d35f1ade478906172a19311c7f9/complete.json#/6479,2021-standard-derived upstream new-1; not 2025 exam
zh-hsk1-00295,前,qián,[qián] front; forward; ahead; first; top (followed by a number); future; ago; before; BC; former; formerly,,time-and-quantity,zh-vocab-adapted,https://raw.githubusercontent.com/drkameleon/complete-hsk-vocabulary/7ac65bf1a6387d35f1ade478906172a19311c7f9/complete.json#/6525,2021-standard-derived upstream new-1; not 2025 exam
zh-hsk1-00296,前边,qián bian,[qián bian] front; the front side; in front of,,general-and-abstract,zh-vocab-adapted,https://raw.githubusercontent.com/drkameleon/complete-hsk-vocabulary/7ac65bf1a6387d35f1ade478906172a19311c7f9/complete.json#/6527,2021-standard-derived upstream new-1; not 2025 exam
zh-hsk1-00297,前天,qián tiān,[qián tiān] the day before yesterday,,time-and-quantity,zh-vocab-adapted,https://raw.githubusercontent.com/drkameleon/complete-hsk-vocabulary/7ac65bf1a6387d35f1ade478906172a19311c7f9/complete.json#/6542,2021-standard-derived upstream new-1; not 2025 exam
zh-hsk1-00298,钱,Qián / qián,"[Qián] surname Qian / [qián] coin; money; unit of weight, one tenth of a tael",,general-and-abstract,zh-vocab-adapted,https://raw.githubusercontent.com/drkameleon/complete-hsk-vocabulary/7ac65bf1a6387d35f1ade478906172a19311c7f9/complete.json#/6553,2021-standard-derived upstream new-1; not 2025 exam
zh-hsk1-00299,钱包,qián bāo,[qián bāo] purse; wallet,,general-and-abstract,zh-vocab-adapted,https://raw.githubusercontent.com/drkameleon/complete-hsk-vocabulary/7ac65bf1a6387d35f1ade478906172a19311c7f9/complete.json#/6554,2021-standard-derived upstream new-1; not 2025 exam
zh-hsk1-00300,请,qǐng,[qǐng] to ask; to invite; please (do sth); to treat (to a meal etc); to request,,general-and-abstract,zh-vocab-adapted,https://raw.githubusercontent.com/drkameleon/complete-hsk-vocabulary/7ac65bf1a6387d35f1ade478906172a19311c7f9/complete.json#/6717,2021-standard-derived upstream new-1; not 2025 exam
zh-hsk1-00301,请假,qǐng jià,[qǐng jià] to request leave of absence,,general-and-abstract,zh-vocab-adapted,https://raw.githubusercontent.com/drkameleon/complete-hsk-vocabulary/7ac65bf1a6387d35f1ade478906172a19311c7f9/complete.json#/6718,2021-standard-derived upstream new-1; not 2025 exam
zh-hsk1-00302,请进,qǐng jìn,"[qǐng jìn] ""please come in""",,general-and-abstract,zh-vocab-adapted,https://raw.githubusercontent.com/drkameleon/complete-hsk-vocabulary/7ac65bf1a6387d35f1ade478906172a19311c7f9/complete.json#/6721,2021-standard-derived upstream new-1; not 2025 exam
zh-hsk1-00303,请问,qǐng wèn,"[qǐng wèn] Excuse me, may I ask...?",,general-and-abstract,zh-vocab-adapted,https://raw.githubusercontent.com/drkameleon/complete-hsk-vocabulary/7ac65bf1a6387d35f1ade478906172a19311c7f9/complete.json#/6726,2021-standard-derived upstream new-1; not 2025 exam
zh-hsk1-00304,请坐,qǐng zuò,"[qǐng zuò] please, have a seat",,general-and-abstract,zh-vocab-adapted,https://raw.githubusercontent.com/drkameleon/complete-hsk-vocabulary/7ac65bf1a6387d35f1ade478906172a19311c7f9/complete.json#/6727,2021-standard-derived upstream new-1; not 2025 exam
zh-hsk1-00305,球,qiú,[qiú] ball; sphere; globe; ball game; match,,general-and-abstract,zh-vocab-adapted,https://raw.githubusercontent.com/drkameleon/complete-hsk-vocabulary/7ac65bf1a6387d35f1ade478906172a19311c7f9/complete.json#/6747,2021-standard-derived upstream new-1; not 2025 exam
zh-hsk1-00306,去,qù,[qù] to go; to go to (a place); (of a time etc) last; just passed; to send; to remove; to get rid of; to reduce; to be apart from in space or time; to die (euphemism); to play (a part); (when used either before or after a verb) to go in order to do sth; (after a verb of motion indicates movement away from the speaker); (used after certain verbs to indicate detachment or separation),,time-and-quantity,zh-vocab-adapted,https://raw.githubusercontent.com/drkameleon/complete-hsk-vocabulary/7ac65bf1a6387d35f1ade478906172a19311c7f9/complete.json#/6783,2021-standard-derived upstream new-1; not 2025 exam
zh-hsk1-00307,去年,qù nián,[qù nián] last year,,time-and-quantity,zh-vocab-adapted,https://raw.githubusercontent.com/drkameleon/complete-hsk-vocabulary/7ac65bf1a6387d35f1ade478906172a19311c7f9/complete.json#/6787,2021-standard-derived upstream new-1; not 2025 exam
zh-hsk1-00308,热,rè,[rè] to warm up; to heat up; hot (of weather); heat; fervent,,nature-and-technology,zh-vocab-adapted,https://raw.githubusercontent.com/drkameleon/complete-hsk-vocabulary/7ac65bf1a6387d35f1ade478906172a19311c7f9/complete.json#/6874,2021-standard-derived upstream new-1; not 2025 exam
zh-hsk1-00309,人,rén,[rén] person; people,,general-and-abstract,zh-vocab-adapted,https://raw.githubusercontent.com/drkameleon/complete-hsk-vocabulary/7ac65bf1a6387d35f1ade478906172a19311c7f9/complete.json#/6893,2021-standard-derived upstream new-1; not 2025 exam
zh-hsk1-00310,认识,rèn shi,[rèn shi] to know; to recognize; to be familiar with; to get acquainted with sb; knowledge; understanding; awareness; cognition,,general-and-abstract,zh-vocab-adapted,https://raw.githubusercontent.com/drkameleon/complete-hsk-vocabulary/7ac65bf1a6387d35f1ade478906172a19311c7f9/complete.json#/6944,2021-standard-derived upstream new-1; not 2025 exam
zh-hsk1-00311,认真,rèn zhēn,[rèn zhēn] conscientious; earnest; serious; to take seriously; to take to heart,,general-and-abstract,zh-vocab-adapted,https://raw.githubusercontent.com/drkameleon/complete-hsk-vocabulary/7ac65bf1a6387d35f1ade478906172a19311c7f9/complete.json#/6947,2021-standard-derived upstream new-1; not 2025 exam
zh-hsk1-00312,日,Rì / rì,"[Rì] Japan / [rì] sun; day; date, day of the month",,time-and-quantity,zh-vocab-adapted,https://raw.githubusercontent.com/drkameleon/complete-hsk-vocabulary/7ac65bf1a6387d35f1ade478906172a19311c7f9/complete.json#/6965,2021-standard-derived upstream new-1; not 2025 exam
zh-hsk1-00313,日期,rì qī,[rì qī] date,,general-and-abstract,zh-vocab-adapted,https://raw.githubusercontent.com/drkameleon/complete-hsk-vocabulary/7ac65bf1a6387d35f1ade478906172a19311c7f9/complete.json#/6973,2021-standard-derived upstream new-1; not 2025 exam
zh-hsk1-00314,肉,ròu,[ròu] meat; flesh; pulp (of a fruit); (coll.) (of a fruit) squashy; (of a person) flabby; irresolute,,food-and-shopping,zh-vocab-adapted,https://raw.githubusercontent.com/drkameleon/complete-hsk-vocabulary/7ac65bf1a6387d35f1ade478906172a19311c7f9/complete.json#/7004,2021-standard-derived upstream new-1; not 2025 exam
zh-hsk1-00315,三,Sān / sān,[Sān] surname San / [sān] three,,general-and-abstract,zh-vocab-adapted,https://raw.githubusercontent.com/drkameleon/complete-hsk-vocabulary/7ac65bf1a6387d35f1ade478906172a19311c7f9/complete.json#/7051,2021-standard-derived upstream new-1; not 2025 exam
zh-hsk1-00316,山,Shān / shān,[Shān] surname Shan / [shān] mountain; hill; (coll.) small bundle of straw for silkworms to spin cocoons on,,travel-and-places,zh-vocab-adapted,https://raw.githubusercontent.com/drkameleon/complete-hsk-vocabulary/7ac65bf1a6387d35f1ade478906172a19311c7f9/complete.json#/7099,2021-standard-derived upstream new-1; not 2025 exam
zh-hsk1-00317,商场,shāng chǎng,[shāng chǎng] shopping mall; shopping center; department store; emporium; the business world,,general-and-abstract,zh-vocab-adapted,https://raw.githubusercontent.com/drkameleon/complete-hsk-vocabulary/7ac65bf1a6387d35f1ade478906172a19311c7f9/complete.json#/7139,2021-standard-derived upstream new-1; not 2025 exam
zh-hsk1-00318,商店,shāng diàn,[shāng diàn] store; shop,,food-and-shopping,zh-vocab-adapted,https://raw.githubusercontent.com/drkameleon/complete-hsk-vocabulary/7ac65bf1a6387d35f1ade478906172a19311c7f9/complete.json#/7141,2021-standard-derived upstream new-1; not 2025 exam
zh-hsk1-00319,上,shàng,[shàng] (bound form) up; upper; above; previous; first (of multiple parts); to climb; to get onto; to go up; to attend (class or university); (directional complement) up; (noun suffix) on; above,,general-and-abstract,zh-vocab-adapted,https://raw.githubusercontent.com/drkameleon/complete-hsk-vocabulary/7ac65bf1a6387d35f1ade478906172a19311c7f9/complete.json#/7151,2021-standard-derived upstream new-1; not 2025 exam
zh-hsk1-00320,上班,shàng bān,[shàng bān] to go to work; to be on duty; to start work; to go to the office,,study-and-work,zh-vocab-adapted,https://raw.githubusercontent.com/drkameleon/complete-hsk-vocabulary/7ac65bf1a6387d35f1ade478906172a19311c7f9/complete.json#/7152,2021-standard-derived upstream new-1; not 2025 exam
zh-hsk1-00321,上边,shàng bian,[shàng bian] the top; above; overhead; upwards; the top margin; above-mentioned; those higher up,,general-and-abstract,zh-vocab-adapted,https://raw.githubusercontent.com/drkameleon/complete-hsk-vocabulary/7ac65bf1a6387d35f1ade478906172a19311c7f9/complete.json#/7155,2021-standard-derived upstream new-1; not 2025 exam
zh-hsk1-00322,上车,shàng chē,"[shàng chē] to get on or into (a bus, train, car etc)",,travel-and-places,zh-vocab-adapted,https://raw.githubusercontent.com/drkameleon/complete-hsk-vocabulary/7ac65bf1a6387d35f1ade478906172a19311c7f9/complete.json#/7157,2021-standard-derived upstream new-1; not 2025 exam
zh-hsk1-00323,上次,shàng cì,[shàng cì] last time,,time-and-quantity,zh-vocab-adapted,https://raw.githubusercontent.com/drkameleon/complete-hsk-vocabulary/7ac65bf1a6387d35f1ade478906172a19311c7f9/complete.json#/7158,2021-standard-derived upstream new-1; not 2025 exam
zh-hsk1-00324,上课,shàng kè,[shàng kè] to go to class; to attend class; to go to teach a class,,study-and-work,zh-vocab-adapted,https://raw.githubusercontent.com/drkameleon/complete-hsk-vocabulary/7ac65bf1a6387d35f1ade478906172a19311c7f9/complete.json#/7168,2021-standard-derived upstream new-1; not 2025 exam
zh-hsk1-00325,上网,shàng wǎng,"[shàng wǎng] to go online; to connect to the Internet; (of a document etc) to be uploaded to the Internet; (tennis, volleyball etc) to move in close to the net",,general-and-abstract,zh-vocab-adapted,https://raw.githubusercontent.com/drkameleon/complete-hsk-vocabulary/7ac65bf1a6387d35f1ade478906172a19311c7f9/complete.json#/7185,2021-standard-derived upstream new-1; not 2025 exam
zh-hsk1-00326,上午,shàng wǔ,[shàng wǔ] morning,,general-and-abstract,zh-vocab-adapted,https://raw.githubusercontent.com/drkameleon/complete-hsk-vocabulary/7ac65bf1a6387d35f1ade478906172a19311c7f9/complete.json#/7186,2021-standard-derived upstream new-1; not 2025 exam
zh-hsk1-00327,上学,shàng xué,[shàng xué] to go to school; to attend school,,study-and-work,zh-vocab-adapted,https://raw.githubusercontent.com/drkameleon/complete-hsk-vocabulary/7ac65bf1a6387d35f1ade478906172a19311c7f9/complete.json#/7189,2021-standard-derived upstream new-1; not 2025 exam
zh-hsk1-00328,少,shǎo / shào,[shǎo] few; less; to lack; to be missing; to stop (doing sth); seldom / [shào] young,,general-and-abstract,zh-vocab-adapted,https://raw.githubusercontent.com/drkameleon/complete-hsk-vocabulary/7ac65bf1a6387d35f1ade478906172a19311c7f9/complete.json#/7212,2021-standard-derived upstream new-1; not 2025 exam
zh-hsk1-00329,身上,shēn shang,[shēn shang] on the body; at hand; among,,health-and-body,zh-vocab-adapted,https://raw.githubusercontent.com/drkameleon/complete-hsk-vocabulary/7ac65bf1a6387d35f1ade478906172a19311c7f9/complete.json#/7272,2021-standard-derived upstream new-1; not 2025 exam
zh-hsk1-00330,身体,shēn tǐ,[shēn tǐ] the body; one's health; in person,,health-and-body,zh-vocab-adapted,https://raw.githubusercontent.com/drkameleon/complete-hsk-vocabulary/7ac65bf1a6387d35f1ade478906172a19311c7f9/complete.json#/7273,2021-standard-derived upstream new-1; not 2025 exam
zh-hsk1-00331,什么,shén me,[shén me] what?; something; anything,,general-and-abstract,zh-vocab-adapted,https://raw.githubusercontent.com/drkameleon/complete-hsk-vocabulary/7ac65bf1a6387d35f1ade478906172a19311c7f9/complete.json#/7298,2021-standard-derived upstream new-1; not 2025 exam
zh-hsk1-00332,生病,shēng bìng,[shēng bìng] to fall ill,,general-and-abstract,zh-vocab-adapted,https://raw.githubusercontent.com/drkameleon/complete-hsk-vocabulary/7ac65bf1a6387d35f1ade478906172a19311c7f9/complete.json#/7333,2021-standard-derived upstream new-1; not 2025 exam
zh-hsk1-00333,生气,shēng qì,[shēng qì] to get angry; to take offense; angry; vitality; liveliness,,general-and-abstract,zh-vocab-adapted,https://raw.githubusercontent.com/drkameleon/complete-hsk-vocabulary/7ac65bf1a6387d35f1ade478906172a19311c7f9/complete.json#/7347,2021-standard-derived upstream new-1; not 2025 exam
zh-hsk1-00334,生日,shēng rì,[shēng rì] birthday,,general-and-abstract,zh-vocab-adapted,https://raw.githubusercontent.com/drkameleon/complete-hsk-vocabulary/7ac65bf1a6387d35f1ade478906172a19311c7f9/complete.json#/7349,2021-standard-derived upstream new-1; not 2025 exam
zh-hsk1-00335,十,shí,[shí] ten,,general-and-abstract,zh-vocab-adapted,https://raw.githubusercontent.com/drkameleon/complete-hsk-vocabulary/7ac65bf1a6387d35f1ade478906172a19311c7f9/complete.json#/7429,2021-standard-derived upstream new-1; not 2025 exam
zh-hsk1-00336,时候,shí hou,[shí hou] time; length of time; moment; period,,time-and-quantity,zh-vocab-adapted,https://raw.githubusercontent.com/drkameleon/complete-hsk-vocabulary/7ac65bf1a6387d35f1ade478906172a19311c7f9/complete.json#/7445,2021-standard-derived upstream new-1; not 2025 exam
zh-hsk1-00337,时间,shí jiān,[shí jiān] time; period,,time-and-quantity,zh-vocab-adapted,https://raw.githubusercontent.com/drkameleon/complete-hsk-vocabulary/7ac65bf1a6387d35f1ade478906172a19311c7f9/complete.json#/7447,2021-standard-derived upstream new-1; not 2025 exam
zh-hsk1-00338,事,shì,[shì] matter; thing; item; work; affair,,study-and-work,zh-vocab-adapted,https://raw.githubusercontent.com/drkameleon/complete-hsk-vocabulary/7ac65bf1a6387d35f1ade478906172a19311c7f9/complete.json#/7520,2021-standard-derived upstream new-1; not 2025 exam
zh-hsk1-00339,试,shì,[shì] to test; to try; experiment; examination; test,,study-and-work,zh-vocab-adapted,https://raw.githubusercontent.com/drkameleon/complete-hsk-vocabulary/7ac65bf1a6387d35f1ade478906172a19311c7f9/complete.json#/7549,2021-standard-derived upstream new-1; not 2025 exam
zh-hsk1-00340,是,shì,[shì] to be (followed by substantives only); correct; right; true; (respectful acknowledgement of a command) very well; (adverb for emphatic assertion),,general-and-abstract,zh-vocab-adapted,https://raw.githubusercontent.com/drkameleon/complete-hsk-vocabulary/7ac65bf1a6387d35f1ade478906172a19311c7f9/complete.json#/7560,2021-standard-derived upstream new-1; not 2025 exam
zh-hsk1-00341,是不是,shì bù shì,[shì bù shì] is or isn't; yes or no; whether or not,,general-and-abstract,zh-vocab-adapted,https://raw.githubusercontent.com/drkameleon/complete-hsk-vocabulary/7ac65bf1a6387d35f1ade478906172a19311c7f9/complete.json#/7561,2021-standard-derived upstream new-1; not 2025 exam
zh-hsk1-00342,手,shǒu,[shǒu] hand; (formal) to hold; person engaged in certain types of work; person skilled in certain types of work; personal(ly); convenient; classifier for skill,,study-and-work;health-and-body,zh-vocab-adapted,https://raw.githubusercontent.com/drkameleon/complete-hsk-vocabulary/7ac65bf1a6387d35f1ade478906172a19311c7f9/complete.json#/7604,2021-standard-derived upstream new-1; not 2025 exam
zh-hsk1-00343,手机,shǒu jī,[shǒu jī] cell phone; mobile phone,,general-and-abstract,zh-vocab-adapted,https://raw.githubusercontent.com/drkameleon/complete-hsk-vocabulary/7ac65bf1a6387d35f1ade478906172a19311c7f9/complete.json#/7612,2021-standard-derived upstream new-1; not 2025 exam
zh-hsk1-00344,书,shū,[shū] book; letter; document; to write,,study-and-work,zh-vocab-adapted,https://raw.githubusercontent.com/drkameleon/complete-hsk-vocabulary/7ac65bf1a6387d35f1ade478906172a19311c7f9/complete.json#/7667,2021-standard-derived upstream new-1; not 2025 exam
zh-hsk1-00345,书包,shū bāo,[shū bāo] schoolbag; satchel; bookbag,,general-and-abstract,zh-vocab-adapted,https://raw.githubusercontent.com/drkameleon/complete-hsk-vocabulary/7ac65bf1a6387d35f1ade478906172a19311c7f9/complete.json#/7668,2021-standard-derived upstream new-1; not 2025 exam
zh-hsk1-00346,书店,shū diàn,[shū diàn] bookstore,,general-and-abstract,zh-vocab-adapted,https://raw.githubusercontent.com/drkameleon/complete-hsk-vocabulary/7ac65bf1a6387d35f1ade478906172a19311c7f9/complete.json#/7670,2021-standard-derived upstream new-1; not 2025 exam
zh-hsk1-00347,树,shù,[shù] tree; to cultivate; to set up,,general-and-abstract,zh-vocab-adapted,https://raw.githubusercontent.com/drkameleon/complete-hsk-vocabulary/7ac65bf1a6387d35f1ade478906172a19311c7f9/complete.json#/7718,2021-standard-derived upstream new-1; not 2025 exam
zh-hsk1-00348,谁,shéi,[shéi] who; also pr.,,general-and-abstract,zh-vocab-adapted,https://raw.githubusercontent.com/drkameleon/complete-hsk-vocabulary/7ac65bf1a6387d35f1ade478906172a19311c7f9/complete.json#/7767,2021-standard-derived upstream new-1; not 2025 exam
zh-hsk1-00349,水,Shuǐ / shuǐ,[Shuǐ] surname Shui / [shuǐ] water; river; liquid; beverage; additional charges or income; (of clothes) classifier for number of washes,,time-and-quantity;travel-and-places,zh-vocab-adapted,https://raw.githubusercontent.com/drkameleon/complete-hsk-vocabulary/7ac65bf1a6387d35f1ade478906172a19311c7f9/complete.json#/7769,2021-standard-derived upstream new-1; not 2025 exam
zh-hsk1-00350,水果,shuǐ guǒ,[shuǐ guǒ] fruit,,food-and-shopping,zh-vocab-adapted,https://raw.githubusercontent.com/drkameleon/complete-hsk-vocabulary/7ac65bf1a6387d35f1ade478906172a19311c7f9/complete.json#/7775,2021-standard-derived upstream new-1; not 2025 exam
zh-hsk1-00351,睡,shuì,[shuì] to sleep; to lie down,,general-and-abstract,zh-vocab-adapted,https://raw.githubusercontent.com/drkameleon/complete-hsk-vocabulary/7ac65bf1a6387d35f1ade478906172a19311c7f9/complete.json#/7797,2021-standard-derived upstream new-1; not 2025 exam
zh-hsk1-00352,睡觉,shuì jiào,[shuì jiào] to go to bed; to sleep,,general-and-abstract,zh-vocab-adapted,https://raw.githubusercontent.com/drkameleon/complete-hsk-vocabulary/7ac65bf1a6387d35f1ade478906172a19311c7f9/complete.json#/7799,2021-standard-derived upstream new-1; not 2025 exam
zh-hsk1-00353,说,shuì / shuō,[shuì] to persuade / [shuō] to speak; to talk; to say; to explain; to comment; to scold; to tell off; (bound form) theory; doctrine,,thought-and-communication,zh-vocab-adapted,https://raw.githubusercontent.com/drkameleon/complete-hsk-vocabulary/7ac65bf1a6387d35f1ade478906172a19311c7f9/complete.json#/7818,2021-standard-derived upstream new-1; not 2025 exam
zh-hsk1-00354,说话,shuō huà,[shuō huà] to speak; to say; to talk; to gossip; to tell stories; talk; word,,thought-and-communication,zh-vocab-adapted,https://raw.githubusercontent.com/drkameleon/complete-hsk-vocabulary/7ac65bf1a6387d35f1ade478906172a19311c7f9/complete.json#/7827,2021-standard-derived upstream new-1; not 2025 exam
zh-hsk1-00355,四,sì,[sì] four,,general-and-abstract,zh-vocab-adapted,https://raw.githubusercontent.com/drkameleon/complete-hsk-vocabulary/7ac65bf1a6387d35f1ade478906172a19311c7f9/complete.json#/7870,2021-standard-derived upstream new-1; not 2025 exam
zh-hsk1-00356,送,sòng,[sòng] to send; to deliver; to transmit; to give (as a present); to see (sb) off; to accompany; to go along with,,general-and-abstract,zh-vocab-adapted,https://raw.githubusercontent.com/drkameleon/complete-hsk-vocabulary/7ac65bf1a6387d35f1ade478906172a19311c7f9/complete.json#/7888,2021-standard-derived upstream new-1; not 2025 exam
zh-hsk1-00357,岁,suì,[suì] year; years old / [suì] classifier for years (of age); year; year (of crop harvests),,time-and-quantity,zh-vocab-adapted,https://raw.githubusercontent.com/drkameleon/complete-hsk-vocabulary/7ac65bf1a6387d35f1ade478906172a19311c7f9/complete.json#/7950,2021-standard-derived upstream new-1; not 2025 exam
zh-hsk1-00358,他,tā,[tā] he; him (used for either sex when the sex is unknown or unimportant); (used before sb's name for emphasis); (used as a meaningless mock object); (literary) other,,general-and-abstract,zh-vocab-adapted,https://raw.githubusercontent.com/drkameleon/complete-hsk-vocabulary/7ac65bf1a6387d35f1ade478906172a19311c7f9/complete.json#/7982,2021-standard-derived upstream new-1; not 2025 exam
zh-hsk1-00359,他们,tā men,[tā men] they,,general-and-abstract,zh-vocab-adapted,https://raw.githubusercontent.com/drkameleon/complete-hsk-vocabulary/7ac65bf1a6387d35f1ade478906172a19311c7f9/complete.json#/7983,2021-standard-derived upstream new-1; not 2025 exam
zh-hsk1-00360,她,tā,[tā] she,,general-and-abstract,zh-vocab-adapted,https://raw.githubusercontent.com/drkameleon/complete-hsk-vocabulary/7ac65bf1a6387d35f1ade478906172a19311c7f9/complete.json#/7987,2021-standard-derived upstream new-1; not 2025 exam
zh-hsk1-00361,她们,tā men,[tā men] they; them (for females),,general-and-abstract,zh-vocab-adapted,https://raw.githubusercontent.com/drkameleon/complete-hsk-vocabulary/7ac65bf1a6387d35f1ade478906172a19311c7f9/complete.json#/7988,2021-standard-derived upstream new-1; not 2025 exam
zh-hsk1-00362,太,tài,[tài] highest; greatest; too (much); very; extremely,,general-and-abstract,zh-vocab-adapted,https://raw.githubusercontent.com/drkameleon/complete-hsk-vocabulary/7ac65bf1a6387d35f1ade478906172a19311c7f9/complete.json#/8006,2021-standard-derived upstream new-1; not 2025 exam
zh-hsk1-00363,天,tiān,[tiān] day; sky; heaven,,time-and-quantity,zh-vocab-adapted,https://raw.githubusercontent.com/drkameleon/complete-hsk-vocabulary/7ac65bf1a6387d35f1ade478906172a19311c7f9/complete.json#/8166,2021-standard-derived upstream new-1; not 2025 exam
zh-hsk1-00364,天气,tiān qì,[tiān qì] weather,,nature-and-technology,zh-vocab-adapted,https://raw.githubusercontent.com/drkameleon/complete-hsk-vocabulary/7ac65bf1a6387d35f1ade478906172a19311c7f9/complete.json#/8176,2021-standard-derived upstream new-1; not 2025 exam
zh-hsk1-00365,听,yǐn / tīng,"[yǐn] smile (archaic) / [tīng] to listen to; to hear; to heed; to obey; a can (loanword from English ""tin""); classifier for canned beverages; to let be; to allow (Taiwan pr. ); (literary) to administer; to deal with (Taiwan pr. )",,general-and-abstract,zh-vocab-adapted,https://raw.githubusercontent.com/drkameleon/complete-hsk-vocabulary/7ac65bf1a6387d35f1ade478906172a19311c7f9/complete.json#/8235,2021-standard-derived upstream new-1; not 2025 exam
zh-hsk1-00366,听到,tīng dào,[tīng dào] to hear,,general-and-abstract,zh-vocab-adapted,https://raw.githubusercontent.com/drkameleon/complete-hsk-vocabulary/7ac65bf1a6387d35f1ade478906172a19311c7f9/complete.json#/8237,2021-standard-derived upstream new-1; not 2025 exam
zh-hsk1-00367,听见,tīng jiàn,[tīng jiàn] to hear,,general-and-abstract,zh-vocab-adapted,https://raw.githubusercontent.com/drkameleon/complete-hsk-vocabulary/7ac65bf1a6387d35f1ade478906172a19311c7f9/complete.json#/8239,2021-standard-derived upstream new-1; not 2025 exam
zh-hsk1-00368,听写,tīng xiě,[tīng xiě] (of a pupil) to write down (in a dictation exercise); dictation; (music) to transcribe by ear,,general-and-abstract,zh-vocab-adapted,https://raw.githubusercontent.com/drkameleon/complete-hsk-vocabulary/7ac65bf1a6387d35f1ade478906172a19311c7f9/complete.json#/8244,2021-standard-derived upstream new-1; not 2025 exam
zh-hsk1-00369,同学,tóng xué,[tóng xué] to study at the same school; fellow student; classmate,,study-and-work,zh-vocab-adapted,https://raw.githubusercontent.com/drkameleon/complete-hsk-vocabulary/7ac65bf1a6387d35f1ade478906172a19311c7f9/complete.json#/8304,2021-standard-derived upstream new-1; not 2025 exam
zh-hsk1-00370,图书馆,tú shū guǎn,[tú shū guǎn] library,,general-and-abstract,zh-vocab-adapted,https://raw.githubusercontent.com/drkameleon/complete-hsk-vocabulary/7ac65bf1a6387d35f1ade478906172a19311c7f9/complete.json#/8379,2021-standard-derived upstream new-1; not 2025 exam
zh-hsk1-00371,外,wài,[wài] outside; in addition; foreign; external,,general-and-abstract,zh-vocab-adapted,https://raw.githubusercontent.com/drkameleon/complete-hsk-vocabulary/7ac65bf1a6387d35f1ade478906172a19311c7f9/complete.json#/8479,2021-standard-derived upstream new-1; not 2025 exam
zh-hsk1-00372,外边,wài bian,[wài bian] outside; outer surface; abroad; place other than one's home,,general-and-abstract,zh-vocab-adapted,https://raw.githubusercontent.com/drkameleon/complete-hsk-vocabulary/7ac65bf1a6387d35f1ade478906172a19311c7f9/complete.json#/8481,2021-standard-derived upstream new-1; not 2025 exam
zh-hsk1-00373,外国,wài guó,[wài guó] foreign (country),,travel-and-places,zh-vocab-adapted,https://raw.githubusercontent.com/drkameleon/complete-hsk-vocabulary/7ac65bf1a6387d35f1ade478906172a19311c7f9/complete.json#/8488,2021-standard-derived upstream new-1; not 2025 exam
zh-hsk1-00374,外语,wài yǔ,[wài yǔ] foreign language,,thought-and-communication,zh-vocab-adapted,https://raw.githubusercontent.com/drkameleon/complete-hsk-vocabulary/7ac65bf1a6387d35f1ade478906172a19311c7f9/complete.json#/8511,2021-standard-derived upstream new-1; not 2025 exam
zh-hsk1-00375,玩儿,wán r,[wán r] to play; to have fun; to hang out,,general-and-abstract,zh-vocab-adapted,https://raw.githubusercontent.com/drkameleon/complete-hsk-vocabulary/7ac65bf1a6387d35f1ade478906172a19311c7f9/complete.json#/8529,2021-standard-derived upstream new-1; not 2025 exam
zh-hsk1-00376,晚,wǎn,[wǎn] evening; night; late,,general-and-abstract,zh-vocab-adapted,https://raw.githubusercontent.com/drkameleon/complete-hsk-vocabulary/7ac65bf1a6387d35f1ade478906172a19311c7f9/complete.json#/8541,2021-standard-derived upstream new-1; not 2025 exam
zh-hsk1-00377,晚饭,wǎn fàn,[wǎn fàn] evening meal; dinner; supper,,general-and-abstract,zh-vocab-adapted,https://raw.githubusercontent.com/drkameleon/complete-hsk-vocabulary/7ac65bf1a6387d35f1ade478906172a19311c7f9/complete.json#/8546,2021-standard-derived upstream new-1; not 2025 exam
zh-hsk1-00378,晚上,wǎn shang,[wǎn shang] evening; night; in the evening,,general-and-abstract,zh-vocab-adapted,https://raw.githubusercontent.com/drkameleon/complete-hsk-vocabulary/7ac65bf1a6387d35f1ade478906172a19311c7f9/complete.json#/8551,2021-standard-derived upstream new-1; not 2025 exam
zh-hsk1-00379,网上,wǎng shàng,[wǎng shàng] online,,general-and-abstract,zh-vocab-adapted,https://raw.githubusercontent.com/drkameleon/complete-hsk-vocabulary/7ac65bf1a6387d35f1ade478906172a19311c7f9/complete.json#/8573,2021-standard-derived upstream new-1; not 2025 exam
zh-hsk1-00380,网友,wǎng yǒu,[wǎng yǒu] online friend; Internet user,,people-and-relationships,zh-vocab-adapted,https://raw.githubusercontent.com/drkameleon/complete-hsk-vocabulary/7ac65bf1a6387d35f1ade478906172a19311c7f9/complete.json#/8575,2021-standard-derived upstream new-1; not 2025 exam
zh-hsk1-00381,忘,wàng,[wàng] to forget; to overlook; to neglect,,general-and-abstract,zh-vocab-adapted,https://raw.githubusercontent.com/drkameleon/complete-hsk-vocabulary/7ac65bf1a6387d35f1ade478906172a19311c7f9/complete.json#/8588,2021-standard-derived upstream new-1; not 2025 exam
zh-hsk1-00382,忘记,wàng jì,[wàng jì] to forget,,general-and-abstract,zh-vocab-adapted,https://raw.githubusercontent.com/drkameleon/complete-hsk-vocabulary/7ac65bf1a6387d35f1ade478906172a19311c7f9/complete.json#/8591,2021-standard-derived upstream new-1; not 2025 exam
zh-hsk1-00383,问,wèn,[wèn] to ask; to inquire,,general-and-abstract,zh-vocab-adapted,https://raw.githubusercontent.com/drkameleon/complete-hsk-vocabulary/7ac65bf1a6387d35f1ade478906172a19311c7f9/complete.json#/8726,2021-standard-derived upstream new-1; not 2025 exam
zh-hsk1-00384,我,wǒ,[wǒ] I; me; my,,general-and-abstract,zh-vocab-adapted,https://raw.githubusercontent.com/drkameleon/complete-hsk-vocabulary/7ac65bf1a6387d35f1ade478906172a19311c7f9/complete.json#/8733,2021-standard-derived upstream new-1; not 2025 exam
zh-hsk1-00385,我们,wǒ men,[wǒ men] we; us; ourselves; our,,general-and-abstract,zh-vocab-adapted,https://raw.githubusercontent.com/drkameleon/complete-hsk-vocabulary/7ac65bf1a6387d35f1ade478906172a19311c7f9/complete.json#/8734,2021-standard-derived upstream new-1; not 2025 exam
zh-hsk1-00386,五,wǔ,[wǔ] five,,general-and-abstract,zh-vocab-adapted,https://raw.githubusercontent.com/drkameleon/complete-hsk-vocabulary/7ac65bf1a6387d35f1ade478906172a19311c7f9/complete.json#/8809,2021-standard-derived upstream new-1; not 2025 exam
zh-hsk1-00387,午饭,wǔ fàn,[wǔ fàn] lunch,,general-and-abstract,zh-vocab-adapted,https://raw.githubusercontent.com/drkameleon/complete-hsk-vocabulary/7ac65bf1a6387d35f1ade478906172a19311c7f9/complete.json#/8814,2021-standard-derived upstream new-1; not 2025 exam
zh-hsk1-00388,洗,xǐ,[xǐ] to wash; to bathe; to develop (photographs); to shuffle (cards etc); to erase (a recording),,general-and-abstract,zh-vocab-adapted,https://raw.githubusercontent.com/drkameleon/complete-hsk-vocabulary/7ac65bf1a6387d35f1ade478906172a19311c7f9/complete.json#/8876,2021-standard-derived upstream new-1; not 2025 exam
zh-hsk1-00389,洗手间,xǐ shǒu jiān,[xǐ shǒu jiān] toilet; lavatory; washroom,,general-and-abstract,zh-vocab-adapted,https://raw.githubusercontent.com/drkameleon/complete-hsk-vocabulary/7ac65bf1a6387d35f1ade478906172a19311c7f9/complete.json#/8879,2021-standard-derived upstream new-1; not 2025 exam
zh-hsk1-00390,喜欢,xǐ huan,[xǐ huan] to like; to be fond of,,general-and-abstract,zh-vocab-adapted,https://raw.githubusercontent.com/drkameleon/complete-hsk-vocabulary/7ac65bf1a6387d35f1ade478906172a19311c7f9/complete.json#/8886,2021-standard-derived upstream new-1; not 2025 exam
zh-hsk1-00391,西,Xī / xī,[Xī] the West; Spanish / [xī] west,,general-and-abstract,zh-vocab-adapted,https://raw.githubusercontent.com/drkameleon/complete-hsk-vocabulary/7ac65bf1a6387d35f1ade478906172a19311c7f9/complete.json#/8911,2021-standard-derived upstream new-1; not 2025 exam
zh-hsk1-00392,西边,xī biān,[xī biān] west; west side; western part; to the west of,,general-and-abstract,zh-vocab-adapted,https://raw.githubusercontent.com/drkameleon/complete-hsk-vocabulary/7ac65bf1a6387d35f1ade478906172a19311c7f9/complete.json#/8914,2021-standard-derived upstream new-1; not 2025 exam
zh-hsk1-00393,下,xià,"[xià] down; downwards; below; lower; later; next (week etc); second (of two parts); to decline; to go down; to arrive at (a decision, conclusion etc); measure word to show the frequency of an action",,time-and-quantity,zh-vocab-adapted,https://raw.githubusercontent.com/drkameleon/complete-hsk-vocabulary/7ac65bf1a6387d35f1ade478906172a19311c7f9/complete.json#/8932,2021-standard-derived upstream new-1; not 2025 exam
zh-hsk1-00394,下班,xià bān,[xià bān] to finish work; to get off work,,study-and-work,zh-vocab-adapted,https://raw.githubusercontent.com/drkameleon/complete-hsk-vocabulary/7ac65bf1a6387d35f1ade478906172a19311c7f9/complete.json#/8933,2021-standard-derived upstream new-1; not 2025 exam
zh-hsk1-00395,下边,xià bian,[xià bian] under; the underside; below,,general-and-abstract,zh-vocab-adapted,https://raw.githubusercontent.com/drkameleon/complete-hsk-vocabulary/7ac65bf1a6387d35f1ade478906172a19311c7f9/complete.json#/8934,2021-standard-derived upstream new-1; not 2025 exam
zh-hsk1-00396,下车,xià chē,"[xià chē] to get off or out of (a bus, train, car etc)",,travel-and-places,zh-vocab-adapted,https://raw.githubusercontent.com/drkameleon/complete-hsk-vocabulary/7ac65bf1a6387d35f1ade478906172a19311c7f9/complete.json#/8936,2021-standard-derived upstream new-1; not 2025 exam
zh-hsk1-00397,下次,xià cì,[xià cì] next time,,time-and-quantity,zh-vocab-adapted,https://raw.githubusercontent.com/drkameleon/complete-hsk-vocabulary/7ac65bf1a6387d35f1ade478906172a19311c7f9/complete.json#/8937,2021-standard-derived upstream new-1; not 2025 exam
zh-hsk1-00398,下课,xià kè,[xià kè] to finish class; to get out of class; (fig.) (esp. of a sports coach) to be dismissed; to be fired,,general-and-abstract,zh-vocab-adapted,https://raw.githubusercontent.com/drkameleon/complete-hsk-vocabulary/7ac65bf1a6387d35f1ade478906172a19311c7f9/complete.json#/8947,2021-standard-derived upstream new-1; not 2025 exam
zh-hsk1-00399,下午,xià wǔ,[xià wǔ] afternoon,,general-and-abstract,zh-vocab-adapted,https://raw.githubusercontent.com/drkameleon/complete-hsk-vocabulary/7ac65bf1a6387d35f1ade478906172a19311c7f9/complete.json#/8960,2021-standard-derived upstream new-1; not 2025 exam
zh-hsk1-00400,下雨,xià yǔ,[xià yǔ] to rain,,nature-and-technology,zh-vocab-adapted,https://raw.githubusercontent.com/drkameleon/complete-hsk-vocabulary/7ac65bf1a6387d35f1ade478906172a19311c7f9/complete.json#/8967,2021-standard-derived upstream new-1; not 2025 exam
zh-hsk1-00401,先,xiān,[xiān] early; prior; former; in advance; first,,general-and-abstract,zh-vocab-adapted,https://raw.githubusercontent.com/drkameleon/complete-hsk-vocabulary/7ac65bf1a6387d35f1ade478906172a19311c7f9/complete.json#/8978,2021-standard-derived upstream new-1; not 2025 exam
zh-hsk1-00402,先生,xiān sheng,[xiān sheng] teacher; gentleman; sir; mister (Mr.); husband; (dialect) doctor,,people-and-relationships;health-and-body,zh-vocab-adapted,https://raw.githubusercontent.com/drkameleon/complete-hsk-vocabulary/7ac65bf1a6387d35f1ade478906172a19311c7f9/complete.json#/8984,2021-standard-derived upstream new-1; not 2025 exam
zh-hsk1-00403,现在,xiàn zài,[xiàn zài] now; at present; at the moment; modern; current; nowadays,,general-and-abstract,zh-vocab-adapted,https://raw.githubusercontent.com/drkameleon/complete-hsk-vocabulary/7ac65bf1a6387d35f1ade478906172a19311c7f9/complete.json#/9028,2021-standard-derived upstream new-1; not 2025 exam
zh-hsk1-00404,想,xiǎng,[xiǎng] to think (about); to think of; to devise; to think (that); to believe (that); to desire; to want (to); to miss (feel wistful about the absence of),,thought-and-communication,zh-vocab-adapted,https://raw.githubusercontent.com/drkameleon/complete-hsk-vocabulary/7ac65bf1a6387d35f1ade478906172a19311c7f9/complete.json#/9109,2021-standard-derived upstream new-1; not 2025 exam
zh-hsk1-00405,小,xiǎo,[xiǎo] small; tiny; few; young,,general-and-abstract,zh-vocab-adapted,https://raw.githubusercontent.com/drkameleon/complete-hsk-vocabulary/7ac65bf1a6387d35f1ade478906172a19311c7f9/complete.json#/9154,2021-standard-derived upstream new-1; not 2025 exam
zh-hsk1-00406,小孩儿,xiǎo hái r,[xiǎo hái r] child,,people-and-relationships,zh-vocab-adapted,https://raw.githubusercontent.com/drkameleon/complete-hsk-vocabulary/7ac65bf1a6387d35f1ade478906172a19311c7f9/complete.json#/9159,2021-standard-derived upstream new-1; not 2025 exam
zh-hsk1-00407,小姐,xiǎo jie,[xiǎo jie] young lady; miss; (slang) prostitute,,general-and-abstract,zh-vocab-adapted,https://raw.githubusercontent.com/drkameleon/complete-hsk-vocabulary/7ac65bf1a6387d35f1ade478906172a19311c7f9/complete.json#/9161,2021-standard-derived upstream new-1; not 2025 exam
zh-hsk1-00408,小朋友,xiǎo péng yǒu,[xiǎo péng yǒu] child,,people-and-relationships,zh-vocab-adapted,https://raw.githubusercontent.com/drkameleon/complete-hsk-vocabulary/7ac65bf1a6387d35f1ade478906172a19311c7f9/complete.json#/9166,2021-standard-derived upstream new-1; not 2025 exam
zh-hsk1-00409,小时,xiǎo shí,[xiǎo shí] hour,,time-and-quantity,zh-vocab-adapted,https://raw.githubusercontent.com/drkameleon/complete-hsk-vocabulary/7ac65bf1a6387d35f1ade478906172a19311c7f9/complete.json#/9173,2021-standard-derived upstream new-1; not 2025 exam
zh-hsk1-00410,小学,xiǎo xué,[xiǎo xué] elementary school; primary school,,study-and-work,zh-vocab-adapted,https://raw.githubusercontent.com/drkameleon/complete-hsk-vocabulary/7ac65bf1a6387d35f1ade478906172a19311c7f9/complete.json#/9183,2021-standard-derived upstream new-1; not 2025 exam
zh-hsk1-00411,小学生,xiǎo xué shēng,[xiǎo xué shēng] primary school student; schoolchild; (fig.) beginner,,study-and-work,zh-vocab-adapted,https://raw.githubusercontent.com/drkameleon/complete-hsk-vocabulary/7ac65bf1a6387d35f1ade478906172a19311c7f9/complete.json#/9184,2021-standard-derived upstream new-1; not 2025 exam
zh-hsk1-00412,笑,xiào,[xiào] to laugh; to smile; to laugh at,,general-and-abstract,zh-vocab-adapted,https://raw.githubusercontent.com/drkameleon/complete-hsk-vocabulary/7ac65bf1a6387d35f1ade478906172a19311c7f9/complete.json#/9200,2021-standard-derived upstream new-1; not 2025 exam
zh-hsk1-00413,写,xiě,[xiě] to write,,general-and-abstract,zh-vocab-adapted,https://raw.githubusercontent.com/drkameleon/complete-hsk-vocabulary/7ac65bf1a6387d35f1ade478906172a19311c7f9/complete.json#/9224,2021-standard-derived upstream new-1; not 2025 exam
zh-hsk1-00414,谢谢,xiè xie,[xiè xie] to thank; thanks; thank you,,general-and-abstract,zh-vocab-adapted,https://raw.githubusercontent.com/drkameleon/complete-hsk-vocabulary/7ac65bf1a6387d35f1ade478906172a19311c7f9/complete.json#/9238,2021-standard-derived upstream new-1; not 2025 exam
zh-hsk1-00415,新,Xīn / xīn,[Xīn] surname Xin / [xīn] new; newly; meso- (chemistry),,general-and-abstract,zh-vocab-adapted,https://raw.githubusercontent.com/drkameleon/complete-hsk-vocabulary/7ac65bf1a6387d35f1ade478906172a19311c7f9/complete.json#/9277,2021-standard-derived upstream new-1; not 2025 exam
zh-hsk1-00416,新年,xīn nián,[xīn nián] New Year,,time-and-quantity,zh-vocab-adapted,https://raw.githubusercontent.com/drkameleon/complete-hsk-vocabulary/7ac65bf1a6387d35f1ade478906172a19311c7f9/complete.json#/9283,2021-standard-derived upstream new-1; not 2025 exam
zh-hsk1-00417,星期,xīng qī,[xīng qī] week; day of the week; Sunday,,time-and-quantity,zh-vocab-adapted,https://raw.githubusercontent.com/drkameleon/complete-hsk-vocabulary/7ac65bf1a6387d35f1ade478906172a19311c7f9/complete.json#/9311,2021-standard-derived upstream new-1; not 2025 exam
zh-hsk1-00418,星期日,Xīng qī rì,[Xīng qī rì] Sunday,,general-and-abstract,zh-vocab-adapted,https://raw.githubusercontent.com/drkameleon/complete-hsk-vocabulary/7ac65bf1a6387d35f1ade478906172a19311c7f9/complete.json#/9312,2021-standard-derived upstream new-1; not 2025 exam
zh-hsk1-00419,星期天,Xīng qī tiān,[Xīng qī tiān] Sunday,,general-and-abstract,zh-vocab-adapted,https://raw.githubusercontent.com/drkameleon/complete-hsk-vocabulary/7ac65bf1a6387d35f1ade478906172a19311c7f9/complete.json#/9313,2021-standard-derived upstream new-1; not 2025 exam
zh-hsk1-00420,行,háng / xíng,"[háng] row; line; commercial firm; line of business; profession; to rank (first, second etc) among one's siblings (by age); (in data tables) row; (Tw) column / [xíng] to walk; to go; to travel; a visit; temporary; makeshift; current; in circulation; to do; to perform; capable; competent; effective; all right; OK!; will do; behavior; conduct; Taiwan pr. for the behavior-conduct sense",,travel-and-places,zh-vocab-adapted,https://raw.githubusercontent.com/drkameleon/complete-hsk-vocabulary/7ac65bf1a6387d35f1ade478906172a19311c7f9/complete.json#/9320,2021-standard-derived upstream new-1; not 2025 exam
zh-hsk1-00421,休息,xiū xi,[xiū xi] rest; to rest,,general-and-abstract,zh-vocab-adapted,https://raw.githubusercontent.com/drkameleon/complete-hsk-vocabulary/7ac65bf1a6387d35f1ade478906172a19311c7f9/complete.json#/9399,2021-standard-derived upstream new-1; not 2025 exam
zh-hsk1-00422,学,xué,[xué] to learn; to study; to imitate; science; -ology,,study-and-work;nature-and-technology,zh-vocab-adapted,https://raw.githubusercontent.com/drkameleon/complete-hsk-vocabulary/7ac65bf1a6387d35f1ade478906172a19311c7f9/complete.json#/9487,2021-standard-derived upstream new-1; not 2025 exam
zh-hsk1-00423,学生,xué sheng,[xué sheng] student; schoolchild,,study-and-work,zh-vocab-adapted,https://raw.githubusercontent.com/drkameleon/complete-hsk-vocabulary/7ac65bf1a6387d35f1ade478906172a19311c7f9/complete.json#/9495,2021-standard-derived upstream new-1; not 2025 exam
zh-hsk1-00424,学习,xué xí,[xué xí] to learn; to study,,study-and-work,zh-vocab-adapted,https://raw.githubusercontent.com/drkameleon/complete-hsk-vocabulary/7ac65bf1a6387d35f1ade478906172a19311c7f9/complete.json#/9503,2021-standard-derived upstream new-1; not 2025 exam
zh-hsk1-00425,学校,xué xiào,[xué xiào] school,,study-and-work,zh-vocab-adapted,https://raw.githubusercontent.com/drkameleon/complete-hsk-vocabulary/7ac65bf1a6387d35f1ade478906172a19311c7f9/complete.json#/9504,2021-standard-derived upstream new-1; not 2025 exam
zh-hsk1-00426,学院,xué yuàn,[xué yuàn] college; educational institute; school; faculty,,study-and-work,zh-vocab-adapted,https://raw.githubusercontent.com/drkameleon/complete-hsk-vocabulary/7ac65bf1a6387d35f1ade478906172a19311c7f9/complete.json#/9508,2021-standard-derived upstream new-1; not 2025 exam
zh-hsk1-00427,要,yāo / yào,[yāo] (bound form) to demand; to coerce / [yào] to want; to need; to ask for; will; shall; about to; need to; should; if; (bound form) important,,general-and-abstract,zh-vocab-adapted,https://raw.githubusercontent.com/drkameleon/complete-hsk-vocabulary/7ac65bf1a6387d35f1ade478906172a19311c7f9/complete.json#/9705,2021-standard-derived upstream new-1; not 2025 exam
zh-hsk1-00428,也,Yě / yě,[Yě] surname Ye / [yě] (adverb) also; both ... and ... (before predicates only); (literary) sentence-final particle expressing exclamation or emphasis,,general-and-abstract,zh-vocab-adapted,https://raw.githubusercontent.com/drkameleon/complete-hsk-vocabulary/7ac65bf1a6387d35f1ade478906172a19311c7f9/complete.json#/9723,2021-standard-derived upstream new-1; not 2025 exam
zh-hsk1-00429,页,xié / yè,[xié] head / [yè] page; leaf,,health-and-body,zh-vocab-adapted,https://raw.githubusercontent.com/drkameleon/complete-hsk-vocabulary/7ac65bf1a6387d35f1ade478906172a19311c7f9/complete.json#/9741,2021-standard-derived upstream new-1; not 2025 exam
zh-hsk1-00430,爷爷,yé ye,[yé ye] (coll.) father's father; paternal grandfather,,people-and-relationships,zh-vocab-adapted,https://raw.githubusercontent.com/drkameleon/complete-hsk-vocabulary/7ac65bf1a6387d35f1ade478906172a19311c7f9/complete.json#/9753,2021-standard-derived upstream new-1; not 2025 exam
zh-hsk1-00431,一,yī,"[yī] one; single; a (article); as soon as; entire; whole; all; throughout; ""one"" radical in Chinese characters (Kangxi radical 1); also pr. for greater clarity when spelling out numbers digit by digit",,general-and-abstract,zh-vocab-adapted,https://raw.githubusercontent.com/drkameleon/complete-hsk-vocabulary/7ac65bf1a6387d35f1ade478906172a19311c7f9/complete.json#/9754,2021-standard-derived upstream new-1; not 2025 exam
zh-hsk1-00432,一半,yī bàn,[yī bàn] half,,general-and-abstract,zh-vocab-adapted,https://raw.githubusercontent.com/drkameleon/complete-hsk-vocabulary/7ac65bf1a6387d35f1ade478906172a19311c7f9/complete.json#/9758,2021-standard-derived upstream new-1; not 2025 exam
zh-hsk1-00433,一边,yī biān,[yī biān] one side; either side; on the one hand; on the other hand; doing while,,health-and-body,zh-vocab-adapted,https://raw.githubusercontent.com/drkameleon/complete-hsk-vocabulary/7ac65bf1a6387d35f1ade478906172a19311c7f9/complete.json#/9760,2021-standard-derived upstream new-1; not 2025 exam
zh-hsk1-00434,一点儿,yī diǎn r,"[yī diǎn r] a bit; a little bit; (used in negative expressions) (not) the least bit; (after an adjective, used to form the comparative) a bit more",,general-and-abstract,zh-vocab-adapted,https://raw.githubusercontent.com/drkameleon/complete-hsk-vocabulary/7ac65bf1a6387d35f1ade478906172a19311c7f9/complete.json#/9772,2021-standard-derived upstream new-1; not 2025 exam
zh-hsk1-00435,一会儿,yī huì r,[yī huì r] a moment; a while; in a moment; now...now...; also pr.,,general-and-abstract,zh-vocab-adapted,https://raw.githubusercontent.com/drkameleon/complete-hsk-vocabulary/7ac65bf1a6387d35f1ade478906172a19311c7f9/complete.json#/9789,2021-standard-derived upstream new-1; not 2025 exam
zh-hsk1-00436,一块儿,yī kuài r,[yī kuài r] together; in the same place; at the same time,,time-and-quantity,zh-vocab-adapted,https://raw.githubusercontent.com/drkameleon/complete-hsk-vocabulary/7ac65bf1a6387d35f1ade478906172a19311c7f9/complete.json#/9799,2021-standard-derived upstream new-1; not 2025 exam
zh-hsk1-00437,一起,yī qǐ,[yī qǐ] in the same place; together; with; altogether (in total),,general-and-abstract,zh-vocab-adapted,https://raw.githubusercontent.com/drkameleon/complete-hsk-vocabulary/7ac65bf1a6387d35f1ade478906172a19311c7f9/complete.json#/9816,2021-standard-derived upstream new-1; not 2025 exam
zh-hsk1-00438,一下儿,yī xià r,[yī xià r] one time; once; all of sudden,,time-and-quantity,zh-vocab-adapted,https://raw.githubusercontent.com/drkameleon/complete-hsk-vocabulary/7ac65bf1a6387d35f1ade478906172a19311c7f9/complete.json#/9837,2021-standard-derived upstream new-1; not 2025 exam
zh-hsk1-00439,一些,yī xiē,[yī xiē] some; a few; a little; (following an adjective) slightly ...er,,general-and-abstract,zh-vocab-adapted,https://raw.githubusercontent.com/drkameleon/complete-hsk-vocabulary/7ac65bf1a6387d35f1ade478906172a19311c7f9/complete.json#/9841,2021-standard-derived upstream new-1; not 2025 exam
zh-hsk1-00440,一样,yī yàng,[yī yàng] same; like; equal to; the same; identical; just like,,general-and-abstract,zh-vocab-adapted,https://raw.githubusercontent.com/drkameleon/complete-hsk-vocabulary/7ac65bf1a6387d35f1ade478906172a19311c7f9/complete.json#/9848,2021-standard-derived upstream new-1; not 2025 exam
zh-hsk1-00441,衣服,yī fu,[yī fu] clothes,,general-and-abstract,zh-vocab-adapted,https://raw.githubusercontent.com/drkameleon/complete-hsk-vocabulary/7ac65bf1a6387d35f1ade478906172a19311c7f9/complete.json#/9858,2021-standard-derived upstream new-1; not 2025 exam
zh-hsk1-00442,医生,yī shēng,[yī shēng] doctor,,health-and-body,zh-vocab-adapted,https://raw.githubusercontent.com/drkameleon/complete-hsk-vocabulary/7ac65bf1a6387d35f1ade478906172a19311c7f9/complete.json#/9863,2021-standard-derived upstream new-1; not 2025 exam
zh-hsk1-00443,医院,yī yuàn,[yī yuàn] hospital,,health-and-body,zh-vocab-adapted,https://raw.githubusercontent.com/drkameleon/complete-hsk-vocabulary/7ac65bf1a6387d35f1ade478906172a19311c7f9/complete.json#/9867,2021-standard-derived upstream new-1; not 2025 exam
zh-hsk1-00444,用,yòng,[yòng] to use; to employ; to have to; to eat or drink; expense or outlay; usefulness; hence; therefore,,food-and-shopping,zh-vocab-adapted,https://raw.githubusercontent.com/drkameleon/complete-hsk-vocabulary/7ac65bf1a6387d35f1ade478906172a19311c7f9/complete.json#/10095,2021-standard-derived upstream new-1; not 2025 exam
zh-hsk1-00445,有,yǒu,[yǒu] to have; there is; (bound form) having; with; -ful; -ed; -al,,general-and-abstract,zh-vocab-adapted,https://raw.githubusercontent.com/drkameleon/complete-hsk-vocabulary/7ac65bf1a6387d35f1ade478906172a19311c7f9/complete.json#/10165,2021-standard-derived upstream new-1; not 2025 exam
zh-hsk1-00446,有的,yǒu de,[yǒu de] (there are) some (who are...); some (exist),,general-and-abstract,zh-vocab-adapted,https://raw.githubusercontent.com/drkameleon/complete-hsk-vocabulary/7ac65bf1a6387d35f1ade478906172a19311c7f9/complete.json#/10168,2021-standard-derived upstream new-1; not 2025 exam
zh-hsk1-00447,有名,yǒu míng,[yǒu míng] famous; well-known,,general-and-abstract,zh-vocab-adapted,https://raw.githubusercontent.com/drkameleon/complete-hsk-vocabulary/7ac65bf1a6387d35f1ade478906172a19311c7f9/complete.json#/10184,2021-standard-derived upstream new-1; not 2025 exam
zh-hsk1-00448,有时,yǒu shí,[yǒu shí] sometimes; now and then,,general-and-abstract,zh-vocab-adapted,https://raw.githubusercontent.com/drkameleon/complete-hsk-vocabulary/7ac65bf1a6387d35f1ade478906172a19311c7f9/complete.json#/10188,2021-standard-derived upstream new-1; not 2025 exam
zh-hsk1-00449,有时候,yǒu shí hou,[yǒu shí hou] sometimes,,general-and-abstract,zh-vocab-adapted,https://raw.githubusercontent.com/drkameleon/complete-hsk-vocabulary/7ac65bf1a6387d35f1ade478906172a19311c7f9/complete.json#/10189,2021-standard-derived upstream new-1; not 2025 exam
zh-hsk1-00450,有些,yǒu xiē,[yǒu xiē] some; somewhat,,general-and-abstract,zh-vocab-adapted,https://raw.githubusercontent.com/drkameleon/complete-hsk-vocabulary/7ac65bf1a6387d35f1ade478906172a19311c7f9/complete.json#/10198,2021-standard-derived upstream new-1; not 2025 exam
zh-hsk1-00451,有一些,yǒu yī xiē,[yǒu yī xiē] somewhat; rather; some,,general-and-abstract,zh-vocab-adapted,https://raw.githubusercontent.com/drkameleon/complete-hsk-vocabulary/7ac65bf1a6387d35f1ade478906172a19311c7f9/complete.json#/10202,2021-standard-derived upstream new-1; not 2025 exam
zh-hsk1-00452,有用,yǒu yòng,[yǒu yòng] useful,,general-and-abstract,zh-vocab-adapted,https://raw.githubusercontent.com/drkameleon/complete-hsk-vocabulary/7ac65bf1a6387d35f1ade478906172a19311c7f9/complete.json#/10206,2021-standard-derived upstream new-1; not 2025 exam
zh-hsk1-00453,右,yòu,[yòu] (bound form) right; right-hand side; (bound form) (politics) right of center; (bound form) (old) west; (literary) the right side as the side of precedence,,health-and-body,zh-vocab-adapted,https://raw.githubusercontent.com/drkameleon/complete-hsk-vocabulary/7ac65bf1a6387d35f1ade478906172a19311c7f9/complete.json#/10210,2021-standard-derived upstream new-1; not 2025 exam
zh-hsk1-00454,右边,yòu bian,"[yòu bian] right side; right, to the right",,general-and-abstract,zh-vocab-adapted,https://raw.githubusercontent.com/drkameleon/complete-hsk-vocabulary/7ac65bf1a6387d35f1ade478906172a19311c7f9/complete.json#/10211,2021-standard-derived upstream new-1; not 2025 exam
zh-hsk1-00455,雨,yǔ / yù,"[yǔ] rain / [yù] (literary) to rain; (of rain, snow etc) to fall; to precipitate; to wet",,nature-and-technology,zh-vocab-adapted,https://raw.githubusercontent.com/drkameleon/complete-hsk-vocabulary/7ac65bf1a6387d35f1ade478906172a19311c7f9/complete.json#/10250,2021-standard-derived upstream new-1; not 2025 exam
zh-hsk1-00456,元,Yuán / yuán,[Yuán] surname Yuan; the Yuan or Mongol dynasty (1279-1368) / [yuán] currency unit (esp. Chinese yuan); first; original; primary; fundamental; constituent; part; era (of a reign); meta- (prefix); (math.) argument; variable; (Tw) (geology) eon,,general-and-abstract,zh-vocab-adapted,https://raw.githubusercontent.com/drkameleon/complete-hsk-vocabulary/7ac65bf1a6387d35f1ade478906172a19311c7f9/complete.json#/10297,2021-standard-derived upstream new-1; not 2025 exam
zh-hsk1-00457,远,yuǎn / yuàn,[yuǎn] far; distant; remote; (intensifier in a comparison) by far; much (lower etc) / [yuàn] to distance oneself from (classical),,general-and-abstract,zh-vocab-adapted,https://raw.githubusercontent.com/drkameleon/complete-hsk-vocabulary/7ac65bf1a6387d35f1ade478906172a19311c7f9/complete.json#/10337,2021-standard-derived upstream new-1; not 2025 exam
zh-hsk1-00458,月,yuè,[yuè] moon; month; monthly,,time-and-quantity,zh-vocab-adapted,https://raw.githubusercontent.com/drkameleon/complete-hsk-vocabulary/7ac65bf1a6387d35f1ade478906172a19311c7f9/complete.json#/10362,2021-standard-derived upstream new-1; not 2025 exam
zh-hsk1-00459,再,zài,"[zài] again; once more; re-; second; another; then (after sth, and not until then); no matter how ...",,general-and-abstract,zh-vocab-adapted,https://raw.githubusercontent.com/drkameleon/complete-hsk-vocabulary/7ac65bf1a6387d35f1ade478906172a19311c7f9/complete.json#/10421,2021-standard-derived upstream new-1; not 2025 exam
zh-hsk1-00460,再见,zài jiàn,[zài jiàn] goodbye,,general-and-abstract,zh-vocab-adapted,https://raw.githubusercontent.com/drkameleon/complete-hsk-vocabulary/7ac65bf1a6387d35f1ade478906172a19311c7f9/complete.json#/10424,2021-standard-derived upstream new-1; not 2025 exam
zh-hsk1-00461,在,zài,[zài] to exist; to be alive; (of sb or sth) to be (located) at; (used before a verb to indicate an action in progress),,general-and-abstract,zh-vocab-adapted,https://raw.githubusercontent.com/drkameleon/complete-hsk-vocabulary/7ac65bf1a6387d35f1ade478906172a19311c7f9/complete.json#/10431,2021-standard-derived upstream new-1; not 2025 exam
zh-hsk1-00462,在家,zài jiā,[zài jiā] to be at home; (at a workplace) to be in; (Buddhism etc) to remain a layman,,general-and-abstract,zh-vocab-adapted,https://raw.githubusercontent.com/drkameleon/complete-hsk-vocabulary/7ac65bf1a6387d35f1ade478906172a19311c7f9/complete.json#/10434,2021-standard-derived upstream new-1; not 2025 exam
zh-hsk1-00463,早,zǎo,[zǎo] early; morning; Good morning!; long ago; prematurely,,general-and-abstract,zh-vocab-adapted,https://raw.githubusercontent.com/drkameleon/complete-hsk-vocabulary/7ac65bf1a6387d35f1ade478906172a19311c7f9/complete.json#/10469,2021-standard-derived upstream new-1; not 2025 exam
zh-hsk1-00464,早饭,zǎo fàn,[zǎo fàn] breakfast,,general-and-abstract,zh-vocab-adapted,https://raw.githubusercontent.com/drkameleon/complete-hsk-vocabulary/7ac65bf1a6387d35f1ade478906172a19311c7f9/complete.json#/10472,2021-standard-derived upstream new-1; not 2025 exam
zh-hsk1-00465,早上,zǎo shang,[zǎo shang] early morning,,general-and-abstract,zh-vocab-adapted,https://raw.githubusercontent.com/drkameleon/complete-hsk-vocabulary/7ac65bf1a6387d35f1ade478906172a19311c7f9/complete.json#/10477,2021-standard-derived upstream new-1; not 2025 exam
zh-hsk1-00466,怎么,zěn me,[zěn me] how?; what?; why?,,general-and-abstract,zh-vocab-adapted,https://raw.githubusercontent.com/drkameleon/complete-hsk-vocabulary/7ac65bf1a6387d35f1ade478906172a19311c7f9/complete.json#/10498,2021-standard-derived upstream new-1; not 2025 exam
zh-hsk1-00467,站,zhàn,[zhàn] station; to stand; to halt; to stop; branch of a company or organization; website,,study-and-work,zh-vocab-adapted,https://raw.githubusercontent.com/drkameleon/complete-hsk-vocabulary/7ac65bf1a6387d35f1ade478906172a19311c7f9/complete.json#/10567,2021-standard-derived upstream new-1; not 2025 exam
zh-hsk1-00468,找,zhǎo,[zhǎo] to try to find; to look for; to call on sb; to find; to seek; to return; to give change,,general-and-abstract,zh-vocab-adapted,https://raw.githubusercontent.com/drkameleon/complete-hsk-vocabulary/7ac65bf1a6387d35f1ade478906172a19311c7f9/complete.json#/10629,2021-standard-derived upstream new-1; not 2025 exam
zh-hsk1-00469,找到,zhǎo dào,[zhǎo dào] to find,,general-and-abstract,zh-vocab-adapted,https://raw.githubusercontent.com/drkameleon/complete-hsk-vocabulary/7ac65bf1a6387d35f1ade478906172a19311c7f9/complete.json#/10631,2021-standard-derived upstream new-1; not 2025 exam
zh-hsk1-00470,这,zhè,"[zhè] (pronoun) this; these; (bound form) this; the (followed by a noun); (bound form) this; these (followed by a classifier) (in this sense, commonly pr., esp. in Beijing)",,general-and-abstract,zh-vocab-adapted,https://raw.githubusercontent.com/drkameleon/complete-hsk-vocabulary/7ac65bf1a6387d35f1ade478906172a19311c7f9/complete.json#/10663,2021-standard-derived upstream new-1; not 2025 exam
zh-hsk1-00471,这边,zhè biān,[zhè biān] this side; here,,general-and-abstract,zh-vocab-adapted,https://raw.githubusercontent.com/drkameleon/complete-hsk-vocabulary/7ac65bf1a6387d35f1ade478906172a19311c7f9/complete.json#/10664,2021-standard-derived upstream new-1; not 2025 exam
zh-hsk1-00472,这儿,zhè r,[zhè r] here,,general-and-abstract,zh-vocab-adapted,https://raw.githubusercontent.com/drkameleon/complete-hsk-vocabulary/7ac65bf1a6387d35f1ade478906172a19311c7f9/complete.json#/10665,2021-standard-derived upstream new-1; not 2025 exam
zh-hsk1-00473,这里,zhè lǐ,[zhè lǐ] here,,general-and-abstract,zh-vocab-adapted,https://raw.githubusercontent.com/drkameleon/complete-hsk-vocabulary/7ac65bf1a6387d35f1ade478906172a19311c7f9/complete.json#/10668,2021-standard-derived upstream new-1; not 2025 exam
zh-hsk1-00474,这些,zhè xiē,[zhè xiē] these,,general-and-abstract,zh-vocab-adapted,https://raw.githubusercontent.com/drkameleon/complete-hsk-vocabulary/7ac65bf1a6387d35f1ade478906172a19311c7f9/complete.json#/10672,2021-standard-derived upstream new-1; not 2025 exam
zh-hsk1-00475,着,zhāo / zháo / zhe / zhuó,[zhāo] (chess) move; trick; all right!; (dialect) to add / [zháo] to touch; to come in contact with; to feel; to be affected by; to catch fire; to burn; (coll.) to fall asleep; (after a verb) hitting the mark; succeeding in / [zhe] aspect particle indicating action in progress or ongoing state / [zhuó] to wear (clothes); to contact; to use; to apply,,thought-and-communication,zh-vocab-adapted,https://raw.githubusercontent.com/drkameleon/complete-hsk-vocabulary/7ac65bf1a6387d35f1ade478906172a19311c7f9/complete.json#/10675,2021-standard-derived upstream new-1; not 2025 exam
zh-hsk1-00476,真,zhēn,[zhēn] really; truly; indeed; real; true; genuine,,general-and-abstract,zh-vocab-adapted,https://raw.githubusercontent.com/drkameleon/complete-hsk-vocabulary/7ac65bf1a6387d35f1ade478906172a19311c7f9/complete.json#/10703,2021-standard-derived upstream new-1; not 2025 exam
zh-hsk1-00477,真的,zhēn de,"[zhēn de] really, truly, indeed",,general-and-abstract,zh-vocab-adapted,https://raw.githubusercontent.com/drkameleon/complete-hsk-vocabulary/7ac65bf1a6387d35f1ade478906172a19311c7f9/complete.json#/10705,2021-standard-derived upstream new-1; not 2025 exam
zh-hsk1-00478,正,zhēng / zhèng,[zhēng] first month of the lunar year / [zhèng] straight; upright; proper; main; principal; to correct; to rectify; exactly; just (at that time); right (in that place); (math.) positive,,time-and-quantity,zh-vocab-adapted,https://raw.githubusercontent.com/drkameleon/complete-hsk-vocabulary/7ac65bf1a6387d35f1ade478906172a19311c7f9/complete.json#/10772,2021-standard-derived upstream new-1; not 2025 exam
zh-hsk1-00479,正在,zhèng zài,[zhèng zài] just at (that time); right in (that place); right in the middle of (doing sth),,time-and-quantity,zh-vocab-adapted,https://raw.githubusercontent.com/drkameleon/complete-hsk-vocabulary/7ac65bf1a6387d35f1ade478906172a19311c7f9/complete.json#/10790,2021-standard-derived upstream new-1; not 2025 exam
zh-hsk1-00480,知道,zhī dào,[zhī dào] to know; to become aware of; also pr.,,general-and-abstract,zh-vocab-adapted,https://raw.githubusercontent.com/drkameleon/complete-hsk-vocabulary/7ac65bf1a6387d35f1ade478906172a19311c7f9/complete.json#/10833,2021-standard-derived upstream new-1; not 2025 exam
zh-hsk1-00481,知识,zhī shi,[zhī shi] knowledge; intellectual,,general-and-abstract,zh-vocab-adapted,https://raw.githubusercontent.com/drkameleon/complete-hsk-vocabulary/7ac65bf1a6387d35f1ade478906172a19311c7f9/complete.json#/10838,2021-standard-derived upstream new-1; not 2025 exam
zh-hsk1-00482,中,Zhōng / zhōng / zhòng,"[Zhōng] China; Chinese; surname Zhong / [zhōng] within; among; in; middle; center; while (doing sth); during; (dialect) OK; all right / [zhòng] to hit (the mark); to be hit by; to suffer; to win (a prize, a lottery)",,general-and-abstract,zh-vocab-adapted,https://raw.githubusercontent.com/drkameleon/complete-hsk-vocabulary/7ac65bf1a6387d35f1ade478906172a19311c7f9/complete.json#/10965,2021-standard-derived upstream new-1; not 2025 exam
zh-hsk1-00483,中国,Zhōng guó,[Zhōng guó] China,,general-and-abstract,zh-vocab-adapted,https://raw.githubusercontent.com/drkameleon/complete-hsk-vocabulary/7ac65bf1a6387d35f1ade478906172a19311c7f9/complete.json#/10971,2021-standard-derived upstream new-1; not 2025 exam
zh-hsk1-00484,中间,zhōng jiān,[zhōng jiān] the middle; the inside; in the middle; within; between; among; during; in the meantime,,general-and-abstract,zh-vocab-adapted,https://raw.githubusercontent.com/drkameleon/complete-hsk-vocabulary/7ac65bf1a6387d35f1ade478906172a19311c7f9/complete.json#/10976,2021-standard-derived upstream new-1; not 2025 exam
zh-hsk1-00485,中文,Zhōng wén,[Zhōng wén] Chinese language,,thought-and-communication,zh-vocab-adapted,https://raw.githubusercontent.com/drkameleon/complete-hsk-vocabulary/7ac65bf1a6387d35f1ade478906172a19311c7f9/complete.json#/10985,2021-standard-derived upstream new-1; not 2025 exam
zh-hsk1-00486,中午,zhōng wǔ,[zhōng wǔ] noon; midday,,general-and-abstract,zh-vocab-adapted,https://raw.githubusercontent.com/drkameleon/complete-hsk-vocabulary/7ac65bf1a6387d35f1ade478906172a19311c7f9/complete.json#/10986,2021-standard-derived upstream new-1; not 2025 exam
zh-hsk1-00487,中学,zhōng xué,[zhōng xué] middle school,,study-and-work,zh-vocab-adapted,https://raw.githubusercontent.com/drkameleon/complete-hsk-vocabulary/7ac65bf1a6387d35f1ade478906172a19311c7f9/complete.json#/10991,2021-standard-derived upstream new-1; not 2025 exam
zh-hsk1-00488,中学生,zhōng xué shēng,[zhōng xué shēng] middle-school student; high school student,,study-and-work,zh-vocab-adapted,https://raw.githubusercontent.com/drkameleon/complete-hsk-vocabulary/7ac65bf1a6387d35f1ade478906172a19311c7f9/complete.json#/10992,2021-standard-derived upstream new-1; not 2025 exam
zh-hsk1-00489,重,chóng / zhòng,[chóng] to repeat; repetition; again; re-; classifier: layer / [zhòng] heavy; serious; to attach importance to,,general-and-abstract,zh-vocab-adapted,https://raw.githubusercontent.com/drkameleon/complete-hsk-vocabulary/7ac65bf1a6387d35f1ade478906172a19311c7f9/complete.json#/11028,2021-standard-derived upstream new-1; not 2025 exam
zh-hsk1-00490,重要,zhòng yào,[zhòng yào] important; significant; major,,general-and-abstract,zh-vocab-adapted,https://raw.githubusercontent.com/drkameleon/complete-hsk-vocabulary/7ac65bf1a6387d35f1ade478906172a19311c7f9/complete.json#/11049,2021-standard-derived upstream new-1; not 2025 exam
zh-hsk1-00491,住,zhù,"[zhù] to live; to dwell; to stay; to reside; to stop; (suffix indicating firmness, steadiness, or coming to a halt)",,general-and-abstract,zh-vocab-adapted,https://raw.githubusercontent.com/drkameleon/complete-hsk-vocabulary/7ac65bf1a6387d35f1ade478906172a19311c7f9/complete.json#/11115,2021-standard-derived upstream new-1; not 2025 exam
zh-hsk1-00492,准备,zhǔn bèi,[zhǔn bèi] preparation; to prepare; to intend; to be about to; reserve (fund),,general-and-abstract,zh-vocab-adapted,https://raw.githubusercontent.com/drkameleon/complete-hsk-vocabulary/7ac65bf1a6387d35f1ade478906172a19311c7f9/complete.json#/11233,2021-standard-derived upstream new-1; not 2025 exam
zh-hsk1-00493,桌子,zhuō zi,[zhuō zi] table; desk,,general-and-abstract,zh-vocab-adapted,https://raw.githubusercontent.com/drkameleon/complete-hsk-vocabulary/7ac65bf1a6387d35f1ade478906172a19311c7f9/complete.json#/11242,2021-standard-derived upstream new-1; not 2025 exam
zh-hsk1-00494,字,zì,[zì] letter; symbol; character; word; courtesy or style name traditionally given to males aged 20 in dynastic China,,general-and-abstract,zh-vocab-adapted,https://raw.githubusercontent.com/drkameleon/complete-hsk-vocabulary/7ac65bf1a6387d35f1ade478906172a19311c7f9/complete.json#/11265,2021-standard-derived upstream new-1; not 2025 exam
zh-hsk1-00495,子,zǐ / zi,"[zǐ] son; child; seed; egg; small thing; 1st earthly branch: 11 p.m.-1 a.m., midnight, 11th solar month (7th December to 5th January), year of the Rat; Viscount, fourth of five orders of nobility; ancient Chinese compass point: 0° (north); subsidiary; subordinate; sub- / [zi] (noun suffix)",,people-and-relationships;time-and-quantity,zh-vocab-adapted,https://raw.githubusercontent.com/drkameleon/complete-hsk-vocabulary/7ac65bf1a6387d35f1ade478906172a19311c7f9/complete.json#/11317,2021-standard-derived upstream new-1; not 2025 exam
zh-hsk1-00496,走,zǒu,"[zǒu] to walk; to go; to run; to move (of vehicle); to visit; to leave; to go away; to die (euph.); from; through; away; to change (shape, form, meaning)",,thought-and-communication,zh-vocab-adapted,https://raw.githubusercontent.com/drkameleon/complete-hsk-vocabulary/7ac65bf1a6387d35f1ade478906172a19311c7f9/complete.json#/11356,2021-standard-derived upstream new-1; not 2025 exam
zh-hsk1-00497,走路,zǒu lù,[zǒu lù] to walk; to go on foot,,general-and-abstract,zh-vocab-adapted,https://raw.githubusercontent.com/drkameleon/complete-hsk-vocabulary/7ac65bf1a6387d35f1ade478906172a19311c7f9/complete.json#/11365,2021-standard-derived upstream new-1; not 2025 exam
zh-hsk1-00498,最,zuì,[zuì] most; the most; -est (superlative suffix),,general-and-abstract,zh-vocab-adapted,https://raw.githubusercontent.com/drkameleon/complete-hsk-vocabulary/7ac65bf1a6387d35f1ade478906172a19311c7f9/complete.json#/11409,2021-standard-derived upstream new-1; not 2025 exam
zh-hsk1-00499,最好,zuì hǎo,[zuì hǎo] best; (you) had better (do what we suggest),,general-and-abstract,zh-vocab-adapted,https://raw.githubusercontent.com/drkameleon/complete-hsk-vocabulary/7ac65bf1a6387d35f1ade478906172a19311c7f9/complete.json#/11411,2021-standard-derived upstream new-1; not 2025 exam
zh-hsk1-00500,最后,zuì hòu,[zuì hòu] final; last; finally; ultimate,,general-and-abstract,zh-vocab-adapted,https://raw.githubusercontent.com/drkameleon/complete-hsk-vocabulary/7ac65bf1a6387d35f1ade478906172a19311c7f9/complete.json#/11412,2021-standard-derived upstream new-1; not 2025 exam
zh-hsk1-00501,昨天,zuó tiān,[zuó tiān] yesterday,,general-and-abstract,zh-vocab-adapted,https://raw.githubusercontent.com/drkameleon/complete-hsk-vocabulary/7ac65bf1a6387d35f1ade478906172a19311c7f9/complete.json#/11428,2021-standard-derived upstream new-1; not 2025 exam
zh-hsk1-00502,左,Zuǒ / zuǒ,[Zuǒ] surname Zuo / [zuǒ] left; the Left (politics); east; unorthodox; queer; wrong; differing; opposite,,general-and-abstract,zh-vocab-adapted,https://raw.githubusercontent.com/drkameleon/complete-hsk-vocabulary/7ac65bf1a6387d35f1ade478906172a19311c7f9/complete.json#/11430,2021-standard-derived upstream new-1; not 2025 exam
zh-hsk1-00503,左边,zuǒ bian,[zuǒ bian] left; the left side; to the left of,,general-and-abstract,zh-vocab-adapted,https://raw.githubusercontent.com/drkameleon/complete-hsk-vocabulary/7ac65bf1a6387d35f1ade478906172a19311c7f9/complete.json#/11431,2021-standard-derived upstream new-1; not 2025 exam
zh-hsk1-00504,坐,Zuò / zuò,"[Zuò] surname Zuo / [zuò] to sit; to take a seat; to take (a bus, airplane etc); to bear fruit",,food-and-shopping;travel-and-places,zh-vocab-adapted,https://raw.githubusercontent.com/drkameleon/complete-hsk-vocabulary/7ac65bf1a6387d35f1ade478906172a19311c7f9/complete.json#/11452,2021-standard-derived upstream new-1; not 2025 exam
zh-hsk1-00505,坐下,zuò xia,[zuò xia] to sit down,,general-and-abstract,zh-vocab-adapted,https://raw.githubusercontent.com/drkameleon/complete-hsk-vocabulary/7ac65bf1a6387d35f1ade478906172a19311c7f9/complete.json#/11454,2021-standard-derived upstream new-1; not 2025 exam
zh-hsk1-00506,做,zuò,"[zuò] to make; to produce; to write; to compose; to do; to engage in; to hold (a party etc); (of a person) to be (an intermediary, a good student etc); to become (husband and wife, friends etc); (of a thing) to serve as; to be used for; to assume (an air or manner)",,people-and-relationships;study-and-work,zh-vocab-adapted,https://raw.githubusercontent.com/drkameleon/complete-hsk-vocabulary/7ac65bf1a6387d35f1ade478906172a19311c7f9/complete.json#/11460,2021-standard-derived upstream new-1; not 2025 exam
