id,target,reading,english,part_of_speech,topic,source_id,source_entry,level_basis
zh-hsk2-00001,啊,ā / á / ǎ / à / a,"[ā] interjection of surprise; Ah!; Oh! / [á] interjection expressing doubt or requiring answer; Eh?; what? / [ǎ] interjection of surprise or doubt; Eh?; My!; what's up? / [à] interjection or grunt of agreement; uhm; Ah, OK; expression of recognition; Oh, it's you! / [a] modal particle ending sentence, showing affirmation, approval, or consent",,general-and-abstract,zh-vocab-adapted,https://raw.githubusercontent.com/drkameleon/complete-hsk-vocabulary/7ac65bf1a6387d35f1ade478906172a19311c7f9/complete.json#/4,2021-standard-derived upstream new-2; not 2025 exam
zh-hsk2-00002,爱情,ài qíng,[ài qíng] romance; love (romantic),,general-and-abstract,zh-vocab-adapted,https://raw.githubusercontent.com/drkameleon/complete-hsk-vocabulary/7ac65bf1a6387d35f1ade478906172a19311c7f9/complete.json#/27,2021-standard-derived upstream new-2; not 2025 exam
zh-hsk2-00003,爱人,ài ren,[ài ren] spouse (PRC); lover (non-PRC),,general-and-abstract,zh-vocab-adapted,https://raw.githubusercontent.com/drkameleon/complete-hsk-vocabulary/7ac65bf1a6387d35f1ade478906172a19311c7f9/complete.json#/28,2021-standard-derived upstream new-2; not 2025 exam
zh-hsk2-00004,安静,ān jìng,[ān jìng] quiet; peaceful; calm,,general-and-abstract,zh-vocab-adapted,https://raw.githubusercontent.com/drkameleon/complete-hsk-vocabulary/7ac65bf1a6387d35f1ade478906172a19311c7f9/complete.json#/37,2021-standard-derived upstream new-2; not 2025 exam
zh-hsk2-00005,安全,ān quán,[ān quán] safe; secure; safety; security,,general-and-abstract,zh-vocab-adapted,https://raw.githubusercontent.com/drkameleon/complete-hsk-vocabulary/7ac65bf1a6387d35f1ade478906172a19311c7f9/complete.json#/42,2021-standard-derived upstream new-2; not 2025 exam
zh-hsk2-00006,白色,bái sè,[bái sè] white; fig. reactionary; anti-communist,,general-and-abstract,zh-vocab-adapted,https://raw.githubusercontent.com/drkameleon/complete-hsk-vocabulary/7ac65bf1a6387d35f1ade478906172a19311c7f9/complete.json#/108,2021-standard-derived upstream new-2; not 2025 exam
zh-hsk2-00007,班长,bān zhǎng,[bān zhǎng] class monitor; squad leader; team leader,,general-and-abstract,zh-vocab-adapted,https://raw.githubusercontent.com/drkameleon/complete-hsk-vocabulary/7ac65bf1a6387d35f1ade478906172a19311c7f9/complete.json#/133,2021-standard-derived upstream new-2; not 2025 exam
zh-hsk2-00008,办,bàn,[bàn] to do; to manage; to handle; to go about; to run; to set up; to deal with,,general-and-abstract,zh-vocab-adapted,https://raw.githubusercontent.com/drkameleon/complete-hsk-vocabulary/7ac65bf1a6387d35f1ade478906172a19311c7f9/complete.json#/147,2021-standard-derived upstream new-2; not 2025 exam
zh-hsk2-00009,办法,bàn fǎ,[bàn fǎ] means; method; way (of doing sth),,general-and-abstract,zh-vocab-adapted,https://raw.githubusercontent.com/drkameleon/complete-hsk-vocabulary/7ac65bf1a6387d35f1ade478906172a19311c7f9/complete.json#/149,2021-standard-derived upstream new-2; not 2025 exam
zh-hsk2-00010,办公室,bàn gōng shì,[bàn gōng shì] office; business premises; bureau,,study-and-work,zh-vocab-adapted,https://raw.githubusercontent.com/drkameleon/complete-hsk-vocabulary/7ac65bf1a6387d35f1ade478906172a19311c7f9/complete.json#/151,2021-standard-derived upstream new-2; not 2025 exam
zh-hsk2-00011,半夜,bàn yè,[bàn yè] midnight; in the middle of the night,,general-and-abstract,zh-vocab-adapted,https://raw.githubusercontent.com/drkameleon/complete-hsk-vocabulary/7ac65bf1a6387d35f1ade478906172a19311c7f9/complete.json#/167,2021-standard-derived upstream new-2; not 2025 exam
zh-hsk2-00012,帮助,bāng zhù,[bāng zhù] assistance; aid; to help; to assist,,general-and-abstract,zh-vocab-adapted,https://raw.githubusercontent.com/drkameleon/complete-hsk-vocabulary/7ac65bf1a6387d35f1ade478906172a19311c7f9/complete.json#/179,2021-standard-derived upstream new-2; not 2025 exam
zh-hsk2-00013,饱,bǎo,[bǎo] to eat till full; satisfied,,food-and-shopping,zh-vocab-adapted,https://raw.githubusercontent.com/drkameleon/complete-hsk-vocabulary/7ac65bf1a6387d35f1ade478906172a19311c7f9/complete.json#/208,2021-standard-derived upstream new-2; not 2025 exam
zh-hsk2-00014,报名,bào míng,[bào míng] to sign up; to enter one's name; to apply; to register; to enroll; to enlist,,general-and-abstract,zh-vocab-adapted,https://raw.githubusercontent.com/drkameleon/complete-hsk-vocabulary/7ac65bf1a6387d35f1ade478906172a19311c7f9/complete.json#/247,2021-standard-derived upstream new-2; not 2025 exam
zh-hsk2-00015,报纸,bào zhǐ,[bào zhǐ] newspaper; newsprint,,general-and-abstract,zh-vocab-adapted,https://raw.githubusercontent.com/drkameleon/complete-hsk-vocabulary/7ac65bf1a6387d35f1ade478906172a19311c7f9/complete.json#/251,2021-standard-derived upstream new-2; not 2025 exam
zh-hsk2-00016,北方,běi fāng,[běi fāng] north; the northern part a country; China north of the Yellow River,,travel-and-places,zh-vocab-adapted,https://raw.githubusercontent.com/drkameleon/complete-hsk-vocabulary/7ac65bf1a6387d35f1ade478906172a19311c7f9/complete.json#/284,2021-standard-derived upstream new-2; not 2025 exam
zh-hsk2-00017,背,bēi / bèi,[bēi] to be burdened; to carry on the back or shoulder / [bèi] the back of a body or object; to turn one's back; to hide something from; to learn by heart; to recite from memory; unlucky (slang); hard of hearing,,study-and-work;health-and-body,zh-vocab-adapted,https://raw.githubusercontent.com/drkameleon/complete-hsk-vocabulary/7ac65bf1a6387d35f1ade478906172a19311c7f9/complete.json#/293,2021-standard-derived upstream new-2; not 2025 exam
zh-hsk2-00018,比如,bǐ rú,[bǐ rú] for example; for instance; such as,,general-and-abstract,zh-vocab-adapted,https://raw.githubusercontent.com/drkameleon/complete-hsk-vocabulary/7ac65bf1a6387d35f1ade478906172a19311c7f9/complete.json#/358,2021-standard-derived upstream new-2; not 2025 exam
zh-hsk2-00019,比如说,bǐ rú shuō,[bǐ rú shuō] for example,,general-and-abstract,zh-vocab-adapted,https://raw.githubusercontent.com/drkameleon/complete-hsk-vocabulary/7ac65bf1a6387d35f1ade478906172a19311c7f9/complete.json#/359,2021-standard-derived upstream new-2; not 2025 exam
zh-hsk2-00020,笔,bǐ,"[bǐ] pen; pencil; writing brush; to write or compose; the strokes of Chinese characters; classifier for sums of money, deals",,general-and-abstract,zh-vocab-adapted,https://raw.githubusercontent.com/drkameleon/complete-hsk-vocabulary/7ac65bf1a6387d35f1ade478906172a19311c7f9/complete.json#/365,2021-standard-derived upstream new-2; not 2025 exam
zh-hsk2-00021,笔记,bǐ jì,[bǐ jì] to take down (in writing); notes; a type of literature consisting mainly of short sketches,,general-and-abstract,zh-vocab-adapted,https://raw.githubusercontent.com/drkameleon/complete-hsk-vocabulary/7ac65bf1a6387d35f1ade478906172a19311c7f9/complete.json#/366,2021-standard-derived upstream new-2; not 2025 exam
zh-hsk2-00022,笔记本,bǐ jì běn,[bǐ jì běn] notebook (stationery); notebook (computing),,general-and-abstract,zh-vocab-adapted,https://raw.githubusercontent.com/drkameleon/complete-hsk-vocabulary/7ac65bf1a6387d35f1ade478906172a19311c7f9/complete.json#/367,2021-standard-derived upstream new-2; not 2025 exam
zh-hsk2-00023,必须,bì xū,[bì xū] to have to; must; compulsory; necessarily,,general-and-abstract,zh-vocab-adapted,https://raw.githubusercontent.com/drkameleon/complete-hsk-vocabulary/7ac65bf1a6387d35f1ade478906172a19311c7f9/complete.json#/376,2021-standard-derived upstream new-2; not 2025 exam
zh-hsk2-00024,边,biān / bian,[biān] side; edge; margin; border; boundary; simultaneously / [bian] suffix of a noun of locality,,general-and-abstract,zh-vocab-adapted,https://raw.githubusercontent.com/drkameleon/complete-hsk-vocabulary/7ac65bf1a6387d35f1ade478906172a19311c7f9/complete.json#/396,2021-standard-derived upstream new-2; not 2025 exam
zh-hsk2-00025,变,biàn,[biàn] to change; to become different; to transform; to vary; rebellion,,general-and-abstract,zh-vocab-adapted,https://raw.githubusercontent.com/drkameleon/complete-hsk-vocabulary/7ac65bf1a6387d35f1ade478906172a19311c7f9/complete.json#/417,2021-standard-derived upstream new-2; not 2025 exam
zh-hsk2-00026,变成,biàn chéng,[biàn chéng] to change into; to turn into; to become,,general-and-abstract,zh-vocab-adapted,https://raw.githubusercontent.com/drkameleon/complete-hsk-vocabulary/7ac65bf1a6387d35f1ade478906172a19311c7f9/complete.json#/418,2021-standard-derived upstream new-2; not 2025 exam
zh-hsk2-00027,便宜,biàn yí / pián yi,[biàn yí] convenient / [pián yi] cheap; inexpensive; small advantages; to let sb off lightly,,general-and-abstract,zh-vocab-adapted,https://raw.githubusercontent.com/drkameleon/complete-hsk-vocabulary/7ac65bf1a6387d35f1ade478906172a19311c7f9/complete.json#/439,2021-standard-derived upstream new-2; not 2025 exam
zh-hsk2-00028,遍,biàn,[biàn] everywhere; all over; classifier for actions: one time,,time-and-quantity,zh-vocab-adapted,https://raw.githubusercontent.com/drkameleon/complete-hsk-vocabulary/7ac65bf1a6387d35f1ade478906172a19311c7f9/complete.json#/441,2021-standard-derived upstream new-2; not 2025 exam
zh-hsk2-00029,表,biǎo,[biǎo] exterior surface; family relationship via females; to show (one's opinion); a model; a table (listing information); a form; a meter (measuring sth) / [biǎo] watch (timepiece); meter; gauge,,people-and-relationships;thought-and-communication,zh-vocab-adapted,https://raw.githubusercontent.com/drkameleon/complete-hsk-vocabulary/7ac65bf1a6387d35f1ade478906172a19311c7f9/complete.json#/465,2021-standard-derived upstream new-2; not 2025 exam
zh-hsk2-00030,不错,bù cuò,[bù cuò] correct; right; not bad; pretty good,,general-and-abstract,zh-vocab-adapted,https://raw.githubusercontent.com/drkameleon/complete-hsk-vocabulary/7ac65bf1a6387d35f1ade478906172a19311c7f9/complete.json#/575,2021-standard-derived upstream new-2; not 2025 exam
zh-hsk2-00031,不但,bù dàn,[bù dàn] not only (... but also ...),,general-and-abstract,zh-vocab-adapted,https://raw.githubusercontent.com/drkameleon/complete-hsk-vocabulary/7ac65bf1a6387d35f1ade478906172a19311c7f9/complete.json#/577,2021-standard-derived upstream new-2; not 2025 exam
zh-hsk2-00032,不够,bù gòu,[bù gòu] not enough; insufficient; inadequate,,general-and-abstract,zh-vocab-adapted,https://raw.githubusercontent.com/drkameleon/complete-hsk-vocabulary/7ac65bf1a6387d35f1ade478906172a19311c7f9/complete.json#/589,2021-standard-derived upstream new-2; not 2025 exam
zh-hsk2-00033,不过,bù guò,[bù guò] only; merely; no more than; but; however; anyway (to get back to a previous topic); cannot be more (after adjectival),,general-and-abstract,zh-vocab-adapted,https://raw.githubusercontent.com/drkameleon/complete-hsk-vocabulary/7ac65bf1a6387d35f1ade478906172a19311c7f9/complete.json#/593,2021-standard-derived upstream new-2; not 2025 exam
zh-hsk2-00034,不好意思,bù hǎo yì si,[bù hǎo yì si] to feel embarrassed; to find it embarrassing; to be sorry (for inconveniencing sb),,thought-and-communication,zh-vocab-adapted,https://raw.githubusercontent.com/drkameleon/complete-hsk-vocabulary/7ac65bf1a6387d35f1ade478906172a19311c7f9/complete.json#/594,2021-standard-derived upstream new-2; not 2025 exam
zh-hsk2-00035,不久,bù jiǔ,[bù jiǔ] not long (after); before too long; soon; soon after,,general-and-abstract,zh-vocab-adapted,https://raw.githubusercontent.com/drkameleon/complete-hsk-vocabulary/7ac65bf1a6387d35f1ade478906172a19311c7f9/complete.json#/604,2021-standard-derived upstream new-2; not 2025 exam
zh-hsk2-00036,不满,bù mǎn,[bù mǎn] resentful; discontented; dissatisfied,,general-and-abstract,zh-vocab-adapted,https://raw.githubusercontent.com/drkameleon/complete-hsk-vocabulary/7ac65bf1a6387d35f1ade478906172a19311c7f9/complete.json#/618,2021-standard-derived upstream new-2; not 2025 exam
zh-hsk2-00037,不如,bù rú,[bù rú] not equal to; not as good as; inferior to; it would be better to,,general-and-abstract,zh-vocab-adapted,https://raw.githubusercontent.com/drkameleon/complete-hsk-vocabulary/7ac65bf1a6387d35f1ade478906172a19311c7f9/complete.json#/627,2021-standard-derived upstream new-2; not 2025 exam
zh-hsk2-00038,不少,bù shǎo,[bù shǎo] many; a lot; not few,,general-and-abstract,zh-vocab-adapted,https://raw.githubusercontent.com/drkameleon/complete-hsk-vocabulary/7ac65bf1a6387d35f1ade478906172a19311c7f9/complete.json#/629,2021-standard-derived upstream new-2; not 2025 exam
zh-hsk2-00039,不太,bù tài,[bù tài] Not too,,general-and-abstract,zh-vocab-adapted,https://raw.githubusercontent.com/drkameleon/complete-hsk-vocabulary/7ac65bf1a6387d35f1ade478906172a19311c7f9/complete.json#/634,2021-standard-derived upstream new-2; not 2025 exam
zh-hsk2-00040,不同,bù tóng,[bù tóng] different; distinct; not the same; not alike,,general-and-abstract,zh-vocab-adapted,https://raw.githubusercontent.com/drkameleon/complete-hsk-vocabulary/7ac65bf1a6387d35f1ade478906172a19311c7f9/complete.json#/637,2021-standard-derived upstream new-2; not 2025 exam
zh-hsk2-00041,不行,bù xíng,[bù xíng] won't do; be out of the question; be no good; not work; not be capable,,study-and-work,zh-vocab-adapted,https://raw.githubusercontent.com/drkameleon/complete-hsk-vocabulary/7ac65bf1a6387d35f1ade478906172a19311c7f9/complete.json#/646,2021-standard-derived upstream new-2; not 2025 exam
zh-hsk2-00042,不要,bù yào,[bù yào] don't!; must not,,general-and-abstract,zh-vocab-adapted,https://raw.githubusercontent.com/drkameleon/complete-hsk-vocabulary/7ac65bf1a6387d35f1ade478906172a19311c7f9/complete.json#/651,2021-standard-derived upstream new-2; not 2025 exam
zh-hsk2-00043,不一定,bù yī dìng,[bù yī dìng] not necessarily; maybe,,general-and-abstract,zh-vocab-adapted,https://raw.githubusercontent.com/drkameleon/complete-hsk-vocabulary/7ac65bf1a6387d35f1ade478906172a19311c7f9/complete.json#/653,2021-standard-derived upstream new-2; not 2025 exam
zh-hsk2-00044,不一会儿,bù yīhuǐr5,[bù yīhuǐr5] Take a short while,,general-and-abstract,zh-vocab-adapted,https://raw.githubusercontent.com/drkameleon/complete-hsk-vocabulary/7ac65bf1a6387d35f1ade478906172a19311c7f9/complete.json#/654,2021-standard-derived upstream new-2; not 2025 exam
zh-hsk2-00045,部分,bù fen,[bù fen] part; share; section; piece,,general-and-abstract,zh-vocab-adapted,https://raw.githubusercontent.com/drkameleon/complete-hsk-vocabulary/7ac65bf1a6387d35f1ade478906172a19311c7f9/complete.json#/692,2021-standard-derived upstream new-2; not 2025 exam
zh-hsk2-00046,才,cái,[cái] ability; talent; sb of a certain type; a capable individual; then and only then; just now; (before an expression of quantity) only / [cái] just now; (before an expression of quantity) only,,general-and-abstract,zh-vocab-adapted,https://raw.githubusercontent.com/drkameleon/complete-hsk-vocabulary/7ac65bf1a6387d35f1ade478906172a19311c7f9/complete.json#/703,2021-standard-derived upstream new-2; not 2025 exam
zh-hsk2-00047,菜单,cài dān,[cài dān] menu,,general-and-abstract,zh-vocab-adapted,https://raw.githubusercontent.com/drkameleon/complete-hsk-vocabulary/7ac65bf1a6387d35f1ade478906172a19311c7f9/complete.json#/736,2021-standard-derived upstream new-2; not 2025 exam
zh-hsk2-00048,参观,cān guān,[cān guān] to look around; to tour; to visit,,general-and-abstract,zh-vocab-adapted,https://raw.githubusercontent.com/drkameleon/complete-hsk-vocabulary/7ac65bf1a6387d35f1ade478906172a19311c7f9/complete.json#/738,2021-standard-derived upstream new-2; not 2025 exam
zh-hsk2-00049,参加,cān jiā,[cān jiā] to participate; to take part; to join,,general-and-abstract,zh-vocab-adapted,https://raw.githubusercontent.com/drkameleon/complete-hsk-vocabulary/7ac65bf1a6387d35f1ade478906172a19311c7f9/complete.json#/739,2021-standard-derived upstream new-2; not 2025 exam
zh-hsk2-00050,草,cǎo,[cǎo] grass; straw; manuscript; draft (of a document); careless; rough,,general-and-abstract,zh-vocab-adapted,https://raw.githubusercontent.com/drkameleon/complete-hsk-vocabulary/7ac65bf1a6387d35f1ade478906172a19311c7f9/complete.json#/786,2021-standard-derived upstream new-2; not 2025 exam
zh-hsk2-00051,草地,cǎo dì,[cǎo dì] lawn; meadow; sod; turf,,general-and-abstract,zh-vocab-adapted,https://raw.githubusercontent.com/drkameleon/complete-hsk-vocabulary/7ac65bf1a6387d35f1ade478906172a19311c7f9/complete.json#/788,2021-standard-derived upstream new-2; not 2025 exam
zh-hsk2-00052,层,céng,[céng] to pile on top of one another; layer; stratum; floor (of a building); story; (math.) sheaf; classifier for layers,,general-and-abstract,zh-vocab-adapted,https://raw.githubusercontent.com/drkameleon/complete-hsk-vocabulary/7ac65bf1a6387d35f1ade478906172a19311c7f9/complete.json#/805,2021-standard-derived upstream new-2; not 2025 exam
zh-hsk2-00053,查,Zhā / chá,[Zhā] surname Zha / [chá] to research; to check; to investigate; to examine; to refer to; to look up (e.g. a word in a dictionary),,general-and-abstract,zh-vocab-adapted,https://raw.githubusercontent.com/drkameleon/complete-hsk-vocabulary/7ac65bf1a6387d35f1ade478906172a19311c7f9/complete.json#/818,2021-standard-derived upstream new-2; not 2025 exam
zh-hsk2-00054,差不多,chà bu duō,[chà bu duō] almost; nearly; more or less; about the same; good enough; not bad,,general-and-abstract,zh-vocab-adapted,https://raw.githubusercontent.com/drkameleon/complete-hsk-vocabulary/7ac65bf1a6387d35f1ade478906172a19311c7f9/complete.json#/836,2021-standard-derived upstream new-2; not 2025 exam
zh-hsk2-00055,常见,cháng jiàn,[cháng jiàn] commonly seen; common; to see sth frequently,,general-and-abstract,zh-vocab-adapted,https://raw.githubusercontent.com/drkameleon/complete-hsk-vocabulary/7ac65bf1a6387d35f1ade478906172a19311c7f9/complete.json#/873,2021-standard-derived upstream new-2; not 2025 exam
zh-hsk2-00056,常用,cháng yòng,[cháng yòng] in common usage,,general-and-abstract,zh-vocab-adapted,https://raw.githubusercontent.com/drkameleon/complete-hsk-vocabulary/7ac65bf1a6387d35f1ade478906172a19311c7f9/complete.json#/881,2021-standard-derived upstream new-2; not 2025 exam
zh-hsk2-00057,场,cháng / chǎng,"[cháng] threshing floor; classifier for events and happenings: spell, episode, bout / [chǎng] large place used for a specific purpose; stage; scene (of a play); classifier for sporting or recreational activities; classifier for number of exams",,time-and-quantity,zh-vocab-adapted,https://raw.githubusercontent.com/drkameleon/complete-hsk-vocabulary/7ac65bf1a6387d35f1ade478906172a19311c7f9/complete.json#/887,2021-standard-derived upstream new-2; not 2025 exam
zh-hsk2-00058,超过,chāo guò,[chāo guò] to surpass; to exceed; to outstrip,,general-and-abstract,zh-vocab-adapted,https://raw.githubusercontent.com/drkameleon/complete-hsk-vocabulary/7ac65bf1a6387d35f1ade478906172a19311c7f9/complete.json#/911,2021-standard-derived upstream new-2; not 2025 exam
zh-hsk2-00059,超市,chāo shì,[chāo shì] supermarket,,general-and-abstract,zh-vocab-adapted,https://raw.githubusercontent.com/drkameleon/complete-hsk-vocabulary/7ac65bf1a6387d35f1ade478906172a19311c7f9/complete.json#/914,2021-standard-derived upstream new-2; not 2025 exam
zh-hsk2-00060,车辆,chē liàng,[chē liàng] vehicle,,general-and-abstract,zh-vocab-adapted,https://raw.githubusercontent.com/drkameleon/complete-hsk-vocabulary/7ac65bf1a6387d35f1ade478906172a19311c7f9/complete.json#/940,2021-standard-derived upstream new-2; not 2025 exam
zh-hsk2-00061,称,chèn / chēng / chèng,[chèn] to fit; balanced; suitable / [chēng] to weigh; to state; to name; name; appellation; to praise / [chèng] steelyard,,general-and-abstract,zh-vocab-adapted,https://raw.githubusercontent.com/drkameleon/complete-hsk-vocabulary/7ac65bf1a6387d35f1ade478906172a19311c7f9/complete.json#/982,2021-standard-derived upstream new-2; not 2025 exam
zh-hsk2-00062,成,Chéng / chéng,[Chéng] surname Cheng / [chéng] to succeed; to finish; to complete; to accomplish; to become; to turn into; to be all right; OK!; one tenth,,general-and-abstract,zh-vocab-adapted,https://raw.githubusercontent.com/drkameleon/complete-hsk-vocabulary/7ac65bf1a6387d35f1ade478906172a19311c7f9/complete.json#/990,2021-standard-derived upstream new-2; not 2025 exam
zh-hsk2-00063,成绩,chéng jì,[chéng jì] achievement; performance records; grades,,general-and-abstract,zh-vocab-adapted,https://raw.githubusercontent.com/drkameleon/complete-hsk-vocabulary/7ac65bf1a6387d35f1ade478906172a19311c7f9/complete.json#/996,2021-standard-derived upstream new-2; not 2025 exam
zh-hsk2-00064,成为,chéng wéi,[chéng wéi] to become; to turn into,,general-and-abstract,zh-vocab-adapted,https://raw.githubusercontent.com/drkameleon/complete-hsk-vocabulary/7ac65bf1a6387d35f1ade478906172a19311c7f9/complete.json#/1008,2021-standard-derived upstream new-2; not 2025 exam
zh-hsk2-00065,出发,chū fā,[chū fā] to set off; to start (on a journey),,general-and-abstract,zh-vocab-adapted,https://raw.githubusercontent.com/drkameleon/complete-hsk-vocabulary/7ac65bf1a6387d35f1ade478906172a19311c7f9/complete.json#/1150,2021-standard-derived upstream new-2; not 2025 exam
zh-hsk2-00066,出国,chū guó,[chū guó] to go abroad; to leave the country,,travel-and-places,zh-vocab-adapted,https://raw.githubusercontent.com/drkameleon/complete-hsk-vocabulary/7ac65bf1a6387d35f1ade478906172a19311c7f9/complete.json#/1154,2021-standard-derived upstream new-2; not 2025 exam
zh-hsk2-00067,出口,chū kǒu,[chū kǒu] an exit; to speak; to export; (of a ship) to leave port,,thought-and-communication,zh-vocab-adapted,https://raw.githubusercontent.com/drkameleon/complete-hsk-vocabulary/7ac65bf1a6387d35f1ade478906172a19311c7f9/complete.json#/1159,2021-standard-derived upstream new-2; not 2025 exam
zh-hsk2-00068,出门,chū mén,[chū mén] to go out; to leave home; to go on a journey; away from home; (of a woman) to get married,,general-and-abstract,zh-vocab-adapted,https://raw.githubusercontent.com/drkameleon/complete-hsk-vocabulary/7ac65bf1a6387d35f1ade478906172a19311c7f9/complete.json#/1165,2021-standard-derived upstream new-2; not 2025 exam
zh-hsk2-00069,出生,chū shēng,[chū shēng] to be born,,general-and-abstract,zh-vocab-adapted,https://raw.githubusercontent.com/drkameleon/complete-hsk-vocabulary/7ac65bf1a6387d35f1ade478906172a19311c7f9/complete.json#/1177,2021-standard-derived upstream new-2; not 2025 exam
zh-hsk2-00070,出现,chū xiàn,[chū xiàn] to appear; to arise; to emerge; to show up,,general-and-abstract,zh-vocab-adapted,https://raw.githubusercontent.com/drkameleon/complete-hsk-vocabulary/7ac65bf1a6387d35f1ade478906172a19311c7f9/complete.json#/1187,2021-standard-derived upstream new-2; not 2025 exam
zh-hsk2-00071,出院,chū yuàn,[chū yuàn] to leave hospital; to be discharged from hospital,,health-and-body,zh-vocab-adapted,https://raw.githubusercontent.com/drkameleon/complete-hsk-vocabulary/7ac65bf1a6387d35f1ade478906172a19311c7f9/complete.json#/1194,2021-standard-derived upstream new-2; not 2025 exam
zh-hsk2-00072,出租,chū zū,[chū zū] to rent,,general-and-abstract,zh-vocab-adapted,https://raw.githubusercontent.com/drkameleon/complete-hsk-vocabulary/7ac65bf1a6387d35f1ade478906172a19311c7f9/complete.json#/1200,2021-standard-derived upstream new-2; not 2025 exam
zh-hsk2-00073,出租车,chū zū chē,[chū zū chē] taxi; (Tw) rental car,,general-and-abstract,zh-vocab-adapted,https://raw.githubusercontent.com/drkameleon/complete-hsk-vocabulary/7ac65bf1a6387d35f1ade478906172a19311c7f9/complete.json#/1201,2021-standard-derived upstream new-2; not 2025 exam
zh-hsk2-00074,船,chuán,[chuán] boat; vessel; ship,,general-and-abstract,zh-vocab-adapted,https://raw.githubusercontent.com/drkameleon/complete-hsk-vocabulary/7ac65bf1a6387d35f1ade478906172a19311c7f9/complete.json#/1272,2021-standard-derived upstream new-2; not 2025 exam
zh-hsk2-00075,吹,chuī,[chuī] to blow; to play a wind instrument; to blast; to puff; to boast; to brag; to end in failure; to fall through,,nature-and-technology,zh-vocab-adapted,https://raw.githubusercontent.com/drkameleon/complete-hsk-vocabulary/7ac65bf1a6387d35f1ade478906172a19311c7f9/complete.json#/1304,2021-standard-derived upstream new-2; not 2025 exam
zh-hsk2-00076,春节,Chūn jié,[Chūn jié] Spring Festival (Chinese New Year),,time-and-quantity,zh-vocab-adapted,https://raw.githubusercontent.com/drkameleon/complete-hsk-vocabulary/7ac65bf1a6387d35f1ade478906172a19311c7f9/complete.json#/1316,2021-standard-derived upstream new-2; not 2025 exam
zh-hsk2-00077,春天,chūn tiān,[chūn tiān] spring (season),,general-and-abstract,zh-vocab-adapted,https://raw.githubusercontent.com/drkameleon/complete-hsk-vocabulary/7ac65bf1a6387d35f1ade478906172a19311c7f9/complete.json#/1317,2021-standard-derived upstream new-2; not 2025 exam
zh-hsk2-00078,词,cí,"[cí] word; statement; speech; lyrics; a form of lyric poetry, flourishing in the Song dynasty",,general-and-abstract,zh-vocab-adapted,https://raw.githubusercontent.com/drkameleon/complete-hsk-vocabulary/7ac65bf1a6387d35f1ade478906172a19311c7f9/complete.json#/1327,2021-standard-derived upstream new-2; not 2025 exam
zh-hsk2-00079,词典,cí diǎn,[cí diǎn] dictionary,,general-and-abstract,zh-vocab-adapted,https://raw.githubusercontent.com/drkameleon/complete-hsk-vocabulary/7ac65bf1a6387d35f1ade478906172a19311c7f9/complete.json#/1328,2021-standard-derived upstream new-2; not 2025 exam
zh-hsk2-00080,词语,cí yǔ,[cí yǔ] word (general term including monosyllables through to short phrases); term (e.g. technical term); expression,,general-and-abstract,zh-vocab-adapted,https://raw.githubusercontent.com/drkameleon/complete-hsk-vocabulary/7ac65bf1a6387d35f1ade478906172a19311c7f9/complete.json#/1330,2021-standard-derived upstream new-2; not 2025 exam
zh-hsk2-00081,从小,cóng xiǎo,[cóng xiǎo] from childhood; from a young age,,general-and-abstract,zh-vocab-adapted,https://raw.githubusercontent.com/drkameleon/complete-hsk-vocabulary/7ac65bf1a6387d35f1ade478906172a19311c7f9/complete.json#/1389,2021-standard-derived upstream new-2; not 2025 exam
zh-hsk2-00082,答应,dā ying,[dā ying] to answer; to respond; to answer positively; to agree; to accept; to promise,,general-and-abstract,zh-vocab-adapted,https://raw.githubusercontent.com/drkameleon/complete-hsk-vocabulary/7ac65bf1a6387d35f1ade478906172a19311c7f9/complete.json#/1453,2021-standard-derived upstream new-2; not 2025 exam
zh-hsk2-00083,打工,dǎ gōng,"[dǎ gōng] to work a temporary or casual job; (of students) to have a job outside of class time, or during vacation",,time-and-quantity;study-and-work,zh-vocab-adapted,https://raw.githubusercontent.com/drkameleon/complete-hsk-vocabulary/7ac65bf1a6387d35f1ade478906172a19311c7f9/complete.json#/1466,2021-standard-derived upstream new-2; not 2025 exam
zh-hsk2-00084,打算,dǎ suàn,[dǎ suàn] to plan; to intend; to calculate; plan; intention; calculation,,general-and-abstract,zh-vocab-adapted,https://raw.githubusercontent.com/drkameleon/complete-hsk-vocabulary/7ac65bf1a6387d35f1ade478906172a19311c7f9/complete.json#/1485,2021-standard-derived upstream new-2; not 2025 exam
zh-hsk2-00085,打印,dǎ yìn,[dǎ yìn] to affix a seal; to stamp; to print out (with a printer),,general-and-abstract,zh-vocab-adapted,https://raw.githubusercontent.com/drkameleon/complete-hsk-vocabulary/7ac65bf1a6387d35f1ade478906172a19311c7f9/complete.json#/1488,2021-standard-derived upstream new-2; not 2025 exam
zh-hsk2-00086,大部分,dà bù fen,[dà bù fen] in large part; the greater part; the majority,,general-and-abstract,zh-vocab-adapted,https://raw.githubusercontent.com/drkameleon/complete-hsk-vocabulary/7ac65bf1a6387d35f1ade478906172a19311c7f9/complete.json#/1500,2021-standard-derived upstream new-2; not 2025 exam
zh-hsk2-00087,大大,dà dà,[dà dà] greatly; enormously; (dialect) dad; uncle,,general-and-abstract,zh-vocab-adapted,https://raw.githubusercontent.com/drkameleon/complete-hsk-vocabulary/7ac65bf1a6387d35f1ade478906172a19311c7f9/complete.json#/1503,2021-standard-derived upstream new-2; not 2025 exam
zh-hsk2-00088,大多数,dà duō shù,[dà duō shù] (great) majority,,general-and-abstract,zh-vocab-adapted,https://raw.githubusercontent.com/drkameleon/complete-hsk-vocabulary/7ac65bf1a6387d35f1ade478906172a19311c7f9/complete.json#/1511,2021-standard-derived upstream new-2; not 2025 exam
zh-hsk2-00089,大海,dà hǎi,[dà hǎi] sea; ocean,,general-and-abstract,zh-vocab-adapted,https://raw.githubusercontent.com/drkameleon/complete-hsk-vocabulary/7ac65bf1a6387d35f1ade478906172a19311c7f9/complete.json#/1520,2021-standard-derived upstream new-2; not 2025 exam
zh-hsk2-00090,大家,dà jiā,[dà jiā] everyone; influential family; great expert,,people-and-relationships,zh-vocab-adapted,https://raw.githubusercontent.com/drkameleon/complete-hsk-vocabulary/7ac65bf1a6387d35f1ade478906172a19311c7f9/complete.json#/1523,2021-standard-derived upstream new-2; not 2025 exam
zh-hsk2-00091,大量,dà liàng,[dà liàng] great amount; large quantity; bulk; numerous; generous; magnanimous,,general-and-abstract,zh-vocab-adapted,https://raw.githubusercontent.com/drkameleon/complete-hsk-vocabulary/7ac65bf1a6387d35f1ade478906172a19311c7f9/complete.json#/1533,2021-standard-derived upstream new-2; not 2025 exam
zh-hsk2-00092,大门,Dà mén / dà mén,"[Dà mén] the Doors, US rock band / [dà mén] entrance; door; gate; large and influential family",,people-and-relationships,zh-vocab-adapted,https://raw.githubusercontent.com/drkameleon/complete-hsk-vocabulary/7ac65bf1a6387d35f1ade478906172a19311c7f9/complete.json#/1537,2021-standard-derived upstream new-2; not 2025 exam
zh-hsk2-00093,大人,dà ren,[dà ren] adult; grownup; title of respect toward superiors,,general-and-abstract,zh-vocab-adapted,https://raw.githubusercontent.com/drkameleon/complete-hsk-vocabulary/7ac65bf1a6387d35f1ade478906172a19311c7f9/complete.json#/1547,2021-standard-derived upstream new-2; not 2025 exam
zh-hsk2-00094,大声,dà shēng,[dà shēng] loud voice; in a loud voice; loudly,,general-and-abstract,zh-vocab-adapted,https://raw.githubusercontent.com/drkameleon/complete-hsk-vocabulary/7ac65bf1a6387d35f1ade478906172a19311c7f9/complete.json#/1550,2021-standard-derived upstream new-2; not 2025 exam
zh-hsk2-00095,大小,dà xiǎo,[dà xiǎo] dimension; magnitude; size; measurement; large and small; at any rate; adults and children; consideration of seniority,,general-and-abstract,zh-vocab-adapted,https://raw.githubusercontent.com/drkameleon/complete-hsk-vocabulary/7ac65bf1a6387d35f1ade478906172a19311c7f9/complete.json#/1563,2021-standard-derived upstream new-2; not 2025 exam
zh-hsk2-00096,大衣,dà yī,[dà yī] overcoat; topcoat; cloak,,general-and-abstract,zh-vocab-adapted,https://raw.githubusercontent.com/drkameleon/complete-hsk-vocabulary/7ac65bf1a6387d35f1ade478906172a19311c7f9/complete.json#/1571,2021-standard-derived upstream new-2; not 2025 exam
zh-hsk2-00097,大自然,dà zì rán,[dà zì rán] nature (the natural world),,nature-and-technology,zh-vocab-adapted,https://raw.githubusercontent.com/drkameleon/complete-hsk-vocabulary/7ac65bf1a6387d35f1ade478906172a19311c7f9/complete.json#/1578,2021-standard-derived upstream new-2; not 2025 exam
zh-hsk2-00098,带,dài,[dài] band; belt; girdle; ribbon; tire; area; zone; region; to wear; to carry; to take along; to bear (i.e. to have); to lead; to bring; to look after; to raise,,general-and-abstract,zh-vocab-adapted,https://raw.githubusercontent.com/drkameleon/complete-hsk-vocabulary/7ac65bf1a6387d35f1ade478906172a19311c7f9/complete.json#/1593,2021-standard-derived upstream new-2; not 2025 exam
zh-hsk2-00099,带来,dài lái,[dài lái] to bring; (fig.) to bring about; to produce,,general-and-abstract,zh-vocab-adapted,https://raw.githubusercontent.com/drkameleon/complete-hsk-vocabulary/7ac65bf1a6387d35f1ade478906172a19311c7f9/complete.json#/1596,2021-standard-derived upstream new-2; not 2025 exam
zh-hsk2-00100,单位,dān wèi,"[dān wèi] unit (of measure); unit (group of people as a whole); work unit (place of employment, esp. in the PRC prior to economic reform)",,study-and-work;society-and-public-life,zh-vocab-adapted,https://raw.githubusercontent.com/drkameleon/complete-hsk-vocabulary/7ac65bf1a6387d35f1ade478906172a19311c7f9/complete.json#/1619,2021-standard-derived upstream new-2; not 2025 exam
zh-hsk2-00101,但,dàn,[dàn] but; yet; however; still; merely; only; just,,general-and-abstract,zh-vocab-adapted,https://raw.githubusercontent.com/drkameleon/complete-hsk-vocabulary/7ac65bf1a6387d35f1ade478906172a19311c7f9/complete.json#/1637,2021-standard-derived upstream new-2; not 2025 exam
zh-hsk2-00102,但是,dàn shì,[dàn shì] but; however,,general-and-abstract,zh-vocab-adapted,https://raw.githubusercontent.com/drkameleon/complete-hsk-vocabulary/7ac65bf1a6387d35f1ade478906172a19311c7f9/complete.json#/1638,2021-standard-derived upstream new-2; not 2025 exam
zh-hsk2-00103,蛋,dàn,[dàn] egg; oval-shaped thing,,general-and-abstract,zh-vocab-adapted,https://raw.githubusercontent.com/drkameleon/complete-hsk-vocabulary/7ac65bf1a6387d35f1ade478906172a19311c7f9/complete.json#/1648,2021-standard-derived upstream new-2; not 2025 exam
zh-hsk2-00104,当,dāng / dàng,[dāng] (onom.) dong; ding dong (bell) / [dāng] to be; to act as; manage; withstand; when; during; ought; should; match equally; equal; same; obstruct; just at (a time or place); on the spot; right; just at / [dàng] at or in the very same...; suitable; adequate; fitting; proper; to replace; to regard as; to think; to pawn; (coll.) to fail (a student),,time-and-quantity;study-and-work;thought-and-communication,zh-vocab-adapted,https://raw.githubusercontent.com/drkameleon/complete-hsk-vocabulary/7ac65bf1a6387d35f1ade478906172a19311c7f9/complete.json#/1651,2021-standard-derived upstream new-2; not 2025 exam
zh-hsk2-00105,当时,dāng shí / dàng shí,[dāng shí] then; at that time; while / [dàng shí] at once; right away,,time-and-quantity,zh-vocab-adapted,https://raw.githubusercontent.com/drkameleon/complete-hsk-vocabulary/7ac65bf1a6387d35f1ade478906172a19311c7f9/complete.json#/1664,2021-standard-derived upstream new-2; not 2025 exam
zh-hsk2-00106,到处,dào chù,[dào chù] everywhere,,general-and-abstract,zh-vocab-adapted,https://raw.githubusercontent.com/drkameleon/complete-hsk-vocabulary/7ac65bf1a6387d35f1ade478906172a19311c7f9/complete.json#/1697,2021-standard-derived upstream new-2; not 2025 exam
zh-hsk2-00107,倒,dǎo / dào,[dǎo] to fall; to collapse; to lie horizontally; to fail; to go bankrupt; to overthrow; to change (trains or buses); to move around; to resell at a profit / [dào] to invert; to place upside down or frontside back; to pour out; to tip out; to dump; inverted; upside down; reversed; to go backward; contrary to what one might expect; but; yet,,general-and-abstract,zh-vocab-adapted,https://raw.githubusercontent.com/drkameleon/complete-hsk-vocabulary/7ac65bf1a6387d35f1ade478906172a19311c7f9/complete.json#/1704,2021-standard-derived upstream new-2; not 2025 exam
zh-hsk2-00108,道,dào,"[dào] road; path; principle; truth; morality; reason; skill; method; Dao (of Daoism); to say; to speak; to talk; classifier for long thin things (rivers, cracks etc), barriers (walls, doors etc), questions (in an exam etc), commands, courses in a meal, steps in a process; (old) circuit (administrative division)",,travel-and-places;thought-and-communication,zh-vocab-adapted,https://raw.githubusercontent.com/drkameleon/complete-hsk-vocabulary/7ac65bf1a6387d35f1ade478906172a19311c7f9/complete.json#/1718,2021-standard-derived upstream new-2; not 2025 exam
zh-hsk2-00109,道理,dào li,[dào li] reason; argument; sense; principle; basis; justification,,general-and-abstract,zh-vocab-adapted,https://raw.githubusercontent.com/drkameleon/complete-hsk-vocabulary/7ac65bf1a6387d35f1ade478906172a19311c7f9/complete.json#/1722,2021-standard-derived upstream new-2; not 2025 exam
zh-hsk2-00110,道路,dào lù,[dào lù] road; path; way,,travel-and-places,zh-vocab-adapted,https://raw.githubusercontent.com/drkameleon/complete-hsk-vocabulary/7ac65bf1a6387d35f1ade478906172a19311c7f9/complete.json#/1723,2021-standard-derived upstream new-2; not 2025 exam
zh-hsk2-00111,地球,dì qiú,[dì qiú] the earth,,general-and-abstract,zh-vocab-adapted,https://raw.githubusercontent.com/drkameleon/complete-hsk-vocabulary/7ac65bf1a6387d35f1ade478906172a19311c7f9/complete.json#/1739,2021-standard-derived upstream new-2; not 2025 exam
zh-hsk2-00112,地铁,dì tiě,[dì tiě] underground railway; subway; subway train,,travel-and-places,zh-vocab-adapted,https://raw.githubusercontent.com/drkameleon/complete-hsk-vocabulary/7ac65bf1a6387d35f1ade478906172a19311c7f9/complete.json#/1744,2021-standard-derived upstream new-2; not 2025 exam
zh-hsk2-00113,地铁站,dì tiě zhàn,[dì tiě zhàn] subway station,,general-and-abstract,zh-vocab-adapted,https://raw.githubusercontent.com/drkameleon/complete-hsk-vocabulary/7ac65bf1a6387d35f1ade478906172a19311c7f9/complete.json#/1745,2021-standard-derived upstream new-2; not 2025 exam
zh-hsk2-00114,的话,de huà,[de huà] if (coming after a conditional clause),,general-and-abstract,zh-vocab-adapted,https://raw.githubusercontent.com/drkameleon/complete-hsk-vocabulary/7ac65bf1a6387d35f1ade478906172a19311c7f9/complete.json#/1758,2021-standard-derived upstream new-2; not 2025 exam
zh-hsk2-00115,得,dé / de / děi,"[dé] to obtain; to get; to gain; to catch (a disease); proper; suitable; proud; contented; to allow; to permit; ready; finished / [de] structural particle: used after a verb (or adjective as main verb), linking it to following phrase indicating effect, degree, possibility etc / [děi] to have to; must; ought to; to need to",,health-and-body,zh-vocab-adapted,https://raw.githubusercontent.com/drkameleon/complete-hsk-vocabulary/7ac65bf1a6387d35f1ade478906172a19311c7f9/complete.json#/1760,2021-standard-derived upstream new-2; not 2025 exam
zh-hsk2-00116,得出,dé chū,[dé chū] to obtain (a result); to arrive at (a conclusion),,general-and-abstract,zh-vocab-adapted,https://raw.githubusercontent.com/drkameleon/complete-hsk-vocabulary/7ac65bf1a6387d35f1ade478906172a19311c7f9/complete.json#/1762,2021-standard-derived upstream new-2; not 2025 exam
zh-hsk2-00117,灯,dēng,[dēng] lamp; light; lantern,,general-and-abstract,zh-vocab-adapted,https://raw.githubusercontent.com/drkameleon/complete-hsk-vocabulary/7ac65bf1a6387d35f1ade478906172a19311c7f9/complete.json#/1778,2021-standard-derived upstream new-2; not 2025 exam
zh-hsk2-00118,等到,děng dào,[děng dào] to wait until; by the time when (sth is ready etc),,time-and-quantity,zh-vocab-adapted,https://raw.githubusercontent.com/drkameleon/complete-hsk-vocabulary/7ac65bf1a6387d35f1ade478906172a19311c7f9/complete.json#/1792,2021-standard-derived upstream new-2; not 2025 exam
zh-hsk2-00119,等于,děng yú,[děng yú] to equal; to be tantamount to,,general-and-abstract,zh-vocab-adapted,https://raw.githubusercontent.com/drkameleon/complete-hsk-vocabulary/7ac65bf1a6387d35f1ade478906172a19311c7f9/complete.json#/1795,2021-standard-derived upstream new-2; not 2025 exam
zh-hsk2-00120,低,dī,[dī] low; beneath; to lower (one's head); to let droop; to hang down; to incline,,health-and-body,zh-vocab-adapted,https://raw.githubusercontent.com/drkameleon/complete-hsk-vocabulary/7ac65bf1a6387d35f1ade478906172a19311c7f9/complete.json#/1798,2021-standard-derived upstream new-2; not 2025 exam
zh-hsk2-00121,点头,diǎn tóu,[diǎn tóu] to nod,,general-and-abstract,zh-vocab-adapted,https://raw.githubusercontent.com/drkameleon/complete-hsk-vocabulary/7ac65bf1a6387d35f1ade478906172a19311c7f9/complete.json#/1856,2021-standard-derived upstream new-2; not 2025 exam
zh-hsk2-00122,店,diàn,[diàn] inn; old-style hotel; (bound form) shop; store,,food-and-shopping;travel-and-places,zh-vocab-adapted,https://raw.githubusercontent.com/drkameleon/complete-hsk-vocabulary/7ac65bf1a6387d35f1ade478906172a19311c7f9/complete.json#/1889,2021-standard-derived upstream new-2; not 2025 exam
zh-hsk2-00123,掉,diào,"[diào] to fall; to drop; to lag behind; to lose; to go missing; to reduce; fall (in prices); to lose (value, weight etc); to wag; to swing; to turn; to change; to exchange; to swap; to show off; to shed (hair); (used after certain verbs to express completion, fulfillment, removal etc)",,general-and-abstract,zh-vocab-adapted,https://raw.githubusercontent.com/drkameleon/complete-hsk-vocabulary/7ac65bf1a6387d35f1ade478906172a19311c7f9/complete.json#/1921,2021-standard-derived upstream new-2; not 2025 exam
zh-hsk2-00124,东北,Dōng běi / dōng běi,[Dōng běi] Northeast China; Manchuria / [dōng běi] northeast,,general-and-abstract,zh-vocab-adapted,https://raw.githubusercontent.com/drkameleon/complete-hsk-vocabulary/7ac65bf1a6387d35f1ade478906172a19311c7f9/complete.json#/1963,2021-standard-derived upstream new-2; not 2025 exam
zh-hsk2-00125,东方,Dōng fāng / dōng fāng,[Dōng fāng] the East; the Orient; two-character surname Dongfang / [dōng fāng] east,,general-and-abstract,zh-vocab-adapted,https://raw.githubusercontent.com/drkameleon/complete-hsk-vocabulary/7ac65bf1a6387d35f1ade478906172a19311c7f9/complete.json#/1968,2021-standard-derived upstream new-2; not 2025 exam
zh-hsk2-00126,东南,dōng nán,[dōng nán] southeast,,general-and-abstract,zh-vocab-adapted,https://raw.githubusercontent.com/drkameleon/complete-hsk-vocabulary/7ac65bf1a6387d35f1ade478906172a19311c7f9/complete.json#/1969,2021-standard-derived upstream new-2; not 2025 exam
zh-hsk2-00127,冬天,dōng tiān,[dōng tiān] winter,,general-and-abstract,zh-vocab-adapted,https://raw.githubusercontent.com/drkameleon/complete-hsk-vocabulary/7ac65bf1a6387d35f1ade478906172a19311c7f9/complete.json#/1974,2021-standard-derived upstream new-2; not 2025 exam
zh-hsk2-00128,懂,dǒng,[dǒng] to understand; to comprehend,,general-and-abstract,zh-vocab-adapted,https://raw.githubusercontent.com/drkameleon/complete-hsk-vocabulary/7ac65bf1a6387d35f1ade478906172a19311c7f9/complete.json#/1978,2021-standard-derived upstream new-2; not 2025 exam
zh-hsk2-00129,懂得,dǒng de,[dǒng de] to understand; to know; to comprehend,,general-and-abstract,zh-vocab-adapted,https://raw.githubusercontent.com/drkameleon/complete-hsk-vocabulary/7ac65bf1a6387d35f1ade478906172a19311c7f9/complete.json#/1979,2021-standard-derived upstream new-2; not 2025 exam
zh-hsk2-00130,动物,dòng wù,[dòng wù] animal,,nature-and-technology,zh-vocab-adapted,https://raw.githubusercontent.com/drkameleon/complete-hsk-vocabulary/7ac65bf1a6387d35f1ade478906172a19311c7f9/complete.json#/1998,2021-standard-derived upstream new-2; not 2025 exam
zh-hsk2-00131,动物园,dòng wù yuán,[dòng wù yuán] zoo,,general-and-abstract,zh-vocab-adapted,https://raw.githubusercontent.com/drkameleon/complete-hsk-vocabulary/7ac65bf1a6387d35f1ade478906172a19311c7f9/complete.json#/1999,2021-standard-derived upstream new-2; not 2025 exam
zh-hsk2-00132,读音,dú yīn,[dú yīn] pronunciation; literary (rather than colloquial) pronunciation of a Chinese character,,general-and-abstract,zh-vocab-adapted,https://raw.githubusercontent.com/drkameleon/complete-hsk-vocabulary/7ac65bf1a6387d35f1ade478906172a19311c7f9/complete.json#/2043,2021-standard-derived upstream new-2; not 2025 exam
zh-hsk2-00133,度,dù / duó,"[dù] to pass; to spend (time); measure; limit; extent; degree of intensity; degree (angles, temperature etc); kilowatt-hour; classifier for events and occurrences / [duó] to estimate; Taiwan pr.",,time-and-quantity,zh-vocab-adapted,https://raw.githubusercontent.com/drkameleon/complete-hsk-vocabulary/7ac65bf1a6387d35f1ade478906172a19311c7f9/complete.json#/2053,2021-standard-derived upstream new-2; not 2025 exam
zh-hsk2-00134,短,duǎn,[duǎn] short; brief; to lack; weak point; fault,,general-and-abstract,zh-vocab-adapted,https://raw.githubusercontent.com/drkameleon/complete-hsk-vocabulary/7ac65bf1a6387d35f1ade478906172a19311c7f9/complete.json#/2061,2021-standard-derived upstream new-2; not 2025 exam
zh-hsk2-00135,短信,duǎn xìn,[duǎn xìn] text message; SMS,,general-and-abstract,zh-vocab-adapted,https://raw.githubusercontent.com/drkameleon/complete-hsk-vocabulary/7ac65bf1a6387d35f1ade478906172a19311c7f9/complete.json#/2068,2021-standard-derived upstream new-2; not 2025 exam
zh-hsk2-00136,段,Duàn / duàn,"[Duàn] surname Duan / [duàn] paragraph; section; segment; stage (of a process); classifier for stories, periods of time, lengths of thread etc",,time-and-quantity,zh-vocab-adapted,https://raw.githubusercontent.com/drkameleon/complete-hsk-vocabulary/7ac65bf1a6387d35f1ade478906172a19311c7f9/complete.json#/2070,2021-standard-derived upstream new-2; not 2025 exam
zh-hsk2-00137,队,duì,[duì] squadron; team; group,,general-and-abstract,zh-vocab-adapted,https://raw.githubusercontent.com/drkameleon/complete-hsk-vocabulary/7ac65bf1a6387d35f1ade478906172a19311c7f9/complete.json#/2081,2021-standard-derived upstream new-2; not 2025 exam
zh-hsk2-00138,队长,duì zhǎng,[duì zhǎng] captain; team leader,,general-and-abstract,zh-vocab-adapted,https://raw.githubusercontent.com/drkameleon/complete-hsk-vocabulary/7ac65bf1a6387d35f1ade478906172a19311c7f9/complete.json#/2085,2021-standard-derived upstream new-2; not 2025 exam
zh-hsk2-00139,对话,duì huà,[duì huà] to talk (with sb); dialogue; conversation,,general-and-abstract,zh-vocab-adapted,https://raw.githubusercontent.com/drkameleon/complete-hsk-vocabulary/7ac65bf1a6387d35f1ade478906172a19311c7f9/complete.json#/2096,2021-standard-derived upstream new-2; not 2025 exam
zh-hsk2-00140,对面,duì miàn,[duì miàn] (sitting) opposite; across (the street); directly in front; to be face to face,,general-and-abstract,zh-vocab-adapted,https://raw.githubusercontent.com/drkameleon/complete-hsk-vocabulary/7ac65bf1a6387d35f1ade478906172a19311c7f9/complete.json#/2100,2021-standard-derived upstream new-2; not 2025 exam
zh-hsk2-00141,多久,duō jiǔ,[duō jiǔ] (of time) how long?; (not) a long time,,time-and-quantity,zh-vocab-adapted,https://raw.githubusercontent.com/drkameleon/complete-hsk-vocabulary/7ac65bf1a6387d35f1ade478906172a19311c7f9/complete.json#/2125,2021-standard-derived upstream new-2; not 2025 exam
zh-hsk2-00142,多么,duō me,[duō me] how (wonderful etc); what (a great idea etc); however (difficult it may be etc); (in interrogative sentences) how (much etc); to what extent,,thought-and-communication,zh-vocab-adapted,https://raw.githubusercontent.com/drkameleon/complete-hsk-vocabulary/7ac65bf1a6387d35f1ade478906172a19311c7f9/complete.json#/2128,2021-standard-derived upstream new-2; not 2025 exam
zh-hsk2-00143,多数,duō shù,[duō shù] majority; most,,general-and-abstract,zh-vocab-adapted,https://raw.githubusercontent.com/drkameleon/complete-hsk-vocabulary/7ac65bf1a6387d35f1ade478906172a19311c7f9/complete.json#/2133,2021-standard-derived upstream new-2; not 2025 exam
zh-hsk2-00144,多云,duō yún,[duō yún] cloudy (meteorology),,general-and-abstract,zh-vocab-adapted,https://raw.githubusercontent.com/drkameleon/complete-hsk-vocabulary/7ac65bf1a6387d35f1ade478906172a19311c7f9/complete.json#/2139,2021-standard-derived upstream new-2; not 2025 exam
zh-hsk2-00145,而且,ér qiě,[ér qiě] (not only ...) but also; moreover; in addition; furthermore,,general-and-abstract,zh-vocab-adapted,https://raw.githubusercontent.com/drkameleon/complete-hsk-vocabulary/7ac65bf1a6387d35f1ade478906172a19311c7f9/complete.json#/2179,2021-standard-derived upstream new-2; not 2025 exam
zh-hsk2-00146,发,fā / fà,[fā] to send out; to show (one's feeling); to issue; to develop; to make a bundle of money; classifier for gunshots (rounds) / [fà] hair; Taiwan pr.,,general-and-abstract,zh-vocab-adapted,https://raw.githubusercontent.com/drkameleon/complete-hsk-vocabulary/7ac65bf1a6387d35f1ade478906172a19311c7f9/complete.json#/2194,2021-standard-derived upstream new-2; not 2025 exam
zh-hsk2-00147,发现,fā xiàn,[fā xiàn] to notice; to become aware of; to discover; to find; to detect; a discovery,,general-and-abstract,zh-vocab-adapted,https://raw.githubusercontent.com/drkameleon/complete-hsk-vocabulary/7ac65bf1a6387d35f1ade478906172a19311c7f9/complete.json#/2229,2021-standard-derived upstream new-2; not 2025 exam
zh-hsk2-00148,饭馆,fàn guǎn,[fàn guǎn] restaurant,,food-and-shopping,zh-vocab-adapted,https://raw.githubusercontent.com/drkameleon/complete-hsk-vocabulary/7ac65bf1a6387d35f1ade478906172a19311c7f9/complete.json#/2309,2021-standard-derived upstream new-2; not 2025 exam
zh-hsk2-00149,方便,fāng biàn,[fāng biàn] convenient; suitable; to facilitate; to make things easy; having money to spare; (euphemism) to relieve oneself,,general-and-abstract,zh-vocab-adapted,https://raw.githubusercontent.com/drkameleon/complete-hsk-vocabulary/7ac65bf1a6387d35f1ade478906172a19311c7f9/complete.json#/2316,2021-standard-derived upstream new-2; not 2025 exam
zh-hsk2-00150,方便面,fāng biàn miàn,[fāng biàn miàn] instant noodles,,general-and-abstract,zh-vocab-adapted,https://raw.githubusercontent.com/drkameleon/complete-hsk-vocabulary/7ac65bf1a6387d35f1ade478906172a19311c7f9/complete.json#/2317,2021-standard-derived upstream new-2; not 2025 exam
zh-hsk2-00151,方法,fāng fǎ,[fāng fǎ] method; way; means,,general-and-abstract,zh-vocab-adapted,https://raw.githubusercontent.com/drkameleon/complete-hsk-vocabulary/7ac65bf1a6387d35f1ade478906172a19311c7f9/complete.json#/2318,2021-standard-derived upstream new-2; not 2025 exam
zh-hsk2-00152,方面,fāng miàn,[fāng miàn] respect; aspect; field; side,,general-and-abstract,zh-vocab-adapted,https://raw.githubusercontent.com/drkameleon/complete-hsk-vocabulary/7ac65bf1a6387d35f1ade478906172a19311c7f9/complete.json#/2320,2021-standard-derived upstream new-2; not 2025 exam
zh-hsk2-00153,方向,fāng xiàng,[fāng xiàng] direction; orientation,,travel-and-places,zh-vocab-adapted,https://raw.githubusercontent.com/drkameleon/complete-hsk-vocabulary/7ac65bf1a6387d35f1ade478906172a19311c7f9/complete.json#/2323,2021-standard-derived upstream new-2; not 2025 exam
zh-hsk2-00154,放下,fàng xià,[fàng xià] to lay down; to put down; to let go of; to relinquish; to set aside; to lower (the blinds etc),,general-and-abstract,zh-vocab-adapted,https://raw.githubusercontent.com/drkameleon/complete-hsk-vocabulary/7ac65bf1a6387d35f1ade478906172a19311c7f9/complete.json#/2367,2021-standard-derived upstream new-2; not 2025 exam
zh-hsk2-00155,放心,fàng xīn,[fàng xīn] to feel relieved; to feel reassured; to be at ease,,thought-and-communication,zh-vocab-adapted,https://raw.githubusercontent.com/drkameleon/complete-hsk-vocabulary/7ac65bf1a6387d35f1ade478906172a19311c7f9/complete.json#/2368,2021-standard-derived upstream new-2; not 2025 exam
zh-hsk2-00156,分开,fēn kāi,[fēn kāi] to separate; to part,,general-and-abstract,zh-vocab-adapted,https://raw.githubusercontent.com/drkameleon/complete-hsk-vocabulary/7ac65bf1a6387d35f1ade478906172a19311c7f9/complete.json#/2422,2021-standard-derived upstream new-2; not 2025 exam
zh-hsk2-00157,分数,fēn shù,[fēn shù] (exam) grade; mark; score; fraction,,general-and-abstract,zh-vocab-adapted,https://raw.githubusercontent.com/drkameleon/complete-hsk-vocabulary/7ac65bf1a6387d35f1ade478906172a19311c7f9/complete.json#/2433,2021-standard-derived upstream new-2; not 2025 exam
zh-hsk2-00158,分钟,fēn zhōng,[fēn zhōng] minute,,time-and-quantity,zh-vocab-adapted,https://raw.githubusercontent.com/drkameleon/complete-hsk-vocabulary/7ac65bf1a6387d35f1ade478906172a19311c7f9/complete.json#/2441,2021-standard-derived upstream new-2; not 2025 exam
zh-hsk2-00159,份,fèn,"[fèn] classifier for gifts, newspaper, magazine, papers, reports, contracts etc",,general-and-abstract,zh-vocab-adapted,https://raw.githubusercontent.com/drkameleon/complete-hsk-vocabulary/7ac65bf1a6387d35f1ade478906172a19311c7f9/complete.json#/2455,2021-standard-derived upstream new-2; not 2025 exam
zh-hsk2-00160,封,Fēng / fēng,"[Fēng] surname Feng / [fēng] to confer; to grant; to bestow a title; to seal; classifier for sealed objects, esp. letters",,general-and-abstract,zh-vocab-adapted,https://raw.githubusercontent.com/drkameleon/complete-hsk-vocabulary/7ac65bf1a6387d35f1ade478906172a19311c7f9/complete.json#/2499,2021-standard-derived upstream new-2; not 2025 exam
zh-hsk2-00161,服务,fú wù,[fú wù] to serve; service,,general-and-abstract,zh-vocab-adapted,https://raw.githubusercontent.com/drkameleon/complete-hsk-vocabulary/7ac65bf1a6387d35f1ade478906172a19311c7f9/complete.json#/2533,2021-standard-derived upstream new-2; not 2025 exam
zh-hsk2-00162,复习,fù xí,[fù xí] to review; revision,,general-and-abstract,zh-vocab-adapted,https://raw.githubusercontent.com/drkameleon/complete-hsk-vocabulary/7ac65bf1a6387d35f1ade478906172a19311c7f9/complete.json#/2593,2021-standard-derived upstream new-2; not 2025 exam
zh-hsk2-00163,该,gāi,[gāi] should; ought to; probably; must be; to deserve; to owe; to be sb's turn to do sth; that; the above-mentioned,,general-and-abstract,zh-vocab-adapted,https://raw.githubusercontent.com/drkameleon/complete-hsk-vocabulary/7ac65bf1a6387d35f1ade478906172a19311c7f9/complete.json#/2618,2021-standard-derived upstream new-2; not 2025 exam
zh-hsk2-00164,改,gǎi,[gǎi] to change; to alter; to transform; to correct,,general-and-abstract,zh-vocab-adapted,https://raw.githubusercontent.com/drkameleon/complete-hsk-vocabulary/7ac65bf1a6387d35f1ade478906172a19311c7f9/complete.json#/2619,2021-standard-derived upstream new-2; not 2025 exam
zh-hsk2-00165,改变,gǎi biàn,[gǎi biàn] to change; to alter; to transform,,general-and-abstract,zh-vocab-adapted,https://raw.githubusercontent.com/drkameleon/complete-hsk-vocabulary/7ac65bf1a6387d35f1ade478906172a19311c7f9/complete.json#/2622,2021-standard-derived upstream new-2; not 2025 exam
zh-hsk2-00166,感到,gǎn dào,[gǎn dào] to feel; to sense; to perceive,,thought-and-communication,zh-vocab-adapted,https://raw.githubusercontent.com/drkameleon/complete-hsk-vocabulary/7ac65bf1a6387d35f1ade478906172a19311c7f9/complete.json#/2664,2021-standard-derived upstream new-2; not 2025 exam
zh-hsk2-00167,感动,gǎn dòng,[gǎn dòng] to move (sb); to touch (sb emotionally); moving,,general-and-abstract,zh-vocab-adapted,https://raw.githubusercontent.com/drkameleon/complete-hsk-vocabulary/7ac65bf1a6387d35f1ade478906172a19311c7f9/complete.json#/2665,2021-standard-derived upstream new-2; not 2025 exam
zh-hsk2-00168,感觉,gǎn jué,[gǎn jué] feeling; impression; sensation; to feel; to perceive,,thought-and-communication,zh-vocab-adapted,https://raw.githubusercontent.com/drkameleon/complete-hsk-vocabulary/7ac65bf1a6387d35f1ade478906172a19311c7f9/complete.json#/2668,2021-standard-derived upstream new-2; not 2025 exam
zh-hsk2-00169,感谢,gǎn xiè,[gǎn xiè] (express) thanks; gratitude; grateful; thankful; thanks,,general-and-abstract,zh-vocab-adapted,https://raw.githubusercontent.com/drkameleon/complete-hsk-vocabulary/7ac65bf1a6387d35f1ade478906172a19311c7f9/complete.json#/2678,2021-standard-derived upstream new-2; not 2025 exam
zh-hsk2-00170,干杯,gān bēi,[gān bēi] to drink a toast; Cheers! (proposing a toast); Here's to you!; Bottoms up!; lit. dry cup,,food-and-shopping,zh-vocab-adapted,https://raw.githubusercontent.com/drkameleon/complete-hsk-vocabulary/7ac65bf1a6387d35f1ade478906172a19311c7f9/complete.json#/2682,2021-standard-derived upstream new-2; not 2025 exam
zh-hsk2-00171,干活儿,gàn huó r,[gàn huó r] (coll.) to work; (coll.) to be employed,,study-and-work,zh-vocab-adapted,https://raw.githubusercontent.com/drkameleon/complete-hsk-vocabulary/7ac65bf1a6387d35f1ade478906172a19311c7f9/complete.json#/2687,2021-standard-derived upstream new-2; not 2025 exam
zh-hsk2-00172,刚,gāng,[gāng] hard; firm; strong; just; barely; exactly,,general-and-abstract,zh-vocab-adapted,https://raw.githubusercontent.com/drkameleon/complete-hsk-vocabulary/7ac65bf1a6387d35f1ade478906172a19311c7f9/complete.json#/2697,2021-standard-derived upstream new-2; not 2025 exam
zh-hsk2-00173,刚才,gāng cái,[gāng cái] just now; a moment ago / [gāng cái] just now,,general-and-abstract,zh-vocab-adapted,https://raw.githubusercontent.com/drkameleon/complete-hsk-vocabulary/7ac65bf1a6387d35f1ade478906172a19311c7f9/complete.json#/2698,2021-standard-derived upstream new-2; not 2025 exam
zh-hsk2-00174,刚刚,gāng gang,[gāng gang] just recently; just a moment ago,,general-and-abstract,zh-vocab-adapted,https://raw.githubusercontent.com/drkameleon/complete-hsk-vocabulary/7ac65bf1a6387d35f1ade478906172a19311c7f9/complete.json#/2699,2021-standard-derived upstream new-2; not 2025 exam
zh-hsk2-00175,高级,gāo jí,[gāo jí] high level; high grade; advanced; high-ranking,,general-and-abstract,zh-vocab-adapted,https://raw.githubusercontent.com/drkameleon/complete-hsk-vocabulary/7ac65bf1a6387d35f1ade478906172a19311c7f9/complete.json#/2733,2021-standard-derived upstream new-2; not 2025 exam
zh-hsk2-00176,高中,gāo zhōng / gāo zhòng,[gāo zhōng] senior high school / [gāo zhòng] to pass brilliantly (used in congratulatory fashion),,study-and-work,zh-vocab-adapted,https://raw.githubusercontent.com/drkameleon/complete-hsk-vocabulary/7ac65bf1a6387d35f1ade478906172a19311c7f9/complete.json#/2756,2021-standard-derived upstream new-2; not 2025 exam
zh-hsk2-00177,个子,gè zi,[gè zi] height; stature; build; size,,general-and-abstract,zh-vocab-adapted,https://raw.githubusercontent.com/drkameleon/complete-hsk-vocabulary/7ac65bf1a6387d35f1ade478906172a19311c7f9/complete.json#/2813,2021-standard-derived upstream new-2; not 2025 exam
zh-hsk2-00178,更,gēng / gèng,[gēng] to change or replace; to experience; one of the five two-hour periods into which the night was formerly divided; watch (e.g. of a sentry or guard) / [gèng] more; even more; further; still; still more,,time-and-quantity,zh-vocab-adapted,https://raw.githubusercontent.com/drkameleon/complete-hsk-vocabulary/7ac65bf1a6387d35f1ade478906172a19311c7f9/complete.json#/2840,2021-standard-derived upstream new-2; not 2025 exam
zh-hsk2-00179,公共汽车,gōng gòng qì chē,[gōng gòng qì chē] bus,,travel-and-places,zh-vocab-adapted,https://raw.githubusercontent.com/drkameleon/complete-hsk-vocabulary/7ac65bf1a6387d35f1ade478906172a19311c7f9/complete.json#/2879,2021-standard-derived upstream new-2; not 2025 exam
zh-hsk2-00180,公交车,gōng jiāo chē,[gōng jiāo chē] public transport vehicle; town bus,,travel-and-places;society-and-public-life,zh-vocab-adapted,https://raw.githubusercontent.com/drkameleon/complete-hsk-vocabulary/7ac65bf1a6387d35f1ade478906172a19311c7f9/complete.json#/2884,2021-standard-derived upstream new-2; not 2025 exam
zh-hsk2-00181,公斤,gōng jīn,[gōng jīn] kilogram (kg),,general-and-abstract,zh-vocab-adapted,https://raw.githubusercontent.com/drkameleon/complete-hsk-vocabulary/7ac65bf1a6387d35f1ade478906172a19311c7f9/complete.json#/2885,2021-standard-derived upstream new-2; not 2025 exam
zh-hsk2-00182,公里,gōng lǐ,[gōng lǐ] kilometer,,general-and-abstract,zh-vocab-adapted,https://raw.githubusercontent.com/drkameleon/complete-hsk-vocabulary/7ac65bf1a6387d35f1ade478906172a19311c7f9/complete.json#/2889,2021-standard-derived upstream new-2; not 2025 exam
zh-hsk2-00183,公路,gōng lù,[gōng lù] highway; road,,travel-and-places,zh-vocab-adapted,https://raw.githubusercontent.com/drkameleon/complete-hsk-vocabulary/7ac65bf1a6387d35f1ade478906172a19311c7f9/complete.json#/2891,2021-standard-derived upstream new-2; not 2025 exam
zh-hsk2-00184,公平,gōng píng,[gōng píng] fair; impartial,,general-and-abstract,zh-vocab-adapted,https://raw.githubusercontent.com/drkameleon/complete-hsk-vocabulary/7ac65bf1a6387d35f1ade478906172a19311c7f9/complete.json#/2894,2021-standard-derived upstream new-2; not 2025 exam
zh-hsk2-00185,公司,gōng sī,[gōng sī] company; firm; corporation,,study-and-work,zh-vocab-adapted,https://raw.githubusercontent.com/drkameleon/complete-hsk-vocabulary/7ac65bf1a6387d35f1ade478906172a19311c7f9/complete.json#/2903,2021-standard-derived upstream new-2; not 2025 exam
zh-hsk2-00186,公园,gōng yuán,[gōng yuán] park (for public recreation),,society-and-public-life,zh-vocab-adapted,https://raw.githubusercontent.com/drkameleon/complete-hsk-vocabulary/7ac65bf1a6387d35f1ade478906172a19311c7f9/complete.json#/2911,2021-standard-derived upstream new-2; not 2025 exam
zh-hsk2-00187,狗,gǒu,[gǒu] dog,,general-and-abstract,zh-vocab-adapted,https://raw.githubusercontent.com/drkameleon/complete-hsk-vocabulary/7ac65bf1a6387d35f1ade478906172a19311c7f9/complete.json#/2966,2021-standard-derived upstream new-2; not 2025 exam
zh-hsk2-00188,够,gòu,[gòu] enough (sufficient); enough (too much); (coll.) (before adj.) really; (coll.) to reach by stretching out,,general-and-abstract,zh-vocab-adapted,https://raw.githubusercontent.com/drkameleon/complete-hsk-vocabulary/7ac65bf1a6387d35f1ade478906172a19311c7f9/complete.json#/2975,2021-standard-derived upstream new-2; not 2025 exam
zh-hsk2-00189,故事,gù shì / gù shi,[gù shì] old practice / [gù shi] narrative; story; tale,,general-and-abstract,zh-vocab-adapted,https://raw.githubusercontent.com/drkameleon/complete-hsk-vocabulary/7ac65bf1a6387d35f1ade478906172a19311c7f9/complete.json#/3021,2021-standard-derived upstream new-2; not 2025 exam
zh-hsk2-00190,故意,gù yì,[gù yì] deliberately; on purpose,,general-and-abstract,zh-vocab-adapted,https://raw.githubusercontent.com/drkameleon/complete-hsk-vocabulary/7ac65bf1a6387d35f1ade478906172a19311c7f9/complete.json#/3023,2021-standard-derived upstream new-2; not 2025 exam
zh-hsk2-00191,顾客,gù kè,[gù kè] customer; client,,general-and-abstract,zh-vocab-adapted,https://raw.githubusercontent.com/drkameleon/complete-hsk-vocabulary/7ac65bf1a6387d35f1ade478906172a19311c7f9/complete.json#/3029,2021-standard-derived upstream new-2; not 2025 exam
zh-hsk2-00192,关机,guān jī,[guān jī] to turn off (a machine or device); to finish shooting a film,,general-and-abstract,zh-vocab-adapted,https://raw.githubusercontent.com/drkameleon/complete-hsk-vocabulary/7ac65bf1a6387d35f1ade478906172a19311c7f9/complete.json#/3062,2021-standard-derived upstream new-2; not 2025 exam
zh-hsk2-00193,关心,guān xīn,[guān xīn] to be concerned about; to care about,,general-and-abstract,zh-vocab-adapted,https://raw.githubusercontent.com/drkameleon/complete-hsk-vocabulary/7ac65bf1a6387d35f1ade478906172a19311c7f9/complete.json#/3070,2021-standard-derived upstream new-2; not 2025 exam
zh-hsk2-00194,观点,guān diǎn,[guān diǎn] point of view; viewpoint; standpoint,,general-and-abstract,zh-vocab-adapted,https://raw.githubusercontent.com/drkameleon/complete-hsk-vocabulary/7ac65bf1a6387d35f1ade478906172a19311c7f9/complete.json#/3076,2021-standard-derived upstream new-2; not 2025 exam
zh-hsk2-00195,广场,guǎng chǎng,[guǎng chǎng] public square; plaza,,society-and-public-life,zh-vocab-adapted,https://raw.githubusercontent.com/drkameleon/complete-hsk-vocabulary/7ac65bf1a6387d35f1ade478906172a19311c7f9/complete.json#/3133,2021-standard-derived upstream new-2; not 2025 exam
zh-hsk2-00196,广告,guǎng gào,[guǎng gào] to advertise; a commercial; advertisement,,general-and-abstract,zh-vocab-adapted,https://raw.githubusercontent.com/drkameleon/complete-hsk-vocabulary/7ac65bf1a6387d35f1ade478906172a19311c7f9/complete.json#/3136,2021-standard-derived upstream new-2; not 2025 exam
zh-hsk2-00197,国际,guó jì,[guó jì] international,,general-and-abstract,zh-vocab-adapted,https://raw.githubusercontent.com/drkameleon/complete-hsk-vocabulary/7ac65bf1a6387d35f1ade478906172a19311c7f9/complete.json#/3186,2021-standard-derived upstream new-2; not 2025 exam
zh-hsk2-00198,过来,guò lái,[guò lái] to come over; to manage; to handle; to be able to take care of,,general-and-abstract,zh-vocab-adapted,https://raw.githubusercontent.com/drkameleon/complete-hsk-vocabulary/7ac65bf1a6387d35f1ade478906172a19311c7f9/complete.json#/3223,2021-standard-derived upstream new-2; not 2025 exam
zh-hsk2-00199,过年,guò nián,[guò nián] to celebrate the Chinese New Year,,time-and-quantity,zh-vocab-adapted,https://raw.githubusercontent.com/drkameleon/complete-hsk-vocabulary/7ac65bf1a6387d35f1ade478906172a19311c7f9/complete.json#/3226,2021-standard-derived upstream new-2; not 2025 exam
zh-hsk2-00200,过去,guò qù / guò qu,[guò qù] (in the) past; former; previous; to go over; to pass by / [guò qu] (verb suffix),,general-and-abstract,zh-vocab-adapted,https://raw.githubusercontent.com/drkameleon/complete-hsk-vocabulary/7ac65bf1a6387d35f1ade478906172a19311c7f9/complete.json#/3228,2021-standard-derived upstream new-2; not 2025 exam
zh-hsk2-00201,海,Hǎi / hǎi,[Hǎi] surname Hai / [hǎi] ocean; sea; great number of people or things; (dialect) numerous,,time-and-quantity,zh-vocab-adapted,https://raw.githubusercontent.com/drkameleon/complete-hsk-vocabulary/7ac65bf1a6387d35f1ade478906172a19311c7f9/complete.json#/3252,2021-standard-derived upstream new-2; not 2025 exam
zh-hsk2-00202,海边,hǎi biān,[hǎi biān] coast; seaside; seashore; beach,,general-and-abstract,zh-vocab-adapted,https://raw.githubusercontent.com/drkameleon/complete-hsk-vocabulary/7ac65bf1a6387d35f1ade478906172a19311c7f9/complete.json#/3256,2021-standard-derived upstream new-2; not 2025 exam
zh-hsk2-00203,喊,hǎn,[hǎn] to yell; to shout; to call out for (a person),,general-and-abstract,zh-vocab-adapted,https://raw.githubusercontent.com/drkameleon/complete-hsk-vocabulary/7ac65bf1a6387d35f1ade478906172a19311c7f9/complete.json#/3299,2021-standard-derived upstream new-2; not 2025 exam
zh-hsk2-00204,好处,hǎo chǔ / hǎo chu,[hǎo chǔ] easy to get along with / [hǎo chu] benefit; advantage; merit; gain; profit; also pr.,,general-and-abstract,zh-vocab-adapted,https://raw.githubusercontent.com/drkameleon/complete-hsk-vocabulary/7ac65bf1a6387d35f1ade478906172a19311c7f9/complete.json#/3326,2021-standard-derived upstream new-2; not 2025 exam
zh-hsk2-00205,好多,hǎo duō,[hǎo duō] many; quite a lot; much better,,general-and-abstract,zh-vocab-adapted,https://raw.githubusercontent.com/drkameleon/complete-hsk-vocabulary/7ac65bf1a6387d35f1ade478906172a19311c7f9/complete.json#/3328,2021-standard-derived upstream new-2; not 2025 exam
zh-hsk2-00206,好久,hǎo jiǔ,[hǎo jiǔ] quite a while,,general-and-abstract,zh-vocab-adapted,https://raw.githubusercontent.com/drkameleon/complete-hsk-vocabulary/7ac65bf1a6387d35f1ade478906172a19311c7f9/complete.json#/3333,2021-standard-derived upstream new-2; not 2025 exam
zh-hsk2-00207,好人,hǎo rén,"[hǎo rén] good person; healthy person; person who tries not to offend anyone, even at the expense of principle",,general-and-abstract,zh-vocab-adapted,https://raw.githubusercontent.com/drkameleon/complete-hsk-vocabulary/7ac65bf1a6387d35f1ade478906172a19311c7f9/complete.json#/3339,2021-standard-derived upstream new-2; not 2025 exam
zh-hsk2-00208,好事,hǎo shì / hào shì,"[hǎo shì] good action, deed, thing or work (also sarcastic, ""a fine thing indeed""); charity; happy occasion; Daoist or Buddhist ceremony for the souls of the dead / [hào shì] to be meddlesome",,study-and-work,zh-vocab-adapted,https://raw.githubusercontent.com/drkameleon/complete-hsk-vocabulary/7ac65bf1a6387d35f1ade478906172a19311c7f9/complete.json#/3342,2021-standard-derived upstream new-2; not 2025 exam
zh-hsk2-00209,好像,hǎo xiàng,[hǎo xiàng] as if; to seem like,,general-and-abstract,zh-vocab-adapted,https://raw.githubusercontent.com/drkameleon/complete-hsk-vocabulary/7ac65bf1a6387d35f1ade478906172a19311c7f9/complete.json#/3346,2021-standard-derived upstream new-2; not 2025 exam
zh-hsk2-00210,合适,hé shì,[hé shì] suitable; fitting; appropriate,,general-and-abstract,zh-vocab-adapted,https://raw.githubusercontent.com/drkameleon/complete-hsk-vocabulary/7ac65bf1a6387d35f1ade478906172a19311c7f9/complete.json#/3379,2021-standard-derived upstream new-2; not 2025 exam
zh-hsk2-00211,河,hé,[hé] river,,travel-and-places,zh-vocab-adapted,https://raw.githubusercontent.com/drkameleon/complete-hsk-vocabulary/7ac65bf1a6387d35f1ade478906172a19311c7f9/complete.json#/3401,2021-standard-derived upstream new-2; not 2025 exam
zh-hsk2-00212,黑,hēi,[hēi] black; dark; sinister; secret; shady; illegal; to hide (sth) away; to vilify; (loanword) to hack (computing),,general-and-abstract,zh-vocab-adapted,https://raw.githubusercontent.com/drkameleon/complete-hsk-vocabulary/7ac65bf1a6387d35f1ade478906172a19311c7f9/complete.json#/3421,2021-standard-derived upstream new-2; not 2025 exam
zh-hsk2-00213,黑板,hēi bǎn,[hēi bǎn] blackboard,,general-and-abstract,zh-vocab-adapted,https://raw.githubusercontent.com/drkameleon/complete-hsk-vocabulary/7ac65bf1a6387d35f1ade478906172a19311c7f9/complete.json#/3424,2021-standard-derived upstream new-2; not 2025 exam
zh-hsk2-00214,黑色,hēi sè,[hēi sè] black,,general-and-abstract,zh-vocab-adapted,https://raw.githubusercontent.com/drkameleon/complete-hsk-vocabulary/7ac65bf1a6387d35f1ade478906172a19311c7f9/complete.json#/3427,2021-standard-derived upstream new-2; not 2025 exam
zh-hsk2-00215,红,Hóng / hóng,[Hóng] surname Hong / [hóng] red; popular; revolutionary; bonus,,general-and-abstract,zh-vocab-adapted,https://raw.githubusercontent.com/drkameleon/complete-hsk-vocabulary/7ac65bf1a6387d35f1ade478906172a19311c7f9/complete.json#/3453,2021-standard-derived upstream new-2; not 2025 exam
zh-hsk2-00216,红色,hóng sè,[hóng sè] red (color); revolutionary,,general-and-abstract,zh-vocab-adapted,https://raw.githubusercontent.com/drkameleon/complete-hsk-vocabulary/7ac65bf1a6387d35f1ade478906172a19311c7f9/complete.json#/3461,2021-standard-derived upstream new-2; not 2025 exam
zh-hsk2-00217,后来,hòu lái,[hòu lái] afterwards; later; newly arrived,,general-and-abstract,zh-vocab-adapted,https://raw.githubusercontent.com/drkameleon/complete-hsk-vocabulary/7ac65bf1a6387d35f1ade478906172a19311c7f9/complete.json#/3482,2021-standard-derived upstream new-2; not 2025 exam
zh-hsk2-00218,忽然,hū rán,[hū rán] suddenly; all of a sudden,,general-and-abstract,zh-vocab-adapted,https://raw.githubusercontent.com/drkameleon/complete-hsk-vocabulary/7ac65bf1a6387d35f1ade478906172a19311c7f9/complete.json#/3511,2021-standard-derived upstream new-2; not 2025 exam
zh-hsk2-00219,湖,hú,[hú] lake,,general-and-abstract,zh-vocab-adapted,https://raw.githubusercontent.com/drkameleon/complete-hsk-vocabulary/7ac65bf1a6387d35f1ade478906172a19311c7f9/complete.json#/3523,2021-standard-derived upstream new-2; not 2025 exam
zh-hsk2-00220,护照,hù zhào,[hù zhào] passport,,general-and-abstract,zh-vocab-adapted,https://raw.githubusercontent.com/drkameleon/complete-hsk-vocabulary/7ac65bf1a6387d35f1ade478906172a19311c7f9/complete.json#/3539,2021-standard-derived upstream new-2; not 2025 exam
zh-hsk2-00221,花园,huā yuán,[huā yuán] garden,,general-and-abstract,zh-vocab-adapted,https://raw.githubusercontent.com/drkameleon/complete-hsk-vocabulary/7ac65bf1a6387d35f1ade478906172a19311c7f9/complete.json#/3550,2021-standard-derived upstream new-2; not 2025 exam
zh-hsk2-00222,画,huà,[huà] to draw; to paint; picture; painting; to draw (a line); stroke of a Chinese character; (calligraphy) horizontal stroke,,general-and-abstract,zh-vocab-adapted,https://raw.githubusercontent.com/drkameleon/complete-hsk-vocabulary/7ac65bf1a6387d35f1ade478906172a19311c7f9/complete.json#/3578,2021-standard-derived upstream new-2; not 2025 exam
zh-hsk2-00223,画儿,huà r,[huà r] picture; drawing; painting,,general-and-abstract,zh-vocab-adapted,https://raw.githubusercontent.com/drkameleon/complete-hsk-vocabulary/7ac65bf1a6387d35f1ade478906172a19311c7f9/complete.json#/3580,2021-standard-derived upstream new-2; not 2025 exam
zh-hsk2-00224,画家,huà jiā,[huà jiā] painter,,general-and-abstract,zh-vocab-adapted,https://raw.githubusercontent.com/drkameleon/complete-hsk-vocabulary/7ac65bf1a6387d35f1ade478906172a19311c7f9/complete.json#/3581,2021-standard-derived upstream new-2; not 2025 exam
zh-hsk2-00225,坏处,huài chu,[huài chu] harm; troubles,,general-and-abstract,zh-vocab-adapted,https://raw.githubusercontent.com/drkameleon/complete-hsk-vocabulary/7ac65bf1a6387d35f1ade478906172a19311c7f9/complete.json#/3601,2021-standard-derived upstream new-2; not 2025 exam
zh-hsk2-00226,坏人,huài rén,[huài rén] bad person; villain,,general-and-abstract,zh-vocab-adapted,https://raw.githubusercontent.com/drkameleon/complete-hsk-vocabulary/7ac65bf1a6387d35f1ade478906172a19311c7f9/complete.json#/3602,2021-standard-derived upstream new-2; not 2025 exam
zh-hsk2-00227,换,huàn,[huàn] to exchange; to change (clothes etc); to substitute; to switch; to convert (currency),,general-and-abstract,zh-vocab-adapted,https://raw.githubusercontent.com/drkameleon/complete-hsk-vocabulary/7ac65bf1a6387d35f1ade478906172a19311c7f9/complete.json#/3619,2021-standard-derived upstream new-2; not 2025 exam
zh-hsk2-00228,欢迎,huān yíng,[huān yíng] to welcome; welcome,,general-and-abstract,zh-vocab-adapted,https://raw.githubusercontent.com/drkameleon/complete-hsk-vocabulary/7ac65bf1a6387d35f1ade478906172a19311c7f9/complete.json#/3634,2021-standard-derived upstream new-2; not 2025 exam
zh-hsk2-00229,黄,Huáng / huáng,[Huáng] surname Huang or Hwang / [huáng] yellow; pornographic; to fall through,,general-and-abstract,zh-vocab-adapted,https://raw.githubusercontent.com/drkameleon/complete-hsk-vocabulary/7ac65bf1a6387d35f1ade478906172a19311c7f9/complete.json#/3649,2021-standard-derived upstream new-2; not 2025 exam
zh-hsk2-00230,黄色,huáng sè,[huáng sè] yellow (color); pornographic,,general-and-abstract,zh-vocab-adapted,https://raw.githubusercontent.com/drkameleon/complete-hsk-vocabulary/7ac65bf1a6387d35f1ade478906172a19311c7f9/complete.json#/3653,2021-standard-derived upstream new-2; not 2025 exam
zh-hsk2-00231,回国,huí guó,[huí guó] to return to one's home country,,travel-and-places,zh-vocab-adapted,https://raw.githubusercontent.com/drkameleon/complete-hsk-vocabulary/7ac65bf1a6387d35f1ade478906172a19311c7f9/complete.json#/3675,2021-standard-derived upstream new-2; not 2025 exam
zh-hsk2-00232,活动,huó dòng,[huó dòng] to exercise; to move about; to operate; to use connections (personal influence); loose; shaky; active; movable; activity; campaign; maneuver; behavior,,general-and-abstract,zh-vocab-adapted,https://raw.githubusercontent.com/drkameleon/complete-hsk-vocabulary/7ac65bf1a6387d35f1ade478906172a19311c7f9/complete.json#/3735,2021-standard-derived upstream new-2; not 2025 exam
zh-hsk2-00233,或,huò,[huò] maybe; perhaps; might; possibly; or,,general-and-abstract,zh-vocab-adapted,https://raw.githubusercontent.com/drkameleon/complete-hsk-vocabulary/7ac65bf1a6387d35f1ade478906172a19311c7f9/complete.json#/3763,2021-standard-derived upstream new-2; not 2025 exam
zh-hsk2-00234,或者,huò zhě,[huò zhě] or; possibly; maybe; perhaps,,general-and-abstract,zh-vocab-adapted,https://raw.githubusercontent.com/drkameleon/complete-hsk-vocabulary/7ac65bf1a6387d35f1ade478906172a19311c7f9/complete.json#/3767,2021-standard-derived upstream new-2; not 2025 exam
zh-hsk2-00235,机会,jī huì,[jī huì] opportunity; chance; occasion,,general-and-abstract,zh-vocab-adapted,https://raw.githubusercontent.com/drkameleon/complete-hsk-vocabulary/7ac65bf1a6387d35f1ade478906172a19311c7f9/complete.json#/3789,2021-standard-derived upstream new-2; not 2025 exam
zh-hsk2-00236,鸡,jī,[jī] fowl; chicken; (slang) prostitute,,general-and-abstract,zh-vocab-adapted,https://raw.githubusercontent.com/drkameleon/complete-hsk-vocabulary/7ac65bf1a6387d35f1ade478906172a19311c7f9/complete.json#/3801,2021-standard-derived upstream new-2; not 2025 exam
zh-hsk2-00237,级,jí,"[jí] level; grade; rank; step (of stairs); classifier: step, level",,general-and-abstract,zh-vocab-adapted,https://raw.githubusercontent.com/drkameleon/complete-hsk-vocabulary/7ac65bf1a6387d35f1ade478906172a19311c7f9/complete.json#/3842,2021-standard-derived upstream new-2; not 2025 exam
zh-hsk2-00238,急,jí,[jí] urgent; pressing; rapid; hurried; worried; to make (sb) anxious,,general-and-abstract,zh-vocab-adapted,https://raw.githubusercontent.com/drkameleon/complete-hsk-vocabulary/7ac65bf1a6387d35f1ade478906172a19311c7f9/complete.json#/3858,2021-standard-derived upstream new-2; not 2025 exam
zh-hsk2-00239,计划,jì huà,[jì huà] plan; project; program; to plan; to map out,,general-and-abstract,zh-vocab-adapted,https://raw.githubusercontent.com/drkameleon/complete-hsk-vocabulary/7ac65bf1a6387d35f1ade478906172a19311c7f9/complete.json#/3894,2021-standard-derived upstream new-2; not 2025 exam
zh-hsk2-00240,计算机,jì suàn jī,[jì suàn jī] computer; (Tw) calculator,,nature-and-technology,zh-vocab-adapted,https://raw.githubusercontent.com/drkameleon/complete-hsk-vocabulary/7ac65bf1a6387d35f1ade478906172a19311c7f9/complete.json#/3898,2021-standard-derived upstream new-2; not 2025 exam
zh-hsk2-00241,加,Jiā / jiā,"[Jiā] Canada; surname Jia / [jiā] to add; plus; to apply (restrictions etc) to (sb); to give (support, consideration etc) to (sth)",,general-and-abstract,zh-vocab-adapted,https://raw.githubusercontent.com/drkameleon/complete-hsk-vocabulary/7ac65bf1a6387d35f1ade478906172a19311c7f9/complete.json#/3946,2021-standard-derived upstream new-2; not 2025 exam
zh-hsk2-00242,加油,jiā yóu,[jiā yóu] to add oil; to top up with gas; to refuel; to accelerate; to step on the gas; (fig.) to make an extra effort; to cheer sb on,,general-and-abstract,zh-vocab-adapted,https://raw.githubusercontent.com/drkameleon/complete-hsk-vocabulary/7ac65bf1a6387d35f1ade478906172a19311c7f9/complete.json#/3960,2021-standard-derived upstream new-2; not 2025 exam
zh-hsk2-00243,家庭,jiā tíng,[jiā tíng] family; household,,people-and-relationships,zh-vocab-adapted,https://raw.githubusercontent.com/drkameleon/complete-hsk-vocabulary/7ac65bf1a6387d35f1ade478906172a19311c7f9/complete.json#/3981,2021-standard-derived upstream new-2; not 2025 exam
zh-hsk2-00244,家长,jiā zhǎng,[jiā zhǎng] head of a household; family head; patriarch; parent or guardian of a child,,people-and-relationships;health-and-body,zh-vocab-adapted,https://raw.githubusercontent.com/drkameleon/complete-hsk-vocabulary/7ac65bf1a6387d35f1ade478906172a19311c7f9/complete.json#/3987,2021-standard-derived upstream new-2; not 2025 exam
zh-hsk2-00245,假,jiǎ / jià,[jiǎ] fake; false; artificial; to borrow; if; suppose / [jià] vacation / [jiǎ] to borrow,,general-and-abstract,zh-vocab-adapted,https://raw.githubusercontent.com/drkameleon/complete-hsk-vocabulary/7ac65bf1a6387d35f1ade478906172a19311c7f9/complete.json#/3993,2021-standard-derived upstream new-2; not 2025 exam
zh-hsk2-00246,假期,jià qī,[jià qī] vacation,,general-and-abstract,zh-vocab-adapted,https://raw.githubusercontent.com/drkameleon/complete-hsk-vocabulary/7ac65bf1a6387d35f1ade478906172a19311c7f9/complete.json#/3996,2021-standard-derived upstream new-2; not 2025 exam
zh-hsk2-00247,检查,jiǎn chá,[jiǎn chá] inspection; to examine; to inspect,,general-and-abstract,zh-vocab-adapted,https://raw.githubusercontent.com/drkameleon/complete-hsk-vocabulary/7ac65bf1a6387d35f1ade478906172a19311c7f9/complete.json#/4078,2021-standard-derived upstream new-2; not 2025 exam
zh-hsk2-00248,见到,jiàn dào,[jiàn dào] to see,,general-and-abstract,zh-vocab-adapted,https://raw.githubusercontent.com/drkameleon/complete-hsk-vocabulary/7ac65bf1a6387d35f1ade478906172a19311c7f9/complete.json#/4095,2021-standard-derived upstream new-2; not 2025 exam
zh-hsk2-00249,见过,jiànguò,[jiànguò] seen,,general-and-abstract,zh-vocab-adapted,https://raw.githubusercontent.com/drkameleon/complete-hsk-vocabulary/7ac65bf1a6387d35f1ade478906172a19311c7f9/complete.json#/4097,2021-standard-derived upstream new-2; not 2025 exam
zh-hsk2-00250,件,jiàn,"[jiàn] item; component; classifier for events, things, clothes etc",,general-and-abstract,zh-vocab-adapted,https://raw.githubusercontent.com/drkameleon/complete-hsk-vocabulary/7ac65bf1a6387d35f1ade478906172a19311c7f9/complete.json#/4108,2021-standard-derived upstream new-2; not 2025 exam
zh-hsk2-00251,健康,jiàn kāng,[jiàn kāng] health; healthy,,health-and-body,zh-vocab-adapted,https://raw.githubusercontent.com/drkameleon/complete-hsk-vocabulary/7ac65bf1a6387d35f1ade478906172a19311c7f9/complete.json#/4122,2021-standard-derived upstream new-2; not 2025 exam
zh-hsk2-00252,讲,jiǎng,[jiǎng] to speak; to explain; to negotiate; to emphasize; to be particular about; as far as sth is concerned; speech; lecture,,thought-and-communication,zh-vocab-adapted,https://raw.githubusercontent.com/drkameleon/complete-hsk-vocabulary/7ac65bf1a6387d35f1ade478906172a19311c7f9/complete.json#/4150,2021-standard-derived upstream new-2; not 2025 exam
zh-hsk2-00253,讲话,jiǎng huà,[jiǎng huà] a speech; to speak; to talk; to address,,thought-and-communication,zh-vocab-adapted,https://raw.githubusercontent.com/drkameleon/complete-hsk-vocabulary/7ac65bf1a6387d35f1ade478906172a19311c7f9/complete.json#/4151,2021-standard-derived upstream new-2; not 2025 exam
zh-hsk2-00254,交,jiāo,[jiāo] to hand over; to deliver; to pay (money); to turn over; to make friends; to intersect (lines),,health-and-body,zh-vocab-adapted,https://raw.githubusercontent.com/drkameleon/complete-hsk-vocabulary/7ac65bf1a6387d35f1ade478906172a19311c7f9/complete.json#/4176,2021-standard-derived upstream new-2; not 2025 exam
zh-hsk2-00255,交给,jiāo gěi,[jiāo gěi] to give; to deliver; to hand over,,health-and-body,zh-vocab-adapted,https://raw.githubusercontent.com/drkameleon/complete-hsk-vocabulary/7ac65bf1a6387d35f1ade478906172a19311c7f9/complete.json#/4182,2021-standard-derived upstream new-2; not 2025 exam
zh-hsk2-00256,交朋友,jiāo péng you,[jiāo péng you] to make friends; (dialect) to start an affair with sb,,general-and-abstract,zh-vocab-adapted,https://raw.githubusercontent.com/drkameleon/complete-hsk-vocabulary/7ac65bf1a6387d35f1ade478906172a19311c7f9/complete.json#/4191,2021-standard-derived upstream new-2; not 2025 exam
zh-hsk2-00257,交通,jiāo tōng,[jiāo tōng] to be connected; traffic; transportation; communications; liaison,,general-and-abstract,zh-vocab-adapted,https://raw.githubusercontent.com/drkameleon/complete-hsk-vocabulary/7ac65bf1a6387d35f1ade478906172a19311c7f9/complete.json#/4196,2021-standard-derived upstream new-2; not 2025 exam
zh-hsk2-00258,角,Jué / jiǎo / jué,"[Jué] surname Jue / [jiǎo] angle; corner; horn; horn-shaped; unit of money equal to 0.1 yuan, or 10 cents (a dime) / [jué] role (theater); to compete; ancient three legged wine vessel; third note of pentatonic scale",,general-and-abstract,zh-vocab-adapted,https://raw.githubusercontent.com/drkameleon/complete-hsk-vocabulary/7ac65bf1a6387d35f1ade478906172a19311c7f9/complete.json#/4219,2021-standard-derived upstream new-2; not 2025 exam
zh-hsk2-00259,角度,jiǎo dù,[jiǎo dù] angle; point of view,,general-and-abstract,zh-vocab-adapted,https://raw.githubusercontent.com/drkameleon/complete-hsk-vocabulary/7ac65bf1a6387d35f1ade478906172a19311c7f9/complete.json#/4220,2021-standard-derived upstream new-2; not 2025 exam
zh-hsk2-00260,饺子,jiǎo zi,[jiǎo zi] dumpling; pot-sticker,,general-and-abstract,zh-vocab-adapted,https://raw.githubusercontent.com/drkameleon/complete-hsk-vocabulary/7ac65bf1a6387d35f1ade478906172a19311c7f9/complete.json#/4226,2021-standard-derived upstream new-2; not 2025 exam
zh-hsk2-00261,脚,jiǎo / jué,[jiǎo] foot; leg (of an animal or an object); base (of an object); classifier for kicks / [jué] role,,nature-and-technology,zh-vocab-adapted,https://raw.githubusercontent.com/drkameleon/complete-hsk-vocabulary/7ac65bf1a6387d35f1ade478906172a19311c7f9/complete.json#/4228,2021-standard-derived upstream new-2; not 2025 exam
zh-hsk2-00262,叫作,jiào zuò,[jiào zuò] to call; to be called,,general-and-abstract,zh-vocab-adapted,https://raw.githubusercontent.com/drkameleon/complete-hsk-vocabulary/7ac65bf1a6387d35f1ade478906172a19311c7f9/complete.json#/4239,2021-standard-derived upstream new-2; not 2025 exam
zh-hsk2-00263,教师,jiào shī,[jiào shī] teacher,,general-and-abstract,zh-vocab-adapted,https://raw.githubusercontent.com/drkameleon/complete-hsk-vocabulary/7ac65bf1a6387d35f1ade478906172a19311c7f9/complete.json#/4248,2021-standard-derived upstream new-2; not 2025 exam
zh-hsk2-00264,教室,jiào shì,[jiào shì] classroom,,general-and-abstract,zh-vocab-adapted,https://raw.githubusercontent.com/drkameleon/complete-hsk-vocabulary/7ac65bf1a6387d35f1ade478906172a19311c7f9/complete.json#/4249,2021-standard-derived upstream new-2; not 2025 exam
zh-hsk2-00265,教学,jiāo xué / jiào xué,[jiāo xué] to teach (as a professor) / [jiào xué] teaching; instruction,,study-and-work,zh-vocab-adapted,https://raw.githubusercontent.com/drkameleon/complete-hsk-vocabulary/7ac65bf1a6387d35f1ade478906172a19311c7f9/complete.json#/4253,2021-standard-derived upstream new-2; not 2025 exam
zh-hsk2-00266,教育,jiào yù,[jiào yù] to educate; to teach; education,,study-and-work,zh-vocab-adapted,https://raw.githubusercontent.com/drkameleon/complete-hsk-vocabulary/7ac65bf1a6387d35f1ade478906172a19311c7f9/complete.json#/4257,2021-standard-derived upstream new-2; not 2025 exam
zh-hsk2-00267,接,jiē,[jiē] to receive; to answer (the phone); to meet or welcome sb; to connect; to catch; to join; to extend; to take one's turn on duty; to take over for sb,,general-and-abstract,zh-vocab-adapted,https://raw.githubusercontent.com/drkameleon/complete-hsk-vocabulary/7ac65bf1a6387d35f1ade478906172a19311c7f9/complete.json#/4264,2021-standard-derived upstream new-2; not 2025 exam
zh-hsk2-00268,接到,jiē dào,[jiē dào] to receive (letter etc),,general-and-abstract,zh-vocab-adapted,https://raw.githubusercontent.com/drkameleon/complete-hsk-vocabulary/7ac65bf1a6387d35f1ade478906172a19311c7f9/complete.json#/4269,2021-standard-derived upstream new-2; not 2025 exam
zh-hsk2-00269,接受,jiē shòu,[jiē shòu] to accept; to receive,,general-and-abstract,zh-vocab-adapted,https://raw.githubusercontent.com/drkameleon/complete-hsk-vocabulary/7ac65bf1a6387d35f1ade478906172a19311c7f9/complete.json#/4280,2021-standard-derived upstream new-2; not 2025 exam
zh-hsk2-00270,接下来,jiē xià lái,[jiē xià lái] to accept; to take; next; following,,general-and-abstract,zh-vocab-adapted,https://raw.githubusercontent.com/drkameleon/complete-hsk-vocabulary/7ac65bf1a6387d35f1ade478906172a19311c7f9/complete.json#/4285,2021-standard-derived upstream new-2; not 2025 exam
zh-hsk2-00271,接着,jiē zhe,[jiē zhe] to catch and hold on; to continue; to go on to do sth; to follow; to carry on; then; after that; subsequently; to proceed; to ensue; in turn; in one's turn,,general-and-abstract,zh-vocab-adapted,https://raw.githubusercontent.com/drkameleon/complete-hsk-vocabulary/7ac65bf1a6387d35f1ade478906172a19311c7f9/complete.json#/4286,2021-standard-derived upstream new-2; not 2025 exam
zh-hsk2-00272,街,jiē,[jiē] street,,general-and-abstract,zh-vocab-adapted,https://raw.githubusercontent.com/drkameleon/complete-hsk-vocabulary/7ac65bf1a6387d35f1ade478906172a19311c7f9/complete.json#/4292,2021-standard-derived upstream new-2; not 2025 exam
zh-hsk2-00273,节,jié,"[jié] joint; node; (bound form) section; segment; solar term (one of the 24 divisions of the year in the traditional Chinese calendar); seasonal festival; (bound form) to economize; to save; (bound form) moral integrity; chastity; classifier for segments: lessons, train wagons, biblical verses etc; knot (nautical miles per hour)",,time-and-quantity;travel-and-places,zh-vocab-adapted,https://raw.githubusercontent.com/drkameleon/complete-hsk-vocabulary/7ac65bf1a6387d35f1ade478906172a19311c7f9/complete.json#/4295,2021-standard-derived upstream new-2; not 2025 exam
zh-hsk2-00274,节目,jié mù,[jié mù] program; item (on a program),,general-and-abstract,zh-vocab-adapted,https://raw.githubusercontent.com/drkameleon/complete-hsk-vocabulary/7ac65bf1a6387d35f1ade478906172a19311c7f9/complete.json#/4298,2021-standard-derived upstream new-2; not 2025 exam
zh-hsk2-00275,节日,jié rì,[jié rì] holiday; festival,,general-and-abstract,zh-vocab-adapted,https://raw.githubusercontent.com/drkameleon/complete-hsk-vocabulary/7ac65bf1a6387d35f1ade478906172a19311c7f9/complete.json#/4301,2021-standard-derived upstream new-2; not 2025 exam
zh-hsk2-00276,结果,jiē guǒ / jié guǒ,[jiē guǒ] to bear fruit / [jié guǒ] outcome; result; conclusion; in the end; as a result; to kill; to dispatch,,food-and-shopping,zh-vocab-adapted,https://raw.githubusercontent.com/drkameleon/complete-hsk-vocabulary/7ac65bf1a6387d35f1ade478906172a19311c7f9/complete.json#/4314,2021-standard-derived upstream new-2; not 2025 exam
zh-hsk2-00277,借,jiè,[jiè] to lend; to borrow; by means of; to take (an opportunity),,general-and-abstract,zh-vocab-adapted,https://raw.githubusercontent.com/drkameleon/complete-hsk-vocabulary/7ac65bf1a6387d35f1ade478906172a19311c7f9/complete.json#/4364,2021-standard-derived upstream new-2; not 2025 exam
zh-hsk2-00278,今后,jīn hòu,[jīn hòu] hereafter; henceforth; in the future; from now on,,general-and-abstract,zh-vocab-adapted,https://raw.githubusercontent.com/drkameleon/complete-hsk-vocabulary/7ac65bf1a6387d35f1ade478906172a19311c7f9/complete.json#/4373,2021-standard-derived upstream new-2; not 2025 exam
zh-hsk2-00279,斤,jīn,"[jīn] catty; (PRC) weight equal to 500 g; (Tw) weight equal to 600 g; (HK, Malaysia, Singapore) slightly over 604 g",,general-and-abstract,zh-vocab-adapted,https://raw.githubusercontent.com/drkameleon/complete-hsk-vocabulary/7ac65bf1a6387d35f1ade478906172a19311c7f9/complete.json#/4377,2021-standard-derived upstream new-2; not 2025 exam
zh-hsk2-00280,近,jìn,[jìn] near; close to; approximately,,general-and-abstract,zh-vocab-adapted,https://raw.githubusercontent.com/drkameleon/complete-hsk-vocabulary/7ac65bf1a6387d35f1ade478906172a19311c7f9/complete.json#/4415,2021-standard-derived upstream new-2; not 2025 exam
zh-hsk2-00281,进入,jìn rù,[jìn rù] to enter; to join; to go into,,general-and-abstract,zh-vocab-adapted,https://raw.githubusercontent.com/drkameleon/complete-hsk-vocabulary/7ac65bf1a6387d35f1ade478906172a19311c7f9/complete.json#/4435,2021-standard-derived upstream new-2; not 2025 exam
zh-hsk2-00282,进行,jìn xíng,[jìn xíng] to advance; to conduct; underway; in progress; to do; to carry out; to carry on; to execute,,general-and-abstract,zh-vocab-adapted,https://raw.githubusercontent.com/drkameleon/complete-hsk-vocabulary/7ac65bf1a6387d35f1ade478906172a19311c7f9/complete.json#/4436,2021-standard-derived upstream new-2; not 2025 exam
zh-hsk2-00283,经常,jīng cháng,[jīng cháng] frequently; constantly; regularly; often; day-to-day; everyday; daily,,time-and-quantity,zh-vocab-adapted,https://raw.githubusercontent.com/drkameleon/complete-hsk-vocabulary/7ac65bf1a6387d35f1ade478906172a19311c7f9/complete.json#/4448,2021-standard-derived upstream new-2; not 2025 exam
zh-hsk2-00284,经过,jīng guò,[jīng guò] to pass; to go through; process; course,,general-and-abstract,zh-vocab-adapted,https://raw.githubusercontent.com/drkameleon/complete-hsk-vocabulary/7ac65bf1a6387d35f1ade478906172a19311c7f9/complete.json#/4452,2021-standard-derived upstream new-2; not 2025 exam
zh-hsk2-00285,经理,jīng lǐ,[jīng lǐ] manager; director,,general-and-abstract,zh-vocab-adapted,https://raw.githubusercontent.com/drkameleon/complete-hsk-vocabulary/7ac65bf1a6387d35f1ade478906172a19311c7f9/complete.json#/4455,2021-standard-derived upstream new-2; not 2025 exam
zh-hsk2-00286,酒,jiǔ,[jiǔ] wine (esp. rice wine); liquor; spirits; alcoholic beverage,,food-and-shopping,zh-vocab-adapted,https://raw.githubusercontent.com/drkameleon/complete-hsk-vocabulary/7ac65bf1a6387d35f1ade478906172a19311c7f9/complete.json#/4558,2021-standard-derived upstream new-2; not 2025 exam
zh-hsk2-00287,酒店,jiǔ diàn,[jiǔ diàn] wine shop; pub (public house); hotel; restaurant; (Tw) hostess club,,food-and-shopping;travel-and-places;society-and-public-life,zh-vocab-adapted,https://raw.githubusercontent.com/drkameleon/complete-hsk-vocabulary/7ac65bf1a6387d35f1ade478906172a19311c7f9/complete.json#/4560,2021-standard-derived upstream new-2; not 2025 exam
zh-hsk2-00288,就要,jiù yào,[jiù yào] will; shall; to be going to,,general-and-abstract,zh-vocab-adapted,https://raw.githubusercontent.com/drkameleon/complete-hsk-vocabulary/7ac65bf1a6387d35f1ade478906172a19311c7f9/complete.json#/4583,2021-standard-derived upstream new-2; not 2025 exam
zh-hsk2-00289,举,jǔ,[jǔ] to lift; to hold up; to cite; to enumerate; to act; to raise; to choose; to elect; act; move; deed,,general-and-abstract,zh-vocab-adapted,https://raw.githubusercontent.com/drkameleon/complete-hsk-vocabulary/7ac65bf1a6387d35f1ade478906172a19311c7f9/complete.json#/4609,2021-standard-derived upstream new-2; not 2025 exam
zh-hsk2-00290,举手,jǔ shǒu,[jǔ shǒu] to raise a hand; to put up one's hand (as signal),,health-and-body,zh-vocab-adapted,https://raw.githubusercontent.com/drkameleon/complete-hsk-vocabulary/7ac65bf1a6387d35f1ade478906172a19311c7f9/complete.json#/4618,2021-standard-derived upstream new-2; not 2025 exam
zh-hsk2-00291,举行,jǔ xíng,"[jǔ xíng] to hold (a meeting, ceremony etc)",,general-and-abstract,zh-vocab-adapted,https://raw.githubusercontent.com/drkameleon/complete-hsk-vocabulary/7ac65bf1a6387d35f1ade478906172a19311c7f9/complete.json#/4619,2021-standard-derived upstream new-2; not 2025 exam
zh-hsk2-00292,句,jù,[jù] sentence; clause; phrase; classifier for phrases or lines of verse,,general-and-abstract,zh-vocab-adapted,https://raw.githubusercontent.com/drkameleon/complete-hsk-vocabulary/7ac65bf1a6387d35f1ade478906172a19311c7f9/complete.json#/4630,2021-standard-derived upstream new-2; not 2025 exam
zh-hsk2-00293,句子,jù zi,[jù zi] sentence,,general-and-abstract,zh-vocab-adapted,https://raw.githubusercontent.com/drkameleon/complete-hsk-vocabulary/7ac65bf1a6387d35f1ade478906172a19311c7f9/complete.json#/4631,2021-standard-derived upstream new-2; not 2025 exam
zh-hsk2-00294,卡,kǎ / qiǎ,"[kǎ] to stop; to block; (computing) (coll.) slow; (loanword) card; truck (from ""car""); calorie; cassette / [qiǎ] to block; to be stuck; to be wedged; customs station; a clip; a fastener; a checkpost; Taiwan pr.",,general-and-abstract,zh-vocab-adapted,https://raw.githubusercontent.com/drkameleon/complete-hsk-vocabulary/7ac65bf1a6387d35f1ade478906172a19311c7f9/complete.json#/4702,2021-standard-derived upstream new-2; not 2025 exam
zh-hsk2-00295,开机,kāi jī,[kāi jī] to start an engine; to boot up (a computer); to press Ctrl-Alt-Delete; to begin shooting a film or TV show,,nature-and-technology,zh-vocab-adapted,https://raw.githubusercontent.com/drkameleon/complete-hsk-vocabulary/7ac65bf1a6387d35f1ade478906172a19311c7f9/complete.json#/4724,2021-standard-derived upstream new-2; not 2025 exam
zh-hsk2-00296,开心,kāi xīn,[kāi xīn] to feel happy; to rejoice; to have a great time; to make fun of sb,,time-and-quantity;thought-and-communication,zh-vocab-adapted,https://raw.githubusercontent.com/drkameleon/complete-hsk-vocabulary/7ac65bf1a6387d35f1ade478906172a19311c7f9/complete.json#/4744,2021-standard-derived upstream new-2; not 2025 exam
zh-hsk2-00297,开学,kāi xué,[kāi xué] foundation of a University or College; school opening; the start of a new term,,study-and-work,zh-vocab-adapted,https://raw.githubusercontent.com/drkameleon/complete-hsk-vocabulary/7ac65bf1a6387d35f1ade478906172a19311c7f9/complete.json#/4745,2021-standard-derived upstream new-2; not 2025 exam
zh-hsk2-00298,看法,kàn fǎ,[kàn fǎ] way of looking at a thing; view; opinion,,thought-and-communication,zh-vocab-adapted,https://raw.githubusercontent.com/drkameleon/complete-hsk-vocabulary/7ac65bf1a6387d35f1ade478906172a19311c7f9/complete.json#/4769,2021-standard-derived upstream new-2; not 2025 exam
zh-hsk2-00299,考生,kǎo shēng,[kǎo shēng] exam candidate; student whose name has been put forward for an exam,,study-and-work,zh-vocab-adapted,https://raw.githubusercontent.com/drkameleon/complete-hsk-vocabulary/7ac65bf1a6387d35f1ade478906172a19311c7f9/complete.json#/4800,2021-standard-derived upstream new-2; not 2025 exam
zh-hsk2-00300,靠,kào,[kào] to lean against or on; to stand by the side of; to come near to; to depend on; to trust; to fuck (vulgar); traditional military costume drama where the performers wear armor (old),,general-and-abstract,zh-vocab-adapted,https://raw.githubusercontent.com/drkameleon/complete-hsk-vocabulary/7ac65bf1a6387d35f1ade478906172a19311c7f9/complete.json#/4807,2021-standard-derived upstream new-2; not 2025 exam
zh-hsk2-00301,科,kē,[kē] branch of study; administrative section; division; field; branch; stage directions; family (taxonomy); rules; laws; to mete out (punishment); to levy (taxes etc); to fine sb,,people-and-relationships;study-and-work,zh-vocab-adapted,https://raw.githubusercontent.com/drkameleon/complete-hsk-vocabulary/7ac65bf1a6387d35f1ade478906172a19311c7f9/complete.json#/4811,2021-standard-derived upstream new-2; not 2025 exam
zh-hsk2-00302,科学,kē xué,[kē xué] science; scientific knowledge; scientific; rational,,nature-and-technology,zh-vocab-adapted,https://raw.githubusercontent.com/drkameleon/complete-hsk-vocabulary/7ac65bf1a6387d35f1ade478906172a19311c7f9/complete.json#/4816,2021-standard-derived upstream new-2; not 2025 exam
zh-hsk2-00303,科学家,kē xué jiā,[kē xué jiā] scientist,,general-and-abstract,zh-vocab-adapted,https://raw.githubusercontent.com/drkameleon/complete-hsk-vocabulary/7ac65bf1a6387d35f1ade478906172a19311c7f9/complete.json#/4817,2021-standard-derived upstream new-2; not 2025 exam
zh-hsk2-00304,可爱,kě ài,[kě ài] adorable; cute; lovely,,general-and-abstract,zh-vocab-adapted,https://raw.githubusercontent.com/drkameleon/complete-hsk-vocabulary/7ac65bf1a6387d35f1ade478906172a19311c7f9/complete.json#/4825,2021-standard-derived upstream new-2; not 2025 exam
zh-hsk2-00305,可能,kě néng,[kě néng] might (happen); possible; probable; possibility; probability; maybe; perhaps,,general-and-abstract,zh-vocab-adapted,https://raw.githubusercontent.com/drkameleon/complete-hsk-vocabulary/7ac65bf1a6387d35f1ade478906172a19311c7f9/complete.json#/4839,2021-standard-derived upstream new-2; not 2025 exam
zh-hsk2-00306,可怕,kě pà,[kě pà] awful; dreadful; fearful; formidable; frightful; scary; hideous; horrible; terrible; terribly,,general-and-abstract,zh-vocab-adapted,https://raw.githubusercontent.com/drkameleon/complete-hsk-vocabulary/7ac65bf1a6387d35f1ade478906172a19311c7f9/complete.json#/4840,2021-standard-derived upstream new-2; not 2025 exam
zh-hsk2-00307,可是,kě shì,[kě shì] but; however; (used for emphasis) indeed,,general-and-abstract,zh-vocab-adapted,https://raw.githubusercontent.com/drkameleon/complete-hsk-vocabulary/7ac65bf1a6387d35f1ade478906172a19311c7f9/complete.json#/4841,2021-standard-derived upstream new-2; not 2025 exam
zh-hsk2-00308,可以,kě yǐ,[kě yǐ] can; may; possible; able to; not bad; pretty good,,general-and-abstract,zh-vocab-adapted,https://raw.githubusercontent.com/drkameleon/complete-hsk-vocabulary/7ac65bf1a6387d35f1ade478906172a19311c7f9/complete.json#/4849,2021-standard-derived upstream new-2; not 2025 exam
zh-hsk2-00309,克,Kè / kè,"[Kè] Croatia; (Tw) Croatia / [kè] to be able to; to subdue; to restrain; to overcome; gram; Tibetan unit of land area, about 6 ares / [Kè] Ke (c. 2000 BC), seventh of the legendary Flame Emperors, descended from Shennong Farmer God / [kè] to subdue; to overthrow; to restrain",,general-and-abstract,zh-vocab-adapted,https://raw.githubusercontent.com/drkameleon/complete-hsk-vocabulary/7ac65bf1a6387d35f1ade478906172a19311c7f9/complete.json#/4852,2021-standard-derived upstream new-2; not 2025 exam
zh-hsk2-00310,刻,kè,[kè] quarter (hour); moment; to carve; to engrave; to cut; oppressive; classifier for short time intervals,,time-and-quantity,zh-vocab-adapted,https://raw.githubusercontent.com/drkameleon/complete-hsk-vocabulary/7ac65bf1a6387d35f1ade478906172a19311c7f9/complete.json#/4856,2021-standard-derived upstream new-2; not 2025 exam
zh-hsk2-00311,客人,kè rén,[kè rén] visitor; guest; customer; client,,general-and-abstract,zh-vocab-adapted,https://raw.githubusercontent.com/drkameleon/complete-hsk-vocabulary/7ac65bf1a6387d35f1ade478906172a19311c7f9/complete.json#/4868,2021-standard-derived upstream new-2; not 2025 exam
zh-hsk2-00312,课堂,kè táng,[kè táng] classroom,,general-and-abstract,zh-vocab-adapted,https://raw.githubusercontent.com/drkameleon/complete-hsk-vocabulary/7ac65bf1a6387d35f1ade478906172a19311c7f9/complete.json#/4874,2021-standard-derived upstream new-2; not 2025 exam
zh-hsk2-00313,空气,kōng qì,[kōng qì] air; atmosphere,,general-and-abstract,zh-vocab-adapted,https://raw.githubusercontent.com/drkameleon/complete-hsk-vocabulary/7ac65bf1a6387d35f1ade478906172a19311c7f9/complete.json#/4893,2021-standard-derived upstream new-2; not 2025 exam
zh-hsk2-00314,哭,kū,[kū] to cry; to weep,,general-and-abstract,zh-vocab-adapted,https://raw.githubusercontent.com/drkameleon/complete-hsk-vocabulary/7ac65bf1a6387d35f1ade478906172a19311c7f9/complete.json#/4939,2021-standard-derived upstream new-2; not 2025 exam
zh-hsk2-00315,快餐,kuài cān,[kuài cān] fast food; snack; quick meal,,food-and-shopping,zh-vocab-adapted,https://raw.githubusercontent.com/drkameleon/complete-hsk-vocabulary/7ac65bf1a6387d35f1ade478906172a19311c7f9/complete.json#/4968,2021-standard-derived upstream new-2; not 2025 exam
zh-hsk2-00316,快点儿,kuài diǎn r,[kuài diǎn r] hurry up; a little faster,,general-and-abstract,zh-vocab-adapted,https://raw.githubusercontent.com/drkameleon/complete-hsk-vocabulary/7ac65bf1a6387d35f1ade478906172a19311c7f9/complete.json#/4971,2021-standard-derived upstream new-2; not 2025 exam
zh-hsk2-00317,快乐,kuài lè,[kuài lè] happy; joyful,,general-and-abstract,zh-vocab-adapted,https://raw.githubusercontent.com/drkameleon/complete-hsk-vocabulary/7ac65bf1a6387d35f1ade478906172a19311c7f9/complete.json#/4974,2021-standard-derived upstream new-2; not 2025 exam
zh-hsk2-00318,快要,kuài yào,[kuài yào] nearly at the point of (doing sth); about to (do sth),,general-and-abstract,zh-vocab-adapted,https://raw.githubusercontent.com/drkameleon/complete-hsk-vocabulary/7ac65bf1a6387d35f1ade478906172a19311c7f9/complete.json#/4976,2021-standard-derived upstream new-2; not 2025 exam
zh-hsk2-00319,筷子,kuài zi,[kuài zi] chopsticks,,general-and-abstract,zh-vocab-adapted,https://raw.githubusercontent.com/drkameleon/complete-hsk-vocabulary/7ac65bf1a6387d35f1ade478906172a19311c7f9/complete.json#/4977,2021-standard-derived upstream new-2; not 2025 exam
zh-hsk2-00320,拉,lā,[lā] to pull; to play (a bowed instrument); to drag; to draw; to chat; (coll.) to empty one's bowels,,general-and-abstract,zh-vocab-adapted,https://raw.githubusercontent.com/drkameleon/complete-hsk-vocabulary/7ac65bf1a6387d35f1ade478906172a19311c7f9/complete.json#/5028,2021-standard-derived upstream new-2; not 2025 exam
zh-hsk2-00321,来自,lái zì,[lái zì] to come from (a place); From: (in email header),,general-and-abstract,zh-vocab-adapted,https://raw.githubusercontent.com/drkameleon/complete-hsk-vocabulary/7ac65bf1a6387d35f1ade478906172a19311c7f9/complete.json#/5057,2021-standard-derived upstream new-2; not 2025 exam
zh-hsk2-00322,蓝,Lán / lán,[Lán] surname Lan / [lán] blue; indigo plant,,nature-and-technology,zh-vocab-adapted,https://raw.githubusercontent.com/drkameleon/complete-hsk-vocabulary/7ac65bf1a6387d35f1ade478906172a19311c7f9/complete.json#/5063,2021-standard-derived upstream new-2; not 2025 exam
zh-hsk2-00323,蓝色,lán sè,[lán sè] blue (color),,general-and-abstract,zh-vocab-adapted,https://raw.githubusercontent.com/drkameleon/complete-hsk-vocabulary/7ac65bf1a6387d35f1ade478906172a19311c7f9/complete.json#/5065,2021-standard-derived upstream new-2; not 2025 exam
zh-hsk2-00324,篮球,lán qiú,[lán qiú] basketball,,general-and-abstract,zh-vocab-adapted,https://raw.githubusercontent.com/drkameleon/complete-hsk-vocabulary/7ac65bf1a6387d35f1ade478906172a19311c7f9/complete.json#/5068,2021-standard-derived upstream new-2; not 2025 exam
zh-hsk2-00325,老年,lǎo nián,[lǎo nián] elderly; old age; autumn of one's years,,general-and-abstract,zh-vocab-adapted,https://raw.githubusercontent.com/drkameleon/complete-hsk-vocabulary/7ac65bf1a6387d35f1ade478906172a19311c7f9/complete.json#/5105,2021-standard-derived upstream new-2; not 2025 exam
zh-hsk2-00326,老朋友,lǎo péng you,[lǎo péng you] old friend; (slang) period; menstruation,,people-and-relationships,zh-vocab-adapted,https://raw.githubusercontent.com/drkameleon/complete-hsk-vocabulary/7ac65bf1a6387d35f1ade478906172a19311c7f9/complete.json#/5106,2021-standard-derived upstream new-2; not 2025 exam
zh-hsk2-00327,老是,lǎo shi,[lǎo shi] always,,general-and-abstract,zh-vocab-adapted,https://raw.githubusercontent.com/drkameleon/complete-hsk-vocabulary/7ac65bf1a6387d35f1ade478906172a19311c7f9/complete.json#/5113,2021-standard-derived upstream new-2; not 2025 exam
zh-hsk2-00328,离,chī / Lí / lí,"[chī] mythical beast (archaic) / [Lí] surname Li / [lí] to leave; to part from; to be away from; (in giving distances) from; without (sth); independent of; one of the Eight Trigrams, symbolizing fire",,general-and-abstract,zh-vocab-adapted,https://raw.githubusercontent.com/drkameleon/complete-hsk-vocabulary/7ac65bf1a6387d35f1ade478906172a19311c7f9/complete.json#/5168,2021-standard-derived upstream new-2; not 2025 exam
zh-hsk2-00329,离开,lí kāi,[lí kāi] to depart; to leave,,general-and-abstract,zh-vocab-adapted,https://raw.githubusercontent.com/drkameleon/complete-hsk-vocabulary/7ac65bf1a6387d35f1ade478906172a19311c7f9/complete.json#/5171,2021-standard-derived upstream new-2; not 2025 exam
zh-hsk2-00330,礼物,lǐ wù,[lǐ wù] gift; present,,general-and-abstract,zh-vocab-adapted,https://raw.githubusercontent.com/drkameleon/complete-hsk-vocabulary/7ac65bf1a6387d35f1ade478906172a19311c7f9/complete.json#/5185,2021-standard-derived upstream new-2; not 2025 exam
zh-hsk2-00331,里头,lǐ tou,[lǐ tou] inside; interior,,general-and-abstract,zh-vocab-adapted,https://raw.githubusercontent.com/drkameleon/complete-hsk-vocabulary/7ac65bf1a6387d35f1ade478906172a19311c7f9/complete.json#/5191,2021-standard-derived upstream new-2; not 2025 exam
zh-hsk2-00332,理想,lǐ xiǎng,[lǐ xiǎng] an ideal; a dream; ideal; perfect,,general-and-abstract,zh-vocab-adapted,https://raw.githubusercontent.com/drkameleon/complete-hsk-vocabulary/7ac65bf1a6387d35f1ade478906172a19311c7f9/complete.json#/5203,2021-standard-derived upstream new-2; not 2025 exam
zh-hsk2-00333,例如,lì rú,[lì rú] for example; for instance; such as,,general-and-abstract,zh-vocab-adapted,https://raw.githubusercontent.com/drkameleon/complete-hsk-vocabulary/7ac65bf1a6387d35f1ade478906172a19311c7f9/complete.json#/5244,2021-standard-derived upstream new-2; not 2025 exam
zh-hsk2-00334,例子,lì zi,[lì zi] case; (for) instance; example,,general-and-abstract,zh-vocab-adapted,https://raw.githubusercontent.com/drkameleon/complete-hsk-vocabulary/7ac65bf1a6387d35f1ade478906172a19311c7f9/complete.json#/5246,2021-standard-derived upstream new-2; not 2025 exam
zh-hsk2-00335,脸,liǎn,[liǎn] face,,general-and-abstract,zh-vocab-adapted,https://raw.githubusercontent.com/drkameleon/complete-hsk-vocabulary/7ac65bf1a6387d35f1ade478906172a19311c7f9/complete.json#/5280,2021-standard-derived upstream new-2; not 2025 exam
zh-hsk2-00336,练,liàn,[liàn] to practice; to train; to drill; to perfect (one's skill); exercise; (literary) white silk; to boil and scour raw silk,,travel-and-places,zh-vocab-adapted,https://raw.githubusercontent.com/drkameleon/complete-hsk-vocabulary/7ac65bf1a6387d35f1ade478906172a19311c7f9/complete.json#/5284,2021-standard-derived upstream new-2; not 2025 exam
zh-hsk2-00337,练习,liàn xí,[liàn xí] to practice; exercise; drill; practice,,general-and-abstract,zh-vocab-adapted,https://raw.githubusercontent.com/drkameleon/complete-hsk-vocabulary/7ac65bf1a6387d35f1ade478906172a19311c7f9/complete.json#/5285,2021-standard-derived upstream new-2; not 2025 exam
zh-hsk2-00338,凉,Liáng / liáng / liàng,"[Liáng] the five Liang of the Sixteen Kingdoms, namely: Former Liang (314-376), Later Liang (386-403), Northern Liang (398-439), Southern Liang (397-414), Western Liang (400-421) / [liáng] cool; cold / [liàng] to let sth cool down",,general-and-abstract,zh-vocab-adapted,https://raw.githubusercontent.com/drkameleon/complete-hsk-vocabulary/7ac65bf1a6387d35f1ade478906172a19311c7f9/complete.json#/5293,2021-standard-derived upstream new-2; not 2025 exam
zh-hsk2-00339,凉快,liáng kuai,[liáng kuai] nice and cold; pleasantly cool,,general-and-abstract,zh-vocab-adapted,https://raw.githubusercontent.com/drkameleon/complete-hsk-vocabulary/7ac65bf1a6387d35f1ade478906172a19311c7f9/complete.json#/5294,2021-standard-derived upstream new-2; not 2025 exam
zh-hsk2-00340,亮,liàng,[liàng] bright; clear; resonant; to shine; to show; to reveal,,general-and-abstract,zh-vocab-adapted,https://raw.githubusercontent.com/drkameleon/complete-hsk-vocabulary/7ac65bf1a6387d35f1ade478906172a19311c7f9/complete.json#/5306,2021-standard-derived upstream new-2; not 2025 exam
zh-hsk2-00341,辆,liàng,[liàng] classifier for vehicles,,general-and-abstract,zh-vocab-adapted,https://raw.githubusercontent.com/drkameleon/complete-hsk-vocabulary/7ac65bf1a6387d35f1ade478906172a19311c7f9/complete.json#/5311,2021-standard-derived upstream new-2; not 2025 exam
zh-hsk2-00342,零下,líng xià,[líng xià] below zero,,general-and-abstract,zh-vocab-adapted,https://raw.githubusercontent.com/drkameleon/complete-hsk-vocabulary/7ac65bf1a6387d35f1ade478906172a19311c7f9/complete.json#/5366,2021-standard-derived upstream new-2; not 2025 exam
zh-hsk2-00343,流,liú,"[liú] to flow; to disseminate; to circulate or spread; to move or drift; to degenerate; to banish or send into exile; stream of water or sth resembling one; class, rate or grade",,general-and-abstract,zh-vocab-adapted,https://raw.githubusercontent.com/drkameleon/complete-hsk-vocabulary/7ac65bf1a6387d35f1ade478906172a19311c7f9/complete.json#/5393,2021-standard-derived upstream new-2; not 2025 exam
zh-hsk2-00344,流利,liú lì,[liú lì] fluent,,general-and-abstract,zh-vocab-adapted,https://raw.githubusercontent.com/drkameleon/complete-hsk-vocabulary/7ac65bf1a6387d35f1ade478906172a19311c7f9/complete.json#/5401,2021-standard-derived upstream new-2; not 2025 exam
zh-hsk2-00345,流行,liú xíng,"[liú xíng] (of a contagious disease etc) to spread; to propagate; (of a style of clothing, song etc) popular; fashionable",,health-and-body,zh-vocab-adapted,https://raw.githubusercontent.com/drkameleon/complete-hsk-vocabulary/7ac65bf1a6387d35f1ade478906172a19311c7f9/complete.json#/5411,2021-standard-derived upstream new-2; not 2025 exam
zh-hsk2-00346,留,liú,[liú] to leave (a message etc); to retain; to stay; to remain; to keep; to preserve,,general-and-abstract,zh-vocab-adapted,https://raw.githubusercontent.com/drkameleon/complete-hsk-vocabulary/7ac65bf1a6387d35f1ade478906172a19311c7f9/complete.json#/5415,2021-standard-derived upstream new-2; not 2025 exam
zh-hsk2-00347,留下,liú xià,[liú xià] to leave behind; to stay behind; to remain; to keep; not to let (sb) go,,general-and-abstract,zh-vocab-adapted,https://raw.githubusercontent.com/drkameleon/complete-hsk-vocabulary/7ac65bf1a6387d35f1ade478906172a19311c7f9/complete.json#/5419,2021-standard-derived upstream new-2; not 2025 exam
zh-hsk2-00348,留学生,liú xué shēng,[liú xué shēng] student studying abroad; (foreign) exchange student,,study-and-work,zh-vocab-adapted,https://raw.githubusercontent.com/drkameleon/complete-hsk-vocabulary/7ac65bf1a6387d35f1ade478906172a19311c7f9/complete.json#/5422,2021-standard-derived upstream new-2; not 2025 exam
zh-hsk2-00349,路边,lù biān,[lù biān] curb; roadside; wayside,,general-and-abstract,zh-vocab-adapted,https://raw.githubusercontent.com/drkameleon/complete-hsk-vocabulary/7ac65bf1a6387d35f1ade478906172a19311c7f9/complete.json#/5463,2021-standard-derived upstream new-2; not 2025 exam
zh-hsk2-00350,旅客,lǚ kè,[lǚ kè] traveler; tourist,,general-and-abstract,zh-vocab-adapted,https://raw.githubusercontent.com/drkameleon/complete-hsk-vocabulary/7ac65bf1a6387d35f1ade478906172a19311c7f9/complete.json#/5482,2021-standard-derived upstream new-2; not 2025 exam
zh-hsk2-00351,旅行,lǚ xíng,[lǚ xíng] to travel; journey; trip,,travel-and-places,zh-vocab-adapted,https://raw.githubusercontent.com/drkameleon/complete-hsk-vocabulary/7ac65bf1a6387d35f1ade478906172a19311c7f9/complete.json#/5484,2021-standard-derived upstream new-2; not 2025 exam
zh-hsk2-00352,旅游,lǚ yóu,[lǚ yóu] trip; journey; tourism; travel; tour; to travel,,travel-and-places,zh-vocab-adapted,https://raw.githubusercontent.com/drkameleon/complete-hsk-vocabulary/7ac65bf1a6387d35f1ade478906172a19311c7f9/complete.json#/5486,2021-standard-derived upstream new-2; not 2025 exam
zh-hsk2-00353,绿,lǜ,[lǜ] green; (slang) to cheat on (one's spouse or boyfriend or girlfriend),,general-and-abstract,zh-vocab-adapted,https://raw.githubusercontent.com/drkameleon/complete-hsk-vocabulary/7ac65bf1a6387d35f1ade478906172a19311c7f9/complete.json#/5496,2021-standard-derived upstream new-2; not 2025 exam
zh-hsk2-00354,绿色,lǜ sè,[lǜ sè] green,,general-and-abstract,zh-vocab-adapted,https://raw.githubusercontent.com/drkameleon/complete-hsk-vocabulary/7ac65bf1a6387d35f1ade478906172a19311c7f9/complete.json#/5501,2021-standard-derived upstream new-2; not 2025 exam
zh-hsk2-00355,卖,mài,[mài] to sell; to betray; to spare no effort; to show off or flaunt,,food-and-shopping,zh-vocab-adapted,https://raw.githubusercontent.com/drkameleon/complete-hsk-vocabulary/7ac65bf1a6387d35f1ade478906172a19311c7f9/complete.json#/5572,2021-standard-derived upstream new-2; not 2025 exam
zh-hsk2-00356,满,Mǎn / mǎn,[Mǎn] Manchu ethnic group / [mǎn] to fill; full; filled; packed; fully; completely; quite; to reach the limit; to satisfy; satisfied; contented,,general-and-abstract,zh-vocab-adapted,https://raw.githubusercontent.com/drkameleon/complete-hsk-vocabulary/7ac65bf1a6387d35f1ade478906172a19311c7f9/complete.json#/5579,2021-standard-derived upstream new-2; not 2025 exam
zh-hsk2-00357,满意,mǎn yì,[mǎn yì] satisfied; pleased; to one's satisfaction,,general-and-abstract,zh-vocab-adapted,https://raw.githubusercontent.com/drkameleon/complete-hsk-vocabulary/7ac65bf1a6387d35f1ade478906172a19311c7f9/complete.json#/5581,2021-standard-derived upstream new-2; not 2025 exam
zh-hsk2-00358,猫,māo,[māo] cat; (dialect) to hide oneself; (coll.) modem,,general-and-abstract,zh-vocab-adapted,https://raw.githubusercontent.com/drkameleon/complete-hsk-vocabulary/7ac65bf1a6387d35f1ade478906172a19311c7f9/complete.json#/5601,2021-standard-derived upstream new-2; not 2025 exam
zh-hsk2-00359,米,Mǐ / mǐ,[Mǐ] surname Mi / [mǐ] rice; meter (classifier),,food-and-shopping,zh-vocab-adapted,https://raw.githubusercontent.com/drkameleon/complete-hsk-vocabulary/7ac65bf1a6387d35f1ade478906172a19311c7f9/complete.json#/5710,2021-standard-derived upstream new-2; not 2025 exam
zh-hsk2-00360,面,miàn,"[miàn] face; side; surface; aspect; top; classifier for objects with flat surfaces such as drums, mirrors, flags etc / [miàn] flour; noodles; (of food) soft (not crunchy); (slang) (of a person) ineffectual; spineless",,food-and-shopping,zh-vocab-adapted,https://raw.githubusercontent.com/drkameleon/complete-hsk-vocabulary/7ac65bf1a6387d35f1ade478906172a19311c7f9/complete.json#/5739,2021-standard-derived upstream new-2; not 2025 exam
zh-hsk2-00361,面前,miàn qián,[miàn qián] in front of; facing; (in the) presence (of),,general-and-abstract,zh-vocab-adapted,https://raw.githubusercontent.com/drkameleon/complete-hsk-vocabulary/7ac65bf1a6387d35f1ade478906172a19311c7f9/complete.json#/5751,2021-standard-derived upstream new-2; not 2025 exam
zh-hsk2-00362,名,míng,[míng] name; noun (part of speech); place (e.g. among winners); famous; classifier for people,,general-and-abstract,zh-vocab-adapted,https://raw.githubusercontent.com/drkameleon/complete-hsk-vocabulary/7ac65bf1a6387d35f1ade478906172a19311c7f9/complete.json#/5787,2021-standard-derived upstream new-2; not 2025 exam
zh-hsk2-00363,名称,míng chēng,[míng chēng] name (of a thing); name (of an organization),,general-and-abstract,zh-vocab-adapted,https://raw.githubusercontent.com/drkameleon/complete-hsk-vocabulary/7ac65bf1a6387d35f1ade478906172a19311c7f9/complete.json#/5788,2021-standard-derived upstream new-2; not 2025 exam
zh-hsk2-00364,名单,míng dān,[míng dān] list of names,,general-and-abstract,zh-vocab-adapted,https://raw.githubusercontent.com/drkameleon/complete-hsk-vocabulary/7ac65bf1a6387d35f1ade478906172a19311c7f9/complete.json#/5790,2021-standard-derived upstream new-2; not 2025 exam
zh-hsk2-00365,明星,míng xīng,[míng xīng] star; celebrity,,general-and-abstract,zh-vocab-adapted,https://raw.githubusercontent.com/drkameleon/complete-hsk-vocabulary/7ac65bf1a6387d35f1ade478906172a19311c7f9/complete.json#/5818,2021-standard-derived upstream new-2; not 2025 exam
zh-hsk2-00366,目的,mù dì,[mù dì] purpose; aim; goal; target; objective,,general-and-abstract,zh-vocab-adapted,https://raw.githubusercontent.com/drkameleon/complete-hsk-vocabulary/7ac65bf1a6387d35f1ade478906172a19311c7f9/complete.json#/5882,2021-standard-derived upstream new-2; not 2025 exam
zh-hsk2-00367,拿出,ná chū,[ná chū] to take out; to put out; to provide; to put forward (a proposal); to come up with (evidence),,general-and-abstract,zh-vocab-adapted,https://raw.githubusercontent.com/drkameleon/complete-hsk-vocabulary/7ac65bf1a6387d35f1ade478906172a19311c7f9/complete.json#/5903,2021-standard-derived upstream new-2; not 2025 exam
zh-hsk2-00368,拿到,ná dào,[ná dào] to get; to obtain,,general-and-abstract,zh-vocab-adapted,https://raw.githubusercontent.com/drkameleon/complete-hsk-vocabulary/7ac65bf1a6387d35f1ade478906172a19311c7f9/complete.json#/5904,2021-standard-derived upstream new-2; not 2025 exam
zh-hsk2-00369,那会儿,nà huì r,[nà huì r] at that time (in the past or the future); also pr.,,time-and-quantity,zh-vocab-adapted,https://raw.githubusercontent.com/drkameleon/complete-hsk-vocabulary/7ac65bf1a6387d35f1ade478906172a19311c7f9/complete.json#/5916,2021-standard-derived upstream new-2; not 2025 exam
zh-hsk2-00370,那么,nà me,[nà me] like that; in that way; or so; so; so very much; about; in that case,,general-and-abstract,zh-vocab-adapted,https://raw.githubusercontent.com/drkameleon/complete-hsk-vocabulary/7ac65bf1a6387d35f1ade478906172a19311c7f9/complete.json#/5918,2021-standard-derived upstream new-2; not 2025 exam
zh-hsk2-00371,那时,nà shí,[nà shí] then; at that time; in those days,,time-and-quantity,zh-vocab-adapted,https://raw.githubusercontent.com/drkameleon/complete-hsk-vocabulary/7ac65bf1a6387d35f1ade478906172a19311c7f9/complete.json#/5919,2021-standard-derived upstream new-2; not 2025 exam
zh-hsk2-00372,那时候,nà shí hou,[nà shí hou] at that time,,time-and-quantity,zh-vocab-adapted,https://raw.githubusercontent.com/drkameleon/complete-hsk-vocabulary/7ac65bf1a6387d35f1ade478906172a19311c7f9/complete.json#/5920,2021-standard-derived upstream new-2; not 2025 exam
zh-hsk2-00373,那样,nà yàng,[nà yàng] that kind; that sort,,general-and-abstract,zh-vocab-adapted,https://raw.githubusercontent.com/drkameleon/complete-hsk-vocabulary/7ac65bf1a6387d35f1ade478906172a19311c7f9/complete.json#/5922,2021-standard-derived upstream new-2; not 2025 exam
zh-hsk2-00374,南方,nán fāng,[nán fāng] south; the southern part of the country; the South,,travel-and-places,zh-vocab-adapted,https://raw.githubusercontent.com/drkameleon/complete-hsk-vocabulary/7ac65bf1a6387d35f1ade478906172a19311c7f9/complete.json#/5952,2021-standard-derived upstream new-2; not 2025 exam
zh-hsk2-00375,难过,nán guò,[nán guò] to feel sad; to feel unwell; (of life) to be difficult,,thought-and-communication,zh-vocab-adapted,https://raw.githubusercontent.com/drkameleon/complete-hsk-vocabulary/7ac65bf1a6387d35f1ade478906172a19311c7f9/complete.json#/5964,2021-standard-derived upstream new-2; not 2025 exam
zh-hsk2-00376,难看,nán kàn,[nán kàn] ugly; unsightly,,general-and-abstract,zh-vocab-adapted,https://raw.githubusercontent.com/drkameleon/complete-hsk-vocabulary/7ac65bf1a6387d35f1ade478906172a19311c7f9/complete.json#/5966,2021-standard-derived upstream new-2; not 2025 exam
zh-hsk2-00377,难受,nán shòu,[nán shòu] to feel unwell; to suffer pain; to be difficult to bear,,health-and-body;thought-and-communication,zh-vocab-adapted,https://raw.githubusercontent.com/drkameleon/complete-hsk-vocabulary/7ac65bf1a6387d35f1ade478906172a19311c7f9/complete.json#/5969,2021-standard-derived upstream new-2; not 2025 exam
zh-hsk2-00378,难题,nán tí,[nán tí] difficult problem,,general-and-abstract,zh-vocab-adapted,https://raw.githubusercontent.com/drkameleon/complete-hsk-vocabulary/7ac65bf1a6387d35f1ade478906172a19311c7f9/complete.json#/5971,2021-standard-derived upstream new-2; not 2025 exam
zh-hsk2-00379,难听,nán tīng,[nán tīng] unpleasant to hear; coarse; vulgar; offensive; shameful,,general-and-abstract,zh-vocab-adapted,https://raw.githubusercontent.com/drkameleon/complete-hsk-vocabulary/7ac65bf1a6387d35f1ade478906172a19311c7f9/complete.json#/5972,2021-standard-derived upstream new-2; not 2025 exam
zh-hsk2-00380,能够,néng gòu,[néng gòu] to be capable of; to be able to; can,,general-and-abstract,zh-vocab-adapted,https://raw.githubusercontent.com/drkameleon/complete-hsk-vocabulary/7ac65bf1a6387d35f1ade478906172a19311c7f9/complete.json#/6012,2021-standard-derived upstream new-2; not 2025 exam
zh-hsk2-00381,年级,nián jí,"[nián jí] grade; year (in school, college etc)",,time-and-quantity;study-and-work,zh-vocab-adapted,https://raw.githubusercontent.com/drkameleon/complete-hsk-vocabulary/7ac65bf1a6387d35f1ade478906172a19311c7f9/complete.json#/6035,2021-standard-derived upstream new-2; not 2025 exam
zh-hsk2-00382,年轻,nián qīng,[nián qīng] young,,general-and-abstract,zh-vocab-adapted,https://raw.githubusercontent.com/drkameleon/complete-hsk-vocabulary/7ac65bf1a6387d35f1ade478906172a19311c7f9/complete.json#/6040,2021-standard-derived upstream new-2; not 2025 exam
zh-hsk2-00383,鸟,diǎo / niǎo,"[diǎo] penis / [niǎo] bird; ""bird"" radical in Chinese characters (Kangxi radical 196); (dialect) to pay attention to; (intensifier) damned; goddamn",,general-and-abstract,zh-vocab-adapted,https://raw.githubusercontent.com/drkameleon/complete-hsk-vocabulary/7ac65bf1a6387d35f1ade478906172a19311c7f9/complete.json#/6052,2021-standard-derived upstream new-2; not 2025 exam
zh-hsk2-00384,弄,lòng / nòng,[lòng] lane; alley / [nòng] to do; to manage; to handle; to play with; to fool with; to mess with; to fix; to toy with,,general-and-abstract,zh-vocab-adapted,https://raw.githubusercontent.com/drkameleon/complete-hsk-vocabulary/7ac65bf1a6387d35f1ade478906172a19311c7f9/complete.json#/6088,2021-standard-derived upstream new-2; not 2025 exam
zh-hsk2-00385,努力,nǔ lì,[nǔ lì] to make an effort; to try hard; to strive; hard-working; conscientious,,general-and-abstract,zh-vocab-adapted,https://raw.githubusercontent.com/drkameleon/complete-hsk-vocabulary/7ac65bf1a6387d35f1ade478906172a19311c7f9/complete.json#/6091,2021-standard-derived upstream new-2; not 2025 exam
zh-hsk2-00386,爬,pá,[pá] to crawl; to climb; to get up or sit up,,general-and-abstract,zh-vocab-adapted,https://raw.githubusercontent.com/drkameleon/complete-hsk-vocabulary/7ac65bf1a6387d35f1ade478906172a19311c7f9/complete.json#/6117,2021-standard-derived upstream new-2; not 2025 exam
zh-hsk2-00387,爬山,pá shān,[pá shān] to climb a mountain; to mountaineer; hiking; mountaineering,,travel-and-places,zh-vocab-adapted,https://raw.githubusercontent.com/drkameleon/complete-hsk-vocabulary/7ac65bf1a6387d35f1ade478906172a19311c7f9/complete.json#/6118,2021-standard-derived upstream new-2; not 2025 exam
zh-hsk2-00388,怕,Pà / pà,[Pà] surname Pa / [pà] to be afraid; to fear; to dread; to be unable to endure; perhaps,,general-and-abstract,zh-vocab-adapted,https://raw.githubusercontent.com/drkameleon/complete-hsk-vocabulary/7ac65bf1a6387d35f1ade478906172a19311c7f9/complete.json#/6119,2021-standard-derived upstream new-2; not 2025 exam
zh-hsk2-00389,排,pái,"[pái] a row; a line; to set in order; to arrange; to line up; to eliminate; to drain; to push open; platoon; raft; classifier for lines, rows etc",,general-and-abstract,zh-vocab-adapted,https://raw.githubusercontent.com/drkameleon/complete-hsk-vocabulary/7ac65bf1a6387d35f1ade478906172a19311c7f9/complete.json#/6127,2021-standard-derived upstream new-2; not 2025 exam
zh-hsk2-00390,排队,pái duì,[pái duì] to line up,,general-and-abstract,zh-vocab-adapted,https://raw.githubusercontent.com/drkameleon/complete-hsk-vocabulary/7ac65bf1a6387d35f1ade478906172a19311c7f9/complete.json#/6130,2021-standard-derived upstream new-2; not 2025 exam
zh-hsk2-00391,排球,pái qiú,[pái qiú] volleyball,,general-and-abstract,zh-vocab-adapted,https://raw.githubusercontent.com/drkameleon/complete-hsk-vocabulary/7ac65bf1a6387d35f1ade478906172a19311c7f9/complete.json#/6135,2021-standard-derived upstream new-2; not 2025 exam
zh-hsk2-00392,碰,pèng,[pèng] to touch; to meet with; to bump,,general-and-abstract,zh-vocab-adapted,https://raw.githubusercontent.com/drkameleon/complete-hsk-vocabulary/7ac65bf1a6387d35f1ade478906172a19311c7f9/complete.json#/6213,2021-standard-derived upstream new-2; not 2025 exam
zh-hsk2-00393,碰到,pèng dào,[pèng dào] to come across; to run into; to meet; to hit,,general-and-abstract,zh-vocab-adapted,https://raw.githubusercontent.com/drkameleon/complete-hsk-vocabulary/7ac65bf1a6387d35f1ade478906172a19311c7f9/complete.json#/6214,2021-standard-derived upstream new-2; not 2025 exam
zh-hsk2-00394,碰见,pèng jiàn,[pèng jiàn] to run into; to meet (unexpectedly); to bump into,,general-and-abstract,zh-vocab-adapted,https://raw.githubusercontent.com/drkameleon/complete-hsk-vocabulary/7ac65bf1a6387d35f1ade478906172a19311c7f9/complete.json#/6216,2021-standard-derived upstream new-2; not 2025 exam
zh-hsk2-00395,篇,piān,"[piān] sheet; piece of writing; bound set of bamboo slips used for record keeping (old); classifier for written items: chapter, article",,general-and-abstract,zh-vocab-adapted,https://raw.githubusercontent.com/drkameleon/complete-hsk-vocabulary/7ac65bf1a6387d35f1ade478906172a19311c7f9/complete.json#/6257,2021-standard-derived upstream new-2; not 2025 exam
zh-hsk2-00396,片,piān / piàn,"[piān] disk; sheet / [piàn] thin piece; flake; a slice; film; TV play; to slice; to carve thin; partial; incomplete; one-sided; classifier for slices, tablets, tract of land, area of water; classifier for CDs, movies, DVDs etc; classifier for a scene, feeling, atmosphere or sound",,general-and-abstract,zh-vocab-adapted,https://raw.githubusercontent.com/drkameleon/complete-hsk-vocabulary/7ac65bf1a6387d35f1ade478906172a19311c7f9/complete.json#/6259,2021-standard-derived upstream new-2; not 2025 exam
zh-hsk2-00397,漂亮,piào liang,[piào liang] pretty; beautiful,,general-and-abstract,zh-vocab-adapted,https://raw.githubusercontent.com/drkameleon/complete-hsk-vocabulary/7ac65bf1a6387d35f1ade478906172a19311c7f9/complete.json#/6275,2021-standard-derived upstream new-2; not 2025 exam
zh-hsk2-00398,平,Píng / píng,[Píng] surname Ping / [píng] flat; level; equal; to tie (make the same score); to draw (score); calm; peaceful,,general-and-abstract,zh-vocab-adapted,https://raw.githubusercontent.com/drkameleon/complete-hsk-vocabulary/7ac65bf1a6387d35f1ade478906172a19311c7f9/complete.json#/6301,2021-standard-derived upstream new-2; not 2025 exam
zh-hsk2-00399,平安,píng ān,[píng ān] safe and sound; well; without mishap; quiet and safe; at peace,,general-and-abstract,zh-vocab-adapted,https://raw.githubusercontent.com/drkameleon/complete-hsk-vocabulary/7ac65bf1a6387d35f1ade478906172a19311c7f9/complete.json#/6302,2021-standard-derived upstream new-2; not 2025 exam
zh-hsk2-00400,平常,píng cháng,[píng cháng] ordinary; common; usually; ordinarily,,general-and-abstract,zh-vocab-adapted,https://raw.githubusercontent.com/drkameleon/complete-hsk-vocabulary/7ac65bf1a6387d35f1ade478906172a19311c7f9/complete.json#/6303,2021-standard-derived upstream new-2; not 2025 exam
zh-hsk2-00401,平等,píng děng,[píng děng] equal; equality,,general-and-abstract,zh-vocab-adapted,https://raw.githubusercontent.com/drkameleon/complete-hsk-vocabulary/7ac65bf1a6387d35f1ade478906172a19311c7f9/complete.json#/6306,2021-standard-derived upstream new-2; not 2025 exam
zh-hsk2-00402,平时,píng shí,[píng shí] ordinarily; in normal times; in peacetime,,general-and-abstract,zh-vocab-adapted,https://raw.githubusercontent.com/drkameleon/complete-hsk-vocabulary/7ac65bf1a6387d35f1ade478906172a19311c7f9/complete.json#/6318,2021-standard-derived upstream new-2; not 2025 exam
zh-hsk2-00403,瓶,píng,[píng] bottle; vase; pitcher; classifier for wine and liquids,,general-and-abstract,zh-vocab-adapted,https://raw.githubusercontent.com/drkameleon/complete-hsk-vocabulary/7ac65bf1a6387d35f1ade478906172a19311c7f9/complete.json#/6342,2021-standard-derived upstream new-2; not 2025 exam
zh-hsk2-00404,瓶子,píng zi,[píng zi] bottle,,general-and-abstract,zh-vocab-adapted,https://raw.githubusercontent.com/drkameleon/complete-hsk-vocabulary/7ac65bf1a6387d35f1ade478906172a19311c7f9/complete.json#/6344,2021-standard-derived upstream new-2; not 2025 exam
zh-hsk2-00405,普通,pǔ tōng,[pǔ tōng] common; ordinary; general; average,,general-and-abstract,zh-vocab-adapted,https://raw.githubusercontent.com/drkameleon/complete-hsk-vocabulary/7ac65bf1a6387d35f1ade478906172a19311c7f9/complete.json#/6376,2021-standard-derived upstream new-2; not 2025 exam
zh-hsk2-00406,普通话,pǔ tōng huà,[pǔ tōng huà] Mandarin (common language); Putonghua (common speech of the Chinese language); ordinary speech,,thought-and-communication,zh-vocab-adapted,https://raw.githubusercontent.com/drkameleon/complete-hsk-vocabulary/7ac65bf1a6387d35f1ade478906172a19311c7f9/complete.json#/6377,2021-standard-derived upstream new-2; not 2025 exam
zh-hsk2-00407,其他,qí tā,[qí tā] other; (sth or sb) else; the rest,,general-and-abstract,zh-vocab-adapted,https://raw.githubusercontent.com/drkameleon/complete-hsk-vocabulary/7ac65bf1a6387d35f1ade478906172a19311c7f9/complete.json#/6409,2021-standard-derived upstream new-2; not 2025 exam
zh-hsk2-00408,其中,qí zhōng,[qí zhōng] among; in; included among these,,general-and-abstract,zh-vocab-adapted,https://raw.githubusercontent.com/drkameleon/complete-hsk-vocabulary/7ac65bf1a6387d35f1ade478906172a19311c7f9/complete.json#/6411,2021-standard-derived upstream new-2; not 2025 exam
zh-hsk2-00409,骑,jì / qí,"[jì] (Tw) saddle horse; mounted soldier / [qí] to sit astride; to ride (a horse, bike etc); classifier for saddle horses",,general-and-abstract,zh-vocab-adapted,https://raw.githubusercontent.com/drkameleon/complete-hsk-vocabulary/7ac65bf1a6387d35f1ade478906172a19311c7f9/complete.json#/6419,2021-standard-derived upstream new-2; not 2025 exam
zh-hsk2-00410,骑车,qí chē,[qí chē] to ride a bike (motorbike or bicycle),,general-and-abstract,zh-vocab-adapted,https://raw.githubusercontent.com/drkameleon/complete-hsk-vocabulary/7ac65bf1a6387d35f1ade478906172a19311c7f9/complete.json#/6420,2021-standard-derived upstream new-2; not 2025 exam
zh-hsk2-00411,起飞,qǐ fēi,[qǐ fēi] (of an aircraft) to take off,,general-and-abstract,zh-vocab-adapted,https://raw.githubusercontent.com/drkameleon/complete-hsk-vocabulary/7ac65bf1a6387d35f1ade478906172a19311c7f9/complete.json#/6446,2021-standard-derived upstream new-2; not 2025 exam
zh-hsk2-00412,气,qì,[qì] gas; air; smell; weather; to make angry; to annoy; to get angry; vital energy; qi,,nature-and-technology,zh-vocab-adapted,https://raw.githubusercontent.com/drkameleon/complete-hsk-vocabulary/7ac65bf1a6387d35f1ade478906172a19311c7f9/complete.json#/6456,2021-standard-derived upstream new-2; not 2025 exam
zh-hsk2-00413,气温,qì wēn,[qì wēn] air temperature,,general-and-abstract,zh-vocab-adapted,https://raw.githubusercontent.com/drkameleon/complete-hsk-vocabulary/7ac65bf1a6387d35f1ade478906172a19311c7f9/complete.json#/6472,2021-standard-derived upstream new-2; not 2025 exam
zh-hsk2-00414,千,qiān,[qiān] thousand,,time-and-quantity,zh-vocab-adapted,https://raw.githubusercontent.com/drkameleon/complete-hsk-vocabulary/7ac65bf1a6387d35f1ade478906172a19311c7f9/complete.json#/6496,2021-standard-derived upstream new-2; not 2025 exam
zh-hsk2-00415,千克,qiān kè,[qiān kè] kilogram,,general-and-abstract,zh-vocab-adapted,https://raw.githubusercontent.com/drkameleon/complete-hsk-vocabulary/7ac65bf1a6387d35f1ade478906172a19311c7f9/complete.json#/6502,2021-standard-derived upstream new-2; not 2025 exam
zh-hsk2-00416,前年,qián nián,[qián nián] the year before last,,time-and-quantity,zh-vocab-adapted,https://raw.githubusercontent.com/drkameleon/complete-hsk-vocabulary/7ac65bf1a6387d35f1ade478906172a19311c7f9/complete.json#/6536,2021-standard-derived upstream new-2; not 2025 exam
zh-hsk2-00417,墙,qiáng,[qiáng] wall,,general-and-abstract,zh-vocab-adapted,https://raw.githubusercontent.com/drkameleon/complete-hsk-vocabulary/7ac65bf1a6387d35f1ade478906172a19311c7f9/complete.json#/6590,2021-standard-derived upstream new-2; not 2025 exam
zh-hsk2-00418,青年,qīng nián,[qīng nián] youth; youthful years; young person; the young,,general-and-abstract,zh-vocab-adapted,https://raw.githubusercontent.com/drkameleon/complete-hsk-vocabulary/7ac65bf1a6387d35f1ade478906172a19311c7f9/complete.json#/6658,2021-standard-derived upstream new-2; not 2025 exam
zh-hsk2-00419,青少年,qīng shào nián,[qīng shào nián] adolescent; youth; teenager,,general-and-abstract,zh-vocab-adapted,https://raw.githubusercontent.com/drkameleon/complete-hsk-vocabulary/7ac65bf1a6387d35f1ade478906172a19311c7f9/complete.json#/6659,2021-standard-derived upstream new-2; not 2025 exam
zh-hsk2-00420,轻,qīng,[qīng] light; easy; gentle; soft; reckless; unimportant; frivolous; small in number; unstressed; neutral; to disparage,,time-and-quantity,zh-vocab-adapted,https://raw.githubusercontent.com/drkameleon/complete-hsk-vocabulary/7ac65bf1a6387d35f1ade478906172a19311c7f9/complete.json#/6662,2021-standard-derived upstream new-2; not 2025 exam
zh-hsk2-00421,清楚,qīng chu,[qīng chu] clear; distinct; to understand thoroughly; to be clear about,,general-and-abstract,zh-vocab-adapted,https://raw.githubusercontent.com/drkameleon/complete-hsk-vocabulary/7ac65bf1a6387d35f1ade478906172a19311c7f9/complete.json#/6680,2021-standard-derived upstream new-2; not 2025 exam
zh-hsk2-00422,晴,qíng,[qíng] clear; fine (weather),,nature-and-technology,zh-vocab-adapted,https://raw.githubusercontent.com/drkameleon/complete-hsk-vocabulary/7ac65bf1a6387d35f1ade478906172a19311c7f9/complete.json#/6714,2021-standard-derived upstream new-2; not 2025 exam
zh-hsk2-00423,晴天,qíng tiān,[qíng tiān] clear sky; sunny day,,time-and-quantity,zh-vocab-adapted,https://raw.githubusercontent.com/drkameleon/complete-hsk-vocabulary/7ac65bf1a6387d35f1ade478906172a19311c7f9/complete.json#/6716,2021-standard-derived upstream new-2; not 2025 exam
zh-hsk2-00424,请客,qǐng kè,[qǐng kè] to give a dinner party; to entertain guests; to invite to dinner,,general-and-abstract,zh-vocab-adapted,https://raw.githubusercontent.com/drkameleon/complete-hsk-vocabulary/7ac65bf1a6387d35f1ade478906172a19311c7f9/complete.json#/6722,2021-standard-derived upstream new-2; not 2025 exam
zh-hsk2-00425,请求,qǐng qiú,[qǐng qiú] to request; to ask; request,,general-and-abstract,zh-vocab-adapted,https://raw.githubusercontent.com/drkameleon/complete-hsk-vocabulary/7ac65bf1a6387d35f1ade478906172a19311c7f9/complete.json#/6723,2021-standard-derived upstream new-2; not 2025 exam
zh-hsk2-00426,秋天,qiū tiān,[qiū tiān] autumn,,general-and-abstract,zh-vocab-adapted,https://raw.githubusercontent.com/drkameleon/complete-hsk-vocabulary/7ac65bf1a6387d35f1ade478906172a19311c7f9/complete.json#/6737,2021-standard-derived upstream new-2; not 2025 exam
zh-hsk2-00427,求,qiú,[qiú] to seek; to look for; to request; to demand; to beseech,,general-and-abstract,zh-vocab-adapted,https://raw.githubusercontent.com/drkameleon/complete-hsk-vocabulary/7ac65bf1a6387d35f1ade478906172a19311c7f9/complete.json#/6739,2021-standard-derived upstream new-2; not 2025 exam
zh-hsk2-00428,球场,qiú chǎng,[qiú chǎng] stadium; sports ground; court; pitch; field; golf course,,general-and-abstract,zh-vocab-adapted,https://raw.githubusercontent.com/drkameleon/complete-hsk-vocabulary/7ac65bf1a6387d35f1ade478906172a19311c7f9/complete.json#/6748,2021-standard-derived upstream new-2; not 2025 exam
zh-hsk2-00429,球队,qiú duì,"[qiú duì] sports team (basketball, soccer, football etc)",,general-and-abstract,zh-vocab-adapted,https://raw.githubusercontent.com/drkameleon/complete-hsk-vocabulary/7ac65bf1a6387d35f1ade478906172a19311c7f9/complete.json#/6749,2021-standard-derived upstream new-2; not 2025 exam
zh-hsk2-00430,球鞋,qiú xié,[qiú xié] athletic shoes,,general-and-abstract,zh-vocab-adapted,https://raw.githubusercontent.com/drkameleon/complete-hsk-vocabulary/7ac65bf1a6387d35f1ade478906172a19311c7f9/complete.json#/6752,2021-standard-derived upstream new-2; not 2025 exam
zh-hsk2-00431,取,qǔ,[qǔ] to take; to get; to choose; to fetch,,general-and-abstract,zh-vocab-adapted,https://raw.githubusercontent.com/drkameleon/complete-hsk-vocabulary/7ac65bf1a6387d35f1ade478906172a19311c7f9/complete.json#/6769,2021-standard-derived upstream new-2; not 2025 exam
zh-hsk2-00432,取得,qǔ dé,[qǔ dé] to acquire; to get; to obtain,,general-and-abstract,zh-vocab-adapted,https://raw.githubusercontent.com/drkameleon/complete-hsk-vocabulary/7ac65bf1a6387d35f1ade478906172a19311c7f9/complete.json#/6771,2021-standard-derived upstream new-2; not 2025 exam
zh-hsk2-00433,全,Quán / quán,[Quán] surname Quan / [quán] all; whole; entire; every; complete,,general-and-abstract,zh-vocab-adapted,https://raw.githubusercontent.com/drkameleon/complete-hsk-vocabulary/7ac65bf1a6387d35f1ade478906172a19311c7f9/complete.json#/6794,2021-standard-derived upstream new-2; not 2025 exam
zh-hsk2-00434,全部,quán bù,[quán bù] whole; all,,general-and-abstract,zh-vocab-adapted,https://raw.githubusercontent.com/drkameleon/complete-hsk-vocabulary/7ac65bf1a6387d35f1ade478906172a19311c7f9/complete.json#/6795,2021-standard-derived upstream new-2; not 2025 exam
zh-hsk2-00435,全国,quán guó,[quán guó] whole nation; nationwide; countrywide; national,,general-and-abstract,zh-vocab-adapted,https://raw.githubusercontent.com/drkameleon/complete-hsk-vocabulary/7ac65bf1a6387d35f1ade478906172a19311c7f9/complete.json#/6800,2021-standard-derived upstream new-2; not 2025 exam
zh-hsk2-00436,全家,quán jiā,[quán jiā] whole family,,people-and-relationships,zh-vocab-adapted,https://raw.githubusercontent.com/drkameleon/complete-hsk-vocabulary/7ac65bf1a6387d35f1ade478906172a19311c7f9/complete.json#/6801,2021-standard-derived upstream new-2; not 2025 exam
zh-hsk2-00437,全年,quán nián,[quán nián] the whole year; all year long,,time-and-quantity,zh-vocab-adapted,https://raw.githubusercontent.com/drkameleon/complete-hsk-vocabulary/7ac65bf1a6387d35f1ade478906172a19311c7f9/complete.json#/6807,2021-standard-derived upstream new-2; not 2025 exam
zh-hsk2-00438,全身,quán shēn,[quán shēn] the whole body; (typography) em,,health-and-body,zh-vocab-adapted,https://raw.githubusercontent.com/drkameleon/complete-hsk-vocabulary/7ac65bf1a6387d35f1ade478906172a19311c7f9/complete.json#/6809,2021-standard-derived upstream new-2; not 2025 exam
zh-hsk2-00439,全体,quán tǐ,[quán tǐ] all; entire,,general-and-abstract,zh-vocab-adapted,https://raw.githubusercontent.com/drkameleon/complete-hsk-vocabulary/7ac65bf1a6387d35f1ade478906172a19311c7f9/complete.json#/6811,2021-standard-derived upstream new-2; not 2025 exam
zh-hsk2-00440,然后,rán hòu,[rán hòu] then; after that; afterwards,,general-and-abstract,zh-vocab-adapted,https://raw.githubusercontent.com/drkameleon/complete-hsk-vocabulary/7ac65bf1a6387d35f1ade478906172a19311c7f9/complete.json#/6856,2021-standard-derived upstream new-2; not 2025 exam
zh-hsk2-00441,让,ràng,[ràng] to yield; to permit; to let sb do sth; to have sb do sth; to make sb (feel sad etc); by,,thought-and-communication,zh-vocab-adapted,https://raw.githubusercontent.com/drkameleon/complete-hsk-vocabulary/7ac65bf1a6387d35f1ade478906172a19311c7f9/complete.json#/6864,2021-standard-derived upstream new-2; not 2025 exam
zh-hsk2-00442,热情,rè qíng,[rè qíng] cordial; enthusiastic; passion; passionate; passionately,,general-and-abstract,zh-vocab-adapted,https://raw.githubusercontent.com/drkameleon/complete-hsk-vocabulary/7ac65bf1a6387d35f1ade478906172a19311c7f9/complete.json#/6886,2021-standard-derived upstream new-2; not 2025 exam
zh-hsk2-00443,人口,rén kǒu,[rén kǒu] population; people,,general-and-abstract,zh-vocab-adapted,https://raw.githubusercontent.com/drkameleon/complete-hsk-vocabulary/7ac65bf1a6387d35f1ade478906172a19311c7f9/complete.json#/6903,2021-standard-derived upstream new-2; not 2025 exam
zh-hsk2-00444,人们,rén men,[rén men] people,,general-and-abstract,zh-vocab-adapted,https://raw.githubusercontent.com/drkameleon/complete-hsk-vocabulary/7ac65bf1a6387d35f1ade478906172a19311c7f9/complete.json#/6906,2021-standard-derived upstream new-2; not 2025 exam
zh-hsk2-00445,人数,rén shù,[rén shù] number of people,,time-and-quantity,zh-vocab-adapted,https://raw.githubusercontent.com/drkameleon/complete-hsk-vocabulary/7ac65bf1a6387d35f1ade478906172a19311c7f9/complete.json#/6919,2021-standard-derived upstream new-2; not 2025 exam
zh-hsk2-00446,认为,rèn wéi,[rèn wéi] to believe; to think; to consider; to feel,,thought-and-communication,zh-vocab-adapted,https://raw.githubusercontent.com/drkameleon/complete-hsk-vocabulary/7ac65bf1a6387d35f1ade478906172a19311c7f9/complete.json#/6946,2021-standard-derived upstream new-2; not 2025 exam
zh-hsk2-00447,日报,rì bào,[rì bào] daily newspaper,,general-and-abstract,zh-vocab-adapted,https://raw.githubusercontent.com/drkameleon/complete-hsk-vocabulary/7ac65bf1a6387d35f1ade478906172a19311c7f9/complete.json#/6966,2021-standard-derived upstream new-2; not 2025 exam
zh-hsk2-00448,日子,rì zi,[rì zi] day; a (calendar) date; days of one's life,,time-and-quantity,zh-vocab-adapted,https://raw.githubusercontent.com/drkameleon/complete-hsk-vocabulary/7ac65bf1a6387d35f1ade478906172a19311c7f9/complete.json#/6981,2021-standard-derived upstream new-2; not 2025 exam
zh-hsk2-00449,如果,rú guǒ,[rú guǒ] if; in case; in the event that,,general-and-abstract,zh-vocab-adapted,https://raw.githubusercontent.com/drkameleon/complete-hsk-vocabulary/7ac65bf1a6387d35f1ade478906172a19311c7f9/complete.json#/7007,2021-standard-derived upstream new-2; not 2025 exam
zh-hsk2-00450,入口,rù kǒu,[rù kǒu] entrance; to import,,general-and-abstract,zh-vocab-adapted,https://raw.githubusercontent.com/drkameleon/complete-hsk-vocabulary/7ac65bf1a6387d35f1ade478906172a19311c7f9/complete.json#/7025,2021-standard-derived upstream new-2; not 2025 exam
zh-hsk2-00451,商量,shāng liang,[shāng liang] to consult; to talk over; to discuss,,general-and-abstract,zh-vocab-adapted,https://raw.githubusercontent.com/drkameleon/complete-hsk-vocabulary/7ac65bf1a6387d35f1ade478906172a19311c7f9/complete.json#/7144,2021-standard-derived upstream new-2; not 2025 exam
zh-hsk2-00452,商人,shāng rén,[shāng rén] merchant; businessman,,general-and-abstract,zh-vocab-adapted,https://raw.githubusercontent.com/drkameleon/complete-hsk-vocabulary/7ac65bf1a6387d35f1ade478906172a19311c7f9/complete.json#/7146,2021-standard-derived upstream new-2; not 2025 exam
zh-hsk2-00453,上周,shàng zhōu,[shàng zhōu] last week,,time-and-quantity,zh-vocab-adapted,https://raw.githubusercontent.com/drkameleon/complete-hsk-vocabulary/7ac65bf1a6387d35f1ade478906172a19311c7f9/complete.json#/7197,2021-standard-derived upstream new-2; not 2025 exam
zh-hsk2-00454,少年,shào nián,[shào nián] early youth; youngster; (literary) youth; young man,,general-and-abstract,zh-vocab-adapted,https://raw.githubusercontent.com/drkameleon/complete-hsk-vocabulary/7ac65bf1a6387d35f1ade478906172a19311c7f9/complete.json#/7218,2021-standard-derived upstream new-2; not 2025 exam
zh-hsk2-00455,少数,shǎo shù,[shǎo shù] small number; few; minority,,time-and-quantity,zh-vocab-adapted,https://raw.githubusercontent.com/drkameleon/complete-hsk-vocabulary/7ac65bf1a6387d35f1ade478906172a19311c7f9/complete.json#/7220,2021-standard-derived upstream new-2; not 2025 exam
zh-hsk2-00456,身边,shēn biān,[shēn biān] at one's side; on hand,,health-and-body,zh-vocab-adapted,https://raw.githubusercontent.com/drkameleon/complete-hsk-vocabulary/7ac65bf1a6387d35f1ade478906172a19311c7f9/complete.json#/7264,2021-standard-derived upstream new-2; not 2025 exam
zh-hsk2-00457,什么样,shén me yàng,[shén me yàng] what kind?; what sort?,,general-and-abstract,zh-vocab-adapted,https://raw.githubusercontent.com/drkameleon/complete-hsk-vocabulary/7ac65bf1a6387d35f1ade478906172a19311c7f9/complete.json#/7299,2021-standard-derived upstream new-2; not 2025 exam
zh-hsk2-00458,生,shēng,[shēng] to be born; to give birth; life; to grow; raw; uncooked; student,,study-and-work,zh-vocab-adapted,https://raw.githubusercontent.com/drkameleon/complete-hsk-vocabulary/7ac65bf1a6387d35f1ade478906172a19311c7f9/complete.json#/7332,2021-standard-derived upstream new-2; not 2025 exam
zh-hsk2-00459,生词,shēng cí,[shēng cí] new word (in textbook); word that is unfamiliar or not yet studied,,general-and-abstract,zh-vocab-adapted,https://raw.githubusercontent.com/drkameleon/complete-hsk-vocabulary/7ac65bf1a6387d35f1ade478906172a19311c7f9/complete.json#/7336,2021-standard-derived upstream new-2; not 2025 exam
zh-hsk2-00460,生活,shēng huó,[shēng huó] to live; life; livelihood,,general-and-abstract,zh-vocab-adapted,https://raw.githubusercontent.com/drkameleon/complete-hsk-vocabulary/7ac65bf1a6387d35f1ade478906172a19311c7f9/complete.json#/7339,2021-standard-derived upstream new-2; not 2025 exam
zh-hsk2-00461,声音,shēng yīn,[shēng yīn] voice; sound,,general-and-abstract,zh-vocab-adapted,https://raw.githubusercontent.com/drkameleon/complete-hsk-vocabulary/7ac65bf1a6387d35f1ade478906172a19311c7f9/complete.json#/7367,2021-standard-derived upstream new-2; not 2025 exam
zh-hsk2-00462,省,shěng / xǐng,[shěng] to save; to economize; to be frugal; to omit; to delete; to leave out; province; provincial capital; a ministry (of the Japanese government) / [xǐng] (bound form) to scrutinize; (bound form) to reflect (on one's conduct); (bound form) to come to realize; (bound form) to pay a visit (to one's parents or elders),,society-and-public-life,zh-vocab-adapted,https://raw.githubusercontent.com/drkameleon/complete-hsk-vocabulary/7ac65bf1a6387d35f1ade478906172a19311c7f9/complete.json#/7371,2021-standard-derived upstream new-2; not 2025 exam
zh-hsk2-00463,十分,shí fēn,[shí fēn] very; completely; utterly; extremely; absolutely; hundred percent; to divide into ten equal parts,,time-and-quantity,zh-vocab-adapted,https://raw.githubusercontent.com/drkameleon/complete-hsk-vocabulary/7ac65bf1a6387d35f1ade478906172a19311c7f9/complete.json#/7430,2021-standard-derived upstream new-2; not 2025 exam
zh-hsk2-00464,实际,shí jì,[shí jì] reality; practice; practical; realistic; real; actual,,general-and-abstract,zh-vocab-adapted,https://raw.githubusercontent.com/drkameleon/complete-hsk-vocabulary/7ac65bf1a6387d35f1ade478906172a19311c7f9/complete.json#/7463,2021-standard-derived upstream new-2; not 2025 exam
zh-hsk2-00465,实习,shí xí,[shí xí] to practice; field work; to intern; internship,,study-and-work,zh-vocab-adapted,https://raw.githubusercontent.com/drkameleon/complete-hsk-vocabulary/7ac65bf1a6387d35f1ade478906172a19311c7f9/complete.json#/7472,2021-standard-derived upstream new-2; not 2025 exam
zh-hsk2-00466,实现,shí xiàn,[shí xiàn] to achieve; to implement; to realize; to bring about,,general-and-abstract,zh-vocab-adapted,https://raw.githubusercontent.com/drkameleon/complete-hsk-vocabulary/7ac65bf1a6387d35f1ade478906172a19311c7f9/complete.json#/7473,2021-standard-derived upstream new-2; not 2025 exam
zh-hsk2-00467,实在,shí zài,[shí zài] really; actually; indeed; true; real; honest; dependable; (philosophy) reality,,general-and-abstract,zh-vocab-adapted,https://raw.githubusercontent.com/drkameleon/complete-hsk-vocabulary/7ac65bf1a6387d35f1ade478906172a19311c7f9/complete.json#/7478,2021-standard-derived upstream new-2; not 2025 exam
zh-hsk2-00468,食物,shí wù,[shí wù] food,,food-and-shopping,zh-vocab-adapted,https://raw.githubusercontent.com/drkameleon/complete-hsk-vocabulary/7ac65bf1a6387d35f1ade478906172a19311c7f9/complete.json#/7483,2021-standard-derived upstream new-2; not 2025 exam
zh-hsk2-00469,使用,shǐ yòng,[shǐ yòng] to use; to employ; to apply; to make use of,,general-and-abstract,zh-vocab-adapted,https://raw.githubusercontent.com/drkameleon/complete-hsk-vocabulary/7ac65bf1a6387d35f1ade478906172a19311c7f9/complete.json#/7493,2021-standard-derived upstream new-2; not 2025 exam
zh-hsk2-00470,市,shì,[shì] market; city,,travel-and-places,zh-vocab-adapted,https://raw.githubusercontent.com/drkameleon/complete-hsk-vocabulary/7ac65bf1a6387d35f1ade478906172a19311c7f9/complete.json#/7506,2021-standard-derived upstream new-2; not 2025 exam
zh-hsk2-00471,市长,shì zhǎng,[shì zhǎng] mayor,,general-and-abstract,zh-vocab-adapted,https://raw.githubusercontent.com/drkameleon/complete-hsk-vocabulary/7ac65bf1a6387d35f1ade478906172a19311c7f9/complete.json#/7511,2021-standard-derived upstream new-2; not 2025 exam
zh-hsk2-00472,事情,shì qing,[shì qing] affair; matter; thing; business,,general-and-abstract,zh-vocab-adapted,https://raw.githubusercontent.com/drkameleon/complete-hsk-vocabulary/7ac65bf1a6387d35f1ade478906172a19311c7f9/complete.json#/7525,2021-standard-derived upstream new-2; not 2025 exam
zh-hsk2-00473,收,shōu,[shōu] to receive; to accept; to collect; to put away; to restrain; to stop; in care of (used on address line after name),,general-and-abstract,zh-vocab-adapted,https://raw.githubusercontent.com/drkameleon/complete-hsk-vocabulary/7ac65bf1a6387d35f1ade478906172a19311c7f9/complete.json#/7580,2021-standard-derived upstream new-2; not 2025 exam
zh-hsk2-00474,收到,shōu dào,[shōu dào] to receive,,general-and-abstract,zh-vocab-adapted,https://raw.githubusercontent.com/drkameleon/complete-hsk-vocabulary/7ac65bf1a6387d35f1ade478906172a19311c7f9/complete.json#/7582,2021-standard-derived upstream new-2; not 2025 exam
zh-hsk2-00475,收入,shōu rù,[shōu rù] to take in; income; revenue,,general-and-abstract,zh-vocab-adapted,https://raw.githubusercontent.com/drkameleon/complete-hsk-vocabulary/7ac65bf1a6387d35f1ade478906172a19311c7f9/complete.json#/7595,2021-standard-derived upstream new-2; not 2025 exam
zh-hsk2-00476,手表,shǒu biǎo,[shǒu biǎo] wristwatch,,general-and-abstract,zh-vocab-adapted,https://raw.githubusercontent.com/drkameleon/complete-hsk-vocabulary/7ac65bf1a6387d35f1ade478906172a19311c7f9/complete.json#/7606,2021-standard-derived upstream new-2; not 2025 exam
zh-hsk2-00477,受到,shòu dào,"[shòu dào] to receive (praise, an education, punishment etc); to be ...ed (praised, educated, punished etc)",,general-and-abstract,zh-vocab-adapted,https://raw.githubusercontent.com/drkameleon/complete-hsk-vocabulary/7ac65bf1a6387d35f1ade478906172a19311c7f9/complete.json#/7648,2021-standard-derived upstream new-2; not 2025 exam
zh-hsk2-00478,舒服,shū fu,[shū fu] comfortable; feeling well,,general-and-abstract,zh-vocab-adapted,https://raw.githubusercontent.com/drkameleon/complete-hsk-vocabulary/7ac65bf1a6387d35f1ade478906172a19311c7f9/complete.json#/7691,2021-standard-derived upstream new-2; not 2025 exam
zh-hsk2-00479,熟,shú,[shú] ripe; mature; thoroughly cooked; done; familiar; acquainted; experienced; skilled; (of sleep etc) deep; profound; also pr.,,general-and-abstract,zh-vocab-adapted,https://raw.githubusercontent.com/drkameleon/complete-hsk-vocabulary/7ac65bf1a6387d35f1ade478906172a19311c7f9/complete.json#/7702,2021-standard-derived upstream new-2; not 2025 exam
zh-hsk2-00480,数,shǔ / shù / shuò,[shǔ] to count; to count as; to regard as; to enumerate; to list / [shù] number; figure; several; a few / [shuò] (literary) frequently; repeatedly,,time-and-quantity,zh-vocab-adapted,https://raw.githubusercontent.com/drkameleon/complete-hsk-vocabulary/7ac65bf1a6387d35f1ade478906172a19311c7f9/complete.json#/7727,2021-standard-derived upstream new-2; not 2025 exam
zh-hsk2-00481,数字,shù zì,[shù zì] numeral; digit; number; figure; amount; digital (electronics etc),,time-and-quantity,zh-vocab-adapted,https://raw.githubusercontent.com/drkameleon/complete-hsk-vocabulary/7ac65bf1a6387d35f1ade478906172a19311c7f9/complete.json#/7735,2021-standard-derived upstream new-2; not 2025 exam
zh-hsk2-00482,水平,shuǐ píng,[shuǐ píng] level (of achievement etc); standard; horizontal,,general-and-abstract,zh-vocab-adapted,https://raw.githubusercontent.com/drkameleon/complete-hsk-vocabulary/7ac65bf1a6387d35f1ade478906172a19311c7f9/complete.json#/7786,2021-standard-derived upstream new-2; not 2025 exam
zh-hsk2-00483,顺利,shùn lì,[shùn lì] smoothly; without a hitch,,general-and-abstract,zh-vocab-adapted,https://raw.githubusercontent.com/drkameleon/complete-hsk-vocabulary/7ac65bf1a6387d35f1ade478906172a19311c7f9/complete.json#/7808,2021-standard-derived upstream new-2; not 2025 exam
zh-hsk2-00484,说明,shuō míng,[shuō míng] to explain; to illustrate; to indicate; to show; to prove; explanation; directions; caption,,thought-and-communication,zh-vocab-adapted,https://raw.githubusercontent.com/drkameleon/complete-hsk-vocabulary/7ac65bf1a6387d35f1ade478906172a19311c7f9/complete.json#/7830,2021-standard-derived upstream new-2; not 2025 exam
zh-hsk2-00485,司机,sī jī,[sī jī] chauffeur; driver,,general-and-abstract,zh-vocab-adapted,https://raw.githubusercontent.com/drkameleon/complete-hsk-vocabulary/7ac65bf1a6387d35f1ade478906172a19311c7f9/complete.json#/7843,2021-standard-derived upstream new-2; not 2025 exam
zh-hsk2-00486,送到,sòng dào,[sòng dào] Deliver,,general-and-abstract,zh-vocab-adapted,https://raw.githubusercontent.com/drkameleon/complete-hsk-vocabulary/7ac65bf1a6387d35f1ade478906172a19311c7f9/complete.json#/7890,2021-standard-derived upstream new-2; not 2025 exam
zh-hsk2-00487,送给,sòng gěi,[sòng gěi] to send; to give as a present,,general-and-abstract,zh-vocab-adapted,https://raw.githubusercontent.com/drkameleon/complete-hsk-vocabulary/7ac65bf1a6387d35f1ade478906172a19311c7f9/complete.json#/7891,2021-standard-derived upstream new-2; not 2025 exam
zh-hsk2-00488,算,suàn,[suàn] to regard as; to figure; to calculate; to compute,,general-and-abstract,zh-vocab-adapted,https://raw.githubusercontent.com/drkameleon/complete-hsk-vocabulary/7ac65bf1a6387d35f1ade478906172a19311c7f9/complete.json#/7926,2021-standard-derived upstream new-2; not 2025 exam
zh-hsk2-00489,虽然,suī rán,[suī rán] although; even though,,general-and-abstract,zh-vocab-adapted,https://raw.githubusercontent.com/drkameleon/complete-hsk-vocabulary/7ac65bf1a6387d35f1ade478906172a19311c7f9/complete.json#/7934,2021-standard-derived upstream new-2; not 2025 exam
zh-hsk2-00490,随便,suí biàn,[suí biàn] as one wishes; as one pleases; at random; negligent; casual; wanton,,general-and-abstract,zh-vocab-adapted,https://raw.githubusercontent.com/drkameleon/complete-hsk-vocabulary/7ac65bf1a6387d35f1ade478906172a19311c7f9/complete.json#/7937,2021-standard-derived upstream new-2; not 2025 exam
zh-hsk2-00491,随时,suí shí,[suí shí] at any time; at all times; at the right time; whenever necessary,,time-and-quantity,zh-vocab-adapted,https://raw.githubusercontent.com/drkameleon/complete-hsk-vocabulary/7ac65bf1a6387d35f1ade478906172a19311c7f9/complete.json#/7944,2021-standard-derived upstream new-2; not 2025 exam
zh-hsk2-00492,所以,suǒ yǐ,[suǒ yǐ] therefore; as a result; so; the reason why,,general-and-abstract,zh-vocab-adapted,https://raw.githubusercontent.com/drkameleon/complete-hsk-vocabulary/7ac65bf1a6387d35f1ade478906172a19311c7f9/complete.json#/7972,2021-standard-derived upstream new-2; not 2025 exam
zh-hsk2-00493,所有,suǒ yǒu,[suǒ yǒu] all; to have; to possess; to own,,general-and-abstract,zh-vocab-adapted,https://raw.githubusercontent.com/drkameleon/complete-hsk-vocabulary/7ac65bf1a6387d35f1ade478906172a19311c7f9/complete.json#/7973,2021-standard-derived upstream new-2; not 2025 exam
zh-hsk2-00494,它,tā,[tā] it,,general-and-abstract,zh-vocab-adapted,https://raw.githubusercontent.com/drkameleon/complete-hsk-vocabulary/7ac65bf1a6387d35f1ade478906172a19311c7f9/complete.json#/7985,2021-standard-derived upstream new-2; not 2025 exam
zh-hsk2-00495,它们,tā men,[tā men] they (for inanimate objects),,general-and-abstract,zh-vocab-adapted,https://raw.githubusercontent.com/drkameleon/complete-hsk-vocabulary/7ac65bf1a6387d35f1ade478906172a19311c7f9/complete.json#/7986,2021-standard-derived upstream new-2; not 2025 exam
zh-hsk2-00496,太太,tài tai,[tài tai] married woman; Mrs.; Madam; wife,,people-and-relationships,zh-vocab-adapted,https://raw.githubusercontent.com/drkameleon/complete-hsk-vocabulary/7ac65bf1a6387d35f1ade478906172a19311c7f9/complete.json#/8011,2021-standard-derived upstream new-2; not 2025 exam
zh-hsk2-00497,太阳,tài yang,[tài yang] sun,,general-and-abstract,zh-vocab-adapted,https://raw.githubusercontent.com/drkameleon/complete-hsk-vocabulary/7ac65bf1a6387d35f1ade478906172a19311c7f9/complete.json#/8012,2021-standard-derived upstream new-2; not 2025 exam
zh-hsk2-00498,态度,tài du,[tài du] manner; bearing; attitude; approach,,general-and-abstract,zh-vocab-adapted,https://raw.githubusercontent.com/drkameleon/complete-hsk-vocabulary/7ac65bf1a6387d35f1ade478906172a19311c7f9/complete.json#/8014,2021-standard-derived upstream new-2; not 2025 exam
zh-hsk2-00499,讨论,tǎo lùn,[tǎo lùn] to discuss; to talk over,,general-and-abstract,zh-vocab-adapted,https://raw.githubusercontent.com/drkameleon/complete-hsk-vocabulary/7ac65bf1a6387d35f1ade478906172a19311c7f9/complete.json#/8083,2021-standard-derived upstream new-2; not 2025 exam
zh-hsk2-00500,套,tào,"[tào] to cover; to encase; cover; sheath; to overlap; to interleave; to model after; to copy; formula; harness; loop of rope; (fig.) to fish for; to obtain slyly; classifier for sets, collections; bend (of a river or mountain range, in place names); tau (Greek letter Ττ)",,travel-and-places,zh-vocab-adapted,https://raw.githubusercontent.com/drkameleon/complete-hsk-vocabulary/7ac65bf1a6387d35f1ade478906172a19311c7f9/complete.json#/8086,2021-standard-derived upstream new-2; not 2025 exam
zh-hsk2-00501,特别,tè bié,[tè bié] unusual; special; very; especially; particularly; expressly; for a specific purpose; in particular,,general-and-abstract,zh-vocab-adapted,https://raw.githubusercontent.com/drkameleon/complete-hsk-vocabulary/7ac65bf1a6387d35f1ade478906172a19311c7f9/complete.json#/8089,2021-standard-derived upstream new-2; not 2025 exam
zh-hsk2-00502,特点,tè diǎn,[tè diǎn] characteristic (feature); trait; feature,,general-and-abstract,zh-vocab-adapted,https://raw.githubusercontent.com/drkameleon/complete-hsk-vocabulary/7ac65bf1a6387d35f1ade478906172a19311c7f9/complete.json#/8093,2021-standard-derived upstream new-2; not 2025 exam
zh-hsk2-00503,疼,téng,[téng] (it) hurts; sore; to love dearly,,general-and-abstract,zh-vocab-adapted,https://raw.githubusercontent.com/drkameleon/complete-hsk-vocabulary/7ac65bf1a6387d35f1ade478906172a19311c7f9/complete.json#/8109,2021-standard-derived upstream new-2; not 2025 exam
zh-hsk2-00504,提,tí,[tí] to carry (hanging down from the hand); to lift; to put forward; to mention; to raise (an issue); upwards character stroke; lifting brush stroke (in painting); scoop for measuring liquid,,health-and-body,zh-vocab-adapted,https://raw.githubusercontent.com/drkameleon/complete-hsk-vocabulary/7ac65bf1a6387d35f1ade478906172a19311c7f9/complete.json#/8117,2021-standard-derived upstream new-2; not 2025 exam
zh-hsk2-00505,提出,tí chū,[tí chū] to raise (an issue); to propose; to put forward; to suggest; to post (on a website); to withdraw (cash),,general-and-abstract,zh-vocab-adapted,https://raw.githubusercontent.com/drkameleon/complete-hsk-vocabulary/7ac65bf1a6387d35f1ade478906172a19311c7f9/complete.json#/8120,2021-standard-derived upstream new-2; not 2025 exam
zh-hsk2-00506,提到,tí dào,[tí dào] to mention; to raise (a subject); to refer to,,general-and-abstract,zh-vocab-adapted,https://raw.githubusercontent.com/drkameleon/complete-hsk-vocabulary/7ac65bf1a6387d35f1ade478906172a19311c7f9/complete.json#/8121,2021-standard-derived upstream new-2; not 2025 exam
zh-hsk2-00507,提高,tí gāo,[tí gāo] to raise; to increase; to improve,,general-and-abstract,zh-vocab-adapted,https://raw.githubusercontent.com/drkameleon/complete-hsk-vocabulary/7ac65bf1a6387d35f1ade478906172a19311c7f9/complete.json#/8124,2021-standard-derived upstream new-2; not 2025 exam
zh-hsk2-00508,题,Tí / tí,[Tí] surname Ti / [tí] topic; problem for discussion; exam question; subject; to inscribe; to mention,,general-and-abstract,zh-vocab-adapted,https://raw.githubusercontent.com/drkameleon/complete-hsk-vocabulary/7ac65bf1a6387d35f1ade478906172a19311c7f9/complete.json#/8139,2021-standard-derived upstream new-2; not 2025 exam
zh-hsk2-00509,体育,tǐ yù,[tǐ yù] sports; physical education,,general-and-abstract,zh-vocab-adapted,https://raw.githubusercontent.com/drkameleon/complete-hsk-vocabulary/7ac65bf1a6387d35f1ade478906172a19311c7f9/complete.json#/8155,2021-standard-derived upstream new-2; not 2025 exam
zh-hsk2-00510,体育场,tǐ yù chǎng,[tǐ yù chǎng] stadium,,general-and-abstract,zh-vocab-adapted,https://raw.githubusercontent.com/drkameleon/complete-hsk-vocabulary/7ac65bf1a6387d35f1ade478906172a19311c7f9/complete.json#/8156,2021-standard-derived upstream new-2; not 2025 exam
zh-hsk2-00511,体育馆,tǐ yù guǎn,[tǐ yù guǎn] gym; gymnasium; stadium,,general-and-abstract,zh-vocab-adapted,https://raw.githubusercontent.com/drkameleon/complete-hsk-vocabulary/7ac65bf1a6387d35f1ade478906172a19311c7f9/complete.json#/8157,2021-standard-derived upstream new-2; not 2025 exam
zh-hsk2-00512,天上,tiān shàng,[tiān shàng] celestial; heavenly,,general-and-abstract,zh-vocab-adapted,https://raw.githubusercontent.com/drkameleon/complete-hsk-vocabulary/7ac65bf1a6387d35f1ade478906172a19311c7f9/complete.json#/8180,2021-standard-derived upstream new-2; not 2025 exam
zh-hsk2-00513,条,tiáo,"[tiáo] strip; item; article; clause (of law or treaty); classifier for long thin things (ribbon, river, road, trousers etc)",,travel-and-places;society-and-public-life,zh-vocab-adapted,https://raw.githubusercontent.com/drkameleon/complete-hsk-vocabulary/7ac65bf1a6387d35f1ade478906172a19311c7f9/complete.json#/8213,2021-standard-derived upstream new-2; not 2025 exam
zh-hsk2-00514,条件,tiáo jiàn,[tiáo jiàn] condition; circumstance; term; factor; requirement; prerequisite; qualification; situation; state; condition,,general-and-abstract,zh-vocab-adapted,https://raw.githubusercontent.com/drkameleon/complete-hsk-vocabulary/7ac65bf1a6387d35f1ade478906172a19311c7f9/complete.json#/8214,2021-standard-derived upstream new-2; not 2025 exam
zh-hsk2-00515,听讲,tīng jiǎng,[tīng jiǎng] to attend a lecture; to listen to a talk,,general-and-abstract,zh-vocab-adapted,https://raw.githubusercontent.com/drkameleon/complete-hsk-vocabulary/7ac65bf1a6387d35f1ade478906172a19311c7f9/complete.json#/8240,2021-standard-derived upstream new-2; not 2025 exam
zh-hsk2-00516,听说,tīng shuō,[tīng shuō] to hear (sth said); one hears (that); hearsay; listening and speaking,,general-and-abstract,zh-vocab-adapted,https://raw.githubusercontent.com/drkameleon/complete-hsk-vocabulary/7ac65bf1a6387d35f1ade478906172a19311c7f9/complete.json#/8243,2021-standard-derived upstream new-2; not 2025 exam
zh-hsk2-00517,停,tíng,[tíng] to stop; to halt; to park (a car),,general-and-abstract,zh-vocab-adapted,https://raw.githubusercontent.com/drkameleon/complete-hsk-vocabulary/7ac65bf1a6387d35f1ade478906172a19311c7f9/complete.json#/8247,2021-standard-derived upstream new-2; not 2025 exam
zh-hsk2-00518,停车,tíng chē,[tíng chē] to pull up (stop one's vehicle); to park; (of a machine) to stop working; to stall,,general-and-abstract,zh-vocab-adapted,https://raw.githubusercontent.com/drkameleon/complete-hsk-vocabulary/7ac65bf1a6387d35f1ade478906172a19311c7f9/complete.json#/8248,2021-standard-derived upstream new-2; not 2025 exam
zh-hsk2-00519,停车场,tíng chē chǎng,[tíng chē chǎng] parking lot; car park,,general-and-abstract,zh-vocab-adapted,https://raw.githubusercontent.com/drkameleon/complete-hsk-vocabulary/7ac65bf1a6387d35f1ade478906172a19311c7f9/complete.json#/8249,2021-standard-derived upstream new-2; not 2025 exam
zh-hsk2-00520,挺,tǐng,[tǐng] straight; erect; to stick out (a part of the body); to (physically) straighten up; to support; to withstand; outstanding; (coll.) quite; very; classifier for machine guns,,health-and-body,zh-vocab-adapted,https://raw.githubusercontent.com/drkameleon/complete-hsk-vocabulary/7ac65bf1a6387d35f1ade478906172a19311c7f9/complete.json#/8260,2021-standard-derived upstream new-2; not 2025 exam
zh-hsk2-00521,挺好,tǐng hǎo,[tǐng hǎo] very good,,general-and-abstract,zh-vocab-adapted,https://raw.githubusercontent.com/drkameleon/complete-hsk-vocabulary/7ac65bf1a6387d35f1ade478906172a19311c7f9/complete.json#/8262,2021-standard-derived upstream new-2; not 2025 exam
zh-hsk2-00522,通,tōng / tòng,"[tōng] to go through; to know well; (suffix) expert; to connect; to communicate; open; to clear; classifier for letters, telegrams, phone calls etc / [tòng] classifier for an activity, taken in its entirety (tirade of abuse, stint of music playing, bout of drinking etc)",,general-and-abstract,zh-vocab-adapted,https://raw.githubusercontent.com/drkameleon/complete-hsk-vocabulary/7ac65bf1a6387d35f1ade478906172a19311c7f9/complete.json#/8263,2021-standard-derived upstream new-2; not 2025 exam
zh-hsk2-00523,通过,tōng guò,[tōng guò] to pass through; to get through; to adopt (a resolution); to pass (legislation); to pass (a test); by means of; through; via,,general-and-abstract,zh-vocab-adapted,https://raw.githubusercontent.com/drkameleon/complete-hsk-vocabulary/7ac65bf1a6387d35f1ade478906172a19311c7f9/complete.json#/8271,2021-standard-derived upstream new-2; not 2025 exam
zh-hsk2-00524,通知,tōng zhī,[tōng zhī] to notify; to inform; notice; notification,,general-and-abstract,zh-vocab-adapted,https://raw.githubusercontent.com/drkameleon/complete-hsk-vocabulary/7ac65bf1a6387d35f1ade478906172a19311c7f9/complete.json#/8286,2021-standard-derived upstream new-2; not 2025 exam
zh-hsk2-00525,同时,tóng shí,[tóng shí] at the same time; simultaneously,,time-and-quantity,zh-vocab-adapted,https://raw.githubusercontent.com/drkameleon/complete-hsk-vocabulary/7ac65bf1a6387d35f1ade478906172a19311c7f9/complete.json#/8301,2021-standard-derived upstream new-2; not 2025 exam
zh-hsk2-00526,同事,tóng shì,[tóng shì] colleague; co-worker,,general-and-abstract,zh-vocab-adapted,https://raw.githubusercontent.com/drkameleon/complete-hsk-vocabulary/7ac65bf1a6387d35f1ade478906172a19311c7f9/complete.json#/8302,2021-standard-derived upstream new-2; not 2025 exam
zh-hsk2-00527,同样,tóng yàng,[tóng yàng] same; equal; equivalent,,general-and-abstract,zh-vocab-adapted,https://raw.githubusercontent.com/drkameleon/complete-hsk-vocabulary/7ac65bf1a6387d35f1ade478906172a19311c7f9/complete.json#/8305,2021-standard-derived upstream new-2; not 2025 exam
zh-hsk2-00528,头,tóu / tou,[tóu] head; hair style; the top; end; beginning or end; a stub; remnant; chief; boss; side; aspect; first; leading; classifier for pigs or livestock / [tou] suffix for nouns,,health-and-body,zh-vocab-adapted,https://raw.githubusercontent.com/drkameleon/complete-hsk-vocabulary/7ac65bf1a6387d35f1ade478906172a19311c7f9/complete.json#/8333,2021-standard-derived upstream new-2; not 2025 exam
zh-hsk2-00529,头发,tóu fa,[tóu fa] hair (on the head),,health-and-body,zh-vocab-adapted,https://raw.githubusercontent.com/drkameleon/complete-hsk-vocabulary/7ac65bf1a6387d35f1ade478906172a19311c7f9/complete.json#/8336,2021-standard-derived upstream new-2; not 2025 exam
zh-hsk2-00530,图片,tú piàn,[tú piàn] picture; photograph,,general-and-abstract,zh-vocab-adapted,https://raw.githubusercontent.com/drkameleon/complete-hsk-vocabulary/7ac65bf1a6387d35f1ade478906172a19311c7f9/complete.json#/8377,2021-standard-derived upstream new-2; not 2025 exam
zh-hsk2-00531,推,tuī,[tuī] to push; to cut; to refuse; to reject; to decline; to shirk (responsibility); to put off; to delay; to push forward; to nominate; to elect; massage,,general-and-abstract,zh-vocab-adapted,https://raw.githubusercontent.com/drkameleon/complete-hsk-vocabulary/7ac65bf1a6387d35f1ade478906172a19311c7f9/complete.json#/8408,2021-standard-derived upstream new-2; not 2025 exam
zh-hsk2-00532,腿,tuǐ,[tuǐ] leg / [tuǐ] hip bone,,general-and-abstract,zh-vocab-adapted,https://raw.githubusercontent.com/drkameleon/complete-hsk-vocabulary/7ac65bf1a6387d35f1ade478906172a19311c7f9/complete.json#/8430,2021-standard-derived upstream new-2; not 2025 exam
zh-hsk2-00533,外地,wài dì,[wài dì] parts of the country other than where one is,,travel-and-places,zh-vocab-adapted,https://raw.githubusercontent.com/drkameleon/complete-hsk-vocabulary/7ac65bf1a6387d35f1ade478906172a19311c7f9/complete.json#/8485,2021-standard-derived upstream new-2; not 2025 exam
zh-hsk2-00534,外卖,wài mài,[wài mài] (of a restaurant) to provide a takeout or home delivery meal; takeout (business); takeout (meal),,food-and-shopping,zh-vocab-adapted,https://raw.githubusercontent.com/drkameleon/complete-hsk-vocabulary/7ac65bf1a6387d35f1ade478906172a19311c7f9/complete.json#/8497,2021-standard-derived upstream new-2; not 2025 exam
zh-hsk2-00535,完,wán,[wán] to finish; to be over; whole; complete; entire,,general-and-abstract,zh-vocab-adapted,https://raw.githubusercontent.com/drkameleon/complete-hsk-vocabulary/7ac65bf1a6387d35f1ade478906172a19311c7f9/complete.json#/8517,2021-standard-derived upstream new-2; not 2025 exam
zh-hsk2-00536,完成,wán chéng,[wán chéng] to complete; to accomplish,,general-and-abstract,zh-vocab-adapted,https://raw.githubusercontent.com/drkameleon/complete-hsk-vocabulary/7ac65bf1a6387d35f1ade478906172a19311c7f9/complete.json#/8520,2021-standard-derived upstream new-2; not 2025 exam
zh-hsk2-00537,完全,wán quán,[wán quán] complete; whole; totally; entirely,,general-and-abstract,zh-vocab-adapted,https://raw.githubusercontent.com/drkameleon/complete-hsk-vocabulary/7ac65bf1a6387d35f1ade478906172a19311c7f9/complete.json#/8525,2021-standard-derived upstream new-2; not 2025 exam
zh-hsk2-00538,晚安,wǎn ān,[wǎn ān] Good night!; Good evening!,,general-and-abstract,zh-vocab-adapted,https://raw.githubusercontent.com/drkameleon/complete-hsk-vocabulary/7ac65bf1a6387d35f1ade478906172a19311c7f9/complete.json#/8542,2021-standard-derived upstream new-2; not 2025 exam
zh-hsk2-00539,晚报,wǎn bào,[wǎn bào] evening newspaper; (in a newspaper's name) Evening News,,general-and-abstract,zh-vocab-adapted,https://raw.githubusercontent.com/drkameleon/complete-hsk-vocabulary/7ac65bf1a6387d35f1ade478906172a19311c7f9/complete.json#/8543,2021-standard-derived upstream new-2; not 2025 exam
zh-hsk2-00540,晚餐,wǎn cān,[wǎn cān] evening meal; dinner,,general-and-abstract,zh-vocab-adapted,https://raw.githubusercontent.com/drkameleon/complete-hsk-vocabulary/7ac65bf1a6387d35f1ade478906172a19311c7f9/complete.json#/8544,2021-standard-derived upstream new-2; not 2025 exam
zh-hsk2-00541,晚会,wǎn huì,[wǎn huì] evening party,,general-and-abstract,zh-vocab-adapted,https://raw.githubusercontent.com/drkameleon/complete-hsk-vocabulary/7ac65bf1a6387d35f1ade478906172a19311c7f9/complete.json#/8547,2021-standard-derived upstream new-2; not 2025 exam
zh-hsk2-00542,碗,wǎn,[wǎn] bowl; cup,,general-and-abstract,zh-vocab-adapted,https://raw.githubusercontent.com/drkameleon/complete-hsk-vocabulary/7ac65bf1a6387d35f1ade478906172a19311c7f9/complete.json#/8552,2021-standard-derived upstream new-2; not 2025 exam
zh-hsk2-00543,万,Wàn / wàn,[Wàn] surname Wan / [wàn] ten thousand; a great number,,time-and-quantity,zh-vocab-adapted,https://raw.githubusercontent.com/drkameleon/complete-hsk-vocabulary/7ac65bf1a6387d35f1ade478906172a19311c7f9/complete.json#/8553,2021-standard-derived upstream new-2; not 2025 exam
zh-hsk2-00544,网,wǎng,[wǎng] net; network,,general-and-abstract,zh-vocab-adapted,https://raw.githubusercontent.com/drkameleon/complete-hsk-vocabulary/7ac65bf1a6387d35f1ade478906172a19311c7f9/complete.json#/8567,2021-standard-derived upstream new-2; not 2025 exam
zh-hsk2-00545,网球,wǎng qiú,[wǎng qiú] tennis; tennis ball,,general-and-abstract,zh-vocab-adapted,https://raw.githubusercontent.com/drkameleon/complete-hsk-vocabulary/7ac65bf1a6387d35f1ade478906172a19311c7f9/complete.json#/8572,2021-standard-derived upstream new-2; not 2025 exam
zh-hsk2-00546,网站,wǎng zhàn,[wǎng zhàn] website; network station; node,,general-and-abstract,zh-vocab-adapted,https://raw.githubusercontent.com/drkameleon/complete-hsk-vocabulary/7ac65bf1a6387d35f1ade478906172a19311c7f9/complete.json#/8576,2021-standard-derived upstream new-2; not 2025 exam
zh-hsk2-00547,往,wǎng,[wǎng] to go (in a direction); to; towards; (of a train) bound for; past; previous,,travel-and-places,zh-vocab-adapted,https://raw.githubusercontent.com/drkameleon/complete-hsk-vocabulary/7ac65bf1a6387d35f1ade478906172a19311c7f9/complete.json#/8578,2021-standard-derived upstream new-2; not 2025 exam
zh-hsk2-00548,为,wéi / wèi,[wéi] as (in the capacity of); to take sth as; to act as; to serve as; to behave as; to become; to be; to do; by (in the passive voice) / [wèi] because of; for; to,,general-and-abstract,zh-vocab-adapted,https://raw.githubusercontent.com/drkameleon/complete-hsk-vocabulary/7ac65bf1a6387d35f1ade478906172a19311c7f9/complete.json#/8652,2021-standard-derived upstream new-2; not 2025 exam
zh-hsk2-00549,为什么,wèi shén me,[wèi shén me] why?; for what reason?,,general-and-abstract,zh-vocab-adapted,https://raw.githubusercontent.com/drkameleon/complete-hsk-vocabulary/7ac65bf1a6387d35f1ade478906172a19311c7f9/complete.json#/8659,2021-standard-derived upstream new-2; not 2025 exam
zh-hsk2-00550,位,wèi,[wèi] position; location; place; seat; classifier for people (honorific); classifier for binary bits; (physics) potential,,general-and-abstract,zh-vocab-adapted,https://raw.githubusercontent.com/drkameleon/complete-hsk-vocabulary/7ac65bf1a6387d35f1ade478906172a19311c7f9/complete.json#/8670,2021-standard-derived upstream new-2; not 2025 exam
zh-hsk2-00551,味道,wèi dao,[wèi dao] flavor; taste; (fig.) feeling (of ...); sense (of ...); hint (of ...); (fig.) interest; delight; (dialect) smell; odor,,general-and-abstract,zh-vocab-adapted,https://raw.githubusercontent.com/drkameleon/complete-hsk-vocabulary/7ac65bf1a6387d35f1ade478906172a19311c7f9/complete.json#/8674,2021-standard-derived upstream new-2; not 2025 exam
zh-hsk2-00552,喂,wéi / wèi,"[wéi] hello (when answering the phone) / [wèi] hey; to feed (an animal, baby, invalid etc) / [wèi] to feed",,nature-and-technology,zh-vocab-adapted,https://raw.githubusercontent.com/drkameleon/complete-hsk-vocabulary/7ac65bf1a6387d35f1ade478906172a19311c7f9/complete.json#/8681,2021-standard-derived upstream new-2; not 2025 exam
zh-hsk2-00553,温度,wēn dù,[wēn dù] temperature,,general-and-abstract,zh-vocab-adapted,https://raw.githubusercontent.com/drkameleon/complete-hsk-vocabulary/7ac65bf1a6387d35f1ade478906172a19311c7f9/complete.json#/8686,2021-standard-derived upstream new-2; not 2025 exam
zh-hsk2-00554,闻,Wén / wén,[Wén] surname Wen / [wén] to hear; news; well-known; famous; reputation; fame; to smell; to sniff at,,general-and-abstract,zh-vocab-adapted,https://raw.githubusercontent.com/drkameleon/complete-hsk-vocabulary/7ac65bf1a6387d35f1ade478906172a19311c7f9/complete.json#/8713,2021-standard-derived upstream new-2; not 2025 exam
zh-hsk2-00555,问路,wèn lù,[wèn lù] to ask for directions; to ask the way (to some place),,general-and-abstract,zh-vocab-adapted,https://raw.githubusercontent.com/drkameleon/complete-hsk-vocabulary/7ac65bf1a6387d35f1ade478906172a19311c7f9/complete.json#/8729,2021-standard-derived upstream new-2; not 2025 exam
zh-hsk2-00556,问题,wèn tí,[wèn tí] question; problem; issue; topic,,general-and-abstract,zh-vocab-adapted,https://raw.githubusercontent.com/drkameleon/complete-hsk-vocabulary/7ac65bf1a6387d35f1ade478906172a19311c7f9/complete.json#/8731,2021-standard-derived upstream new-2; not 2025 exam
zh-hsk2-00557,午餐,wǔ cān,[wǔ cān] lunch; luncheon,,general-and-abstract,zh-vocab-adapted,https://raw.githubusercontent.com/drkameleon/complete-hsk-vocabulary/7ac65bf1a6387d35f1ade478906172a19311c7f9/complete.json#/8813,2021-standard-derived upstream new-2; not 2025 exam
zh-hsk2-00558,午睡,wǔ shuì,[wǔ shuì] to take a nap; siesta,,general-and-abstract,zh-vocab-adapted,https://raw.githubusercontent.com/drkameleon/complete-hsk-vocabulary/7ac65bf1a6387d35f1ade478906172a19311c7f9/complete.json#/8815,2021-standard-derived upstream new-2; not 2025 exam
zh-hsk2-00559,习惯,xí guàn,[xí guàn] habit; custom; usual practice; to be used to,,general-and-abstract,zh-vocab-adapted,https://raw.githubusercontent.com/drkameleon/complete-hsk-vocabulary/7ac65bf1a6387d35f1ade478906172a19311c7f9/complete.json#/8870,2021-standard-derived upstream new-2; not 2025 exam
zh-hsk2-00560,洗衣机,xǐ yī jī,[xǐ yī jī] washing machine; washer,,general-and-abstract,zh-vocab-adapted,https://raw.githubusercontent.com/drkameleon/complete-hsk-vocabulary/7ac65bf1a6387d35f1ade478906172a19311c7f9/complete.json#/8881,2021-standard-derived upstream new-2; not 2025 exam
zh-hsk2-00561,洗澡,xǐ zǎo,[xǐ zǎo] to bathe; to take a shower,,general-and-abstract,zh-vocab-adapted,https://raw.githubusercontent.com/drkameleon/complete-hsk-vocabulary/7ac65bf1a6387d35f1ade478906172a19311c7f9/complete.json#/8882,2021-standard-derived upstream new-2; not 2025 exam
zh-hsk2-00562,西北,Xī běi / xī běi,"[Xī běi] Northwest China (Shaanxi, Gansu, Qinghai, Ningxia, Xinjiang) / [xī běi] northwest",,general-and-abstract,zh-vocab-adapted,https://raw.githubusercontent.com/drkameleon/complete-hsk-vocabulary/7ac65bf1a6387d35f1ade478906172a19311c7f9/complete.json#/8913,2021-standard-derived upstream new-2; not 2025 exam
zh-hsk2-00563,西餐,xī cān,[xī cān] Western-style food,,food-and-shopping,zh-vocab-adapted,https://raw.githubusercontent.com/drkameleon/complete-hsk-vocabulary/7ac65bf1a6387d35f1ade478906172a19311c7f9/complete.json#/8916,2021-standard-derived upstream new-2; not 2025 exam
zh-hsk2-00564,西方,Xī fāng,[Xī fāng] the West; the Occident; Western countries,,general-and-abstract,zh-vocab-adapted,https://raw.githubusercontent.com/drkameleon/complete-hsk-vocabulary/7ac65bf1a6387d35f1ade478906172a19311c7f9/complete.json#/8917,2021-standard-derived upstream new-2; not 2025 exam
zh-hsk2-00565,西南,xī nán,[xī nán] southwest,,general-and-abstract,zh-vocab-adapted,https://raw.githubusercontent.com/drkameleon/complete-hsk-vocabulary/7ac65bf1a6387d35f1ade478906172a19311c7f9/complete.json#/8920,2021-standard-derived upstream new-2; not 2025 exam
zh-hsk2-00566,西医,xī yī,[xī yī] Western medicine; a doctor trained in Western medicine,,health-and-body,zh-vocab-adapted,https://raw.githubusercontent.com/drkameleon/complete-hsk-vocabulary/7ac65bf1a6387d35f1ade478906172a19311c7f9/complete.json#/8921,2021-standard-derived upstream new-2; not 2025 exam
zh-hsk2-00567,下雪,xià xuě,[xià xuě] to snow,,general-and-abstract,zh-vocab-adapted,https://raw.githubusercontent.com/drkameleon/complete-hsk-vocabulary/7ac65bf1a6387d35f1ade478906172a19311c7f9/complete.json#/8962,2021-standard-derived upstream new-2; not 2025 exam
zh-hsk2-00568,下周,xià zhōu,[xià zhōu] next week,,time-and-quantity,zh-vocab-adapted,https://raw.githubusercontent.com/drkameleon/complete-hsk-vocabulary/7ac65bf1a6387d35f1ade478906172a19311c7f9/complete.json#/8969,2021-standard-derived upstream new-2; not 2025 exam
zh-hsk2-00569,夏天,xià tiān,[xià tiān] summer,,general-and-abstract,zh-vocab-adapted,https://raw.githubusercontent.com/drkameleon/complete-hsk-vocabulary/7ac65bf1a6387d35f1ade478906172a19311c7f9/complete.json#/8977,2021-standard-derived upstream new-2; not 2025 exam
zh-hsk2-00570,相机,xiàng jī,[xiàng jī] camera; at the opportune moment; as the circumstances allow,,general-and-abstract,zh-vocab-adapted,https://raw.githubusercontent.com/drkameleon/complete-hsk-vocabulary/7ac65bf1a6387d35f1ade478906172a19311c7f9/complete.json#/9071,2021-standard-derived upstream new-2; not 2025 exam
zh-hsk2-00571,相同,xiāng tóng,[xiāng tóng] identical; same,,general-and-abstract,zh-vocab-adapted,https://raw.githubusercontent.com/drkameleon/complete-hsk-vocabulary/7ac65bf1a6387d35f1ade478906172a19311c7f9/complete.json#/9080,2021-standard-derived upstream new-2; not 2025 exam
zh-hsk2-00572,相信,xiāng xìn,[xiāng xìn] to be convinced (that sth is true); to believe; to accept sth as true,,general-and-abstract,zh-vocab-adapted,https://raw.githubusercontent.com/drkameleon/complete-hsk-vocabulary/7ac65bf1a6387d35f1ade478906172a19311c7f9/complete.json#/9081,2021-standard-derived upstream new-2; not 2025 exam
zh-hsk2-00573,响,xiǎng,[xiǎng] echo; sound; noise; to make a sound; to sound; to ring; loud; classifier for noises,,general-and-abstract,zh-vocab-adapted,https://raw.githubusercontent.com/drkameleon/complete-hsk-vocabulary/7ac65bf1a6387d35f1ade478906172a19311c7f9/complete.json#/9104,2021-standard-derived upstream new-2; not 2025 exam
zh-hsk2-00574,想到,xiǎng dào,[xiǎng dào] to think of; to call to mind; to anticipate,,thought-and-communication,zh-vocab-adapted,https://raw.githubusercontent.com/drkameleon/complete-hsk-vocabulary/7ac65bf1a6387d35f1ade478906172a19311c7f9/complete.json#/9111,2021-standard-derived upstream new-2; not 2025 exam
zh-hsk2-00575,想法,xiǎng fǎ,[xiǎng fǎ] way of thinking; opinion; notion; to think of a way (to do sth),,thought-and-communication,zh-vocab-adapted,https://raw.githubusercontent.com/drkameleon/complete-hsk-vocabulary/7ac65bf1a6387d35f1ade478906172a19311c7f9/complete.json#/9112,2021-standard-derived upstream new-2; not 2025 exam
zh-hsk2-00576,想起,xiǎng qǐ,[xiǎng qǐ] to recall; to think of; to call to mind,,thought-and-communication,zh-vocab-adapted,https://raw.githubusercontent.com/drkameleon/complete-hsk-vocabulary/7ac65bf1a6387d35f1ade478906172a19311c7f9/complete.json#/9115,2021-standard-derived upstream new-2; not 2025 exam
zh-hsk2-00577,向,Xiàng / xiàng,[Xiàng] surname Xiang / [xiàng] towards; to face; to turn towards; direction; to support; to side with; shortly before; formerly; always; all along; (suffix) suitable for ...; oriented to ... / [xiàng] to tend toward; to guide / [xiàng] direction; orientation; to face; to turn toward; to; towards; shortly before; formerly,,travel-and-places,zh-vocab-adapted,https://raw.githubusercontent.com/drkameleon/complete-hsk-vocabulary/7ac65bf1a6387d35f1ade478906172a19311c7f9/complete.json#/9117,2021-standard-derived upstream new-2; not 2025 exam
zh-hsk2-00578,像,xiàng,[xiàng] to resemble; to be like; to look as if; such as; appearance; image; portrait; image under a mapping (math.),,general-and-abstract,zh-vocab-adapted,https://raw.githubusercontent.com/drkameleon/complete-hsk-vocabulary/7ac65bf1a6387d35f1ade478906172a19311c7f9/complete.json#/9130,2021-standard-derived upstream new-2; not 2025 exam
zh-hsk2-00579,小声,xiǎo shēng,[xiǎo shēng] in a low voice; (speak) in whispers,,thought-and-communication,zh-vocab-adapted,https://raw.githubusercontent.com/drkameleon/complete-hsk-vocabulary/7ac65bf1a6387d35f1ade478906172a19311c7f9/complete.json#/9172,2021-standard-derived upstream new-2; not 2025 exam
zh-hsk2-00580,小时候,xiǎo shí hou,[xiǎo shí hou] in one's childhood,,general-and-abstract,zh-vocab-adapted,https://raw.githubusercontent.com/drkameleon/complete-hsk-vocabulary/7ac65bf1a6387d35f1ade478906172a19311c7f9/complete.json#/9174,2021-standard-derived upstream new-2; not 2025 exam
zh-hsk2-00581,小说,xiǎo shuō,[xiǎo shuō] novel; fiction,,general-and-abstract,zh-vocab-adapted,https://raw.githubusercontent.com/drkameleon/complete-hsk-vocabulary/7ac65bf1a6387d35f1ade478906172a19311c7f9/complete.json#/9175,2021-standard-derived upstream new-2; not 2025 exam
zh-hsk2-00582,小心,xiǎo xīn,[xiǎo xīn] to be careful; to take care,,general-and-abstract,zh-vocab-adapted,https://raw.githubusercontent.com/drkameleon/complete-hsk-vocabulary/7ac65bf1a6387d35f1ade478906172a19311c7f9/complete.json#/9180,2021-standard-derived upstream new-2; not 2025 exam
zh-hsk2-00583,小组,xiǎo zǔ,[xiǎo zǔ] group,,general-and-abstract,zh-vocab-adapted,https://raw.githubusercontent.com/drkameleon/complete-hsk-vocabulary/7ac65bf1a6387d35f1ade478906172a19311c7f9/complete.json#/9187,2021-standard-derived upstream new-2; not 2025 exam
zh-hsk2-00584,校园,xiào yuán,[xiào yuán] campus,,general-and-abstract,zh-vocab-adapted,https://raw.githubusercontent.com/drkameleon/complete-hsk-vocabulary/7ac65bf1a6387d35f1ade478906172a19311c7f9/complete.json#/9198,2021-standard-derived upstream new-2; not 2025 exam
zh-hsk2-00585,校长,xiào zhǎng,"[xiào zhǎng] (college, university) president; headmaster",,general-and-abstract,zh-vocab-adapted,https://raw.githubusercontent.com/drkameleon/complete-hsk-vocabulary/7ac65bf1a6387d35f1ade478906172a19311c7f9/complete.json#/9199,2021-standard-derived upstream new-2; not 2025 exam
zh-hsk2-00586,笑话,xiào hua,[xiào hua] joke; jest; to laugh at; to mock,,general-and-abstract,zh-vocab-adapted,https://raw.githubusercontent.com/drkameleon/complete-hsk-vocabulary/7ac65bf1a6387d35f1ade478906172a19311c7f9/complete.json#/9201,2021-standard-derived upstream new-2; not 2025 exam
zh-hsk2-00587,笑话儿,xiàohuar5,[xiàohuar5] Joke,,general-and-abstract,zh-vocab-adapted,https://raw.githubusercontent.com/drkameleon/complete-hsk-vocabulary/7ac65bf1a6387d35f1ade478906172a19311c7f9/complete.json#/9202,2021-standard-derived upstream new-2; not 2025 exam
zh-hsk2-00588,鞋,xié,[xié] shoe,,general-and-abstract,zh-vocab-adapted,https://raw.githubusercontent.com/drkameleon/complete-hsk-vocabulary/7ac65bf1a6387d35f1ade478906172a19311c7f9/complete.json#/9223,2021-standard-derived upstream new-2; not 2025 exam
zh-hsk2-00589,心里,xīn li,[xīn li] chest; heart; mind,,general-and-abstract,zh-vocab-adapted,https://raw.githubusercontent.com/drkameleon/complete-hsk-vocabulary/7ac65bf1a6387d35f1ade478906172a19311c7f9/complete.json#/9247,2021-standard-derived upstream new-2; not 2025 exam
zh-hsk2-00590,心情,xīn qíng,[xīn qíng] mood; frame of mind,,general-and-abstract,zh-vocab-adapted,https://raw.githubusercontent.com/drkameleon/complete-hsk-vocabulary/7ac65bf1a6387d35f1ade478906172a19311c7f9/complete.json#/9253,2021-standard-derived upstream new-2; not 2025 exam
zh-hsk2-00591,心中,xīn zhōng,[xīn zhōng] central point; in one's thoughts; in one's heart,,general-and-abstract,zh-vocab-adapted,https://raw.githubusercontent.com/drkameleon/complete-hsk-vocabulary/7ac65bf1a6387d35f1ade478906172a19311c7f9/complete.json#/9268,2021-standard-derived upstream new-2; not 2025 exam
zh-hsk2-00592,新闻,xīn wén,[xīn wén] news,,general-and-abstract,zh-vocab-adapted,https://raw.githubusercontent.com/drkameleon/complete-hsk-vocabulary/7ac65bf1a6387d35f1ade478906172a19311c7f9/complete.json#/9290,2021-standard-derived upstream new-2; not 2025 exam
zh-hsk2-00593,信,xìn,[xìn] letter; mail; to trust; to believe; to profess faith in; truthful; confidence; trust; at will; at random,,general-and-abstract,zh-vocab-adapted,https://raw.githubusercontent.com/drkameleon/complete-hsk-vocabulary/7ac65bf1a6387d35f1ade478906172a19311c7f9/complete.json#/9296,2021-standard-derived upstream new-2; not 2025 exam
zh-hsk2-00594,信号,xìn hào,[xìn hào] signal,,general-and-abstract,zh-vocab-adapted,https://raw.githubusercontent.com/drkameleon/complete-hsk-vocabulary/7ac65bf1a6387d35f1ade478906172a19311c7f9/complete.json#/9299,2021-standard-derived upstream new-2; not 2025 exam
zh-hsk2-00595,信息,xìn xī,[xìn xī] information; news; message,,general-and-abstract,zh-vocab-adapted,https://raw.githubusercontent.com/drkameleon/complete-hsk-vocabulary/7ac65bf1a6387d35f1ade478906172a19311c7f9/complete.json#/9304,2021-standard-derived upstream new-2; not 2025 exam
zh-hsk2-00596,信心,xìn xīn,[xìn xīn] confidence; faith (in sb or sth),,general-and-abstract,zh-vocab-adapted,https://raw.githubusercontent.com/drkameleon/complete-hsk-vocabulary/7ac65bf1a6387d35f1ade478906172a19311c7f9/complete.json#/9306,2021-standard-derived upstream new-2; not 2025 exam
zh-hsk2-00597,信用卡,xìn yòng kǎ,[xìn yòng kǎ] credit card,,general-and-abstract,zh-vocab-adapted,https://raw.githubusercontent.com/drkameleon/complete-hsk-vocabulary/7ac65bf1a6387d35f1ade478906172a19311c7f9/complete.json#/9309,2021-standard-derived upstream new-2; not 2025 exam
zh-hsk2-00598,星星,xīng xing,[xīng xing] (coll.) a star; the stars in the sky,,general-and-abstract,zh-vocab-adapted,https://raw.githubusercontent.com/drkameleon/complete-hsk-vocabulary/7ac65bf1a6387d35f1ade478906172a19311c7f9/complete.json#/9314,2021-standard-derived upstream new-2; not 2025 exam
zh-hsk2-00599,行动,xíng dòng,[xíng dòng] operation; action; to move about; mobile,,general-and-abstract,zh-vocab-adapted,https://raw.githubusercontent.com/drkameleon/complete-hsk-vocabulary/7ac65bf1a6387d35f1ade478906172a19311c7f9/complete.json#/9322,2021-standard-derived upstream new-2; not 2025 exam
zh-hsk2-00600,行人,xíng rén,[xíng rén] pedestrian; traveler on foot; passer-by; official responsible for arranging audiences with the emperor,,general-and-abstract,zh-vocab-adapted,https://raw.githubusercontent.com/drkameleon/complete-hsk-vocabulary/7ac65bf1a6387d35f1ade478906172a19311c7f9/complete.json#/9328,2021-standard-derived upstream new-2; not 2025 exam
zh-hsk2-00601,行为,xíng wéi,[xíng wéi] action; conduct; behavior; activity,,general-and-abstract,zh-vocab-adapted,https://raw.githubusercontent.com/drkameleon/complete-hsk-vocabulary/7ac65bf1a6387d35f1ade478906172a19311c7f9/complete.json#/9331,2021-standard-derived upstream new-2; not 2025 exam
zh-hsk2-00602,姓,xìng,[xìng] family name; surname; to be surnamed,,people-and-relationships,zh-vocab-adapted,https://raw.githubusercontent.com/drkameleon/complete-hsk-vocabulary/7ac65bf1a6387d35f1ade478906172a19311c7f9/complete.json#/9361,2021-standard-derived upstream new-2; not 2025 exam
zh-hsk2-00603,姓名,xìng míng,[xìng míng] surname and given name; full name,,general-and-abstract,zh-vocab-adapted,https://raw.githubusercontent.com/drkameleon/complete-hsk-vocabulary/7ac65bf1a6387d35f1ade478906172a19311c7f9/complete.json#/9362,2021-standard-derived upstream new-2; not 2025 exam
zh-hsk2-00604,休假,xiū jià,[xiū jià] to go on vacation; to have a holiday; to take leave,,general-and-abstract,zh-vocab-adapted,https://raw.githubusercontent.com/drkameleon/complete-hsk-vocabulary/7ac65bf1a6387d35f1ade478906172a19311c7f9/complete.json#/9396,2021-standard-derived upstream new-2; not 2025 exam
zh-hsk2-00605,许多,xǔ duō,[xǔ duō] many; a lot of; much,,general-and-abstract,zh-vocab-adapted,https://raw.githubusercontent.com/drkameleon/complete-hsk-vocabulary/7ac65bf1a6387d35f1ade478906172a19311c7f9/complete.json#/9440,2021-standard-derived upstream new-2; not 2025 exam
zh-hsk2-00606,选,xuǎn,[xuǎn] to choose; to pick; to select; to elect,,general-and-abstract,zh-vocab-adapted,https://raw.githubusercontent.com/drkameleon/complete-hsk-vocabulary/7ac65bf1a6387d35f1ade478906172a19311c7f9/complete.json#/9473,2021-standard-derived upstream new-2; not 2025 exam
zh-hsk2-00607,学期,xué qī,[xué qī] term; semester,,general-and-abstract,zh-vocab-adapted,https://raw.githubusercontent.com/drkameleon/complete-hsk-vocabulary/7ac65bf1a6387d35f1ade478906172a19311c7f9/complete.json#/9494,2021-standard-derived upstream new-2; not 2025 exam
zh-hsk2-00608,雪,Xuě / xuě,[Xuě] surname Xue / [xuě] snow; (literary) to wipe away (a humiliation etc),,general-and-abstract,zh-vocab-adapted,https://raw.githubusercontent.com/drkameleon/complete-hsk-vocabulary/7ac65bf1a6387d35f1ade478906172a19311c7f9/complete.json#/9511,2021-standard-derived upstream new-2; not 2025 exam
zh-hsk2-00609,颜色,yán sè,[yán sè] color; countenance; appearance; facial expression; pigment; dyestuff,,general-and-abstract,zh-vocab-adapted,https://raw.githubusercontent.com/drkameleon/complete-hsk-vocabulary/7ac65bf1a6387d35f1ade478906172a19311c7f9/complete.json#/9606,2021-standard-derived upstream new-2; not 2025 exam
zh-hsk2-00610,眼,yǎn,"[yǎn] eye; small hole; crux (of a matter); classifier for big hollow things (wells, stoves, pots etc)",,health-and-body,zh-vocab-adapted,https://raw.githubusercontent.com/drkameleon/complete-hsk-vocabulary/7ac65bf1a6387d35f1ade478906172a19311c7f9/complete.json#/9611,2021-standard-derived upstream new-2; not 2025 exam
zh-hsk2-00611,眼睛,yǎn jing,[yǎn jing] eye,,health-and-body,zh-vocab-adapted,https://raw.githubusercontent.com/drkameleon/complete-hsk-vocabulary/7ac65bf1a6387d35f1ade478906172a19311c7f9/complete.json#/9616,2021-standard-derived upstream new-2; not 2025 exam
zh-hsk2-00612,养,yǎng,[yǎng] to raise (animals); to bring up (children); to keep (pets); to support; to give birth,,general-and-abstract,zh-vocab-adapted,https://raw.githubusercontent.com/drkameleon/complete-hsk-vocabulary/7ac65bf1a6387d35f1ade478906172a19311c7f9/complete.json#/9664,2021-standard-derived upstream new-2; not 2025 exam
zh-hsk2-00613,样子,yàng zi,[yàng zi] appearance; manner; pattern; model,,general-and-abstract,zh-vocab-adapted,https://raw.githubusercontent.com/drkameleon/complete-hsk-vocabulary/7ac65bf1a6387d35f1ade478906172a19311c7f9/complete.json#/9679,2021-standard-derived upstream new-2; not 2025 exam
zh-hsk2-00614,药,yào,"[yào] leaf of the iris / [yào] medicine; drug; substance used for a specific purpose (e.g. poisoning, explosion, fermenting); to poison",,health-and-body,zh-vocab-adapted,https://raw.githubusercontent.com/drkameleon/complete-hsk-vocabulary/7ac65bf1a6387d35f1ade478906172a19311c7f9/complete.json#/9697,2021-standard-derived upstream new-2; not 2025 exam
zh-hsk2-00615,药店,yào diàn,[yào diàn] pharmacy,,general-and-abstract,zh-vocab-adapted,https://raw.githubusercontent.com/drkameleon/complete-hsk-vocabulary/7ac65bf1a6387d35f1ade478906172a19311c7f9/complete.json#/9699,2021-standard-derived upstream new-2; not 2025 exam
zh-hsk2-00616,药片,yào piàn,[yào piàn] a (medicine) pill or tablet,,health-and-body,zh-vocab-adapted,https://raw.githubusercontent.com/drkameleon/complete-hsk-vocabulary/7ac65bf1a6387d35f1ade478906172a19311c7f9/complete.json#/9701,2021-standard-derived upstream new-2; not 2025 exam
zh-hsk2-00617,药水,Yào shuǐ / yào shuǐ,"[Yào shuǐ] Yaksu in North Korea, near the border with Liaoning and Jiling province / [yào shuǐ] medicine in liquid form; bottled medicine; lotion",,health-and-body,zh-vocab-adapted,https://raw.githubusercontent.com/drkameleon/complete-hsk-vocabulary/7ac65bf1a6387d35f1ade478906172a19311c7f9/complete.json#/9703,2021-standard-derived upstream new-2; not 2025 exam
zh-hsk2-00618,要求,yāo qiú,[yāo qiú] to request; to require; requirement; to stake a claim; to ask; to demand,,general-and-abstract,zh-vocab-adapted,https://raw.githubusercontent.com/drkameleon/complete-hsk-vocabulary/7ac65bf1a6387d35f1ade478906172a19311c7f9/complete.json#/9717,2021-standard-derived upstream new-2; not 2025 exam
zh-hsk2-00619,也许,yě xǔ,[yě xǔ] perhaps; maybe,,general-and-abstract,zh-vocab-adapted,https://raw.githubusercontent.com/drkameleon/complete-hsk-vocabulary/7ac65bf1a6387d35f1ade478906172a19311c7f9/complete.json#/9726,2021-standard-derived upstream new-2; not 2025 exam
zh-hsk2-00620,夜,yè,[yè] night,,general-and-abstract,zh-vocab-adapted,https://raw.githubusercontent.com/drkameleon/complete-hsk-vocabulary/7ac65bf1a6387d35f1ade478906172a19311c7f9/complete.json#/9742,2021-standard-derived upstream new-2; not 2025 exam
zh-hsk2-00621,夜里,yè li,[yè li] during the night; at night; nighttime,,general-and-abstract,zh-vocab-adapted,https://raw.githubusercontent.com/drkameleon/complete-hsk-vocabulary/7ac65bf1a6387d35f1ade478906172a19311c7f9/complete.json#/9745,2021-standard-derived upstream new-2; not 2025 exam
zh-hsk2-00622,一般,yī bān,[yī bān] same; ordinary; so-so; common; general; generally; in general,,general-and-abstract,zh-vocab-adapted,https://raw.githubusercontent.com/drkameleon/complete-hsk-vocabulary/7ac65bf1a6387d35f1ade478906172a19311c7f9/complete.json#/9756,2021-standard-derived upstream new-2; not 2025 exam
zh-hsk2-00623,一部分,yī bù fen,[yī bù fen] portion; part of; subset,,general-and-abstract,zh-vocab-adapted,https://raw.githubusercontent.com/drkameleon/complete-hsk-vocabulary/7ac65bf1a6387d35f1ade478906172a19311c7f9/complete.json#/9762,2021-standard-derived upstream new-2; not 2025 exam
zh-hsk2-00624,一点点,yī diǎn diǎn,[yī diǎn diǎn] a little bit,,general-and-abstract,zh-vocab-adapted,https://raw.githubusercontent.com/drkameleon/complete-hsk-vocabulary/7ac65bf1a6387d35f1ade478906172a19311c7f9/complete.json#/9771,2021-standard-derived upstream new-2; not 2025 exam
zh-hsk2-00625,一定,yī dìng,[yī dìng] surely; certainly; necessarily; fixed; a certain (extent etc); given; particular; must,,general-and-abstract,zh-vocab-adapted,https://raw.githubusercontent.com/drkameleon/complete-hsk-vocabulary/7ac65bf1a6387d35f1ade478906172a19311c7f9/complete.json#/9773,2021-standard-derived upstream new-2; not 2025 exam
zh-hsk2-00626,一共,yī gòng,[yī gòng] altogether,,general-and-abstract,zh-vocab-adapted,https://raw.githubusercontent.com/drkameleon/complete-hsk-vocabulary/7ac65bf1a6387d35f1ade478906172a19311c7f9/complete.json#/9783,2021-standard-derived upstream new-2; not 2025 exam
zh-hsk2-00627,一路平安,yī lù píng ān,[yī lù píng ān] to have a pleasant journey; Bon voyage!,,general-and-abstract,zh-vocab-adapted,https://raw.githubusercontent.com/drkameleon/complete-hsk-vocabulary/7ac65bf1a6387d35f1ade478906172a19311c7f9/complete.json#/9805,2021-standard-derived upstream new-2; not 2025 exam
zh-hsk2-00628,一路顺风,yī lù shùn fēng,[yī lù shùn fēng] to have a pleasant journey (idiom),,general-and-abstract,zh-vocab-adapted,https://raw.githubusercontent.com/drkameleon/complete-hsk-vocabulary/7ac65bf1a6387d35f1ade478906172a19311c7f9/complete.json#/9807,2021-standard-derived upstream new-2; not 2025 exam
zh-hsk2-00629,一生,yī shēng,[yī shēng] all one's life; throughout one's life,,general-and-abstract,zh-vocab-adapted,https://raw.githubusercontent.com/drkameleon/complete-hsk-vocabulary/7ac65bf1a6387d35f1ade478906172a19311c7f9/complete.json#/9821,2021-standard-derived upstream new-2; not 2025 exam
zh-hsk2-00630,一直,yī zhí,[yī zhí] straight (in a straight line); continuously; always; all the way through,,general-and-abstract,zh-vocab-adapted,https://raw.githubusercontent.com/drkameleon/complete-hsk-vocabulary/7ac65bf1a6387d35f1ade478906172a19311c7f9/complete.json#/9855,2021-standard-derived upstream new-2; not 2025 exam
zh-hsk2-00631,已经,yǐ jīng,[yǐ jīng] already,,general-and-abstract,zh-vocab-adapted,https://raw.githubusercontent.com/drkameleon/complete-hsk-vocabulary/7ac65bf1a6387d35f1ade478906172a19311c7f9/complete.json#/9907,2021-standard-derived upstream new-2; not 2025 exam
zh-hsk2-00632,以后,yǐ hòu,[yǐ hòu] after; later; afterwards; following; later on; in the future,,general-and-abstract,zh-vocab-adapted,https://raw.githubusercontent.com/drkameleon/complete-hsk-vocabulary/7ac65bf1a6387d35f1ade478906172a19311c7f9/complete.json#/9910,2021-standard-derived upstream new-2; not 2025 exam
zh-hsk2-00633,以前,yǐ qián,[yǐ qián] before; formerly; previous; ago,,general-and-abstract,zh-vocab-adapted,https://raw.githubusercontent.com/drkameleon/complete-hsk-vocabulary/7ac65bf1a6387d35f1ade478906172a19311c7f9/complete.json#/9915,2021-standard-derived upstream new-2; not 2025 exam
zh-hsk2-00634,以上,yǐ shàng,[yǐ shàng] that level or higher; that amount or more; the above-mentioned; (used to indicate that one has completed one's remarks) That is all.,,general-and-abstract,zh-vocab-adapted,https://raw.githubusercontent.com/drkameleon/complete-hsk-vocabulary/7ac65bf1a6387d35f1ade478906172a19311c7f9/complete.json#/9916,2021-standard-derived upstream new-2; not 2025 exam
zh-hsk2-00635,以外,yǐ wài,[yǐ wài] apart from; other than; except for; external; outside of; on the other side of; beyond,,general-and-abstract,zh-vocab-adapted,https://raw.githubusercontent.com/drkameleon/complete-hsk-vocabulary/7ac65bf1a6387d35f1ade478906172a19311c7f9/complete.json#/9918,2021-standard-derived upstream new-2; not 2025 exam
zh-hsk2-00636,以为,yǐ wéi,[yǐ wéi] to think (i.e. to take it to be true that ...) (Usually there is an implication that the notion is mistaken – except when expressing one's own current opinion.),,thought-and-communication,zh-vocab-adapted,https://raw.githubusercontent.com/drkameleon/complete-hsk-vocabulary/7ac65bf1a6387d35f1ade478906172a19311c7f9/complete.json#/9920,2021-standard-derived upstream new-2; not 2025 exam
zh-hsk2-00637,以下,yǐ xià,[yǐ xià] that level or lower; that amount or less; the following,,general-and-abstract,zh-vocab-adapted,https://raw.githubusercontent.com/drkameleon/complete-hsk-vocabulary/7ac65bf1a6387d35f1ade478906172a19311c7f9/complete.json#/9921,2021-standard-derived upstream new-2; not 2025 exam
zh-hsk2-00638,椅子,yǐ zi,[yǐ zi] chair,,general-and-abstract,zh-vocab-adapted,https://raw.githubusercontent.com/drkameleon/complete-hsk-vocabulary/7ac65bf1a6387d35f1ade478906172a19311c7f9/complete.json#/9927,2021-standard-derived upstream new-2; not 2025 exam
zh-hsk2-00639,亿,yì,[yì] 100 million,,general-and-abstract,zh-vocab-adapted,https://raw.githubusercontent.com/drkameleon/complete-hsk-vocabulary/7ac65bf1a6387d35f1ade478906172a19311c7f9/complete.json#/9930,2021-standard-derived upstream new-2; not 2025 exam
zh-hsk2-00640,意见,yì jiàn,[yì jiàn] idea; opinion; suggestion; objection; complaint,,thought-and-communication,zh-vocab-adapted,https://raw.githubusercontent.com/drkameleon/complete-hsk-vocabulary/7ac65bf1a6387d35f1ade478906172a19311c7f9/complete.json#/9954,2021-standard-derived upstream new-2; not 2025 exam
zh-hsk2-00641,意思,yì si,"[yì si] idea; opinion; meaning; wish; desire; interest; fun; token of appreciation, affection etc; to give as a small token; to do sth as a gesture of goodwill etc",,thought-and-communication,zh-vocab-adapted,https://raw.githubusercontent.com/drkameleon/complete-hsk-vocabulary/7ac65bf1a6387d35f1ade478906172a19311c7f9/complete.json#/9958,2021-standard-derived upstream new-2; not 2025 exam
zh-hsk2-00642,因为,yīn wèi,[yīn wèi] because; owing to; on account of,,general-and-abstract,zh-vocab-adapted,https://raw.githubusercontent.com/drkameleon/complete-hsk-vocabulary/7ac65bf1a6387d35f1ade478906172a19311c7f9/complete.json#/9976,2021-standard-derived upstream new-2; not 2025 exam
zh-hsk2-00643,阴,Yīn / yīn,[Yīn] surname Yin / [yīn] overcast (weather); cloudy; shady; Yin (the negative principle of Yin and Yang); negative (electric.); feminine; moon; implicit; hidden; genitalia,,nature-and-technology,zh-vocab-adapted,https://raw.githubusercontent.com/drkameleon/complete-hsk-vocabulary/7ac65bf1a6387d35f1ade478906172a19311c7f9/complete.json#/9977,2021-standard-derived upstream new-2; not 2025 exam
zh-hsk2-00644,阴天,yīn tiān,[yīn tiān] cloudy day; overcast sky,,time-and-quantity,zh-vocab-adapted,https://raw.githubusercontent.com/drkameleon/complete-hsk-vocabulary/7ac65bf1a6387d35f1ade478906172a19311c7f9/complete.json#/9980,2021-standard-derived upstream new-2; not 2025 exam
zh-hsk2-00645,音节,yīn jié,[yīn jié] syllable,,general-and-abstract,zh-vocab-adapted,https://raw.githubusercontent.com/drkameleon/complete-hsk-vocabulary/7ac65bf1a6387d35f1ade478906172a19311c7f9/complete.json#/9983,2021-standard-derived upstream new-2; not 2025 exam
zh-hsk2-00646,音乐,yīn yuè,[yīn yuè] music,,general-and-abstract,zh-vocab-adapted,https://raw.githubusercontent.com/drkameleon/complete-hsk-vocabulary/7ac65bf1a6387d35f1ade478906172a19311c7f9/complete.json#/9984,2021-standard-derived upstream new-2; not 2025 exam
zh-hsk2-00647,音乐会,yīn yuè huì,[yīn yuè huì] concert,,general-and-abstract,zh-vocab-adapted,https://raw.githubusercontent.com/drkameleon/complete-hsk-vocabulary/7ac65bf1a6387d35f1ade478906172a19311c7f9/complete.json#/9985,2021-standard-derived upstream new-2; not 2025 exam
zh-hsk2-00648,银行,yín háng,[yín háng] bank,,general-and-abstract,zh-vocab-adapted,https://raw.githubusercontent.com/drkameleon/complete-hsk-vocabulary/7ac65bf1a6387d35f1ade478906172a19311c7f9/complete.json#/9993,2021-standard-derived upstream new-2; not 2025 exam
zh-hsk2-00649,银行卡,yín háng kǎ,[yín háng kǎ] bank card; ATM card,,general-and-abstract,zh-vocab-adapted,https://raw.githubusercontent.com/drkameleon/complete-hsk-vocabulary/7ac65bf1a6387d35f1ade478906172a19311c7f9/complete.json#/9994,2021-standard-derived upstream new-2; not 2025 exam
zh-hsk2-00650,应该,yīng gāi,[yīng gāi] ought to; should; must,,general-and-abstract,zh-vocab-adapted,https://raw.githubusercontent.com/drkameleon/complete-hsk-vocabulary/7ac65bf1a6387d35f1ade478906172a19311c7f9/complete.json#/10034,2021-standard-derived upstream new-2; not 2025 exam
zh-hsk2-00651,英文,Yīng wén,[Yīng wén] English (language),,thought-and-communication,zh-vocab-adapted,https://raw.githubusercontent.com/drkameleon/complete-hsk-vocabulary/7ac65bf1a6387d35f1ade478906172a19311c7f9/complete.json#/10043,2021-standard-derived upstream new-2; not 2025 exam
zh-hsk2-00652,英语,Yīng yǔ,[Yīng yǔ] English (language),,thought-and-communication,zh-vocab-adapted,https://raw.githubusercontent.com/drkameleon/complete-hsk-vocabulary/7ac65bf1a6387d35f1ade478906172a19311c7f9/complete.json#/10046,2021-standard-derived upstream new-2; not 2025 exam
zh-hsk2-00653,影片,yǐng piàn,[yǐng piàn] a copy of a film; film; motion picture; movie,,general-and-abstract,zh-vocab-adapted,https://raw.githubusercontent.com/drkameleon/complete-hsk-vocabulary/7ac65bf1a6387d35f1ade478906172a19311c7f9/complete.json#/10065,2021-standard-derived upstream new-2; not 2025 exam
zh-hsk2-00654,影响,yǐng xiǎng,[yǐng xiǎng] influence; effect; to influence; to affect (usually adversely); to disturb,,general-and-abstract,zh-vocab-adapted,https://raw.githubusercontent.com/drkameleon/complete-hsk-vocabulary/7ac65bf1a6387d35f1ade478906172a19311c7f9/complete.json#/10067,2021-standard-derived upstream new-2; not 2025 exam
zh-hsk2-00655,永远,yǒng yuǎn,[yǒng yuǎn] forever; eternal,,general-and-abstract,zh-vocab-adapted,https://raw.githubusercontent.com/drkameleon/complete-hsk-vocabulary/7ac65bf1a6387d35f1ade478906172a19311c7f9/complete.json#/10086,2021-standard-derived upstream new-2; not 2025 exam
zh-hsk2-00656,油,yóu,"[yóu] oil; fat; grease; petroleum; to apply tung oil, paint or varnish; oily; greasy; glib; cunning",,general-and-abstract,zh-vocab-adapted,https://raw.githubusercontent.com/drkameleon/complete-hsk-vocabulary/7ac65bf1a6387d35f1ade478906172a19311c7f9/complete.json#/10149,2021-standard-derived upstream new-2; not 2025 exam
zh-hsk2-00657,游客,yóu kè,[yóu kè] traveler; tourist; (online gaming) guest player,,general-and-abstract,zh-vocab-adapted,https://raw.githubusercontent.com/drkameleon/complete-hsk-vocabulary/7ac65bf1a6387d35f1ade478906172a19311c7f9/complete.json#/10156,2021-standard-derived upstream new-2; not 2025 exam
zh-hsk2-00658,有点儿,yǒu diǎn r,[yǒu diǎn r] slightly; a little; somewhat,,general-and-abstract,zh-vocab-adapted,https://raw.githubusercontent.com/drkameleon/complete-hsk-vocabulary/7ac65bf1a6387d35f1ade478906172a19311c7f9/complete.json#/10171,2021-standard-derived upstream new-2; not 2025 exam
zh-hsk2-00659,有空儿,yǒukòngr5,[yǒukòngr5] available,,general-and-abstract,zh-vocab-adapted,https://raw.githubusercontent.com/drkameleon/complete-hsk-vocabulary/7ac65bf1a6387d35f1ade478906172a19311c7f9/complete.json#/10177,2021-standard-derived upstream new-2; not 2025 exam
zh-hsk2-00660,有人,yǒu rén,[yǒu rén] someone; people; anyone; there is someone there; occupied (as in restroom),,general-and-abstract,zh-vocab-adapted,https://raw.githubusercontent.com/drkameleon/complete-hsk-vocabulary/7ac65bf1a6387d35f1ade478906172a19311c7f9/complete.json#/10186,2021-standard-derived upstream new-2; not 2025 exam
zh-hsk2-00661,有一点儿,yǒu yī diǎn r,[yǒu yī diǎn r] a bit; a little,,general-and-abstract,zh-vocab-adapted,https://raw.githubusercontent.com/drkameleon/complete-hsk-vocabulary/7ac65bf1a6387d35f1ade478906172a19311c7f9/complete.json#/10201,2021-standard-derived upstream new-2; not 2025 exam
zh-hsk2-00662,有意思,yǒu yì si,[yǒu yì si] interesting; meaningful; enjoyable; fun,,general-and-abstract,zh-vocab-adapted,https://raw.githubusercontent.com/drkameleon/complete-hsk-vocabulary/7ac65bf1a6387d35f1ade478906172a19311c7f9/complete.json#/10205,2021-standard-derived upstream new-2; not 2025 exam
zh-hsk2-00663,又,yòu,[yòu] (once) again; also; both... and...; and yet; (used for emphasis) anyway,,general-and-abstract,zh-vocab-adapted,https://raw.githubusercontent.com/drkameleon/complete-hsk-vocabulary/7ac65bf1a6387d35f1ade478906172a19311c7f9/complete.json#/10209,2021-standard-derived upstream new-2; not 2025 exam
zh-hsk2-00664,友好,Yǒu hǎo / yǒu hǎo,"[Yǒu hǎo] Youhao district of Yichun city, Heilongjiang / [yǒu hǎo] friendly; amicable; close friend",,people-and-relationships;travel-and-places,zh-vocab-adapted,https://raw.githubusercontent.com/drkameleon/complete-hsk-vocabulary/7ac65bf1a6387d35f1ade478906172a19311c7f9/complete.json#/10218,2021-standard-derived upstream new-2; not 2025 exam
zh-hsk2-00665,鱼,Yú / yú,[Yú] surname Yu / [yú] fish,,general-and-abstract,zh-vocab-adapted,https://raw.githubusercontent.com/drkameleon/complete-hsk-vocabulary/7ac65bf1a6387d35f1ade478906172a19311c7f9/complete.json#/10228,2021-standard-derived upstream new-2; not 2025 exam
zh-hsk2-00666,语言,yǔ yán,[yǔ yán] language,,thought-and-communication,zh-vocab-adapted,https://raw.githubusercontent.com/drkameleon/complete-hsk-vocabulary/7ac65bf1a6387d35f1ade478906172a19311c7f9/complete.json#/10255,2021-standard-derived upstream new-2; not 2025 exam
zh-hsk2-00667,原来,yuán lái,"[yuán lái] original; former; originally; formerly; at first; so, actually, as it turns out",,general-and-abstract,zh-vocab-adapted,https://raw.githubusercontent.com/drkameleon/complete-hsk-vocabulary/7ac65bf1a6387d35f1ade478906172a19311c7f9/complete.json#/10314,2021-standard-derived upstream new-2; not 2025 exam
zh-hsk2-00668,原因,yuán yīn,[yuán yīn] cause; origin; root cause; reason,,general-and-abstract,zh-vocab-adapted,https://raw.githubusercontent.com/drkameleon/complete-hsk-vocabulary/7ac65bf1a6387d35f1ade478906172a19311c7f9/complete.json#/10321,2021-standard-derived upstream new-2; not 2025 exam
zh-hsk2-00669,院,yuàn,[yuàn] courtyard; institution,,general-and-abstract,zh-vocab-adapted,https://raw.githubusercontent.com/drkameleon/complete-hsk-vocabulary/7ac65bf1a6387d35f1ade478906172a19311c7f9/complete.json#/10349,2021-standard-derived upstream new-2; not 2025 exam
zh-hsk2-00670,院长,yuàn zhǎng,"[yuàn zhǎng] head of an institution such as a college, institute or hospital; chair of a board; president of a university; department head; dean; premier of the Republic of China",,health-and-body,zh-vocab-adapted,https://raw.githubusercontent.com/drkameleon/complete-hsk-vocabulary/7ac65bf1a6387d35f1ade478906172a19311c7f9/complete.json#/10351,2021-standard-derived upstream new-2; not 2025 exam
zh-hsk2-00671,院子,yuàn zi,[yuàn zi] courtyard; garden; yard; patio; (old) servant,,general-and-abstract,zh-vocab-adapted,https://raw.githubusercontent.com/drkameleon/complete-hsk-vocabulary/7ac65bf1a6387d35f1ade478906172a19311c7f9/complete.json#/10352,2021-standard-derived upstream new-2; not 2025 exam
zh-hsk2-00672,愿意,yuàn yì,[yuàn yì] to wish; to want; ready; willing (to do sth),,general-and-abstract,zh-vocab-adapted,https://raw.githubusercontent.com/drkameleon/complete-hsk-vocabulary/7ac65bf1a6387d35f1ade478906172a19311c7f9/complete.json#/10355,2021-standard-derived upstream new-2; not 2025 exam
zh-hsk2-00673,月份,yuè fèn,[yuè fèn] month,,time-and-quantity,zh-vocab-adapted,https://raw.githubusercontent.com/drkameleon/complete-hsk-vocabulary/7ac65bf1a6387d35f1ade478906172a19311c7f9/complete.json#/10366,2021-standard-derived upstream new-2; not 2025 exam
zh-hsk2-00674,月亮,yuè liang,[yuè liang] the moon,,general-and-abstract,zh-vocab-adapted,https://raw.githubusercontent.com/drkameleon/complete-hsk-vocabulary/7ac65bf1a6387d35f1ade478906172a19311c7f9/complete.json#/10367,2021-standard-derived upstream new-2; not 2025 exam
zh-hsk2-00675,越,Yuè / yuè,[Yuè] generic word for peoples or states of south China or south Asia at different historical periods / [yuè] to exceed; to climb over; to surpass; the more... the more,,general-and-abstract,zh-vocab-adapted,https://raw.githubusercontent.com/drkameleon/complete-hsk-vocabulary/7ac65bf1a6387d35f1ade478906172a19311c7f9/complete.json#/10376,2021-standard-derived upstream new-2; not 2025 exam
zh-hsk2-00676,越来越,yuè lái yuè,[yuè lái yuè] more and more,,general-and-abstract,zh-vocab-adapted,https://raw.githubusercontent.com/drkameleon/complete-hsk-vocabulary/7ac65bf1a6387d35f1ade478906172a19311c7f9/complete.json#/10379,2021-standard-derived upstream new-2; not 2025 exam
zh-hsk2-00677,云,yún / Yún,[yún] (classical) to say / [Yún] surname Yun / [yún] cloud,,thought-and-communication,zh-vocab-adapted,https://raw.githubusercontent.com/drkameleon/complete-hsk-vocabulary/7ac65bf1a6387d35f1ade478906172a19311c7f9/complete.json#/10383,2021-standard-derived upstream new-2; not 2025 exam
zh-hsk2-00678,运动,yùn dòng,[yùn dòng] to move; to exercise; sports; exercise; motion; movement; campaign,,general-and-abstract,zh-vocab-adapted,https://raw.githubusercontent.com/drkameleon/complete-hsk-vocabulary/7ac65bf1a6387d35f1ade478906172a19311c7f9/complete.json#/10389,2021-standard-derived upstream new-2; not 2025 exam
zh-hsk2-00679,咱,zán,[zán] I or me; we (including both the speaker and the person spoken to),,general-and-abstract,zh-vocab-adapted,https://raw.githubusercontent.com/drkameleon/complete-hsk-vocabulary/7ac65bf1a6387d35f1ade478906172a19311c7f9/complete.json#/10441,2021-standard-derived upstream new-2; not 2025 exam
zh-hsk2-00680,咱们,zán men,[zán men] we or us (including both the speaker and the person(s) spoken to); (dialect) I or me; (dialect) (in a coaxing or familiar way) you; also pr.,,general-and-abstract,zh-vocab-adapted,https://raw.githubusercontent.com/drkameleon/complete-hsk-vocabulary/7ac65bf1a6387d35f1ade478906172a19311c7f9/complete.json#/10442,2021-standard-derived upstream new-2; not 2025 exam
zh-hsk2-00681,脏,zàng / zāng,[zàng] viscera; (anatomy) organ / [zāng] dirty; filthy; to get (sth) dirty,,general-and-abstract,zh-vocab-adapted,https://raw.githubusercontent.com/drkameleon/complete-hsk-vocabulary/7ac65bf1a6387d35f1ade478906172a19311c7f9/complete.json#/10458,2021-standard-derived upstream new-2; not 2025 exam
zh-hsk2-00682,早餐,zǎo cān,[zǎo cān] breakfast,,general-and-abstract,zh-vocab-adapted,https://raw.githubusercontent.com/drkameleon/complete-hsk-vocabulary/7ac65bf1a6387d35f1ade478906172a19311c7f9/complete.json#/10470,2021-standard-derived upstream new-2; not 2025 exam
zh-hsk2-00683,早晨,zǎo chén,[zǎo chén] early morning; also pr.,,general-and-abstract,zh-vocab-adapted,https://raw.githubusercontent.com/drkameleon/complete-hsk-vocabulary/7ac65bf1a6387d35f1ade478906172a19311c7f9/complete.json#/10471,2021-standard-derived upstream new-2; not 2025 exam
zh-hsk2-00684,早就,zǎo jiù,[zǎo jiù] already at an earlier time,,time-and-quantity,zh-vocab-adapted,https://raw.githubusercontent.com/drkameleon/complete-hsk-vocabulary/7ac65bf1a6387d35f1ade478906172a19311c7f9/complete.json#/10473,2021-standard-derived upstream new-2; not 2025 exam
zh-hsk2-00685,怎么办,zěn me bàn,[zěn me bàn] what's to be done,,general-and-abstract,zh-vocab-adapted,https://raw.githubusercontent.com/drkameleon/complete-hsk-vocabulary/7ac65bf1a6387d35f1ade478906172a19311c7f9/complete.json#/10499,2021-standard-derived upstream new-2; not 2025 exam
zh-hsk2-00686,怎么样,zěn me yàng,[zěn me yàng] how?; how about?; how was it?; how are things?,,general-and-abstract,zh-vocab-adapted,https://raw.githubusercontent.com/drkameleon/complete-hsk-vocabulary/7ac65bf1a6387d35f1ade478906172a19311c7f9/complete.json#/10500,2021-standard-derived upstream new-2; not 2025 exam
zh-hsk2-00687,怎样,zěn yàng,[zěn yàng] how; what kind,,general-and-abstract,zh-vocab-adapted,https://raw.githubusercontent.com/drkameleon/complete-hsk-vocabulary/7ac65bf1a6387d35f1ade478906172a19311c7f9/complete.json#/10501,2021-standard-derived upstream new-2; not 2025 exam
zh-hsk2-00688,占,zhān / zhàn,[zhān] to observe; to divine / [zhàn] to take possession of; to occupy; to take up,,general-and-abstract,zh-vocab-adapted,https://raw.githubusercontent.com/drkameleon/complete-hsk-vocabulary/7ac65bf1a6387d35f1ade478906172a19311c7f9/complete.json#/10551,2021-standard-derived upstream new-2; not 2025 exam
zh-hsk2-00689,站住,zhàn zhù,[zhàn zhù] to stand,,general-and-abstract,zh-vocab-adapted,https://raw.githubusercontent.com/drkameleon/complete-hsk-vocabulary/7ac65bf1a6387d35f1ade478906172a19311c7f9/complete.json#/10570,2021-standard-derived upstream new-2; not 2025 exam
zh-hsk2-00690,长,cháng / zhǎng,[cháng] length; long; forever; always; constantly / [zhǎng] chief; head; elder; to grow; to develop; to increase; to enhance,,health-and-body,zh-vocab-adapted,https://raw.githubusercontent.com/drkameleon/complete-hsk-vocabulary/7ac65bf1a6387d35f1ade478906172a19311c7f9/complete.json#/10579,2021-standard-derived upstream new-2; not 2025 exam
zh-hsk2-00691,长大,zhǎng dà,[zhǎng dà] to grow up,,general-and-abstract,zh-vocab-adapted,https://raw.githubusercontent.com/drkameleon/complete-hsk-vocabulary/7ac65bf1a6387d35f1ade478906172a19311c7f9/complete.json#/10584,2021-standard-derived upstream new-2; not 2025 exam
zh-hsk2-00692,找出,zhǎo chū,[zhǎo chū] to find; to search out,,general-and-abstract,zh-vocab-adapted,https://raw.githubusercontent.com/drkameleon/complete-hsk-vocabulary/7ac65bf1a6387d35f1ade478906172a19311c7f9/complete.json#/10630,2021-standard-derived upstream new-2; not 2025 exam
zh-hsk2-00693,照顾,zhào gu,[zhào gu] to take care of; to show consideration; to attend to; to look after,,general-and-abstract,zh-vocab-adapted,https://raw.githubusercontent.com/drkameleon/complete-hsk-vocabulary/7ac65bf1a6387d35f1ade478906172a19311c7f9/complete.json#/10639,2021-standard-derived upstream new-2; not 2025 exam
zh-hsk2-00694,照片,zhào piàn,[zhào piàn] photograph; picture,,general-and-abstract,zh-vocab-adapted,https://raw.githubusercontent.com/drkameleon/complete-hsk-vocabulary/7ac65bf1a6387d35f1ade478906172a19311c7f9/complete.json#/10643,2021-standard-derived upstream new-2; not 2025 exam
zh-hsk2-00695,照相,zhào xiàng,[zhào xiàng] to take a photograph,,general-and-abstract,zh-vocab-adapted,https://raw.githubusercontent.com/drkameleon/complete-hsk-vocabulary/7ac65bf1a6387d35f1ade478906172a19311c7f9/complete.json#/10644,2021-standard-derived upstream new-2; not 2025 exam
zh-hsk2-00696,这么,zhè me,[zhè me] so much; this much; how much?; this way; like this,,general-and-abstract,zh-vocab-adapted,https://raw.githubusercontent.com/drkameleon/complete-hsk-vocabulary/7ac65bf1a6387d35f1ade478906172a19311c7f9/complete.json#/10669,2021-standard-derived upstream new-2; not 2025 exam
zh-hsk2-00697,这时,zhè shí,[zhè shí] at this time; at this moment,,time-and-quantity,zh-vocab-adapted,https://raw.githubusercontent.com/drkameleon/complete-hsk-vocabulary/7ac65bf1a6387d35f1ade478906172a19311c7f9/complete.json#/10670,2021-standard-derived upstream new-2; not 2025 exam
zh-hsk2-00698,这时候,zhè shíhòu,[zhè shíhòu] At this moment,,general-and-abstract,zh-vocab-adapted,https://raw.githubusercontent.com/drkameleon/complete-hsk-vocabulary/7ac65bf1a6387d35f1ade478906172a19311c7f9/complete.json#/10671,2021-standard-derived upstream new-2; not 2025 exam
zh-hsk2-00699,这样,zhè yàng,[zhè yàng] this kind of; so; this way; like this; such,,general-and-abstract,zh-vocab-adapted,https://raw.githubusercontent.com/drkameleon/complete-hsk-vocabulary/7ac65bf1a6387d35f1ade478906172a19311c7f9/complete.json#/10673,2021-standard-derived upstream new-2; not 2025 exam
zh-hsk2-00700,真正,zhēn zhèng,[zhēn zhèng] genuine; real; true; really; indeed,,general-and-abstract,zh-vocab-adapted,https://raw.githubusercontent.com/drkameleon/complete-hsk-vocabulary/7ac65bf1a6387d35f1ade478906172a19311c7f9/complete.json#/10714,2021-standard-derived upstream new-2; not 2025 exam
zh-hsk2-00701,正常,zhèng cháng,[zhèng cháng] regular; normal; ordinary,,general-and-abstract,zh-vocab-adapted,https://raw.githubusercontent.com/drkameleon/complete-hsk-vocabulary/7ac65bf1a6387d35f1ade478906172a19311c7f9/complete.json#/10774,2021-standard-derived upstream new-2; not 2025 exam
zh-hsk2-00702,正好,zhèng hǎo,[zhèng hǎo] just (in time); just right; just enough; to happen to; to chance to; by chance; it just so happens that,,time-and-quantity,zh-vocab-adapted,https://raw.githubusercontent.com/drkameleon/complete-hsk-vocabulary/7ac65bf1a6387d35f1ade478906172a19311c7f9/complete.json#/10778,2021-standard-derived upstream new-2; not 2025 exam
zh-hsk2-00703,正确,zhèng què,[zhèng què] correct; sound; right; proper,,general-and-abstract,zh-vocab-adapted,https://raw.githubusercontent.com/drkameleon/complete-hsk-vocabulary/7ac65bf1a6387d35f1ade478906172a19311c7f9/complete.json#/10783,2021-standard-derived upstream new-2; not 2025 exam
zh-hsk2-00704,正是,zhèng shì,[zhèng shì] is precisely,,general-and-abstract,zh-vocab-adapted,https://raw.githubusercontent.com/drkameleon/complete-hsk-vocabulary/7ac65bf1a6387d35f1ade478906172a19311c7f9/complete.json#/10787,2021-standard-derived upstream new-2; not 2025 exam
zh-hsk2-00705,直接,zhí jiē,[zhí jiē] direct; immediate; straightforward,,general-and-abstract,zh-vocab-adapted,https://raw.githubusercontent.com/drkameleon/complete-hsk-vocabulary/7ac65bf1a6387d35f1ade478906172a19311c7f9/complete.json#/10856,2021-standard-derived upstream new-2; not 2025 exam
zh-hsk2-00706,只,zhǐ / zhī,"[zhǐ] only; merely; just; but / [zhī] grain that has begun to ripen / [zhī] classifier for birds and certain animals, one of a pair, some utensils, vessels etc",,general-and-abstract,zh-vocab-adapted,https://raw.githubusercontent.com/drkameleon/complete-hsk-vocabulary/7ac65bf1a6387d35f1ade478906172a19311c7f9/complete.json#/10882,2021-standard-derived upstream new-2; not 2025 exam
zh-hsk2-00707,只能,zhǐ néng,[zhǐ néng] can only; obliged to do sth; to have no other choice,,general-and-abstract,zh-vocab-adapted,https://raw.githubusercontent.com/drkameleon/complete-hsk-vocabulary/7ac65bf1a6387d35f1ade478906172a19311c7f9/complete.json#/10889,2021-standard-derived upstream new-2; not 2025 exam
zh-hsk2-00708,只要,zhǐ yào,[zhǐ yào] if only; so long as,,general-and-abstract,zh-vocab-adapted,https://raw.githubusercontent.com/drkameleon/complete-hsk-vocabulary/7ac65bf1a6387d35f1ade478906172a19311c7f9/complete.json#/10891,2021-standard-derived upstream new-2; not 2025 exam
zh-hsk2-00709,纸,zhǐ,"[zhǐ] paper; classifier for documents, letter etc",,general-and-abstract,zh-vocab-adapted,https://raw.githubusercontent.com/drkameleon/complete-hsk-vocabulary/7ac65bf1a6387d35f1ade478906172a19311c7f9/complete.json#/10894,2021-standard-derived upstream new-2; not 2025 exam
zh-hsk2-00710,中餐,zhōng cān,[zhōng cān] lunch; Chinese meal; Chinese food,,food-and-shopping,zh-vocab-adapted,https://raw.githubusercontent.com/drkameleon/complete-hsk-vocabulary/7ac65bf1a6387d35f1ade478906172a19311c7f9/complete.json#/10967,2021-standard-derived upstream new-2; not 2025 exam
zh-hsk2-00711,中级,zhōng jí,[zhōng jí] middle level (in a hierarchy),,general-and-abstract,zh-vocab-adapted,https://raw.githubusercontent.com/drkameleon/complete-hsk-vocabulary/7ac65bf1a6387d35f1ade478906172a19311c7f9/complete.json#/10975,2021-standard-derived upstream new-2; not 2025 exam
zh-hsk2-00712,中年,zhōng nián,[zhōng nián] middle age,,general-and-abstract,zh-vocab-adapted,https://raw.githubusercontent.com/drkameleon/complete-hsk-vocabulary/7ac65bf1a6387d35f1ade478906172a19311c7f9/complete.json#/10980,2021-standard-derived upstream new-2; not 2025 exam
zh-hsk2-00713,中小学,zhōng xiǎo xué,[zhōng xiǎo xué] middle and elementary school,,study-and-work,zh-vocab-adapted,https://raw.githubusercontent.com/drkameleon/complete-hsk-vocabulary/7ac65bf1a6387d35f1ade478906172a19311c7f9/complete.json#/10987,2021-standard-derived upstream new-2; not 2025 exam
zh-hsk2-00714,中心,zhōng xīn,[zhōng xīn] center; heart; core,,general-and-abstract,zh-vocab-adapted,https://raw.githubusercontent.com/drkameleon/complete-hsk-vocabulary/7ac65bf1a6387d35f1ade478906172a19311c7f9/complete.json#/10988,2021-standard-derived upstream new-2; not 2025 exam
zh-hsk2-00715,中医,Zhōng yī,[Zhōng yī] traditional Chinese medical science; a doctor trained in Chinese medicine,,health-and-body;nature-and-technology,zh-vocab-adapted,https://raw.githubusercontent.com/drkameleon/complete-hsk-vocabulary/7ac65bf1a6387d35f1ade478906172a19311c7f9/complete.json#/10996,2021-standard-derived upstream new-2; not 2025 exam
zh-hsk2-00716,重点,chóng diǎn / zhòng diǎn,[chóng diǎn] to recount (e.g. results of election); to re-evaluate / [zhòng diǎn] important point; main point; focus; key (project etc); to focus on; to put the emphasis on,,general-and-abstract,zh-vocab-adapted,https://raw.githubusercontent.com/drkameleon/complete-hsk-vocabulary/7ac65bf1a6387d35f1ade478906172a19311c7f9/complete.json#/11032,2021-standard-derived upstream new-2; not 2025 exam
zh-hsk2-00717,重复,chóng fù,[chóng fù] to repeat; to duplicate,,general-and-abstract,zh-vocab-adapted,https://raw.githubusercontent.com/drkameleon/complete-hsk-vocabulary/7ac65bf1a6387d35f1ade478906172a19311c7f9/complete.json#/11035,2021-standard-derived upstream new-2; not 2025 exam
zh-hsk2-00718,重视,zhòng shì,[zhòng shì] to attach importance to sth; to value,,general-and-abstract,zh-vocab-adapted,https://raw.githubusercontent.com/drkameleon/complete-hsk-vocabulary/7ac65bf1a6387d35f1ade478906172a19311c7f9/complete.json#/11043,2021-standard-derived upstream new-2; not 2025 exam
zh-hsk2-00719,重新,chóng xīn,[chóng xīn] again; once more; re-,,general-and-abstract,zh-vocab-adapted,https://raw.githubusercontent.com/drkameleon/complete-hsk-vocabulary/7ac65bf1a6387d35f1ade478906172a19311c7f9/complete.json#/11046,2021-standard-derived upstream new-2; not 2025 exam
zh-hsk2-00720,周,Zhōu / zhōu,[Zhōu] surname Zhou; Zhou Dynasty (1046-256 BC) / [zhōu] to make a circuit; to circle; circle; circumference; lap; cycle; complete; all; all over; thorough; to help financially / [zhōu] week; weekly,,time-and-quantity,zh-vocab-adapted,https://raw.githubusercontent.com/drkameleon/complete-hsk-vocabulary/7ac65bf1a6387d35f1ade478906172a19311c7f9/complete.json#/11054,2021-standard-derived upstream new-2; not 2025 exam
zh-hsk2-00721,周末,zhōu mò,[zhōu mò] weekend,,general-and-abstract,zh-vocab-adapted,https://raw.githubusercontent.com/drkameleon/complete-hsk-vocabulary/7ac65bf1a6387d35f1ade478906172a19311c7f9/complete.json#/11058,2021-standard-derived upstream new-2; not 2025 exam
zh-hsk2-00722,周年,zhōu nián,[zhōu nián] anniversary; annual,,general-and-abstract,zh-vocab-adapted,https://raw.githubusercontent.com/drkameleon/complete-hsk-vocabulary/7ac65bf1a6387d35f1ade478906172a19311c7f9/complete.json#/11059,2021-standard-derived upstream new-2; not 2025 exam
zh-hsk2-00723,主人,zhǔ rén,[zhǔ rén] master; host; owner,,general-and-abstract,zh-vocab-adapted,https://raw.githubusercontent.com/drkameleon/complete-hsk-vocabulary/7ac65bf1a6387d35f1ade478906172a19311c7f9/complete.json#/11096,2021-standard-derived upstream new-2; not 2025 exam
zh-hsk2-00724,主要,zhǔ yào,[zhǔ yào] main; principal; major; primary,,general-and-abstract,zh-vocab-adapted,https://raw.githubusercontent.com/drkameleon/complete-hsk-vocabulary/7ac65bf1a6387d35f1ade478906172a19311c7f9/complete.json#/11105,2021-standard-derived upstream new-2; not 2025 exam
zh-hsk2-00725,住房,zhù fáng,[zhù fáng] housing,,general-and-abstract,zh-vocab-adapted,https://raw.githubusercontent.com/drkameleon/complete-hsk-vocabulary/7ac65bf1a6387d35f1ade478906172a19311c7f9/complete.json#/11117,2021-standard-derived upstream new-2; not 2025 exam
zh-hsk2-00726,住院,zhù yuàn,[zhù yuàn] to be in hospital; to be hospitalized,,health-and-body,zh-vocab-adapted,https://raw.githubusercontent.com/drkameleon/complete-hsk-vocabulary/7ac65bf1a6387d35f1ade478906172a19311c7f9/complete.json#/11120,2021-standard-derived upstream new-2; not 2025 exam
zh-hsk2-00727,装,zhuāng,[zhuāng] adornment; to adorn; dress; clothing; costume (of an actor in a play); to play a role; to pretend; to install; to fix; to wrap (sth in a bag); to load; to pack,,general-and-abstract,zh-vocab-adapted,https://raw.githubusercontent.com/drkameleon/complete-hsk-vocabulary/7ac65bf1a6387d35f1ade478906172a19311c7f9/complete.json#/11200,2021-standard-derived upstream new-2; not 2025 exam
zh-hsk2-00728,准确,zhǔn què,[zhǔn què] accurate; exact; precise,,general-and-abstract,zh-vocab-adapted,https://raw.githubusercontent.com/drkameleon/complete-hsk-vocabulary/7ac65bf1a6387d35f1ade478906172a19311c7f9/complete.json#/11234,2021-standard-derived upstream new-2; not 2025 exam
zh-hsk2-00729,字典,zì diǎn,[zì diǎn] Chinese character dictionary; (coll.) dictionary,,general-and-abstract,zh-vocab-adapted,https://raw.githubusercontent.com/drkameleon/complete-hsk-vocabulary/7ac65bf1a6387d35f1ade478906172a19311c7f9/complete.json#/11266,2021-standard-derived upstream new-2; not 2025 exam
zh-hsk2-00730,自己,zì jǐ,[zì jǐ] oneself; one's own,,general-and-abstract,zh-vocab-adapted,https://raw.githubusercontent.com/drkameleon/complete-hsk-vocabulary/7ac65bf1a6387d35f1ade478906172a19311c7f9/complete.json#/11281,2021-standard-derived upstream new-2; not 2025 exam
zh-hsk2-00731,自行车,zì xíng chē,[zì xíng chē] bicycle; bike,,general-and-abstract,zh-vocab-adapted,https://raw.githubusercontent.com/drkameleon/complete-hsk-vocabulary/7ac65bf1a6387d35f1ade478906172a19311c7f9/complete.json#/11304,2021-standard-derived upstream new-2; not 2025 exam
zh-hsk2-00732,自由,zì yóu,[zì yóu] freedom; liberty; free; unrestricted,,general-and-abstract,zh-vocab-adapted,https://raw.githubusercontent.com/drkameleon/complete-hsk-vocabulary/7ac65bf1a6387d35f1ade478906172a19311c7f9/complete.json#/11308,2021-standard-derived upstream new-2; not 2025 exam
zh-hsk2-00733,走过,zǒu guò,[zǒu guò] to walk past; to pass by,,general-and-abstract,zh-vocab-adapted,https://raw.githubusercontent.com/drkameleon/complete-hsk-vocabulary/7ac65bf1a6387d35f1ade478906172a19311c7f9/complete.json#/11357,2021-standard-derived upstream new-2; not 2025 exam
zh-hsk2-00734,走进,zǒu jìn,[zǒu jìn] to enter,,general-and-abstract,zh-vocab-adapted,https://raw.githubusercontent.com/drkameleon/complete-hsk-vocabulary/7ac65bf1a6387d35f1ade478906172a19311c7f9/complete.json#/11361,2021-standard-derived upstream new-2; not 2025 exam
zh-hsk2-00735,走开,zǒu kāi,[zǒu kāi] to leave; to walk away; to beat it; to move aside,,general-and-abstract,zh-vocab-adapted,https://raw.githubusercontent.com/drkameleon/complete-hsk-vocabulary/7ac65bf1a6387d35f1ade478906172a19311c7f9/complete.json#/11362,2021-standard-derived upstream new-2; not 2025 exam
zh-hsk2-00736,租,zū,[zū] to hire; to rent; to charter; to rent out; to lease out; rent; land tax,,general-and-abstract,zh-vocab-adapted,https://raw.githubusercontent.com/drkameleon/complete-hsk-vocabulary/7ac65bf1a6387d35f1ade478906172a19311c7f9/complete.json#/11372,2021-standard-derived upstream new-2; not 2025 exam
zh-hsk2-00737,组,Zǔ / zǔ,"[Zǔ] surname Zu / [zǔ] to form; to organize; group; team; classifier for sets, series, groups of people, batteries",,general-and-abstract,zh-vocab-adapted,https://raw.githubusercontent.com/drkameleon/complete-hsk-vocabulary/7ac65bf1a6387d35f1ade478906172a19311c7f9/complete.json#/11388,2021-standard-derived upstream new-2; not 2025 exam
zh-hsk2-00738,组成,zǔ chéng,[zǔ chéng] to form; to make up; to constitute,,general-and-abstract,zh-vocab-adapted,https://raw.githubusercontent.com/drkameleon/complete-hsk-vocabulary/7ac65bf1a6387d35f1ade478906172a19311c7f9/complete.json#/11389,2021-standard-derived upstream new-2; not 2025 exam
zh-hsk2-00739,组长,zǔ zhǎng,[zǔ zhǎng] group leader,,general-and-abstract,zh-vocab-adapted,https://raw.githubusercontent.com/drkameleon/complete-hsk-vocabulary/7ac65bf1a6387d35f1ade478906172a19311c7f9/complete.json#/11392,2021-standard-derived upstream new-2; not 2025 exam
zh-hsk2-00740,嘴,zuǐ,[zuǐ] mouth; beak; nozzle; spout (of teapot etc),,general-and-abstract,zh-vocab-adapted,https://raw.githubusercontent.com/drkameleon/complete-hsk-vocabulary/7ac65bf1a6387d35f1ade478906172a19311c7f9/complete.json#/11406,2021-standard-derived upstream new-2; not 2025 exam
zh-hsk2-00741,最近,zuì jìn,[zuì jìn] recently; soon; nearest,,general-and-abstract,zh-vocab-adapted,https://raw.githubusercontent.com/drkameleon/complete-hsk-vocabulary/7ac65bf1a6387d35f1ade478906172a19311c7f9/complete.json#/11414,2021-standard-derived upstream new-2; not 2025 exam
zh-hsk2-00742,作家,zuò jiā,[zuò jiā] author,,general-and-abstract,zh-vocab-adapted,https://raw.githubusercontent.com/drkameleon/complete-hsk-vocabulary/7ac65bf1a6387d35f1ade478906172a19311c7f9/complete.json#/11441,2021-standard-derived upstream new-2; not 2025 exam
zh-hsk2-00743,作文,zuò wén,[zuò wén] to write an essay; composition (student essay),,study-and-work,zh-vocab-adapted,https://raw.githubusercontent.com/drkameleon/complete-hsk-vocabulary/7ac65bf1a6387d35f1ade478906172a19311c7f9/complete.json#/11445,2021-standard-derived upstream new-2; not 2025 exam
zh-hsk2-00744,作业,zuò yè,[zuò yè] school assignment; homework; work; task; operation; to operate,,study-and-work,zh-vocab-adapted,https://raw.githubusercontent.com/drkameleon/complete-hsk-vocabulary/7ac65bf1a6387d35f1ade478906172a19311c7f9/complete.json#/11448,2021-standard-derived upstream new-2; not 2025 exam
zh-hsk2-00745,作用,zuò yòng,"[zuò yòng] to act on; to affect; action; function; activity; impact; result; effect; purpose; intent; suffix forming nouns of processes or effects, roughly corresponding to -ation or -tion",,general-and-abstract,zh-vocab-adapted,https://raw.githubusercontent.com/drkameleon/complete-hsk-vocabulary/7ac65bf1a6387d35f1ade478906172a19311c7f9/complete.json#/11449,2021-standard-derived upstream new-2; not 2025 exam
zh-hsk2-00746,座,zuò,"[zuò] seat; base; stand; (archaic) suffix used in a respectful form of address; classifier for buildings, mountains and similar immovable objects",,general-and-abstract,zh-vocab-adapted,https://raw.githubusercontent.com/drkameleon/complete-hsk-vocabulary/7ac65bf1a6387d35f1ade478906172a19311c7f9/complete.json#/11455,2021-standard-derived upstream new-2; not 2025 exam
zh-hsk2-00747,座位,zuò wèi,[zuò wèi] seat,,general-and-abstract,zh-vocab-adapted,https://raw.githubusercontent.com/drkameleon/complete-hsk-vocabulary/7ac65bf1a6387d35f1ade478906172a19311c7f9/complete.json#/11458,2021-standard-derived upstream new-2; not 2025 exam
zh-hsk2-00748,做到,zuò dào,[zuò dào] to accomplish; to achieve,,general-and-abstract,zh-vocab-adapted,https://raw.githubusercontent.com/drkameleon/complete-hsk-vocabulary/7ac65bf1a6387d35f1ade478906172a19311c7f9/complete.json#/11461,2021-standard-derived upstream new-2; not 2025 exam
zh-hsk2-00749,做法,zuò fǎ,[zuò fǎ] way of handling sth; method for making; work method; recipe; practice,,study-and-work,zh-vocab-adapted,https://raw.githubusercontent.com/drkameleon/complete-hsk-vocabulary/7ac65bf1a6387d35f1ade478906172a19311c7f9/complete.json#/11463,2021-standard-derived upstream new-2; not 2025 exam
zh-hsk2-00750,做饭,zuò fàn,[zuò fàn] to prepare a meal; to cook,,general-and-abstract,zh-vocab-adapted,https://raw.githubusercontent.com/drkameleon/complete-hsk-vocabulary/7ac65bf1a6387d35f1ade478906172a19311c7f9/complete.json#/11464,2021-standard-derived upstream new-2; not 2025 exam
