id,target,reading,english,part_of_speech,topic,source_id,source_entry,level_basis
zh-hsk6-00001,挨,āi / ái,[āi] in order; in sequence; close to; adjacent to / [ái] to suffer; to endure; to pull through (hard times); to delay; to stall; to play for time; to dawdle,,time-and-quantity,zh-vocab-adapted,https://raw.githubusercontent.com/drkameleon/complete-hsk-vocabulary/7ac65bf1a6387d35f1ade478906172a19311c7f9/complete.json#/10,2021-standard-derived upstream new-6; not 2025 exam
zh-hsk6-00002,挨打,ái dǎ,[ái dǎ] to take a beating; to get thrashed; to come under attack,,general-and-abstract,zh-vocab-adapted,https://raw.githubusercontent.com/drkameleon/complete-hsk-vocabulary/7ac65bf1a6387d35f1ade478906172a19311c7f9/complete.json#/11,2021-standard-derived upstream new-6; not 2025 exam
zh-hsk6-00003,挨着,āi zhe,[āi zhe] near,,general-and-abstract,zh-vocab-adapted,https://raw.githubusercontent.com/drkameleon/complete-hsk-vocabulary/7ac65bf1a6387d35f1ade478906172a19311c7f9/complete.json#/13,2021-standard-derived upstream new-6; not 2025 exam
zh-hsk6-00004,安检,ān jiǎn,[ān jiǎn] security check; to do a security check,,general-and-abstract,zh-vocab-adapted,https://raw.githubusercontent.com/drkameleon/complete-hsk-vocabulary/7ac65bf1a6387d35f1ade478906172a19311c7f9/complete.json#/36,2021-standard-derived upstream new-6; not 2025 exam
zh-hsk6-00005,罢工,bà gōng,[bà gōng] a strike; to go on strike,,general-and-abstract,zh-vocab-adapted,https://raw.githubusercontent.com/drkameleon/complete-hsk-vocabulary/7ac65bf1a6387d35f1ade478906172a19311c7f9/complete.json#/98,2021-standard-derived upstream new-6; not 2025 exam
zh-hsk6-00006,罢了,bà le / bà liǎo,"[bà le] a modal particle indicating (that's all, only, nothing much) / [bà liǎo] a modal particle indicating (don't mind it, ok)",,general-and-abstract,zh-vocab-adapted,https://raw.githubusercontent.com/drkameleon/complete-hsk-vocabulary/7ac65bf1a6387d35f1ade478906172a19311c7f9/complete.json#/99,2021-standard-derived upstream new-6; not 2025 exam
zh-hsk6-00007,白领,bái lǐng,[bái lǐng] white-collar; white-collar worker,,general-and-abstract,zh-vocab-adapted,https://raw.githubusercontent.com/drkameleon/complete-hsk-vocabulary/7ac65bf1a6387d35f1ade478906172a19311c7f9/complete.json#/107,2021-standard-derived upstream new-6; not 2025 exam
zh-hsk6-00008,百分点,bǎi fēn diǎn,[bǎi fēn diǎn] percentage point,,general-and-abstract,zh-vocab-adapted,https://raw.githubusercontent.com/drkameleon/complete-hsk-vocabulary/7ac65bf1a6387d35f1ade478906172a19311c7f9/complete.json#/112,2021-standard-derived upstream new-6; not 2025 exam
zh-hsk6-00009,办公,bàn gōng,[bàn gōng] to handle official business; to work (esp. in an office),,study-and-work,zh-vocab-adapted,https://raw.githubusercontent.com/drkameleon/complete-hsk-vocabulary/7ac65bf1a6387d35f1ade478906172a19311c7f9/complete.json#/150,2021-standard-derived upstream new-6; not 2025 exam
zh-hsk6-00010,办事处,bàn shì chù,[bàn shì chù] office; agency,,study-and-work,zh-vocab-adapted,https://raw.githubusercontent.com/drkameleon/complete-hsk-vocabulary/7ac65bf1a6387d35f1ade478906172a19311c7f9/complete.json#/154,2021-standard-derived upstream new-6; not 2025 exam
zh-hsk6-00011,办学,bàn xué,[bàn xué] to run a school,,study-and-work,zh-vocab-adapted,https://raw.githubusercontent.com/drkameleon/complete-hsk-vocabulary/7ac65bf1a6387d35f1ade478906172a19311c7f9/complete.json#/155,2021-standard-derived upstream new-6; not 2025 exam
zh-hsk6-00012,半决赛,bàn jué sài,[bàn jué sài] semifinals,,general-and-abstract,zh-vocab-adapted,https://raw.githubusercontent.com/drkameleon/complete-hsk-vocabulary/7ac65bf1a6387d35f1ade478906172a19311c7f9/complete.json#/160,2021-standard-derived upstream new-6; not 2025 exam
zh-hsk6-00013,傍晚,bàng wǎn,[bàng wǎn] in the evening; when night falls; towards evening; at night fall; at dusk,,general-and-abstract,zh-vocab-adapted,https://raw.githubusercontent.com/drkameleon/complete-hsk-vocabulary/7ac65bf1a6387d35f1ade478906172a19311c7f9/complete.json#/183,2021-standard-derived upstream new-6; not 2025 exam
zh-hsk6-00014,保健,bǎo jiàn,[bǎo jiàn] health protection; health care; to maintain in good health,,health-and-body,zh-vocab-adapted,https://raw.githubusercontent.com/drkameleon/complete-hsk-vocabulary/7ac65bf1a6387d35f1ade478906172a19311c7f9/complete.json#/218,2021-standard-derived upstream new-6; not 2025 exam
zh-hsk6-00015,报刊,bào kān,[bào kān] newspapers and periodicals; the press,,general-and-abstract,zh-vocab-adapted,https://raw.githubusercontent.com/drkameleon/complete-hsk-vocabulary/7ac65bf1a6387d35f1ade478906172a19311c7f9/complete.json#/245,2021-standard-derived upstream new-6; not 2025 exam
zh-hsk6-00016,报考,bào kǎo,[bào kǎo] to enter oneself for an examination,,study-and-work,zh-vocab-adapted,https://raw.githubusercontent.com/drkameleon/complete-hsk-vocabulary/7ac65bf1a6387d35f1ade478906172a19311c7f9/complete.json#/246,2021-standard-derived upstream new-6; not 2025 exam
zh-hsk6-00017,抱歉,bào qiàn,[bào qiàn] to be sorry; to feel apologetic; sorry!,,thought-and-communication,zh-vocab-adapted,https://raw.githubusercontent.com/drkameleon/complete-hsk-vocabulary/7ac65bf1a6387d35f1ade478906172a19311c7f9/complete.json#/254,2021-standard-derived upstream new-6; not 2025 exam
zh-hsk6-00018,暴风雨,bào fēng yǔ,[bào fēng yǔ] rainstorm; storm; tempest,,general-and-abstract,zh-vocab-adapted,https://raw.githubusercontent.com/drkameleon/complete-hsk-vocabulary/7ac65bf1a6387d35f1ade478906172a19311c7f9/complete.json#/257,2021-standard-derived upstream new-6; not 2025 exam
zh-hsk6-00019,暴力,bào lì,[bào lì] violence; force; violent,,general-and-abstract,zh-vocab-adapted,https://raw.githubusercontent.com/drkameleon/complete-hsk-vocabulary/7ac65bf1a6387d35f1ade478906172a19311c7f9/complete.json#/259,2021-standard-derived upstream new-6; not 2025 exam
zh-hsk6-00020,暴露,bào lù,[bào lù] to expose; to reveal; to lay bare; also pr.,,general-and-abstract,zh-vocab-adapted,https://raw.githubusercontent.com/drkameleon/complete-hsk-vocabulary/7ac65bf1a6387d35f1ade478906172a19311c7f9/complete.json#/261,2021-standard-derived upstream new-6; not 2025 exam
zh-hsk6-00021,暴雨,bào yǔ,[bào yǔ] torrential rain; rainstorm,,nature-and-technology,zh-vocab-adapted,https://raw.githubusercontent.com/drkameleon/complete-hsk-vocabulary/7ac65bf1a6387d35f1ade478906172a19311c7f9/complete.json#/262,2021-standard-derived upstream new-6; not 2025 exam
zh-hsk6-00022,爆,bào,[bào] to explode or burst; to quick fry or quick boil,,general-and-abstract,zh-vocab-adapted,https://raw.githubusercontent.com/drkameleon/complete-hsk-vocabulary/7ac65bf1a6387d35f1ade478906172a19311c7f9/complete.json#/264,2021-standard-derived upstream new-6; not 2025 exam
zh-hsk6-00023,爆发,bào fā,[bào fā] to break out; to erupt; to explode; to burst out,,general-and-abstract,zh-vocab-adapted,https://raw.githubusercontent.com/drkameleon/complete-hsk-vocabulary/7ac65bf1a6387d35f1ade478906172a19311c7f9/complete.json#/265,2021-standard-derived upstream new-6; not 2025 exam
zh-hsk6-00024,爆炸,bào zhà,[bào zhà] explosion; to explode; to blow up; to detonate,,general-and-abstract,zh-vocab-adapted,https://raw.githubusercontent.com/drkameleon/complete-hsk-vocabulary/7ac65bf1a6387d35f1ade478906172a19311c7f9/complete.json#/268,2021-standard-derived upstream new-6; not 2025 exam
zh-hsk6-00025,悲惨,bēi cǎn,[bēi cǎn] miserable; tragic,,general-and-abstract,zh-vocab-adapted,https://raw.githubusercontent.com/drkameleon/complete-hsk-vocabulary/7ac65bf1a6387d35f1ade478906172a19311c7f9/complete.json#/274,2021-standard-derived upstream new-6; not 2025 exam
zh-hsk6-00026,背心,bèi xīn,"[bèi xīn] sleeveless garment (vest, waistcoat, singlet, tank top etc)",,general-and-abstract,zh-vocab-adapted,https://raw.githubusercontent.com/drkameleon/complete-hsk-vocabulary/7ac65bf1a6387d35f1ade478906172a19311c7f9/complete.json#/300,2021-standard-derived upstream new-6; not 2025 exam
zh-hsk6-00027,背着,bēi zhe / bèi zhe,[bēi zhe] carrying on one's back / [bèi zhe] turning one's back to (sth or sb); keeping sth secret from (sb); keeping (one's hands) behind one's back,,general-and-abstract,zh-vocab-adapted,https://raw.githubusercontent.com/drkameleon/complete-hsk-vocabulary/7ac65bf1a6387d35f1ade478906172a19311c7f9/complete.json#/301,2021-standard-derived upstream new-6; not 2025 exam
zh-hsk6-00028,被告,bèi gào,[bèi gào] defendant,,general-and-abstract,zh-vocab-adapted,https://raw.githubusercontent.com/drkameleon/complete-hsk-vocabulary/7ac65bf1a6387d35f1ade478906172a19311c7f9/complete.json#/306,2021-standard-derived upstream new-6; not 2025 exam
zh-hsk6-00029,奔跑,bēn pǎo,[bēn pǎo] to run,,general-and-abstract,zh-vocab-adapted,https://raw.githubusercontent.com/drkameleon/complete-hsk-vocabulary/7ac65bf1a6387d35f1ade478906172a19311c7f9/complete.json#/314,2021-standard-derived upstream new-6; not 2025 exam
zh-hsk6-00030,本地,běn dì,[běn dì] local; this locality,,general-and-abstract,zh-vocab-adapted,https://raw.githubusercontent.com/drkameleon/complete-hsk-vocabulary/7ac65bf1a6387d35f1ade478906172a19311c7f9/complete.json#/316,2021-standard-derived upstream new-6; not 2025 exam
zh-hsk6-00031,本期,běn qī,[běn qī] the current period; this term (usually in finance),,general-and-abstract,zh-vocab-adapted,https://raw.githubusercontent.com/drkameleon/complete-hsk-vocabulary/7ac65bf1a6387d35f1ade478906172a19311c7f9/complete.json#/322,2021-standard-derived upstream new-6; not 2025 exam
zh-hsk6-00032,本身,běn shēn,[běn shēn] itself; in itself; per se,,general-and-abstract,zh-vocab-adapted,https://raw.githubusercontent.com/drkameleon/complete-hsk-vocabulary/7ac65bf1a6387d35f1ade478906172a19311c7f9/complete.json#/326,2021-standard-derived upstream new-6; not 2025 exam
zh-hsk6-00033,本土,běn tǔ,[běn tǔ] one's native country; native; local; metropolitan territory,,travel-and-places,zh-vocab-adapted,https://raw.githubusercontent.com/drkameleon/complete-hsk-vocabulary/7ac65bf1a6387d35f1ade478906172a19311c7f9/complete.json#/328,2021-standard-derived upstream new-6; not 2025 exam
zh-hsk6-00034,本质,běn zhì,[běn zhì] essence; nature; innate character; intrinsic quality,,nature-and-technology,zh-vocab-adapted,https://raw.githubusercontent.com/drkameleon/complete-hsk-vocabulary/7ac65bf1a6387d35f1ade478906172a19311c7f9/complete.json#/332,2021-standard-derived upstream new-6; not 2025 exam
zh-hsk6-00035,逼,bī,[bī] to compel; to pressure / [bī] to force (sb to do sth); to compel; to press for; to extort; to press on towards; to press up to; to close in on,,general-and-abstract,zh-vocab-adapted,https://raw.githubusercontent.com/drkameleon/complete-hsk-vocabulary/7ac65bf1a6387d35f1ade478906172a19311c7f9/complete.json#/344,2021-standard-derived upstream new-6; not 2025 exam
zh-hsk6-00036,笔试,bǐ shì,[bǐ shì] written examination; paper test (for an applicant),,study-and-work,zh-vocab-adapted,https://raw.githubusercontent.com/drkameleon/complete-hsk-vocabulary/7ac65bf1a6387d35f1ade478906172a19311c7f9/complete.json#/368,2021-standard-derived upstream new-6; not 2025 exam
zh-hsk6-00037,必将,bì jiāng,[bì jiāng] inevitably,,general-and-abstract,zh-vocab-adapted,https://raw.githubusercontent.com/drkameleon/complete-hsk-vocabulary/7ac65bf1a6387d35f1ade478906172a19311c7f9/complete.json#/373,2021-standard-derived upstream new-6; not 2025 exam
zh-hsk6-00038,必修,bì xiū,[bì xiū] (of an academic course) required; compulsory,,general-and-abstract,zh-vocab-adapted,https://raw.githubusercontent.com/drkameleon/complete-hsk-vocabulary/7ac65bf1a6387d35f1ade478906172a19311c7f9/complete.json#/375,2021-standard-derived upstream new-6; not 2025 exam
zh-hsk6-00039,闭,bì,[bì] to close; to stop up; to shut; to obstruct,,general-and-abstract,zh-vocab-adapted,https://raw.githubusercontent.com/drkameleon/complete-hsk-vocabulary/7ac65bf1a6387d35f1ade478906172a19311c7f9/complete.json#/382,2021-standard-derived upstream new-6; not 2025 exam
zh-hsk6-00040,边缘,biān yuán,[biān yuán] edge; fringe; verge; brink; periphery; marginal; borderline,,general-and-abstract,zh-vocab-adapted,https://raw.githubusercontent.com/drkameleon/complete-hsk-vocabulary/7ac65bf1a6387d35f1ade478906172a19311c7f9/complete.json#/400,2021-standard-derived upstream new-6; not 2025 exam
zh-hsk6-00041,编制,biān zhì,"[biān zhì] to establish (a unit or department); staffing structure (excluding temporary and casual staff) / [biān zhì] to weave; to plait; to compile; to put together (a lesson plan, budget etc)",,general-and-abstract,zh-vocab-adapted,https://raw.githubusercontent.com/drkameleon/complete-hsk-vocabulary/7ac65bf1a6387d35f1ade478906172a19311c7f9/complete.json#/410,2021-standard-derived upstream new-6; not 2025 exam
zh-hsk6-00042,扁,Piān / biǎn / piān,[Piān] surname Pian / [biǎn] flat; (coll.) to beat (sb) up / [piān] small boat,,general-and-abstract,zh-vocab-adapted,https://raw.githubusercontent.com/drkameleon/complete-hsk-vocabulary/7ac65bf1a6387d35f1ade478906172a19311c7f9/complete.json#/416,2021-standard-derived upstream new-6; not 2025 exam
zh-hsk6-00043,变更,biàn gēng,[biàn gēng] to change; to alter; to modify,,general-and-abstract,zh-vocab-adapted,https://raw.githubusercontent.com/drkameleon/complete-hsk-vocabulary/7ac65bf1a6387d35f1ade478906172a19311c7f9/complete.json#/421,2021-standard-derived upstream new-6; not 2025 exam
zh-hsk6-00044,变换,biàn huàn,[biàn huàn] to transform; to convert; to vary; to alternate; a transformation,,general-and-abstract,zh-vocab-adapted,https://raw.githubusercontent.com/drkameleon/complete-hsk-vocabulary/7ac65bf1a6387d35f1ade478906172a19311c7f9/complete.json#/425,2021-standard-derived upstream new-6; not 2025 exam
zh-hsk6-00045,变形,biàn xíng,[biàn xíng] to become deformed; to change shape; to morph,,general-and-abstract,zh-vocab-adapted,https://raw.githubusercontent.com/drkameleon/complete-hsk-vocabulary/7ac65bf1a6387d35f1ade478906172a19311c7f9/complete.json#/428,2021-standard-derived upstream new-6; not 2025 exam
zh-hsk6-00046,便,biàn,[biàn] plain; informal; suitable; convenient; opportune; to urinate or defecate; then; in that case; in that case; even if; soon afterwards,,general-and-abstract,zh-vocab-adapted,https://raw.githubusercontent.com/drkameleon/complete-hsk-vocabulary/7ac65bf1a6387d35f1ade478906172a19311c7f9/complete.json#/431,2021-standard-derived upstream new-6; not 2025 exam
zh-hsk6-00047,便是,biàn shì,[biàn shì] (emphasizes that sth is precisely or exactly as stated); precisely; exactly; even; if; just like; in the same way as,,general-and-abstract,zh-vocab-adapted,https://raw.githubusercontent.com/drkameleon/complete-hsk-vocabulary/7ac65bf1a6387d35f1ade478906172a19311c7f9/complete.json#/437,2021-standard-derived upstream new-6; not 2025 exam
zh-hsk6-00048,遍地,biàn dì,[biàn dì] everywhere; all over,,general-and-abstract,zh-vocab-adapted,https://raw.githubusercontent.com/drkameleon/complete-hsk-vocabulary/7ac65bf1a6387d35f1ade478906172a19311c7f9/complete.json#/443,2021-standard-derived upstream new-6; not 2025 exam
zh-hsk6-00049,表面上,biǎo miàn shang,[biǎo miàn shang] outwardly; superficially; on the face of it,,general-and-abstract,zh-vocab-adapted,https://raw.githubusercontent.com/drkameleon/complete-hsk-vocabulary/7ac65bf1a6387d35f1ade478906172a19311c7f9/complete.json#/472,2021-standard-derived upstream new-6; not 2025 exam
zh-hsk6-00050,病房,bìng fáng,[bìng fáng] ward (of a hospital); sickroom,,health-and-body,zh-vocab-adapted,https://raw.githubusercontent.com/drkameleon/complete-hsk-vocabulary/7ac65bf1a6387d35f1ade478906172a19311c7f9/complete.json#/519,2021-standard-derived upstream new-6; not 2025 exam
zh-hsk6-00051,病情,bìng qíng,[bìng qíng] state of an illness; patient's condition,,health-and-body,zh-vocab-adapted,https://raw.githubusercontent.com/drkameleon/complete-hsk-vocabulary/7ac65bf1a6387d35f1ade478906172a19311c7f9/complete.json#/520,2021-standard-derived upstream new-6; not 2025 exam
zh-hsk6-00052,拨打,bō dǎ,[bō dǎ] to call; to dial,,general-and-abstract,zh-vocab-adapted,https://raw.githubusercontent.com/drkameleon/complete-hsk-vocabulary/7ac65bf1a6387d35f1ade478906172a19311c7f9/complete.json#/524,2021-standard-derived upstream new-6; not 2025 exam
zh-hsk6-00053,波动,bō dòng,[bō dòng] to undulate; to fluctuate; wave motion; rise and fall,,general-and-abstract,zh-vocab-adapted,https://raw.githubusercontent.com/drkameleon/complete-hsk-vocabulary/7ac65bf1a6387d35f1ade478906172a19311c7f9/complete.json#/527,2021-standard-derived upstream new-6; not 2025 exam
zh-hsk6-00054,波浪,bō làng,[bō làng] wave,,general-and-abstract,zh-vocab-adapted,https://raw.githubusercontent.com/drkameleon/complete-hsk-vocabulary/7ac65bf1a6387d35f1ade478906172a19311c7f9/complete.json#/530,2021-standard-derived upstream new-6; not 2025 exam
zh-hsk6-00055,播,bō,[bō] to sow; to scatter; to spread; to broadcast; Taiwan pr.,,general-and-abstract,zh-vocab-adapted,https://raw.githubusercontent.com/drkameleon/complete-hsk-vocabulary/7ac65bf1a6387d35f1ade478906172a19311c7f9/complete.json#/538,2021-standard-derived upstream new-6; not 2025 exam
zh-hsk6-00056,补考,bǔ kǎo,[bǔ kǎo] to sit for a makeup exam; to resit an exam; makeup exam; resit,,general-and-abstract,zh-vocab-adapted,https://raw.githubusercontent.com/drkameleon/complete-hsk-vocabulary/7ac65bf1a6387d35f1ade478906172a19311c7f9/complete.json#/558,2021-standard-derived upstream new-6; not 2025 exam
zh-hsk6-00057,补课,bǔ kè,[bǔ kè] to make up missed lesson; to reschedule a class,,general-and-abstract,zh-vocab-adapted,https://raw.githubusercontent.com/drkameleon/complete-hsk-vocabulary/7ac65bf1a6387d35f1ade478906172a19311c7f9/complete.json#/559,2021-standard-derived upstream new-6; not 2025 exam
zh-hsk6-00058,补习,bǔ xí,[bǔ xí] to take extra lessons in a cram school or with a private tutor,,study-and-work,zh-vocab-adapted,https://raw.githubusercontent.com/drkameleon/complete-hsk-vocabulary/7ac65bf1a6387d35f1ade478906172a19311c7f9/complete.json#/561,2021-standard-derived upstream new-6; not 2025 exam
zh-hsk6-00059,补助,bǔ zhù,[bǔ zhù] to subsidize; subsidy; allowance,,general-and-abstract,zh-vocab-adapted,https://raw.githubusercontent.com/drkameleon/complete-hsk-vocabulary/7ac65bf1a6387d35f1ade478906172a19311c7f9/complete.json#/562,2021-standard-derived upstream new-6; not 2025 exam
zh-hsk6-00060,捕,bǔ,[bǔ] to catch; to seize; to capture,,general-and-abstract,zh-vocab-adapted,https://raw.githubusercontent.com/drkameleon/complete-hsk-vocabulary/7ac65bf1a6387d35f1ade478906172a19311c7f9/complete.json#/565,2021-standard-derived upstream new-6; not 2025 exam
zh-hsk6-00061,不便,bù biàn,[bù biàn] inconvenient; inappropriate; unsuitable; short of cash,,general-and-abstract,zh-vocab-adapted,https://raw.githubusercontent.com/drkameleon/complete-hsk-vocabulary/7ac65bf1a6387d35f1ade478906172a19311c7f9/complete.json#/570,2021-standard-derived upstream new-6; not 2025 exam
zh-hsk6-00062,不成,bù chéng,[bù chéng] won't do; unable to; (at the end of a rhetorical question) can that be?,,general-and-abstract,zh-vocab-adapted,https://raw.githubusercontent.com/drkameleon/complete-hsk-vocabulary/7ac65bf1a6387d35f1ade478906172a19311c7f9/complete.json#/572,2021-standard-derived upstream new-6; not 2025 exam
zh-hsk6-00063,不见,bù jiàn,[bù jiàn] not to see; not to meet; to have disappeared; to be missing,,general-and-abstract,zh-vocab-adapted,https://raw.githubusercontent.com/drkameleon/complete-hsk-vocabulary/7ac65bf1a6387d35f1ade478906172a19311c7f9/complete.json#/596,2021-standard-derived upstream new-6; not 2025 exam
zh-hsk6-00064,不仅仅,bù jǐn jǐn,[bù jǐn jǐn] not only; not just,,general-and-abstract,zh-vocab-adapted,https://raw.githubusercontent.com/drkameleon/complete-hsk-vocabulary/7ac65bf1a6387d35f1ade478906172a19311c7f9/complete.json#/600,2021-standard-derived upstream new-6; not 2025 exam
zh-hsk6-00065,不禁,bù jīn,[bù jīn] can't help (doing sth); can't refrain from,,general-and-abstract,zh-vocab-adapted,https://raw.githubusercontent.com/drkameleon/complete-hsk-vocabulary/7ac65bf1a6387d35f1ade478906172a19311c7f9/complete.json#/601,2021-standard-derived upstream new-6; not 2025 exam
zh-hsk6-00066,不料,bù liào,[bù liào] unexpectedly; to one's surprise,,general-and-abstract,zh-vocab-adapted,https://raw.githubusercontent.com/drkameleon/complete-hsk-vocabulary/7ac65bf1a6387d35f1ade478906172a19311c7f9/complete.json#/616,2021-standard-derived upstream new-6; not 2025 exam
zh-hsk6-00067,不通,bù tōng,[bù tōng] to be obstructed; to be blocked up; to be impassable; to make no sense; to be illogical,,general-and-abstract,zh-vocab-adapted,https://raw.githubusercontent.com/drkameleon/complete-hsk-vocabulary/7ac65bf1a6387d35f1ade478906172a19311c7f9/complete.json#/636,2021-standard-derived upstream new-6; not 2025 exam
zh-hsk6-00068,不再,bù zài,[bù zài] no more; no longer,,general-and-abstract,zh-vocab-adapted,https://raw.githubusercontent.com/drkameleon/complete-hsk-vocabulary/7ac65bf1a6387d35f1ade478906172a19311c7f9/complete.json#/667,2021-standard-derived upstream new-6; not 2025 exam
zh-hsk6-00069,不怎么,bù zěn me,[bù zěn me] not very; not particularly,,general-and-abstract,zh-vocab-adapted,https://raw.githubusercontent.com/drkameleon/complete-hsk-vocabulary/7ac65bf1a6387d35f1ade478906172a19311c7f9/complete.json#/670,2021-standard-derived upstream new-6; not 2025 exam
zh-hsk6-00070,不怎么样,bù zěn me yàng,[bù zěn me yàng] not up to much; very indifferent; nothing great about it; nothing good to be said about it,,general-and-abstract,zh-vocab-adapted,https://raw.githubusercontent.com/drkameleon/complete-hsk-vocabulary/7ac65bf1a6387d35f1ade478906172a19311c7f9/complete.json#/671,2021-standard-derived upstream new-6; not 2025 exam
zh-hsk6-00071,不值,bù zhí,[bù zhí] not worth,,general-and-abstract,zh-vocab-adapted,https://raw.githubusercontent.com/drkameleon/complete-hsk-vocabulary/7ac65bf1a6387d35f1ade478906172a19311c7f9/complete.json#/675,2021-standard-derived upstream new-6; not 2025 exam
zh-hsk6-00072,不至于,bù zhì yú,[bù zhì yú] unlikely to go so far as to; not as bad as,,general-and-abstract,zh-vocab-adapted,https://raw.githubusercontent.com/drkameleon/complete-hsk-vocabulary/7ac65bf1a6387d35f1ade478906172a19311c7f9/complete.json#/677,2021-standard-derived upstream new-6; not 2025 exam
zh-hsk6-00073,布满,bù mǎn,[bù mǎn] to be covered with; to be filled with,,general-and-abstract,zh-vocab-adapted,https://raw.githubusercontent.com/drkameleon/complete-hsk-vocabulary/7ac65bf1a6387d35f1ade478906172a19311c7f9/complete.json#/683,2021-standard-derived upstream new-6; not 2025 exam
zh-hsk6-00074,部队,bù duì,[bù duì] army; armed forces; troops; force; unit,,general-and-abstract,zh-vocab-adapted,https://raw.githubusercontent.com/drkameleon/complete-hsk-vocabulary/7ac65bf1a6387d35f1ade478906172a19311c7f9/complete.json#/691,2021-standard-derived upstream new-6; not 2025 exam
zh-hsk6-00075,采纳,cǎi nà,[cǎi nà] to accept; to adopt,,general-and-abstract,zh-vocab-adapted,https://raw.githubusercontent.com/drkameleon/complete-hsk-vocabulary/7ac65bf1a6387d35f1ade478906172a19311c7f9/complete.json#/726,2021-standard-derived upstream new-6; not 2025 exam
zh-hsk6-00076,踩,cǎi,[cǎi] to step on; to tread; to stamp; to press a pedal; to pedal (a bike); (online) to downvote,,general-and-abstract,zh-vocab-adapted,https://raw.githubusercontent.com/drkameleon/complete-hsk-vocabulary/7ac65bf1a6387d35f1ade478906172a19311c7f9/complete.json#/734,2021-standard-derived upstream new-6; not 2025 exam
zh-hsk6-00077,参赛,cān sài,[cān sài] to compete; to take part in a competition,,general-and-abstract,zh-vocab-adapted,https://raw.githubusercontent.com/drkameleon/complete-hsk-vocabulary/7ac65bf1a6387d35f1ade478906172a19311c7f9/complete.json#/744,2021-standard-derived upstream new-6; not 2025 exam
zh-hsk6-00078,参展,cān zhǎn,[cān zhǎn] to exhibit at or take part in a trade show etc,,general-and-abstract,zh-vocab-adapted,https://raw.githubusercontent.com/drkameleon/complete-hsk-vocabulary/7ac65bf1a6387d35f1ade478906172a19311c7f9/complete.json#/746,2021-standard-derived upstream new-6; not 2025 exam
zh-hsk6-00079,餐,cān,[cān] meal; to eat; classifier for meals,,food-and-shopping,zh-vocab-adapted,https://raw.githubusercontent.com/drkameleon/complete-hsk-vocabulary/7ac65bf1a6387d35f1ade478906172a19311c7f9/complete.json#/748,2021-standard-derived upstream new-6; not 2025 exam
zh-hsk6-00080,残疾,cán jí,[cán jí] disabled; handicapped; deformity on a person or animal,,nature-and-technology,zh-vocab-adapted,https://raw.githubusercontent.com/drkameleon/complete-hsk-vocabulary/7ac65bf1a6387d35f1ade478906172a19311c7f9/complete.json#/754,2021-standard-derived upstream new-6; not 2025 exam
zh-hsk6-00081,残疾人,cán jí rén,[cán jí rén] disabled person,,general-and-abstract,zh-vocab-adapted,https://raw.githubusercontent.com/drkameleon/complete-hsk-vocabulary/7ac65bf1a6387d35f1ade478906172a19311c7f9/complete.json#/755,2021-standard-derived upstream new-6; not 2025 exam
zh-hsk6-00082,残酷,cán kù,[cán kù] cruel; cruelty,,general-and-abstract,zh-vocab-adapted,https://raw.githubusercontent.com/drkameleon/complete-hsk-vocabulary/7ac65bf1a6387d35f1ade478906172a19311c7f9/complete.json#/756,2021-standard-derived upstream new-6; not 2025 exam
zh-hsk6-00083,惨,cǎn,[cǎn] miserable; wretched; cruel; inhuman; disastrous; tragic; dim; gloomy,,general-and-abstract,zh-vocab-adapted,https://raw.githubusercontent.com/drkameleon/complete-hsk-vocabulary/7ac65bf1a6387d35f1ade478906172a19311c7f9/complete.json#/761,2021-standard-derived upstream new-6; not 2025 exam
zh-hsk6-00084,仓库,cāng kù,[cāng kù] depot; storehouse; warehouse,,general-and-abstract,zh-vocab-adapted,https://raw.githubusercontent.com/drkameleon/complete-hsk-vocabulary/7ac65bf1a6387d35f1ade478906172a19311c7f9/complete.json#/768,2021-standard-derived upstream new-6; not 2025 exam
zh-hsk6-00085,藏,Zàng / cáng / zàng,[Zàng] Tibet / [cáng] to conceal; to hide away; to harbor; to store; to collect / [zàng] storehouse; depository; Buddhist or Taoist scripture,,general-and-abstract,zh-vocab-adapted,https://raw.githubusercontent.com/drkameleon/complete-hsk-vocabulary/7ac65bf1a6387d35f1ade478906172a19311c7f9/complete.json#/773,2021-standard-derived upstream new-6; not 2025 exam
zh-hsk6-00086,操纵,cāo zòng,[cāo zòng] to operate; to control; to rig; to manipulate,,general-and-abstract,zh-vocab-adapted,https://raw.githubusercontent.com/drkameleon/complete-hsk-vocabulary/7ac65bf1a6387d35f1ade478906172a19311c7f9/complete.json#/782,2021-standard-derived upstream new-6; not 2025 exam
zh-hsk6-00087,侧,cè / zhāi,[cè] the side; to incline towards; to lean; inclined; lateral; side / [zhāi] lean on one side,,general-and-abstract,zh-vocab-adapted,https://raw.githubusercontent.com/drkameleon/complete-hsk-vocabulary/7ac65bf1a6387d35f1ade478906172a19311c7f9/complete.json#/793,2021-standard-derived upstream new-6; not 2025 exam
zh-hsk6-00088,厕所,cè suǒ,[cè suǒ] toilet; lavatory,,general-and-abstract,zh-vocab-adapted,https://raw.githubusercontent.com/drkameleon/complete-hsk-vocabulary/7ac65bf1a6387d35f1ade478906172a19311c7f9/complete.json#/796,2021-standard-derived upstream new-6; not 2025 exam
zh-hsk6-00089,测定,cè dìng,[cè dìng] to determine (by measuring or surveying),,general-and-abstract,zh-vocab-adapted,https://raw.githubusercontent.com/drkameleon/complete-hsk-vocabulary/7ac65bf1a6387d35f1ade478906172a19311c7f9/complete.json#/798,2021-standard-derived upstream new-6; not 2025 exam
zh-hsk6-00090,策略,cè lu:è,[cè lu:è] strategy; tactics; crafty; adroit,,general-and-abstract,zh-vocab-adapted,https://raw.githubusercontent.com/drkameleon/complete-hsk-vocabulary/7ac65bf1a6387d35f1ade478906172a19311c7f9/complete.json#/803,2021-standard-derived upstream new-6; not 2025 exam
zh-hsk6-00091,策划,cè huà,[cè huà] to plot; to scheme; to bring about; to engineer; planning; producer; planner,,general-and-abstract,zh-vocab-adapted,https://raw.githubusercontent.com/drkameleon/complete-hsk-vocabulary/7ac65bf1a6387d35f1ade478906172a19311c7f9/complete.json#/804,2021-standard-derived upstream new-6; not 2025 exam
zh-hsk6-00092,层面,céng miàn,"[céng miàn] aspect; facet; level (political, psychological, spiritual etc); (geology) bedding plane",,general-and-abstract,zh-vocab-adapted,https://raw.githubusercontent.com/drkameleon/complete-hsk-vocabulary/7ac65bf1a6387d35f1ade478906172a19311c7f9/complete.json#/808,2021-standard-derived upstream new-6; not 2025 exam
zh-hsk6-00093,查出,chá chū,[chá chū] to find out; to discover,,general-and-abstract,zh-vocab-adapted,https://raw.githubusercontent.com/drkameleon/complete-hsk-vocabulary/7ac65bf1a6387d35f1ade478906172a19311c7f9/complete.json#/819,2021-standard-derived upstream new-6; not 2025 exam
zh-hsk6-00094,查看,chá kàn,[chá kàn] to look over; to examine; to check up; to ferret out,,general-and-abstract,zh-vocab-adapted,https://raw.githubusercontent.com/drkameleon/complete-hsk-vocabulary/7ac65bf1a6387d35f1ade478906172a19311c7f9/complete.json#/822,2021-standard-derived upstream new-6; not 2025 exam
zh-hsk6-00095,差异,chā yì,[chā yì] difference; discrepancy,,general-and-abstract,zh-vocab-adapted,https://raw.githubusercontent.com/drkameleon/complete-hsk-vocabulary/7ac65bf1a6387d35f1ade478906172a19311c7f9/complete.json#/842,2021-standard-derived upstream new-6; not 2025 exam
zh-hsk6-00096,拆迁,chāi qiān,[chāi qiān] to demolish a building and relocate the inhabitants,,general-and-abstract,zh-vocab-adapted,https://raw.githubusercontent.com/drkameleon/complete-hsk-vocabulary/7ac65bf1a6387d35f1ade478906172a19311c7f9/complete.json#/845,2021-standard-derived upstream new-6; not 2025 exam
zh-hsk6-00097,产量,chǎn liàng,[chǎn liàng] output,,general-and-abstract,zh-vocab-adapted,https://raw.githubusercontent.com/drkameleon/complete-hsk-vocabulary/7ac65bf1a6387d35f1ade478906172a19311c7f9/complete.json#/854,2021-standard-derived upstream new-6; not 2025 exam
zh-hsk6-00098,昌盛,chāng shèng,[chāng shèng] prosperous,,general-and-abstract,zh-vocab-adapted,https://raw.githubusercontent.com/drkameleon/complete-hsk-vocabulary/7ac65bf1a6387d35f1ade478906172a19311c7f9/complete.json#/864,2021-standard-derived upstream new-6; not 2025 exam
zh-hsk6-00099,常规,cháng guī,[cháng guī] code of conduct; conventions; common practice; routine (medical procedure etc),,general-and-abstract,zh-vocab-adapted,https://raw.githubusercontent.com/drkameleon/complete-hsk-vocabulary/7ac65bf1a6387d35f1ade478906172a19311c7f9/complete.json#/872,2021-standard-derived upstream new-6; not 2025 exam
zh-hsk6-00100,常年,cháng nián,[cháng nián] all year round; for years on end; average year,,time-and-quantity,zh-vocab-adapted,https://raw.githubusercontent.com/drkameleon/complete-hsk-vocabulary/7ac65bf1a6387d35f1ade478906172a19311c7f9/complete.json#/875,2021-standard-derived upstream new-6; not 2025 exam
zh-hsk6-00101,厂商,chǎng shāng,[chǎng shāng] manufacturer; producer,,general-and-abstract,zh-vocab-adapted,https://raw.githubusercontent.com/drkameleon/complete-hsk-vocabulary/7ac65bf1a6387d35f1ade478906172a19311c7f9/complete.json#/885,2021-standard-derived upstream new-6; not 2025 exam
zh-hsk6-00102,场地,chǎng dì,[chǎng dì] space; site; place; sports pitch,,general-and-abstract,zh-vocab-adapted,https://raw.githubusercontent.com/drkameleon/complete-hsk-vocabulary/7ac65bf1a6387d35f1ade478906172a19311c7f9/complete.json#/888,2021-standard-derived upstream new-6; not 2025 exam
zh-hsk6-00103,场馆,chǎng guǎn,[chǎng guǎn] sporting venue; arena,,general-and-abstract,zh-vocab-adapted,https://raw.githubusercontent.com/drkameleon/complete-hsk-vocabulary/7ac65bf1a6387d35f1ade478906172a19311c7f9/complete.json#/889,2021-standard-derived upstream new-6; not 2025 exam
zh-hsk6-00104,场景,chǎng jǐng,[chǎng jǐng] scene; scenario; situation; setting,,general-and-abstract,zh-vocab-adapted,https://raw.githubusercontent.com/drkameleon/complete-hsk-vocabulary/7ac65bf1a6387d35f1ade478906172a19311c7f9/complete.json#/891,2021-standard-derived upstream new-6; not 2025 exam
zh-hsk6-00105,畅通,chàng tōng,[chàng tōng] unimpeded; free-flowing; straight path; unclogged; move without obstruction,,general-and-abstract,zh-vocab-adapted,https://raw.githubusercontent.com/drkameleon/complete-hsk-vocabulary/7ac65bf1a6387d35f1ade478906172a19311c7f9/complete.json#/895,2021-standard-derived upstream new-6; not 2025 exam
zh-hsk6-00106,超,chāo,[chāo] to exceed; to overtake; to surpass; to transcend; to pass; to cross; ultra-; super-,,general-and-abstract,zh-vocab-adapted,https://raw.githubusercontent.com/drkameleon/complete-hsk-vocabulary/7ac65bf1a6387d35f1ade478906172a19311c7f9/complete.json#/907,2021-standard-derived upstream new-6; not 2025 exam
zh-hsk6-00107,超出,chāo chū,[chāo chū] to exceed; to overstep; to go too far; to encroach,,general-and-abstract,zh-vocab-adapted,https://raw.githubusercontent.com/drkameleon/complete-hsk-vocabulary/7ac65bf1a6387d35f1ade478906172a19311c7f9/complete.json#/910,2021-standard-derived upstream new-6; not 2025 exam
zh-hsk6-00108,炒,chǎo,[chǎo] to sauté; to stir-fry; to speculate; to hype; to fire (sb),,general-and-abstract,zh-vocab-adapted,https://raw.githubusercontent.com/drkameleon/complete-hsk-vocabulary/7ac65bf1a6387d35f1ade478906172a19311c7f9/complete.json#/931,2021-standard-derived upstream new-6; not 2025 exam
zh-hsk6-00109,炒股,chǎo gǔ,[chǎo gǔ] (coll.) to speculate in stocks,,general-and-abstract,zh-vocab-adapted,https://raw.githubusercontent.com/drkameleon/complete-hsk-vocabulary/7ac65bf1a6387d35f1ade478906172a19311c7f9/complete.json#/932,2021-standard-derived upstream new-6; not 2025 exam
zh-hsk6-00110,炒作,chǎo zuò,[chǎo zuò] to hype; to promote (in the media),,general-and-abstract,zh-vocab-adapted,https://raw.githubusercontent.com/drkameleon/complete-hsk-vocabulary/7ac65bf1a6387d35f1ade478906172a19311c7f9/complete.json#/933,2021-standard-derived upstream new-6; not 2025 exam
zh-hsk6-00111,车号,chē hào,"[chē hào] vehicle number (license plate number, taxi number, bus number, train car number)",,time-and-quantity;travel-and-places,zh-vocab-adapted,https://raw.githubusercontent.com/drkameleon/complete-hsk-vocabulary/7ac65bf1a6387d35f1ade478906172a19311c7f9/complete.json#/936,2021-standard-derived upstream new-6; not 2025 exam
zh-hsk6-00112,车牌,chē pái,[chē pái] license plate,,general-and-abstract,zh-vocab-adapted,https://raw.githubusercontent.com/drkameleon/complete-hsk-vocabulary/7ac65bf1a6387d35f1ade478906172a19311c7f9/complete.json#/942,2021-standard-derived upstream new-6; not 2025 exam
zh-hsk6-00113,车展,chē zhǎn,[chē zhǎn] motor show,,general-and-abstract,zh-vocab-adapted,https://raw.githubusercontent.com/drkameleon/complete-hsk-vocabulary/7ac65bf1a6387d35f1ade478906172a19311c7f9/complete.json#/949,2021-standard-derived upstream new-6; not 2025 exam
zh-hsk6-00114,撤离,chè lí,[chè lí] to withdraw from; to evacuate,,general-and-abstract,zh-vocab-adapted,https://raw.githubusercontent.com/drkameleon/complete-hsk-vocabulary/7ac65bf1a6387d35f1ade478906172a19311c7f9/complete.json#/958,2021-standard-derived upstream new-6; not 2025 exam
zh-hsk6-00115,撤销,chè xiāo,[chè xiāo] to repeal; to revoke; (computing) to undo,,general-and-abstract,zh-vocab-adapted,https://raw.githubusercontent.com/drkameleon/complete-hsk-vocabulary/7ac65bf1a6387d35f1ade478906172a19311c7f9/complete.json#/960,2021-standard-derived upstream new-6; not 2025 exam
zh-hsk6-00116,撑,chēng,[chēng] to support; to prop up; to push or move with a pole; to maintain; to open or unfurl; to fill to bursting point; brace; stay; support,,general-and-abstract,zh-vocab-adapted,https://raw.githubusercontent.com/drkameleon/complete-hsk-vocabulary/7ac65bf1a6387d35f1ade478906172a19311c7f9/complete.json#/989,2021-standard-derived upstream new-6; not 2025 exam
zh-hsk6-00117,成分,chéng fèn,[chéng fèn] composition; ingredient; element; component; one's social status,,general-and-abstract,zh-vocab-adapted,https://raw.githubusercontent.com/drkameleon/complete-hsk-vocabulary/7ac65bf1a6387d35f1ade478906172a19311c7f9/complete.json#/993,2021-standard-derived upstream new-6; not 2025 exam
zh-hsk6-00118,成品,chéng pǐn,[chéng pǐn] finished goods; a finished product,,general-and-abstract,zh-vocab-adapted,https://raw.githubusercontent.com/drkameleon/complete-hsk-vocabulary/7ac65bf1a6387d35f1ade478906172a19311c7f9/complete.json#/1002,2021-standard-derived upstream new-6; not 2025 exam
zh-hsk6-00119,承诺,chéng nuò,[chéng nuò] to promise; to undertake to do something; commitment,,general-and-abstract,zh-vocab-adapted,https://raw.githubusercontent.com/drkameleon/complete-hsk-vocabulary/7ac65bf1a6387d35f1ade478906172a19311c7f9/complete.json#/1020,2021-standard-derived upstream new-6; not 2025 exam
zh-hsk6-00120,城区,chéng qū,[chéng qū] city district; urban area,,travel-and-places,zh-vocab-adapted,https://raw.githubusercontent.com/drkameleon/complete-hsk-vocabulary/7ac65bf1a6387d35f1ade478906172a19311c7f9/complete.json#/1034,2021-standard-derived upstream new-6; not 2025 exam
zh-hsk6-00121,城乡,chéng xiāng,[chéng xiāng] city and countryside,,travel-and-places,zh-vocab-adapted,https://raw.githubusercontent.com/drkameleon/complete-hsk-vocabulary/7ac65bf1a6387d35f1ade478906172a19311c7f9/complete.json#/1036,2021-standard-derived upstream new-6; not 2025 exam
zh-hsk6-00122,城镇,chéng zhèn,[chéng zhèn] town; cities and towns,,general-and-abstract,zh-vocab-adapted,https://raw.githubusercontent.com/drkameleon/complete-hsk-vocabulary/7ac65bf1a6387d35f1ade478906172a19311c7f9/complete.json#/1037,2021-standard-derived upstream new-6; not 2025 exam
zh-hsk6-00123,持有,chí yǒu,"[chí yǒu] to hold (passport, views etc)",,general-and-abstract,zh-vocab-adapted,https://raw.githubusercontent.com/drkameleon/complete-hsk-vocabulary/7ac65bf1a6387d35f1ade478906172a19311c7f9/complete.json#/1077,2021-standard-derived upstream new-6; not 2025 exam
zh-hsk6-00124,冲击,chōng jī,[chōng jī] to attack; to batter; (of waves) to pound against; shock; impact,,general-and-abstract,zh-vocab-adapted,https://raw.githubusercontent.com/drkameleon/complete-hsk-vocabulary/7ac65bf1a6387d35f1ade478906172a19311c7f9/complete.json#/1100,2021-standard-derived upstream new-6; not 2025 exam
zh-hsk6-00125,崇拜,chóng bài,[chóng bài] to worship; adoration,,general-and-abstract,zh-vocab-adapted,https://raw.githubusercontent.com/drkameleon/complete-hsk-vocabulary/7ac65bf1a6387d35f1ade478906172a19311c7f9/complete.json#/1106,2021-standard-derived upstream new-6; not 2025 exam
zh-hsk6-00126,宠物,chǒng wù,[chǒng wù] house pet,,general-and-abstract,zh-vocab-adapted,https://raw.githubusercontent.com/drkameleon/complete-hsk-vocabulary/7ac65bf1a6387d35f1ade478906172a19311c7f9/complete.json#/1112,2021-standard-derived upstream new-6; not 2025 exam
zh-hsk6-00127,出场,chū chǎng,[chū chǎng] (of a performer) to come onto the stage to perform; (of an athlete) to enter the arena to compete; (fig.) to enter the scene (e.g. a new product); (of an examinee etc) to leave the venue,,general-and-abstract,zh-vocab-adapted,https://raw.githubusercontent.com/drkameleon/complete-hsk-vocabulary/7ac65bf1a6387d35f1ade478906172a19311c7f9/complete.json#/1146,2021-standard-derived upstream new-6; not 2025 exam
zh-hsk6-00128,出动,chū dòng,[chū dòng] to start out on a trip; to dispatch troops,,general-and-abstract,zh-vocab-adapted,https://raw.githubusercontent.com/drkameleon/complete-hsk-vocabulary/7ac65bf1a6387d35f1ade478906172a19311c7f9/complete.json#/1149,2021-standard-derived upstream new-6; not 2025 exam
zh-hsk6-00129,出访,chū fǎng,[chū fǎng] to go and visit in an official capacity or for investigation,,general-and-abstract,zh-vocab-adapted,https://raw.githubusercontent.com/drkameleon/complete-hsk-vocabulary/7ac65bf1a6387d35f1ade478906172a19311c7f9/complete.json#/1152,2021-standard-derived upstream new-6; not 2025 exam
zh-hsk6-00130,出路,chū lù,[chū lù] a way out (lit. and fig.); opportunity for advancement; a way forward; outlet (for one's products),,general-and-abstract,zh-vocab-adapted,https://raw.githubusercontent.com/drkameleon/complete-hsk-vocabulary/7ac65bf1a6387d35f1ade478906172a19311c7f9/complete.json#/1162,2021-standard-derived upstream new-6; not 2025 exam
zh-hsk6-00131,出面,chū miàn,[chū miàn] to appear personally; to step in; to step forth; to show up,,general-and-abstract,zh-vocab-adapted,https://raw.githubusercontent.com/drkameleon/complete-hsk-vocabulary/7ac65bf1a6387d35f1ade478906172a19311c7f9/complete.json#/1166,2021-standard-derived upstream new-6; not 2025 exam
zh-hsk6-00132,出名,chū míng,"[chū míng] well-known for sth; to become well known; to make one's mark; to lend one's name (to an event, endeavor etc)",,general-and-abstract,zh-vocab-adapted,https://raw.githubusercontent.com/drkameleon/complete-hsk-vocabulary/7ac65bf1a6387d35f1ade478906172a19311c7f9/complete.json#/1167,2021-standard-derived upstream new-6; not 2025 exam
zh-hsk6-00133,出入,chū rù,[chū rù] to go out and come in; entrance and exit; expenditure and income; discrepancy; inconsistent,,general-and-abstract,zh-vocab-adapted,https://raw.githubusercontent.com/drkameleon/complete-hsk-vocabulary/7ac65bf1a6387d35f1ade478906172a19311c7f9/complete.json#/1172,2021-standard-derived upstream new-6; not 2025 exam
zh-hsk6-00134,出事,chū shì,[chū shì] to have an accident; to meet with a mishap,,general-and-abstract,zh-vocab-adapted,https://raw.githubusercontent.com/drkameleon/complete-hsk-vocabulary/7ac65bf1a6387d35f1ade478906172a19311c7f9/complete.json#/1179,2021-standard-derived upstream new-6; not 2025 exam
zh-hsk6-00135,出台,chū tái,"[chū tái] to officially launch (a policy, program etc); to appear on stage; to appear publicly; (of a bar girl) to leave with a client",,general-and-abstract,zh-vocab-adapted,https://raw.githubusercontent.com/drkameleon/complete-hsk-vocabulary/7ac65bf1a6387d35f1ade478906172a19311c7f9/complete.json#/1182,2021-standard-derived upstream new-6; not 2025 exam
zh-hsk6-00136,出行,chū xíng,[chū xíng] to go out somewhere (relatively short trip); to set off on a journey (longer trip),,general-and-abstract,zh-vocab-adapted,https://raw.githubusercontent.com/drkameleon/complete-hsk-vocabulary/7ac65bf1a6387d35f1ade478906172a19311c7f9/complete.json#/1188,2021-standard-derived upstream new-6; not 2025 exam
zh-hsk6-00137,初等,chū děng,[chū děng] elementary (i.e. easy),,general-and-abstract,zh-vocab-adapted,https://raw.githubusercontent.com/drkameleon/complete-hsk-vocabulary/7ac65bf1a6387d35f1ade478906172a19311c7f9/complete.json#/1205,2021-standard-derived upstream new-6; not 2025 exam
zh-hsk6-00138,除,chú,[chú] to get rid of; to remove; to exclude; to eliminate; to wipe out; to divide; except; not including,,general-and-abstract,zh-vocab-adapted,https://raw.githubusercontent.com/drkameleon/complete-hsk-vocabulary/7ac65bf1a6387d35f1ade478906172a19311c7f9/complete.json#/1211,2021-standard-derived upstream new-6; not 2025 exam
zh-hsk6-00139,厨师,chú shī,[chú shī] cook; chef,,general-and-abstract,zh-vocab-adapted,https://raw.githubusercontent.com/drkameleon/complete-hsk-vocabulary/7ac65bf1a6387d35f1ade478906172a19311c7f9/complete.json#/1219,2021-standard-derived upstream new-6; not 2025 exam
zh-hsk6-00140,储存,chǔ cún,[chǔ cún] stockpile; to store; to stockpile; storage,,general-and-abstract,zh-vocab-adapted,https://raw.githubusercontent.com/drkameleon/complete-hsk-vocabulary/7ac65bf1a6387d35f1ade478906172a19311c7f9/complete.json#/1221,2021-standard-derived upstream new-6; not 2025 exam
zh-hsk6-00141,处处,chù chù,[chù chù] everywhere; in all respects,,general-and-abstract,zh-vocab-adapted,https://raw.githubusercontent.com/drkameleon/complete-hsk-vocabulary/7ac65bf1a6387d35f1ade478906172a19311c7f9/complete.json#/1224,2021-standard-derived upstream new-6; not 2025 exam
zh-hsk6-00142,处长,chù zhǎng,[chù zhǎng] department head; section chief,,health-and-body,zh-vocab-adapted,https://raw.githubusercontent.com/drkameleon/complete-hsk-vocabulary/7ac65bf1a6387d35f1ade478906172a19311c7f9/complete.json#/1232,2021-standard-derived upstream new-6; not 2025 exam
zh-hsk6-00143,传出,chuán chū,[chuán chū] to transmit outwards; to disseminate; efferent (nerve),,general-and-abstract,zh-vocab-adapted,https://raw.githubusercontent.com/drkameleon/complete-hsk-vocabulary/7ac65bf1a6387d35f1ade478906172a19311c7f9/complete.json#/1254,2021-standard-derived upstream new-6; not 2025 exam
zh-hsk6-00144,传媒,chuán méi,[chuán méi] media,,general-and-abstract,zh-vocab-adapted,https://raw.githubusercontent.com/drkameleon/complete-hsk-vocabulary/7ac65bf1a6387d35f1ade478906172a19311c7f9/complete.json#/1260,2021-standard-derived upstream new-6; not 2025 exam
zh-hsk6-00145,传输,chuán shū,[chuán shū] to transmit; transmission,,general-and-abstract,zh-vocab-adapted,https://raw.githubusercontent.com/drkameleon/complete-hsk-vocabulary/7ac65bf1a6387d35f1ade478906172a19311c7f9/complete.json#/1266,2021-standard-derived upstream new-6; not 2025 exam
zh-hsk6-00146,传言,chuán yán,[chuán yán] rumor; hearsay,,general-and-abstract,zh-vocab-adapted,https://raw.githubusercontent.com/drkameleon/complete-hsk-vocabulary/7ac65bf1a6387d35f1ade478906172a19311c7f9/complete.json#/1270,2021-standard-derived upstream new-6; not 2025 exam
zh-hsk6-00147,船员,chuán yuán,[chuán yuán] sailor; crew member,,general-and-abstract,zh-vocab-adapted,https://raw.githubusercontent.com/drkameleon/complete-hsk-vocabulary/7ac65bf1a6387d35f1ade478906172a19311c7f9/complete.json#/1275,2021-standard-derived upstream new-6; not 2025 exam
zh-hsk6-00148,船长,chuán zhǎng,[chuán zhǎng] captain (of a boat); skipper,,general-and-abstract,zh-vocab-adapted,https://raw.githubusercontent.com/drkameleon/complete-hsk-vocabulary/7ac65bf1a6387d35f1ade478906172a19311c7f9/complete.json#/1276,2021-standard-derived upstream new-6; not 2025 exam
zh-hsk6-00149,船只,chuán zhī,[chuán zhī] ship; boat; vessel,,general-and-abstract,zh-vocab-adapted,https://raw.githubusercontent.com/drkameleon/complete-hsk-vocabulary/7ac65bf1a6387d35f1ade478906172a19311c7f9/complete.json#/1277,2021-standard-derived upstream new-6; not 2025 exam
zh-hsk6-00150,串,chuàn,"[chuàn] to string together; to skewer; to connect wrongly; to gang up; to rove; string; bunch; skewer; classifier for things that are strung together, or in a bunch, or in a row: string of, bunch of, series of; to make a swift or abrupt linear movement (like a bead on an abacus); to move across",,general-and-abstract,zh-vocab-adapted,https://raw.githubusercontent.com/drkameleon/complete-hsk-vocabulary/7ac65bf1a6387d35f1ade478906172a19311c7f9/complete.json#/1281,2021-standard-derived upstream new-6; not 2025 exam
zh-hsk6-00151,窗口,chuāng kǒu,[chuāng kǒu] window; opening providing restricted access (e.g. customer service window); computer operating system window; fig. medium; intermediary; showpiece; testing ground,,nature-and-technology,zh-vocab-adapted,https://raw.githubusercontent.com/drkameleon/complete-hsk-vocabulary/7ac65bf1a6387d35f1ade478906172a19311c7f9/complete.json#/1284,2021-standard-derived upstream new-6; not 2025 exam
zh-hsk6-00152,创办,chuàng bàn,[chuàng bàn] to establish; to found; to launch,,general-and-abstract,zh-vocab-adapted,https://raw.githubusercontent.com/drkameleon/complete-hsk-vocabulary/7ac65bf1a6387d35f1ade478906172a19311c7f9/complete.json#/1294,2021-standard-derived upstream new-6; not 2025 exam
zh-hsk6-00153,创建,chuàng jiàn,[chuàng jiàn] to found; to establish,,general-and-abstract,zh-vocab-adapted,https://raw.githubusercontent.com/drkameleon/complete-hsk-vocabulary/7ac65bf1a6387d35f1ade478906172a19311c7f9/complete.json#/1295,2021-standard-derived upstream new-6; not 2025 exam
zh-hsk6-00154,创意,chuàng yì,[chuàng yì] creative; creativity,,general-and-abstract,zh-vocab-adapted,https://raw.githubusercontent.com/drkameleon/complete-hsk-vocabulary/7ac65bf1a6387d35f1ade478906172a19311c7f9/complete.json#/1301,2021-standard-derived upstream new-6; not 2025 exam
zh-hsk6-00155,此处,cǐ chù,[cǐ chù] this place; here (literary),,general-and-abstract,zh-vocab-adapted,https://raw.githubusercontent.com/drkameleon/complete-hsk-vocabulary/7ac65bf1a6387d35f1ade478906172a19311c7f9/complete.json#/1346,2021-standard-derived upstream new-6; not 2025 exam
zh-hsk6-00156,此次,cǐ cì,[cǐ cì] this time,,time-and-quantity,zh-vocab-adapted,https://raw.githubusercontent.com/drkameleon/complete-hsk-vocabulary/7ac65bf1a6387d35f1ade478906172a19311c7f9/complete.json#/1347,2021-standard-derived upstream new-6; not 2025 exam
zh-hsk6-00157,此前,cǐ qián,[cǐ qián] before this; before then; previously,,general-and-abstract,zh-vocab-adapted,https://raw.githubusercontent.com/drkameleon/complete-hsk-vocabulary/7ac65bf1a6387d35f1ade478906172a19311c7f9/complete.json#/1351,2021-standard-derived upstream new-6; not 2025 exam
zh-hsk6-00158,此事,cǐ shì,[cǐ shì] this matter,,general-and-abstract,zh-vocab-adapted,https://raw.githubusercontent.com/drkameleon/complete-hsk-vocabulary/7ac65bf1a6387d35f1ade478906172a19311c7f9/complete.json#/1353,2021-standard-derived upstream new-6; not 2025 exam
zh-hsk6-00159,此致,cǐ zhì,[cǐ zhì] (used at the end of a letter to introduce a polite salutation),,general-and-abstract,zh-vocab-adapted,https://raw.githubusercontent.com/drkameleon/complete-hsk-vocabulary/7ac65bf1a6387d35f1ade478906172a19311c7f9/complete.json#/1355,2021-standard-derived upstream new-6; not 2025 exam
zh-hsk6-00160,次数,cì shù,[cì shù] number of times; frequency; order number (in a series); power (math.); degree of a polynomial (math.),,time-and-quantity,zh-vocab-adapted,https://raw.githubusercontent.com/drkameleon/complete-hsk-vocabulary/7ac65bf1a6387d35f1ade478906172a19311c7f9/complete.json#/1359,2021-standard-derived upstream new-6; not 2025 exam
zh-hsk6-00161,从不,cóng bù,[cóng bù] never,,general-and-abstract,zh-vocab-adapted,https://raw.githubusercontent.com/drkameleon/complete-hsk-vocabulary/7ac65bf1a6387d35f1ade478906172a19311c7f9/complete.json#/1376,2021-standard-derived upstream new-6; not 2025 exam
zh-hsk6-00162,从没,cóng méi,[cóng méi] never (in the past); never did,,general-and-abstract,zh-vocab-adapted,https://raw.githubusercontent.com/drkameleon/complete-hsk-vocabulary/7ac65bf1a6387d35f1ade478906172a19311c7f9/complete.json#/1382,2021-standard-derived upstream new-6; not 2025 exam
zh-hsk6-00163,醋,cù,[cù] vinegar; jealousy (in love rivalry),,general-and-abstract,zh-vocab-adapted,https://raw.githubusercontent.com/drkameleon/complete-hsk-vocabulary/7ac65bf1a6387d35f1ade478906172a19311c7f9/complete.json#/1409,2021-standard-derived upstream new-6; not 2025 exam
zh-hsk6-00164,村庄,cūn zhuāng,[cūn zhuāng] village; hamlet,,general-and-abstract,zh-vocab-adapted,https://raw.githubusercontent.com/drkameleon/complete-hsk-vocabulary/7ac65bf1a6387d35f1ade478906172a19311c7f9/complete.json#/1421,2021-standard-derived upstream new-6; not 2025 exam
zh-hsk6-00165,错过,cuò guò,"[cuò guò] to miss (train, opportunity etc)",,travel-and-places,zh-vocab-adapted,https://raw.githubusercontent.com/drkameleon/complete-hsk-vocabulary/7ac65bf1a6387d35f1ade478906172a19311c7f9/complete.json#/1436,2021-standard-derived upstream new-6; not 2025 exam
zh-hsk6-00166,搭,dā,"[dā] to put up; to build (scaffolding); to hang (clothes on a pole); to connect; to join; to arrange in pairs; to match; to add; to throw in (resources); to take (boat, train)",,travel-and-places,zh-vocab-adapted,https://raw.githubusercontent.com/drkameleon/complete-hsk-vocabulary/7ac65bf1a6387d35f1ade478906172a19311c7f9/complete.json#/1441,2021-standard-derived upstream new-6; not 2025 exam
zh-hsk6-00167,搭档,dā dàng,[dā dàng] to cooperate; partner,,general-and-abstract,zh-vocab-adapted,https://raw.githubusercontent.com/drkameleon/complete-hsk-vocabulary/7ac65bf1a6387d35f1ade478906172a19311c7f9/complete.json#/1443,2021-standard-derived upstream new-6; not 2025 exam
zh-hsk6-00168,搭配,dā pèi,[dā pèi] to pair up; to match; to arrange in pairs; to add sth into a group,,general-and-abstract,zh-vocab-adapted,https://raw.githubusercontent.com/drkameleon/complete-hsk-vocabulary/7ac65bf1a6387d35f1ade478906172a19311c7f9/complete.json#/1445,2021-standard-derived upstream new-6; not 2025 exam
zh-hsk6-00169,打动,dǎ dòng,[dǎ dòng] to move (to pity); arousing (sympathy); touching,,general-and-abstract,zh-vocab-adapted,https://raw.githubusercontent.com/drkameleon/complete-hsk-vocabulary/7ac65bf1a6387d35f1ade478906172a19311c7f9/complete.json#/1462,2021-standard-derived upstream new-6; not 2025 exam
zh-hsk6-00170,打断,dǎ duàn,[dǎ duàn] to interrupt; to break off; to break (a bone),,general-and-abstract,zh-vocab-adapted,https://raw.githubusercontent.com/drkameleon/complete-hsk-vocabulary/7ac65bf1a6387d35f1ade478906172a19311c7f9/complete.json#/1463,2021-standard-derived upstream new-6; not 2025 exam
zh-hsk6-00171,打发,dǎ fa,[dǎ fa] to dispatch sb to do sth; to make sb leave; to pass (the time); (old) to make arrangements; (old) to bestow (alms etc),,time-and-quantity,zh-vocab-adapted,https://raw.githubusercontent.com/drkameleon/complete-hsk-vocabulary/7ac65bf1a6387d35f1ade478906172a19311c7f9/complete.json#/1465,2021-standard-derived upstream new-6; not 2025 exam
zh-hsk6-00172,打官司,dǎ guān si,[dǎ guān si] to file a lawsuit; to sue; to dispute,,general-and-abstract,zh-vocab-adapted,https://raw.githubusercontent.com/drkameleon/complete-hsk-vocabulary/7ac65bf1a6387d35f1ade478906172a19311c7f9/complete.json#/1467,2021-standard-derived upstream new-6; not 2025 exam
zh-hsk6-00173,打牌,dǎ pái,[dǎ pái] to play mahjong or cards,,general-and-abstract,zh-vocab-adapted,https://raw.githubusercontent.com/drkameleon/complete-hsk-vocabulary/7ac65bf1a6387d35f1ade478906172a19311c7f9/complete.json#/1479,2021-standard-derived upstream new-6; not 2025 exam
zh-hsk6-00174,打印机,dǎ yìn jī,[dǎ yìn jī] printer,,general-and-abstract,zh-vocab-adapted,https://raw.githubusercontent.com/drkameleon/complete-hsk-vocabulary/7ac65bf1a6387d35f1ade478906172a19311c7f9/complete.json#/1489,2021-standard-derived upstream new-6; not 2025 exam
zh-hsk6-00175,打造,dǎ zào,[dǎ zào] to create; to build; to develop; to forge (of metal),,general-and-abstract,zh-vocab-adapted,https://raw.githubusercontent.com/drkameleon/complete-hsk-vocabulary/7ac65bf1a6387d35f1ade478906172a19311c7f9/complete.json#/1490,2021-standard-derived upstream new-6; not 2025 exam
zh-hsk6-00176,大道,dà dào,[dà dào] main street; avenue,,general-and-abstract,zh-vocab-adapted,https://raw.githubusercontent.com/drkameleon/complete-hsk-vocabulary/7ac65bf1a6387d35f1ade478906172a19311c7f9/complete.json#/1506,2021-standard-derived upstream new-6; not 2025 exam
zh-hsk6-00177,大街,dà jiē,[dà jiē] street; main street,,general-and-abstract,zh-vocab-adapted,https://raw.githubusercontent.com/drkameleon/complete-hsk-vocabulary/7ac65bf1a6387d35f1ade478906172a19311c7f9/complete.json#/1526,2021-standard-derived upstream new-6; not 2025 exam
zh-hsk6-00178,大力,dà lì,[dà lì] energetically; vigorously,,general-and-abstract,zh-vocab-adapted,https://raw.githubusercontent.com/drkameleon/complete-hsk-vocabulary/7ac65bf1a6387d35f1ade478906172a19311c7f9/complete.json#/1532,2021-standard-derived upstream new-6; not 2025 exam
zh-hsk6-00179,大米,dà mǐ,[dà mǐ] (husked) rice,,food-and-shopping,zh-vocab-adapted,https://raw.githubusercontent.com/drkameleon/complete-hsk-vocabulary/7ac65bf1a6387d35f1ade478906172a19311c7f9/complete.json#/1538,2021-standard-derived upstream new-6; not 2025 exam
zh-hsk6-00180,大批,dà pī,[dà pī] large quantities of,,general-and-abstract,zh-vocab-adapted,https://raw.githubusercontent.com/drkameleon/complete-hsk-vocabulary/7ac65bf1a6387d35f1ade478906172a19311c7f9/complete.json#/1544,2021-standard-derived upstream new-6; not 2025 exam
zh-hsk6-00181,大赛,dà sài,[dà sài] grand contest,,general-and-abstract,zh-vocab-adapted,https://raw.githubusercontent.com/drkameleon/complete-hsk-vocabulary/7ac65bf1a6387d35f1ade478906172a19311c7f9/complete.json#/1548,2021-standard-derived upstream new-6; not 2025 exam
zh-hsk6-00182,大师,dà shī,[dà shī] great master; master,,general-and-abstract,zh-vocab-adapted,https://raw.githubusercontent.com/drkameleon/complete-hsk-vocabulary/7ac65bf1a6387d35f1ade478906172a19311c7f9/complete.json#/1551,2021-standard-derived upstream new-6; not 2025 exam
zh-hsk6-00183,大使,dà shǐ,[dà shǐ] ambassador; envoy,,general-and-abstract,zh-vocab-adapted,https://raw.githubusercontent.com/drkameleon/complete-hsk-vocabulary/7ac65bf1a6387d35f1ade478906172a19311c7f9/complete.json#/1552,2021-standard-derived upstream new-6; not 2025 exam
zh-hsk6-00184,待会儿,dāi huì r,[dāi huì r] in a moment; later; also pr. or,,general-and-abstract,zh-vocab-adapted,https://raw.githubusercontent.com/drkameleon/complete-hsk-vocabulary/7ac65bf1a6387d35f1ade478906172a19311c7f9/complete.json#/1603,2021-standard-derived upstream new-6; not 2025 exam
zh-hsk6-00185,单打,dān dǎ,[dān dǎ] singles (in sports),,general-and-abstract,zh-vocab-adapted,https://raw.githubusercontent.com/drkameleon/complete-hsk-vocabulary/7ac65bf1a6387d35f1ade478906172a19311c7f9/complete.json#/1614,2021-standard-derived upstream new-6; not 2025 exam
zh-hsk6-00186,担忧,dān yōu,[dān yōu] to worry; to be concerned,,general-and-abstract,zh-vocab-adapted,https://raw.githubusercontent.com/drkameleon/complete-hsk-vocabulary/7ac65bf1a6387d35f1ade478906172a19311c7f9/complete.json#/1628,2021-standard-derived upstream new-6; not 2025 exam
zh-hsk6-00187,诞生,dàn shēng,[dàn shēng] to be born,,general-and-abstract,zh-vocab-adapted,https://raw.githubusercontent.com/drkameleon/complete-hsk-vocabulary/7ac65bf1a6387d35f1ade478906172a19311c7f9/complete.json#/1641,2021-standard-derived upstream new-6; not 2025 exam
zh-hsk6-00188,当成,dàng chéng,[dàng chéng] to consider as; to take to be,,general-and-abstract,zh-vocab-adapted,https://raw.githubusercontent.com/drkameleon/complete-hsk-vocabulary/7ac65bf1a6387d35f1ade478906172a19311c7f9/complete.json#/1653,2021-standard-derived upstream new-6; not 2025 exam
zh-hsk6-00189,当天,dāng tiān / dàng tiān,[dāng tiān] on that day / [dàng tiān] the same day,,time-and-quantity,zh-vocab-adapted,https://raw.githubusercontent.com/drkameleon/complete-hsk-vocabulary/7ac65bf1a6387d35f1ade478906172a19311c7f9/complete.json#/1666,2021-standard-derived upstream new-6; not 2025 exam
zh-hsk6-00190,当作,dàng zuò,[dàng zuò] to treat as; to regard as,,general-and-abstract,zh-vocab-adapted,https://raw.githubusercontent.com/drkameleon/complete-hsk-vocabulary/7ac65bf1a6387d35f1ade478906172a19311c7f9/complete.json#/1677,2021-standard-derived upstream new-6; not 2025 exam
zh-hsk6-00191,党,Dǎng / dǎng,[Dǎng] surname Dang / [dǎng] party; association; club; society,,society-and-public-life,zh-vocab-adapted,https://raw.githubusercontent.com/drkameleon/complete-hsk-vocabulary/7ac65bf1a6387d35f1ade478906172a19311c7f9/complete.json#/1679,2021-standard-derived upstream new-6; not 2025 exam
zh-hsk6-00192,档,dǎng / dàng,"[dǎng] (Tw) gear / [dàng] official records; grade (of goods); file; records; shelves; slot; gap; crosspiece; classifier for crosspieces; classifier for events, affairs etc; Taiwan pr.",,general-and-abstract,zh-vocab-adapted,https://raw.githubusercontent.com/drkameleon/complete-hsk-vocabulary/7ac65bf1a6387d35f1ade478906172a19311c7f9/complete.json#/1681,2021-standard-derived upstream new-6; not 2025 exam
zh-hsk6-00193,档案,dàng àn,[dàng àn] file; record; archive,,general-and-abstract,zh-vocab-adapted,https://raw.githubusercontent.com/drkameleon/complete-hsk-vocabulary/7ac65bf1a6387d35f1ade478906172a19311c7f9/complete.json#/1682,2021-standard-derived upstream new-6; not 2025 exam
zh-hsk6-00194,岛,dǎo,[dǎo] island,,general-and-abstract,zh-vocab-adapted,https://raw.githubusercontent.com/drkameleon/complete-hsk-vocabulary/7ac65bf1a6387d35f1ade478906172a19311c7f9/complete.json#/1693,2021-standard-derived upstream new-6; not 2025 exam
zh-hsk6-00195,到期,dào qī,[dào qī] to fall due (loan etc); to expire (visa etc); to mature (investment bond etc),,general-and-abstract,zh-vocab-adapted,https://raw.githubusercontent.com/drkameleon/complete-hsk-vocabulary/7ac65bf1a6387d35f1ade478906172a19311c7f9/complete.json#/1701,2021-standard-derived upstream new-6; not 2025 exam
zh-hsk6-00196,盗版,dào bǎn,[dào bǎn] pirated; illegal,,general-and-abstract,zh-vocab-adapted,https://raw.githubusercontent.com/drkameleon/complete-hsk-vocabulary/7ac65bf1a6387d35f1ade478906172a19311c7f9/complete.json#/1716,2021-standard-derived upstream new-6; not 2025 exam
zh-hsk6-00197,道教,Dào jiào,[Dào jiào] Taoism; Daoism (Chinese system of beliefs),,general-and-abstract,zh-vocab-adapted,https://raw.githubusercontent.com/drkameleon/complete-hsk-vocabulary/7ac65bf1a6387d35f1ade478906172a19311c7f9/complete.json#/1720,2021-standard-derived upstream new-6; not 2025 exam
zh-hsk6-00198,道歉,dào qiàn,[dào qiàn] to apologize,,general-and-abstract,zh-vocab-adapted,https://raw.githubusercontent.com/drkameleon/complete-hsk-vocabulary/7ac65bf1a6387d35f1ade478906172a19311c7f9/complete.json#/1724,2021-standard-derived upstream new-6; not 2025 exam
zh-hsk6-00199,地板,dì bǎn,[dì bǎn] floor,,general-and-abstract,zh-vocab-adapted,https://raw.githubusercontent.com/drkameleon/complete-hsk-vocabulary/7ac65bf1a6387d35f1ade478906172a19311c7f9/complete.json#/1729,2021-standard-derived upstream new-6; not 2025 exam
zh-hsk6-00200,地名,dì míng,[dì míng] place name; toponym,,general-and-abstract,zh-vocab-adapted,https://raw.githubusercontent.com/drkameleon/complete-hsk-vocabulary/7ac65bf1a6387d35f1ade478906172a19311c7f9/complete.json#/1738,2021-standard-derived upstream new-6; not 2025 exam
zh-hsk6-00201,地下室,dì xià shì,[dì xià shì] basement; cellar,,general-and-abstract,zh-vocab-adapted,https://raw.githubusercontent.com/drkameleon/complete-hsk-vocabulary/7ac65bf1a6387d35f1ade478906172a19311c7f9/complete.json#/1749,2021-standard-derived upstream new-6; not 2025 exam
zh-hsk6-00202,低头,dī tóu,[dī tóu] to bow the head; to yield; to give in,,health-and-body,zh-vocab-adapted,https://raw.githubusercontent.com/drkameleon/complete-hsk-vocabulary/7ac65bf1a6387d35f1ade478906172a19311c7f9/complete.json#/1805,2021-standard-derived upstream new-6; not 2025 exam
zh-hsk6-00203,低温,dī wēn,[dī wēn] low temperature,,general-and-abstract,zh-vocab-adapted,https://raw.githubusercontent.com/drkameleon/complete-hsk-vocabulary/7ac65bf1a6387d35f1ade478906172a19311c7f9/complete.json#/1806,2021-standard-derived upstream new-6; not 2025 exam
zh-hsk6-00204,滴,dī,[dī] a drop; to drip,,general-and-abstract,zh-vocab-adapted,https://raw.githubusercontent.com/drkameleon/complete-hsk-vocabulary/7ac65bf1a6387d35f1ade478906172a19311c7f9/complete.json#/1811,2021-standard-derived upstream new-6; not 2025 exam
zh-hsk6-00205,抵达,dǐ dá,[dǐ dá] to arrive; to reach (a destination),,general-and-abstract,zh-vocab-adapted,https://raw.githubusercontent.com/drkameleon/complete-hsk-vocabulary/7ac65bf1a6387d35f1ade478906172a19311c7f9/complete.json#/1822,2021-standard-derived upstream new-6; not 2025 exam
zh-hsk6-00206,抵抗,dǐ kàng,[dǐ kàng] to resist; resistance,,general-and-abstract,zh-vocab-adapted,https://raw.githubusercontent.com/drkameleon/complete-hsk-vocabulary/7ac65bf1a6387d35f1ade478906172a19311c7f9/complete.json#/1824,2021-standard-derived upstream new-6; not 2025 exam
zh-hsk6-00207,电车,diàn chē,[diàn chē] trolleybus,,general-and-abstract,zh-vocab-adapted,https://raw.githubusercontent.com/drkameleon/complete-hsk-vocabulary/7ac65bf1a6387d35f1ade478906172a19311c7f9/complete.json#/1862,2021-standard-derived upstream new-6; not 2025 exam
zh-hsk6-00208,电动,diàn dòng,[diàn dòng] electric-powered; (Tw) video game,,nature-and-technology,zh-vocab-adapted,https://raw.githubusercontent.com/drkameleon/complete-hsk-vocabulary/7ac65bf1a6387d35f1ade478906172a19311c7f9/complete.json#/1865,2021-standard-derived upstream new-6; not 2025 exam
zh-hsk6-00209,电力,diàn lì,[diàn lì] electrical power; electricity,,general-and-abstract,zh-vocab-adapted,https://raw.githubusercontent.com/drkameleon/complete-hsk-vocabulary/7ac65bf1a6387d35f1ade478906172a19311c7f9/complete.json#/1869,2021-standard-derived upstream new-6; not 2025 exam
zh-hsk6-00210,电器,diàn qì,[diàn qì] (electrical) appliance; device,,general-and-abstract,zh-vocab-adapted,https://raw.githubusercontent.com/drkameleon/complete-hsk-vocabulary/7ac65bf1a6387d35f1ade478906172a19311c7f9/complete.json#/1872,2021-standard-derived upstream new-6; not 2025 exam
zh-hsk6-00211,吊,diào,[diào] to suspend; to hang up; to hang a person / [diào] a string of 100 cash (arch.); to lament; to condole with,,general-and-abstract,zh-vocab-adapted,https://raw.githubusercontent.com/drkameleon/complete-hsk-vocabulary/7ac65bf1a6387d35f1ade478906172a19311c7f9/complete.json#/1902,2021-standard-derived upstream new-6; not 2025 exam
zh-hsk6-00212,调研,diào yán,[diào yán] to investigate and research; research; investigation,,general-and-abstract,zh-vocab-adapted,https://raw.githubusercontent.com/drkameleon/complete-hsk-vocabulary/7ac65bf1a6387d35f1ade478906172a19311c7f9/complete.json#/1919,2021-standard-derived upstream new-6; not 2025 exam
zh-hsk6-00213,跌,diē,[diē] to fall; to tumble; to trip; (of prices etc) to drop; Taiwan pr.,,general-and-abstract,zh-vocab-adapted,https://raw.githubusercontent.com/drkameleon/complete-hsk-vocabulary/7ac65bf1a6387d35f1ade478906172a19311c7f9/complete.json#/1925,2021-standard-derived upstream new-6; not 2025 exam
zh-hsk6-00214,定价,dìng jià,[dìng jià] to set a price; to fix a price,,food-and-shopping,zh-vocab-adapted,https://raw.githubusercontent.com/drkameleon/complete-hsk-vocabulary/7ac65bf1a6387d35f1ade478906172a19311c7f9/complete.json#/1943,2021-standard-derived upstream new-6; not 2025 exam
zh-hsk6-00215,定时,dìng shí,[dìng shí] to fix a time; fixed time; timed (of explosive etc),,time-and-quantity,zh-vocab-adapted,https://raw.githubusercontent.com/drkameleon/complete-hsk-vocabulary/7ac65bf1a6387d35f1ade478906172a19311c7f9/complete.json#/1948,2021-standard-derived upstream new-6; not 2025 exam
zh-hsk6-00216,定位,dìng wèi,[dìng wèi] to orientate; to position; to categorize (as); to characterize (as); positioning; position; niche,,general-and-abstract,zh-vocab-adapted,https://raw.githubusercontent.com/drkameleon/complete-hsk-vocabulary/7ac65bf1a6387d35f1ade478906172a19311c7f9/complete.json#/1950,2021-standard-derived upstream new-6; not 2025 exam
zh-hsk6-00217,动画,dòng huà,[dòng huà] animation; cartoon,,general-and-abstract,zh-vocab-adapted,https://raw.githubusercontent.com/drkameleon/complete-hsk-vocabulary/7ac65bf1a6387d35f1ade478906172a19311c7f9/complete.json#/1987,2021-standard-derived upstream new-6; not 2025 exam
zh-hsk6-00218,都市,dū shì,[dū shì] city; metropolis,,travel-and-places,zh-vocab-adapted,https://raw.githubusercontent.com/drkameleon/complete-hsk-vocabulary/7ac65bf1a6387d35f1ade478906172a19311c7f9/complete.json#/2013,2021-standard-derived upstream new-6; not 2025 exam
zh-hsk6-00219,斗争,dòu zhēng,[dòu zhēng] a struggle; fight; battle,,general-and-abstract,zh-vocab-adapted,https://raw.githubusercontent.com/drkameleon/complete-hsk-vocabulary/7ac65bf1a6387d35f1ade478906172a19311c7f9/complete.json#/2021,2021-standard-derived upstream new-6; not 2025 exam
zh-hsk6-00220,毒品,dú pǐn,[dú pǐn] drugs; narcotics; poison,,general-and-abstract,zh-vocab-adapted,https://raw.githubusercontent.com/drkameleon/complete-hsk-vocabulary/7ac65bf1a6387d35f1ade478906172a19311c7f9/complete.json#/2030,2021-standard-derived upstream new-6; not 2025 exam
zh-hsk6-00221,赌,dǔ,[dǔ] to bet; to gamble,,general-and-abstract,zh-vocab-adapted,https://raw.githubusercontent.com/drkameleon/complete-hsk-vocabulary/7ac65bf1a6387d35f1ade478906172a19311c7f9/complete.json#/2048,2021-standard-derived upstream new-6; not 2025 exam
zh-hsk6-00222,赌博,dǔ bó,[dǔ bó] to gamble,,general-and-abstract,zh-vocab-adapted,https://raw.githubusercontent.com/drkameleon/complete-hsk-vocabulary/7ac65bf1a6387d35f1ade478906172a19311c7f9/complete.json#/2049,2021-standard-derived upstream new-6; not 2025 exam
zh-hsk6-00223,渡,dù,[dù] to cross; to pass through; to ferry,,general-and-abstract,zh-vocab-adapted,https://raw.githubusercontent.com/drkameleon/complete-hsk-vocabulary/7ac65bf1a6387d35f1ade478906172a19311c7f9/complete.json#/2056,2021-standard-derived upstream new-6; not 2025 exam
zh-hsk6-00224,端,duān,[duān] end; extremity; item; port; to hold sth level with both hands; to carry; regular / [duān] start; origin,,general-and-abstract,zh-vocab-adapted,https://raw.githubusercontent.com/drkameleon/complete-hsk-vocabulary/7ac65bf1a6387d35f1ade478906172a19311c7f9/complete.json#/2058,2021-standard-derived upstream new-6; not 2025 exam
zh-hsk6-00225,端午节,Duān wǔ jié,[Duān wǔ jié] Dragon Boat Festival (5th day of the 5th lunar month),,time-and-quantity,zh-vocab-adapted,https://raw.githubusercontent.com/drkameleon/complete-hsk-vocabulary/7ac65bf1a6387d35f1ade478906172a19311c7f9/complete.json#/2059,2021-standard-derived upstream new-6; not 2025 exam
zh-hsk6-00226,短片,duǎn piàn,[duǎn piàn] short film; video clip,,general-and-abstract,zh-vocab-adapted,https://raw.githubusercontent.com/drkameleon/complete-hsk-vocabulary/7ac65bf1a6387d35f1ade478906172a19311c7f9/complete.json#/2065,2021-standard-derived upstream new-6; not 2025 exam
zh-hsk6-00227,队伍,duì wǔ,[duì wǔ] ranks; troops; queue; line; procession,,general-and-abstract,zh-vocab-adapted,https://raw.githubusercontent.com/drkameleon/complete-hsk-vocabulary/7ac65bf1a6387d35f1ade478906172a19311c7f9/complete.json#/2082,2021-standard-derived upstream new-6; not 2025 exam
zh-hsk6-00228,对抗,duì kàng,[duì kàng] to withstand; to resist; to stand off; antagonism; confrontation,,general-and-abstract,zh-vocab-adapted,https://raw.githubusercontent.com/drkameleon/complete-hsk-vocabulary/7ac65bf1a6387d35f1ade478906172a19311c7f9/complete.json#/2097,2021-standard-derived upstream new-6; not 2025 exam
zh-hsk6-00229,对外,duì wài,[duì wài] external; foreign; pertaining to external or foreign (affairs),,general-and-abstract,zh-vocab-adapted,https://raw.githubusercontent.com/drkameleon/complete-hsk-vocabulary/7ac65bf1a6387d35f1ade478906172a19311c7f9/complete.json#/2102,2021-standard-derived upstream new-6; not 2025 exam
zh-hsk6-00230,蹲,dūn,[dūn] to crouch; to squat; to stay (somewhere),,general-and-abstract,zh-vocab-adapted,https://raw.githubusercontent.com/drkameleon/complete-hsk-vocabulary/7ac65bf1a6387d35f1ade478906172a19311c7f9/complete.json#/2115,2021-standard-derived upstream new-6; not 2025 exam
zh-hsk6-00231,多半,duō bàn,[duō bàn] most; mostly; most likely,,general-and-abstract,zh-vocab-adapted,https://raw.githubusercontent.com/drkameleon/complete-hsk-vocabulary/7ac65bf1a6387d35f1ade478906172a19311c7f9/complete.json#/2120,2021-standard-derived upstream new-6; not 2025 exam
zh-hsk6-00232,多方面,duō fāng miàn,[duō fāng miàn] many-sided; in many aspects,,general-and-abstract,zh-vocab-adapted,https://raw.githubusercontent.com/drkameleon/complete-hsk-vocabulary/7ac65bf1a6387d35f1ade478906172a19311c7f9/complete.json#/2123,2021-standard-derived upstream new-6; not 2025 exam
zh-hsk6-00233,多媒体,duō méi tǐ,[duō méi tǐ] multimedia,,general-and-abstract,zh-vocab-adapted,https://raw.githubusercontent.com/drkameleon/complete-hsk-vocabulary/7ac65bf1a6387d35f1ade478906172a19311c7f9/complete.json#/2129,2021-standard-derived upstream new-6; not 2025 exam
zh-hsk6-00234,夺,duó,[duó] to seize; to take away forcibly; to wrest control of; to compete or strive for; to force one's way through; to leave out; to lose,,general-and-abstract,zh-vocab-adapted,https://raw.githubusercontent.com/drkameleon/complete-hsk-vocabulary/7ac65bf1a6387d35f1ade478906172a19311c7f9/complete.json#/2142,2021-standard-derived upstream new-6; not 2025 exam
zh-hsk6-00235,夺取,duó qǔ,[duó qǔ] to seize; to capture; to wrest control of,,general-and-abstract,zh-vocab-adapted,https://raw.githubusercontent.com/drkameleon/complete-hsk-vocabulary/7ac65bf1a6387d35f1ade478906172a19311c7f9/complete.json#/2145,2021-standard-derived upstream new-6; not 2025 exam
zh-hsk6-00236,恩人,ēn rén,[ēn rén] a benefactor; a person who has significantly helped sb else,,general-and-abstract,zh-vocab-adapted,https://raw.githubusercontent.com/drkameleon/complete-hsk-vocabulary/7ac65bf1a6387d35f1ade478906172a19311c7f9/complete.json#/2172,2021-standard-derived upstream new-6; not 2025 exam
zh-hsk6-00237,儿科,ér kē,[ér kē] pediatrics,,general-and-abstract,zh-vocab-adapted,https://raw.githubusercontent.com/drkameleon/complete-hsk-vocabulary/7ac65bf1a6387d35f1ade478906172a19311c7f9/complete.json#/2174,2021-standard-derived upstream new-6; not 2025 exam
zh-hsk6-00238,发病,fā bìng,[fā bìng] (of an illness) to occur; (of a person) to get sick; to fall ill; onset (of a medical condition),,health-and-body,zh-vocab-adapted,https://raw.githubusercontent.com/drkameleon/complete-hsk-vocabulary/7ac65bf1a6387d35f1ade478906172a19311c7f9/complete.json#/2196,2021-standard-derived upstream new-6; not 2025 exam
zh-hsk6-00239,发电,fā diàn,[fā diàn] to generate electricity; to send a telegram,,general-and-abstract,zh-vocab-adapted,https://raw.githubusercontent.com/drkameleon/complete-hsk-vocabulary/7ac65bf1a6387d35f1ade478906172a19311c7f9/complete.json#/2204,2021-standard-derived upstream new-6; not 2025 exam
zh-hsk6-00240,发放,fā fàng,[fā fàng] to provide; to give; to grant,,general-and-abstract,zh-vocab-adapted,https://raw.githubusercontent.com/drkameleon/complete-hsk-vocabulary/7ac65bf1a6387d35f1ade478906172a19311c7f9/complete.json#/2208,2021-standard-derived upstream new-6; not 2025 exam
zh-hsk6-00241,发怒,fā nù,[fā nù] to get angry,,general-and-abstract,zh-vocab-adapted,https://raw.githubusercontent.com/drkameleon/complete-hsk-vocabulary/7ac65bf1a6387d35f1ade478906172a19311c7f9/complete.json#/2218,2021-standard-derived upstream new-6; not 2025 exam
zh-hsk6-00242,发起,fā qǐ,"[fā qǐ] to originate; to initiate; to launch (an attack, an initiative etc); to start; to propose sth (for the first time)",,time-and-quantity,zh-vocab-adapted,https://raw.githubusercontent.com/drkameleon/complete-hsk-vocabulary/7ac65bf1a6387d35f1ade478906172a19311c7f9/complete.json#/2221,2021-standard-derived upstream new-6; not 2025 exam
zh-hsk6-00243,发言人,fā yán rén,[fā yán rén] spokesperson,,general-and-abstract,zh-vocab-adapted,https://raw.githubusercontent.com/drkameleon/complete-hsk-vocabulary/7ac65bf1a6387d35f1ade478906172a19311c7f9/complete.json#/2234,2021-standard-derived upstream new-6; not 2025 exam
zh-hsk6-00244,发炎,fā yán,[fā yán] to become inflamed; inflammation,,general-and-abstract,zh-vocab-adapted,https://raw.githubusercontent.com/drkameleon/complete-hsk-vocabulary/7ac65bf1a6387d35f1ade478906172a19311c7f9/complete.json#/2235,2021-standard-derived upstream new-6; not 2025 exam
zh-hsk6-00245,法庭,fǎ tíng,[fǎ tíng] court of law,,society-and-public-life,zh-vocab-adapted,https://raw.githubusercontent.com/drkameleon/complete-hsk-vocabulary/7ac65bf1a6387d35f1ade478906172a19311c7f9/complete.json#/2250,2021-standard-derived upstream new-6; not 2025 exam
zh-hsk6-00246,法语,Fǎ yǔ,[Fǎ yǔ] French (language),,thought-and-communication,zh-vocab-adapted,https://raw.githubusercontent.com/drkameleon/complete-hsk-vocabulary/7ac65bf1a6387d35f1ade478906172a19311c7f9/complete.json#/2251,2021-standard-derived upstream new-6; not 2025 exam
zh-hsk6-00247,番,Pān / fān,"[Pān] surname Pan / [fān] foreign (non-Chinese); barbarian; classifier for occurrences (of an event, action or speech utterance); classifier for iterations: times, -fold (as in twofold etc); classifier for situations: kind, sort",,general-and-abstract,zh-vocab-adapted,https://raw.githubusercontent.com/drkameleon/complete-hsk-vocabulary/7ac65bf1a6387d35f1ade478906172a19311c7f9/complete.json#/2256,2021-standard-derived upstream new-6; not 2025 exam
zh-hsk6-00248,番茄,fān qié,[fān qié] tomato,,general-and-abstract,zh-vocab-adapted,https://raw.githubusercontent.com/drkameleon/complete-hsk-vocabulary/7ac65bf1a6387d35f1ade478906172a19311c7f9/complete.json#/2257,2021-standard-derived upstream new-6; not 2025 exam
zh-hsk6-00249,凡是,fán shì,[fán shì] each and every; every; all; any,,general-and-abstract,zh-vocab-adapted,https://raw.githubusercontent.com/drkameleon/complete-hsk-vocabulary/7ac65bf1a6387d35f1ade478906172a19311c7f9/complete.json#/2264,2021-standard-derived upstream new-6; not 2025 exam
zh-hsk6-00250,繁殖,fán zhí,[fán zhí] to breed; to reproduce; to propagate,,general-and-abstract,zh-vocab-adapted,https://raw.githubusercontent.com/drkameleon/complete-hsk-vocabulary/7ac65bf1a6387d35f1ade478906172a19311c7f9/complete.json#/2273,2021-standard-derived upstream new-6; not 2025 exam
zh-hsk6-00251,反抗,fǎn kàng,[fǎn kàng] to resist; to rebel,,general-and-abstract,zh-vocab-adapted,https://raw.githubusercontent.com/drkameleon/complete-hsk-vocabulary/7ac65bf1a6387d35f1ade478906172a19311c7f9/complete.json#/2288,2021-standard-derived upstream new-6; not 2025 exam
zh-hsk6-00252,反问,fǎn wèn,[fǎn wèn] to ask (a question) in reply; to answer a question with a question; rhetorical question,,general-and-abstract,zh-vocab-adapted,https://raw.githubusercontent.com/drkameleon/complete-hsk-vocabulary/7ac65bf1a6387d35f1ade478906172a19311c7f9/complete.json#/2294,2021-standard-derived upstream new-6; not 2025 exam
zh-hsk6-00253,反响,fǎn xiǎng,[fǎn xiǎng] repercussions; reaction; echo,,general-and-abstract,zh-vocab-adapted,https://raw.githubusercontent.com/drkameleon/complete-hsk-vocabulary/7ac65bf1a6387d35f1ade478906172a19311c7f9/complete.json#/2295,2021-standard-derived upstream new-6; not 2025 exam
zh-hsk6-00254,犯,fàn,[fàn] to violate; to offend; to assault; criminal; crime; to make a mistake; recurrence (of mistake or sth bad),,general-and-abstract,zh-vocab-adapted,https://raw.githubusercontent.com/drkameleon/complete-hsk-vocabulary/7ac65bf1a6387d35f1ade478906172a19311c7f9/complete.json#/2302,2021-standard-derived upstream new-6; not 2025 exam
zh-hsk6-00255,犯规,fàn guī,[fàn guī] to break the rules; an illegality; a foul,,general-and-abstract,zh-vocab-adapted,https://raw.githubusercontent.com/drkameleon/complete-hsk-vocabulary/7ac65bf1a6387d35f1ade478906172a19311c7f9/complete.json#/2304,2021-standard-derived upstream new-6; not 2025 exam
zh-hsk6-00256,犯罪,fàn zuì,[fàn zuì] to commit a crime; crime; offense,,general-and-abstract,zh-vocab-adapted,https://raw.githubusercontent.com/drkameleon/complete-hsk-vocabulary/7ac65bf1a6387d35f1ade478906172a19311c7f9/complete.json#/2305,2021-standard-derived upstream new-6; not 2025 exam
zh-hsk6-00257,防范,fáng fàn,[fáng fàn] to be on guard; wariness; to guard against; preventive,,general-and-abstract,zh-vocab-adapted,https://raw.githubusercontent.com/drkameleon/complete-hsk-vocabulary/7ac65bf1a6387d35f1ade478906172a19311c7f9/complete.json#/2330,2021-standard-derived upstream new-6; not 2025 exam
zh-hsk6-00258,防守,fáng shǒu,[fáng shǒu] to defend; to protect (against),,general-and-abstract,zh-vocab-adapted,https://raw.githubusercontent.com/drkameleon/complete-hsk-vocabulary/7ac65bf1a6387d35f1ade478906172a19311c7f9/complete.json#/2333,2021-standard-derived upstream new-6; not 2025 exam
zh-hsk6-00259,房价,fáng jià,[fáng jià] house price; cost of housing,,food-and-shopping,zh-vocab-adapted,https://raw.githubusercontent.com/drkameleon/complete-hsk-vocabulary/7ac65bf1a6387d35f1ade478906172a19311c7f9/complete.json#/2344,2021-standard-derived upstream new-6; not 2025 exam
zh-hsk6-00260,仿佛,fǎng fú,[fǎng fú] to seem; as if; alike; similar,,general-and-abstract,zh-vocab-adapted,https://raw.githubusercontent.com/drkameleon/complete-hsk-vocabulary/7ac65bf1a6387d35f1ade478906172a19311c7f9/complete.json#/2350,2021-standard-derived upstream new-6; not 2025 exam
zh-hsk6-00261,飞船,fēi chuán,[fēi chuán] spaceship; spacecraft; dirigible; airship,,general-and-abstract,zh-vocab-adapted,https://raw.githubusercontent.com/drkameleon/complete-hsk-vocabulary/7ac65bf1a6387d35f1ade478906172a19311c7f9/complete.json#/2374,2021-standard-derived upstream new-6; not 2025 exam
zh-hsk6-00262,飞行员,fēi xíng yuán,[fēi xíng yuán] pilot; aviator,,general-and-abstract,zh-vocab-adapted,https://raw.githubusercontent.com/drkameleon/complete-hsk-vocabulary/7ac65bf1a6387d35f1ade478906172a19311c7f9/complete.json#/2381,2021-standard-derived upstream new-6; not 2025 exam
zh-hsk6-00263,肺,fèi,[fèi] lung,,general-and-abstract,zh-vocab-adapted,https://raw.githubusercontent.com/drkameleon/complete-hsk-vocabulary/7ac65bf1a6387d35f1ade478906172a19311c7f9/complete.json#/2406,2021-standard-derived upstream new-6; not 2025 exam
zh-hsk6-00264,分工,fēn gōng,[fēn gōng] to divide up the work; division of labor,,study-and-work,zh-vocab-adapted,https://raw.githubusercontent.com/drkameleon/complete-hsk-vocabulary/7ac65bf1a6387d35f1ade478906172a19311c7f9/complete.json#/2418,2021-standard-derived upstream new-6; not 2025 exam
zh-hsk6-00265,分裂,fēn liè,[fēn liè] to split up; to divide; to break up; fission; schism,,general-and-abstract,zh-vocab-adapted,https://raw.githubusercontent.com/drkameleon/complete-hsk-vocabulary/7ac65bf1a6387d35f1ade478906172a19311c7f9/complete.json#/2426,2021-standard-derived upstream new-6; not 2025 exam
zh-hsk6-00266,愤怒,fèn nù,[fèn nù] angry; indignant; wrath; ire,,general-and-abstract,zh-vocab-adapted,https://raw.githubusercontent.com/drkameleon/complete-hsk-vocabulary/7ac65bf1a6387d35f1ade478906172a19311c7f9/complete.json#/2460,2021-standard-derived upstream new-6; not 2025 exam
zh-hsk6-00267,风暴,fēng bào,"[fēng bào] storm; violent commotion; fig. crisis (e.g. revolution, uprising, financial crisis etc)",,general-and-abstract,zh-vocab-adapted,https://raw.githubusercontent.com/drkameleon/complete-hsk-vocabulary/7ac65bf1a6387d35f1ade478906172a19311c7f9/complete.json#/2471,2021-standard-derived upstream new-6; not 2025 exam
zh-hsk6-00268,峰会,fēng huì,[fēng huì] summit meeting,,general-and-abstract,zh-vocab-adapted,https://raw.githubusercontent.com/drkameleon/complete-hsk-vocabulary/7ac65bf1a6387d35f1ade478906172a19311c7f9/complete.json#/2509,2021-standard-derived upstream new-6; not 2025 exam
zh-hsk6-00269,奉献,fèng xiàn,[fèng xiàn] to offer respectfully; to consecrate; to dedicate; to devote,,general-and-abstract,zh-vocab-adapted,https://raw.githubusercontent.com/drkameleon/complete-hsk-vocabulary/7ac65bf1a6387d35f1ade478906172a19311c7f9/complete.json#/2515,2021-standard-derived upstream new-6; not 2025 exam
zh-hsk6-00270,佛,Fó / fú,[Fó] Buddha; Buddhism / [fú] seemingly / [fú] (female) head ornament,,health-and-body,zh-vocab-adapted,https://raw.githubusercontent.com/drkameleon/complete-hsk-vocabulary/7ac65bf1a6387d35f1ade478906172a19311c7f9/complete.json#/2525,2021-standard-derived upstream new-6; not 2025 exam
zh-hsk6-00271,佛教,Fó jiào,[Fó jiào] Buddhism,,general-and-abstract,zh-vocab-adapted,https://raw.githubusercontent.com/drkameleon/complete-hsk-vocabulary/7ac65bf1a6387d35f1ade478906172a19311c7f9/complete.json#/2526,2021-standard-derived upstream new-6; not 2025 exam
zh-hsk6-00272,服,fú / fù,"[fú] clothes; dress; garment; to serve (in the military, a prison sentence etc); to obey; to be convinced (by an argument); to convince; to admire; to acclimatize; to take (medicine); mourning clothes; to wear mourning clothes / [fù] classifier for medicine: dose; Taiwan pr.",,health-and-body,zh-vocab-adapted,https://raw.githubusercontent.com/drkameleon/complete-hsk-vocabulary/7ac65bf1a6387d35f1ade478906172a19311c7f9/complete.json#/2529,2021-standard-derived upstream new-6; not 2025 exam
zh-hsk6-00273,浮,fú,[fú] to float; superficial; floating; unstable; movable; provisional; temporary; transient; impetuous; hollow; inflated; to exceed; superfluous; excessive; surplus,,general-and-abstract,zh-vocab-adapted,https://raw.githubusercontent.com/drkameleon/complete-hsk-vocabulary/7ac65bf1a6387d35f1ade478906172a19311c7f9/complete.json#/2540,2021-standard-derived upstream new-6; not 2025 exam
zh-hsk6-00274,父女,fù nǚ,[fù nǚ] father and daughter,,people-and-relationships,zh-vocab-adapted,https://raw.githubusercontent.com/drkameleon/complete-hsk-vocabulary/7ac65bf1a6387d35f1ade478906172a19311c7f9/complete.json#/2567,2021-standard-derived upstream new-6; not 2025 exam
zh-hsk6-00275,父子,fù zǐ,[fù zǐ] father and son,,people-and-relationships,zh-vocab-adapted,https://raw.githubusercontent.com/drkameleon/complete-hsk-vocabulary/7ac65bf1a6387d35f1ade478906172a19311c7f9/complete.json#/2569,2021-standard-derived upstream new-6; not 2025 exam
zh-hsk6-00276,妇女,fù nǚ,[fù nǚ] woman,,general-and-abstract,zh-vocab-adapted,https://raw.githubusercontent.com/drkameleon/complete-hsk-vocabulary/7ac65bf1a6387d35f1ade478906172a19311c7f9/complete.json#/2574,2021-standard-derived upstream new-6; not 2025 exam
zh-hsk6-00277,负,fù,[fù] to bear; to carry (on one's back); to turn one's back on; to be defeated; negative (math. etc),,general-and-abstract,zh-vocab-adapted,https://raw.githubusercontent.com/drkameleon/complete-hsk-vocabulary/7ac65bf1a6387d35f1ade478906172a19311c7f9/complete.json#/2575,2021-standard-derived upstream new-6; not 2025 exam
zh-hsk6-00278,复苏,fù sū,"[fù sū] to recover (health, economic); to resuscitate; anabiosis",,health-and-body;society-and-public-life,zh-vocab-adapted,https://raw.githubusercontent.com/drkameleon/complete-hsk-vocabulary/7ac65bf1a6387d35f1ade478906172a19311c7f9/complete.json#/2592,2021-standard-derived upstream new-6; not 2025 exam
zh-hsk6-00279,副,fù,"[fù] secondary; auxiliary; deputy; assistant; vice-; classifier for pairs, sets of things & facial expressions",,general-and-abstract,zh-vocab-adapted,https://raw.githubusercontent.com/drkameleon/complete-hsk-vocabulary/7ac65bf1a6387d35f1ade478906172a19311c7f9/complete.json#/2600,2021-standard-derived upstream new-6; not 2025 exam
zh-hsk6-00280,富人,fù rén,[fù rén] rich person; the rich,,general-and-abstract,zh-vocab-adapted,https://raw.githubusercontent.com/drkameleon/complete-hsk-vocabulary/7ac65bf1a6387d35f1ade478906172a19311c7f9/complete.json#/2606,2021-standard-derived upstream new-6; not 2025 exam
zh-hsk6-00281,富有,fù yǒu,[fù yǒu] rich; wealthy; affluent; to be rich in; to be replete with,,general-and-abstract,zh-vocab-adapted,https://raw.githubusercontent.com/drkameleon/complete-hsk-vocabulary/7ac65bf1a6387d35f1ade478906172a19311c7f9/complete.json#/2608,2021-standard-derived upstream new-6; not 2025 exam
zh-hsk6-00282,改装,gǎi zhuāng,[gǎi zhuāng] to change one's costume; to repackage; to remodel; to refit; to modify; to convert,,general-and-abstract,zh-vocab-adapted,https://raw.githubusercontent.com/drkameleon/complete-hsk-vocabulary/7ac65bf1a6387d35f1ade478906172a19311c7f9/complete.json#/2635,2021-standard-derived upstream new-6; not 2025 exam
zh-hsk6-00283,杆,gān / gǎn,[gān] pole / [gǎn] stick; pole; lever; classifier for long objects such as guns,,general-and-abstract,zh-vocab-adapted,https://raw.githubusercontent.com/drkameleon/complete-hsk-vocabulary/7ac65bf1a6387d35f1ade478906172a19311c7f9/complete.json#/2646,2021-standard-derived upstream new-6; not 2025 exam
zh-hsk6-00284,肝,gān,"[gān] liver; (slang) to put in long hours, typically late into the night, playing (a video game); (of a video game) involving a lot of repetition in order to progress; grindy",,general-and-abstract,zh-vocab-adapted,https://raw.githubusercontent.com/drkameleon/complete-hsk-vocabulary/7ac65bf1a6387d35f1ade478906172a19311c7f9/complete.json#/2647,2021-standard-derived upstream new-6; not 2025 exam
zh-hsk6-00285,赶不上,gǎn bù shàng,[gǎn bù shàng] can't keep up with; can't catch up with; cannot overtake,,general-and-abstract,zh-vocab-adapted,https://raw.githubusercontent.com/drkameleon/complete-hsk-vocabulary/7ac65bf1a6387d35f1ade478906172a19311c7f9/complete.json#/2651,2021-standard-derived upstream new-6; not 2025 exam
zh-hsk6-00286,赶忙,gǎn máng,[gǎn máng] to hurry; to hasten; to make haste,,general-and-abstract,zh-vocab-adapted,https://raw.githubusercontent.com/drkameleon/complete-hsk-vocabulary/7ac65bf1a6387d35f1ade478906172a19311c7f9/complete.json#/2656,2021-standard-derived upstream new-6; not 2025 exam
zh-hsk6-00287,赶上,gǎn shàng,[gǎn shàng] to keep up with; to catch up with; to overtake; to chance upon; in time for,,time-and-quantity,zh-vocab-adapted,https://raw.githubusercontent.com/drkameleon/complete-hsk-vocabulary/7ac65bf1a6387d35f1ade478906172a19311c7f9/complete.json#/2657,2021-standard-derived upstream new-6; not 2025 exam
zh-hsk6-00288,敢于,gǎn yú,[gǎn yú] to have the courage to do sth; to dare to; bold in,,general-and-abstract,zh-vocab-adapted,https://raw.githubusercontent.com/drkameleon/complete-hsk-vocabulary/7ac65bf1a6387d35f1ade478906172a19311c7f9/complete.json#/2661,2021-standard-derived upstream new-6; not 2025 exam
zh-hsk6-00289,感人,gǎn rén,[gǎn rén] touching; moving,,general-and-abstract,zh-vocab-adapted,https://raw.githubusercontent.com/drkameleon/complete-hsk-vocabulary/7ac65bf1a6387d35f1ade478906172a19311c7f9/complete.json#/2674,2021-standard-derived upstream new-6; not 2025 exam
zh-hsk6-00290,干涉,gān shè,[gān shè] to interfere; to meddle; interference,,general-and-abstract,zh-vocab-adapted,https://raw.githubusercontent.com/drkameleon/complete-hsk-vocabulary/7ac65bf1a6387d35f1ade478906172a19311c7f9/complete.json#/2692,2021-standard-derived upstream new-6; not 2025 exam
zh-hsk6-00291,刚好,gāng hǎo,[gāng hǎo] just; exactly; to happen to be,,general-and-abstract,zh-vocab-adapted,https://raw.githubusercontent.com/drkameleon/complete-hsk-vocabulary/7ac65bf1a6387d35f1ade478906172a19311c7f9/complete.json#/2700,2021-standard-derived upstream new-6; not 2025 exam
zh-hsk6-00292,岗位,gǎng wèi,[gǎng wèi] a post; a job,,study-and-work,zh-vocab-adapted,https://raw.githubusercontent.com/drkameleon/complete-hsk-vocabulary/7ac65bf1a6387d35f1ade478906172a19311c7f9/complete.json#/2711,2021-standard-derived upstream new-6; not 2025 exam
zh-hsk6-00293,港口,gǎng kǒu,[gǎng kǒu] port; harbor,,general-and-abstract,zh-vocab-adapted,https://raw.githubusercontent.com/drkameleon/complete-hsk-vocabulary/7ac65bf1a6387d35f1ade478906172a19311c7f9/complete.json#/2713,2021-standard-derived upstream new-6; not 2025 exam
zh-hsk6-00294,高层,gāo céng,[gāo céng] high-rise; high level; high class,,general-and-abstract,zh-vocab-adapted,https://raw.githubusercontent.com/drkameleon/complete-hsk-vocabulary/7ac65bf1a6387d35f1ade478906172a19311c7f9/complete.json#/2718,2021-standard-derived upstream new-6; not 2025 exam
zh-hsk6-00295,高档,gāo dàng,[gāo dàng] superior quality; high grade; top grade,,general-and-abstract,zh-vocab-adapted,https://raw.githubusercontent.com/drkameleon/complete-hsk-vocabulary/7ac65bf1a6387d35f1ade478906172a19311c7f9/complete.json#/2722,2021-standard-derived upstream new-6; not 2025 exam
zh-hsk6-00296,高等,gāo děng,"[gāo děng] high-level; higher (animals, education etc); advanced (math etc)",,general-and-abstract,zh-vocab-adapted,https://raw.githubusercontent.com/drkameleon/complete-hsk-vocabulary/7ac65bf1a6387d35f1ade478906172a19311c7f9/complete.json#/2723,2021-standard-derived upstream new-6; not 2025 exam
zh-hsk6-00297,高峰,gāo fēng,[gāo fēng] peak; summit; height,,general-and-abstract,zh-vocab-adapted,https://raw.githubusercontent.com/drkameleon/complete-hsk-vocabulary/7ac65bf1a6387d35f1ade478906172a19311c7f9/complete.json#/2729,2021-standard-derived upstream new-6; not 2025 exam
zh-hsk6-00298,高考,gāo kǎo,[gāo kǎo] college entrance exam; (Tw) entrance exam for senior government service posts,,society-and-public-life,zh-vocab-adapted,https://raw.githubusercontent.com/drkameleon/complete-hsk-vocabulary/7ac65bf1a6387d35f1ade478906172a19311c7f9/complete.json#/2735,2021-standard-derived upstream new-6; not 2025 exam
zh-hsk6-00299,高科技,gāo kē jì,[gāo kē jì] high tech; high technology,,nature-and-technology,zh-vocab-adapted,https://raw.githubusercontent.com/drkameleon/complete-hsk-vocabulary/7ac65bf1a6387d35f1ade478906172a19311c7f9/complete.json#/2736,2021-standard-derived upstream new-6; not 2025 exam
zh-hsk6-00300,高手,gāo shǒu,[gāo shǒu] expert; past master; dab hand,,health-and-body,zh-vocab-adapted,https://raw.githubusercontent.com/drkameleon/complete-hsk-vocabulary/7ac65bf1a6387d35f1ade478906172a19311c7f9/complete.json#/2742,2021-standard-derived upstream new-6; not 2025 exam
zh-hsk6-00301,稿子,gǎo zi,[gǎo zi] draft of a document; script; manuscript; mental plan; precedent,,general-and-abstract,zh-vocab-adapted,https://raw.githubusercontent.com/drkameleon/complete-hsk-vocabulary/7ac65bf1a6387d35f1ade478906172a19311c7f9/complete.json#/2762,2021-standard-derived upstream new-6; not 2025 exam
zh-hsk6-00302,歌唱,gē chàng,[gē chàng] to sing,,general-and-abstract,zh-vocab-adapted,https://raw.githubusercontent.com/drkameleon/complete-hsk-vocabulary/7ac65bf1a6387d35f1ade478906172a19311c7f9/complete.json#/2782,2021-standard-derived upstream new-6; not 2025 exam
zh-hsk6-00303,歌词,gē cí,[gē cí] song lyric; lyrics,,general-and-abstract,zh-vocab-adapted,https://raw.githubusercontent.com/drkameleon/complete-hsk-vocabulary/7ac65bf1a6387d35f1ade478906172a19311c7f9/complete.json#/2783,2021-standard-derived upstream new-6; not 2025 exam
zh-hsk6-00304,歌星,gē xīng,[gē xīng] singing star; famous singer,,general-and-abstract,zh-vocab-adapted,https://raw.githubusercontent.com/drkameleon/complete-hsk-vocabulary/7ac65bf1a6387d35f1ade478906172a19311c7f9/complete.json#/2791,2021-standard-derived upstream new-6; not 2025 exam
zh-hsk6-00305,革新,gé xīn,[gé xīn] to innovate; innovation,,general-and-abstract,zh-vocab-adapted,https://raw.githubusercontent.com/drkameleon/complete-hsk-vocabulary/7ac65bf1a6387d35f1ade478906172a19311c7f9/complete.json#/2794,2021-standard-derived upstream new-6; not 2025 exam
zh-hsk6-00306,给予,jǐ yǔ,[jǐ yǔ] (literary) to give; to accord; to render,,general-and-abstract,zh-vocab-adapted,https://raw.githubusercontent.com/drkameleon/complete-hsk-vocabulary/7ac65bf1a6387d35f1ade478906172a19311c7f9/complete.json#/2824,2021-standard-derived upstream new-6; not 2025 exam
zh-hsk6-00307,更是,gèng shì,[gèng shì] even more (so),,general-and-abstract,zh-vocab-adapted,https://raw.githubusercontent.com/drkameleon/complete-hsk-vocabulary/7ac65bf1a6387d35f1ade478906172a19311c7f9/complete.json#/2844,2021-standard-derived upstream new-6; not 2025 exam
zh-hsk6-00308,工商,gōng shāng,[gōng shāng] industry and commerce,,general-and-abstract,zh-vocab-adapted,https://raw.githubusercontent.com/drkameleon/complete-hsk-vocabulary/7ac65bf1a6387d35f1ade478906172a19311c7f9/complete.json#/2857,2021-standard-derived upstream new-6; not 2025 exam
zh-hsk6-00309,公,gōng,"[gōng] public; collectively owned; common; international (e.g. high seas, metric system, calendar); make public; fair; just; Duke, highest of five orders of nobility; honorable (gentlemen); father-in-law; male (animal)",,people-and-relationships;society-and-public-life;nature-and-technology,zh-vocab-adapted,https://raw.githubusercontent.com/drkameleon/complete-hsk-vocabulary/7ac65bf1a6387d35f1ade478906172a19311c7f9/complete.json#/2869,2021-standard-derived upstream new-6; not 2025 exam
zh-hsk6-00310,公安,gōng ān,[gōng ān] (Ministry of) Public Security; public safety; public security,,society-and-public-life,zh-vocab-adapted,https://raw.githubusercontent.com/drkameleon/complete-hsk-vocabulary/7ac65bf1a6387d35f1ade478906172a19311c7f9/complete.json#/2870,2021-standard-derived upstream new-6; not 2025 exam
zh-hsk6-00311,公鸡,gōng jī,[gōng jī] cock; rooster,,general-and-abstract,zh-vocab-adapted,https://raw.githubusercontent.com/drkameleon/complete-hsk-vocabulary/7ac65bf1a6387d35f1ade478906172a19311c7f9/complete.json#/2882,2021-standard-derived upstream new-6; not 2025 exam
zh-hsk6-00312,公众,gōng zhòng,[gōng zhòng] public,,society-and-public-life,zh-vocab-adapted,https://raw.githubusercontent.com/drkameleon/complete-hsk-vocabulary/7ac65bf1a6387d35f1ade478906172a19311c7f9/complete.json#/2916,2021-standard-derived upstream new-6; not 2025 exam
zh-hsk6-00313,公主,gōng zhǔ,[gōng zhǔ] princess,,general-and-abstract,zh-vocab-adapted,https://raw.githubusercontent.com/drkameleon/complete-hsk-vocabulary/7ac65bf1a6387d35f1ade478906172a19311c7f9/complete.json#/2917,2021-standard-derived upstream new-6; not 2025 exam
zh-hsk6-00314,攻击,gōng jī,[gōng jī] to attack; to accuse; to charge; an attack (terrorist or military),,general-and-abstract,zh-vocab-adapted,https://raw.githubusercontent.com/drkameleon/complete-hsk-vocabulary/7ac65bf1a6387d35f1ade478906172a19311c7f9/complete.json#/2931,2021-standard-derived upstream new-6; not 2025 exam
zh-hsk6-00315,供给,gōng jǐ,[gōng jǐ] to furnish; to provide; supply (as in supply and demand),,general-and-abstract,zh-vocab-adapted,https://raw.githubusercontent.com/drkameleon/complete-hsk-vocabulary/7ac65bf1a6387d35f1ade478906172a19311c7f9/complete.json#/2936,2021-standard-derived upstream new-6; not 2025 exam
zh-hsk6-00316,宫,Gōng / gōng,[Gōng] surname Gong / [gōng] palace; temple; castration (as corporal punishment); first note in pentatonic scale,,general-and-abstract,zh-vocab-adapted,https://raw.githubusercontent.com/drkameleon/complete-hsk-vocabulary/7ac65bf1a6387d35f1ade478906172a19311c7f9/complete.json#/2940,2021-standard-derived upstream new-6; not 2025 exam
zh-hsk6-00317,巩固,gǒng gù,[gǒng gù] to consolidate; consolidation; to strengthen,,general-and-abstract,zh-vocab-adapted,https://raw.githubusercontent.com/drkameleon/complete-hsk-vocabulary/7ac65bf1a6387d35f1ade478906172a19311c7f9/complete.json#/2946,2021-standard-derived upstream new-6; not 2025 exam
zh-hsk6-00318,贡献,gòng xiàn,[gòng xiàn] to contribute; to dedicate; to devote; contribution,,general-and-abstract,zh-vocab-adapted,https://raw.githubusercontent.com/drkameleon/complete-hsk-vocabulary/7ac65bf1a6387d35f1ade478906172a19311c7f9/complete.json#/2958,2021-standard-derived upstream new-6; not 2025 exam
zh-hsk6-00319,构建,gòu jiàn,[gòu jiàn] to construct (sth abstract),,general-and-abstract,zh-vocab-adapted,https://raw.githubusercontent.com/drkameleon/complete-hsk-vocabulary/7ac65bf1a6387d35f1ade478906172a19311c7f9/complete.json#/2968,2021-standard-derived upstream new-6; not 2025 exam
zh-hsk6-00320,姑姑,gū gu,[gū gu] paternal aunt,,general-and-abstract,zh-vocab-adapted,https://raw.githubusercontent.com/drkameleon/complete-hsk-vocabulary/7ac65bf1a6387d35f1ade478906172a19311c7f9/complete.json#/2979,2021-standard-derived upstream new-6; not 2025 exam
zh-hsk6-00321,孤独,gū dú,[gū dú] lonely; solitary,,general-and-abstract,zh-vocab-adapted,https://raw.githubusercontent.com/drkameleon/complete-hsk-vocabulary/7ac65bf1a6387d35f1ade478906172a19311c7f9/complete.json#/2983,2021-standard-derived upstream new-6; not 2025 exam
zh-hsk6-00322,孤儿,gū ér,[gū ér] orphan,,general-and-abstract,zh-vocab-adapted,https://raw.githubusercontent.com/drkameleon/complete-hsk-vocabulary/7ac65bf1a6387d35f1ade478906172a19311c7f9/complete.json#/2984,2021-standard-derived upstream new-6; not 2025 exam
zh-hsk6-00323,古典,gǔ diǎn,[gǔ diǎn] classical,,general-and-abstract,zh-vocab-adapted,https://raw.githubusercontent.com/drkameleon/complete-hsk-vocabulary/7ac65bf1a6387d35f1ade478906172a19311c7f9/complete.json#/2992,2021-standard-derived upstream new-6; not 2025 exam
zh-hsk6-00324,股,gǔ,"[gǔ] thigh; part of a whole; portion of a sum; (stock) share; strand of a thread; low-level administrative unit, translated as ""section"" or ""department"" etc; classifier for long winding things like ropes, rivers etc; classifier for smoke, smells etc: thread, puff, whiff; classifier for bands of people, gangs etc; classifier for sudden forceful actions",,general-and-abstract,zh-vocab-adapted,https://raw.githubusercontent.com/drkameleon/complete-hsk-vocabulary/7ac65bf1a6387d35f1ade478906172a19311c7f9/complete.json#/3000,2021-standard-derived upstream new-6; not 2025 exam
zh-hsk6-00325,股东,gǔ dōng,[gǔ dōng] shareholder; stockholder,,general-and-abstract,zh-vocab-adapted,https://raw.githubusercontent.com/drkameleon/complete-hsk-vocabulary/7ac65bf1a6387d35f1ade478906172a19311c7f9/complete.json#/3001,2021-standard-derived upstream new-6; not 2025 exam
zh-hsk6-00326,股票,gǔ piào,[gǔ piào] share certificate; stock (finance),,general-and-abstract,zh-vocab-adapted,https://raw.githubusercontent.com/drkameleon/complete-hsk-vocabulary/7ac65bf1a6387d35f1ade478906172a19311c7f9/complete.json#/3004,2021-standard-derived upstream new-6; not 2025 exam
zh-hsk6-00327,故障,gù zhàng,[gù zhàng] malfunction; breakdown; defect; shortcoming; fault; failure; impediment; error; bug (in software),,general-and-abstract,zh-vocab-adapted,https://raw.githubusercontent.com/drkameleon/complete-hsk-vocabulary/7ac65bf1a6387d35f1ade478906172a19311c7f9/complete.json#/3024,2021-standard-derived upstream new-6; not 2025 exam
zh-hsk6-00328,顾,Gù / gù,[Gù] surname Gu / [gù] to look after; to take into consideration; to attend to,,general-and-abstract,zh-vocab-adapted,https://raw.githubusercontent.com/drkameleon/complete-hsk-vocabulary/7ac65bf1a6387d35f1ade478906172a19311c7f9/complete.json#/3025,2021-standard-derived upstream new-6; not 2025 exam
zh-hsk6-00329,刮,guā,[guā] to scrape; to blow; to shave; to plunder; to extort / [guā] to blow (of the wind),,nature-and-technology,zh-vocab-adapted,https://raw.githubusercontent.com/drkameleon/complete-hsk-vocabulary/7ac65bf1a6387d35f1ade478906172a19311c7f9/complete.json#/3040,2021-standard-derived upstream new-6; not 2025 exam
zh-hsk6-00330,拐,guǎi,[guǎi] to turn (a corner etc); to kidnap; to swindle; to misappropriate; seven / [guǎi] cane; walking stick; crutch; old man's staff,,general-and-abstract,zh-vocab-adapted,https://raw.githubusercontent.com/drkameleon/complete-hsk-vocabulary/7ac65bf1a6387d35f1ade478906172a19311c7f9/complete.json#/3050,2021-standard-derived upstream new-6; not 2025 exam
zh-hsk6-00331,关爱,guān ài,[guān ài] to show concern and care for,,general-and-abstract,zh-vocab-adapted,https://raw.githubusercontent.com/drkameleon/complete-hsk-vocabulary/7ac65bf1a6387d35f1ade478906172a19311c7f9/complete.json#/3058,2021-standard-derived upstream new-6; not 2025 exam
zh-hsk6-00332,关联,guān lián,[guān lián] to be related; to be connected; relationship; connection,,general-and-abstract,zh-vocab-adapted,https://raw.githubusercontent.com/drkameleon/complete-hsk-vocabulary/7ac65bf1a6387d35f1ade478906172a19311c7f9/complete.json#/3065,2021-standard-derived upstream new-6; not 2025 exam
zh-hsk6-00333,观光,guān guāng,[guān guāng] to tour; sightseeing; tourism,,general-and-abstract,zh-vocab-adapted,https://raw.githubusercontent.com/drkameleon/complete-hsk-vocabulary/7ac65bf1a6387d35f1ade478906172a19311c7f9/complete.json#/3078,2021-standard-derived upstream new-6; not 2025 exam
zh-hsk6-00334,官司,guān si,[guān si] lawsuit,,general-and-abstract,zh-vocab-adapted,https://raw.githubusercontent.com/drkameleon/complete-hsk-vocabulary/7ac65bf1a6387d35f1ade478906172a19311c7f9/complete.json#/3091,2021-standard-derived upstream new-6; not 2025 exam
zh-hsk6-00335,管道,guǎn dào,[guǎn dào] tubing; pipeline; (fig.) channel; means,,general-and-abstract,zh-vocab-adapted,https://raw.githubusercontent.com/drkameleon/complete-hsk-vocabulary/7ac65bf1a6387d35f1ade478906172a19311c7f9/complete.json#/3096,2021-standard-derived upstream new-6; not 2025 exam
zh-hsk6-00336,光辉,guāng huī,[guāng huī] radiance; glory; brilliant; magnificent,,general-and-abstract,zh-vocab-adapted,https://raw.githubusercontent.com/drkameleon/complete-hsk-vocabulary/7ac65bf1a6387d35f1ade478906172a19311c7f9/complete.json#/3121,2021-standard-derived upstream new-6; not 2025 exam
zh-hsk6-00337,广阔,guǎng kuò,[guǎng kuò] wide; vast,,general-and-abstract,zh-vocab-adapted,https://raw.githubusercontent.com/drkameleon/complete-hsk-vocabulary/7ac65bf1a6387d35f1ade478906172a19311c7f9/complete.json#/3137,2021-standard-derived upstream new-6; not 2025 exam
zh-hsk6-00338,轨道,guǐ dào,[guǐ dào] track (for trains etc); orbit (of a satellite); (fig.) a person's established path in life; desired trajectory (of a business or other endeavor); (audio engineering) track; (quantum mechanics) orbital,,general-and-abstract,zh-vocab-adapted,https://raw.githubusercontent.com/drkameleon/complete-hsk-vocabulary/7ac65bf1a6387d35f1ade478906172a19311c7f9/complete.json#/3160,2021-standard-derived upstream new-6; not 2025 exam
zh-hsk6-00339,跪,guì,[guì] to kneel,,general-and-abstract,zh-vocab-adapted,https://raw.githubusercontent.com/drkameleon/complete-hsk-vocabulary/7ac65bf1a6387d35f1ade478906172a19311c7f9/complete.json#/3170,2021-standard-derived upstream new-6; not 2025 exam
zh-hsk6-00340,国产,guó chǎn,[guó chǎn] domestically produced,,general-and-abstract,zh-vocab-adapted,https://raw.githubusercontent.com/drkameleon/complete-hsk-vocabulary/7ac65bf1a6387d35f1ade478906172a19311c7f9/complete.json#/3179,2021-standard-derived upstream new-6; not 2025 exam
zh-hsk6-00341,国歌,guó gē,[guó gē] national anthem,,general-and-abstract,zh-vocab-adapted,https://raw.githubusercontent.com/drkameleon/complete-hsk-vocabulary/7ac65bf1a6387d35f1ade478906172a19311c7f9/complete.json#/3181,2021-standard-derived upstream new-6; not 2025 exam
zh-hsk6-00342,国会,Guó huì,[Guó huì] Parliament (UK); Congress (US); Diet (Japan); Legislative Yuan (Taiwan),,general-and-abstract,zh-vocab-adapted,https://raw.githubusercontent.com/drkameleon/complete-hsk-vocabulary/7ac65bf1a6387d35f1ade478906172a19311c7f9/complete.json#/3184,2021-standard-derived upstream new-6; not 2025 exam
zh-hsk6-00343,国旗,guó qí,[guó qí] flag (of a country),,travel-and-places,zh-vocab-adapted,https://raw.githubusercontent.com/drkameleon/complete-hsk-vocabulary/7ac65bf1a6387d35f1ade478906172a19311c7f9/complete.json#/3190,2021-standard-derived upstream new-6; not 2025 exam
zh-hsk6-00344,国王,guó wáng,[guó wáng] king,,general-and-abstract,zh-vocab-adapted,https://raw.githubusercontent.com/drkameleon/complete-hsk-vocabulary/7ac65bf1a6387d35f1ade478906172a19311c7f9/complete.json#/3196,2021-standard-derived upstream new-6; not 2025 exam
zh-hsk6-00345,果酱,guǒ jiàng,[guǒ jiàng] jam,,general-and-abstract,zh-vocab-adapted,https://raw.githubusercontent.com/drkameleon/complete-hsk-vocabulary/7ac65bf1a6387d35f1ade478906172a19311c7f9/complete.json#/3201,2021-standard-derived upstream new-6; not 2025 exam
zh-hsk6-00346,果树,guǒ shù,[guǒ shù] fruit tree,,food-and-shopping,zh-vocab-adapted,https://raw.githubusercontent.com/drkameleon/complete-hsk-vocabulary/7ac65bf1a6387d35f1ade478906172a19311c7f9/complete.json#/3204,2021-standard-derived upstream new-6; not 2025 exam
zh-hsk6-00347,过渡,guò dù,[guò dù] to cross over (by ferry); transition; interim; caretaker (administration),,general-and-abstract,zh-vocab-adapted,https://raw.githubusercontent.com/drkameleon/complete-hsk-vocabulary/7ac65bf1a6387d35f1ade478906172a19311c7f9/complete.json#/3216,2021-standard-derived upstream new-6; not 2025 exam
zh-hsk6-00348,过后,guò hòu,[guò hòu] after the event,,general-and-abstract,zh-vocab-adapted,https://raw.githubusercontent.com/drkameleon/complete-hsk-vocabulary/7ac65bf1a6387d35f1ade478906172a19311c7f9/complete.json#/3219,2021-standard-derived upstream new-6; not 2025 exam
zh-hsk6-00349,过时,guò shí,[guò shí] old-fashioned; out of date; to be later than the time stipulated or agreed upon,,time-and-quantity,zh-vocab-adapted,https://raw.githubusercontent.com/drkameleon/complete-hsk-vocabulary/7ac65bf1a6387d35f1ade478906172a19311c7f9/complete.json#/3232,2021-standard-derived upstream new-6; not 2025 exam
zh-hsk6-00350,海报,hǎi bào,[hǎi bào] poster; playbill; notice,,general-and-abstract,zh-vocab-adapted,https://raw.githubusercontent.com/drkameleon/complete-hsk-vocabulary/7ac65bf1a6387d35f1ade478906172a19311c7f9/complete.json#/3255,2021-standard-derived upstream new-6; not 2025 exam
zh-hsk6-00351,海底,hǎi dǐ,[hǎi dǐ] seabed; seafloor; bottom of the ocean,,general-and-abstract,zh-vocab-adapted,https://raw.githubusercontent.com/drkameleon/complete-hsk-vocabulary/7ac65bf1a6387d35f1ade478906172a19311c7f9/complete.json#/3259,2021-standard-derived upstream new-6; not 2025 exam
zh-hsk6-00352,海军,hǎi jūn,[hǎi jūn] navy,,general-and-abstract,zh-vocab-adapted,https://raw.githubusercontent.com/drkameleon/complete-hsk-vocabulary/7ac65bf1a6387d35f1ade478906172a19311c7f9/complete.json#/3261,2021-standard-derived upstream new-6; not 2025 exam
zh-hsk6-00353,海浪,hǎi làng,[hǎi làng] sea wave,,general-and-abstract,zh-vocab-adapted,https://raw.githubusercontent.com/drkameleon/complete-hsk-vocabulary/7ac65bf1a6387d35f1ade478906172a19311c7f9/complete.json#/3262,2021-standard-derived upstream new-6; not 2025 exam
zh-hsk6-00354,海外,hǎi wài,[hǎi wài] overseas; abroad,,general-and-abstract,zh-vocab-adapted,https://raw.githubusercontent.com/drkameleon/complete-hsk-vocabulary/7ac65bf1a6387d35f1ade478906172a19311c7f9/complete.json#/3269,2021-standard-derived upstream new-6; not 2025 exam
zh-hsk6-00355,海湾,Hǎi wān / hǎi wān,[Hǎi wān] (Persian) Gulf / [hǎi wān] bay; gulf,,general-and-abstract,zh-vocab-adapted,https://raw.githubusercontent.com/drkameleon/complete-hsk-vocabulary/7ac65bf1a6387d35f1ade478906172a19311c7f9/complete.json#/3270,2021-standard-derived upstream new-6; not 2025 exam
zh-hsk6-00356,海洋,hǎi yáng,[hǎi yáng] ocean,,general-and-abstract,zh-vocab-adapted,https://raw.githubusercontent.com/drkameleon/complete-hsk-vocabulary/7ac65bf1a6387d35f1ade478906172a19311c7f9/complete.json#/3274,2021-standard-derived upstream new-6; not 2025 exam
zh-hsk6-00357,好不容易,hǎo bù róng yì,[hǎo bù róng yì] with great difficulty; very difficult,,general-and-abstract,zh-vocab-adapted,https://raw.githubusercontent.com/drkameleon/complete-hsk-vocabulary/7ac65bf1a6387d35f1ade478906172a19311c7f9/complete.json#/3324,2021-standard-derived upstream new-6; not 2025 exam
zh-hsk6-00358,好容易,hǎo róng yì,"[hǎo róng yì] (idiomatic usage) with great difficulty; to have a hard time (convincing sb, relinquishing sth etc); (literal usage) so easy",,time-and-quantity,zh-vocab-adapted,https://raw.githubusercontent.com/drkameleon/complete-hsk-vocabulary/7ac65bf1a6387d35f1ade478906172a19311c7f9/complete.json#/3340,2021-standard-derived upstream new-6; not 2025 exam
zh-hsk6-00359,好似,hǎo sì,[hǎo sì] to seem; to be like,,general-and-abstract,zh-vocab-adapted,https://raw.githubusercontent.com/drkameleon/complete-hsk-vocabulary/7ac65bf1a6387d35f1ade478906172a19311c7f9/complete.json#/3341,2021-standard-derived upstream new-6; not 2025 exam
zh-hsk6-00360,好学,hǎo xué / hào xué,[hǎo xué] easy to learn / [hào xué] eager to study; studious; erudite,,study-and-work,zh-vocab-adapted,https://raw.githubusercontent.com/drkameleon/complete-hsk-vocabulary/7ac65bf1a6387d35f1ade478906172a19311c7f9/complete.json#/3350,2021-standard-derived upstream new-6; not 2025 exam
zh-hsk6-00361,好转,hǎo zhuǎn,[hǎo zhuǎn] to improve; to take a turn for the better; improvement,,general-and-abstract,zh-vocab-adapted,https://raw.githubusercontent.com/drkameleon/complete-hsk-vocabulary/7ac65bf1a6387d35f1ade478906172a19311c7f9/complete.json#/3355,2021-standard-derived upstream new-6; not 2025 exam
zh-hsk6-00362,合约,hé yuē,[hé yuē] treaty; contract,,general-and-abstract,zh-vocab-adapted,https://raw.githubusercontent.com/drkameleon/complete-hsk-vocabulary/7ac65bf1a6387d35f1ade478906172a19311c7f9/complete.json#/3383,2021-standard-derived upstream new-6; not 2025 exam
zh-hsk6-00363,和谐,hé xié,[hé xié] harmonious; harmony; (euphemism) to censor,,general-and-abstract,zh-vocab-adapted,https://raw.githubusercontent.com/drkameleon/complete-hsk-vocabulary/7ac65bf1a6387d35f1ade478906172a19311c7f9/complete.json#/3400,2021-standard-derived upstream new-6; not 2025 exam
zh-hsk6-00364,核心,hé xīn,[hé xīn] core; nucleus,,general-and-abstract,zh-vocab-adapted,https://raw.githubusercontent.com/drkameleon/complete-hsk-vocabulary/7ac65bf1a6387d35f1ade478906172a19311c7f9/complete.json#/3411,2021-standard-derived upstream new-6; not 2025 exam
zh-hsk6-00365,黑夜,hēi yè,[hēi yè] night,,general-and-abstract,zh-vocab-adapted,https://raw.githubusercontent.com/drkameleon/complete-hsk-vocabulary/7ac65bf1a6387d35f1ade478906172a19311c7f9/complete.json#/3430,2021-standard-derived upstream new-6; not 2025 exam
zh-hsk6-00366,很难说,hěn nánshuō,[hěn nánshuō] Hard to say,,thought-and-communication,zh-vocab-adapted,https://raw.githubusercontent.com/drkameleon/complete-hsk-vocabulary/7ac65bf1a6387d35f1ade478906172a19311c7f9/complete.json#/3434,2021-standard-derived upstream new-6; not 2025 exam
zh-hsk6-00367,狠,hěn,[hěn] ruthless; fierce; ferocious; determined; to harden (one's heart),,general-and-abstract,zh-vocab-adapted,https://raw.githubusercontent.com/drkameleon/complete-hsk-vocabulary/7ac65bf1a6387d35f1ade478906172a19311c7f9/complete.json#/3435,2021-standard-derived upstream new-6; not 2025 exam
zh-hsk6-00368,横,héng / hèng,"[héng] horizontal; across; crosswise; horizontal stroke (in Chinese characters); to place (sth) flat (on a surface); to cross (a river, etc); in a jumble; chaotic; (in fixed expressions) harsh and unreasonable; violent / [hèng] harsh and unreasonable; unexpected",,travel-and-places,zh-vocab-adapted,https://raw.githubusercontent.com/drkameleon/complete-hsk-vocabulary/7ac65bf1a6387d35f1ade478906172a19311c7f9/complete.json#/3440,2021-standard-derived upstream new-6; not 2025 exam
zh-hsk6-00369,衡量,héng liáng,[héng liáng] to weigh; to examine; to consider,,general-and-abstract,zh-vocab-adapted,https://raw.githubusercontent.com/drkameleon/complete-hsk-vocabulary/7ac65bf1a6387d35f1ade478906172a19311c7f9/complete.json#/3443,2021-standard-derived upstream new-6; not 2025 exam
zh-hsk6-00370,宏大,hóng dà,[hóng dà] great; grand,,general-and-abstract,zh-vocab-adapted,https://raw.githubusercontent.com/drkameleon/complete-hsk-vocabulary/7ac65bf1a6387d35f1ade478906172a19311c7f9/complete.json#/3464,2021-standard-derived upstream new-6; not 2025 exam
zh-hsk6-00371,洪水,hóng shuǐ,[hóng shuǐ] deluge; flood,,general-and-abstract,zh-vocab-adapted,https://raw.githubusercontent.com/drkameleon/complete-hsk-vocabulary/7ac65bf1a6387d35f1ade478906172a19311c7f9/complete.json#/3468,2021-standard-derived upstream new-6; not 2025 exam
zh-hsk6-00372,忽略,hū lu:è,[hū lu:è] to neglect; to overlook; to ignore,,general-and-abstract,zh-vocab-adapted,https://raw.githubusercontent.com/drkameleon/complete-hsk-vocabulary/7ac65bf1a6387d35f1ade478906172a19311c7f9/complete.json#/3509,2021-standard-derived upstream new-6; not 2025 exam
zh-hsk6-00373,壶,hú,[hú] pot; classifier for bottled liquid,,general-and-abstract,zh-vocab-adapted,https://raw.githubusercontent.com/drkameleon/complete-hsk-vocabulary/7ac65bf1a6387d35f1ade478906172a19311c7f9/complete.json#/3522,2021-standard-derived upstream new-6; not 2025 exam
zh-hsk6-00374,互动,hù dòng,[hù dòng] to interact; interactive,,general-and-abstract,zh-vocab-adapted,https://raw.githubusercontent.com/drkameleon/complete-hsk-vocabulary/7ac65bf1a6387d35f1ade478906172a19311c7f9/complete.json#/3528,2021-standard-derived upstream new-6; not 2025 exam
zh-hsk6-00375,户外,hù wài,[hù wài] outdoor,,general-and-abstract,zh-vocab-adapted,https://raw.githubusercontent.com/drkameleon/complete-hsk-vocabulary/7ac65bf1a6387d35f1ade478906172a19311c7f9/complete.json#/3535,2021-standard-derived upstream new-6; not 2025 exam
zh-hsk6-00376,护,hù,[hù] to protect,,general-and-abstract,zh-vocab-adapted,https://raw.githubusercontent.com/drkameleon/complete-hsk-vocabulary/7ac65bf1a6387d35f1ade478906172a19311c7f9/complete.json#/3536,2021-standard-derived upstream new-6; not 2025 exam
zh-hsk6-00377,花费,huā fèi,[huā fèi] expense; cost; to spend (time or money); expenditure,,time-and-quantity,zh-vocab-adapted,https://raw.githubusercontent.com/drkameleon/complete-hsk-vocabulary/7ac65bf1a6387d35f1ade478906172a19311c7f9/complete.json#/3544,2021-standard-derived upstream new-6; not 2025 exam
zh-hsk6-00378,花瓶,huā píng,[huā píng] flower vase; (fig.) female employee considered to be just a pretty face (attractive but not very competent),,general-and-abstract,zh-vocab-adapted,https://raw.githubusercontent.com/drkameleon/complete-hsk-vocabulary/7ac65bf1a6387d35f1ade478906172a19311c7f9/complete.json#/3546,2021-standard-derived upstream new-6; not 2025 exam
zh-hsk6-00379,花生,huā shēng,[huā shēng] peanut; groundnut,,general-and-abstract,zh-vocab-adapted,https://raw.githubusercontent.com/drkameleon/complete-hsk-vocabulary/7ac65bf1a6387d35f1ade478906172a19311c7f9/complete.json#/3547,2021-standard-derived upstream new-6; not 2025 exam
zh-hsk6-00380,化解,huà jiě,[huà jiě] to dissolve; to resolve (contradictions); to dispel (doubts); to iron out (difficulties); to defuse (conflicts); to neutralize (fears),,general-and-abstract,zh-vocab-adapted,https://raw.githubusercontent.com/drkameleon/complete-hsk-vocabulary/7ac65bf1a6387d35f1ade478906172a19311c7f9/complete.json#/3565,2021-standard-derived upstream new-6; not 2025 exam
zh-hsk6-00381,幻想,huàn xiǎng,[huàn xiǎng] delusion; fantasy,,general-and-abstract,zh-vocab-adapted,https://raw.githubusercontent.com/drkameleon/complete-hsk-vocabulary/7ac65bf1a6387d35f1ade478906172a19311c7f9/complete.json#/3616,2021-standard-derived upstream new-6; not 2025 exam
zh-hsk6-00382,患者,huàn zhě,[huàn zhě] patient; sufferer,,general-and-abstract,zh-vocab-adapted,https://raw.githubusercontent.com/drkameleon/complete-hsk-vocabulary/7ac65bf1a6387d35f1ade478906172a19311c7f9/complete.json#/3627,2021-standard-derived upstream new-6; not 2025 exam
zh-hsk6-00383,皇帝,huáng dì,[huáng dì] emperor,,general-and-abstract,zh-vocab-adapted,https://raw.githubusercontent.com/drkameleon/complete-hsk-vocabulary/7ac65bf1a6387d35f1ade478906172a19311c7f9/complete.json#/3644,2021-standard-derived upstream new-6; not 2025 exam
zh-hsk6-00384,回应,huí yìng,[huí yìng] to respond; response,,general-and-abstract,zh-vocab-adapted,https://raw.githubusercontent.com/drkameleon/complete-hsk-vocabulary/7ac65bf1a6387d35f1ade478906172a19311c7f9/complete.json#/3691,2021-standard-derived upstream new-6; not 2025 exam
zh-hsk6-00385,毁,huǐ,[huǐ] to destroy; to ruin; to defame; to slander / [huǐ] to destroy by fire / [huǐ] to defame; to slander,,general-and-abstract,zh-vocab-adapted,https://raw.githubusercontent.com/drkameleon/complete-hsk-vocabulary/7ac65bf1a6387d35f1ade478906172a19311c7f9/complete.json#/3693,2021-standard-derived upstream new-6; not 2025 exam
zh-hsk6-00386,会见,huì jiàn,[huì jiàn] to meet with (sb who is paying a visit),,general-and-abstract,zh-vocab-adapted,https://raw.githubusercontent.com/drkameleon/complete-hsk-vocabulary/7ac65bf1a6387d35f1ade478906172a19311c7f9/complete.json#/3706,2021-standard-derived upstream new-6; not 2025 exam
zh-hsk6-00387,会长,huì zhǎng,"[huì zhǎng] president of a club, committee etc",,general-and-abstract,zh-vocab-adapted,https://raw.githubusercontent.com/drkameleon/complete-hsk-vocabulary/7ac65bf1a6387d35f1ade478906172a19311c7f9/complete.json#/3713,2021-standard-derived upstream new-6; not 2025 exam
zh-hsk6-00388,绘画,huì huà,[huì huà] drawing; painting,,general-and-abstract,zh-vocab-adapted,https://raw.githubusercontent.com/drkameleon/complete-hsk-vocabulary/7ac65bf1a6387d35f1ade478906172a19311c7f9/complete.json#/3715,2021-standard-derived upstream new-6; not 2025 exam
zh-hsk6-00389,昏,hūn,[hūn] muddle-headed; twilight; to faint; to lose consciousness,,general-and-abstract,zh-vocab-adapted,https://raw.githubusercontent.com/drkameleon/complete-hsk-vocabulary/7ac65bf1a6387d35f1ade478906172a19311c7f9/complete.json#/3718,2021-standard-derived upstream new-6; not 2025 exam
zh-hsk6-00390,混,hún / hùn,[hún] confused; dirty; to mix; muddy / [hùn] to mix; to mingle; muddled; to drift along; to muddle along; to pass for; to get along with sb; thoughtless; reckless,,general-and-abstract,zh-vocab-adapted,https://raw.githubusercontent.com/drkameleon/complete-hsk-vocabulary/7ac65bf1a6387d35f1ade478906172a19311c7f9/complete.json#/3725,2021-standard-derived upstream new-6; not 2025 exam
zh-hsk6-00391,混合,hùn hé,[hùn hé] to mix; to blend; hybrid; composite,,general-and-abstract,zh-vocab-adapted,https://raw.githubusercontent.com/drkameleon/complete-hsk-vocabulary/7ac65bf1a6387d35f1ade478906172a19311c7f9/complete.json#/3726,2021-standard-derived upstream new-6; not 2025 exam
zh-hsk6-00392,混乱,hùn luàn,[hùn luàn] confusion; chaos; disorder,,general-and-abstract,zh-vocab-adapted,https://raw.githubusercontent.com/drkameleon/complete-hsk-vocabulary/7ac65bf1a6387d35f1ade478906172a19311c7f9/complete.json#/3727,2021-standard-derived upstream new-6; not 2025 exam
zh-hsk6-00393,活跃,huó yuè,[huó yuè] active; lively; excited; to enliven; to brighten up,,general-and-abstract,zh-vocab-adapted,https://raw.githubusercontent.com/drkameleon/complete-hsk-vocabulary/7ac65bf1a6387d35f1ade478906172a19311c7f9/complete.json#/3741,2021-standard-derived upstream new-6; not 2025 exam
zh-hsk6-00394,火箭,huǒ jiàn,[huǒ jiàn] rocket,,general-and-abstract,zh-vocab-adapted,https://raw.githubusercontent.com/drkameleon/complete-hsk-vocabulary/7ac65bf1a6387d35f1ade478906172a19311c7f9/complete.json#/3750,2021-standard-derived upstream new-6; not 2025 exam
zh-hsk6-00395,机动车,jī dòng chē,[jī dòng chē] motor vehicle,,general-and-abstract,zh-vocab-adapted,https://raw.githubusercontent.com/drkameleon/complete-hsk-vocabulary/7ac65bf1a6387d35f1ade478906172a19311c7f9/complete.json#/3786,2021-standard-derived upstream new-6; not 2025 exam
zh-hsk6-00396,机关,jī guān,[jī guān] mechanism; gear; machine-operated; office; agency; organ; organization; establishment; institution; body; stratagem; scheme; intrigue; plot; trick,,study-and-work;health-and-body,zh-vocab-adapted,https://raw.githubusercontent.com/drkameleon/complete-hsk-vocabulary/7ac65bf1a6387d35f1ade478906172a19311c7f9/complete.json#/3788,2021-standard-derived upstream new-6; not 2025 exam
zh-hsk6-00397,机械,jī xiè,[jī xiè] machine; machinery; mechanical; (old) cunning; scheming,,general-and-abstract,zh-vocab-adapted,https://raw.githubusercontent.com/drkameleon/complete-hsk-vocabulary/7ac65bf1a6387d35f1ade478906172a19311c7f9/complete.json#/3795,2021-standard-derived upstream new-6; not 2025 exam
zh-hsk6-00398,基督教,Jī dū jiào,[Jī dū jiào] Christianity; Christian,,general-and-abstract,zh-vocab-adapted,https://raw.githubusercontent.com/drkameleon/complete-hsk-vocabulary/7ac65bf1a6387d35f1ade478906172a19311c7f9/complete.json#/3816,2021-standard-derived upstream new-6; not 2025 exam
zh-hsk6-00399,激情,jī qíng,[jī qíng] passion; fervor; enthusiasm; strong emotion,,thought-and-communication,zh-vocab-adapted,https://raw.githubusercontent.com/drkameleon/complete-hsk-vocabulary/7ac65bf1a6387d35f1ade478906172a19311c7f9/complete.json#/3830,2021-standard-derived upstream new-6; not 2025 exam
zh-hsk6-00400,吉利,Jí lì / jí lì,"[Jí lì] Geely, Chinese car make / [jí lì] auspicious; lucky; propitious",,general-and-abstract,zh-vocab-adapted,https://raw.githubusercontent.com/drkameleon/complete-hsk-vocabulary/7ac65bf1a6387d35f1ade478906172a19311c7f9/complete.json#/3837,2021-standard-derived upstream new-6; not 2025 exam
zh-hsk6-00401,吉祥,jí xiáng,[jí xiáng] lucky; auspicious; propitious,,general-and-abstract,zh-vocab-adapted,https://raw.githubusercontent.com/drkameleon/complete-hsk-vocabulary/7ac65bf1a6387d35f1ade478906172a19311c7f9/complete.json#/3840,2021-standard-derived upstream new-6; not 2025 exam
zh-hsk6-00402,极端,jí duān,[jí duān] extreme,,general-and-abstract,zh-vocab-adapted,https://raw.githubusercontent.com/drkameleon/complete-hsk-vocabulary/7ac65bf1a6387d35f1ade478906172a19311c7f9/complete.json#/3851,2021-standard-derived upstream new-6; not 2025 exam
zh-hsk6-00403,急救,jí jiù,[jí jiù] to give emergency treatment; first aid,,general-and-abstract,zh-vocab-adapted,https://raw.githubusercontent.com/drkameleon/complete-hsk-vocabulary/7ac65bf1a6387d35f1ade478906172a19311c7f9/complete.json#/3860,2021-standard-derived upstream new-6; not 2025 exam
zh-hsk6-00404,疾病,jí bìng,[jí bìng] disease; sickness; ailment,,health-and-body,zh-vocab-adapted,https://raw.githubusercontent.com/drkameleon/complete-hsk-vocabulary/7ac65bf1a6387d35f1ade478906172a19311c7f9/complete.json#/3872,2021-standard-derived upstream new-6; not 2025 exam
zh-hsk6-00405,集,jí,[jí] to gather; to collect; collected works; classifier for sections of a TV series etc: episode,,general-and-abstract,zh-vocab-adapted,https://raw.githubusercontent.com/drkameleon/complete-hsk-vocabulary/7ac65bf1a6387d35f1ade478906172a19311c7f9/complete.json#/3875,2021-standard-derived upstream new-6; not 2025 exam
zh-hsk6-00406,加盟,jiā méng,[jiā méng] to become a member of an alliance or union; to align; to join; participate,,general-and-abstract,zh-vocab-adapted,https://raw.githubusercontent.com/drkameleon/complete-hsk-vocabulary/7ac65bf1a6387d35f1ade478906172a19311c7f9/complete.json#/3952,2021-standard-derived upstream new-6; not 2025 exam
zh-hsk6-00407,茄子,qié zi,"[qié zi] eggplant (Solanum melongena L.); aubergine; brinjal; Guinea squash; phonetic ""cheese"" (when being photographed); equivalent of ""say cheese""",,thought-and-communication,zh-vocab-adapted,https://raw.githubusercontent.com/drkameleon/complete-hsk-vocabulary/7ac65bf1a6387d35f1ade478906172a19311c7f9/complete.json#/3968,2021-standard-derived upstream new-6; not 2025 exam
zh-hsk6-00408,家电,jiā diàn,[jiā diàn] household electric appliance,,nature-and-technology,zh-vocab-adapted,https://raw.githubusercontent.com/drkameleon/complete-hsk-vocabulary/7ac65bf1a6387d35f1ade478906172a19311c7f9/complete.json#/3971,2021-standard-derived upstream new-6; not 2025 exam
zh-hsk6-00409,家园,jiā yuán,[jiā yuán] home; homeland,,general-and-abstract,zh-vocab-adapted,https://raw.githubusercontent.com/drkameleon/complete-hsk-vocabulary/7ac65bf1a6387d35f1ade478906172a19311c7f9/complete.json#/3986,2021-standard-derived upstream new-6; not 2025 exam
zh-hsk6-00410,嘉宾,jiā bīn,[jiā bīn] esteemed guest; honored guest; guest (on a show),,general-and-abstract,zh-vocab-adapted,https://raw.githubusercontent.com/drkameleon/complete-hsk-vocabulary/7ac65bf1a6387d35f1ade478906172a19311c7f9/complete.json#/3990,2021-standard-derived upstream new-6; not 2025 exam
zh-hsk6-00411,假日,jià rì,[jià rì] holiday; non-working day,,time-and-quantity,zh-vocab-adapted,https://raw.githubusercontent.com/drkameleon/complete-hsk-vocabulary/7ac65bf1a6387d35f1ade478906172a19311c7f9/complete.json#/3997,2021-standard-derived upstream new-6; not 2025 exam
zh-hsk6-00412,尖,jiān,"[jiān] pointed; tapering; sharp; (of a sound) shrill; piercing; (of one's hearing, sight etc) sharp; acute; keen; to make (one's voice) shrill; sharp point; tip; the best of sth; the cream of the crop",,general-and-abstract,zh-vocab-adapted,https://raw.githubusercontent.com/drkameleon/complete-hsk-vocabulary/7ac65bf1a6387d35f1ade478906172a19311c7f9/complete.json#/4019,2021-standard-derived upstream new-6; not 2025 exam
zh-hsk6-00413,监测,jiān cè,[jiān cè] to monitor,,general-and-abstract,zh-vocab-adapted,https://raw.githubusercontent.com/drkameleon/complete-hsk-vocabulary/7ac65bf1a6387d35f1ade478906172a19311c7f9/complete.json#/4054,2021-standard-derived upstream new-6; not 2025 exam
zh-hsk6-00414,监督,jiān dū,[jiān dū] to control; to supervise; to inspect,,general-and-abstract,zh-vocab-adapted,https://raw.githubusercontent.com/drkameleon/complete-hsk-vocabulary/7ac65bf1a6387d35f1ade478906172a19311c7f9/complete.json#/4056,2021-standard-derived upstream new-6; not 2025 exam
zh-hsk6-00415,捡,jiǎn,[jiǎn] to pick up; to collect; to gather,,general-and-abstract,zh-vocab-adapted,https://raw.githubusercontent.com/drkameleon/complete-hsk-vocabulary/7ac65bf1a6387d35f1ade478906172a19311c7f9/complete.json#/4064,2021-standard-derived upstream new-6; not 2025 exam
zh-hsk6-00416,简介,jiǎn jiè,[jiǎn jiè] summary; brief introduction,,general-and-abstract,zh-vocab-adapted,https://raw.githubusercontent.com/drkameleon/complete-hsk-vocabulary/7ac65bf1a6387d35f1ade478906172a19311c7f9/complete.json#/4087,2021-standard-derived upstream new-6; not 2025 exam
zh-hsk6-00417,剑,jiàn,[jiàn] double-edged sword; classifier for blows of a sword,,general-and-abstract,zh-vocab-adapted,https://raw.githubusercontent.com/drkameleon/complete-hsk-vocabulary/7ac65bf1a6387d35f1ade478906172a19311c7f9/complete.json#/4120,2021-standard-derived upstream new-6; not 2025 exam
zh-hsk6-00418,鉴定,jiàn dìng,[jiàn dìng] to appraise; to identify; to evaluate,,general-and-abstract,zh-vocab-adapted,https://raw.githubusercontent.com/drkameleon/complete-hsk-vocabulary/7ac65bf1a6387d35f1ade478906172a19311c7f9/complete.json#/4133,2021-standard-derived upstream new-6; not 2025 exam
zh-hsk6-00419,箭,jiàn,[jiàn] arrow,,general-and-abstract,zh-vocab-adapted,https://raw.githubusercontent.com/drkameleon/complete-hsk-vocabulary/7ac65bf1a6387d35f1ade478906172a19311c7f9/complete.json#/4138,2021-standard-derived upstream new-6; not 2025 exam
zh-hsk6-00420,将军,Jiāng jūn / jiāng jūn,[Jiāng jūn] (common place name) / [jiāng jūn] general; high-ranking military officer; to check or checkmate; fig. to embarrass; to challenge; to put sb on the spot,,general-and-abstract,zh-vocab-adapted,https://raw.githubusercontent.com/drkameleon/complete-hsk-vocabulary/7ac65bf1a6387d35f1ade478906172a19311c7f9/complete.json#/4143,2021-standard-derived upstream new-6; not 2025 exam
zh-hsk6-00421,讲课,jiǎng kè,[jiǎng kè] teach; lecture,,study-and-work,zh-vocab-adapted,https://raw.githubusercontent.com/drkameleon/complete-hsk-vocabulary/7ac65bf1a6387d35f1ade478906172a19311c7f9/complete.json#/4154,2021-standard-derived upstream new-6; not 2025 exam
zh-hsk6-00422,酱,jiàng,[jiàng] thick paste of fermented soybean; marinated in soy paste; paste; jam,,general-and-abstract,zh-vocab-adapted,https://raw.githubusercontent.com/drkameleon/complete-hsk-vocabulary/7ac65bf1a6387d35f1ade478906172a19311c7f9/complete.json#/4174,2021-standard-derived upstream new-6; not 2025 exam
zh-hsk6-00423,酱油,jiàng yóu,[jiàng yóu] soy sauce,,general-and-abstract,zh-vocab-adapted,https://raw.githubusercontent.com/drkameleon/complete-hsk-vocabulary/7ac65bf1a6387d35f1ade478906172a19311c7f9/complete.json#/4175,2021-standard-derived upstream new-6; not 2025 exam
zh-hsk6-00424,骄傲,jiāo ào,[jiāo ào] pride; arrogance; conceited; proud of sth,,general-and-abstract,zh-vocab-adapted,https://raw.githubusercontent.com/drkameleon/complete-hsk-vocabulary/7ac65bf1a6387d35f1ade478906172a19311c7f9/complete.json#/4207,2021-standard-derived upstream new-6; not 2025 exam
zh-hsk6-00425,焦点,jiāo diǎn,[jiāo diǎn] focal point; focus (lit. and fig.),,general-and-abstract,zh-vocab-adapted,https://raw.githubusercontent.com/drkameleon/complete-hsk-vocabulary/7ac65bf1a6387d35f1ade478906172a19311c7f9/complete.json#/4213,2021-standard-derived upstream new-6; not 2025 exam
zh-hsk6-00426,脚印,jiǎo yìn,[jiǎo yìn] footprint,,general-and-abstract,zh-vocab-adapted,https://raw.githubusercontent.com/drkameleon/complete-hsk-vocabulary/7ac65bf1a6387d35f1ade478906172a19311c7f9/complete.json#/4230,2021-standard-derived upstream new-6; not 2025 exam
zh-hsk6-00427,教堂,jiào táng,[jiào táng] church; chapel,,general-and-abstract,zh-vocab-adapted,https://raw.githubusercontent.com/drkameleon/complete-hsk-vocabulary/7ac65bf1a6387d35f1ade478906172a19311c7f9/complete.json#/4251,2021-standard-derived upstream new-6; not 2025 exam
zh-hsk6-00428,教育部,Jiào yù bù,[Jiào yù bù] Ministry of Education,,general-and-abstract,zh-vocab-adapted,https://raw.githubusercontent.com/drkameleon/complete-hsk-vocabulary/7ac65bf1a6387d35f1ade478906172a19311c7f9/complete.json#/4258,2021-standard-derived upstream new-6; not 2025 exam
zh-hsk6-00429,接收,jiē shōu,[jiē shōu] reception (of transmitted signal); to receive; to accept; to admit; to take over (e.g. a factory); to expropriate,,general-and-abstract,zh-vocab-adapted,https://raw.githubusercontent.com/drkameleon/complete-hsk-vocabulary/7ac65bf1a6387d35f1ade478906172a19311c7f9/complete.json#/4278,2021-standard-derived upstream new-6; not 2025 exam
zh-hsk6-00430,揭,Jiē / jiē,[Jiē] surname Jie / [jiē] to take the lid off; to expose; to unmask,,general-and-abstract,zh-vocab-adapted,https://raw.githubusercontent.com/drkameleon/complete-hsk-vocabulary/7ac65bf1a6387d35f1ade478906172a19311c7f9/complete.json#/4287,2021-standard-derived upstream new-6; not 2025 exam
zh-hsk6-00431,街头,jiē tóu,[jiē tóu] street,,general-and-abstract,zh-vocab-adapted,https://raw.githubusercontent.com/drkameleon/complete-hsk-vocabulary/7ac65bf1a6387d35f1ade478906172a19311c7f9/complete.json#/4294,2021-standard-derived upstream new-6; not 2025 exam
zh-hsk6-00432,节假日,jié jià rì,[jié jià rì] public holiday,,society-and-public-life,zh-vocab-adapted,https://raw.githubusercontent.com/drkameleon/complete-hsk-vocabulary/7ac65bf1a6387d35f1ade478906172a19311c7f9/complete.json#/4296,2021-standard-derived upstream new-6; not 2025 exam
zh-hsk6-00433,节能,jié néng,[jié néng] to save energy; energy-saving,,general-and-abstract,zh-vocab-adapted,https://raw.githubusercontent.com/drkameleon/complete-hsk-vocabulary/7ac65bf1a6387d35f1ade478906172a19311c7f9/complete.json#/4299,2021-standard-derived upstream new-6; not 2025 exam
zh-hsk6-00434,节奏,jié zòu,[jié zòu] rhythm; tempo; musical pulse; cadence; beat,,general-and-abstract,zh-vocab-adapted,https://raw.githubusercontent.com/drkameleon/complete-hsk-vocabulary/7ac65bf1a6387d35f1ade478906172a19311c7f9/complete.json#/4306,2021-standard-derived upstream new-6; not 2025 exam
zh-hsk6-00435,杰出,jié chū,[jié chū] outstanding; distinguished; remarkable; prominent; illustrious,,general-and-abstract,zh-vocab-adapted,https://raw.githubusercontent.com/drkameleon/complete-hsk-vocabulary/7ac65bf1a6387d35f1ade478906172a19311c7f9/complete.json#/4309,2021-standard-derived upstream new-6; not 2025 exam
zh-hsk6-00436,截止,jié zhǐ,[jié zhǐ] to close; to stop; to put a stop to sth; cut-off point; stopping point; deadline,,general-and-abstract,zh-vocab-adapted,https://raw.githubusercontent.com/drkameleon/complete-hsk-vocabulary/7ac65bf1a6387d35f1ade478906172a19311c7f9/complete.json#/4328,2021-standard-derived upstream new-6; not 2025 exam
zh-hsk6-00437,截至,jié zhì,[jié zhì] up to (a time); by (a time),,time-and-quantity,zh-vocab-adapted,https://raw.githubusercontent.com/drkameleon/complete-hsk-vocabulary/7ac65bf1a6387d35f1ade478906172a19311c7f9/complete.json#/4329,2021-standard-derived upstream new-6; not 2025 exam
zh-hsk6-00438,解,Xiè / jiě / jiè / xiè,[Xiè] surname Xie / [jiě] to divide; to break up; to split; to separate; to dissolve; to solve; to melt; to remove; to untie; to loosen; to open; to emancipate; to explain; to understand; to know; a solution; a dissection / [jiè] to transport under guard / [xiè] acrobatic display (esp. on horseback) (old),,thought-and-communication,zh-vocab-adapted,https://raw.githubusercontent.com/drkameleon/complete-hsk-vocabulary/7ac65bf1a6387d35f1ade478906172a19311c7f9/complete.json#/4332,2021-standard-derived upstream new-6; not 2025 exam
zh-hsk6-00439,解说,jiě shuō,[jiě shuō] to explain (verbally); to give a running commentary,,thought-and-communication,zh-vocab-adapted,https://raw.githubusercontent.com/drkameleon/complete-hsk-vocabulary/7ac65bf1a6387d35f1ade478906172a19311c7f9/complete.json#/4344,2021-standard-derived upstream new-6; not 2025 exam
zh-hsk6-00440,界,jiè,[jiè] (bound form) boundary; border; (bound form) realm,,general-and-abstract,zh-vocab-adapted,https://raw.githubusercontent.com/drkameleon/complete-hsk-vocabulary/7ac65bf1a6387d35f1ade478906172a19311c7f9/complete.json#/4360,2021-standard-derived upstream new-6; not 2025 exam
zh-hsk6-00441,借鉴,jiè jiàn,[jiè jiàn] to draw on (others' experience); to learn from (how others do things); lesson to be learned (by observing others),,study-and-work,zh-vocab-adapted,https://raw.githubusercontent.com/drkameleon/complete-hsk-vocabulary/7ac65bf1a6387d35f1ade478906172a19311c7f9/complete.json#/4365,2021-standard-derived upstream new-6; not 2025 exam
zh-hsk6-00442,金额,jīn é,[jīn é] sum of money; monetary value,,general-and-abstract,zh-vocab-adapted,https://raw.githubusercontent.com/drkameleon/complete-hsk-vocabulary/7ac65bf1a6387d35f1ade478906172a19311c7f9/complete.json#/4379,2021-standard-derived upstream new-6; not 2025 exam
zh-hsk6-00443,金钱,jīn qián,[jīn qián] money; currency,,general-and-abstract,zh-vocab-adapted,https://raw.githubusercontent.com/drkameleon/complete-hsk-vocabulary/7ac65bf1a6387d35f1ade478906172a19311c7f9/complete.json#/4381,2021-standard-derived upstream new-6; not 2025 exam
zh-hsk6-00444,金融,jīn róng,[jīn róng] banking; finance; financial,,general-and-abstract,zh-vocab-adapted,https://raw.githubusercontent.com/drkameleon/complete-hsk-vocabulary/7ac65bf1a6387d35f1ade478906172a19311c7f9/complete.json#/4382,2021-standard-derived upstream new-6; not 2025 exam
zh-hsk6-00445,尽,jǐn / jìn,[jǐn] to the greatest extent; (when used before a noun of location) furthest or extreme; to be within the limits of; to give priority to / [jìn] to use up; to exhaust; to end; to finish; to the utmost; exhausted; finished; to the limit (of sth); all; entirely,,general-and-abstract,zh-vocab-adapted,https://raw.githubusercontent.com/drkameleon/complete-hsk-vocabulary/7ac65bf1a6387d35f1ade478906172a19311c7f9/complete.json#/4392,2021-standard-derived upstream new-6; not 2025 exam
zh-hsk6-00446,近日,jìn rì,[jìn rì] (in) the past few days; recently; (within) the next few days,,general-and-abstract,zh-vocab-adapted,https://raw.githubusercontent.com/drkameleon/complete-hsk-vocabulary/7ac65bf1a6387d35f1ade478906172a19311c7f9/complete.json#/4420,2021-standard-derived upstream new-6; not 2025 exam
zh-hsk6-00447,近视,jìn shì,[jìn shì] shortsighted; nearsighted; myopia,,general-and-abstract,zh-vocab-adapted,https://raw.githubusercontent.com/drkameleon/complete-hsk-vocabulary/7ac65bf1a6387d35f1ade478906172a19311c7f9/complete.json#/4421,2021-standard-derived upstream new-6; not 2025 exam
zh-hsk6-00448,进攻,jìn gōng,[jìn gōng] to attack; to assault; to go on the offensive; attack; assault; offense (sports),,general-and-abstract,zh-vocab-adapted,https://raw.githubusercontent.com/drkameleon/complete-hsk-vocabulary/7ac65bf1a6387d35f1ade478906172a19311c7f9/complete.json#/4430,2021-standard-derived upstream new-6; not 2025 exam
zh-hsk6-00449,惊人,jīng rén,[jīng rén] astonishing,,general-and-abstract,zh-vocab-adapted,https://raw.githubusercontent.com/drkameleon/complete-hsk-vocabulary/7ac65bf1a6387d35f1ade478906172a19311c7f9/complete.json#/4471,2021-standard-derived upstream new-6; not 2025 exam
zh-hsk6-00450,惊喜,jīng xǐ,[jīng xǐ] nice surprise; to be pleasantly surprised,,general-and-abstract,zh-vocab-adapted,https://raw.githubusercontent.com/drkameleon/complete-hsk-vocabulary/7ac65bf1a6387d35f1ade478906172a19311c7f9/complete.json#/4474,2021-standard-derived upstream new-6; not 2025 exam
zh-hsk6-00451,精,jīng,[jīng] essence; extract; vitality; energy; semen; sperm; mythical goblin spirit; highly perfected; elite; the pick of sth; proficient (refined ability); extremely (fine); selected rice (archaic),,food-and-shopping,zh-vocab-adapted,https://raw.githubusercontent.com/drkameleon/complete-hsk-vocabulary/7ac65bf1a6387d35f1ade478906172a19311c7f9/complete.json#/4481,2021-standard-derived upstream new-6; not 2025 exam
zh-hsk6-00452,精美,jīng měi,[jīng měi] delicate; fine; refinement,,general-and-abstract,zh-vocab-adapted,https://raw.githubusercontent.com/drkameleon/complete-hsk-vocabulary/7ac65bf1a6387d35f1ade478906172a19311c7f9/complete.json#/4488,2021-standard-derived upstream new-6; not 2025 exam
zh-hsk6-00453,精品,jīng pǐn,[jīng pǐn] quality goods; premium product; fine work (of art),,study-and-work,zh-vocab-adapted,https://raw.githubusercontent.com/drkameleon/complete-hsk-vocabulary/7ac65bf1a6387d35f1ade478906172a19311c7f9/complete.json#/4493,2021-standard-derived upstream new-6; not 2025 exam
zh-hsk6-00454,井,Jǐng / jǐng,"[Jǐng] Jing, one of the 28 constellations of Chinese astronomy; surname Jing / [jǐng] a well; neat; orderly",,general-and-abstract,zh-vocab-adapted,https://raw.githubusercontent.com/drkameleon/complete-hsk-vocabulary/7ac65bf1a6387d35f1ade478906172a19311c7f9/complete.json#/4504,2021-standard-derived upstream new-6; not 2025 exam
zh-hsk6-00455,景,Jǐng / jǐng,[Jǐng] surname Jing / [jǐng] (bound form) scenery; circumstance; situation; scene (of a play); (literary) sunlight,,general-and-abstract,zh-vocab-adapted,https://raw.githubusercontent.com/drkameleon/complete-hsk-vocabulary/7ac65bf1a6387d35f1ade478906172a19311c7f9/complete.json#/4507,2021-standard-derived upstream new-6; not 2025 exam
zh-hsk6-00456,景点,jǐng diǎn,[jǐng diǎn] tourist attraction; scenic spot,,general-and-abstract,zh-vocab-adapted,https://raw.githubusercontent.com/drkameleon/complete-hsk-vocabulary/7ac65bf1a6387d35f1ade478906172a19311c7f9/complete.json#/4508,2021-standard-derived upstream new-6; not 2025 exam
zh-hsk6-00457,净,jìng,"[jìng] clean; completely; only; net (income, exports etc); (Chinese opera) painted face male role",,general-and-abstract,zh-vocab-adapted,https://raw.githubusercontent.com/drkameleon/complete-hsk-vocabulary/7ac65bf1a6387d35f1ade478906172a19311c7f9/complete.json#/4519,2021-standard-derived upstream new-6; not 2025 exam
zh-hsk6-00458,纠纷,jiū fēn,[jiū fēn] dispute,,general-and-abstract,zh-vocab-adapted,https://raw.githubusercontent.com/drkameleon/complete-hsk-vocabulary/7ac65bf1a6387d35f1ade478906172a19311c7f9/complete.json#/4550,2021-standard-derived upstream new-6; not 2025 exam
zh-hsk6-00459,纠正,jiū zhèng,[jiū zhèng] to correct; to make right,,general-and-abstract,zh-vocab-adapted,https://raw.githubusercontent.com/drkameleon/complete-hsk-vocabulary/7ac65bf1a6387d35f1ade478906172a19311c7f9/complete.json#/4551,2021-standard-derived upstream new-6; not 2025 exam
zh-hsk6-00460,酒水,jiǔ shuǐ,[jiǔ shuǐ] beverage; drink,,food-and-shopping,zh-vocab-adapted,https://raw.githubusercontent.com/drkameleon/complete-hsk-vocabulary/7ac65bf1a6387d35f1ade478906172a19311c7f9/complete.json#/4564,2021-standard-derived upstream new-6; not 2025 exam
zh-hsk6-00461,救命,jiù mìng,[jiù mìng] to save sb's life; (interj.) Help!; Save me!,,general-and-abstract,zh-vocab-adapted,https://raw.githubusercontent.com/drkameleon/complete-hsk-vocabulary/7ac65bf1a6387d35f1ade478906172a19311c7f9/complete.json#/4569,2021-standard-derived upstream new-6; not 2025 exam
zh-hsk6-00462,救援,jiù yuán,[jiù yuán] to save; to support; to help; to assist,,general-and-abstract,zh-vocab-adapted,https://raw.githubusercontent.com/drkameleon/complete-hsk-vocabulary/7ac65bf1a6387d35f1ade478906172a19311c7f9/complete.json#/4570,2021-standard-derived upstream new-6; not 2025 exam
zh-hsk6-00463,救助,jiù zhù,[jiù zhù] to help sb in trouble; aid; assistance,,general-and-abstract,zh-vocab-adapted,https://raw.githubusercontent.com/drkameleon/complete-hsk-vocabulary/7ac65bf1a6387d35f1ade478906172a19311c7f9/complete.json#/4573,2021-standard-derived upstream new-6; not 2025 exam
zh-hsk6-00464,就是说,jiù shì shuō,[jiù shì shuō] in other words; that is,,general-and-abstract,zh-vocab-adapted,https://raw.githubusercontent.com/drkameleon/complete-hsk-vocabulary/7ac65bf1a6387d35f1ade478906172a19311c7f9/complete.json#/4581,2021-standard-derived upstream new-6; not 2025 exam
zh-hsk6-00465,就算,jiù suàn,[jiù suàn] (coll.) even if,,general-and-abstract,zh-vocab-adapted,https://raw.githubusercontent.com/drkameleon/complete-hsk-vocabulary/7ac65bf1a6387d35f1ade478906172a19311c7f9/complete.json#/4582,2021-standard-derived upstream new-6; not 2025 exam
zh-hsk6-00466,剧,jù,"[jù] theatrical work (play, opera, TV series etc); dramatic (change, increase etc); acute; severe",,study-and-work,zh-vocab-adapted,https://raw.githubusercontent.com/drkameleon/complete-hsk-vocabulary/7ac65bf1a6387d35f1ade478906172a19311c7f9/complete.json#/4637,2021-standard-derived upstream new-6; not 2025 exam
zh-hsk6-00467,据,jù,[jù] according to; to act in accordance with; to depend on; to seize; to occupy,,general-and-abstract,zh-vocab-adapted,https://raw.githubusercontent.com/drkameleon/complete-hsk-vocabulary/7ac65bf1a6387d35f1ade478906172a19311c7f9/complete.json#/4646,2021-standard-derived upstream new-6; not 2025 exam
zh-hsk6-00468,捐,juān,[juān] to relinquish; to abandon; to contribute; to donate; (bound form) tax; levy,,general-and-abstract,zh-vocab-adapted,https://raw.githubusercontent.com/drkameleon/complete-hsk-vocabulary/7ac65bf1a6387d35f1ade478906172a19311c7f9/complete.json#/4657,2021-standard-derived upstream new-6; not 2025 exam
zh-hsk6-00469,捐款,juān kuǎn,[juān kuǎn] to donate money; to contribute funds; donation; contribution (of money),,general-and-abstract,zh-vocab-adapted,https://raw.githubusercontent.com/drkameleon/complete-hsk-vocabulary/7ac65bf1a6387d35f1ade478906172a19311c7f9/complete.json#/4658,2021-standard-derived upstream new-6; not 2025 exam
zh-hsk6-00470,捐赠,juān zèng,[juān zèng] to contribute (as a gift); to donate; benefaction,,general-and-abstract,zh-vocab-adapted,https://raw.githubusercontent.com/drkameleon/complete-hsk-vocabulary/7ac65bf1a6387d35f1ade478906172a19311c7f9/complete.json#/4660,2021-standard-derived upstream new-6; not 2025 exam
zh-hsk6-00471,捐助,juān zhù,[juān zhù] to donate; to offer (aid); contribution; donation,,general-and-abstract,zh-vocab-adapted,https://raw.githubusercontent.com/drkameleon/complete-hsk-vocabulary/7ac65bf1a6387d35f1ade478906172a19311c7f9/complete.json#/4661,2021-standard-derived upstream new-6; not 2025 exam
zh-hsk6-00472,决策,jué cè,[jué cè] strategic decision; decision-making; policy decision; to determine policy,,general-and-abstract,zh-vocab-adapted,https://raw.githubusercontent.com/drkameleon/complete-hsk-vocabulary/7ac65bf1a6387d35f1ade478906172a19311c7f9/complete.json#/4666,2021-standard-derived upstream new-6; not 2025 exam
zh-hsk6-00473,绝,jué,[jué] to cut short; extinct; to disappear; to vanish; absolutely; by no means,,general-and-abstract,zh-vocab-adapted,https://raw.githubusercontent.com/drkameleon/complete-hsk-vocabulary/7ac65bf1a6387d35f1ade478906172a19311c7f9/complete.json#/4673,2021-standard-derived upstream new-6; not 2025 exam
zh-hsk6-00474,绝大多数,jué dà duō shù,[jué dà duō shù] the vast majority,,general-and-abstract,zh-vocab-adapted,https://raw.githubusercontent.com/drkameleon/complete-hsk-vocabulary/7ac65bf1a6387d35f1ade478906172a19311c7f9/complete.json#/4674,2021-standard-derived upstream new-6; not 2025 exam
zh-hsk6-00475,觉,jiào / jué,[jiào] a nap; a sleep / [jué] to feel; to find that; thinking; awake; aware,,thought-and-communication,zh-vocab-adapted,https://raw.githubusercontent.com/drkameleon/complete-hsk-vocabulary/7ac65bf1a6387d35f1ade478906172a19311c7f9/complete.json#/4680,2021-standard-derived upstream new-6; not 2025 exam
zh-hsk6-00476,觉悟,jué wù,[jué wù] to come to understand; to realize; consciousness; awareness; Buddhist enlightenment (Sanskrit: cittotpāda),,general-and-abstract,zh-vocab-adapted,https://raw.githubusercontent.com/drkameleon/complete-hsk-vocabulary/7ac65bf1a6387d35f1ade478906172a19311c7f9/complete.json#/4682,2021-standard-derived upstream new-6; not 2025 exam
zh-hsk6-00477,军队,jūn duì,[jūn duì] armed forces; troops,,general-and-abstract,zh-vocab-adapted,https://raw.githubusercontent.com/drkameleon/complete-hsk-vocabulary/7ac65bf1a6387d35f1ade478906172a19311c7f9/complete.json#/4689,2021-standard-derived upstream new-6; not 2025 exam
zh-hsk6-00478,军舰,jūn jiàn,[jūn jiàn] warship; military naval vessel,,general-and-abstract,zh-vocab-adapted,https://raw.githubusercontent.com/drkameleon/complete-hsk-vocabulary/7ac65bf1a6387d35f1ade478906172a19311c7f9/complete.json#/4691,2021-standard-derived upstream new-6; not 2025 exam
zh-hsk6-00479,军事,jūn shì,[jūn shì] military affairs; (attributive) military,,general-and-abstract,zh-vocab-adapted,https://raw.githubusercontent.com/drkameleon/complete-hsk-vocabulary/7ac65bf1a6387d35f1ade478906172a19311c7f9/complete.json#/4693,2021-standard-derived upstream new-6; not 2025 exam
zh-hsk6-00480,开创,kāi chuàng,[kāi chuàng] to initiate; to start; to found,,general-and-abstract,zh-vocab-adapted,https://raw.githubusercontent.com/drkameleon/complete-hsk-vocabulary/7ac65bf1a6387d35f1ade478906172a19311c7f9/complete.json#/4714,2021-standard-derived upstream new-6; not 2025 exam
zh-hsk6-00481,开关,kāi guān,[kāi guān] power switch; gas valve; to open the city (or frontier) gate; to open and close; to switch on and off,,travel-and-places,zh-vocab-adapted,https://raw.githubusercontent.com/drkameleon/complete-hsk-vocabulary/7ac65bf1a6387d35f1ade478906172a19311c7f9/complete.json#/4721,2021-standard-derived upstream new-6; not 2025 exam
zh-hsk6-00482,开设,kāi shè,[kāi shè] to offer (goods or services); to open (for business etc),,general-and-abstract,zh-vocab-adapted,https://raw.githubusercontent.com/drkameleon/complete-hsk-vocabulary/7ac65bf1a6387d35f1ade478906172a19311c7f9/complete.json#/4735,2021-standard-derived upstream new-6; not 2025 exam
zh-hsk6-00483,开通,kāi tōng / kāi tong,[kāi tōng] to open (a new road or railway line); to set up (a hotline); to launch (a service); to subscribe to (a members-only service) / [kāi tong] open-minded,,travel-and-places,zh-vocab-adapted,https://raw.githubusercontent.com/drkameleon/complete-hsk-vocabulary/7ac65bf1a6387d35f1ade478906172a19311c7f9/complete.json#/4740,2021-standard-derived upstream new-6; not 2025 exam
zh-hsk6-00484,开头,kāi tóu,[kāi tóu] beginning; to start,,general-and-abstract,zh-vocab-adapted,https://raw.githubusercontent.com/drkameleon/complete-hsk-vocabulary/7ac65bf1a6387d35f1ade478906172a19311c7f9/complete.json#/4741,2021-standard-derived upstream new-6; not 2025 exam
zh-hsk6-00485,开夜车,kāi yè chē,[kāi yè chē] to burn the midnight oil; to work late into the night,,study-and-work,zh-vocab-adapted,https://raw.githubusercontent.com/drkameleon/complete-hsk-vocabulary/7ac65bf1a6387d35f1ade478906172a19311c7f9/complete.json#/4747,2021-standard-derived upstream new-6; not 2025 exam
zh-hsk6-00486,看得见,kàn dé jiàn,[kàn dé jiàn] can see; visible,,general-and-abstract,zh-vocab-adapted,https://raw.githubusercontent.com/drkameleon/complete-hsk-vocabulary/7ac65bf1a6387d35f1ade478906172a19311c7f9/complete.json#/4767,2021-standard-derived upstream new-6; not 2025 exam
zh-hsk6-00487,看得起,kàn de qǐ,[kàn de qǐ] to show respect for; to think highly of,,thought-and-communication,zh-vocab-adapted,https://raw.githubusercontent.com/drkameleon/complete-hsk-vocabulary/7ac65bf1a6387d35f1ade478906172a19311c7f9/complete.json#/4768,2021-standard-derived upstream new-6; not 2025 exam
zh-hsk6-00488,看管,kān guǎn,[kān guǎn] to look after,,general-and-abstract,zh-vocab-adapted,https://raw.githubusercontent.com/drkameleon/complete-hsk-vocabulary/7ac65bf1a6387d35f1ade478906172a19311c7f9/complete.json#/4770,2021-standard-derived upstream new-6; not 2025 exam
zh-hsk6-00489,看好,kān hǎo / kàn hǎo,[kān hǎo] to keep an eye on / [kàn hǎo] to regard as having good prospects,,health-and-body,zh-vocab-adapted,https://raw.githubusercontent.com/drkameleon/complete-hsk-vocabulary/7ac65bf1a6387d35f1ade478906172a19311c7f9/complete.json#/4771,2021-standard-derived upstream new-6; not 2025 exam
zh-hsk6-00490,看作,kàn zuò,[kàn zuò] to look upon as; to regard as,,general-and-abstract,zh-vocab-adapted,https://raw.githubusercontent.com/drkameleon/complete-hsk-vocabulary/7ac65bf1a6387d35f1ade478906172a19311c7f9/complete.json#/4784,2021-standard-derived upstream new-6; not 2025 exam
zh-hsk6-00491,康复,kāng fù,[kāng fù] to recuperate; to recover (health); to convalesce,,health-and-body,zh-vocab-adapted,https://raw.githubusercontent.com/drkameleon/complete-hsk-vocabulary/7ac65bf1a6387d35f1ade478906172a19311c7f9/complete.json#/4785,2021-standard-derived upstream new-6; not 2025 exam
zh-hsk6-00492,抗议,kàng yì,[kàng yì] to protest; protest,,general-and-abstract,zh-vocab-adapted,https://raw.githubusercontent.com/drkameleon/complete-hsk-vocabulary/7ac65bf1a6387d35f1ade478906172a19311c7f9/complete.json#/4791,2021-standard-derived upstream new-6; not 2025 exam
zh-hsk6-00493,考场,kǎo chǎng,[kǎo chǎng] exam room,,general-and-abstract,zh-vocab-adapted,https://raw.githubusercontent.com/drkameleon/complete-hsk-vocabulary/7ac65bf1a6387d35f1ade478906172a19311c7f9/complete.json#/4795,2021-standard-derived upstream new-6; not 2025 exam
zh-hsk6-00494,考题,kǎo tí,[kǎo tí] exam question,,general-and-abstract,zh-vocab-adapted,https://raw.githubusercontent.com/drkameleon/complete-hsk-vocabulary/7ac65bf1a6387d35f1ade478906172a19311c7f9/complete.json#/4802,2021-standard-derived upstream new-6; not 2025 exam
zh-hsk6-00495,科研,kē yán,[kē yán] (scientific) research,,general-and-abstract,zh-vocab-adapted,https://raw.githubusercontent.com/drkameleon/complete-hsk-vocabulary/7ac65bf1a6387d35f1ade478906172a19311c7f9/complete.json#/4818,2021-standard-derived upstream new-6; not 2025 exam
zh-hsk6-00496,客车,kè chē,[kè chē] coach; bus; passenger train,,travel-and-places,zh-vocab-adapted,https://raw.githubusercontent.com/drkameleon/complete-hsk-vocabulary/7ac65bf1a6387d35f1ade478906172a19311c7f9/complete.json#/4861,2021-standard-derived upstream new-6; not 2025 exam
zh-hsk6-00497,肯,kěn,[kěn] to agree; to consent; to be willing to,,general-and-abstract,zh-vocab-adapted,https://raw.githubusercontent.com/drkameleon/complete-hsk-vocabulary/7ac65bf1a6387d35f1ade478906172a19311c7f9/complete.json#/4877,2021-standard-derived upstream new-6; not 2025 exam
zh-hsk6-00498,空军,kōng jūn,[kōng jūn] air force,,general-and-abstract,zh-vocab-adapted,https://raw.githubusercontent.com/drkameleon/complete-hsk-vocabulary/7ac65bf1a6387d35f1ade478906172a19311c7f9/complete.json#/4891,2021-standard-derived upstream new-6; not 2025 exam
zh-hsk6-00499,口试,kǒu shì,[kǒu shì] oral examination; oral test,,study-and-work,zh-vocab-adapted,https://raw.githubusercontent.com/drkameleon/complete-hsk-vocabulary/7ac65bf1a6387d35f1ade478906172a19311c7f9/complete.json#/4923,2021-standard-derived upstream new-6; not 2025 exam
zh-hsk6-00500,扣,kòu,"[kòu] to fasten; to button; button; buckle; knot; to arrest; to confiscate; to deduct (money); discount; to knock; to smash, spike or dunk (a ball); to cover (with a bowl etc); (fig.) to tag a label on sb; (Tw) (loanword) code / [kòu] button",,general-and-abstract,zh-vocab-adapted,https://raw.githubusercontent.com/drkameleon/complete-hsk-vocabulary/7ac65bf1a6387d35f1ade478906172a19311c7f9/complete.json#/4932,2021-standard-derived upstream new-6; not 2025 exam
zh-hsk6-00501,酷,kù,[kù] ruthless; strong (e.g. of wine); (loanword) cool; hip,,general-and-abstract,zh-vocab-adapted,https://raw.githubusercontent.com/drkameleon/complete-hsk-vocabulary/7ac65bf1a6387d35f1ade478906172a19311c7f9/complete.json#/4953,2021-standard-derived upstream new-6; not 2025 exam
zh-hsk6-00502,跨,kuà,[kuà] to step across; to stride over; to straddle; to span,,general-and-abstract,zh-vocab-adapted,https://raw.githubusercontent.com/drkameleon/complete-hsk-vocabulary/7ac65bf1a6387d35f1ade478906172a19311c7f9/complete.json#/4963,2021-standard-derived upstream new-6; not 2025 exam
zh-hsk6-00503,快车,kuài chē,"[kuài chē] express (train, bus etc)",,travel-and-places,zh-vocab-adapted,https://raw.githubusercontent.com/drkameleon/complete-hsk-vocabulary/7ac65bf1a6387d35f1ade478906172a19311c7f9/complete.json#/4969,2021-standard-derived upstream new-6; not 2025 exam
zh-hsk6-00504,宽阔,kuān kuò,[kuān kuò] expansive; wide; width; thickness,,general-and-abstract,zh-vocab-adapted,https://raw.githubusercontent.com/drkameleon/complete-hsk-vocabulary/7ac65bf1a6387d35f1ade478906172a19311c7f9/complete.json#/4984,2021-standard-derived upstream new-6; not 2025 exam
zh-hsk6-00505,矿,kuàng,[kuàng] mineral deposit; ore deposit; ore; a mine,,general-and-abstract,zh-vocab-adapted,https://raw.githubusercontent.com/drkameleon/complete-hsk-vocabulary/7ac65bf1a6387d35f1ade478906172a19311c7f9/complete.json#/5000,2021-standard-derived upstream new-6; not 2025 exam
zh-hsk6-00506,阔,kuò,[kuò] rich; wide; broad,,general-and-abstract,zh-vocab-adapted,https://raw.githubusercontent.com/drkameleon/complete-hsk-vocabulary/7ac65bf1a6387d35f1ade478906172a19311c7f9/complete.json#/5024,2021-standard-derived upstream new-6; not 2025 exam
zh-hsk6-00507,啦,lā / la,"[lā] (onom.) sound of singing, cheering etc; (dialect) to chat / [la] sentence-final particle indicating exclamation; particle placed after each item in a list of examples",,general-and-abstract,zh-vocab-adapted,https://raw.githubusercontent.com/drkameleon/complete-hsk-vocabulary/7ac65bf1a6387d35f1ade478906172a19311c7f9/complete.json#/5039,2021-standard-derived upstream new-6; not 2025 exam
zh-hsk6-00508,来往,lái wǎng,[lái wǎng] to come and go; to have dealings with; to be in relation with,,general-and-abstract,zh-vocab-adapted,https://raw.githubusercontent.com/drkameleon/complete-hsk-vocabulary/7ac65bf1a6387d35f1ade478906172a19311c7f9/complete.json#/5053,2021-standard-derived upstream new-6; not 2025 exam
zh-hsk6-00509,赖,Lài / lài,[Lài] surname Lai; (Tw) (coll.) LINE messaging app / [lài] to depend on; to hang on in a place; bad; to renege (on promise); to disclaim; to rat (on debts); rascally; to blame; to put the blame on,,general-and-abstract,zh-vocab-adapted,https://raw.githubusercontent.com/drkameleon/complete-hsk-vocabulary/7ac65bf1a6387d35f1ade478906172a19311c7f9/complete.json#/5058,2021-standard-derived upstream new-6; not 2025 exam
zh-hsk6-00510,栏目,lán mù,[lán mù] regular column or segment (in a publication or broadcast program); program (TV or radio),,general-and-abstract,zh-vocab-adapted,https://raw.githubusercontent.com/drkameleon/complete-hsk-vocabulary/7ac65bf1a6387d35f1ade478906172a19311c7f9/complete.json#/5062,2021-standard-derived upstream new-6; not 2025 exam
zh-hsk6-00511,蓝领,lán lǐng,[lán lǐng] blue-collar; blue-collar worker,,general-and-abstract,zh-vocab-adapted,https://raw.githubusercontent.com/drkameleon/complete-hsk-vocabulary/7ac65bf1a6387d35f1ade478906172a19311c7f9/complete.json#/5064,2021-standard-derived upstream new-6; not 2025 exam
zh-hsk6-00512,蓝天,lán tiān,[lán tiān] blue sky,,general-and-abstract,zh-vocab-adapted,https://raw.githubusercontent.com/drkameleon/complete-hsk-vocabulary/7ac65bf1a6387d35f1ade478906172a19311c7f9/complete.json#/5066,2021-standard-derived upstream new-6; not 2025 exam
zh-hsk6-00513,懒,lǎn,[lǎn] lazy,,general-and-abstract,zh-vocab-adapted,https://raw.githubusercontent.com/drkameleon/complete-hsk-vocabulary/7ac65bf1a6387d35f1ade478906172a19311c7f9/complete.json#/5071,2021-standard-derived upstream new-6; not 2025 exam
zh-hsk6-00514,牢,láo,[láo] firm; sturdy; fold (for animals); sacrifice; prison,,general-and-abstract,zh-vocab-adapted,https://raw.githubusercontent.com/drkameleon/complete-hsk-vocabulary/7ac65bf1a6387d35f1ade478906172a19311c7f9/complete.json#/5089,2021-standard-derived upstream new-6; not 2025 exam
zh-hsk6-00515,老乡,lǎo xiāng,[lǎo xiāng] fellow townsman; fellow villager; sb from the same hometown,,general-and-abstract,zh-vocab-adapted,https://raw.githubusercontent.com/drkameleon/complete-hsk-vocabulary/7ac65bf1a6387d35f1ade478906172a19311c7f9/complete.json#/5117,2021-standard-derived upstream new-6; not 2025 exam
zh-hsk6-00516,乐曲,yuè qǔ,[yuè qǔ] musical composition,,general-and-abstract,zh-vocab-adapted,https://raw.githubusercontent.com/drkameleon/complete-hsk-vocabulary/7ac65bf1a6387d35f1ade478906172a19311c7f9/complete.json#/5129,2021-standard-derived upstream new-6; not 2025 exam
zh-hsk6-00517,冷气,lěng qì,[lěng qì] air conditioning (Tw),,general-and-abstract,zh-vocab-adapted,https://raw.githubusercontent.com/drkameleon/complete-hsk-vocabulary/7ac65bf1a6387d35f1ade478906172a19311c7f9/complete.json#/5161,2021-standard-derived upstream new-6; not 2025 exam
zh-hsk6-00518,冷水,lěng shuǐ,[lěng shuǐ] cold water; unboiled water; fig. not yet ready (of plans),,general-and-abstract,zh-vocab-adapted,https://raw.githubusercontent.com/drkameleon/complete-hsk-vocabulary/7ac65bf1a6387d35f1ade478906172a19311c7f9/complete.json#/5163,2021-standard-derived upstream new-6; not 2025 exam
zh-hsk6-00519,礼堂,lǐ táng,[lǐ táng] assembly hall; auditorium,,general-and-abstract,zh-vocab-adapted,https://raw.githubusercontent.com/drkameleon/complete-hsk-vocabulary/7ac65bf1a6387d35f1ade478906172a19311c7f9/complete.json#/5184,2021-standard-derived upstream new-6; not 2025 exam
zh-hsk6-00520,理,lǐ,[lǐ] texture; grain (of wood); inner essence; intrinsic order; reason; logic; truth; science; natural science (esp. physics); to manage; to pay attention to; to run (affairs); to handle; to put in order; to tidy up,,nature-and-technology,zh-vocab-adapted,https://raw.githubusercontent.com/drkameleon/complete-hsk-vocabulary/7ac65bf1a6387d35f1ade478906172a19311c7f9/complete.json#/5192,2021-standard-derived upstream new-6; not 2025 exam
zh-hsk6-00521,理财,lǐ cái,[lǐ cái] to manage wealth; to manage finances; money management,,general-and-abstract,zh-vocab-adapted,https://raw.githubusercontent.com/drkameleon/complete-hsk-vocabulary/7ac65bf1a6387d35f1ade478906172a19311c7f9/complete.json#/5193,2021-standard-derived upstream new-6; not 2025 exam
zh-hsk6-00522,理智,lǐ zhì,[lǐ zhì] reason; intellect; rationality; rational,,general-and-abstract,zh-vocab-adapted,https://raw.githubusercontent.com/drkameleon/complete-hsk-vocabulary/7ac65bf1a6387d35f1ade478906172a19311c7f9/complete.json#/5207,2021-standard-derived upstream new-6; not 2025 exam
zh-hsk6-00523,利,Lì / lì,[Lì] surname Li / [lì] sharp; favorable; advantage; benefit; profit; interest; to do good to; to benefit,,general-and-abstract,zh-vocab-adapted,https://raw.githubusercontent.com/drkameleon/complete-hsk-vocabulary/7ac65bf1a6387d35f1ade478906172a19311c7f9/complete.json#/5235,2021-standard-derived upstream new-6; not 2025 exam
zh-hsk6-00524,联盟,lián méng,[lián méng] alliance; union; coalition,,general-and-abstract,zh-vocab-adapted,https://raw.githubusercontent.com/drkameleon/complete-hsk-vocabulary/7ac65bf1a6387d35f1ade478906172a19311c7f9/complete.json#/5270,2021-standard-derived upstream new-6; not 2025 exam
zh-hsk6-00525,联赛,lián sài,[lián sài] (sports) league; league tournament,,general-and-abstract,zh-vocab-adapted,https://raw.githubusercontent.com/drkameleon/complete-hsk-vocabulary/7ac65bf1a6387d35f1ade478906172a19311c7f9/complete.json#/5271,2021-standard-derived upstream new-6; not 2025 exam
zh-hsk6-00526,联手,lián shǒu,[lián shǒu] lit. to join hands; to act together,,general-and-abstract,zh-vocab-adapted,https://raw.githubusercontent.com/drkameleon/complete-hsk-vocabulary/7ac65bf1a6387d35f1ade478906172a19311c7f9/complete.json#/5272,2021-standard-derived upstream new-6; not 2025 exam
zh-hsk6-00527,凉鞋,liáng xié,[liáng xié] sandal,,general-and-abstract,zh-vocab-adapted,https://raw.githubusercontent.com/drkameleon/complete-hsk-vocabulary/7ac65bf1a6387d35f1ade478906172a19311c7f9/complete.json#/5297,2021-standard-derived upstream new-6; not 2025 exam
zh-hsk6-00528,两侧,liǎng cè,[liǎng cè] two sides; both sides,,general-and-abstract,zh-vocab-adapted,https://raw.githubusercontent.com/drkameleon/complete-hsk-vocabulary/7ac65bf1a6387d35f1ade478906172a19311c7f9/complete.json#/5302,2021-standard-derived upstream new-6; not 2025 exam
zh-hsk6-00529,两手,liǎng shǒu,"[liǎng shǒu] one's two hands; two prongs (of a strategy); both aspects, eventualities etc; skills; expertise",,general-and-abstract,zh-vocab-adapted,https://raw.githubusercontent.com/drkameleon/complete-hsk-vocabulary/7ac65bf1a6387d35f1ade478906172a19311c7f9/complete.json#/5305,2021-standard-derived upstream new-6; not 2025 exam
zh-hsk6-00530,聊,liáo,[liáo] to chat; to depend upon (literary); temporarily; just; slightly,,general-and-abstract,zh-vocab-adapted,https://raw.githubusercontent.com/drkameleon/complete-hsk-vocabulary/7ac65bf1a6387d35f1ade478906172a19311c7f9/complete.json#/5318,2021-standard-derived upstream new-6; not 2025 exam
zh-hsk6-00531,聊天儿,liáo tiān r,[liáo tiān r] to chat; to gossip,,general-and-abstract,zh-vocab-adapted,https://raw.githubusercontent.com/drkameleon/complete-hsk-vocabulary/7ac65bf1a6387d35f1ade478906172a19311c7f9/complete.json#/5320,2021-standard-derived upstream new-6; not 2025 exam
zh-hsk6-00532,料,liào,[liào] material; stuff; grain; feed; to expect; to anticipate; to guess,,general-and-abstract,zh-vocab-adapted,https://raw.githubusercontent.com/drkameleon/complete-hsk-vocabulary/7ac65bf1a6387d35f1ade478906172a19311c7f9/complete.json#/5322,2021-standard-derived upstream new-6; not 2025 exam
zh-hsk6-00533,裂,liè,[liè] to split; to crack; to break open; to rend,,general-and-abstract,zh-vocab-adapted,https://raw.githubusercontent.com/drkameleon/complete-hsk-vocabulary/7ac65bf1a6387d35f1ade478906172a19311c7f9/complete.json#/5335,2021-standard-derived upstream new-6; not 2025 exam
zh-hsk6-00534,灵活,líng huó,[líng huó] flexible; nimble; agile,,general-and-abstract,zh-vocab-adapted,https://raw.githubusercontent.com/drkameleon/complete-hsk-vocabulary/7ac65bf1a6387d35f1ade478906172a19311c7f9/complete.json#/5352,2021-standard-derived upstream new-6; not 2025 exam
zh-hsk6-00535,领取,lǐng qǔ,[lǐng qǔ] to receive; to draw; to get,,general-and-abstract,zh-vocab-adapted,https://raw.githubusercontent.com/drkameleon/complete-hsk-vocabulary/7ac65bf1a6387d35f1ade478906172a19311c7f9/complete.json#/5375,2021-standard-derived upstream new-6; not 2025 exam
zh-hsk6-00536,领袖,lǐng xiù,[lǐng xiù] leader,,general-and-abstract,zh-vocab-adapted,https://raw.githubusercontent.com/drkameleon/complete-hsk-vocabulary/7ac65bf1a6387d35f1ade478906172a19311c7f9/complete.json#/5381,2021-standard-derived upstream new-6; not 2025 exam
zh-hsk6-00537,另,lìng,[lìng] other; another; separate; separately,,general-and-abstract,zh-vocab-adapted,https://raw.githubusercontent.com/drkameleon/complete-hsk-vocabulary/7ac65bf1a6387d35f1ade478906172a19311c7f9/complete.json#/5385,2021-standard-derived upstream new-6; not 2025 exam
zh-hsk6-00538,流感,liú gǎn,[liú gǎn] flu; influenza,,general-and-abstract,zh-vocab-adapted,https://raw.githubusercontent.com/drkameleon/complete-hsk-vocabulary/7ac65bf1a6387d35f1ade478906172a19311c7f9/complete.json#/5398,2021-standard-derived upstream new-6; not 2025 exam
zh-hsk6-00539,留言,liú yán,[liú yán] to leave a message; to leave one's comments; message,,general-and-abstract,zh-vocab-adapted,https://raw.githubusercontent.com/drkameleon/complete-hsk-vocabulary/7ac65bf1a6387d35f1ade478906172a19311c7f9/complete.json#/5423,2021-standard-derived upstream new-6; not 2025 exam
zh-hsk6-00540,楼道,lóu dào,[lóu dào] corridor; passageway (in storied building),,general-and-abstract,zh-vocab-adapted,https://raw.githubusercontent.com/drkameleon/complete-hsk-vocabulary/7ac65bf1a6387d35f1ade478906172a19311c7f9/complete.json#/5439,2021-standard-derived upstream new-6; not 2025 exam
zh-hsk6-00541,楼房,lóu fáng,[lóu fáng] a building of two or more stories,,general-and-abstract,zh-vocab-adapted,https://raw.githubusercontent.com/drkameleon/complete-hsk-vocabulary/7ac65bf1a6387d35f1ade478906172a19311c7f9/complete.json#/5440,2021-standard-derived upstream new-6; not 2025 exam
zh-hsk6-00542,陆军,lù jūn,[lù jūn] army; ground forces,,general-and-abstract,zh-vocab-adapted,https://raw.githubusercontent.com/drkameleon/complete-hsk-vocabulary/7ac65bf1a6387d35f1ade478906172a19311c7f9/complete.json#/5453,2021-standard-derived upstream new-6; not 2025 exam
zh-hsk6-00543,录像,lù xiàng,[lù xiàng] to videotape; to videorecord; video recording,,general-and-abstract,zh-vocab-adapted,https://raw.githubusercontent.com/drkameleon/complete-hsk-vocabulary/7ac65bf1a6387d35f1ade478906172a19311c7f9/complete.json#/5457,2021-standard-derived upstream new-6; not 2025 exam
zh-hsk6-00544,录音机,lù yīn jī,[lù yīn jī] (tape) recording machine; tape recorder,,general-and-abstract,zh-vocab-adapted,https://raw.githubusercontent.com/drkameleon/complete-hsk-vocabulary/7ac65bf1a6387d35f1ade478906172a19311c7f9/complete.json#/5459,2021-standard-derived upstream new-6; not 2025 exam
zh-hsk6-00545,路过,lù guò,[lù guò] to pass by or through,,general-and-abstract,zh-vocab-adapted,https://raw.githubusercontent.com/drkameleon/complete-hsk-vocabulary/7ac65bf1a6387d35f1ade478906172a19311c7f9/complete.json#/5467,2021-standard-derived upstream new-6; not 2025 exam
zh-hsk6-00546,露,Lù / lòu / lù,[Lù] surname Lu / [lòu] to show; to reveal; to betray; to expose / [lù] dew; syrup; nectar; outdoors (not under cover); to show; to reveal; to betray; to expose,,general-and-abstract,zh-vocab-adapted,https://raw.githubusercontent.com/drkameleon/complete-hsk-vocabulary/7ac65bf1a6387d35f1ade478906172a19311c7f9/complete.json#/5476,2021-standard-derived upstream new-6; not 2025 exam
zh-hsk6-00547,旅店,lǚ diàn,[lǚ diàn] inn; small hotel,,travel-and-places,zh-vocab-adapted,https://raw.githubusercontent.com/drkameleon/complete-hsk-vocabulary/7ac65bf1a6387d35f1ade478906172a19311c7f9/complete.json#/5480,2021-standard-derived upstream new-6; not 2025 exam
zh-hsk6-00548,绿化,lǜ huà,[lǜ huà] to make green with plants; to reforest; (Internet slang) Islamization,,general-and-abstract,zh-vocab-adapted,https://raw.githubusercontent.com/drkameleon/complete-hsk-vocabulary/7ac65bf1a6387d35f1ade478906172a19311c7f9/complete.json#/5500,2021-standard-derived upstream new-6; not 2025 exam
zh-hsk6-00549,马车,mǎ chē,[mǎ chē] cart; chariot; carriage; buggy,,general-and-abstract,zh-vocab-adapted,https://raw.githubusercontent.com/drkameleon/complete-hsk-vocabulary/7ac65bf1a6387d35f1ade478906172a19311c7f9/complete.json#/5547,2021-standard-derived upstream new-6; not 2025 exam
zh-hsk6-00550,嘛,má / ma,[má] (Tw) (coll.) what? / [ma] modal particle indicating that sth is obvious; particle indicating a pause for emphasis,,general-and-abstract,zh-vocab-adapted,https://raw.githubusercontent.com/drkameleon/complete-hsk-vocabulary/7ac65bf1a6387d35f1ade478906172a19311c7f9/complete.json#/5559,2021-standard-derived upstream new-6; not 2025 exam
zh-hsk6-00551,埋,mái,[mái] to bury,,general-and-abstract,zh-vocab-adapted,https://raw.githubusercontent.com/drkameleon/complete-hsk-vocabulary/7ac65bf1a6387d35f1ade478906172a19311c7f9/complete.json#/5560,2021-standard-derived upstream new-6; not 2025 exam
zh-hsk6-00552,馒头,mán tou,[mán tou] steamed roll; steamed bun; steamed bread,,general-and-abstract,zh-vocab-adapted,https://raw.githubusercontent.com/drkameleon/complete-hsk-vocabulary/7ac65bf1a6387d35f1ade478906172a19311c7f9/complete.json#/5577,2021-standard-derived upstream new-6; not 2025 exam
zh-hsk6-00553,慢车,màn chē,[màn chē] local bus or train; slow train with many stops,,travel-and-places,zh-vocab-adapted,https://raw.githubusercontent.com/drkameleon/complete-hsk-vocabulary/7ac65bf1a6387d35f1ade478906172a19311c7f9/complete.json#/5584,2021-standard-derived upstream new-6; not 2025 exam
zh-hsk6-00554,盲人,máng rén,[máng rén] blind person,,general-and-abstract,zh-vocab-adapted,https://raw.githubusercontent.com/drkameleon/complete-hsk-vocabulary/7ac65bf1a6387d35f1ade478906172a19311c7f9/complete.json#/5598,2021-standard-derived upstream new-6; not 2025 exam
zh-hsk6-00555,没收,mò shōu,[mò shōu] to confiscate; to seize,,general-and-abstract,zh-vocab-adapted,https://raw.githubusercontent.com/drkameleon/complete-hsk-vocabulary/7ac65bf1a6387d35f1ade478906172a19311c7f9/complete.json#/5628,2021-standard-derived upstream new-6; not 2025 exam
zh-hsk6-00556,梅花,méi huā,[méi huā] plum blossom; clubs ♣ (a suit in card games); wintersweet (dialect),,general-and-abstract,zh-vocab-adapted,https://raw.githubusercontent.com/drkameleon/complete-hsk-vocabulary/7ac65bf1a6387d35f1ade478906172a19311c7f9/complete.json#/5641,2021-standard-derived upstream new-6; not 2025 exam
zh-hsk6-00557,美容,měi róng,[měi róng] to improve one's appearance (using cosmetics or cosmetic surgery); to make oneself more attractive; to beautify,,general-and-abstract,zh-vocab-adapted,https://raw.githubusercontent.com/drkameleon/complete-hsk-vocabulary/7ac65bf1a6387d35f1ade478906172a19311c7f9/complete.json#/5663,2021-standard-derived upstream new-6; not 2025 exam
zh-hsk6-00558,蒙,méng / mēng / Méng / Měng,[méng] drizzle; mist / [mēng] to deceive; to cheat; to hoodwink; to make a wild guess / [méng] blind; dim-sighted / [Méng] surname Meng / [Měng] Mongol ethnic group; Taiwan pr. / [mēng] (knocked) unconscious; dazed; stunned / [méng] to cover; ignorant; to suffer (misfortune); to receive (a favor); to cheat,,general-and-abstract,zh-vocab-adapted,https://raw.githubusercontent.com/drkameleon/complete-hsk-vocabulary/7ac65bf1a6387d35f1ade478906172a19311c7f9/complete.json#/5686,2021-standard-derived upstream new-6; not 2025 exam
zh-hsk6-00559,猛,měng,[měng] ferocious; fierce; violent; brave; suddenly; abrupt; (slang) awesome,,general-and-abstract,zh-vocab-adapted,https://raw.githubusercontent.com/drkameleon/complete-hsk-vocabulary/7ac65bf1a6387d35f1ade478906172a19311c7f9/complete.json#/5688,2021-standard-derived upstream new-6; not 2025 exam
zh-hsk6-00560,秘书长,mì shū zhǎng,[mì shū zhǎng] secretary-general,,general-and-abstract,zh-vocab-adapted,https://raw.githubusercontent.com/drkameleon/complete-hsk-vocabulary/7ac65bf1a6387d35f1ade478906172a19311c7f9/complete.json#/5716,2021-standard-derived upstream new-6; not 2025 exam
zh-hsk6-00561,棉,mián,[mián] generic term for cotton or kapok; cotton; padded or quilted with cotton,,general-and-abstract,zh-vocab-adapted,https://raw.githubusercontent.com/drkameleon/complete-hsk-vocabulary/7ac65bf1a6387d35f1ade478906172a19311c7f9/complete.json#/5727,2021-standard-derived upstream new-6; not 2025 exam
zh-hsk6-00562,免得,miǎn de,[miǎn de] so as not to; so as to avoid,,general-and-abstract,zh-vocab-adapted,https://raw.githubusercontent.com/drkameleon/complete-hsk-vocabulary/7ac65bf1a6387d35f1ade478906172a19311c7f9/complete.json#/5732,2021-standard-derived upstream new-6; not 2025 exam
zh-hsk6-00563,面对面,miàn duì miàn,[miàn duì miàn] face to face,,general-and-abstract,zh-vocab-adapted,https://raw.githubusercontent.com/drkameleon/complete-hsk-vocabulary/7ac65bf1a6387d35f1ade478906172a19311c7f9/complete.json#/5743,2021-standard-derived upstream new-6; not 2025 exam
zh-hsk6-00564,面向,miàn xiàng,[miàn xiàng] to face; to turn towards; to incline to; geared towards; catering for; -oriented; facial feature; appearance; aspect; facet,,general-and-abstract,zh-vocab-adapted,https://raw.githubusercontent.com/drkameleon/complete-hsk-vocabulary/7ac65bf1a6387d35f1ade478906172a19311c7f9/complete.json#/5755,2021-standard-derived upstream new-6; not 2025 exam
zh-hsk6-00565,妙,miào,[miào] clever; wonderful,,general-and-abstract,zh-vocab-adapted,https://raw.githubusercontent.com/drkameleon/complete-hsk-vocabulary/7ac65bf1a6387d35f1ade478906172a19311c7f9/complete.json#/5766,2021-standard-derived upstream new-6; not 2025 exam
zh-hsk6-00566,灭,miè,[miè] to extinguish or put out; to go out (of a fire etc); to exterminate or wipe out; to drown,,general-and-abstract,zh-vocab-adapted,https://raw.githubusercontent.com/drkameleon/complete-hsk-vocabulary/7ac65bf1a6387d35f1ade478906172a19311c7f9/complete.json#/5769,2021-standard-derived upstream new-6; not 2025 exam
zh-hsk6-00567,民歌,mín gē,[mín gē] folk song,,general-and-abstract,zh-vocab-adapted,https://raw.githubusercontent.com/drkameleon/complete-hsk-vocabulary/7ac65bf1a6387d35f1ade478906172a19311c7f9/complete.json#/5774,2021-standard-derived upstream new-6; not 2025 exam
zh-hsk6-00568,民工,mín gōng,[mín gōng] migrant worker (who moved from a rural area of China to a city to find work); temporary worker enlisted on a public project,,travel-and-places;study-and-work;society-and-public-life,zh-vocab-adapted,https://raw.githubusercontent.com/drkameleon/complete-hsk-vocabulary/7ac65bf1a6387d35f1ade478906172a19311c7f9/complete.json#/5775,2021-standard-derived upstream new-6; not 2025 exam
zh-hsk6-00569,民警,mín jǐng,[mín jǐng] civil police; PRC police,,general-and-abstract,zh-vocab-adapted,https://raw.githubusercontent.com/drkameleon/complete-hsk-vocabulary/7ac65bf1a6387d35f1ade478906172a19311c7f9/complete.json#/5777,2021-standard-derived upstream new-6; not 2025 exam
zh-hsk6-00570,民意,mín yì,[mín yì] public opinion; popular will; public will,,society-and-public-life;thought-and-communication,zh-vocab-adapted,https://raw.githubusercontent.com/drkameleon/complete-hsk-vocabulary/7ac65bf1a6387d35f1ade478906172a19311c7f9/complete.json#/5779,2021-standard-derived upstream new-6; not 2025 exam
zh-hsk6-00571,民主,mín zhǔ,[mín zhǔ] democracy,,general-and-abstract,zh-vocab-adapted,https://raw.githubusercontent.com/drkameleon/complete-hsk-vocabulary/7ac65bf1a6387d35f1ade478906172a19311c7f9/complete.json#/5782,2021-standard-derived upstream new-6; not 2025 exam
zh-hsk6-00572,名额,míng é,"[míng é] quota; number of places; place (in an institution, a group etc)",,time-and-quantity,zh-vocab-adapted,https://raw.githubusercontent.com/drkameleon/complete-hsk-vocabulary/7ac65bf1a6387d35f1ade478906172a19311c7f9/complete.json#/5791,2021-standard-derived upstream new-6; not 2025 exam
zh-hsk6-00573,名胜,míng shèng,[míng shèng] a place famous for its scenery or historical relics; scenic spot,,general-and-abstract,zh-vocab-adapted,https://raw.githubusercontent.com/drkameleon/complete-hsk-vocabulary/7ac65bf1a6387d35f1ade478906172a19311c7f9/complete.json#/5801,2021-standard-derived upstream new-6; not 2025 exam
zh-hsk6-00574,名义,míng yì,[míng yì] name; titular; nominal; in name; ostensible purpose,,general-and-abstract,zh-vocab-adapted,https://raw.githubusercontent.com/drkameleon/complete-hsk-vocabulary/7ac65bf1a6387d35f1ade478906172a19311c7f9/complete.json#/5803,2021-standard-derived upstream new-6; not 2025 exam
zh-hsk6-00575,名誉,míng yù,[míng yù] fame; reputation; honor; honorary; emeritus (of retired professor),,general-and-abstract,zh-vocab-adapted,https://raw.githubusercontent.com/drkameleon/complete-hsk-vocabulary/7ac65bf1a6387d35f1ade478906172a19311c7f9/complete.json#/5804,2021-standard-derived upstream new-6; not 2025 exam
zh-hsk6-00576,明日,míng rì,[míng rì] tomorrow,,general-and-abstract,zh-vocab-adapted,https://raw.githubusercontent.com/drkameleon/complete-hsk-vocabulary/7ac65bf1a6387d35f1ade478906172a19311c7f9/complete.json#/5814,2021-standard-derived upstream new-6; not 2025 exam
zh-hsk6-00577,命,mìng,"[mìng] life; fate; order or command; to assign a name, title etc",,general-and-abstract,zh-vocab-adapted,https://raw.githubusercontent.com/drkameleon/complete-hsk-vocabulary/7ac65bf1a6387d35f1ade478906172a19311c7f9/complete.json#/5821,2021-standard-derived upstream new-6; not 2025 exam
zh-hsk6-00578,膜,mó,[mó] membrane; film,,general-and-abstract,zh-vocab-adapted,https://raw.githubusercontent.com/drkameleon/complete-hsk-vocabulary/7ac65bf1a6387d35f1ade478906172a19311c7f9/complete.json#/5836,2021-standard-derived upstream new-6; not 2025 exam
zh-hsk6-00579,磨,mó / mò,[mó] to rub; to grind; to polish; to sharpen; to wear down; to die out; to waste time; to pester; to insist / [mò] grindstone; to grind; to turn round,,time-and-quantity,zh-vocab-adapted,https://raw.githubusercontent.com/drkameleon/complete-hsk-vocabulary/7ac65bf1a6387d35f1ade478906172a19311c7f9/complete.json#/5840,2021-standard-derived upstream new-6; not 2025 exam
zh-hsk6-00580,墨水,mò shuǐ,[mò shuǐ] ink,,general-and-abstract,zh-vocab-adapted,https://raw.githubusercontent.com/drkameleon/complete-hsk-vocabulary/7ac65bf1a6387d35f1ade478906172a19311c7f9/complete.json#/5857,2021-standard-derived upstream new-6; not 2025 exam
zh-hsk6-00581,母,mǔ,[mǔ] mother; elderly female relative; origin; source; (of animals) female,,people-and-relationships,zh-vocab-adapted,https://raw.githubusercontent.com/drkameleon/complete-hsk-vocabulary/7ac65bf1a6387d35f1ade478906172a19311c7f9/complete.json#/5867,2021-standard-derived upstream new-6; not 2025 exam
zh-hsk6-00582,母鸡,mǔ jī,[mǔ jī] hen; don't know,,general-and-abstract,zh-vocab-adapted,https://raw.githubusercontent.com/drkameleon/complete-hsk-vocabulary/7ac65bf1a6387d35f1ade478906172a19311c7f9/complete.json#/5868,2021-standard-derived upstream new-6; not 2025 exam
zh-hsk6-00583,母女,mǔ nǚ,[mǔ nǚ] mother and daughter; mother-daughter,,people-and-relationships,zh-vocab-adapted,https://raw.githubusercontent.com/drkameleon/complete-hsk-vocabulary/7ac65bf1a6387d35f1ade478906172a19311c7f9/complete.json#/5869,2021-standard-derived upstream new-6; not 2025 exam
zh-hsk6-00584,母子,mǔ zǐ,[mǔ zǐ] mother and child; parent and subsidiary (companies); principal and interest,,people-and-relationships,zh-vocab-adapted,https://raw.githubusercontent.com/drkameleon/complete-hsk-vocabulary/7ac65bf1a6387d35f1ade478906172a19311c7f9/complete.json#/5872,2021-standard-derived upstream new-6; not 2025 exam
zh-hsk6-00585,墓,mù,[mù] grave; tomb; mausoleum,,general-and-abstract,zh-vocab-adapted,https://raw.githubusercontent.com/drkameleon/complete-hsk-vocabulary/7ac65bf1a6387d35f1ade478906172a19311c7f9/complete.json#/5895,2021-standard-derived upstream new-6; not 2025 exam
zh-hsk6-00586,拿走,ná zǒu,[ná zǒu] to take away,,general-and-abstract,zh-vocab-adapted,https://raw.githubusercontent.com/drkameleon/complete-hsk-vocabulary/7ac65bf1a6387d35f1ade478906172a19311c7f9/complete.json#/5906,2021-standard-derived upstream new-6; not 2025 exam
zh-hsk6-00587,奶粉,nǎi fěn,[nǎi fěn] powdered milk,,general-and-abstract,zh-vocab-adapted,https://raw.githubusercontent.com/drkameleon/complete-hsk-vocabulary/7ac65bf1a6387d35f1ade478906172a19311c7f9/complete.json#/5931,2021-standard-derived upstream new-6; not 2025 exam
zh-hsk6-00588,奶牛,nǎi niú,[nǎi niú] milk cow; dairy cow,,general-and-abstract,zh-vocab-adapted,https://raw.githubusercontent.com/drkameleon/complete-hsk-vocabulary/7ac65bf1a6387d35f1ade478906172a19311c7f9/complete.json#/5933,2021-standard-derived upstream new-6; not 2025 exam
zh-hsk6-00589,难忘,nán wàng,[nán wàng] unforgettable,,general-and-abstract,zh-vocab-adapted,https://raw.githubusercontent.com/drkameleon/complete-hsk-vocabulary/7ac65bf1a6387d35f1ade478906172a19311c7f9/complete.json#/5973,2021-standard-derived upstream new-6; not 2025 exam
zh-hsk6-00590,内地,Nèi dì / nèi dì,"[Nèi dì] mainland China (PRC excluding Hong Kong and Macau, but including islands such as Hainan); Japan (used in Taiwan during Japanese colonization) / [nèi dì] inland; interior; hinterland",,general-and-abstract,zh-vocab-adapted,https://raw.githubusercontent.com/drkameleon/complete-hsk-vocabulary/7ac65bf1a6387d35f1ade478906172a19311c7f9/complete.json#/5994,2021-standard-derived upstream new-6; not 2025 exam
zh-hsk6-00591,内外,nèi wài,[nèi wài] inside and outside; domestic and foreign; approximately; about,,general-and-abstract,zh-vocab-adapted,https://raw.githubusercontent.com/drkameleon/complete-hsk-vocabulary/7ac65bf1a6387d35f1ade478906172a19311c7f9/complete.json#/6000,2021-standard-derived upstream new-6; not 2025 exam
zh-hsk6-00592,内衣,nèi yī,[nèi yī] undergarment; underwear,,general-and-abstract,zh-vocab-adapted,https://raw.githubusercontent.com/drkameleon/complete-hsk-vocabulary/7ac65bf1a6387d35f1ade478906172a19311c7f9/complete.json#/6005,2021-standard-derived upstream new-6; not 2025 exam
zh-hsk6-00593,能否,néng fǒu,[néng fǒu] whether or not; can it or can't it; is it possible?,,general-and-abstract,zh-vocab-adapted,https://raw.githubusercontent.com/drkameleon/complete-hsk-vocabulary/7ac65bf1a6387d35f1ade478906172a19311c7f9/complete.json#/6010,2021-standard-derived upstream new-6; not 2025 exam
zh-hsk6-00594,泥,ní / nì,[ní] mud; clay; paste; pulp / [nì] restrained,,general-and-abstract,zh-vocab-adapted,https://raw.githubusercontent.com/drkameleon/complete-hsk-vocabulary/7ac65bf1a6387d35f1ade478906172a19311c7f9/complete.json#/6020,2021-standard-derived upstream new-6; not 2025 exam
zh-hsk6-00595,扭,niǔ,[niǔ] to turn; to twist; to wring; to sprain; to swing one's hips,,general-and-abstract,zh-vocab-adapted,https://raw.githubusercontent.com/drkameleon/complete-hsk-vocabulary/7ac65bf1a6387d35f1ade478906172a19311c7f9/complete.json#/6068,2021-standard-derived upstream new-6; not 2025 exam
zh-hsk6-00596,排行榜,pái háng bǎng,[pái háng bǎng] the charts (of best-sellers); table of ranking,,general-and-abstract,zh-vocab-adapted,https://raw.githubusercontent.com/drkameleon/complete-hsk-vocabulary/7ac65bf1a6387d35f1ade478906172a19311c7f9/complete.json#/6136,2021-standard-derived upstream new-6; not 2025 exam
zh-hsk6-00597,派出,pài chū,[pài chū] to send; to dispatch,,general-and-abstract,zh-vocab-adapted,https://raw.githubusercontent.com/drkameleon/complete-hsk-vocabulary/7ac65bf1a6387d35f1ade478906172a19311c7f9/complete.json#/6142,2021-standard-derived upstream new-6; not 2025 exam
zh-hsk6-00598,判,pàn,[pàn] to judge; to sentence; to discriminate; to discern; clearly distinguishable,,general-and-abstract,zh-vocab-adapted,https://raw.githubusercontent.com/drkameleon/complete-hsk-vocabulary/7ac65bf1a6387d35f1ade478906172a19311c7f9/complete.json#/6151,2021-standard-derived upstream new-6; not 2025 exam
zh-hsk6-00599,盼望,pàn wàng,[pàn wàng] to hope for; to look forward to,,general-and-abstract,zh-vocab-adapted,https://raw.githubusercontent.com/drkameleon/complete-hsk-vocabulary/7ac65bf1a6387d35f1ade478906172a19311c7f9/complete.json#/6158,2021-standard-derived upstream new-6; not 2025 exam
zh-hsk6-00600,泡,pāo / pào,[pāo] puffed; swollen; spongy; small lake (esp. in place names); classifier for urine or feces / [pào] bubble; foam; blister; to soak; to steep; to infuse; to dawdle; to loiter; to pick up (a girl); to get off with (a sexual partner); classifier for occurrences of an action; classifier for number of infusions,,time-and-quantity,zh-vocab-adapted,https://raw.githubusercontent.com/drkameleon/complete-hsk-vocabulary/7ac65bf1a6387d35f1ade478906172a19311c7f9/complete.json#/6175,2021-standard-derived upstream new-6; not 2025 exam
zh-hsk6-00601,炮,bāo / páo / pào,[bāo] to sauté; to fry; to dry by heating / [páo] to prepare herbal medicine by roasting or parching (in a pan) / [pào] cannon; firecracker,,health-and-body,zh-vocab-adapted,https://raw.githubusercontent.com/drkameleon/complete-hsk-vocabulary/7ac65bf1a6387d35f1ade478906172a19311c7f9/complete.json#/6177,2021-standard-derived upstream new-6; not 2025 exam
zh-hsk6-00602,陪同,péi tóng,[péi tóng] to accompany,,general-and-abstract,zh-vocab-adapted,https://raw.githubusercontent.com/drkameleon/complete-hsk-vocabulary/7ac65bf1a6387d35f1ade478906172a19311c7f9/complete.json#/6181,2021-standard-derived upstream new-6; not 2025 exam
zh-hsk6-00603,配置,pèi zhì,[pèi zhì] to deploy; to allocate; configuration; allocation,,general-and-abstract,zh-vocab-adapted,https://raw.githubusercontent.com/drkameleon/complete-hsk-vocabulary/7ac65bf1a6387d35f1ade478906172a19311c7f9/complete.json#/6199,2021-standard-derived upstream new-6; not 2025 exam
zh-hsk6-00604,皮球,pí qiú,"[pí qiú] ball (made of rubber, leather etc)",,general-and-abstract,zh-vocab-adapted,https://raw.githubusercontent.com/drkameleon/complete-hsk-vocabulary/7ac65bf1a6387d35f1ade478906172a19311c7f9/complete.json#/6233,2021-standard-derived upstream new-6; not 2025 exam
zh-hsk6-00605,偏,piān,[piān] to lean; to slant; oblique; prejudiced; to deviate from average; to stray from the intended line; stubbornly; contrary to expectations,,general-and-abstract,zh-vocab-adapted,https://raw.githubusercontent.com/drkameleon/complete-hsk-vocabulary/7ac65bf1a6387d35f1ade478906172a19311c7f9/complete.json#/6249,2021-standard-derived upstream new-6; not 2025 exam
zh-hsk6-00606,贫困,pín kùn,[pín kùn] impoverished; poverty,,general-and-abstract,zh-vocab-adapted,https://raw.githubusercontent.com/drkameleon/complete-hsk-vocabulary/7ac65bf1a6387d35f1ade478906172a19311c7f9/complete.json#/6282,2021-standard-derived upstream new-6; not 2025 exam
zh-hsk6-00607,品牌,pǐn pái,[pǐn pái] brand name; trademark,,general-and-abstract,zh-vocab-adapted,https://raw.githubusercontent.com/drkameleon/complete-hsk-vocabulary/7ac65bf1a6387d35f1ade478906172a19311c7f9/complete.json#/6291,2021-standard-derived upstream new-6; not 2025 exam
zh-hsk6-00608,聘请,pìn qǐng,[pìn qǐng] to engage; to hire (a lawyer etc),,general-and-abstract,zh-vocab-adapted,https://raw.githubusercontent.com/drkameleon/complete-hsk-vocabulary/7ac65bf1a6387d35f1ade478906172a19311c7f9/complete.json#/6297,2021-standard-derived upstream new-6; not 2025 exam
zh-hsk6-00609,平凡,píng fán,[píng fán] commonplace; ordinary; mediocre,,general-and-abstract,zh-vocab-adapted,https://raw.githubusercontent.com/drkameleon/complete-hsk-vocabulary/7ac65bf1a6387d35f1ade478906172a19311c7f9/complete.json#/6307,2021-standard-derived upstream new-6; not 2025 exam
zh-hsk6-00610,平方米,píng fāng mǐ,[píng fāng mǐ] square meter,,general-and-abstract,zh-vocab-adapted,https://raw.githubusercontent.com/drkameleon/complete-hsk-vocabulary/7ac65bf1a6387d35f1ade478906172a19311c7f9/complete.json#/6309,2021-standard-derived upstream new-6; not 2025 exam
zh-hsk6-00611,平衡,píng héng,[píng héng] balance; equilibrium,,general-and-abstract,zh-vocab-adapted,https://raw.githubusercontent.com/drkameleon/complete-hsk-vocabulary/7ac65bf1a6387d35f1ade478906172a19311c7f9/complete.json#/6311,2021-standard-derived upstream new-6; not 2025 exam
zh-hsk6-00612,平台,píng tái,[píng tái] platform; terrace; flat-roofed building,,general-and-abstract,zh-vocab-adapted,https://raw.githubusercontent.com/drkameleon/complete-hsk-vocabulary/7ac65bf1a6387d35f1ade478906172a19311c7f9/complete.json#/6319,2021-standard-derived upstream new-6; not 2025 exam
zh-hsk6-00613,评,píng,[píng] to discuss; to comment; to criticize; to judge; to choose (by public appraisal),,society-and-public-life,zh-vocab-adapted,https://raw.githubusercontent.com/drkameleon/complete-hsk-vocabulary/7ac65bf1a6387d35f1ade478906172a19311c7f9/complete.json#/6325,2021-standard-derived upstream new-6; not 2025 exam
zh-hsk6-00614,评选,píng xuǎn,[píng xuǎn] to select on the basis of a vote or consensus,,general-and-abstract,zh-vocab-adapted,https://raw.githubusercontent.com/drkameleon/complete-hsk-vocabulary/7ac65bf1a6387d35f1ade478906172a19311c7f9/complete.json#/6334,2021-standard-derived upstream new-6; not 2025 exam
zh-hsk6-00615,屏幕,píng mù,"[píng mù] screen (TV, computer or movie)",,nature-and-technology,zh-vocab-adapted,https://raw.githubusercontent.com/drkameleon/complete-hsk-vocabulary/7ac65bf1a6387d35f1ade478906172a19311c7f9/complete.json#/6340,2021-standard-derived upstream new-6; not 2025 exam
zh-hsk6-00616,坡,pō,[pō] slope; sloping; slanted,,general-and-abstract,zh-vocab-adapted,https://raw.githubusercontent.com/drkameleon/complete-hsk-vocabulary/7ac65bf1a6387d35f1ade478906172a19311c7f9/complete.json#/6346,2021-standard-derived upstream new-6; not 2025 exam
zh-hsk6-00617,扑,pū,[pū] to throw oneself at; to pounce on; to devote one's energies; to flap; to flutter; to dab; to pat; to bend over,,general-and-abstract,zh-vocab-adapted,https://raw.githubusercontent.com/drkameleon/complete-hsk-vocabulary/7ac65bf1a6387d35f1ade478906172a19311c7f9/complete.json#/6366,2021-standard-derived upstream new-6; not 2025 exam
zh-hsk6-00618,铺,pù / pū,[pù] store / [pū] to spread; to display; to set up; (old) holder for door-knocker / [pù] plank bed; place to sleep; shop; store; (old) relay station,,food-and-shopping,zh-vocab-adapted,https://raw.githubusercontent.com/drkameleon/complete-hsk-vocabulary/7ac65bf1a6387d35f1ade478906172a19311c7f9/complete.json#/6380,2021-standard-derived upstream new-6; not 2025 exam
zh-hsk6-00619,欺负,qī fu,[qī fu] to bully,,general-and-abstract,zh-vocab-adapted,https://raw.githubusercontent.com/drkameleon/complete-hsk-vocabulary/7ac65bf1a6387d35f1ade478906172a19311c7f9/complete.json#/6397,2021-standard-derived upstream new-6; not 2025 exam
zh-hsk6-00620,奇妙,qí miào,[qí miào] fantastic; wonderful,,general-and-abstract,zh-vocab-adapted,https://raw.githubusercontent.com/drkameleon/complete-hsk-vocabulary/7ac65bf1a6387d35f1ade478906172a19311c7f9/complete.json#/6415,2021-standard-derived upstream new-6; not 2025 exam
zh-hsk6-00621,企图,qǐ tú,[qǐ tú] to attempt; to try; attempt,,general-and-abstract,zh-vocab-adapted,https://raw.githubusercontent.com/drkameleon/complete-hsk-vocabulary/7ac65bf1a6387d35f1ade478906172a19311c7f9/complete.json#/6428,2021-standard-derived upstream new-6; not 2025 exam
zh-hsk6-00622,起点,qǐ diǎn,[qǐ diǎn] starting point,,general-and-abstract,zh-vocab-adapted,https://raw.githubusercontent.com/drkameleon/complete-hsk-vocabulary/7ac65bf1a6387d35f1ade478906172a19311c7f9/complete.json#/6445,2021-standard-derived upstream new-6; not 2025 exam
zh-hsk6-00623,起诉,qǐ sù,[qǐ sù] to sue; to bring a lawsuit against; to prosecute,,general-and-abstract,zh-vocab-adapted,https://raw.githubusercontent.com/drkameleon/complete-hsk-vocabulary/7ac65bf1a6387d35f1ade478906172a19311c7f9/complete.json#/6453,2021-standard-derived upstream new-6; not 2025 exam
zh-hsk6-00624,气氛,qì fēn,[qì fēn] atmosphere; mood,,general-and-abstract,zh-vocab-adapted,https://raw.githubusercontent.com/drkameleon/complete-hsk-vocabulary/7ac65bf1a6387d35f1ade478906172a19311c7f9/complete.json#/6457,2021-standard-derived upstream new-6; not 2025 exam
zh-hsk6-00625,恰当,qià dàng,[qià dàng] appropriate; suitable,,general-and-abstract,zh-vocab-adapted,https://raw.githubusercontent.com/drkameleon/complete-hsk-vocabulary/7ac65bf1a6387d35f1ade478906172a19311c7f9/complete.json#/6488,2021-standard-derived upstream new-6; not 2025 exam
zh-hsk6-00626,恰好,qià hǎo,"[qià hǎo] as it turns out; by lucky coincidence; (of number, time, size etc) just right",,time-and-quantity,zh-vocab-adapted,https://raw.githubusercontent.com/drkameleon/complete-hsk-vocabulary/7ac65bf1a6387d35f1ade478906172a19311c7f9/complete.json#/6490,2021-standard-derived upstream new-6; not 2025 exam
zh-hsk6-00627,恰恰,qià qià,[qià qià] exactly; just; precisely,,general-and-abstract,zh-vocab-adapted,https://raw.githubusercontent.com/drkameleon/complete-hsk-vocabulary/7ac65bf1a6387d35f1ade478906172a19311c7f9/complete.json#/6491,2021-standard-derived upstream new-6; not 2025 exam
zh-hsk6-00628,牵,qiān,[qiān] to lead along; to pull (an animal on a tether); (bound form) to involve; to draw in,,nature-and-technology,zh-vocab-adapted,https://raw.githubusercontent.com/drkameleon/complete-hsk-vocabulary/7ac65bf1a6387d35f1ade478906172a19311c7f9/complete.json#/6508,2021-standard-derived upstream new-6; not 2025 exam
zh-hsk6-00629,铅笔,qiān bǐ,[qiān bǐ] (lead) pencil,,general-and-abstract,zh-vocab-adapted,https://raw.githubusercontent.com/drkameleon/complete-hsk-vocabulary/7ac65bf1a6387d35f1ade478906172a19311c7f9/complete.json#/6515,2021-standard-derived upstream new-6; not 2025 exam
zh-hsk6-00630,谦虚,qiān xū,[qiān xū] modest; self-effacing; to make modest remarks,,general-and-abstract,zh-vocab-adapted,https://raw.githubusercontent.com/drkameleon/complete-hsk-vocabulary/7ac65bf1a6387d35f1ade478906172a19311c7f9/complete.json#/6516,2021-standard-derived upstream new-6; not 2025 exam
zh-hsk6-00631,前方,qián fāng,[qián fāng] ahead; the front,,general-and-abstract,zh-vocab-adapted,https://raw.githubusercontent.com/drkameleon/complete-hsk-vocabulary/7ac65bf1a6387d35f1ade478906172a19311c7f9/complete.json#/6529,2021-standard-derived upstream new-6; not 2025 exam
zh-hsk6-00632,前来,qián lái,[qián lái] to come (formal); before; previously,,general-and-abstract,zh-vocab-adapted,https://raw.githubusercontent.com/drkameleon/complete-hsk-vocabulary/7ac65bf1a6387d35f1ade478906172a19311c7f9/complete.json#/6534,2021-standard-derived upstream new-6; not 2025 exam
zh-hsk6-00633,潜力,qián lì,[qián lì] potential; capacity,,general-and-abstract,zh-vocab-adapted,https://raw.githubusercontent.com/drkameleon/complete-hsk-vocabulary/7ac65bf1a6387d35f1ade478906172a19311c7f9/complete.json#/6557,2021-standard-derived upstream new-6; not 2025 exam
zh-hsk6-00634,强盗,qiáng dào,[qiáng dào] to rob (with force); bandit; robber,,general-and-abstract,zh-vocab-adapted,https://raw.githubusercontent.com/drkameleon/complete-hsk-vocabulary/7ac65bf1a6387d35f1ade478906172a19311c7f9/complete.json#/6575,2021-standard-derived upstream new-6; not 2025 exam
zh-hsk6-00635,强化,qiáng huà,[qiáng huà] to strengthen; to intensify,,general-and-abstract,zh-vocab-adapted,https://raw.githubusercontent.com/drkameleon/complete-hsk-vocabulary/7ac65bf1a6387d35f1ade478906172a19311c7f9/complete.json#/6578,2021-standard-derived upstream new-6; not 2025 exam
zh-hsk6-00636,强势,qiáng shì,[qiáng shì] strong; powerful; (linguistics) emphatic; intensive,,general-and-abstract,zh-vocab-adapted,https://raw.githubusercontent.com/drkameleon/complete-hsk-vocabulary/7ac65bf1a6387d35f1ade478906172a19311c7f9/complete.json#/6583,2021-standard-derived upstream new-6; not 2025 exam
zh-hsk6-00637,强壮,qiáng zhuàng,[qiáng zhuàng] strong; sturdy; robust,,general-and-abstract,zh-vocab-adapted,https://raw.githubusercontent.com/drkameleon/complete-hsk-vocabulary/7ac65bf1a6387d35f1ade478906172a19311c7f9/complete.json#/6589,2021-standard-derived upstream new-6; not 2025 exam
zh-hsk6-00638,桥梁,qiáo liáng,[qiáo liáng] bridge (lit. and fig.),,general-and-abstract,zh-vocab-adapted,https://raw.githubusercontent.com/drkameleon/complete-hsk-vocabulary/7ac65bf1a6387d35f1ade478906172a19311c7f9/complete.json#/6604,2021-standard-derived upstream new-6; not 2025 exam
zh-hsk6-00639,巧妙,qiǎo miào,[qiǎo miào] ingenious; clever; ingenuity; artifice,,general-and-abstract,zh-vocab-adapted,https://raw.githubusercontent.com/drkameleon/complete-hsk-vocabulary/7ac65bf1a6387d35f1ade478906172a19311c7f9/complete.json#/6610,2021-standard-derived upstream new-6; not 2025 exam
zh-hsk6-00640,切实,qiè shí,[qiè shí] feasible; realistic; practical; earnestly; conscientiously,,general-and-abstract,zh-vocab-adapted,https://raw.githubusercontent.com/drkameleon/complete-hsk-vocabulary/7ac65bf1a6387d35f1ade478906172a19311c7f9/complete.json#/6620,2021-standard-derived upstream new-6; not 2025 exam
zh-hsk6-00641,亲属,qīn shǔ,[qīn shǔ] kin; kindred; relatives,,general-and-abstract,zh-vocab-adapted,https://raw.githubusercontent.com/drkameleon/complete-hsk-vocabulary/7ac65bf1a6387d35f1ade478906172a19311c7f9/complete.json#/6637,2021-standard-derived upstream new-6; not 2025 exam
zh-hsk6-00642,亲眼,qīn yǎn,[qīn yǎn] with one's own eyes; personally,,general-and-abstract,zh-vocab-adapted,https://raw.githubusercontent.com/drkameleon/complete-hsk-vocabulary/7ac65bf1a6387d35f1ade478906172a19311c7f9/complete.json#/6638,2021-standard-derived upstream new-6; not 2025 exam
zh-hsk6-00643,侵犯,qīn fàn,[qīn fàn] to infringe on; to encroach on; to violate; to assault,,general-and-abstract,zh-vocab-adapted,https://raw.githubusercontent.com/drkameleon/complete-hsk-vocabulary/7ac65bf1a6387d35f1ade478906172a19311c7f9/complete.json#/6642,2021-standard-derived upstream new-6; not 2025 exam
zh-hsk6-00644,倾向,qīng xiàng,[qīng xiàng] trend; tendency; orientation,,general-and-abstract,zh-vocab-adapted,https://raw.githubusercontent.com/drkameleon/complete-hsk-vocabulary/7ac65bf1a6387d35f1ade478906172a19311c7f9/complete.json#/6673,2021-standard-derived upstream new-6; not 2025 exam
zh-hsk6-00645,清,Qīng / qīng,[Qīng] Qing (Wade-Giles: Ch'ing) dynasty of imperial China (1644-1911); surname Qing / [qīng] (of water etc) clear; clean; quiet; still; pure; uncorrupted; clear; distinct; to clear; to settle (accounts),,general-and-abstract,zh-vocab-adapted,https://raw.githubusercontent.com/drkameleon/complete-hsk-vocabulary/7ac65bf1a6387d35f1ade478906172a19311c7f9/complete.json#/6676,2021-standard-derived upstream new-6; not 2025 exam
zh-hsk6-00646,清洁,qīng jié,[qīng jié] clean; to clean,,general-and-abstract,zh-vocab-adapted,https://raw.githubusercontent.com/drkameleon/complete-hsk-vocabulary/7ac65bf1a6387d35f1ade478906172a19311c7f9/complete.json#/6684,2021-standard-derived upstream new-6; not 2025 exam
zh-hsk6-00647,清洁工,qīng jié gōng,[qīng jié gōng] cleaner; janitor; garbage collector,,general-and-abstract,zh-vocab-adapted,https://raw.githubusercontent.com/drkameleon/complete-hsk-vocabulary/7ac65bf1a6387d35f1ade478906172a19311c7f9/complete.json#/6685,2021-standard-derived upstream new-6; not 2025 exam
zh-hsk6-00648,清明节,Qīng míng jié,"[Qīng míng jié] Qingming or Pure Brightness Festival or Tomb Sweeping Day, celebration for the dead (in early April)",,time-and-quantity,zh-vocab-adapted,https://raw.githubusercontent.com/drkameleon/complete-hsk-vocabulary/7ac65bf1a6387d35f1ade478906172a19311c7f9/complete.json#/6690,2021-standard-derived upstream new-6; not 2025 exam
zh-hsk6-00649,清洗,qīng xǐ,[qīng xǐ] to wash; to clean; to purge,,general-and-abstract,zh-vocab-adapted,https://raw.githubusercontent.com/drkameleon/complete-hsk-vocabulary/7ac65bf1a6387d35f1ade478906172a19311c7f9/complete.json#/6692,2021-standard-derived upstream new-6; not 2025 exam
zh-hsk6-00650,情绪,qíng xù,[qíng xù] mood; state of mind; moodiness,,general-and-abstract,zh-vocab-adapted,https://raw.githubusercontent.com/drkameleon/complete-hsk-vocabulary/7ac65bf1a6387d35f1ade478906172a19311c7f9/complete.json#/6711,2021-standard-derived upstream new-6; not 2025 exam
zh-hsk6-00651,求职,qiú zhí,[qiú zhí] to seek employment,,general-and-abstract,zh-vocab-adapted,https://raw.githubusercontent.com/drkameleon/complete-hsk-vocabulary/7ac65bf1a6387d35f1ade478906172a19311c7f9/complete.json#/6745,2021-standard-derived upstream new-6; not 2025 exam
zh-hsk6-00652,球拍,qiú pāi,[qiú pāi] racket,,general-and-abstract,zh-vocab-adapted,https://raw.githubusercontent.com/drkameleon/complete-hsk-vocabulary/7ac65bf1a6387d35f1ade478906172a19311c7f9/complete.json#/6751,2021-standard-derived upstream new-6; not 2025 exam
zh-hsk6-00653,球星,qiú xīng,[qiú xīng] sports star (ball sport),,general-and-abstract,zh-vocab-adapted,https://raw.githubusercontent.com/drkameleon/complete-hsk-vocabulary/7ac65bf1a6387d35f1ade478906172a19311c7f9/complete.json#/6753,2021-standard-derived upstream new-6; not 2025 exam
zh-hsk6-00654,球员,qiú yuán,[qiú yuán] (ball sports) player; team member,,general-and-abstract,zh-vocab-adapted,https://raw.githubusercontent.com/drkameleon/complete-hsk-vocabulary/7ac65bf1a6387d35f1ade478906172a19311c7f9/complete.json#/6754,2021-standard-derived upstream new-6; not 2025 exam
zh-hsk6-00655,区分,qū fēn,[qū fēn] to differentiate; to draw a distinction; to divide into categories,,general-and-abstract,zh-vocab-adapted,https://raw.githubusercontent.com/drkameleon/complete-hsk-vocabulary/7ac65bf1a6387d35f1ade478906172a19311c7f9/complete.json#/6757,2021-standard-derived upstream new-6; not 2025 exam
zh-hsk6-00656,渠道,qú dào,[qú dào] irrigation ditch; (fig.) channel; means,,general-and-abstract,zh-vocab-adapted,https://raw.githubusercontent.com/drkameleon/complete-hsk-vocabulary/7ac65bf1a6387d35f1ade478906172a19311c7f9/complete.json#/6768,2021-standard-derived upstream new-6; not 2025 exam
zh-hsk6-00657,取款,qǔ kuǎn,[qǔ kuǎn] to withdraw money from a bank,,general-and-abstract,zh-vocab-adapted,https://raw.githubusercontent.com/drkameleon/complete-hsk-vocabulary/7ac65bf1a6387d35f1ade478906172a19311c7f9/complete.json#/6776,2021-standard-derived upstream new-6; not 2025 exam
zh-hsk6-00658,取款机,qǔ kuǎn jī,[qǔ kuǎn jī] ATM,,general-and-abstract,zh-vocab-adapted,https://raw.githubusercontent.com/drkameleon/complete-hsk-vocabulary/7ac65bf1a6387d35f1ade478906172a19311c7f9/complete.json#/6777,2021-standard-derived upstream new-6; not 2025 exam
zh-hsk6-00659,去掉,qù diào,[qù diào] to get rid of; to exclude; to eliminate; to remove; to delete; to strip out; to extract,,general-and-abstract,zh-vocab-adapted,https://raw.githubusercontent.com/drkameleon/complete-hsk-vocabulary/7ac65bf1a6387d35f1ade478906172a19311c7f9/complete.json#/6786,2021-standard-derived upstream new-6; not 2025 exam
zh-hsk6-00660,全力,quán lì,[quán lì] with all one's strength; full strength; all-out (effort); fully (support),,general-and-abstract,zh-vocab-adapted,https://raw.githubusercontent.com/drkameleon/complete-hsk-vocabulary/7ac65bf1a6387d35f1ade478906172a19311c7f9/complete.json#/6803,2021-standard-derived upstream new-6; not 2025 exam
zh-hsk6-00661,全新,quán xīn,[quán xīn] all new; completely new,,general-and-abstract,zh-vocab-adapted,https://raw.githubusercontent.com/drkameleon/complete-hsk-vocabulary/7ac65bf1a6387d35f1ade478906172a19311c7f9/complete.json#/6814,2021-standard-derived upstream new-6; not 2025 exam
zh-hsk6-00662,权,Quán / quán,[Quán] surname Quan / [quán] authority; power; right; (literary) to weigh; expedient; temporary,,general-and-abstract,zh-vocab-adapted,https://raw.githubusercontent.com/drkameleon/complete-hsk-vocabulary/7ac65bf1a6387d35f1ade478906172a19311c7f9/complete.json#/6816,2021-standard-derived upstream new-6; not 2025 exam
zh-hsk6-00663,权力,quán lì,[quán lì] power; authority,,general-and-abstract,zh-vocab-adapted,https://raw.githubusercontent.com/drkameleon/complete-hsk-vocabulary/7ac65bf1a6387d35f1ade478906172a19311c7f9/complete.json#/6818,2021-standard-derived upstream new-6; not 2025 exam
zh-hsk6-00664,券,quàn,"[quàn] bond (esp. document split in two, with each party holding one half); contract; deed (i.e. title deeds); ticket; voucher; certificate",,general-and-abstract,zh-vocab-adapted,https://raw.githubusercontent.com/drkameleon/complete-hsk-vocabulary/7ac65bf1a6387d35f1ade478906172a19311c7f9/complete.json#/6830,2021-standard-derived upstream new-6; not 2025 exam
zh-hsk6-00665,缺陷,quē xiàn,[quē xiàn] defect; flaw,,general-and-abstract,zh-vocab-adapted,https://raw.githubusercontent.com/drkameleon/complete-hsk-vocabulary/7ac65bf1a6387d35f1ade478906172a19311c7f9/complete.json#/6838,2021-standard-derived upstream new-6; not 2025 exam
zh-hsk6-00666,却是,què shì,[què shì] nevertheless; actually; the fact is ...,,general-and-abstract,zh-vocab-adapted,https://raw.githubusercontent.com/drkameleon/complete-hsk-vocabulary/7ac65bf1a6387d35f1ade478906172a19311c7f9/complete.json#/6841,2021-standard-derived upstream new-6; not 2025 exam
zh-hsk6-00667,让座,ràng zuò,[ràng zuò] to give up one's seat for sb,,general-and-abstract,zh-vocab-adapted,https://raw.githubusercontent.com/drkameleon/complete-hsk-vocabulary/7ac65bf1a6387d35f1ade478906172a19311c7f9/complete.json#/6866,2021-standard-derived upstream new-6; not 2025 exam
zh-hsk6-00668,热点,rè diǎn,[rè diǎn] hot spot; point of special interest,,general-and-abstract,zh-vocab-adapted,https://raw.githubusercontent.com/drkameleon/complete-hsk-vocabulary/7ac65bf1a6387d35f1ade478906172a19311c7f9/complete.json#/6878,2021-standard-derived upstream new-6; not 2025 exam
zh-hsk6-00669,热水,rè shuǐ,[rè shuǐ] hot water,,general-and-abstract,zh-vocab-adapted,https://raw.githubusercontent.com/drkameleon/complete-hsk-vocabulary/7ac65bf1a6387d35f1ade478906172a19311c7f9/complete.json#/6887,2021-standard-derived upstream new-6; not 2025 exam
zh-hsk6-00670,热水器,rè shuǐ qì,[rè shuǐ qì] water heater,,general-and-abstract,zh-vocab-adapted,https://raw.githubusercontent.com/drkameleon/complete-hsk-vocabulary/7ac65bf1a6387d35f1ade478906172a19311c7f9/complete.json#/6888,2021-standard-derived upstream new-6; not 2025 exam
zh-hsk6-00671,热线,rè xiàn,[rè xiàn] hotline (communications link),,general-and-abstract,zh-vocab-adapted,https://raw.githubusercontent.com/drkameleon/complete-hsk-vocabulary/7ac65bf1a6387d35f1ade478906172a19311c7f9/complete.json#/6890,2021-standard-derived upstream new-6; not 2025 exam
zh-hsk6-00672,人权,rén quán,[rén quán] human rights,,general-and-abstract,zh-vocab-adapted,https://raw.githubusercontent.com/drkameleon/complete-hsk-vocabulary/7ac65bf1a6387d35f1ade478906172a19311c7f9/complete.json#/6912,2021-standard-derived upstream new-6; not 2025 exam
zh-hsk6-00673,认同,rèn tóng,[rèn tóng] to approve of; to endorse; to acknowledge; to recognize; to identify oneself with,,general-and-abstract,zh-vocab-adapted,https://raw.githubusercontent.com/drkameleon/complete-hsk-vocabulary/7ac65bf1a6387d35f1ade478906172a19311c7f9/complete.json#/6945,2021-standard-derived upstream new-6; not 2025 exam
zh-hsk6-00674,日夜,rì yè,[rì yè] day and night; around the clock,,time-and-quantity,zh-vocab-adapted,https://raw.githubusercontent.com/drkameleon/complete-hsk-vocabulary/7ac65bf1a6387d35f1ade478906172a19311c7f9/complete.json#/6977,2021-standard-derived upstream new-6; not 2025 exam
zh-hsk6-00675,日语,Rì yǔ,[Rì yǔ] Japanese language,,thought-and-communication,zh-vocab-adapted,https://raw.githubusercontent.com/drkameleon/complete-hsk-vocabulary/7ac65bf1a6387d35f1ade478906172a19311c7f9/complete.json#/6980,2021-standard-derived upstream new-6; not 2025 exam
zh-hsk6-00676,融合,róng hé,[róng hé] a mixture; an amalgam; fusion; welding together; to be in harmony with (nature); to harmonize with; to fit in,,nature-and-technology,zh-vocab-adapted,https://raw.githubusercontent.com/drkameleon/complete-hsk-vocabulary/7ac65bf1a6387d35f1ade478906172a19311c7f9/complete.json#/6996,2021-standard-derived upstream new-6; not 2025 exam
zh-hsk6-00677,融入,róng rù,[róng rù] to blend into; to integrate; to assimilate; to merge,,general-and-abstract,zh-vocab-adapted,https://raw.githubusercontent.com/drkameleon/complete-hsk-vocabulary/7ac65bf1a6387d35f1ade478906172a19311c7f9/complete.json#/6999,2021-standard-derived upstream new-6; not 2025 exam
zh-hsk6-00678,如,rú,[rú] as; as if; such as,,general-and-abstract,zh-vocab-adapted,https://raw.githubusercontent.com/drkameleon/complete-hsk-vocabulary/7ac65bf1a6387d35f1ade478906172a19311c7f9/complete.json#/7005,2021-standard-derived upstream new-6; not 2025 exam
zh-hsk6-00679,如一,rú yī,[rú yī] consistent; the same; unvarying,,general-and-abstract,zh-vocab-adapted,https://raw.githubusercontent.com/drkameleon/complete-hsk-vocabulary/7ac65bf1a6387d35f1ade478906172a19311c7f9/complete.json#/7014,2021-standard-derived upstream new-6; not 2025 exam
zh-hsk6-00680,乳制品,rǔ zhì pǐn,[rǔ zhì pǐn] dairy products,,general-and-abstract,zh-vocab-adapted,https://raw.githubusercontent.com/drkameleon/complete-hsk-vocabulary/7ac65bf1a6387d35f1ade478906172a19311c7f9/complete.json#/7020,2021-standard-derived upstream new-6; not 2025 exam
zh-hsk6-00681,入,rù,[rù] to enter; to go into; to join; to become a member of; to confirm or agree with,,general-and-abstract,zh-vocab-adapted,https://raw.githubusercontent.com/drkameleon/complete-hsk-vocabulary/7ac65bf1a6387d35f1ade478906172a19311c7f9/complete.json#/7021,2021-standard-derived upstream new-6; not 2025 exam
zh-hsk6-00682,入学,rù xué,[rù xué] to enter a school or college; to go to school for the first time as a child,,people-and-relationships;time-and-quantity;study-and-work,zh-vocab-adapted,https://raw.githubusercontent.com/drkameleon/complete-hsk-vocabulary/7ac65bf1a6387d35f1ade478906172a19311c7f9/complete.json#/7030,2021-standard-derived upstream new-6; not 2025 exam
zh-hsk6-00683,若,ruò,[ruò] to seem; like; as; if,,general-and-abstract,zh-vocab-adapted,https://raw.githubusercontent.com/drkameleon/complete-hsk-vocabulary/7ac65bf1a6387d35f1ade478906172a19311c7f9/complete.json#/7037,2021-standard-derived upstream new-6; not 2025 exam
zh-hsk6-00684,塞,Sāi / sāi / sài / sè,[Sāi] Serbia; Serbian / [sāi] to stop up; to squeeze in; to stuff; cork; stopper / [sài] strategic pass; tactical border position / [sè] to stop up; to stuff; to cope with,,general-and-abstract,zh-vocab-adapted,https://raw.githubusercontent.com/drkameleon/complete-hsk-vocabulary/7ac65bf1a6387d35f1ade478906172a19311c7f9/complete.json#/7045,2021-standard-derived upstream new-6; not 2025 exam
zh-hsk6-00685,赛,sài,[sài] to compete; competition; match; to surpass; better than; superior to; to excel,,general-and-abstract,zh-vocab-adapted,https://raw.githubusercontent.com/drkameleon/complete-hsk-vocabulary/7ac65bf1a6387d35f1ade478906172a19311c7f9/complete.json#/7047,2021-standard-derived upstream new-6; not 2025 exam
zh-hsk6-00686,赛场,sài chǎng,[sài chǎng] racetrack; field (for athletics competition),,general-and-abstract,zh-vocab-adapted,https://raw.githubusercontent.com/drkameleon/complete-hsk-vocabulary/7ac65bf1a6387d35f1ade478906172a19311c7f9/complete.json#/7048,2021-standard-derived upstream new-6; not 2025 exam
zh-hsk6-00687,三明治,sān míng zhì,[sān míng zhì] sandwich (loanword),,general-and-abstract,zh-vocab-adapted,https://raw.githubusercontent.com/drkameleon/complete-hsk-vocabulary/7ac65bf1a6387d35f1ade478906172a19311c7f9/complete.json#/7054,2021-standard-derived upstream new-6; not 2025 exam
zh-hsk6-00688,丧失,sàng shī,[sàng shī] to lose; to forfeit,,general-and-abstract,zh-vocab-adapted,https://raw.githubusercontent.com/drkameleon/complete-hsk-vocabulary/7ac65bf1a6387d35f1ade478906172a19311c7f9/complete.json#/7065,2021-standard-derived upstream new-6; not 2025 exam
zh-hsk6-00689,山峰,shān fēng,[shān fēng] (mountain) peak,,travel-and-places,zh-vocab-adapted,https://raw.githubusercontent.com/drkameleon/complete-hsk-vocabulary/7ac65bf1a6387d35f1ade478906172a19311c7f9/complete.json#/7102,2021-standard-derived upstream new-6; not 2025 exam
zh-hsk6-00690,山谷,shān gǔ,[shān gǔ] valley; ravine,,general-and-abstract,zh-vocab-adapted,https://raw.githubusercontent.com/drkameleon/complete-hsk-vocabulary/7ac65bf1a6387d35f1ade478906172a19311c7f9/complete.json#/7104,2021-standard-derived upstream new-6; not 2025 exam
zh-hsk6-00691,山坡,shān pō,[shān pō] hillside,,general-and-abstract,zh-vocab-adapted,https://raw.githubusercontent.com/drkameleon/complete-hsk-vocabulary/7ac65bf1a6387d35f1ade478906172a19311c7f9/complete.json#/7108,2021-standard-derived upstream new-6; not 2025 exam
zh-hsk6-00692,伤口,shāng kǒu,[shāng kǒu] wound; cut,,general-and-abstract,zh-vocab-adapted,https://raw.githubusercontent.com/drkameleon/complete-hsk-vocabulary/7ac65bf1a6387d35f1ade478906172a19311c7f9/complete.json#/7132,2021-standard-derived upstream new-6; not 2025 exam
zh-hsk6-00693,伤亡,shāng wáng,[shāng wáng] casualties; injuries and deaths,,general-and-abstract,zh-vocab-adapted,https://raw.githubusercontent.com/drkameleon/complete-hsk-vocabulary/7ac65bf1a6387d35f1ade478906172a19311c7f9/complete.json#/7135,2021-standard-derived upstream new-6; not 2025 exam
zh-hsk6-00694,伤员,shāng yuán,[shāng yuán] wounded person,,general-and-abstract,zh-vocab-adapted,https://raw.githubusercontent.com/drkameleon/complete-hsk-vocabulary/7ac65bf1a6387d35f1ade478906172a19311c7f9/complete.json#/7137,2021-standard-derived upstream new-6; not 2025 exam
zh-hsk6-00695,商城,shāng chéng,[shāng chéng] shopping center; department store,,general-and-abstract,zh-vocab-adapted,https://raw.githubusercontent.com/drkameleon/complete-hsk-vocabulary/7ac65bf1a6387d35f1ade478906172a19311c7f9/complete.json#/7140,2021-standard-derived upstream new-6; not 2025 exam
zh-hsk6-00696,上班族,shàng bān zú,[shàng bān zú] office workers (as social group),,study-and-work,zh-vocab-adapted,https://raw.githubusercontent.com/drkameleon/complete-hsk-vocabulary/7ac65bf1a6387d35f1ade478906172a19311c7f9/complete.json#/7153,2021-standard-derived upstream new-6; not 2025 exam
zh-hsk6-00697,上当,shàng dàng,[shàng dàng] taken in (by sb's deceit); to be fooled; to be duped,,general-and-abstract,zh-vocab-adapted,https://raw.githubusercontent.com/drkameleon/complete-hsk-vocabulary/7ac65bf1a6387d35f1ade478906172a19311c7f9/complete.json#/7159,2021-standard-derived upstream new-6; not 2025 exam
zh-hsk6-00698,上帝,Shàng dì,[Shàng dì] God,,general-and-abstract,zh-vocab-adapted,https://raw.githubusercontent.com/drkameleon/complete-hsk-vocabulary/7ac65bf1a6387d35f1ade478906172a19311c7f9/complete.json#/7160,2021-standard-derived upstream new-6; not 2025 exam
zh-hsk6-00699,上市,shàng shì,[shàng shì] to hit the market (of a new product); to float (a company on the stock market),,study-and-work,zh-vocab-adapted,https://raw.githubusercontent.com/drkameleon/complete-hsk-vocabulary/7ac65bf1a6387d35f1ade478906172a19311c7f9/complete.json#/7179,2021-standard-derived upstream new-6; not 2025 exam
zh-hsk6-00700,上台,shàng tái,[shàng tái] to rise to power (in politics); to go on stage (in the theater),,general-and-abstract,zh-vocab-adapted,https://raw.githubusercontent.com/drkameleon/complete-hsk-vocabulary/7ac65bf1a6387d35f1ade478906172a19311c7f9/complete.json#/7183,2021-standard-derived upstream new-6; not 2025 exam
zh-hsk6-00701,上演,shàng yǎn,[shàng yǎn] to screen (a movie); to stage (a play); a screening; a staging,,general-and-abstract,zh-vocab-adapted,https://raw.githubusercontent.com/drkameleon/complete-hsk-vocabulary/7ac65bf1a6387d35f1ade478906172a19311c7f9/complete.json#/7191,2021-standard-derived upstream new-6; not 2025 exam
zh-hsk6-00702,勺,sháo,[sháo] spoon; ladle; centiliter (unit of volume),,general-and-abstract,zh-vocab-adapted,https://raw.githubusercontent.com/drkameleon/complete-hsk-vocabulary/7ac65bf1a6387d35f1ade478906172a19311c7f9/complete.json#/7210,2021-standard-derived upstream new-6; not 2025 exam
zh-hsk6-00703,少儿,shào ér,[shào ér] child,,people-and-relationships,zh-vocab-adapted,https://raw.githubusercontent.com/drkameleon/complete-hsk-vocabulary/7ac65bf1a6387d35f1ade478906172a19311c7f9/complete.json#/7214,2021-standard-derived upstream new-6; not 2025 exam
zh-hsk6-00704,舌头,shé tou,[shé tou] tongue; enemy soldier captured for the purpose of extracting information,,general-and-abstract,zh-vocab-adapted,https://raw.githubusercontent.com/drkameleon/complete-hsk-vocabulary/7ac65bf1a6387d35f1ade478906172a19311c7f9/complete.json#/7225,2021-standard-derived upstream new-6; not 2025 exam
zh-hsk6-00705,设计师,shè jì shī,[shè jì shī] designer; architect,,general-and-abstract,zh-vocab-adapted,https://raw.githubusercontent.com/drkameleon/complete-hsk-vocabulary/7ac65bf1a6387d35f1ade478906172a19311c7f9/complete.json#/7234,2021-standard-derived upstream new-6; not 2025 exam
zh-hsk6-00706,涉及,shè jí,[shè jí] to involve; to touch upon (a topic),,general-and-abstract,zh-vocab-adapted,https://raw.githubusercontent.com/drkameleon/complete-hsk-vocabulary/7ac65bf1a6387d35f1ade478906172a19311c7f9/complete.json#/7248,2021-standard-derived upstream new-6; not 2025 exam
zh-hsk6-00707,深化,shēn huà,[shēn huà] to deepen; to intensify,,general-and-abstract,zh-vocab-adapted,https://raw.githubusercontent.com/drkameleon/complete-hsk-vocabulary/7ac65bf1a6387d35f1ade478906172a19311c7f9/complete.json#/7285,2021-standard-derived upstream new-6; not 2025 exam
zh-hsk6-00708,深深,shēn shēn,[shēn shēn] deep; profound,,general-and-abstract,zh-vocab-adapted,https://raw.githubusercontent.com/drkameleon/complete-hsk-vocabulary/7ac65bf1a6387d35f1ade478906172a19311c7f9/complete.json#/7292,2021-standard-derived upstream new-6; not 2025 exam
zh-hsk6-00709,审查,shěn chá,[shěn chá] to examine; to investigate; to censor out; censorship,,general-and-abstract,zh-vocab-adapted,https://raw.githubusercontent.com/drkameleon/complete-hsk-vocabulary/7ac65bf1a6387d35f1ade478906172a19311c7f9/complete.json#/7314,2021-standard-derived upstream new-6; not 2025 exam
zh-hsk6-00710,升级,shēng jí,[shēng jí] to go up by one grade; to be promoted; to escalate (in intensity); (computing) to upgrade,,general-and-abstract,zh-vocab-adapted,https://raw.githubusercontent.com/drkameleon/complete-hsk-vocabulary/7ac65bf1a6387d35f1ade478906172a19311c7f9/complete.json#/7328,2021-standard-derived upstream new-6; not 2025 exam
zh-hsk6-00711,升学,shēng xué,[shēng xué] to enter the next grade school,,study-and-work,zh-vocab-adapted,https://raw.githubusercontent.com/drkameleon/complete-hsk-vocabulary/7ac65bf1a6387d35f1ade478906172a19311c7f9/complete.json#/7330,2021-standard-derived upstream new-6; not 2025 exam
zh-hsk6-00712,升值,shēng zhí,[shēng zhí] to rise in value; to appreciate,,general-and-abstract,zh-vocab-adapted,https://raw.githubusercontent.com/drkameleon/complete-hsk-vocabulary/7ac65bf1a6387d35f1ade478906172a19311c7f9/complete.json#/7331,2021-standard-derived upstream new-6; not 2025 exam
zh-hsk6-00713,生活费,shēng huó fèi,[shēng huó fèi] cost of living; living expenses; alimony,,general-and-abstract,zh-vocab-adapted,https://raw.githubusercontent.com/drkameleon/complete-hsk-vocabulary/7ac65bf1a6387d35f1ade478906172a19311c7f9/complete.json#/7340,2021-standard-derived upstream new-6; not 2025 exam
zh-hsk6-00714,省钱,shěng qián,[shěng qián] to save money,,general-and-abstract,zh-vocab-adapted,https://raw.githubusercontent.com/drkameleon/complete-hsk-vocabulary/7ac65bf1a6387d35f1ade478906172a19311c7f9/complete.json#/7374,2021-standard-derived upstream new-6; not 2025 exam
zh-hsk6-00715,圣诞节,Shèng dàn jié,[Shèng dàn jié] Christmas time; Christmas season; Christmas,,time-and-quantity,zh-vocab-adapted,https://raw.githubusercontent.com/drkameleon/complete-hsk-vocabulary/7ac65bf1a6387d35f1ade478906172a19311c7f9/complete.json#/7376,2021-standard-derived upstream new-6; not 2025 exam
zh-hsk6-00716,盛行,shèng xíng,[shèng xíng] to be in vogue; to be popular; to be prevalent,,general-and-abstract,zh-vocab-adapted,https://raw.githubusercontent.com/drkameleon/complete-hsk-vocabulary/7ac65bf1a6387d35f1ade478906172a19311c7f9/complete.json#/7390,2021-standard-derived upstream new-6; not 2025 exam
zh-hsk6-00717,师父,shī fu,[shī fu] master; qualified worker,,general-and-abstract,zh-vocab-adapted,https://raw.githubusercontent.com/drkameleon/complete-hsk-vocabulary/7ac65bf1a6387d35f1ade478906172a19311c7f9/complete.json#/7412,2021-standard-derived upstream new-6; not 2025 exam
zh-hsk6-00718,师生,shī shēng,[shī shēng] teachers and students,,general-and-abstract,zh-vocab-adapted,https://raw.githubusercontent.com/drkameleon/complete-hsk-vocabulary/7ac65bf1a6387d35f1ade478906172a19311c7f9/complete.json#/7414,2021-standard-derived upstream new-6; not 2025 exam
zh-hsk6-00719,时而,shí ér,[shí ér] occasionally; from time to time,,time-and-quantity,zh-vocab-adapted,https://raw.githubusercontent.com/drkameleon/complete-hsk-vocabulary/7ac65bf1a6387d35f1ade478906172a19311c7f9/complete.json#/7441,2021-standard-derived upstream new-6; not 2025 exam
zh-hsk6-00720,时节,shí jié,[shí jié] season; time,,time-and-quantity,zh-vocab-adapted,https://raw.githubusercontent.com/drkameleon/complete-hsk-vocabulary/7ac65bf1a6387d35f1ade478906172a19311c7f9/complete.json#/7449,2021-standard-derived upstream new-6; not 2025 exam
zh-hsk6-00721,时期,shí qī,[shí qī] period; phase,,general-and-abstract,zh-vocab-adapted,https://raw.githubusercontent.com/drkameleon/complete-hsk-vocabulary/7ac65bf1a6387d35f1ade478906172a19311c7f9/complete.json#/7453,2021-standard-derived upstream new-6; not 2025 exam
zh-hsk6-00722,时时,shí shí,[shí shí] often; constantly,,general-and-abstract,zh-vocab-adapted,https://raw.githubusercontent.com/drkameleon/complete-hsk-vocabulary/7ac65bf1a6387d35f1ade478906172a19311c7f9/complete.json#/7455,2021-standard-derived upstream new-6; not 2025 exam
zh-hsk6-00723,时装,shí zhuāng,[shí zhuāng] fashion; fashionable clothes,,general-and-abstract,zh-vocab-adapted,https://raw.githubusercontent.com/drkameleon/complete-hsk-vocabulary/7ac65bf1a6387d35f1ade478906172a19311c7f9/complete.json#/7458,2021-standard-derived upstream new-6; not 2025 exam
zh-hsk6-00724,实践,shí jiàn,[shí jiàn] practice; to put into practice; to live up to (a promise); to carry out (a project),,general-and-abstract,zh-vocab-adapted,https://raw.githubusercontent.com/drkameleon/complete-hsk-vocabulary/7ac65bf1a6387d35f1ade478906172a19311c7f9/complete.json#/7465,2021-standard-derived upstream new-6; not 2025 exam
zh-hsk6-00725,食欲,shí yù,[shí yù] appetite,,general-and-abstract,zh-vocab-adapted,https://raw.githubusercontent.com/drkameleon/complete-hsk-vocabulary/7ac65bf1a6387d35f1ade478906172a19311c7f9/complete.json#/7485,2021-standard-derived upstream new-6; not 2025 exam
zh-hsk6-00726,市民,shì mín,[shì mín] city resident,,travel-and-places,zh-vocab-adapted,https://raw.githubusercontent.com/drkameleon/complete-hsk-vocabulary/7ac65bf1a6387d35f1ade478906172a19311c7f9/complete.json#/7509,2021-standard-derived upstream new-6; not 2025 exam
zh-hsk6-00727,事后,shì hòu,[shì hòu] after the event; in hindsight; in retrospect,,general-and-abstract,zh-vocab-adapted,https://raw.githubusercontent.com/drkameleon/complete-hsk-vocabulary/7ac65bf1a6387d35f1ade478906172a19311c7f9/complete.json#/7522,2021-standard-derived upstream new-6; not 2025 exam
zh-hsk6-00728,试点,shì diǎn,[shì diǎn] test point; to carry out trial; pilot scheme,,general-and-abstract,zh-vocab-adapted,https://raw.githubusercontent.com/drkameleon/complete-hsk-vocabulary/7ac65bf1a6387d35f1ade478906172a19311c7f9/complete.json#/7550,2021-standard-derived upstream new-6; not 2025 exam
zh-hsk6-00729,适当,shì dàng,[shì dàng] suitable; appropriate,,general-and-abstract,zh-vocab-adapted,https://raw.githubusercontent.com/drkameleon/complete-hsk-vocabulary/7ac65bf1a6387d35f1ade478906172a19311c7f9/complete.json#/7565,2021-standard-derived upstream new-6; not 2025 exam
zh-hsk6-00730,识,shí / zhì,[shí] to know; knowledge; Taiwan pr. / [zhì] to record; to write a footnote,,general-and-abstract,zh-vocab-adapted,https://raw.githubusercontent.com/drkameleon/complete-hsk-vocabulary/7ac65bf1a6387d35f1ade478906172a19311c7f9/complete.json#/7576,2021-standard-derived upstream new-6; not 2025 exam
zh-hsk6-00731,识字,shí zì,[shí zì] to learn to read,,study-and-work,zh-vocab-adapted,https://raw.githubusercontent.com/drkameleon/complete-hsk-vocabulary/7ac65bf1a6387d35f1ade478906172a19311c7f9/complete.json#/7578,2021-standard-derived upstream new-6; not 2025 exam
zh-hsk6-00732,收藏,shōu cáng,"[shōu cáng] to collect (works of art, dolls, antiques etc); to put away for safekeeping; (Internet) to bookmark; a collection",,general-and-abstract,zh-vocab-adapted,https://raw.githubusercontent.com/drkameleon/complete-hsk-vocabulary/7ac65bf1a6387d35f1ade478906172a19311c7f9/complete.json#/7581,2021-standard-derived upstream new-6; not 2025 exam
zh-hsk6-00733,收取,shōu qǔ,[shōu qǔ] to receive; to collect,,general-and-abstract,zh-vocab-adapted,https://raw.githubusercontent.com/drkameleon/complete-hsk-vocabulary/7ac65bf1a6387d35f1ade478906172a19311c7f9/complete.json#/7594,2021-standard-derived upstream new-6; not 2025 exam
zh-hsk6-00734,收养,shōu yǎng,"[shōu yǎng] to take in and care for (an elderly person, a dog etc); to adopt (a child); adoption",,people-and-relationships,zh-vocab-adapted,https://raw.githubusercontent.com/drkameleon/complete-hsk-vocabulary/7ac65bf1a6387d35f1ade478906172a19311c7f9/complete.json#/7600,2021-standard-derived upstream new-6; not 2025 exam
zh-hsk6-00735,手续费,shǒu xù fèi,[shǒu xù fèi] service charge; processing fee; commission,,general-and-abstract,zh-vocab-adapted,https://raw.githubusercontent.com/drkameleon/complete-hsk-vocabulary/7ac65bf1a6387d35f1ade478906172a19311c7f9/complete.json#/7624,2021-standard-derived upstream new-6; not 2025 exam
zh-hsk6-00736,首次,shǒu cì,[shǒu cì] first; first time; for the first time,,time-and-quantity,zh-vocab-adapted,https://raw.githubusercontent.com/drkameleon/complete-hsk-vocabulary/7ac65bf1a6387d35f1ade478906172a19311c7f9/complete.json#/7634,2021-standard-derived upstream new-6; not 2025 exam
zh-hsk6-00737,首脑,shǒu nǎo,[shǒu nǎo] head (of state); summit (meeting); leader,,health-and-body,zh-vocab-adapted,https://raw.githubusercontent.com/drkameleon/complete-hsk-vocabulary/7ac65bf1a6387d35f1ade478906172a19311c7f9/complete.json#/7637,2021-standard-derived upstream new-6; not 2025 exam
zh-hsk6-00738,首席,shǒu xí,"[shǒu xí] chief (representative, correspondent etc)",,general-and-abstract,zh-vocab-adapted,https://raw.githubusercontent.com/drkameleon/complete-hsk-vocabulary/7ac65bf1a6387d35f1ade478906172a19311c7f9/complete.json#/7640,2021-standard-derived upstream new-6; not 2025 exam
zh-hsk6-00739,首相,shǒu xiàng,[shǒu xiàng] prime minister (of Japan or UK etc),,general-and-abstract,zh-vocab-adapted,https://raw.githubusercontent.com/drkameleon/complete-hsk-vocabulary/7ac65bf1a6387d35f1ade478906172a19311c7f9/complete.json#/7642,2021-standard-derived upstream new-6; not 2025 exam
zh-hsk6-00740,书房,shū fáng,[shū fáng] study (room); studio,,study-and-work,zh-vocab-adapted,https://raw.githubusercontent.com/drkameleon/complete-hsk-vocabulary/7ac65bf1a6387d35f1ade478906172a19311c7f9/complete.json#/7672,2021-standard-derived upstream new-6; not 2025 exam
zh-hsk6-00741,薯片,shǔ piàn,[shǔ piàn] fried potato chips,,general-and-abstract,zh-vocab-adapted,https://raw.githubusercontent.com/drkameleon/complete-hsk-vocabulary/7ac65bf1a6387d35f1ade478906172a19311c7f9/complete.json#/7713,2021-standard-derived upstream new-6; not 2025 exam
zh-hsk6-00742,薯条,shǔ tiáo,[shǔ tiáo] french fries; french fried potatoes; chips,,general-and-abstract,zh-vocab-adapted,https://raw.githubusercontent.com/drkameleon/complete-hsk-vocabulary/7ac65bf1a6387d35f1ade478906172a19311c7f9/complete.json#/7714,2021-standard-derived upstream new-6; not 2025 exam
zh-hsk6-00743,双打,shuāng dǎ,[shuāng dǎ] doubles (in sports),,general-and-abstract,zh-vocab-adapted,https://raw.githubusercontent.com/drkameleon/complete-hsk-vocabulary/7ac65bf1a6387d35f1ade478906172a19311c7f9/complete.json#/7758,2021-standard-derived upstream new-6; not 2025 exam
zh-hsk6-00744,爽,shuǎng,[shuǎng] bright; clear; crisp; open; frank; straightforward; to feel well; fine; pleasurable; invigorating; to deviate,,thought-and-communication,zh-vocab-adapted,https://raw.githubusercontent.com/drkameleon/complete-hsk-vocabulary/7ac65bf1a6387d35f1ade478906172a19311c7f9/complete.json#/7765,2021-standard-derived upstream new-6; not 2025 exam
zh-hsk6-00745,水泥,shuǐ ní,[shuǐ ní] cement,,general-and-abstract,zh-vocab-adapted,https://raw.githubusercontent.com/drkameleon/complete-hsk-vocabulary/7ac65bf1a6387d35f1ade478906172a19311c7f9/complete.json#/7785,2021-standard-derived upstream new-6; not 2025 exam
zh-hsk6-00746,税,shuì,[shuì] taxes; duties,,general-and-abstract,zh-vocab-adapted,https://raw.githubusercontent.com/drkameleon/complete-hsk-vocabulary/7ac65bf1a6387d35f1ade478906172a19311c7f9/complete.json#/7794,2021-standard-derived upstream new-6; not 2025 exam
zh-hsk6-00747,顺,shùn,[shùn] to obey; to follow; to arrange; to make reasonable; along; favorable,,general-and-abstract,zh-vocab-adapted,https://raw.githubusercontent.com/drkameleon/complete-hsk-vocabulary/7ac65bf1a6387d35f1ade478906172a19311c7f9/complete.json#/7802,2021-standard-derived upstream new-6; not 2025 exam
zh-hsk6-00748,说明书,shuō míng shū,[shuō míng shū] (technical) manual; (book of) directions; synopsis (of a play or film); specification (patent),,study-and-work,zh-vocab-adapted,https://raw.githubusercontent.com/drkameleon/complete-hsk-vocabulary/7ac65bf1a6387d35f1ade478906172a19311c7f9/complete.json#/7831,2021-standard-derived upstream new-6; not 2025 exam
zh-hsk6-00749,说实话,shuō shí huà,[shuō shí huà] to speak the truth; truth to tell; frankly,,thought-and-communication,zh-vocab-adapted,https://raw.githubusercontent.com/drkameleon/complete-hsk-vocabulary/7ac65bf1a6387d35f1ade478906172a19311c7f9/complete.json#/7834,2021-standard-derived upstream new-6; not 2025 exam
zh-hsk6-00750,司长,sī zhǎng,[sī zhǎng] bureau chief,,general-and-abstract,zh-vocab-adapted,https://raw.githubusercontent.com/drkameleon/complete-hsk-vocabulary/7ac65bf1a6387d35f1ade478906172a19311c7f9/complete.json#/7846,2021-standard-derived upstream new-6; not 2025 exam
zh-hsk6-00751,死亡,sǐ wáng,[sǐ wáng] to die; death,,general-and-abstract,zh-vocab-adapted,https://raw.githubusercontent.com/drkameleon/complete-hsk-vocabulary/7ac65bf1a6387d35f1ade478906172a19311c7f9/complete.json#/7867,2021-standard-derived upstream new-6; not 2025 exam
zh-hsk6-00752,四处,sì chù,[sì chù] all over the place; everywhere and all directions,,general-and-abstract,zh-vocab-adapted,https://raw.githubusercontent.com/drkameleon/complete-hsk-vocabulary/7ac65bf1a6387d35f1ade478906172a19311c7f9/complete.json#/7871,2021-standard-derived upstream new-6; not 2025 exam
zh-hsk6-00753,寺,sì,[sì] Buddhist temple; mosque; government office (old),,study-and-work;society-and-public-life,zh-vocab-adapted,https://raw.githubusercontent.com/drkameleon/complete-hsk-vocabulary/7ac65bf1a6387d35f1ade478906172a19311c7f9/complete.json#/7877,2021-standard-derived upstream new-6; not 2025 exam
zh-hsk6-00754,送礼,sòng lǐ,[sòng lǐ] to give a present,,general-and-abstract,zh-vocab-adapted,https://raw.githubusercontent.com/drkameleon/complete-hsk-vocabulary/7ac65bf1a6387d35f1ade478906172a19311c7f9/complete.json#/7892,2021-standard-derived upstream new-6; not 2025 exam
zh-hsk6-00755,送行,sòng xíng,[sòng xíng] to see someone off; to throw someone a send-off party,,general-and-abstract,zh-vocab-adapted,https://raw.githubusercontent.com/drkameleon/complete-hsk-vocabulary/7ac65bf1a6387d35f1ade478906172a19311c7f9/complete.json#/7893,2021-standard-derived upstream new-6; not 2025 exam
zh-hsk6-00756,素质,sù zhì,[sù zhì] inner quality; basic essence,,general-and-abstract,zh-vocab-adapted,https://raw.githubusercontent.com/drkameleon/complete-hsk-vocabulary/7ac65bf1a6387d35f1ade478906172a19311c7f9/complete.json#/7913,2021-standard-derived upstream new-6; not 2025 exam
zh-hsk6-00757,算了,suàn le,[suàn le] let it be; let it pass; forget about it,,general-and-abstract,zh-vocab-adapted,https://raw.githubusercontent.com/drkameleon/complete-hsk-vocabulary/7ac65bf1a6387d35f1ade478906172a19311c7f9/complete.json#/7928,2021-standard-derived upstream new-6; not 2025 exam
zh-hsk6-00758,算是,suàn shì,[suàn shì] considered to be; at last,,general-and-abstract,zh-vocab-adapted,https://raw.githubusercontent.com/drkameleon/complete-hsk-vocabulary/7ac65bf1a6387d35f1ade478906172a19311c7f9/complete.json#/7930,2021-standard-derived upstream new-6; not 2025 exam
zh-hsk6-00759,虽,suī,[suī] although; even though,,general-and-abstract,zh-vocab-adapted,https://raw.githubusercontent.com/drkameleon/complete-hsk-vocabulary/7ac65bf1a6387d35f1ade478906172a19311c7f9/complete.json#/7933,2021-standard-derived upstream new-6; not 2025 exam
zh-hsk6-00760,岁数,suì shu,[suì shu] age (number of years old),,time-and-quantity,zh-vocab-adapted,https://raw.githubusercontent.com/drkameleon/complete-hsk-vocabulary/7ac65bf1a6387d35f1ade478906172a19311c7f9/complete.json#/7951,2021-standard-derived upstream new-6; not 2025 exam
zh-hsk6-00761,塔,tǎ,[tǎ] pagoda; tower; minaret; stupa (abbr. loanword from Sanskrit tapo),,general-and-abstract,zh-vocab-adapted,https://raw.githubusercontent.com/drkameleon/complete-hsk-vocabulary/7ac65bf1a6387d35f1ade478906172a19311c7f9/complete.json#/7990,2021-standard-derived upstream new-6; not 2025 exam
zh-hsk6-00762,踏,tà,[tà] to tread; to stamp; to step on; to press a pedal; to investigate on the spot,,general-and-abstract,zh-vocab-adapted,https://raw.githubusercontent.com/drkameleon/complete-hsk-vocabulary/7ac65bf1a6387d35f1ade478906172a19311c7f9/complete.json#/7993,2021-standard-derived upstream new-6; not 2025 exam
zh-hsk6-00763,踏实,tā shi,[tā shi] firmly-based; steady; steadfast; to have peace of mind; free from anxiety; Taiwan pr.,,general-and-abstract,zh-vocab-adapted,https://raw.githubusercontent.com/drkameleon/complete-hsk-vocabulary/7ac65bf1a6387d35f1ade478906172a19311c7f9/complete.json#/7995,2021-standard-derived upstream new-6; not 2025 exam
zh-hsk6-00764,台灯,tái dēng,[tái dēng] desk lamp; table lamp,,general-and-abstract,zh-vocab-adapted,https://raw.githubusercontent.com/drkameleon/complete-hsk-vocabulary/7ac65bf1a6387d35f1ade478906172a19311c7f9/complete.json#/7999,2021-standard-derived upstream new-6; not 2025 exam
zh-hsk6-00765,太阳能,tài yáng néng,[tài yáng néng] solar energy,,general-and-abstract,zh-vocab-adapted,https://raw.githubusercontent.com/drkameleon/complete-hsk-vocabulary/7ac65bf1a6387d35f1ade478906172a19311c7f9/complete.json#/8013,2021-standard-derived upstream new-6; not 2025 exam
zh-hsk6-00766,叹气,tàn qì,[tàn qì] to sigh; to heave a sigh,,general-and-abstract,zh-vocab-adapted,https://raw.githubusercontent.com/drkameleon/complete-hsk-vocabulary/7ac65bf1a6387d35f1ade478906172a19311c7f9/complete.json#/8039,2021-standard-derived upstream new-6; not 2025 exam
zh-hsk6-00767,探索,tàn suǒ,[tàn suǒ] to explore; to probe,,general-and-abstract,zh-vocab-adapted,https://raw.githubusercontent.com/drkameleon/complete-hsk-vocabulary/7ac65bf1a6387d35f1ade478906172a19311c7f9/complete.json#/8045,2021-standard-derived upstream new-6; not 2025 exam
zh-hsk6-00768,探讨,tàn tǎo,[tàn tǎo] to investigate; to probe,,general-and-abstract,zh-vocab-adapted,https://raw.githubusercontent.com/drkameleon/complete-hsk-vocabulary/7ac65bf1a6387d35f1ade478906172a19311c7f9/complete.json#/8046,2021-standard-derived upstream new-6; not 2025 exam
zh-hsk6-00769,趟,tāng / tàng,"[tāng] to wade; to trample; to turn the soil / [tàng] classifier for times, round trips or rows; a time; a trip",,time-and-quantity,zh-vocab-adapted,https://raw.githubusercontent.com/drkameleon/complete-hsk-vocabulary/7ac65bf1a6387d35f1ade478906172a19311c7f9/complete.json#/8061,2021-standard-derived upstream new-6; not 2025 exam
zh-hsk6-00770,掏,tāo,[tāo] to fish out (from pocket); to scoop,,general-and-abstract,zh-vocab-adapted,https://raw.githubusercontent.com/drkameleon/complete-hsk-vocabulary/7ac65bf1a6387d35f1ade478906172a19311c7f9/complete.json#/8062,2021-standard-derived upstream new-6; not 2025 exam
zh-hsk6-00771,特,tè,[tè] special; unique; distinguished; especially; unusual; very; tex,,general-and-abstract,zh-vocab-adapted,https://raw.githubusercontent.com/drkameleon/complete-hsk-vocabulary/7ac65bf1a6387d35f1ade478906172a19311c7f9/complete.json#/8088,2021-standard-derived upstream new-6; not 2025 exam
zh-hsk6-00772,特大,tè dà,[tè dà] exceptionally big,,general-and-abstract,zh-vocab-adapted,https://raw.githubusercontent.com/drkameleon/complete-hsk-vocabulary/7ac65bf1a6387d35f1ade478906172a19311c7f9/complete.json#/8091,2021-standard-derived upstream new-6; not 2025 exam
zh-hsk6-00773,特地,tè dì,[tè dì] specially; for a special purpose,,general-and-abstract,zh-vocab-adapted,https://raw.githubusercontent.com/drkameleon/complete-hsk-vocabulary/7ac65bf1a6387d35f1ade478906172a19311c7f9/complete.json#/8092,2021-standard-derived upstream new-6; not 2025 exam
zh-hsk6-00774,特快,tè kuài,"[tè kuài] express (train, delivery etc)",,travel-and-places,zh-vocab-adapted,https://raw.githubusercontent.com/drkameleon/complete-hsk-vocabulary/7ac65bf1a6387d35f1ade478906172a19311c7f9/complete.json#/8096,2021-standard-derived upstream new-6; not 2025 exam
zh-hsk6-00775,特意,tè yì,[tè yì] specially; intentionally,,general-and-abstract,zh-vocab-adapted,https://raw.githubusercontent.com/drkameleon/complete-hsk-vocabulary/7ac65bf1a6387d35f1ade478906172a19311c7f9/complete.json#/8103,2021-standard-derived upstream new-6; not 2025 exam
zh-hsk6-00776,疼痛,téng tòng,[téng tòng] pain; (of a body part) to be painful; to be sore; to hurt; (of a person) to be in pain,,health-and-body,zh-vocab-adapted,https://raw.githubusercontent.com/drkameleon/complete-hsk-vocabulary/7ac65bf1a6387d35f1ade478906172a19311c7f9/complete.json#/8111,2021-standard-derived upstream new-6; not 2025 exam
zh-hsk6-00777,踢,tī,[tī] to kick; to play (e.g. soccer); (slang) butch (in a lesbian relationship),,general-and-abstract,zh-vocab-adapted,https://raw.githubusercontent.com/drkameleon/complete-hsk-vocabulary/7ac65bf1a6387d35f1ade478906172a19311c7f9/complete.json#/8116,2021-standard-derived upstream new-6; not 2025 exam
zh-hsk6-00778,提交,tí jiāo,[tí jiāo] to submit (a report etc); to refer (a problem) to sb,,general-and-abstract,zh-vocab-adapted,https://raw.githubusercontent.com/drkameleon/complete-hsk-vocabulary/7ac65bf1a6387d35f1ade478906172a19311c7f9/complete.json#/8126,2021-standard-derived upstream new-6; not 2025 exam
zh-hsk6-00779,提升,tí shēng,[tí shēng] to promote (to a higher-ranking position); to lift; to hoist; (fig.) to elevate; to raise; to improve,,general-and-abstract,zh-vocab-adapted,https://raw.githubusercontent.com/drkameleon/complete-hsk-vocabulary/7ac65bf1a6387d35f1ade478906172a19311c7f9/complete.json#/8131,2021-standard-derived upstream new-6; not 2025 exam
zh-hsk6-00780,天然,tiān rán,[tiān rán] natural,,general-and-abstract,zh-vocab-adapted,https://raw.githubusercontent.com/drkameleon/complete-hsk-vocabulary/7ac65bf1a6387d35f1ade478906172a19311c7f9/complete.json#/8178,2021-standard-derived upstream new-6; not 2025 exam
zh-hsk6-00781,天堂,tiān táng,[tiān táng] paradise; heaven,,general-and-abstract,zh-vocab-adapted,https://raw.githubusercontent.com/drkameleon/complete-hsk-vocabulary/7ac65bf1a6387d35f1ade478906172a19311c7f9/complete.json#/8183,2021-standard-derived upstream new-6; not 2025 exam
zh-hsk6-00782,天下,tiān xià,[tiān xià] land under heaven; the whole world; the whole of China; realm; rule,,general-and-abstract,zh-vocab-adapted,https://raw.githubusercontent.com/drkameleon/complete-hsk-vocabulary/7ac65bf1a6387d35f1ade478906172a19311c7f9/complete.json#/8185,2021-standard-derived upstream new-6; not 2025 exam
zh-hsk6-00783,添,tiān,[tiān] to add; to increase; to replenish,,general-and-abstract,zh-vocab-adapted,https://raw.githubusercontent.com/drkameleon/complete-hsk-vocabulary/7ac65bf1a6387d35f1ade478906172a19311c7f9/complete.json#/8191,2021-standard-derived upstream new-6; not 2025 exam
zh-hsk6-00784,田,Tián / tián,[Tián] surname Tian / [tián] field; farm,,general-and-abstract,zh-vocab-adapted,https://raw.githubusercontent.com/drkameleon/complete-hsk-vocabulary/7ac65bf1a6387d35f1ade478906172a19311c7f9/complete.json#/8193,2021-standard-derived upstream new-6; not 2025 exam
zh-hsk6-00785,田径,tián jìng,[tián jìng] track and field (athletics),,general-and-abstract,zh-vocab-adapted,https://raw.githubusercontent.com/drkameleon/complete-hsk-vocabulary/7ac65bf1a6387d35f1ade478906172a19311c7f9/complete.json#/8194,2021-standard-derived upstream new-6; not 2025 exam
zh-hsk6-00786,跳水,tiào shuǐ,[tiào shuǐ] to dive (into water); (sports) diving; to commit suicide by jumping into water; (fig.) (of stock prices etc) to fall dramatically,,general-and-abstract,zh-vocab-adapted,https://raw.githubusercontent.com/drkameleon/complete-hsk-vocabulary/7ac65bf1a6387d35f1ade478906172a19311c7f9/complete.json#/8224,2021-standard-derived upstream new-6; not 2025 exam
zh-hsk6-00787,听取,tīng qǔ,[tīng qǔ] to hear (news); to listen to,,general-and-abstract,zh-vocab-adapted,https://raw.githubusercontent.com/drkameleon/complete-hsk-vocabulary/7ac65bf1a6387d35f1ade478906172a19311c7f9/complete.json#/8242,2021-standard-derived upstream new-6; not 2025 exam
zh-hsk6-00788,通报,tōng bào,[tōng bào] to inform; to notify; to announce; circular; bulletin; (scientific) journal,,general-and-abstract,zh-vocab-adapted,https://raw.githubusercontent.com/drkameleon/complete-hsk-vocabulary/7ac65bf1a6387d35f1ade478906172a19311c7f9/complete.json#/8264,2021-standard-derived upstream new-6; not 2025 exam
zh-hsk6-00789,通道,Tōng dào / tōng dào,"[Tōng dào] Tongdao Dong autonomous county in Huaihua, Hunan / [tōng dào] (communications) channel; thoroughfare; passage",,general-and-abstract,zh-vocab-adapted,https://raw.githubusercontent.com/drkameleon/complete-hsk-vocabulary/7ac65bf1a6387d35f1ade478906172a19311c7f9/complete.json#/8268,2021-standard-derived upstream new-6; not 2025 exam
zh-hsk6-00790,通红,tōng hóng,[tōng hóng] very red; red through and through; to blush (deep red),,general-and-abstract,zh-vocab-adapted,https://raw.githubusercontent.com/drkameleon/complete-hsk-vocabulary/7ac65bf1a6387d35f1ade478906172a19311c7f9/complete.json#/8272,2021-standard-derived upstream new-6; not 2025 exam
zh-hsk6-00791,通话,tōng huà,[tōng huà] to hold a conversation; to talk over the telephone; phone call,,general-and-abstract,zh-vocab-adapted,https://raw.githubusercontent.com/drkameleon/complete-hsk-vocabulary/7ac65bf1a6387d35f1ade478906172a19311c7f9/complete.json#/8273,2021-standard-derived upstream new-6; not 2025 exam
zh-hsk6-00792,通行,tōng xíng,[tōng xíng] to go through; to pass through; to be in general use,,general-and-abstract,zh-vocab-adapted,https://raw.githubusercontent.com/drkameleon/complete-hsk-vocabulary/7ac65bf1a6387d35f1ade478906172a19311c7f9/complete.json#/8282,2021-standard-derived upstream new-6; not 2025 exam
zh-hsk6-00793,通讯,tōng xùn,[tōng xùn] communications; news story; dispatch,,general-and-abstract,zh-vocab-adapted,https://raw.githubusercontent.com/drkameleon/complete-hsk-vocabulary/7ac65bf1a6387d35f1ade478906172a19311c7f9/complete.json#/8284,2021-standard-derived upstream new-6; not 2025 exam
zh-hsk6-00794,同,tóng,[tóng] like; same; similar; together; alike; with,,general-and-abstract,zh-vocab-adapted,https://raw.githubusercontent.com/drkameleon/complete-hsk-vocabulary/7ac65bf1a6387d35f1ade478906172a19311c7f9/complete.json#/8288,2021-standard-derived upstream new-6; not 2025 exam
zh-hsk6-00795,同胞,tóng bāo,[tóng bāo] born of the same parents; sibling; fellow citizen; compatriot,,general-and-abstract,zh-vocab-adapted,https://raw.githubusercontent.com/drkameleon/complete-hsk-vocabulary/7ac65bf1a6387d35f1ade478906172a19311c7f9/complete.json#/8290,2021-standard-derived upstream new-6; not 2025 exam
zh-hsk6-00796,同期,tóng qī,[tóng qī] the corresponding time period (in a different year etc); concurrent; synchronous,,time-and-quantity,zh-vocab-adapted,https://raw.githubusercontent.com/drkameleon/complete-hsk-vocabulary/7ac65bf1a6387d35f1ade478906172a19311c7f9/complete.json#/8298,2021-standard-derived upstream new-6; not 2025 exam
zh-hsk6-00797,同行,tóng háng / tóng xíng,"[tóng háng] person of the same profession; of the same trade, occupation or industry / [tóng xíng] to journey together",,general-and-abstract,zh-vocab-adapted,https://raw.githubusercontent.com/drkameleon/complete-hsk-vocabulary/7ac65bf1a6387d35f1ade478906172a19311c7f9/complete.json#/8303,2021-standard-derived upstream new-6; not 2025 exam
zh-hsk6-00798,同一,tóng yī,[tóng yī] identical; the same,,general-and-abstract,zh-vocab-adapted,https://raw.githubusercontent.com/drkameleon/complete-hsk-vocabulary/7ac65bf1a6387d35f1ade478906172a19311c7f9/complete.json#/8306,2021-standard-derived upstream new-6; not 2025 exam
zh-hsk6-00799,铜牌,tóng pái,[tóng pái] bronze medal; bronze plaque bearing a business name or logo etc,,general-and-abstract,zh-vocab-adapted,https://raw.githubusercontent.com/drkameleon/complete-hsk-vocabulary/7ac65bf1a6387d35f1ade478906172a19311c7f9/complete.json#/8312,2021-standard-derived upstream new-6; not 2025 exam
zh-hsk6-00800,头疼,tóu téng,[tóu téng] headache,,general-and-abstract,zh-vocab-adapted,https://raw.githubusercontent.com/drkameleon/complete-hsk-vocabulary/7ac65bf1a6387d35f1ade478906172a19311c7f9/complete.json#/8339,2021-standard-derived upstream new-6; not 2025 exam
zh-hsk6-00801,投票,tóu piào,[tóu piào] to vote; vote,,general-and-abstract,zh-vocab-adapted,https://raw.githubusercontent.com/drkameleon/complete-hsk-vocabulary/7ac65bf1a6387d35f1ade478906172a19311c7f9/complete.json#/8349,2021-standard-derived upstream new-6; not 2025 exam
zh-hsk6-00802,透露,tòu lù,[tòu lù] to leak out; to divulge; to reveal,,general-and-abstract,zh-vocab-adapted,https://raw.githubusercontent.com/drkameleon/complete-hsk-vocabulary/7ac65bf1a6387d35f1ade478906172a19311c7f9/complete.json#/8359,2021-standard-derived upstream new-6; not 2025 exam
zh-hsk6-00803,图书,tú shū,[tú shū] books (in a library or bookstore),,general-and-abstract,zh-vocab-adapted,https://raw.githubusercontent.com/drkameleon/complete-hsk-vocabulary/7ac65bf1a6387d35f1ade478906172a19311c7f9/complete.json#/8378,2021-standard-derived upstream new-6; not 2025 exam
zh-hsk6-00804,徒弟,tú dì,[tú dì] apprentice; disciple,,general-and-abstract,zh-vocab-adapted,https://raw.githubusercontent.com/drkameleon/complete-hsk-vocabulary/7ac65bf1a6387d35f1ade478906172a19311c7f9/complete.json#/8384,2021-standard-derived upstream new-6; not 2025 exam
zh-hsk6-00805,途径,tú jìng,[tú jìng] way; means; channel,,general-and-abstract,zh-vocab-adapted,https://raw.githubusercontent.com/drkameleon/complete-hsk-vocabulary/7ac65bf1a6387d35f1ade478906172a19311c7f9/complete.json#/8385,2021-standard-derived upstream new-6; not 2025 exam
zh-hsk6-00806,团队,tuán duì,[tuán duì] team,,general-and-abstract,zh-vocab-adapted,https://raw.githubusercontent.com/drkameleon/complete-hsk-vocabulary/7ac65bf1a6387d35f1ade478906172a19311c7f9/complete.json#/8400,2021-standard-derived upstream new-6; not 2025 exam
zh-hsk6-00807,推出,tuī chū,[tuī chū] to push out; to release; to launch; to publish; to recommend,,general-and-abstract,zh-vocab-adapted,https://raw.githubusercontent.com/drkameleon/complete-hsk-vocabulary/7ac65bf1a6387d35f1ade478906172a19311c7f9/complete.json#/8411,2021-standard-derived upstream new-6; not 2025 exam
zh-hsk6-00808,退票,tuì piào,[tuì piào] to bounce (a check); to return a ticket; ticket refund,,general-and-abstract,zh-vocab-adapted,https://raw.githubusercontent.com/drkameleon/complete-hsk-vocabulary/7ac65bf1a6387d35f1ade478906172a19311c7f9/complete.json#/8435,2021-standard-derived upstream new-6; not 2025 exam
zh-hsk6-00809,吞,tūn,[tūn] to swallow; to take,,general-and-abstract,zh-vocab-adapted,https://raw.githubusercontent.com/drkameleon/complete-hsk-vocabulary/7ac65bf1a6387d35f1ade478906172a19311c7f9/complete.json#/8443,2021-standard-derived upstream new-6; not 2025 exam
zh-hsk6-00810,托,tuō,[tuō] prop; support (for weight); rest (e.g. arm rest); thanks to; to hold in one's hand; to support in one's palm; to give; to base; to commit; to set; torr (unit of pressure) / [tuō] to trust; to entrust; to be entrusted with; to act as trustee,,health-and-body,zh-vocab-adapted,https://raw.githubusercontent.com/drkameleon/complete-hsk-vocabulary/7ac65bf1a6387d35f1ade478906172a19311c7f9/complete.json#/8446,2021-standard-derived upstream new-6; not 2025 exam
zh-hsk6-00811,拖,tuō,[tuō] to drag; to tow; to trail; to hang down; to mop (the floor); to delay; to drag on,,general-and-abstract,zh-vocab-adapted,https://raw.githubusercontent.com/drkameleon/complete-hsk-vocabulary/7ac65bf1a6387d35f1ade478906172a19311c7f9/complete.json#/8449,2021-standard-derived upstream new-6; not 2025 exam
zh-hsk6-00812,拖鞋,tuō xié,[tuō xié] slippers; sandals; flip-flops,,general-and-abstract,zh-vocab-adapted,https://raw.githubusercontent.com/drkameleon/complete-hsk-vocabulary/7ac65bf1a6387d35f1ade478906172a19311c7f9/complete.json#/8452,2021-standard-derived upstream new-6; not 2025 exam
zh-hsk6-00813,挖,wā,[wā] to dig; to excavate; to scoop out,,general-and-abstract,zh-vocab-adapted,https://raw.githubusercontent.com/drkameleon/complete-hsk-vocabulary/7ac65bf1a6387d35f1ade478906172a19311c7f9/complete.json#/8469,2021-standard-derived upstream new-6; not 2025 exam
zh-hsk6-00814,娃娃,wá wa,[wá wa] baby; small child; doll,,people-and-relationships,zh-vocab-adapted,https://raw.githubusercontent.com/drkameleon/complete-hsk-vocabulary/7ac65bf1a6387d35f1ade478906172a19311c7f9/complete.json#/8472,2021-standard-derived upstream new-6; not 2025 exam
zh-hsk6-00815,哇,wā / wa,[wā] Wow!; sound of a child's crying; sound of vomiting / [wa] sentence-final particle expressing exclamation or emphasis after certain vowel sounds,,people-and-relationships,zh-vocab-adapted,https://raw.githubusercontent.com/drkameleon/complete-hsk-vocabulary/7ac65bf1a6387d35f1ade478906172a19311c7f9/complete.json#/8476,2021-standard-derived upstream new-6; not 2025 exam
zh-hsk6-00816,外币,wài bì,[wài bì] foreign currency,,general-and-abstract,zh-vocab-adapted,https://raw.githubusercontent.com/drkameleon/complete-hsk-vocabulary/7ac65bf1a6387d35f1ade478906172a19311c7f9/complete.json#/8480,2021-standard-derived upstream new-6; not 2025 exam
zh-hsk6-00817,外部,wài bù,[wài bù] the outside; (attributive) external; exterior; surface,,general-and-abstract,zh-vocab-adapted,https://raw.githubusercontent.com/drkameleon/complete-hsk-vocabulary/7ac65bf1a6387d35f1ade478906172a19311c7f9/complete.json#/8483,2021-standard-derived upstream new-6; not 2025 exam
zh-hsk6-00818,外出,wài chū,[wài chū] to go out; to go away (on a trip etc),,general-and-abstract,zh-vocab-adapted,https://raw.githubusercontent.com/drkameleon/complete-hsk-vocabulary/7ac65bf1a6387d35f1ade478906172a19311c7f9/complete.json#/8484,2021-standard-derived upstream new-6; not 2025 exam
zh-hsk6-00819,外观,wài guān,[wài guān] outward appearance,,general-and-abstract,zh-vocab-adapted,https://raw.githubusercontent.com/drkameleon/complete-hsk-vocabulary/7ac65bf1a6387d35f1ade478906172a19311c7f9/complete.json#/8487,2021-standard-derived upstream new-6; not 2025 exam
zh-hsk6-00820,外科,wài kē,[wài kē] surgery (branch of medicine),,health-and-body,zh-vocab-adapted,https://raw.githubusercontent.com/drkameleon/complete-hsk-vocabulary/7ac65bf1a6387d35f1ade478906172a19311c7f9/complete.json#/8495,2021-standard-derived upstream new-6; not 2025 exam
zh-hsk6-00821,外来,wài lái,[wài lái] external; foreign; outside,,general-and-abstract,zh-vocab-adapted,https://raw.githubusercontent.com/drkameleon/complete-hsk-vocabulary/7ac65bf1a6387d35f1ade478906172a19311c7f9/complete.json#/8496,2021-standard-derived upstream new-6; not 2025 exam
zh-hsk6-00822,外头,wài tou,[wài tou] outside; out,,general-and-abstract,zh-vocab-adapted,https://raw.githubusercontent.com/drkameleon/complete-hsk-vocabulary/7ac65bf1a6387d35f1ade478906172a19311c7f9/complete.json#/8504,2021-standard-derived upstream new-6; not 2025 exam
zh-hsk6-00823,外衣,wài yī,[wài yī] outer clothing; semblance; appearance,,general-and-abstract,zh-vocab-adapted,https://raw.githubusercontent.com/drkameleon/complete-hsk-vocabulary/7ac65bf1a6387d35f1ade478906172a19311c7f9/complete.json#/8510,2021-standard-derived upstream new-6; not 2025 exam
zh-hsk6-00824,外资,wài zī,[wài zī] foreign investment,,general-and-abstract,zh-vocab-adapted,https://raw.githubusercontent.com/drkameleon/complete-hsk-vocabulary/7ac65bf1a6387d35f1ade478906172a19311c7f9/complete.json#/8513,2021-standard-derived upstream new-6; not 2025 exam
zh-hsk6-00825,弯曲,wān qū,[wān qū] to bend; to curve around; curved; crooked; to wind; to warp,,nature-and-technology,zh-vocab-adapted,https://raw.githubusercontent.com/drkameleon/complete-hsk-vocabulary/7ac65bf1a6387d35f1ade478906172a19311c7f9/complete.json#/8515,2021-standard-derived upstream new-6; not 2025 exam
zh-hsk6-00826,顽皮,wán pí,[wán pí] naughty,,general-and-abstract,zh-vocab-adapted,https://raw.githubusercontent.com/drkameleon/complete-hsk-vocabulary/7ac65bf1a6387d35f1ade478906172a19311c7f9/complete.json#/8535,2021-standard-derived upstream new-6; not 2025 exam
zh-hsk6-00827,顽强,wán qiáng,[wán qiáng] tenacious; hard to defeat,,general-and-abstract,zh-vocab-adapted,https://raw.githubusercontent.com/drkameleon/complete-hsk-vocabulary/7ac65bf1a6387d35f1ade478906172a19311c7f9/complete.json#/8536,2021-standard-derived upstream new-6; not 2025 exam
zh-hsk6-00828,王后,wáng hòu,[wáng hòu] queen,,general-and-abstract,zh-vocab-adapted,https://raw.githubusercontent.com/drkameleon/complete-hsk-vocabulary/7ac65bf1a6387d35f1ade478906172a19311c7f9/complete.json#/8564,2021-standard-derived upstream new-6; not 2025 exam
zh-hsk6-00829,王子,wáng zǐ,[wáng zǐ] prince; son of a king,,general-and-abstract,zh-vocab-adapted,https://raw.githubusercontent.com/drkameleon/complete-hsk-vocabulary/7ac65bf1a6387d35f1ade478906172a19311c7f9/complete.json#/8566,2021-standard-derived upstream new-6; not 2025 exam
zh-hsk6-00830,网吧,wǎng bā,[wǎng bā] Internet café,,general-and-abstract,zh-vocab-adapted,https://raw.githubusercontent.com/drkameleon/complete-hsk-vocabulary/7ac65bf1a6387d35f1ade478906172a19311c7f9/complete.json#/8568,2021-standard-derived upstream new-6; not 2025 exam
zh-hsk6-00831,网页,wǎng yè,[wǎng yè] web page,,general-and-abstract,zh-vocab-adapted,https://raw.githubusercontent.com/drkameleon/complete-hsk-vocabulary/7ac65bf1a6387d35f1ade478906172a19311c7f9/complete.json#/8574,2021-standard-derived upstream new-6; not 2025 exam
zh-hsk6-00832,往后,wǎng hòu,[wǎng hòu] from now on; in the future; time to come,,time-and-quantity,zh-vocab-adapted,https://raw.githubusercontent.com/drkameleon/complete-hsk-vocabulary/7ac65bf1a6387d35f1ade478906172a19311c7f9/complete.json#/8581,2021-standard-derived upstream new-6; not 2025 exam
zh-hsk6-00833,往来,wǎng lái,[wǎng lái] dealings; contacts; to go back and forth,,general-and-abstract,zh-vocab-adapted,https://raw.githubusercontent.com/drkameleon/complete-hsk-vocabulary/7ac65bf1a6387d35f1ade478906172a19311c7f9/complete.json#/8582,2021-standard-derived upstream new-6; not 2025 exam
zh-hsk6-00834,往年,wǎng nián,[wǎng nián] in former years; in previous years,,general-and-abstract,zh-vocab-adapted,https://raw.githubusercontent.com/drkameleon/complete-hsk-vocabulary/7ac65bf1a6387d35f1ade478906172a19311c7f9/complete.json#/8583,2021-standard-derived upstream new-6; not 2025 exam
zh-hsk6-00835,望见,wàng jiàn,[wàng jiàn] to espy; to spot,,general-and-abstract,zh-vocab-adapted,https://raw.githubusercontent.com/drkameleon/complete-hsk-vocabulary/7ac65bf1a6387d35f1ade478906172a19311c7f9/complete.json#/8596,2021-standard-derived upstream new-6; not 2025 exam
zh-hsk6-00836,危机,wēi jī,[wēi jī] crisis,,general-and-abstract,zh-vocab-adapted,https://raw.githubusercontent.com/drkameleon/complete-hsk-vocabulary/7ac65bf1a6387d35f1ade478906172a19311c7f9/complete.json#/8599,2021-standard-derived upstream new-6; not 2025 exam
zh-hsk6-00837,威胁,wēi xié,[wēi xié] to threaten; to menace,,general-and-abstract,zh-vocab-adapted,https://raw.githubusercontent.com/drkameleon/complete-hsk-vocabulary/7ac65bf1a6387d35f1ade478906172a19311c7f9/complete.json#/8607,2021-standard-derived upstream new-6; not 2025 exam
zh-hsk6-00838,微波炉,wēi bō lú,[wēi bō lú] microwave oven,,general-and-abstract,zh-vocab-adapted,https://raw.githubusercontent.com/drkameleon/complete-hsk-vocabulary/7ac65bf1a6387d35f1ade478906172a19311c7f9/complete.json#/8610,2021-standard-derived upstream new-6; not 2025 exam
zh-hsk6-00839,维生素,wéi shēng sù,[wéi shēng sù] vitamin,,general-and-abstract,zh-vocab-adapted,https://raw.githubusercontent.com/drkameleon/complete-hsk-vocabulary/7ac65bf1a6387d35f1ade478906172a19311c7f9/complete.json#/8634,2021-standard-derived upstream new-6; not 2025 exam
zh-hsk6-00840,为此,wèi cǐ,[wèi cǐ] for this reason; with regards to this; in this respect; in order to do this; to this end,,general-and-abstract,zh-vocab-adapted,https://raw.githubusercontent.com/drkameleon/complete-hsk-vocabulary/7ac65bf1a6387d35f1ade478906172a19311c7f9/complete.json#/8653,2021-standard-derived upstream new-6; not 2025 exam
zh-hsk6-00841,为何,wèi hé,[wèi hé] why,,general-and-abstract,zh-vocab-adapted,https://raw.githubusercontent.com/drkameleon/complete-hsk-vocabulary/7ac65bf1a6387d35f1ade478906172a19311c7f9/complete.json#/8654,2021-standard-derived upstream new-6; not 2025 exam
zh-hsk6-00842,文娱,wén yú,[wén yú] cultural recreation; entertainment,,general-and-abstract,zh-vocab-adapted,https://raw.githubusercontent.com/drkameleon/complete-hsk-vocabulary/7ac65bf1a6387d35f1ade478906172a19311c7f9/complete.json#/8710,2021-standard-derived upstream new-6; not 2025 exam
zh-hsk6-00843,卧铺,wò pù,[wò pù] a bed (on a train); a couchette,,travel-and-places,zh-vocab-adapted,https://raw.githubusercontent.com/drkameleon/complete-hsk-vocabulary/7ac65bf1a6387d35f1ade478906172a19311c7f9/complete.json#/8736,2021-standard-derived upstream new-6; not 2025 exam
zh-hsk6-00844,乌云,wū yún,[wū yún] black cloud,,general-and-abstract,zh-vocab-adapted,https://raw.githubusercontent.com/drkameleon/complete-hsk-vocabulary/7ac65bf1a6387d35f1ade478906172a19311c7f9/complete.json#/8741,2021-standard-derived upstream new-6; not 2025 exam
zh-hsk6-00845,无边,wú biān,[wú biān] without boundary; not bordered,,general-and-abstract,zh-vocab-adapted,https://raw.githubusercontent.com/drkameleon/complete-hsk-vocabulary/7ac65bf1a6387d35f1ade478906172a19311c7f9/complete.json#/8754,2021-standard-derived upstream new-6; not 2025 exam
zh-hsk6-00846,无关,wú guān,[wú guān] unrelated; having nothing to do (with sth else),,general-and-abstract,zh-vocab-adapted,https://raw.githubusercontent.com/drkameleon/complete-hsk-vocabulary/7ac65bf1a6387d35f1ade478906172a19311c7f9/complete.json#/8766,2021-standard-derived upstream new-6; not 2025 exam
zh-hsk6-00847,无效,wú xiào,[wú xiào] not valid; ineffective; in vain,,general-and-abstract,zh-vocab-adapted,https://raw.githubusercontent.com/drkameleon/complete-hsk-vocabulary/7ac65bf1a6387d35f1ade478906172a19311c7f9/complete.json#/8799,2021-standard-derived upstream new-6; not 2025 exam
zh-hsk6-00848,舞蹈,wǔ dǎo,[wǔ dǎo] dance (performance art); dancing,,general-and-abstract,zh-vocab-adapted,https://raw.githubusercontent.com/drkameleon/complete-hsk-vocabulary/7ac65bf1a6387d35f1ade478906172a19311c7f9/complete.json#/8824,2021-standard-derived upstream new-6; not 2025 exam
zh-hsk6-00849,物品,wù pǐn,[wù pǐn] articles; goods,,general-and-abstract,zh-vocab-adapted,https://raw.githubusercontent.com/drkameleon/complete-hsk-vocabulary/7ac65bf1a6387d35f1ade478906172a19311c7f9/complete.json#/8832,2021-standard-derived upstream new-6; not 2025 exam
zh-hsk6-00850,误,wù,[wù] mistake; error; to miss; to harm; to delay; to neglect; mistakenly,,general-and-abstract,zh-vocab-adapted,https://raw.githubusercontent.com/drkameleon/complete-hsk-vocabulary/7ac65bf1a6387d35f1ade478906172a19311c7f9/complete.json#/8838,2021-standard-derived upstream new-6; not 2025 exam
zh-hsk6-00851,吸毒,xī dú,[xī dú] to take drugs,,general-and-abstract,zh-vocab-adapted,https://raw.githubusercontent.com/drkameleon/complete-hsk-vocabulary/7ac65bf1a6387d35f1ade478906172a19311c7f9/complete.json#/8849,2021-standard-derived upstream new-6; not 2025 exam
zh-hsk6-00852,牺牲,xī shēng,[xī shēng] to sacrifice one's life; to sacrifice (sth valued); beast slaughtered as a sacrifice,,general-and-abstract,zh-vocab-adapted,https://raw.githubusercontent.com/drkameleon/complete-hsk-vocabulary/7ac65bf1a6387d35f1ade478906172a19311c7f9/complete.json#/8858,2021-standard-derived upstream new-6; not 2025 exam
zh-hsk6-00853,洗衣粉,xǐ yī fěn,[xǐ yī fěn] laundry detergent; washing powder,,general-and-abstract,zh-vocab-adapted,https://raw.githubusercontent.com/drkameleon/complete-hsk-vocabulary/7ac65bf1a6387d35f1ade478906172a19311c7f9/complete.json#/8880,2021-standard-derived upstream new-6; not 2025 exam
zh-hsk6-00854,戏曲,xì qǔ,[xì qǔ] Chinese opera,,general-and-abstract,zh-vocab-adapted,https://raw.githubusercontent.com/drkameleon/complete-hsk-vocabulary/7ac65bf1a6387d35f1ade478906172a19311c7f9/complete.json#/8898,2021-standard-derived upstream new-6; not 2025 exam
zh-hsk6-00855,细胞,xì bāo,[xì bāo] cell (biology),,general-and-abstract,zh-vocab-adapted,https://raw.githubusercontent.com/drkameleon/complete-hsk-vocabulary/7ac65bf1a6387d35f1ade478906172a19311c7f9/complete.json#/8904,2021-standard-derived upstream new-6; not 2025 exam
zh-hsk6-00856,细菌,xì jūn,[xì jūn] bacterium; germ,,general-and-abstract,zh-vocab-adapted,https://raw.githubusercontent.com/drkameleon/complete-hsk-vocabulary/7ac65bf1a6387d35f1ade478906172a19311c7f9/complete.json#/8906,2021-standard-derived upstream new-6; not 2025 exam
zh-hsk6-00857,西班牙语,Xī bān yá yǔ,[Xī bān yá yǔ] Spanish language,,thought-and-communication,zh-vocab-adapted,https://raw.githubusercontent.com/drkameleon/complete-hsk-vocabulary/7ac65bf1a6387d35f1ade478906172a19311c7f9/complete.json#/8912,2021-standard-derived upstream new-6; not 2025 exam
zh-hsk6-00858,先锋,xiān fēng,[xiān fēng] vanguard; pioneer; avant-garde,,general-and-abstract,zh-vocab-adapted,https://raw.githubusercontent.com/drkameleon/complete-hsk-vocabulary/7ac65bf1a6387d35f1ade478906172a19311c7f9/complete.json#/8979,2021-standard-derived upstream new-6; not 2025 exam
zh-hsk6-00859,嫌,xián,[xián] to dislike; suspicion; resentment; enmity; criminal suspect,,general-and-abstract,zh-vocab-adapted,https://raw.githubusercontent.com/drkameleon/complete-hsk-vocabulary/7ac65bf1a6387d35f1ade478906172a19311c7f9/complete.json#/9002,2021-standard-derived upstream new-6; not 2025 exam
zh-hsk6-00860,显出,xiǎn chū,[xiǎn chū] to express; to exhibit,,general-and-abstract,zh-vocab-adapted,https://raw.githubusercontent.com/drkameleon/complete-hsk-vocabulary/7ac65bf1a6387d35f1ade478906172a19311c7f9/complete.json#/9006,2021-standard-derived upstream new-6; not 2025 exam
zh-hsk6-00861,险,xiǎn,[xiǎn] danger; dangerous; rugged,,general-and-abstract,zh-vocab-adapted,https://raw.githubusercontent.com/drkameleon/complete-hsk-vocabulary/7ac65bf1a6387d35f1ade478906172a19311c7f9/complete.json#/9016,2021-standard-derived upstream new-6; not 2025 exam
zh-hsk6-00862,线路,xiàn lù,[xiàn lù] (electricity) line; circuit; wire; (traffic) road; track; route,,travel-and-places,zh-vocab-adapted,https://raw.githubusercontent.com/drkameleon/complete-hsk-vocabulary/7ac65bf1a6387d35f1ade478906172a19311c7f9/complete.json#/9031,2021-standard-derived upstream new-6; not 2025 exam
zh-hsk6-00863,陷入,xiàn rù,[xiàn rù] to sink into; to get caught up in; to land in (a predicament),,general-and-abstract,zh-vocab-adapted,https://raw.githubusercontent.com/drkameleon/complete-hsk-vocabulary/7ac65bf1a6387d35f1ade478906172a19311c7f9/complete.json#/9043,2021-standard-derived upstream new-6; not 2025 exam
zh-hsk6-00864,响声,xiǎng shēng,[xiǎng shēng] noise,,general-and-abstract,zh-vocab-adapted,https://raw.githubusercontent.com/drkameleon/complete-hsk-vocabulary/7ac65bf1a6387d35f1ade478906172a19311c7f9/complete.json#/9107,2021-standard-derived upstream new-6; not 2025 exam
zh-hsk6-00865,想不到,xiǎng bu dào,[xiǎng bu dào] unexpected; hard to imagine; it had not occurred to me; who could have thought that,,general-and-abstract,zh-vocab-adapted,https://raw.githubusercontent.com/drkameleon/complete-hsk-vocabulary/7ac65bf1a6387d35f1ade478906172a19311c7f9/complete.json#/9110,2021-standard-derived upstream new-6; not 2025 exam
zh-hsk6-00866,消耗,xiāo hào,[xiāo hào] to use up; to consume,,general-and-abstract,zh-vocab-adapted,https://raw.githubusercontent.com/drkameleon/complete-hsk-vocabulary/7ac65bf1a6387d35f1ade478906172a19311c7f9/complete.json#/9141,2021-standard-derived upstream new-6; not 2025 exam
zh-hsk6-00867,消灭,xiāo miè,[xiāo miè] to put an end to; to annihilate; to cause to perish; to perish; annihilation (in quantum field theory),,general-and-abstract,zh-vocab-adapted,https://raw.githubusercontent.com/drkameleon/complete-hsk-vocabulary/7ac65bf1a6387d35f1ade478906172a19311c7f9/complete.json#/9144,2021-standard-derived upstream new-6; not 2025 exam
zh-hsk6-00868,小费,xiǎo fèi,[xiǎo fèi] tip; gratuity,,general-and-abstract,zh-vocab-adapted,https://raw.githubusercontent.com/drkameleon/complete-hsk-vocabulary/7ac65bf1a6387d35f1ade478906172a19311c7f9/complete.json#/9158,2021-standard-derived upstream new-6; not 2025 exam
zh-hsk6-00869,小麦,xiǎo mài,[xiǎo mài] wheat,,general-and-abstract,zh-vocab-adapted,https://raw.githubusercontent.com/drkameleon/complete-hsk-vocabulary/7ac65bf1a6387d35f1ade478906172a19311c7f9/complete.json#/9165,2021-standard-derived upstream new-6; not 2025 exam
zh-hsk6-00870,小于,xiǎo yú,"[xiǎo yú] less than, <",,general-and-abstract,zh-vocab-adapted,https://raw.githubusercontent.com/drkameleon/complete-hsk-vocabulary/7ac65bf1a6387d35f1ade478906172a19311c7f9/complete.json#/9185,2021-standard-derived upstream new-6; not 2025 exam
zh-hsk6-00871,晓得,xiǎo de,[xiǎo de] to know,,general-and-abstract,zh-vocab-adapted,https://raw.githubusercontent.com/drkameleon/complete-hsk-vocabulary/7ac65bf1a6387d35f1ade478906172a19311c7f9/complete.json#/9188,2021-standard-derived upstream new-6; not 2025 exam
zh-hsk6-00872,笑脸,xiào liǎn,[xiào liǎn] smiling face; smiley:) ☺,,general-and-abstract,zh-vocab-adapted,https://raw.githubusercontent.com/drkameleon/complete-hsk-vocabulary/7ac65bf1a6387d35f1ade478906172a19311c7f9/complete.json#/9203,2021-standard-derived upstream new-6; not 2025 exam
zh-hsk6-00873,笑容,xiào róng,[xiào róng] smile; smiling expression,,general-and-abstract,zh-vocab-adapted,https://raw.githubusercontent.com/drkameleon/complete-hsk-vocabulary/7ac65bf1a6387d35f1ade478906172a19311c7f9/complete.json#/9204,2021-standard-derived upstream new-6; not 2025 exam
zh-hsk6-00874,笑声,xiào shēng,[xiào shēng] laughter,,general-and-abstract,zh-vocab-adapted,https://raw.githubusercontent.com/drkameleon/complete-hsk-vocabulary/7ac65bf1a6387d35f1ade478906172a19311c7f9/complete.json#/9205,2021-standard-derived upstream new-6; not 2025 exam
zh-hsk6-00875,协调,xié tiáo,[xié tiáo] to coordinate; to harmonize; to fit together; to match (colors etc); harmonious; concerted,,general-and-abstract,zh-vocab-adapted,https://raw.githubusercontent.com/drkameleon/complete-hsk-vocabulary/7ac65bf1a6387d35f1ade478906172a19311c7f9/complete.json#/9208,2021-standard-derived upstream new-6; not 2025 exam
zh-hsk6-00876,协会,xié huì,[xié huì] an association; a society,,society-and-public-life,zh-vocab-adapted,https://raw.githubusercontent.com/drkameleon/complete-hsk-vocabulary/7ac65bf1a6387d35f1ade478906172a19311c7f9/complete.json#/9210,2021-standard-derived upstream new-6; not 2025 exam
zh-hsk6-00877,协商,xié shāng,[xié shāng] to consult with; to talk things over; agreement,,general-and-abstract,zh-vocab-adapted,https://raw.githubusercontent.com/drkameleon/complete-hsk-vocabulary/7ac65bf1a6387d35f1ade478906172a19311c7f9/complete.json#/9211,2021-standard-derived upstream new-6; not 2025 exam
zh-hsk6-00878,协助,xié zhù,[xié zhù] to provide assistance; to aid,,general-and-abstract,zh-vocab-adapted,https://raw.githubusercontent.com/drkameleon/complete-hsk-vocabulary/7ac65bf1a6387d35f1ade478906172a19311c7f9/complete.json#/9215,2021-standard-derived upstream new-6; not 2025 exam
zh-hsk6-00879,写字楼,xiě zì lóu,[xiě zì lóu] office building,,study-and-work,zh-vocab-adapted,https://raw.githubusercontent.com/drkameleon/complete-hsk-vocabulary/7ac65bf1a6387d35f1ade478906172a19311c7f9/complete.json#/9226,2021-standard-derived upstream new-6; not 2025 exam
zh-hsk6-00880,写字台,xiě zì tái,[xiě zì tái] writing desk,,general-and-abstract,zh-vocab-adapted,https://raw.githubusercontent.com/drkameleon/complete-hsk-vocabulary/7ac65bf1a6387d35f1ade478906172a19311c7f9/complete.json#/9227,2021-standard-derived upstream new-6; not 2025 exam
zh-hsk6-00881,心灵,xīn líng,[xīn líng] bright; smart; quick-witted; heart; thoughts; spirit,,general-and-abstract,zh-vocab-adapted,https://raw.githubusercontent.com/drkameleon/complete-hsk-vocabulary/7ac65bf1a6387d35f1ade478906172a19311c7f9/complete.json#/9250,2021-standard-derived upstream new-6; not 2025 exam
zh-hsk6-00882,心愿,xīn yuàn,[xīn yuàn] cherished desire; dream; craving; wish; aspiration,,general-and-abstract,zh-vocab-adapted,https://raw.githubusercontent.com/drkameleon/complete-hsk-vocabulary/7ac65bf1a6387d35f1ade478906172a19311c7f9/complete.json#/9265,2021-standard-derived upstream new-6; not 2025 exam
zh-hsk6-00883,心脏,xīn zàng,[xīn zàng] heart,,general-and-abstract,zh-vocab-adapted,https://raw.githubusercontent.com/drkameleon/complete-hsk-vocabulary/7ac65bf1a6387d35f1ade478906172a19311c7f9/complete.json#/9266,2021-standard-derived upstream new-6; not 2025 exam
zh-hsk6-00884,心脏病,xīn zàng bìng,[xīn zàng bìng] heart disease,,health-and-body,zh-vocab-adapted,https://raw.githubusercontent.com/drkameleon/complete-hsk-vocabulary/7ac65bf1a6387d35f1ade478906172a19311c7f9/complete.json#/9267,2021-standard-derived upstream new-6; not 2025 exam
zh-hsk6-00885,新人,xīn rén,"[xīn rén] newcomer; fresh talent; newlywed, esp. new bride; bride and groom; (paleoanthropology) Homo sapiens",,general-and-abstract,zh-vocab-adapted,https://raw.githubusercontent.com/drkameleon/complete-hsk-vocabulary/7ac65bf1a6387d35f1ade478906172a19311c7f9/complete.json#/9286,2021-standard-derived upstream new-6; not 2025 exam
zh-hsk6-00886,新兴,Xīn xīng / xīn xīng,"[Xīn xīng] Xinxing county in Yunfu, Guangdong; Xinxing or Hsinhsing district of Kaohsiung city, south Taiwan / [xīn xīng] (of markets, industries, infectious diseases etc) rising; emerging; in the ascendant",,travel-and-places,zh-vocab-adapted,https://raw.githubusercontent.com/drkameleon/complete-hsk-vocabulary/7ac65bf1a6387d35f1ade478906172a19311c7f9/complete.json#/9293,2021-standard-derived upstream new-6; not 2025 exam
zh-hsk6-00887,薪水,xīn shuǐ,[xīn shuǐ] salary; wage,,general-and-abstract,zh-vocab-adapted,https://raw.githubusercontent.com/drkameleon/complete-hsk-vocabulary/7ac65bf1a6387d35f1ade478906172a19311c7f9/complete.json#/9295,2021-standard-derived upstream new-6; not 2025 exam
zh-hsk6-00888,信仰,xìn yǎng,[xìn yǎng] to believe in (a religion); firm belief; conviction,,general-and-abstract,zh-vocab-adapted,https://raw.githubusercontent.com/drkameleon/complete-hsk-vocabulary/7ac65bf1a6387d35f1ade478906172a19311c7f9/complete.json#/9307,2021-standard-derived upstream new-6; not 2025 exam
zh-hsk6-00889,信用,xìn yòng,[xìn yòng] trustworthiness; (commerce) credit; (literary) to trust and appoint,,general-and-abstract,zh-vocab-adapted,https://raw.githubusercontent.com/drkameleon/complete-hsk-vocabulary/7ac65bf1a6387d35f1ade478906172a19311c7f9/complete.json#/9308,2021-standard-derived upstream new-6; not 2025 exam
zh-hsk6-00890,行程,xíng chéng,[xíng chéng] journey; course of a journey; distance traveled; trajectory; itinerary; route; course (of history); stroke (of a piston); (Tw) (computing) process,,society-and-public-life,zh-vocab-adapted,https://raw.githubusercontent.com/drkameleon/complete-hsk-vocabulary/7ac65bf1a6387d35f1ade478906172a19311c7f9/complete.json#/9321,2021-standard-derived upstream new-6; not 2025 exam
zh-hsk6-00891,形,xíng,[xíng] to appear; to look; form; shape,,general-and-abstract,zh-vocab-adapted,https://raw.githubusercontent.com/drkameleon/complete-hsk-vocabulary/7ac65bf1a6387d35f1ade478906172a19311c7f9/complete.json#/9335,2021-standard-derived upstream new-6; not 2025 exam
zh-hsk6-00892,兴旺,xīng wàng,[xīng wàng] prosperous; thriving; to prosper; to flourish,,general-and-abstract,zh-vocab-adapted,https://raw.githubusercontent.com/drkameleon/complete-hsk-vocabulary/7ac65bf1a6387d35f1ade478906172a19311c7f9/complete.json#/9358,2021-standard-derived upstream new-6; not 2025 exam
zh-hsk6-00893,凶,xiōng,[xiōng] terrible; fearful / [xiōng] vicious; fierce; ominous; inauspicious; famine,,general-and-abstract,zh-vocab-adapted,https://raw.githubusercontent.com/drkameleon/complete-hsk-vocabulary/7ac65bf1a6387d35f1ade478906172a19311c7f9/complete.json#/9379,2021-standard-derived upstream new-6; not 2025 exam
zh-hsk6-00894,凶手,xiōng shǒu,[xiōng shǒu] murderer; assassin,,general-and-abstract,zh-vocab-adapted,https://raw.githubusercontent.com/drkameleon/complete-hsk-vocabulary/7ac65bf1a6387d35f1ade478906172a19311c7f9/complete.json#/9384,2021-standard-derived upstream new-6; not 2025 exam
zh-hsk6-00895,修车,xiū chē,[xiū chē] to repair a bike (car etc),,general-and-abstract,zh-vocab-adapted,https://raw.githubusercontent.com/drkameleon/complete-hsk-vocabulary/7ac65bf1a6387d35f1ade478906172a19311c7f9/complete.json#/9405,2021-standard-derived upstream new-6; not 2025 exam
zh-hsk6-00896,袖珍,xiù zhēn,[xiù zhēn] pocket-sized; pocket (book etc),,study-and-work,zh-vocab-adapted,https://raw.githubusercontent.com/drkameleon/complete-hsk-vocabulary/7ac65bf1a6387d35f1ade478906172a19311c7f9/complete.json#/9421,2021-standard-derived upstream new-6; not 2025 exam
zh-hsk6-00897,悬,xuán,[xuán] to hang or suspend; to worry; public announcement; unresolved; baseless; without foundation,,society-and-public-life,zh-vocab-adapted,https://raw.githubusercontent.com/drkameleon/complete-hsk-vocabulary/7ac65bf1a6387d35f1ade478906172a19311c7f9/complete.json#/9464,2021-standard-derived upstream new-6; not 2025 exam
zh-hsk6-00898,旋转,xuán zhuǎn,[xuán zhuǎn] to rotate; to revolve; to spin; to whirl,,general-and-abstract,zh-vocab-adapted,https://raw.githubusercontent.com/drkameleon/complete-hsk-vocabulary/7ac65bf1a6387d35f1ade478906172a19311c7f9/complete.json#/9472,2021-standard-derived upstream new-6; not 2025 exam
zh-hsk6-00899,选拔,xuǎn bá,[xuǎn bá] to select the best,,general-and-abstract,zh-vocab-adapted,https://raw.githubusercontent.com/drkameleon/complete-hsk-vocabulary/7ac65bf1a6387d35f1ade478906172a19311c7f9/complete.json#/9474,2021-standard-derived upstream new-6; not 2025 exam
zh-hsk6-00900,选举,xuǎn jǔ,[xuǎn jǔ] to elect; election,,general-and-abstract,zh-vocab-adapted,https://raw.githubusercontent.com/drkameleon/complete-hsk-vocabulary/7ac65bf1a6387d35f1ade478906172a19311c7f9/complete.json#/9475,2021-standard-derived upstream new-6; not 2025 exam
zh-hsk6-00901,学会,xué huì,[xué huì] to learn; to master; institute; learned society; (scholarly) association,,study-and-work;society-and-public-life,zh-vocab-adapted,https://raw.githubusercontent.com/drkameleon/complete-hsk-vocabulary/7ac65bf1a6387d35f1ade478906172a19311c7f9/complete.json#/9490,2021-standard-derived upstream new-6; not 2025 exam
zh-hsk6-00902,学员,xué yuán,[xué yuán] student; member of an institution of learning; officer cadet,,study-and-work,zh-vocab-adapted,https://raw.githubusercontent.com/drkameleon/complete-hsk-vocabulary/7ac65bf1a6387d35f1ade478906172a19311c7f9/complete.json#/9507,2021-standard-derived upstream new-6; not 2025 exam
zh-hsk6-00903,血管,xuè guǎn,[xuè guǎn] vein; artery,,general-and-abstract,zh-vocab-adapted,https://raw.githubusercontent.com/drkameleon/complete-hsk-vocabulary/7ac65bf1a6387d35f1ade478906172a19311c7f9/complete.json#/9515,2021-standard-derived upstream new-6; not 2025 exam
zh-hsk6-00904,血液,xuè yè,[xuè yè] blood,,general-and-abstract,zh-vocab-adapted,https://raw.githubusercontent.com/drkameleon/complete-hsk-vocabulary/7ac65bf1a6387d35f1ade478906172a19311c7f9/complete.json#/9519,2021-standard-derived upstream new-6; not 2025 exam
zh-hsk6-00905,循环,xún huán,[xún huán] to cycle; to circulate; circle; loop,,general-and-abstract,zh-vocab-adapted,https://raw.githubusercontent.com/drkameleon/complete-hsk-vocabulary/7ac65bf1a6387d35f1ade478906172a19311c7f9/complete.json#/9532,2021-standard-derived upstream new-6; not 2025 exam
zh-hsk6-00906,压迫,yā pò,[yā pò] to oppress; to repress; to constrict; oppression; stress (physics),,general-and-abstract,zh-vocab-adapted,https://raw.githubusercontent.com/drkameleon/complete-hsk-vocabulary/7ac65bf1a6387d35f1ade478906172a19311c7f9/complete.json#/9542,2021-standard-derived upstream new-6; not 2025 exam
zh-hsk6-00907,烟花,yān huā,[yān huā] fireworks; prostitute (esp. in Yuan theater),,general-and-abstract,zh-vocab-adapted,https://raw.githubusercontent.com/drkameleon/complete-hsk-vocabulary/7ac65bf1a6387d35f1ade478906172a19311c7f9/complete.json#/9564,2021-standard-derived upstream new-6; not 2025 exam
zh-hsk6-00908,沿,yán,"[yán] along; to follow (a line, tradition etc); to carry on; to trim (a border with braid, tape etc); border; edge",,general-and-abstract,zh-vocab-adapted,https://raw.githubusercontent.com/drkameleon/complete-hsk-vocabulary/7ac65bf1a6387d35f1ade478906172a19311c7f9/complete.json#/9590,2021-standard-derived upstream new-6; not 2025 exam
zh-hsk6-00909,沿海,yán hǎi,[yán hǎi] coastal,,general-and-abstract,zh-vocab-adapted,https://raw.githubusercontent.com/drkameleon/complete-hsk-vocabulary/7ac65bf1a6387d35f1ade478906172a19311c7f9/complete.json#/9592,2021-standard-derived upstream new-6; not 2025 exam
zh-hsk6-00910,沿着,yán zhe,[yán zhe] to go along; to follow,,general-and-abstract,zh-vocab-adapted,https://raw.githubusercontent.com/drkameleon/complete-hsk-vocabulary/7ac65bf1a6387d35f1ade478906172a19311c7f9/complete.json#/9595,2021-standard-derived upstream new-6; not 2025 exam
zh-hsk6-00911,研发,yán fā,[yán fā] research and development; to develop,,general-and-abstract,zh-vocab-adapted,https://raw.githubusercontent.com/drkameleon/complete-hsk-vocabulary/7ac65bf1a6387d35f1ade478906172a19311c7f9/complete.json#/9598,2021-standard-derived upstream new-6; not 2025 exam
zh-hsk6-00912,眼看,yǎn kàn,[yǎn kàn] soon; in a moment; to look on as sth happens,,general-and-abstract,zh-vocab-adapted,https://raw.githubusercontent.com/drkameleon/complete-hsk-vocabulary/7ac65bf1a6387d35f1ade478906172a19311c7f9/complete.json#/9617,2021-standard-derived upstream new-6; not 2025 exam
zh-hsk6-00913,演奏,yǎn zòu,[yǎn zòu] to perform on a musical instrument,,general-and-abstract,zh-vocab-adapted,https://raw.githubusercontent.com/drkameleon/complete-hsk-vocabulary/7ac65bf1a6387d35f1ade478906172a19311c7f9/complete.json#/9640,2021-standard-derived upstream new-6; not 2025 exam
zh-hsk6-00914,宴会,yàn huì,[yàn huì] banquet; feast; dinner party,,general-and-abstract,zh-vocab-adapted,https://raw.githubusercontent.com/drkameleon/complete-hsk-vocabulary/7ac65bf1a6387d35f1ade478906172a19311c7f9/complete.json#/9646,2021-standard-derived upstream new-6; not 2025 exam
zh-hsk6-00915,洋,yáng,[yáng] ocean; vast; foreign; silver dollar or coin,,general-and-abstract,zh-vocab-adapted,https://raw.githubusercontent.com/drkameleon/complete-hsk-vocabulary/7ac65bf1a6387d35f1ade478906172a19311c7f9/complete.json#/9661,2021-standard-derived upstream new-6; not 2025 exam
zh-hsk6-00916,仰,Yǎng / yǎng,[Yǎng] surname Yang / [yǎng] to face upward; to look up; to admire; to rely on,,general-and-abstract,zh-vocab-adapted,https://raw.githubusercontent.com/drkameleon/complete-hsk-vocabulary/7ac65bf1a6387d35f1ade478906172a19311c7f9/complete.json#/9663,2021-standard-derived upstream new-6; not 2025 exam
zh-hsk6-00917,养老,yǎng lǎo,[yǎng lǎo] to provide for the elderly (family members); to enjoy a life in retirement,,people-and-relationships,zh-vocab-adapted,https://raw.githubusercontent.com/drkameleon/complete-hsk-vocabulary/7ac65bf1a6387d35f1ade478906172a19311c7f9/complete.json#/9667,2021-standard-derived upstream new-6; not 2025 exam
zh-hsk6-00918,氧气,yǎng qì,[yǎng qì] oxygen,,general-and-abstract,zh-vocab-adapted,https://raw.githubusercontent.com/drkameleon/complete-hsk-vocabulary/7ac65bf1a6387d35f1ade478906172a19311c7f9/complete.json#/9673,2021-standard-derived upstream new-6; not 2025 exam
zh-hsk6-00919,样,yàng,"[yàng] manner; pattern; way; appearance; shape; classifier: kind, type",,general-and-abstract,zh-vocab-adapted,https://raw.githubusercontent.com/drkameleon/complete-hsk-vocabulary/7ac65bf1a6387d35f1ade478906172a19311c7f9/complete.json#/9675,2021-standard-derived upstream new-6; not 2025 exam
zh-hsk6-00920,药品,yào pǐn,[yào pǐn] medicaments; medicine; drug,,health-and-body,zh-vocab-adapted,https://raw.githubusercontent.com/drkameleon/complete-hsk-vocabulary/7ac65bf1a6387d35f1ade478906172a19311c7f9/complete.json#/9702,2021-standard-derived upstream new-6; not 2025 exam
zh-hsk6-00921,要不然,yào bù rán,[yào bù rán] otherwise; or else; or,,general-and-abstract,zh-vocab-adapted,https://raw.githubusercontent.com/drkameleon/complete-hsk-vocabulary/7ac65bf1a6387d35f1ade478906172a19311c7f9/complete.json#/9707,2021-standard-derived upstream new-6; not 2025 exam
zh-hsk6-00922,要好,yào hǎo,[yào hǎo] to be on good terms; to be close friends; striving for self-improvement,,general-and-abstract,zh-vocab-adapted,https://raw.githubusercontent.com/drkameleon/complete-hsk-vocabulary/7ac65bf1a6387d35f1ade478906172a19311c7f9/complete.json#/9711,2021-standard-derived upstream new-6; not 2025 exam
zh-hsk6-00923,要么,yào me,[yào me] or; either one or the other,,general-and-abstract,zh-vocab-adapted,https://raw.githubusercontent.com/drkameleon/complete-hsk-vocabulary/7ac65bf1a6387d35f1ade478906172a19311c7f9/complete.json#/9714,2021-standard-derived upstream new-6; not 2025 exam
zh-hsk6-00924,要素,yào sù,[yào sù] essential factor; key constituent,,general-and-abstract,zh-vocab-adapted,https://raw.githubusercontent.com/drkameleon/complete-hsk-vocabulary/7ac65bf1a6387d35f1ade478906172a19311c7f9/complete.json#/9719,2021-standard-derived upstream new-6; not 2025 exam
zh-hsk6-00925,野,yě,[yě] field; plain; open space; limit; boundary; rude; feral,,general-and-abstract,zh-vocab-adapted,https://raw.githubusercontent.com/drkameleon/complete-hsk-vocabulary/7ac65bf1a6387d35f1ade478906172a19311c7f9/complete.json#/9727,2021-standard-derived upstream new-6; not 2025 exam
zh-hsk6-00926,野生,yě shēng,[yě shēng] wild; undomesticated,,general-and-abstract,zh-vocab-adapted,https://raw.githubusercontent.com/drkameleon/complete-hsk-vocabulary/7ac65bf1a6387d35f1ade478906172a19311c7f9/complete.json#/9731,2021-standard-derived upstream new-6; not 2025 exam
zh-hsk6-00927,一次性,yī cì xìng,[yī cì xìng] one-off (offer); one-time; single-use; disposable (goods),,time-and-quantity,zh-vocab-adapted,https://raw.githubusercontent.com/drkameleon/complete-hsk-vocabulary/7ac65bf1a6387d35f1ade478906172a19311c7f9/complete.json#/9765,2021-standard-derived upstream new-6; not 2025 exam
zh-hsk6-00928,一代,yī dài,[yī dài] generation,,general-and-abstract,zh-vocab-adapted,https://raw.githubusercontent.com/drkameleon/complete-hsk-vocabulary/7ac65bf1a6387d35f1ade478906172a19311c7f9/complete.json#/9767,2021-standard-derived upstream new-6; not 2025 exam
zh-hsk6-00929,一道,yī dào,[yī dào] together,,general-and-abstract,zh-vocab-adapted,https://raw.githubusercontent.com/drkameleon/complete-hsk-vocabulary/7ac65bf1a6387d35f1ade478906172a19311c7f9/complete.json#/9770,2021-standard-derived upstream new-6; not 2025 exam
zh-hsk6-00930,一番,yì fān,[yì fān] Some,,general-and-abstract,zh-vocab-adapted,https://raw.githubusercontent.com/drkameleon/complete-hsk-vocabulary/7ac65bf1a6387d35f1ade478906172a19311c7f9/complete.json#/9777,2021-standard-derived upstream new-6; not 2025 exam
zh-hsk6-00931,一贯,yī guàn,[yī guàn] consistent; constant; from start to finish; all along; persistent,,general-and-abstract,zh-vocab-adapted,https://raw.githubusercontent.com/drkameleon/complete-hsk-vocabulary/7ac65bf1a6387d35f1ade478906172a19311c7f9/complete.json#/9785,2021-standard-derived upstream new-6; not 2025 exam
zh-hsk6-00932,一路上,yī lù shàng,[yī lù shàng] along the way; the whole way; (fig.) the whole time,,time-and-quantity,zh-vocab-adapted,https://raw.githubusercontent.com/drkameleon/complete-hsk-vocabulary/7ac65bf1a6387d35f1ade478906172a19311c7f9/complete.json#/9806,2021-standard-derived upstream new-6; not 2025 exam
zh-hsk6-00933,一模一样,yī mú yī yàng,[yī mú yī yàng] exactly the same (idiom); carbon copy; also pr.,,general-and-abstract,zh-vocab-adapted,https://raw.githubusercontent.com/drkameleon/complete-hsk-vocabulary/7ac65bf1a6387d35f1ade478906172a19311c7f9/complete.json#/9811,2021-standard-derived upstream new-6; not 2025 exam
zh-hsk6-00934,一齐,yī qí,[yī qí] at the same time; simultaneously,,time-and-quantity,zh-vocab-adapted,https://raw.githubusercontent.com/drkameleon/complete-hsk-vocabulary/7ac65bf1a6387d35f1ade478906172a19311c7f9/complete.json#/9815,2021-standard-derived upstream new-6; not 2025 exam
zh-hsk6-00935,一时,yī shí,[yī shí] a period of time; a while; for a short while; temporary; momentary; at the same time,,time-and-quantity,zh-vocab-adapted,https://raw.githubusercontent.com/drkameleon/complete-hsk-vocabulary/7ac65bf1a6387d35f1ade478906172a19311c7f9/complete.json#/9823,2021-standard-derived upstream new-6; not 2025 exam
zh-hsk6-00936,一同,yī tóng,[yī tóng] together,,general-and-abstract,zh-vocab-adapted,https://raw.githubusercontent.com/drkameleon/complete-hsk-vocabulary/7ac65bf1a6387d35f1ade478906172a19311c7f9/complete.json#/9831,2021-standard-derived upstream new-6; not 2025 exam
zh-hsk6-00937,一行,yī xíng,[yī xíng] party; delegation,,general-and-abstract,zh-vocab-adapted,https://raw.githubusercontent.com/drkameleon/complete-hsk-vocabulary/7ac65bf1a6387d35f1ade478906172a19311c7f9/complete.json#/9844,2021-standard-derived upstream new-6; not 2025 exam
zh-hsk6-00938,医药,yī yào,[yī yào] medical care and medicines; medicine (drug); medical; pharmaceutical,,health-and-body,zh-vocab-adapted,https://raw.githubusercontent.com/drkameleon/complete-hsk-vocabulary/7ac65bf1a6387d35f1ade478906172a19311c7f9/complete.json#/9866,2021-standard-derived upstream new-6; not 2025 exam
zh-hsk6-00939,依次,yī cì,[yī cì] in order; in succession,,general-and-abstract,zh-vocab-adapted,https://raw.githubusercontent.com/drkameleon/complete-hsk-vocabulary/7ac65bf1a6387d35f1ade478906172a19311c7f9/complete.json#/9869,2021-standard-derived upstream new-6; not 2025 exam
zh-hsk6-00940,依赖,yī lài,[yī lài] to depend on; to be dependent on,,general-and-abstract,zh-vocab-adapted,https://raw.githubusercontent.com/drkameleon/complete-hsk-vocabulary/7ac65bf1a6387d35f1ade478906172a19311c7f9/complete.json#/9874,2021-standard-derived upstream new-6; not 2025 exam
zh-hsk6-00941,仪器,yí qì,[yí qì] instrument; apparatus,,general-and-abstract,zh-vocab-adapted,https://raw.githubusercontent.com/drkameleon/complete-hsk-vocabulary/7ac65bf1a6387d35f1ade478906172a19311c7f9/complete.json#/9880,2021-standard-derived upstream new-6; not 2025 exam
zh-hsk6-00942,仪式,yí shì,[yí shì] ceremony,,general-and-abstract,zh-vocab-adapted,https://raw.githubusercontent.com/drkameleon/complete-hsk-vocabulary/7ac65bf1a6387d35f1ade478906172a19311c7f9/complete.json#/9881,2021-standard-derived upstream new-6; not 2025 exam
zh-hsk6-00943,遗憾,yí hàn,[yí hàn] regret; to regret; to be sorry that,,general-and-abstract,zh-vocab-adapted,https://raw.githubusercontent.com/drkameleon/complete-hsk-vocabulary/7ac65bf1a6387d35f1ade478906172a19311c7f9/complete.json#/9891,2021-standard-derived upstream new-6; not 2025 exam
zh-hsk6-00944,艺人,yì rén,[yì rén] performing artist; actor,,general-and-abstract,zh-vocab-adapted,https://raw.githubusercontent.com/drkameleon/complete-hsk-vocabulary/7ac65bf1a6387d35f1ade478906172a19311c7f9/complete.json#/9931,2021-standard-derived upstream new-6; not 2025 exam
zh-hsk6-00945,议题,yì tí,[yì tí] topic of discussion; topic; subject; issue (under discussion),,general-and-abstract,zh-vocab-adapted,https://raw.githubusercontent.com/drkameleon/complete-hsk-vocabulary/7ac65bf1a6387d35f1ade478906172a19311c7f9/complete.json#/9937,2021-standard-derived upstream new-6; not 2025 exam
zh-hsk6-00946,异常,yì cháng,[yì cháng] unusual; abnormal; extremely; exceptionally,,general-and-abstract,zh-vocab-adapted,https://raw.githubusercontent.com/drkameleon/complete-hsk-vocabulary/7ac65bf1a6387d35f1ade478906172a19311c7f9/complete.json#/9941,2021-standard-derived upstream new-6; not 2025 exam
zh-hsk6-00947,意想不到,yì xiǎng bù dào,[yì xiǎng bù dào] unexpected; previously unimagined,,general-and-abstract,zh-vocab-adapted,https://raw.githubusercontent.com/drkameleon/complete-hsk-vocabulary/7ac65bf1a6387d35f1ade478906172a19311c7f9/complete.json#/9962,2021-standard-derived upstream new-6; not 2025 exam
zh-hsk6-00948,意愿,yì yuàn,[yì yuàn] aspiration; wish (for); desire,,general-and-abstract,zh-vocab-adapted,https://raw.githubusercontent.com/drkameleon/complete-hsk-vocabulary/7ac65bf1a6387d35f1ade478906172a19311c7f9/complete.json#/9965,2021-standard-derived upstream new-6; not 2025 exam
zh-hsk6-00949,因,yīn,[yīn] cause; reason; because,,general-and-abstract,zh-vocab-adapted,https://raw.githubusercontent.com/drkameleon/complete-hsk-vocabulary/7ac65bf1a6387d35f1ade478906172a19311c7f9/complete.json#/9971,2021-standard-derived upstream new-6; not 2025 exam
zh-hsk6-00950,因素,yīn sù,[yīn sù] element; factor,,general-and-abstract,zh-vocab-adapted,https://raw.githubusercontent.com/drkameleon/complete-hsk-vocabulary/7ac65bf1a6387d35f1ade478906172a19311c7f9/complete.json#/9975,2021-standard-derived upstream new-6; not 2025 exam
zh-hsk6-00951,阴谋,yīn móu,[yīn móu] to conspire; to plot; a conspiracy; a plot,,general-and-abstract,zh-vocab-adapted,https://raw.githubusercontent.com/drkameleon/complete-hsk-vocabulary/7ac65bf1a6387d35f1ade478906172a19311c7f9/complete.json#/9979,2021-standard-derived upstream new-6; not 2025 exam
zh-hsk6-00952,阴影,yīn yǐng,[yīn yǐng] (lit. and fig.) shadow,,general-and-abstract,zh-vocab-adapted,https://raw.githubusercontent.com/drkameleon/complete-hsk-vocabulary/7ac65bf1a6387d35f1ade478906172a19311c7f9/complete.json#/9982,2021-standard-derived upstream new-6; not 2025 exam
zh-hsk6-00953,音量,yīn liàng,[yīn liàng] loudness; volume,,general-and-abstract,zh-vocab-adapted,https://raw.githubusercontent.com/drkameleon/complete-hsk-vocabulary/7ac65bf1a6387d35f1ade478906172a19311c7f9/complete.json#/9986,2021-standard-derived upstream new-6; not 2025 exam
zh-hsk6-00954,音像,yīn xiàng,[yīn xiàng] audio and video; audiovisual,,general-and-abstract,zh-vocab-adapted,https://raw.githubusercontent.com/drkameleon/complete-hsk-vocabulary/7ac65bf1a6387d35f1ade478906172a19311c7f9/complete.json#/9988,2021-standard-derived upstream new-6; not 2025 exam
zh-hsk6-00955,隐藏,yǐn cáng,[yǐn cáng] to hide; to conceal; to mask; to shelter; to harbor (i.e. keep sth hidden); to hide oneself; to lie low; to nestle; hidden; implicit; private; covert; recessed (lighting),,general-and-abstract,zh-vocab-adapted,https://raw.githubusercontent.com/drkameleon/complete-hsk-vocabulary/7ac65bf1a6387d35f1ade478906172a19311c7f9/complete.json#/10013,2021-standard-derived upstream new-6; not 2025 exam
zh-hsk6-00956,隐私,yǐn sī,[yǐn sī] secrets; private business; privacy,,general-and-abstract,zh-vocab-adapted,https://raw.githubusercontent.com/drkameleon/complete-hsk-vocabulary/7ac65bf1a6387d35f1ade478906172a19311c7f9/complete.json#/10018,2021-standard-derived upstream new-6; not 2025 exam
zh-hsk6-00957,印,Yìn / yìn,[Yìn] surname Yin / [yìn] to print; to mark; to engrave; a seal; a print; a stamp; a mark; a trace; image,,general-and-abstract,zh-vocab-adapted,https://raw.githubusercontent.com/drkameleon/complete-hsk-vocabulary/7ac65bf1a6387d35f1ade478906172a19311c7f9/complete.json#/10023,2021-standard-derived upstream new-6; not 2025 exam
zh-hsk6-00958,应对,yìng duì,[yìng duì] to answer; to reply; to handle; to deal with; response,,general-and-abstract,zh-vocab-adapted,https://raw.githubusercontent.com/drkameleon/complete-hsk-vocabulary/7ac65bf1a6387d35f1ade478906172a19311c7f9/complete.json#/10032,2021-standard-derived upstream new-6; not 2025 exam
zh-hsk6-00959,应急,yìng jí,[yìng jí] to respond to an emergency; to meet a contingency; (attributive) emergency,,general-and-abstract,zh-vocab-adapted,https://raw.githubusercontent.com/drkameleon/complete-hsk-vocabulary/7ac65bf1a6387d35f1ade478906172a19311c7f9/complete.json#/10035,2021-standard-derived upstream new-6; not 2025 exam
zh-hsk6-00960,英雄,yīng xióng,[yīng xióng] hero,,general-and-abstract,zh-vocab-adapted,https://raw.githubusercontent.com/drkameleon/complete-hsk-vocabulary/7ac65bf1a6387d35f1ade478906172a19311c7f9/complete.json#/10044,2021-standard-derived upstream new-6; not 2025 exam
zh-hsk6-00961,迎来,yíng lái,[yíng lái] to welcome (a visitor or newcomer); (fig.) to usher in,,general-and-abstract,zh-vocab-adapted,https://raw.githubusercontent.com/drkameleon/complete-hsk-vocabulary/7ac65bf1a6387d35f1ade478906172a19311c7f9/complete.json#/10052,2021-standard-derived upstream new-6; not 2025 exam
zh-hsk6-00962,影迷,yǐng mí,[yǐng mí] film enthusiast; movie fan,,general-and-abstract,zh-vocab-adapted,https://raw.githubusercontent.com/drkameleon/complete-hsk-vocabulary/7ac65bf1a6387d35f1ade478906172a19311c7f9/complete.json#/10064,2021-standard-derived upstream new-6; not 2025 exam
zh-hsk6-00963,影响力,yǐng xiǎng lì,[yǐng xiǎng lì] influence; impact,,general-and-abstract,zh-vocab-adapted,https://raw.githubusercontent.com/drkameleon/complete-hsk-vocabulary/7ac65bf1a6387d35f1ade478906172a19311c7f9/complete.json#/10068,2021-standard-derived upstream new-6; not 2025 exam
zh-hsk6-00964,影星,yǐng xīng,[yǐng xīng] film star,,general-and-abstract,zh-vocab-adapted,https://raw.githubusercontent.com/drkameleon/complete-hsk-vocabulary/7ac65bf1a6387d35f1ade478906172a19311c7f9/complete.json#/10070,2021-standard-derived upstream new-6; not 2025 exam
zh-hsk6-00965,用处,yòng chu,[yòng chu] usefulness,,general-and-abstract,zh-vocab-adapted,https://raw.githubusercontent.com/drkameleon/complete-hsk-vocabulary/7ac65bf1a6387d35f1ade478906172a19311c7f9/complete.json#/10098,2021-standard-derived upstream new-6; not 2025 exam
zh-hsk6-00966,用得着,yòng de zháo,[yòng de zháo] to be able to use; useable; to have a use for; (in a question) to be necessary to,,general-and-abstract,zh-vocab-adapted,https://raw.githubusercontent.com/drkameleon/complete-hsk-vocabulary/7ac65bf1a6387d35f1ade478906172a19311c7f9/complete.json#/10099,2021-standard-derived upstream new-6; not 2025 exam
zh-hsk6-00967,用法,yòng fǎ,[yòng fǎ] usage,,general-and-abstract,zh-vocab-adapted,https://raw.githubusercontent.com/drkameleon/complete-hsk-vocabulary/7ac65bf1a6387d35f1ade478906172a19311c7f9/complete.json#/10100,2021-standard-derived upstream new-6; not 2025 exam
zh-hsk6-00968,用品,yòng pǐn,[yòng pǐn] articles for use; products; goods,,general-and-abstract,zh-vocab-adapted,https://raw.githubusercontent.com/drkameleon/complete-hsk-vocabulary/7ac65bf1a6387d35f1ade478906172a19311c7f9/complete.json#/10105,2021-standard-derived upstream new-6; not 2025 exam
zh-hsk6-00969,用心,yòng xīn,[yòng xīn] motive; intention; to be diligent or attentive; careful,,general-and-abstract,zh-vocab-adapted,https://raw.githubusercontent.com/drkameleon/complete-hsk-vocabulary/7ac65bf1a6387d35f1ade478906172a19311c7f9/complete.json#/10108,2021-standard-derived upstream new-6; not 2025 exam
zh-hsk6-00970,优质,yōu zhì,[yōu zhì] excellent quality,,general-and-abstract,zh-vocab-adapted,https://raw.githubusercontent.com/drkameleon/complete-hsk-vocabulary/7ac65bf1a6387d35f1ade478906172a19311c7f9/complete.json#/10124,2021-standard-derived upstream new-6; not 2025 exam
zh-hsk6-00971,游人,yóu rén,[yóu rén] a tourist,,general-and-abstract,zh-vocab-adapted,https://raw.githubusercontent.com/drkameleon/complete-hsk-vocabulary/7ac65bf1a6387d35f1ade478906172a19311c7f9/complete.json#/10158,2021-standard-derived upstream new-6; not 2025 exam
zh-hsk6-00972,游玩,yóu wán,[yóu wán] to amuse oneself; to have fun; to go sightseeing; to take a stroll,,general-and-abstract,zh-vocab-adapted,https://raw.githubusercontent.com/drkameleon/complete-hsk-vocabulary/7ac65bf1a6387d35f1ade478906172a19311c7f9/complete.json#/10159,2021-standard-derived upstream new-6; not 2025 exam
zh-hsk6-00973,游戏机,yóu xì jī,[yóu xì jī] video game machine; video game console,,general-and-abstract,zh-vocab-adapted,https://raw.githubusercontent.com/drkameleon/complete-hsk-vocabulary/7ac65bf1a6387d35f1ade478906172a19311c7f9/complete.json#/10161,2021-standard-derived upstream new-6; not 2025 exam
zh-hsk6-00974,游行,yóu xíng,[yóu xíng] to march; to parade; to demonstrate; procession; march; demonstration; to travel around; to roam,,travel-and-places,zh-vocab-adapted,https://raw.githubusercontent.com/drkameleon/complete-hsk-vocabulary/7ac65bf1a6387d35f1ade478906172a19311c7f9/complete.json#/10162,2021-standard-derived upstream new-6; not 2025 exam
zh-hsk6-00975,有关,yǒu guān,[yǒu guān] to have sth to do with; to relate to; related to; to concern; concerning,,general-and-abstract,zh-vocab-adapted,https://raw.githubusercontent.com/drkameleon/complete-hsk-vocabulary/7ac65bf1a6387d35f1ade478906172a19311c7f9/complete.json#/10173,2021-standard-derived upstream new-6; not 2025 exam
zh-hsk6-00976,有没有,yǒu méi yǒu,"[yǒu méi yǒu] (before a noun) Do (you, they etc) have ...?; Is there a ...?; (before a verb) Did (you, they etc) (verb, infinitive)?; Have (you, they etc) (verb, past participle)?",,general-and-abstract,zh-vocab-adapted,https://raw.githubusercontent.com/drkameleon/complete-hsk-vocabulary/7ac65bf1a6387d35f1ade478906172a19311c7f9/complete.json#/10183,2021-standard-derived upstream new-6; not 2025 exam
zh-hsk6-00977,有事,yǒu shì,[yǒu shì] to be occupied with sth; to have sth on one's mind; there is something the matter,,general-and-abstract,zh-vocab-adapted,https://raw.githubusercontent.com/drkameleon/complete-hsk-vocabulary/7ac65bf1a6387d35f1ade478906172a19311c7f9/complete.json#/10190,2021-standard-derived upstream new-6; not 2025 exam
zh-hsk6-00978,于,Yú / yú,[Yú] surname Yu / [yú] to go; to take; sentence-final interrogative particle / [yú] (of time or place) in; at; on; (indicating any indirect relation) to; toward; vis-à-vis; with regard to; for; (indicating a source) from; out of; (used in comparison) than; (used in the passive voice) by,,time-and-quantity,zh-vocab-adapted,https://raw.githubusercontent.com/drkameleon/complete-hsk-vocabulary/7ac65bf1a6387d35f1ade478906172a19311c7f9/complete.json#/10223,2021-standard-derived upstream new-6; not 2025 exam
zh-hsk6-00979,娱乐,yú lè,[yú lè] to entertain; to amuse; entertainment; recreation; amusement; hobby; fun; joy,,general-and-abstract,zh-vocab-adapted,https://raw.githubusercontent.com/drkameleon/complete-hsk-vocabulary/7ac65bf1a6387d35f1ade478906172a19311c7f9/complete.json#/10229,2021-standard-derived upstream new-6; not 2025 exam
zh-hsk6-00980,愉快,yú kuài,[yú kuài] cheerful; cheerily; delightful; pleasant; pleasantly; pleasing; happy; delighted,,general-and-abstract,zh-vocab-adapted,https://raw.githubusercontent.com/drkameleon/complete-hsk-vocabulary/7ac65bf1a6387d35f1ade478906172a19311c7f9/complete.json#/10232,2021-standard-derived upstream new-6; not 2025 exam
zh-hsk6-00981,与,yǔ / yù,[yǔ] and; to give; together with / [yù] to take part in,,general-and-abstract,zh-vocab-adapted,https://raw.githubusercontent.com/drkameleon/complete-hsk-vocabulary/7ac65bf1a6387d35f1ade478906172a19311c7f9/complete.json#/10238,2021-standard-derived upstream new-6; not 2025 exam
zh-hsk6-00982,宇航员,yǔ háng yuán,[yǔ háng yuán] astronaut,,general-and-abstract,zh-vocab-adapted,https://raw.githubusercontent.com/drkameleon/complete-hsk-vocabulary/7ac65bf1a6387d35f1ade478906172a19311c7f9/complete.json#/10246,2021-standard-derived upstream new-6; not 2025 exam
zh-hsk6-00983,雨衣,yǔ yī,[yǔ yī] raincoat,,general-and-abstract,zh-vocab-adapted,https://raw.githubusercontent.com/drkameleon/complete-hsk-vocabulary/7ac65bf1a6387d35f1ade478906172a19311c7f9/complete.json#/10252,2021-standard-derived upstream new-6; not 2025 exam
zh-hsk6-00984,预约,yù yuē,[yù yuē] booking; reservation; to book; to make an appointment,,study-and-work,zh-vocab-adapted,https://raw.githubusercontent.com/drkameleon/complete-hsk-vocabulary/7ac65bf1a6387d35f1ade478906172a19311c7f9/complete.json#/10279,2021-standard-derived upstream new-6; not 2025 exam
zh-hsk6-00985,元素,yuán sù,[yuán sù] element (key component of sth); (chemistry) element; (math.) element (member of a set),,general-and-abstract,zh-vocab-adapted,https://raw.githubusercontent.com/drkameleon/complete-hsk-vocabulary/7ac65bf1a6387d35f1ade478906172a19311c7f9/complete.json#/10301,2021-standard-derived upstream new-6; not 2025 exam
zh-hsk6-00986,园,Yuán / yuán,[Yuán] surname Yuan / [yuán] land used for growing plants; site used for public recreation,,society-and-public-life,zh-vocab-adapted,https://raw.githubusercontent.com/drkameleon/complete-hsk-vocabulary/7ac65bf1a6387d35f1ade478906172a19311c7f9/complete.json#/10305,2021-standard-derived upstream new-6; not 2025 exam
zh-hsk6-00987,园地,yuán dì,[yuán dì] garden area,,general-and-abstract,zh-vocab-adapted,https://raw.githubusercontent.com/drkameleon/complete-hsk-vocabulary/7ac65bf1a6387d35f1ade478906172a19311c7f9/complete.json#/10306,2021-standard-derived upstream new-6; not 2025 exam
zh-hsk6-00988,原,Yuán / yuán,[Yuán] surname Yuan; (Japanese surname) Hara / [yuán] former; original; primary; raw; level; cause; source,,general-and-abstract,zh-vocab-adapted,https://raw.githubusercontent.com/drkameleon/complete-hsk-vocabulary/7ac65bf1a6387d35f1ade478906172a19311c7f9/complete.json#/10308,2021-standard-derived upstream new-6; not 2025 exam
zh-hsk6-00989,原告,yuán gào,[yuán gào] complainant; plaintiff,,general-and-abstract,zh-vocab-adapted,https://raw.githubusercontent.com/drkameleon/complete-hsk-vocabulary/7ac65bf1a6387d35f1ade478906172a19311c7f9/complete.json#/10313,2021-standard-derived upstream new-6; not 2025 exam
zh-hsk6-00990,原谅,yuán liàng,[yuán liàng] to excuse; to forgive; to pardon,,general-and-abstract,zh-vocab-adapted,https://raw.githubusercontent.com/drkameleon/complete-hsk-vocabulary/7ac65bf1a6387d35f1ade478906172a19311c7f9/complete.json#/10316,2021-standard-derived upstream new-6; not 2025 exam
zh-hsk6-00991,圆珠笔,yuán zhū bǐ,[yuán zhū bǐ] ballpoint pen,,general-and-abstract,zh-vocab-adapted,https://raw.githubusercontent.com/drkameleon/complete-hsk-vocabulary/7ac65bf1a6387d35f1ade478906172a19311c7f9/complete.json#/10329,2021-standard-derived upstream new-6; not 2025 exam
zh-hsk6-00992,援助,yuán zhù,[yuán zhù] to help; to support; to aid; aid; assistance,,general-and-abstract,zh-vocab-adapted,https://raw.githubusercontent.com/drkameleon/complete-hsk-vocabulary/7ac65bf1a6387d35f1ade478906172a19311c7f9/complete.json#/10330,2021-standard-derived upstream new-6; not 2025 exam
zh-hsk6-00993,缘故,yuán gù,[yuán gù] reason; cause,,general-and-abstract,zh-vocab-adapted,https://raw.githubusercontent.com/drkameleon/complete-hsk-vocabulary/7ac65bf1a6387d35f1ade478906172a19311c7f9/complete.json#/10332,2021-standard-derived upstream new-6; not 2025 exam
zh-hsk6-00994,远方,yuǎn fāng,[yuǎn fāng] far away; a distant location,,general-and-abstract,zh-vocab-adapted,https://raw.githubusercontent.com/drkameleon/complete-hsk-vocabulary/7ac65bf1a6387d35f1ade478906172a19311c7f9/complete.json#/10340,2021-standard-derived upstream new-6; not 2025 exam
zh-hsk6-00995,远离,yuǎn lí,[yuǎn lí] to be far from; to keep away from,,general-and-abstract,zh-vocab-adapted,https://raw.githubusercontent.com/drkameleon/complete-hsk-vocabulary/7ac65bf1a6387d35f1ade478906172a19311c7f9/complete.json#/10343,2021-standard-derived upstream new-6; not 2025 exam
zh-hsk6-00996,远远,yuǎn yuǎn,[yuǎn yuǎn] distant; by far,,general-and-abstract,zh-vocab-adapted,https://raw.githubusercontent.com/drkameleon/complete-hsk-vocabulary/7ac65bf1a6387d35f1ade478906172a19311c7f9/complete.json#/10344,2021-standard-derived upstream new-6; not 2025 exam
zh-hsk6-00997,约定,yuē dìng,"[yuē dìng] to agree on sth (after discussion); to conclude a bargain; to arrange; to promise; to stipulate; to make an appointment; stipulated (time, amount, quality etc); an arrangement; a deal; appointment; undertaking; commitment; understanding; engagement; stipulation",,time-and-quantity,zh-vocab-adapted,https://raw.githubusercontent.com/drkameleon/complete-hsk-vocabulary/7ac65bf1a6387d35f1ade478906172a19311c7f9/complete.json#/10358,2021-standard-derived upstream new-6; not 2025 exam
zh-hsk6-00998,晕,yūn / yùn,[yūn] confused; dizzy; giddy; to faint; to swoon; to lose consciousness; to pass out / [yùn] dizzy; halo; ring around moon or sun,,general-and-abstract,zh-vocab-adapted,https://raw.githubusercontent.com/drkameleon/complete-hsk-vocabulary/7ac65bf1a6387d35f1ade478906172a19311c7f9/complete.json#/10380,2021-standard-derived upstream new-6; not 2025 exam
zh-hsk6-00999,晕车,yùn chē,[yùn chē] to be carsick,,general-and-abstract,zh-vocab-adapted,https://raw.githubusercontent.com/drkameleon/complete-hsk-vocabulary/7ac65bf1a6387d35f1ade478906172a19311c7f9/complete.json#/10381,2021-standard-derived upstream new-6; not 2025 exam
zh-hsk6-01000,允许,yǔn xǔ,[yǔn xǔ] to permit; to allow,,general-and-abstract,zh-vocab-adapted,https://raw.githubusercontent.com/drkameleon/complete-hsk-vocabulary/7ac65bf1a6387d35f1ade478906172a19311c7f9/complete.json#/10384,2021-standard-derived upstream new-6; not 2025 exam
zh-hsk6-01001,运作,yùn zuò,[yùn zuò] to operate; operations; workings; activities (usu. of an organization); thread (computing),,general-and-abstract,zh-vocab-adapted,https://raw.githubusercontent.com/drkameleon/complete-hsk-vocabulary/7ac65bf1a6387d35f1ade478906172a19311c7f9/complete.json#/10401,2021-standard-derived upstream new-6; not 2025 exam
zh-hsk6-01002,杂,zá,[zá] mixed; miscellaneous; various; to mix,,general-and-abstract,zh-vocab-adapted,https://raw.githubusercontent.com/drkameleon/complete-hsk-vocabulary/7ac65bf1a6387d35f1ade478906172a19311c7f9/complete.json#/10407,2021-standard-derived upstream new-6; not 2025 exam
zh-hsk6-01003,再生,zài shēng,[zài shēng] to be reborn; to regenerate; to be a second so-and-so (famous dead person); recycling; regeneration,,general-and-abstract,zh-vocab-adapted,https://raw.githubusercontent.com/drkameleon/complete-hsk-vocabulary/7ac65bf1a6387d35f1ade478906172a19311c7f9/complete.json#/10427,2021-standard-derived upstream new-6; not 2025 exam
zh-hsk6-01004,再说,zài shuō,[zài shuō] to say again; to put off a discussion until later; moreover; what's more; besides,,thought-and-communication,zh-vocab-adapted,https://raw.githubusercontent.com/drkameleon/complete-hsk-vocabulary/7ac65bf1a6387d35f1ade478906172a19311c7f9/complete.json#/10428,2021-standard-derived upstream new-6; not 2025 exam
zh-hsk6-01005,遭到,zāo dào,[zāo dào] to suffer; to meet with (sth unfortunate),,general-and-abstract,zh-vocab-adapted,https://raw.githubusercontent.com/drkameleon/complete-hsk-vocabulary/7ac65bf1a6387d35f1ade478906172a19311c7f9/complete.json#/10461,2021-standard-derived upstream new-6; not 2025 exam
zh-hsk6-01006,遭受,zāo shòu,"[zāo shòu] to suffer; to sustain (loss, misfortune)",,general-and-abstract,zh-vocab-adapted,https://raw.githubusercontent.com/drkameleon/complete-hsk-vocabulary/7ac65bf1a6387d35f1ade478906172a19311c7f9/complete.json#/10462,2021-standard-derived upstream new-6; not 2025 exam
zh-hsk6-01007,遭遇,zāo yù,[zāo yù] to meet with; to encounter; (bitter) experience,,general-and-abstract,zh-vocab-adapted,https://raw.githubusercontent.com/drkameleon/complete-hsk-vocabulary/7ac65bf1a6387d35f1ade478906172a19311c7f9/complete.json#/10464,2021-standard-derived upstream new-6; not 2025 exam
zh-hsk6-01008,早晚,zǎo wǎn,[zǎo wǎn] morning and evening; (dialect) some time in the future; some day,,time-and-quantity,zh-vocab-adapted,https://raw.githubusercontent.com/drkameleon/complete-hsk-vocabulary/7ac65bf1a6387d35f1ade478906172a19311c7f9/complete.json#/10478,2021-standard-derived upstream new-6; not 2025 exam
zh-hsk6-01009,增进,zēng jìn,[zēng jìn] to promote; to enhance; to further; to advance (a cause etc),,general-and-abstract,zh-vocab-adapted,https://raw.githubusercontent.com/drkameleon/complete-hsk-vocabulary/7ac65bf1a6387d35f1ade478906172a19311c7f9/complete.json#/10507,2021-standard-derived upstream new-6; not 2025 exam
zh-hsk6-01010,增值,zēng zhí,[zēng zhí] to appreciate (financially); to increase in value; value-added (accountancy),,general-and-abstract,zh-vocab-adapted,https://raw.githubusercontent.com/drkameleon/complete-hsk-vocabulary/7ac65bf1a6387d35f1ade478906172a19311c7f9/complete.json#/10512,2021-standard-derived upstream new-6; not 2025 exam
zh-hsk6-01011,扎,zhā / zā,"[zhā] to prick; to run or stick (a needle etc) into; mug or jug used for serving beer (loanword from ""jar"") / [zā] to tie; to bind; classifier for flowers, banknotes etc: bundle; Taiwan pr. / [zhā] (of troops) to be stationed (at); Taiwan pr.",,general-and-abstract,zh-vocab-adapted,https://raw.githubusercontent.com/drkameleon/complete-hsk-vocabulary/7ac65bf1a6387d35f1ade478906172a19311c7f9/complete.json#/10515,2021-standard-derived upstream new-6; not 2025 exam
zh-hsk6-01012,扎实,zhā shi,[zhā shi] strong; solid; sturdy; firm; practical,,general-and-abstract,zh-vocab-adapted,https://raw.githubusercontent.com/drkameleon/complete-hsk-vocabulary/7ac65bf1a6387d35f1ade478906172a19311c7f9/complete.json#/10517,2021-standard-derived upstream new-6; not 2025 exam
zh-hsk6-01013,炸,zhá / zhà,[zhá] to deep fry; Taiwan pr. / [zhà] to burst; to explode; to blow up; (fig.) to fly into a rage,,general-and-abstract,zh-vocab-adapted,https://raw.githubusercontent.com/drkameleon/complete-hsk-vocabulary/7ac65bf1a6387d35f1ade478906172a19311c7f9/complete.json#/10524,2021-standard-derived upstream new-6; not 2025 exam
zh-hsk6-01014,炸弹,zhà dàn,[zhà dàn] bomb,,general-and-abstract,zh-vocab-adapted,https://raw.githubusercontent.com/drkameleon/complete-hsk-vocabulary/7ac65bf1a6387d35f1ade478906172a19311c7f9/complete.json#/10525,2021-standard-derived upstream new-6; not 2025 exam
zh-hsk6-01015,炸药,zhà yào,[zhà yào] explosive (material),,general-and-abstract,zh-vocab-adapted,https://raw.githubusercontent.com/drkameleon/complete-hsk-vocabulary/7ac65bf1a6387d35f1ade478906172a19311c7f9/complete.json#/10526,2021-standard-derived upstream new-6; not 2025 exam
zh-hsk6-01016,债,zhài,[zhài] debt,,general-and-abstract,zh-vocab-adapted,https://raw.githubusercontent.com/drkameleon/complete-hsk-vocabulary/7ac65bf1a6387d35f1ade478906172a19311c7f9/complete.json#/10531,2021-standard-derived upstream new-6; not 2025 exam
zh-hsk6-01017,占据,zhàn jù,[zhàn jù] to occupy; to hold,,general-and-abstract,zh-vocab-adapted,https://raw.githubusercontent.com/drkameleon/complete-hsk-vocabulary/7ac65bf1a6387d35f1ade478906172a19311c7f9/complete.json#/10553,2021-standard-derived upstream new-6; not 2025 exam
zh-hsk6-01018,战场,zhàn chǎng,[zhàn chǎng] battlefield,,general-and-abstract,zh-vocab-adapted,https://raw.githubusercontent.com/drkameleon/complete-hsk-vocabulary/7ac65bf1a6387d35f1ade478906172a19311c7f9/complete.json#/10558,2021-standard-derived upstream new-6; not 2025 exam
zh-hsk6-01019,战略,zhàn lu:è,[zhàn lu:è] strategy,,general-and-abstract,zh-vocab-adapted,https://raw.githubusercontent.com/drkameleon/complete-hsk-vocabulary/7ac65bf1a6387d35f1ade478906172a19311c7f9/complete.json#/10560,2021-standard-derived upstream new-6; not 2025 exam
zh-hsk6-01020,战术,zhàn shù,[zhàn shù] tactics,,general-and-abstract,zh-vocab-adapted,https://raw.githubusercontent.com/drkameleon/complete-hsk-vocabulary/7ac65bf1a6387d35f1ade478906172a19311c7f9/complete.json#/10563,2021-standard-derived upstream new-6; not 2025 exam
zh-hsk6-01021,战友,zhàn yǒu,[zhàn yǒu] comrade-in-arms; battle companion,,general-and-abstract,zh-vocab-adapted,https://raw.githubusercontent.com/drkameleon/complete-hsk-vocabulary/7ac65bf1a6387d35f1ade478906172a19311c7f9/complete.json#/10565,2021-standard-derived upstream new-6; not 2025 exam
zh-hsk6-01022,站台,zhàn tái,[zhàn tái] platform (at a railway station); (Tw) (of an influential person) to publicly lend one's support (e.g. for an election candidate); (Tw) website,,general-and-abstract,zh-vocab-adapted,https://raw.githubusercontent.com/drkameleon/complete-hsk-vocabulary/7ac65bf1a6387d35f1ade478906172a19311c7f9/complete.json#/10569,2021-standard-derived upstream new-6; not 2025 exam
zh-hsk6-01023,章,Zhāng / zhāng,[Zhāng] surname Zhang / [zhāng] chapter; section; clause; movement (of symphony); seal; badge; regulation; order,,general-and-abstract,zh-vocab-adapted,https://raw.githubusercontent.com/drkameleon/complete-hsk-vocabulary/7ac65bf1a6387d35f1ade478906172a19311c7f9/complete.json#/10577,2021-standard-derived upstream new-6; not 2025 exam
zh-hsk6-01024,长短,cháng duǎn,[cháng duǎn] length; accident; mishap; right and wrong; good and bad; merits and demerits,,general-and-abstract,zh-vocab-adapted,https://raw.githubusercontent.com/drkameleon/complete-hsk-vocabulary/7ac65bf1a6387d35f1ade478906172a19311c7f9/complete.json#/10586,2021-standard-derived upstream new-6; not 2025 exam
zh-hsk6-01025,长假,cháng jià,[cháng jià] long vacation,,general-and-abstract,zh-vocab-adapted,https://raw.githubusercontent.com/drkameleon/complete-hsk-vocabulary/7ac65bf1a6387d35f1ade478906172a19311c7f9/complete.json#/10587,2021-standard-derived upstream new-6; not 2025 exam
zh-hsk6-01026,长久,cháng jiǔ,[cháng jiǔ] (for a) long time,,time-and-quantity,zh-vocab-adapted,https://raw.githubusercontent.com/drkameleon/complete-hsk-vocabulary/7ac65bf1a6387d35f1ade478906172a19311c7f9/complete.json#/10589,2021-standard-derived upstream new-6; not 2025 exam
zh-hsk6-01027,长跑,cháng pǎo,[cháng pǎo] long-distance running,,general-and-abstract,zh-vocab-adapted,https://raw.githubusercontent.com/drkameleon/complete-hsk-vocabulary/7ac65bf1a6387d35f1ade478906172a19311c7f9/complete.json#/10590,2021-standard-derived upstream new-6; not 2025 exam
zh-hsk6-01028,长远,cháng yuǎn,[cháng yuǎn] long-term; long-range,,general-and-abstract,zh-vocab-adapted,https://raw.githubusercontent.com/drkameleon/complete-hsk-vocabulary/7ac65bf1a6387d35f1ade478906172a19311c7f9/complete.json#/10597,2021-standard-derived upstream new-6; not 2025 exam
zh-hsk6-01029,掌声,zhǎng shēng,[zhǎng shēng] applause,,general-and-abstract,zh-vocab-adapted,https://raw.githubusercontent.com/drkameleon/complete-hsk-vocabulary/7ac65bf1a6387d35f1ade478906172a19311c7f9/complete.json#/10603,2021-standard-derived upstream new-6; not 2025 exam
zh-hsk6-01030,账,zhàng,[zhàng] account; bill; debt,,general-and-abstract,zh-vocab-adapted,https://raw.githubusercontent.com/drkameleon/complete-hsk-vocabulary/7ac65bf1a6387d35f1ade478906172a19311c7f9/complete.json#/10609,2021-standard-derived upstream new-6; not 2025 exam
zh-hsk6-01031,账户,zhàng hù,[zhàng hù] bank account; online account,,general-and-abstract,zh-vocab-adapted,https://raw.githubusercontent.com/drkameleon/complete-hsk-vocabulary/7ac65bf1a6387d35f1ade478906172a19311c7f9/complete.json#/10612,2021-standard-derived upstream new-6; not 2025 exam
zh-hsk6-01032,障碍,zhàng ài,[zhàng ài] barrier; obstruction; hindrance; impediment; obstacle,,general-and-abstract,zh-vocab-adapted,https://raw.githubusercontent.com/drkameleon/complete-hsk-vocabulary/7ac65bf1a6387d35f1ade478906172a19311c7f9/complete.json#/10613,2021-standard-derived upstream new-6; not 2025 exam
zh-hsk6-01033,招,zhāo,[zhāo] to recruit; to provoke; to beckon; to incur; to infect; contagious; a move (chess); a maneuver; device; trick; to confess,,general-and-abstract,zh-vocab-adapted,https://raw.githubusercontent.com/drkameleon/complete-hsk-vocabulary/7ac65bf1a6387d35f1ade478906172a19311c7f9/complete.json#/10614,2021-standard-derived upstream new-6; not 2025 exam
zh-hsk6-01034,招聘,zhāo pìn,[zhāo pìn] to invite applications for a job; to recruit,,study-and-work,zh-vocab-adapted,https://raw.githubusercontent.com/drkameleon/complete-hsk-vocabulary/7ac65bf1a6387d35f1ade478906172a19311c7f9/complete.json#/10622,2021-standard-derived upstream new-6; not 2025 exam
zh-hsk6-01035,照样,zhào yàng,[zhào yàng] as before; (same) as usual; in the same manner; still; nevertheless,,general-and-abstract,zh-vocab-adapted,https://raw.githubusercontent.com/drkameleon/complete-hsk-vocabulary/7ac65bf1a6387d35f1ade478906172a19311c7f9/complete.json#/10646,2021-standard-derived upstream new-6; not 2025 exam
zh-hsk6-01036,照耀,zhào yào,[zhào yào] to shine; to illuminate,,general-and-abstract,zh-vocab-adapted,https://raw.githubusercontent.com/drkameleon/complete-hsk-vocabulary/7ac65bf1a6387d35f1ade478906172a19311c7f9/complete.json#/10647,2021-standard-derived upstream new-6; not 2025 exam
zh-hsk6-01037,哲学,zhé xué,[zhé xué] philosophy,,general-and-abstract,zh-vocab-adapted,https://raw.githubusercontent.com/drkameleon/complete-hsk-vocabulary/7ac65bf1a6387d35f1ade478906172a19311c7f9/complete.json#/10661,2021-standard-derived upstream new-6; not 2025 exam
zh-hsk6-01038,这就是说,zhè jiù shì shuō,[zhè jiù shì shuō] in other words; that is to say,,thought-and-communication,zh-vocab-adapted,https://raw.githubusercontent.com/drkameleon/complete-hsk-vocabulary/7ac65bf1a6387d35f1ade478906172a19311c7f9/complete.json#/10667,2021-standard-derived upstream new-6; not 2025 exam
zh-hsk6-01039,镇,zhèn,[zhèn] to press down; to calm; to subdue; to suppress; to guard; garrison; small town; to cool or chill (food or drinks),,food-and-shopping,zh-vocab-adapted,https://raw.githubusercontent.com/drkameleon/complete-hsk-vocabulary/7ac65bf1a6387d35f1ade478906172a19311c7f9/complete.json#/10728,2021-standard-derived upstream new-6; not 2025 exam
zh-hsk6-01040,争夺,zhēng duó,[zhēng duó] to fight over; to contest; to vie over,,general-and-abstract,zh-vocab-adapted,https://raw.githubusercontent.com/drkameleon/complete-hsk-vocabulary/7ac65bf1a6387d35f1ade478906172a19311c7f9/complete.json#/10739,2021-standard-derived upstream new-6; not 2025 exam
zh-hsk6-01041,整顿,zhěng dùn,[zhěng dùn] to tidy up; to reorganize; to consolidate; to rectify,,general-and-abstract,zh-vocab-adapted,https://raw.githubusercontent.com/drkameleon/complete-hsk-vocabulary/7ac65bf1a6387d35f1ade478906172a19311c7f9/complete.json#/10761,2021-standard-derived upstream new-6; not 2025 exam
zh-hsk6-01042,整治,zhěng zhì,[zhěng zhì] to bring under control; to regulate; to restore to good condition; (coll.) to fix (a person); to prepare (a meal etc),,general-and-abstract,zh-vocab-adapted,https://raw.githubusercontent.com/drkameleon/complete-hsk-vocabulary/7ac65bf1a6387d35f1ade478906172a19311c7f9/complete.json#/10771,2021-standard-derived upstream new-6; not 2025 exam
zh-hsk6-01043,正当,zhèng dāng / zhèng dàng,[zhèng dāng] timely; just (when needed) / [zhèng dàng] honest; reasonable; fair; sensible,,general-and-abstract,zh-vocab-adapted,https://raw.githubusercontent.com/drkameleon/complete-hsk-vocabulary/7ac65bf1a6387d35f1ade478906172a19311c7f9/complete.json#/10775,2021-standard-derived upstream new-6; not 2025 exam
zh-hsk6-01044,政策,zhèng cè,[zhèng cè] policy,,general-and-abstract,zh-vocab-adapted,https://raw.githubusercontent.com/drkameleon/complete-hsk-vocabulary/7ac65bf1a6387d35f1ade478906172a19311c7f9/complete.json#/10801,2021-standard-derived upstream new-6; not 2025 exam
zh-hsk6-01045,政党,zhèng dǎng,[zhèng dǎng] political party,,general-and-abstract,zh-vocab-adapted,https://raw.githubusercontent.com/drkameleon/complete-hsk-vocabulary/7ac65bf1a6387d35f1ade478906172a19311c7f9/complete.json#/10802,2021-standard-derived upstream new-6; not 2025 exam
zh-hsk6-01046,政权,zhèng quán,[zhèng quán] regime; political power,,general-and-abstract,zh-vocab-adapted,https://raw.githubusercontent.com/drkameleon/complete-hsk-vocabulary/7ac65bf1a6387d35f1ade478906172a19311c7f9/complete.json#/10804,2021-standard-derived upstream new-6; not 2025 exam
zh-hsk6-01047,症状,zhèng zhuàng,[zhèng zhuàng] symptom (of an illness),,health-and-body,zh-vocab-adapted,https://raw.githubusercontent.com/drkameleon/complete-hsk-vocabulary/7ac65bf1a6387d35f1ade478906172a19311c7f9/complete.json#/10807,2021-standard-derived upstream new-6; not 2025 exam
zh-hsk6-01048,之类,zhī lèi,[zhī lèi] and so on; and such,,general-and-abstract,zh-vocab-adapted,https://raw.githubusercontent.com/drkameleon/complete-hsk-vocabulary/7ac65bf1a6387d35f1ade478906172a19311c7f9/complete.json#/10811,2021-standard-derived upstream new-6; not 2025 exam
zh-hsk6-01049,支撑,zhī chēng,[zhī chēng] to prop up; to support; strut; brace,,general-and-abstract,zh-vocab-adapted,https://raw.githubusercontent.com/drkameleon/complete-hsk-vocabulary/7ac65bf1a6387d35f1ade478906172a19311c7f9/complete.json#/10820,2021-standard-derived upstream new-6; not 2025 exam
zh-hsk6-01050,支援,zhī yuán,[zhī yuán] to provide assistance; to support; to back,,general-and-abstract,zh-vocab-adapted,https://raw.githubusercontent.com/drkameleon/complete-hsk-vocabulary/7ac65bf1a6387d35f1ade478906172a19311c7f9/complete.json#/10827,2021-standard-derived upstream new-6; not 2025 exam
zh-hsk6-01051,枝,zhī,"[zhī] branch; classifier for sticks, rods, pencils etc",,general-and-abstract,zh-vocab-adapted,https://raw.githubusercontent.com/drkameleon/complete-hsk-vocabulary/7ac65bf1a6387d35f1ade478906172a19311c7f9/complete.json#/10832,2021-standard-derived upstream new-6; not 2025 exam
zh-hsk6-01052,知名,zhī míng,[zhī míng] well-known; famous,,general-and-abstract,zh-vocab-adapted,https://raw.githubusercontent.com/drkameleon/complete-hsk-vocabulary/7ac65bf1a6387d35f1ade478906172a19311c7f9/complete.json#/10836,2021-standard-derived upstream new-6; not 2025 exam
zh-hsk6-01053,织,zhī,[zhī] to weave,,general-and-abstract,zh-vocab-adapted,https://raw.githubusercontent.com/drkameleon/complete-hsk-vocabulary/7ac65bf1a6387d35f1ade478906172a19311c7f9/complete.json#/10842,2021-standard-derived upstream new-6; not 2025 exam
zh-hsk6-01054,直升机,zhí shēng jī,[zhí shēng jī] helicopter,,general-and-abstract,zh-vocab-adapted,https://raw.githubusercontent.com/drkameleon/complete-hsk-vocabulary/7ac65bf1a6387d35f1ade478906172a19311c7f9/complete.json#/10859,2021-standard-derived upstream new-6; not 2025 exam
zh-hsk6-01055,职责,zhí zé,[zhí zé] duty; responsibility; obligation,,general-and-abstract,zh-vocab-adapted,https://raw.githubusercontent.com/drkameleon/complete-hsk-vocabulary/7ac65bf1a6387d35f1ade478906172a19311c7f9/complete.json#/10875,2021-standard-derived upstream new-6; not 2025 exam
zh-hsk6-01056,止,zhǐ,[zhǐ] to stop; to prohibit; until; only,,general-and-abstract,zh-vocab-adapted,https://raw.githubusercontent.com/drkameleon/complete-hsk-vocabulary/7ac65bf1a6387d35f1ade478906172a19311c7f9/complete.json#/10878,2021-standard-derived upstream new-6; not 2025 exam
zh-hsk6-01057,只得,zhǐ dé,[zhǐ dé] to have no alternative but to; to be obliged to,,general-and-abstract,zh-vocab-adapted,https://raw.githubusercontent.com/drkameleon/complete-hsk-vocabulary/7ac65bf1a6387d35f1ade478906172a19311c7f9/complete.json#/10884,2021-standard-derived upstream new-6; not 2025 exam
zh-hsk6-01058,只顾,zhǐ gù,[zhǐ gù] solely preoccupied (with one thing); engrossed; focusing (on sth); to look after only one aspect,,general-and-abstract,zh-vocab-adapted,https://raw.githubusercontent.com/drkameleon/complete-hsk-vocabulary/7ac65bf1a6387d35f1ade478906172a19311c7f9/complete.json#/10885,2021-standard-derived upstream new-6; not 2025 exam
zh-hsk6-01059,只管,zhǐ guǎn,"[zhǐ guǎn] solely engrossed in one thing; just (one thing, no need to worry about the rest); simply; by all means; please feel free; do not hesitate (to ask for sth)",,thought-and-communication,zh-vocab-adapted,https://raw.githubusercontent.com/drkameleon/complete-hsk-vocabulary/7ac65bf1a6387d35f1ade478906172a19311c7f9/complete.json#/10886,2021-standard-derived upstream new-6; not 2025 exam
zh-hsk6-01060,指定,zhǐ dìng,[zhǐ dìng] to appoint; to assign; to indicate clearly and with certainty; designated,,general-and-abstract,zh-vocab-adapted,https://raw.githubusercontent.com/drkameleon/complete-hsk-vocabulary/7ac65bf1a6387d35f1ade478906172a19311c7f9/complete.json#/10900,2021-standard-derived upstream new-6; not 2025 exam
zh-hsk6-01061,指数,zhǐ shù,"[zhǐ shù] (numerical, statistical) index; (math.) exponent; index; exponential (function, growth)",,general-and-abstract,zh-vocab-adapted,https://raw.githubusercontent.com/drkameleon/complete-hsk-vocabulary/7ac65bf1a6387d35f1ade478906172a19311c7f9/complete.json#/10909,2021-standard-derived upstream new-6; not 2025 exam
zh-hsk6-01062,指头,zhǐ tou,[zhǐ tou] finger; toe,,general-and-abstract,zh-vocab-adapted,https://raw.githubusercontent.com/drkameleon/complete-hsk-vocabulary/7ac65bf1a6387d35f1ade478906172a19311c7f9/complete.json#/10910,2021-standard-derived upstream new-6; not 2025 exam
zh-hsk6-01063,指着,zhǐzhe,[zhǐzhe] Poke,,general-and-abstract,zh-vocab-adapted,https://raw.githubusercontent.com/drkameleon/complete-hsk-vocabulary/7ac65bf1a6387d35f1ade478906172a19311c7f9/complete.json#/10915,2021-standard-derived upstream new-6; not 2025 exam
zh-hsk6-01064,至于,zhì yú,[zhì yú] as for; as to; to go so far as to,,general-and-abstract,zh-vocab-adapted,https://raw.githubusercontent.com/drkameleon/complete-hsk-vocabulary/7ac65bf1a6387d35f1ade478906172a19311c7f9/complete.json#/10921,2021-standard-derived upstream new-6; not 2025 exam
zh-hsk6-01065,治病,zhì bìng,[zhì bìng] to treat an illness,,health-and-body,zh-vocab-adapted,https://raw.githubusercontent.com/drkameleon/complete-hsk-vocabulary/7ac65bf1a6387d35f1ade478906172a19311c7f9/complete.json#/10939,2021-standard-derived upstream new-6; not 2025 exam
zh-hsk6-01066,智慧,zhì huì,[zhì huì] wisdom; knowledge; intelligent; intelligence,,general-and-abstract,zh-vocab-adapted,https://raw.githubusercontent.com/drkameleon/complete-hsk-vocabulary/7ac65bf1a6387d35f1ade478906172a19311c7f9/complete.json#/10958,2021-standard-derived upstream new-6; not 2025 exam
zh-hsk6-01067,中等,zhōng děng,[zhōng děng] medium,,general-and-abstract,zh-vocab-adapted,https://raw.githubusercontent.com/drkameleon/complete-hsk-vocabulary/7ac65bf1a6387d35f1ade478906172a19311c7f9/complete.json#/10968,2021-standard-derived upstream new-6; not 2025 exam
zh-hsk6-01068,中华,Zhōng huá,[Zhōng huá] China (alternate formal name),,general-and-abstract,zh-vocab-adapted,https://raw.githubusercontent.com/drkameleon/complete-hsk-vocabulary/7ac65bf1a6387d35f1ade478906172a19311c7f9/complete.json#/10973,2021-standard-derived upstream new-6; not 2025 exam
zh-hsk6-01069,中期,zhōng qī,"[zhōng qī] middle (of a period of time); medium-term (plan, forecast etc)",,time-and-quantity,zh-vocab-adapted,https://raw.githubusercontent.com/drkameleon/complete-hsk-vocabulary/7ac65bf1a6387d35f1ade478906172a19311c7f9/complete.json#/10981,2021-standard-derived upstream new-6; not 2025 exam
zh-hsk6-01070,中外,zhōng wài,[zhōng wài] Sino-foreign; Chinese-foreign; home and abroad,,general-and-abstract,zh-vocab-adapted,https://raw.githubusercontent.com/drkameleon/complete-hsk-vocabulary/7ac65bf1a6387d35f1ade478906172a19311c7f9/complete.json#/10984,2021-standard-derived upstream new-6; not 2025 exam
zh-hsk6-01071,忠心,zhōng xīn,[zhōng xīn] good faith; devotion; loyalty; dedication,,general-and-abstract,zh-vocab-adapted,https://raw.githubusercontent.com/drkameleon/complete-hsk-vocabulary/7ac65bf1a6387d35f1ade478906172a19311c7f9/complete.json#/11001,2021-standard-derived upstream new-6; not 2025 exam
zh-hsk6-01072,钟头,zhōng tóu,[zhōng tóu] hour,,time-and-quantity,zh-vocab-adapted,https://raw.githubusercontent.com/drkameleon/complete-hsk-vocabulary/7ac65bf1a6387d35f1ade478906172a19311c7f9/complete.json#/11013,2021-standard-derived upstream new-6; not 2025 exam
zh-hsk6-01073,肿,zhǒng,[zhǒng] to swell; swelling; swollen,,general-and-abstract,zh-vocab-adapted,https://raw.githubusercontent.com/drkameleon/complete-hsk-vocabulary/7ac65bf1a6387d35f1ade478906172a19311c7f9/complete.json#/11015,2021-standard-derived upstream new-6; not 2025 exam
zh-hsk6-01074,种种,zhǒng zhǒng,[zhǒng zhǒng] all kinds of,,general-and-abstract,zh-vocab-adapted,https://raw.githubusercontent.com/drkameleon/complete-hsk-vocabulary/7ac65bf1a6387d35f1ade478906172a19311c7f9/complete.json#/11020,2021-standard-derived upstream new-6; not 2025 exam
zh-hsk6-01075,重建,chóng jiàn,[chóng jiàn] to rebuild; to reestablish; reconstruction; rebuilding,,general-and-abstract,zh-vocab-adapted,https://raw.githubusercontent.com/drkameleon/complete-hsk-vocabulary/7ac65bf1a6387d35f1ade478906172a19311c7f9/complete.json#/11037,2021-standard-derived upstream new-6; not 2025 exam
zh-hsk6-01076,重组,chóng zǔ,[chóng zǔ] to reorganize; to recombine; to restructure,,general-and-abstract,zh-vocab-adapted,https://raw.githubusercontent.com/drkameleon/complete-hsk-vocabulary/7ac65bf1a6387d35f1ade478906172a19311c7f9/complete.json#/11051,2021-standard-derived upstream new-6; not 2025 exam
zh-hsk6-01077,粥,zhōu,[zhōu] congee; gruel; porridge,,general-and-abstract,zh-vocab-adapted,https://raw.githubusercontent.com/drkameleon/complete-hsk-vocabulary/7ac65bf1a6387d35f1ade478906172a19311c7f9/complete.json#/11065,2021-standard-derived upstream new-6; not 2025 exam
zh-hsk6-01078,珠宝,zhū bǎo,[zhū bǎo] pearls; jewels; precious stones,,general-and-abstract,zh-vocab-adapted,https://raw.githubusercontent.com/drkameleon/complete-hsk-vocabulary/7ac65bf1a6387d35f1ade478906172a19311c7f9/complete.json#/11072,2021-standard-derived upstream new-6; not 2025 exam
zh-hsk6-01079,诸位,zhū wèi,[zhū wèi] (pron) everyone; Ladies and Gentlemen; Sirs,,general-and-abstract,zh-vocab-adapted,https://raw.githubusercontent.com/drkameleon/complete-hsk-vocabulary/7ac65bf1a6387d35f1ade478906172a19311c7f9/complete.json#/11075,2021-standard-derived upstream new-6; not 2025 exam
zh-hsk6-01080,主持人,zhǔ chí rén,[zhǔ chí rén] TV or radio presenter; host; anchor,,general-and-abstract,zh-vocab-adapted,https://raw.githubusercontent.com/drkameleon/complete-hsk-vocabulary/7ac65bf1a6387d35f1ade478906172a19311c7f9/complete.json#/11086,2021-standard-derived upstream new-6; not 2025 exam
zh-hsk6-01081,主角,zhǔ jué,[zhǔ jué] leading role; lead; protagonist,,general-and-abstract,zh-vocab-adapted,https://raw.githubusercontent.com/drkameleon/complete-hsk-vocabulary/7ac65bf1a6387d35f1ade478906172a19311c7f9/complete.json#/11092,2021-standard-derived upstream new-6; not 2025 exam
zh-hsk6-01082,主流,zhǔ liú,[zhǔ liú] main stream (of a river); fig. the essential point; main viewpoint of a matter; mainstream (culture etc),,travel-and-places;society-and-public-life,zh-vocab-adapted,https://raw.githubusercontent.com/drkameleon/complete-hsk-vocabulary/7ac65bf1a6387d35f1ade478906172a19311c7f9/complete.json#/11094,2021-standard-derived upstream new-6; not 2025 exam
zh-hsk6-01083,煮,zhǔ,[zhǔ] to cook; to boil,,general-and-abstract,zh-vocab-adapted,https://raw.githubusercontent.com/drkameleon/complete-hsk-vocabulary/7ac65bf1a6387d35f1ade478906172a19311c7f9/complete.json#/11112,2021-standard-derived upstream new-6; not 2025 exam
zh-hsk6-01084,住宅,zhù zhái,[zhù zhái] residence; dwelling; abode,,general-and-abstract,zh-vocab-adapted,https://raw.githubusercontent.com/drkameleon/complete-hsk-vocabulary/7ac65bf1a6387d35f1ade478906172a19311c7f9/complete.json#/11121,2021-standard-derived upstream new-6; not 2025 exam
zh-hsk6-01085,驻,zhù,"[zhù] to halt; to stay; to be stationed (of troops, diplomats etc)",,general-and-abstract,zh-vocab-adapted,https://raw.githubusercontent.com/drkameleon/complete-hsk-vocabulary/7ac65bf1a6387d35f1ade478906172a19311c7f9/complete.json#/11136,2021-standard-derived upstream new-6; not 2025 exam
zh-hsk6-01086,柱子,zhù zi,[zhù zi] pillar,,general-and-abstract,zh-vocab-adapted,https://raw.githubusercontent.com/drkameleon/complete-hsk-vocabulary/7ac65bf1a6387d35f1ade478906172a19311c7f9/complete.json#/11138,2021-standard-derived upstream new-6; not 2025 exam
zh-hsk6-01087,祝愿,zhù yuàn,[zhù yuàn] to wish,,general-and-abstract,zh-vocab-adapted,https://raw.githubusercontent.com/drkameleon/complete-hsk-vocabulary/7ac65bf1a6387d35f1ade478906172a19311c7f9/complete.json#/11142,2021-standard-derived upstream new-6; not 2025 exam
zh-hsk6-01088,专用,zhuān yòng,[zhuān yòng] special; dedicated,,general-and-abstract,zh-vocab-adapted,https://raw.githubusercontent.com/drkameleon/complete-hsk-vocabulary/7ac65bf1a6387d35f1ade478906172a19311c7f9/complete.json#/11162,2021-standard-derived upstream new-6; not 2025 exam
zh-hsk6-01089,赚,zhuàn / zuàn,[zhuàn] to earn; to make a profit / [zuàn] to cheat; to swindle,,general-and-abstract,zh-vocab-adapted,https://raw.githubusercontent.com/drkameleon/complete-hsk-vocabulary/7ac65bf1a6387d35f1ade478906172a19311c7f9/complete.json#/11192,2021-standard-derived upstream new-6; not 2025 exam
zh-hsk6-01090,赚钱,zhuàn qián,[zhuàn qián] to earn money; moneymaking,,general-and-abstract,zh-vocab-adapted,https://raw.githubusercontent.com/drkameleon/complete-hsk-vocabulary/7ac65bf1a6387d35f1ade478906172a19311c7f9/complete.json#/11193,2021-standard-derived upstream new-6; not 2025 exam
zh-hsk6-01091,装备,zhuāng bèi,[zhuāng bèi] equipment; to equip; to outfit,,general-and-abstract,zh-vocab-adapted,https://raw.githubusercontent.com/drkameleon/complete-hsk-vocabulary/7ac65bf1a6387d35f1ade478906172a19311c7f9/complete.json#/11202,2021-standard-derived upstream new-6; not 2025 exam
zh-hsk6-01092,壮观,zhuàng guān,[zhuàng guān] spectacular; magnificent sight,,general-and-abstract,zh-vocab-adapted,https://raw.githubusercontent.com/drkameleon/complete-hsk-vocabulary/7ac65bf1a6387d35f1ade478906172a19311c7f9/complete.json#/11210,2021-standard-derived upstream new-6; not 2025 exam
zh-hsk6-01093,追究,zhuī jiū,[zhuī jiū] to investigate; to look into,,general-and-abstract,zh-vocab-adapted,https://raw.githubusercontent.com/drkameleon/complete-hsk-vocabulary/7ac65bf1a6387d35f1ade478906172a19311c7f9/complete.json#/11223,2021-standard-derived upstream new-6; not 2025 exam
zh-hsk6-01094,捉,zhuō,[zhuō] to clutch; to grab; to capture,,general-and-abstract,zh-vocab-adapted,https://raw.githubusercontent.com/drkameleon/complete-hsk-vocabulary/7ac65bf1a6387d35f1ade478906172a19311c7f9/complete.json#/11240,2021-standard-derived upstream new-6; not 2025 exam
zh-hsk6-01095,咨询,zī xún,[zī xún] to consult; to seek advice; consultation; (sales) inquiry (formal),,general-and-abstract,zh-vocab-adapted,https://raw.githubusercontent.com/drkameleon/complete-hsk-vocabulary/7ac65bf1a6387d35f1ade478906172a19311c7f9/complete.json#/11246,2021-standard-derived upstream new-6; not 2025 exam
zh-hsk6-01096,自来水,zì lái shuǐ,[zì lái shuǐ] running water; tap water,,general-and-abstract,zh-vocab-adapted,https://raw.githubusercontent.com/drkameleon/complete-hsk-vocabulary/7ac65bf1a6387d35f1ade478906172a19311c7f9/complete.json#/11283,2021-standard-derived upstream new-6; not 2025 exam
zh-hsk6-01097,自我,zì wǒ,[zì wǒ] self-; ego (psychology),,general-and-abstract,zh-vocab-adapted,https://raw.githubusercontent.com/drkameleon/complete-hsk-vocabulary/7ac65bf1a6387d35f1ade478906172a19311c7f9/complete.json#/11299,2021-standard-derived upstream new-6; not 2025 exam
zh-hsk6-01098,自学,zì xué,[zì xué] self-study; to study on one's own,,study-and-work,zh-vocab-adapted,https://raw.githubusercontent.com/drkameleon/complete-hsk-vocabulary/7ac65bf1a6387d35f1ade478906172a19311c7f9/complete.json#/11305,2021-standard-derived upstream new-6; not 2025 exam
zh-hsk6-01099,自言自语,zì yán zì yǔ,[zì yán zì yǔ] to talk to oneself; to think aloud; to soliloquize,,thought-and-communication,zh-vocab-adapted,https://raw.githubusercontent.com/drkameleon/complete-hsk-vocabulary/7ac65bf1a6387d35f1ade478906172a19311c7f9/complete.json#/11306,2021-standard-derived upstream new-6; not 2025 exam
zh-hsk6-01100,自在,zì zai,[zì zai] comfortable; at ease,,general-and-abstract,zh-vocab-adapted,https://raw.githubusercontent.com/drkameleon/complete-hsk-vocabulary/7ac65bf1a6387d35f1ade478906172a19311c7f9/complete.json#/11311,2021-standard-derived upstream new-6; not 2025 exam
zh-hsk6-01101,宗教,zōng jiào,[zōng jiào] religion,,general-and-abstract,zh-vocab-adapted,https://raw.githubusercontent.com/drkameleon/complete-hsk-vocabulary/7ac65bf1a6387d35f1ade478906172a19311c7f9/complete.json#/11323,2021-standard-derived upstream new-6; not 2025 exam
zh-hsk6-01102,总部,zǒng bù,[zǒng bù] general headquarters,,general-and-abstract,zh-vocab-adapted,https://raw.githubusercontent.com/drkameleon/complete-hsk-vocabulary/7ac65bf1a6387d35f1ade478906172a19311c7f9/complete.json#/11330,2021-standard-derived upstream new-6; not 2025 exam
zh-hsk6-01103,总监,zǒng jiān,[zǒng jiān] head; director (of an organizational unit); (police) commissioner; inspector-general; rank of local governor in Tang dynasty administration,,health-and-body,zh-vocab-adapted,https://raw.githubusercontent.com/drkameleon/complete-hsk-vocabulary/7ac65bf1a6387d35f1ade478906172a19311c7f9/complete.json#/11338,2021-standard-derived upstream new-6; not 2025 exam
zh-hsk6-01104,总经理,zǒng jīng lǐ,[zǒng jīng lǐ] general manager; CEO,,general-and-abstract,zh-vocab-adapted,https://raw.githubusercontent.com/drkameleon/complete-hsk-vocabulary/7ac65bf1a6387d35f1ade478906172a19311c7f9/complete.json#/11340,2021-standard-derived upstream new-6; not 2025 exam
zh-hsk6-01105,总量,zǒng liàng,[zǒng liàng] total; overall amount,,general-and-abstract,zh-vocab-adapted,https://raw.githubusercontent.com/drkameleon/complete-hsk-vocabulary/7ac65bf1a6387d35f1ade478906172a19311c7f9/complete.json#/11342,2021-standard-derived upstream new-6; not 2025 exam
zh-hsk6-01106,走私,zǒu sī,[zǒu sī] to smuggle; to have an illicit affair,,general-and-abstract,zh-vocab-adapted,https://raw.githubusercontent.com/drkameleon/complete-hsk-vocabulary/7ac65bf1a6387d35f1ade478906172a19311c7f9/complete.json#/11366,2021-standard-derived upstream new-6; not 2025 exam
zh-hsk6-01107,奏,zòu,[zòu] to play music; to achieve; to present a memorial to the emperor (old),,general-and-abstract,zh-vocab-adapted,https://raw.githubusercontent.com/drkameleon/complete-hsk-vocabulary/7ac65bf1a6387d35f1ade478906172a19311c7f9/complete.json#/11369,2021-standard-derived upstream new-6; not 2025 exam
zh-hsk6-01108,租金,zū jīn,[zū jīn] rent,,general-and-abstract,zh-vocab-adapted,https://raw.githubusercontent.com/drkameleon/complete-hsk-vocabulary/7ac65bf1a6387d35f1ade478906172a19311c7f9/complete.json#/11373,2021-standard-derived upstream new-6; not 2025 exam
zh-hsk6-01109,足,jù / zú,[jù] excessive / [zú] foot; to be sufficient; ample,,general-and-abstract,zh-vocab-adapted,https://raw.githubusercontent.com/drkameleon/complete-hsk-vocabulary/7ac65bf1a6387d35f1ade478906172a19311c7f9/complete.json#/11375,2021-standard-derived upstream new-6; not 2025 exam
zh-hsk6-01110,足以,zú yǐ,[zú yǐ] sufficient to...; so much so that; so that,,general-and-abstract,zh-vocab-adapted,https://raw.githubusercontent.com/drkameleon/complete-hsk-vocabulary/7ac65bf1a6387d35f1ade478906172a19311c7f9/complete.json#/11379,2021-standard-derived upstream new-6; not 2025 exam
zh-hsk6-01111,族,zú,"[zú] race; nationality; ethnicity; clan; by extension, social group",,general-and-abstract,zh-vocab-adapted,https://raw.githubusercontent.com/drkameleon/complete-hsk-vocabulary/7ac65bf1a6387d35f1ade478906172a19311c7f9/complete.json#/11381,2021-standard-derived upstream new-6; not 2025 exam
zh-hsk6-01112,祖父,zǔ fù,[zǔ fù] father's father; paternal grandfather,,people-and-relationships,zh-vocab-adapted,https://raw.githubusercontent.com/drkameleon/complete-hsk-vocabulary/7ac65bf1a6387d35f1ade478906172a19311c7f9/complete.json#/11396,2021-standard-derived upstream new-6; not 2025 exam
zh-hsk6-01113,祖国,zǔ guó,[zǔ guó] motherland,,general-and-abstract,zh-vocab-adapted,https://raw.githubusercontent.com/drkameleon/complete-hsk-vocabulary/7ac65bf1a6387d35f1ade478906172a19311c7f9/complete.json#/11397,2021-standard-derived upstream new-6; not 2025 exam
zh-hsk6-01114,祖母,zǔ mǔ,[zǔ mǔ] father's mother; paternal grandmother,,people-and-relationships,zh-vocab-adapted,https://raw.githubusercontent.com/drkameleon/complete-hsk-vocabulary/7ac65bf1a6387d35f1ade478906172a19311c7f9/complete.json#/11399,2021-standard-derived upstream new-6; not 2025 exam
zh-hsk6-01115,钻,zuān / zuàn,[zuān] to drill; to bore; to get into; to make one's way into; to enter (a hole); to thread one's way through; to study intensively; to dig into; to curry favor for personal gain / [zuàn] an auger; diamond,,study-and-work,zh-vocab-adapted,https://raw.githubusercontent.com/drkameleon/complete-hsk-vocabulary/7ac65bf1a6387d35f1ade478906172a19311c7f9/complete.json#/11402,2021-standard-derived upstream new-6; not 2025 exam
zh-hsk6-01116,最佳,zuì jiā,"[zuì jiā] optimum; optimal; peak; best (athlete, movie etc)",,general-and-abstract,zh-vocab-adapted,https://raw.githubusercontent.com/drkameleon/complete-hsk-vocabulary/7ac65bf1a6387d35f1ade478906172a19311c7f9/complete.json#/11413,2021-standard-derived upstream new-6; not 2025 exam
zh-hsk6-01117,最终,zuì zhōng,[zuì zhōng] final; ultimate,,general-and-abstract,zh-vocab-adapted,https://raw.githubusercontent.com/drkameleon/complete-hsk-vocabulary/7ac65bf1a6387d35f1ade478906172a19311c7f9/complete.json#/11415,2021-standard-derived upstream new-6; not 2025 exam
zh-hsk6-01118,罪,zuì,[zuì] guilt; crime; fault; blame; sin / [zuì] crime,,general-and-abstract,zh-vocab-adapted,https://raw.githubusercontent.com/drkameleon/complete-hsk-vocabulary/7ac65bf1a6387d35f1ade478906172a19311c7f9/complete.json#/11416,2021-standard-derived upstream new-6; not 2025 exam
zh-hsk6-01119,罪恶,zuì è,[zuì è] crime; evil; sin,,general-and-abstract,zh-vocab-adapted,https://raw.githubusercontent.com/drkameleon/complete-hsk-vocabulary/7ac65bf1a6387d35f1ade478906172a19311c7f9/complete.json#/11417,2021-standard-derived upstream new-6; not 2025 exam
zh-hsk6-01120,作,zuō / zuò,"[zuō] worker; workshop; (slang) troublesome; high-maintenance (person) / [zuò] to do; to engage in; to write; to compose; to pretend; to feign; to regard as; to consider to be; to be; to act the part of; to feel (itchy, nauseous etc); writings; works",,thought-and-communication,zh-vocab-adapted,https://raw.githubusercontent.com/drkameleon/complete-hsk-vocabulary/7ac65bf1a6387d35f1ade478906172a19311c7f9/complete.json#/11435,2021-standard-derived upstream new-6; not 2025 exam
zh-hsk6-01121,作废,zuò fèi,[zuò fèi] to become invalid; to cancel; to delete; to nullify,,general-and-abstract,zh-vocab-adapted,https://raw.githubusercontent.com/drkameleon/complete-hsk-vocabulary/7ac65bf1a6387d35f1ade478906172a19311c7f9/complete.json#/11439,2021-standard-derived upstream new-6; not 2025 exam
zh-hsk6-01122,作战,zuò zhàn,[zuò zhàn] combat; to fight,,general-and-abstract,zh-vocab-adapted,https://raw.githubusercontent.com/drkameleon/complete-hsk-vocabulary/7ac65bf1a6387d35f1ade478906172a19311c7f9/complete.json#/11450,2021-standard-derived upstream new-6; not 2025 exam
zh-hsk6-01123,座谈会,zuò tán huì,[zuò tán huì] conference; symposium; rap session,,general-and-abstract,zh-vocab-adapted,https://raw.githubusercontent.com/drkameleon/complete-hsk-vocabulary/7ac65bf1a6387d35f1ade478906172a19311c7f9/complete.json#/11457,2021-standard-derived upstream new-6; not 2025 exam
