id,target,reading,english,part_of_speech,topic,source_id,source_entry,level_basis
ko-nikl-18642,-되다,,A suffix that means passivity and makes the word a verb. / A suffix that makes the word an adjective.,affix,general / source uncategorized,nikl-2024-mirror,https://huggingface.co/datasets/binjang/NIKL-korean-english-dictionary/resolve/3b4cfd2126debfd5440cade3ef6c2a3c20cf7cf9/2024_01.csv#record=18642,NIKL source band: beginner; project heuristic TOPIK 2: beginner expansion/category or uncategorized entry; not an official per-grade list
ko-nikl-23828,-하다,,"A suffix that means &quot;to act that way&quot; or &quot;to do an act related to something,&quot; and makes the word a verb. / A suffix that means &quot;to be that state&quot; and makes the word an adjective. / A suffix that means &quot;to make such a sound&quot; or &quot;to be such a shape,&quot; and makes the word a verb or adjective. / A suffix that means &quot;to be such a shape,&quot; &quot;to be such a state&quot; or &quot;to have such a quality,&quot; and makes the word a verb or an adjective. / A suffix that means &quot;to become such a way,&quot; &quot;to be such a state&quot; or &quot;to be such a quality,&quot; and makes the word a verb or an adjective. / A suffix that means &quot;to be in such a way&quot; and makes the word a verb or an adjective.",affix,general / source uncategorized,nikl-2024-mirror,https://huggingface.co/datasets/binjang/NIKL-korean-english-dictionary/resolve/3b4cfd2126debfd5440cade3ef6c2a3c20cf7cf9/2024_01.csv#record=23828,NIKL source band: beginner; project heuristic TOPIK 2: beginner expansion/category or uncategorized entry; not an official per-grade list
ko-nikl-25594,가늘다,,"An object having a narrow width or being thin and long. / The reverberation of sound being weak. / The size of grains being very small. / Light, wind, smoke, breath, etc., being faint and weak. / A facial expression being faint or nearly imperceptible. / The weave of a fabric, net, etc., being fine. / A movement being very small.",descriptive verb,concepts > shape,nikl-2024-mirror,https://huggingface.co/datasets/binjang/NIKL-korean-english-dictionary/resolve/3b4cfd2126debfd5440cade3ef6c2a3c20cf7cf9/2024_01.csv#record=25594,NIKL source band: beginner; project heuristic TOPIK 2: beginner expansion/category or uncategorized entry; not an official per-grade list
ko-nikl-25633,가득,,"In a quantity or amount that reaches full capacity. / In such a large quantity that there is no empty space. / In a state in which a smell, light, sound, etc., pervades a space. / With a strong emotion or thought.",adverb,concepts > quantity,nikl-2024-mirror,https://huggingface.co/datasets/binjang/NIKL-korean-english-dictionary/resolve/3b4cfd2126debfd5440cade3ef6c2a3c20cf7cf9/2024_01.csv#record=25633,NIKL source band: beginner; project heuristic TOPIK 2: beginner expansion/category or uncategorized entry; not an official per-grade list
ko-nikl-25698,가르치다,,"To explain knowledge or skills to help someone understand it. / To correct wrong thoughts, habits, etc. / To put someone through a school or an institute by paying for his/her education. / To let someone know about something he/she is not aware of. / To make someone learn about a certain attitude or value necessary for a living.",verb,education > teaching and learning,nikl-2024-mirror,https://huggingface.co/datasets/binjang/NIKL-korean-english-dictionary/resolve/3b4cfd2126debfd5440cade3ef6c2a3c20cf7cf9/2024_01.csv#record=25698,NIKL source band: beginner; project heuristic TOPIK 2: beginner expansion/category or uncategorized entry; not an official per-grade list
ko-nikl-25707,가리키다,,To point a finger or some other thing in a certain direction or toward a certain object to let others recognize it. / For hands of a clock or the sensor of a thermometer to indicate time or temperature. / To convey a fact or meaning. / To make reference to or mention something specifically.,verb,people > physical actions,nikl-2024-mirror,https://huggingface.co/datasets/binjang/NIKL-korean-english-dictionary/resolve/3b4cfd2126debfd5440cade3ef6c2a3c20cf7cf9/2024_01.csv#record=25707,NIKL source band: beginner; project heuristic TOPIK 2: beginner expansion/category or uncategorized entry; not an official per-grade list
ko-nikl-25765,가볍다,,"Weighing little. / The importance, value, responsibility, etc., being not large. / A sin or mistake being not very severe. / A disease, wound, etc., being not serious. / A thought, remark, behavior, etc., being not discreet and calm. / A movement being quick, neither slow nor sluggish. / Not requiring much effort or not casting a heavy burden on someone. / Not very important or enormous. / Not difficult to do something, without requiring much effort. / A wind or a wave of water being gentle. / The impact of contact or collision being weak. / A sound, a color, etc., being fresh and bright. / The amount of a tax or fine, and the level of punishment being small or low. / One's dress or makeup being fresh or comfortable to move around in, not excessively fancy. / Feeling light-hearted and pleasant.",descriptive verb,concepts > properties,nikl-2024-mirror,https://huggingface.co/datasets/binjang/NIKL-korean-english-dictionary/resolve/3b4cfd2126debfd5440cade3ef6c2a3c20cf7cf9/2024_01.csv#record=25765,NIKL source band: beginner; project heuristic TOPIK 2: beginner expansion/category or uncategorized entry; not an official per-grade list
ko-nikl-25926,가요,,Songs many Koreans enjoy singing.,noun,culture > popular culture,nikl-2024-mirror,https://huggingface.co/datasets/binjang/NIKL-korean-english-dictionary/resolve/3b4cfd2126debfd5440cade3ef6c2a3c20cf7cf9/2024_01.csv#record=25926,NIKL source band: beginner; project heuristic TOPIK 2: beginner expansion/category or uncategorized entry; not an official per-grade list
ko-nikl-26027,가지다,,"To carry or keep something, or hold it in one's hands. / To take possession of something. / To have a certain job, qualification, certificate, status, etc. / To have a meeting, gathering, performance, etc. / To have an effect, ability, etc. / To have a certain physical characteristic. / For a person or an animal to be pregnant with a baby. / To have a certain disease or related symptoms. / To use something as a tool, material, means, method, etc. / To cause someone to become the target of something. / To conceive a thought or an idea or develop an attitude. / To establish a relationship.",verb,general / source uncategorized,nikl-2024-mirror,https://huggingface.co/datasets/binjang/NIKL-korean-english-dictionary/resolve/3b4cfd2126debfd5440cade3ef6c2a3c20cf7cf9/2024_01.csv#record=26027,NIKL source band: beginner; project heuristic TOPIK 2: beginner expansion/category or uncategorized entry; not an official per-grade list
ko-nikl-26087,각각,,Separately; each per each.,adverb,general / source uncategorized,nikl-2024-mirror,https://huggingface.co/datasets/binjang/NIKL-korean-english-dictionary/resolve/3b4cfd2126debfd5440cade3ef6c2a3c20cf7cf9/2024_01.csv#record=26087,NIKL source band: beginner; project heuristic TOPIK 2: beginner expansion/category or uncategorized entry; not an official per-grade list
ko-nikl-26086,각각,,Every one of two or more considered individually.,noun,general / source uncategorized,nikl-2024-mirror,https://huggingface.co/datasets/binjang/NIKL-korean-english-dictionary/resolve/3b4cfd2126debfd5440cade3ef6c2a3c20cf7cf9/2024_01.csv#record=26086,NIKL source band: beginner; project heuristic TOPIK 2: beginner expansion/category or uncategorized entry; not an official per-grade list
ko-nikl-26197,간단하다,,Not too lengthy or complex. / Not cumbersome or large in quantity. / Uncomplicated and easy.,descriptive verb,general / source uncategorized,nikl-2024-mirror,https://huggingface.co/datasets/binjang/NIKL-korean-english-dictionary/resolve/3b4cfd2126debfd5440cade3ef6c2a3c20cf7cf9/2024_01.csv#record=26197,NIKL source band: beginner; project heuristic TOPIK 2: beginner expansion/category or uncategorized entry; not an official per-grade list
ko-nikl-26198,간단히,,In a way that does not make something lengthy or complicated. / In a way that does not cause much trouble or require too many things. / In a way that makes something easy to handle or do.,adverb,general / source uncategorized,nikl-2024-mirror,https://huggingface.co/datasets/binjang/NIKL-korean-english-dictionary/resolve/3b4cfd2126debfd5440cade3ef6c2a3c20cf7cf9/2024_01.csv#record=26198,NIKL source band: beginner; project heuristic TOPIK 2: beginner expansion/category or uncategorized entry; not an official per-grade list
ko-nikl-26451,감기약,,Medicine used to treat colds.,noun,daily life > medicines,nikl-2024-mirror,https://huggingface.co/datasets/binjang/NIKL-korean-english-dictionary/resolve/3b4cfd2126debfd5440cade3ef6c2a3c20cf7cf9/2024_01.csv#record=26451,NIKL source band: beginner; project heuristic TOPIK 2: beginner expansion/category or uncategorized entry; not an official per-grade list
ko-nikl-26455,감다,,To cover one's eyes with one's eyelids.,verb,people > physical actions,nikl-2024-mirror,https://huggingface.co/datasets/binjang/NIKL-korean-english-dictionary/resolve/3b4cfd2126debfd5440cade3ef6c2a3c20cf7cf9/2024_01.csv#record=26455,NIKL source band: beginner; project heuristic TOPIK 2: beginner expansion/category or uncategorized entry; not an official per-grade list
ko-nikl-26491,감사,,"An act of feeling thankful for something, or such a mind.",noun,people > emotions,nikl-2024-mirror,https://huggingface.co/datasets/binjang/NIKL-korean-english-dictionary/resolve/3b4cfd2126debfd5440cade3ef6c2a3c20cf7cf9/2024_01.csv#record=26491,NIKL source band: beginner; project heuristic TOPIK 2: beginner expansion/category or uncategorized entry; not an official per-grade list
ko-nikl-26653,갑자기,,"Quickly, not allowing someone to think.",adverb,general / source uncategorized,nikl-2024-mirror,https://huggingface.co/datasets/binjang/NIKL-korean-english-dictionary/resolve/3b4cfd2126debfd5440cade3ef6c2a3c20cf7cf9/2024_01.csv#record=26653,NIKL source band: beginner; project heuristic TOPIK 2: beginner expansion/category or uncategorized entry; not an official per-grade list
ko-nikl-26680,강,,"A wide, long stream reaching the sea.",noun,nature > landforms,nikl-2024-mirror,https://huggingface.co/datasets/binjang/NIKL-korean-english-dictionary/resolve/3b4cfd2126debfd5440cade3ef6c2a3c20cf7cf9/2024_01.csv#record=26680,NIKL source band: beginner; project heuristic TOPIK 2: beginner expansion/category or uncategorized entry; not an official per-grade list
ko-nikl-26794,강아지,,The pup of a dog. / A word of endearment used to refer to or address one's child or grandchild.,noun,plants and animals > animals,nikl-2024-mirror,https://huggingface.co/datasets/binjang/NIKL-korean-english-dictionary/resolve/3b4cfd2126debfd5440cade3ef6c2a3c20cf7cf9/2024_01.csv#record=26794,NIKL source band: beginner; project heuristic TOPIK 2: beginner expansion/category or uncategorized entry; not an official per-grade list
ko-nikl-26874,강하다,,Having strength. / A level or degree being high. / Firm mentally and not backing down. / Having the power to resist something or a good ability of coping with something.,descriptive verb,concepts > properties,nikl-2024-mirror,https://huggingface.co/datasets/binjang/NIKL-korean-english-dictionary/resolve/3b4cfd2126debfd5440cade3ef6c2a3c20cf7cf9/2024_01.csv#record=26874,NIKL source band: beginner; project heuristic TOPIK 2: beginner expansion/category or uncategorized entry; not an official per-grade list
ko-nikl-26888,갖다,,"To carry or keep something, or hold it in one's hands. / To take possession of something. / To have a certain job, qualification, certificate, status, etc. / To have knowledge, experience, history, etc. / To have a certain trait, characteristic, or property. / To have a certain physical characteristic. / To have a certain disease or related symptoms. / To have an ability. / To have a meeting, gathering, performance, etc. / For a person or an animal to be pregnant with a baby. / To be related to someone by blood or to be well-acquainted by one's network of relationships. / To have or enjoy some leisure time or rest. / To use something as a tool, material, means, method, etc. / To cause to become the target of something. / To conceive a thought or an idea or develop an attitude. / To establish a relationship.",verb,general / source uncategorized,nikl-2024-mirror,https://huggingface.co/datasets/binjang/NIKL-korean-english-dictionary/resolve/3b4cfd2126debfd5440cade3ef6c2a3c20cf7cf9/2024_01.csv#record=26888,NIKL source band: beginner; project heuristic TOPIK 2: beginner expansion/category or uncategorized entry; not an official per-grade list
ko-nikl-26896,같다,,"Not different from each other. / Similar to each other. / A term used to indicate that one belongs to a similar group with something. / A term used to indicate 'under a certain situation or condition'. / A term used to indciate 'meeting a standard'. / A term meaning 'according to one's mind, thought, situation, etc.', used to indicate that the reality is the opposite. / (insulting) A term used to indicate that something is not different from what is being referred to. / Being a fact that one can guess.",descriptive verb,concepts > shape,nikl-2024-mirror,https://huggingface.co/datasets/binjang/NIKL-korean-english-dictionary/resolve/3b4cfd2126debfd5440cade3ef6c2a3c20cf7cf9/2024_01.csv#record=26896,NIKL source band: beginner; project heuristic TOPIK 2: beginner expansion/category or uncategorized entry; not an official per-grade list
ko-nikl-26904,갚다,,To return what one borrows. / To give back what one benefits from others. / To pay back in kind.,verb,economy > economic activities,nikl-2024-mirror,https://huggingface.co/datasets/binjang/NIKL-korean-english-dictionary/resolve/3b4cfd2126debfd5440cade3ef6c2a3c20cf7cf9/2024_01.csv#record=26904,NIKL source band: beginner; project heuristic TOPIK 2: beginner expansion/category or uncategorized entry; not an official per-grade list
ko-nikl-27315,거,,"A bound noun used to refer to a certain thing or phenomenon, or fact. / (disparaging) A bound noun used to refer to a person or animal. / A bound noun used to indicate that something belongs to a certain person. / A bound noun used to indicate a speaker's confidence, decision, resolution, etc. / A bound noun used to indicate a speaker's guess, conviction, etc.",bound noun,general / source uncategorized,nikl-2024-mirror,https://huggingface.co/datasets/binjang/NIKL-korean-english-dictionary/resolve/3b4cfd2126debfd5440cade3ef6c2a3c20cf7cf9/2024_01.csv#record=27315,NIKL source band: beginner; project heuristic TOPIK 2: beginner expansion/category or uncategorized entry; not an official per-grade list
ko-nikl-27486,거의,,A little less than all. / In the state of being very close to a state or limit.,adverb,concepts > quantity,nikl-2024-mirror,https://huggingface.co/datasets/binjang/NIKL-korean-english-dictionary/resolve/3b4cfd2126debfd5440cade3ef6c2a3c20cf7cf9/2024_01.csv#record=27486,NIKL source band: beginner; project heuristic TOPIK 2: beginner expansion/category or uncategorized entry; not an official per-grade list
ko-nikl-27485,거의,,A little less than all.,noun,concepts > quantity,nikl-2024-mirror,https://huggingface.co/datasets/binjang/NIKL-korean-english-dictionary/resolve/3b4cfd2126debfd5440cade3ef6c2a3c20cf7cf9/2024_01.csv#record=27485,NIKL source band: beginner; project heuristic TOPIK 2: beginner expansion/category or uncategorized entry; not an official per-grade list
ko-nikl-27493,거절,,"An act of not accepting the request, proposal or gift from another person.",noun,social life > social activities,nikl-2024-mirror,https://huggingface.co/datasets/binjang/NIKL-korean-english-dictionary/resolve/3b4cfd2126debfd5440cade3ef6c2a3c20cf7cf9/2024_01.csv#record=27493,NIKL source band: beginner; project heuristic TOPIK 2: beginner expansion/category or uncategorized entry; not an official per-grade list
ko-nikl-27510,거짓말,,"A remark which is not true, intended to make someone believe it is true.",noun,social life > speech acts,nikl-2024-mirror,https://huggingface.co/datasets/binjang/NIKL-korean-english-dictionary/resolve/3b4cfd2126debfd5440cade3ef6c2a3c20cf7cf9/2024_01.csv#record=27510,NIKL source band: beginner; project heuristic TOPIK 2: beginner expansion/category or uncategorized entry; not an official per-grade list
ko-nikl-27550,걱정,,"The state of feeling afraid and uneasy, in fear of the possible occurrence of something bad. / An act of scolding a younger person for his/her fault.",noun,people > emotions,nikl-2024-mirror,https://huggingface.co/datasets/binjang/NIKL-korean-english-dictionary/resolve/3b4cfd2126debfd5440cade3ef6c2a3c20cf7cf9/2024_01.csv#record=27550,NIKL source band: beginner; project heuristic TOPIK 2: beginner expansion/category or uncategorized entry; not an official per-grade list
ko-nikl-27614,건물,,A structure with walls and a roof for people to live in or store objects.,noun,housing > building types,nikl-2024-mirror,https://huggingface.co/datasets/binjang/NIKL-korean-english-dictionary/resolve/3b4cfd2126debfd5440cade3ef6c2a3c20cf7cf9/2024_01.csv#record=27614,NIKL source band: beginner; project heuristic TOPIK 2: beginner expansion/category or uncategorized entry; not an official per-grade list
ko-nikl-27706,걸다,,"To hang a certain object somewhere so as to prevent it from falling. / To fasten a door lock or handle or put a bar across a door to keep it from being open. / To get a caldron or pot ready for use. / To insert a tape, record, etc., in a certain device. / To pledge by one's name or specify conditions. / To cause a car, machine, device, etc., to work. / To involve someone in a certain affair or problem. / To offer money, goods, etc., as security for a contract or bet. / To file a suit against someone or put him/her on trial. / To put someone in a certain state. / To have hope or expectation about something that will happen in the future. / To risk one's life, reputation, etc., or to prepare himself/herself for sacrificing for something. / To do something to someone before he/she attempts the same thing. / To make a call. / To order or request for something urgently. / To try to make one's opponent fall to the ground by using his/her leg, foot, etc.",verb,social life > social activities,nikl-2024-mirror,https://huggingface.co/datasets/binjang/NIKL-korean-english-dictionary/resolve/3b4cfd2126debfd5440cade3ef6c2a3c20cf7cf9/2024_01.csv#record=27706,NIKL source band: beginner; project heuristic TOPIK 2: beginner expansion/category or uncategorized entry; not an official per-grade list
ko-nikl-27714,걸리다,,"For a certain object to be hung somewhere so as not to fall. / For a door lock or handle to be fastened or a bar to be put across a door to keep the door from being open. / For a caldron or pot to be made ready for use. / For a tape, record, etc., to be inserted in a certain device. / To be sworn by one's name or for some conditions to be laid down. / For a car, machine, device, etc., to start working. / For the sun or moon to hang in the sky. / To fall ill. / To be unsatisfied with something and feel bad about it. / To go against something. / For money, goods, etc., to be offered as security for a contract or bet. / For a lawsuit to be filed against someone or for him/her to be put on trial. / To be put in a certain state. / For one's life, reputation, etc., to be risked as security. / For a telephone call to be made. / For something to be ordered or requested urgently. / For one's leg, foot, etc., to be hit by something. / To be caught in the middle of doing something. / To be involved in something or run into someone. / To be blocked or captured. / To take time.",verb,daily life > illness and symptoms,nikl-2024-mirror,https://huggingface.co/datasets/binjang/NIKL-korean-english-dictionary/resolve/3b4cfd2126debfd5440cade3ef6c2a3c20cf7cf9/2024_01.csv#record=27714,NIKL source band: beginner; project heuristic TOPIK 2: beginner expansion/category or uncategorized entry; not an official per-grade list
ko-nikl-27726,걸어가다,,To take a step forward in the direction of a destination. / To travel on a certain path to arrive at a destination. / (figurative) For someone to continue to work in a certain field or go through a certain process destined for him/her.,verb,people > physical actions,nikl-2024-mirror,https://huggingface.co/datasets/binjang/NIKL-korean-english-dictionary/resolve/3b4cfd2126debfd5440cade3ef6c2a3c20cf7cf9/2024_01.csv#record=27726,NIKL source band: beginner; project heuristic TOPIK 2: beginner expansion/category or uncategorized entry; not an official per-grade list
ko-nikl-27727,걸어오다,,To take a step forward in the direction of a destination. / To come down a certain path to get to a destination. / (figurative) To follow a certain path or evolve.,verb,people > physical actions,nikl-2024-mirror,https://huggingface.co/datasets/binjang/NIKL-korean-english-dictionary/resolve/3b4cfd2126debfd5440cade3ef6c2a3c20cf7cf9/2024_01.csv#record=27727,NIKL source band: beginner; project heuristic TOPIK 2: beginner expansion/category or uncategorized entry; not an official per-grade list
ko-nikl-27775,검사,,"Reviewing a certain incident or object to decide whether it is right or wrong, or good or bad.",noun,daily life > medical treatment,nikl-2024-mirror,https://huggingface.co/datasets/binjang/NIKL-korean-english-dictionary/resolve/3b4cfd2126debfd5440cade3ef6c2a3c20cf7cf9/2024_01.csv#record=27775,NIKL source band: beginner; project heuristic TOPIK 2: beginner expansion/category or uncategorized entry; not an official per-grade list
ko-nikl-27852,것,,"A bound noun used to refer to a thing or fact that is not specified or determind by someone. / (disparaging) A bound noun used to refer to a person or animal. / A bound noun used to indicate that something belongs to a certain person. / A bound noun used to indicate a certain act, situation, or accomplishment. / A bound noun used to indicate one's confidence or emphasis regarding a certain fact. / A bound noun used to indicate one's prediction, guess, and plan regarding a thing that has not occurred yet. / A sentence-concluding bound noun carrying the sense of a command or instruction.",bound noun,general / source uncategorized,nikl-2024-mirror,https://huggingface.co/datasets/binjang/NIKL-korean-english-dictionary/resolve/3b4cfd2126debfd5440cade3ef6c2a3c20cf7cf9/2024_01.csv#record=27852,NIKL source band: beginner; project heuristic TOPIK 2: beginner expansion/category or uncategorized entry; not an official per-grade list
ko-nikl-27925,게으르다,,Acting slowly and hating to move or work.,descriptive verb,people > attitudes,nikl-2024-mirror,https://huggingface.co/datasets/binjang/NIKL-korean-english-dictionary/resolve/3b4cfd2126debfd5440cade3ef6c2a3c20cf7cf9/2024_01.csv#record=27925,NIKL source band: beginner; project heuristic TOPIK 2: beginner expansion/category or uncategorized entry; not an official per-grade list
ko-nikl-27934,게임,,A play for deciding the winner and loser according to a certain rule. / A sports game or match. / A unit for counting the number of sports games.,noun,daily life > leisure equipment,nikl-2024-mirror,https://huggingface.co/datasets/binjang/NIKL-korean-english-dictionary/resolve/3b4cfd2126debfd5440cade3ef6c2a3c20cf7cf9/2024_01.csv#record=27934,NIKL source band: beginner; project heuristic TOPIK 2: beginner expansion/category or uncategorized entry; not an official per-grade list
ko-nikl-28117,결과,,The state or status after a project or process is completed.,noun,general / source uncategorized,nikl-2024-mirror,https://huggingface.co/datasets/binjang/NIKL-korean-english-dictionary/resolve/3b4cfd2126debfd5440cade3ef6c2a3c20cf7cf9/2024_01.csv#record=28117,NIKL source band: beginner; project heuristic TOPIK 2: beginner expansion/category or uncategorized entry; not an official per-grade list
ko-nikl-28173,결석,,"Not attending official gatherings, such as school or meetings.",noun,education > teaching and learning,nikl-2024-mirror,https://huggingface.co/datasets/binjang/NIKL-korean-english-dictionary/resolve/3b4cfd2126debfd5440cade3ef6c2a3c20cf7cf9/2024_01.csv#record=28173,NIKL source band: beginner; project heuristic TOPIK 2: beginner expansion/category or uncategorized entry; not an official per-grade list
ko-nikl-28193,결심,,Making up one's mind about something or this mindset.,noun,people > cognition,nikl-2024-mirror,https://huggingface.co/datasets/binjang/NIKL-korean-english-dictionary/resolve/3b4cfd2126debfd5440cade3ef6c2a3c20cf7cf9/2024_01.csv#record=28193,NIKL source band: beginner; project heuristic TOPIK 2: beginner expansion/category or uncategorized entry; not an official per-grade list
ko-nikl-28218,결정,,Deciding a goal and the method of reaching it clearly or the decided content.,noun,people > cognition,nikl-2024-mirror,https://huggingface.co/datasets/binjang/NIKL-korean-english-dictionary/resolve/3b4cfd2126debfd5440cade3ef6c2a3c20cf7cf9/2024_01.csv#record=28218,NIKL source band: beginner; project heuristic TOPIK 2: beginner expansion/category or uncategorized entry; not an official per-grade list
ko-nikl-28261,결혼,,A man and woman become legally a married couple.,noun,daily life > family events,nikl-2024-mirror,https://huggingface.co/datasets/binjang/NIKL-korean-english-dictionary/resolve/3b4cfd2126debfd5440cade3ef6c2a3c20cf7cf9/2024_01.csv#record=28261,NIKL source band: beginner; project heuristic TOPIK 2: beginner expansion/category or uncategorized entry; not an official per-grade list
ko-nikl-28266,결혼식,,A ceremony announcing the legal matrimony of a man and woman of legal age.,noun,daily life > family events,nikl-2024-mirror,https://huggingface.co/datasets/binjang/NIKL-korean-english-dictionary/resolve/3b4cfd2126debfd5440cade3ef6c2a3c20cf7cf9/2024_01.csv#record=28266,NIKL source band: beginner; project heuristic TOPIK 2: beginner expansion/category or uncategorized entry; not an official per-grade list
ko-nikl-28345,경기,,Sports or skill-based competitions.,noun,daily life > leisure activities,nikl-2024-mirror,https://huggingface.co/datasets/binjang/NIKL-korean-english-dictionary/resolve/3b4cfd2126debfd5440cade3ef6c2a3c20cf7cf9/2024_01.csv#record=28345,NIKL source band: beginner; project heuristic TOPIK 2: beginner expansion/category or uncategorized entry; not an official per-grade list
ko-nikl-28545,경찰서,,A government office responsible for the police administration of a region.,noun,social life > workplaces,nikl-2024-mirror,https://huggingface.co/datasets/binjang/NIKL-korean-english-dictionary/resolve/3b4cfd2126debfd5440cade3ef6c2a3c20cf7cf9/2024_01.csv#record=28545,NIKL source band: beginner; project heuristic TOPIK 2: beginner expansion/category or uncategorized entry; not an official per-grade list
ko-nikl-28554,경치,,A beautiful scene of nature or an area.,noun,general / source uncategorized,nikl-2024-mirror,https://huggingface.co/datasets/binjang/NIKL-korean-english-dictionary/resolve/3b4cfd2126debfd5440cade3ef6c2a3c20cf7cf9/2024_01.csv#record=28554,NIKL source band: beginner; project heuristic TOPIK 2: beginner expansion/category or uncategorized entry; not an official per-grade list
ko-nikl-28570,경험,,"Doing or going through something, or the knowledge or skills obtained in doing so.",noun,people > cognition,nikl-2024-mirror,https://huggingface.co/datasets/binjang/NIKL-korean-english-dictionary/resolve/3b4cfd2126debfd5440cade3ef6c2a3c20cf7cf9/2024_01.csv#record=28570,NIKL source band: beginner; project heuristic TOPIK 2: beginner expansion/category or uncategorized entry; not an official per-grade list
ko-nikl-28659,계산,,"The act of counting numbers or making calculations, including addition, subtraction, multiplication, division, etc. / The act of expecting or considering something in advance. / The act of paying for one's purchase or bearing the expense. / The act of calculating the profits and losses of something.",noun,economy > economic activities,nikl-2024-mirror,https://huggingface.co/datasets/binjang/NIKL-korean-english-dictionary/resolve/3b4cfd2126debfd5440cade3ef6c2a3c20cf7cf9/2024_01.csv#record=28659,NIKL source band: beginner; project heuristic TOPIK 2: beginner expansion/category or uncategorized entry; not an official per-grade list
ko-nikl-28684,계시다,,(honorific) For one's senior or superior to live somewhere. / (honorific) For one's senior or superior to be somewhere. / (honorific) For one's senior or superior to have position or status.,verb,general / source uncategorized,nikl-2024-mirror,https://huggingface.co/datasets/binjang/NIKL-korean-english-dictionary/resolve/3b4cfd2126debfd5440cade3ef6c2a3c20cf7cf9/2024_01.csv#record=28684,NIKL source band: beginner; project heuristic TOPIK 2: beginner expansion/category or uncategorized entry; not an official per-grade list
ko-nikl-28734,계획,,The act of thinking in detail about future events and make arrangements for them.,noun,people > cognition,nikl-2024-mirror,https://huggingface.co/datasets/binjang/NIKL-korean-english-dictionary/resolve/3b4cfd2126debfd5440cade3ef6c2a3c20cf7cf9/2024_01.csv#record=28734,NIKL source band: beginner; project heuristic TOPIK 2: beginner expansion/category or uncategorized entry; not an official per-grade list
ko-nikl-28902,고등학교,,A school which a middle school graduate or a person with equivalent qualifications goes to.,noun,education > educational institutions,nikl-2024-mirror,https://huggingface.co/datasets/binjang/NIKL-korean-english-dictionary/resolve/3b4cfd2126debfd5440cade3ef6c2a3c20cf7cf9/2024_01.csv#record=28902,NIKL source band: beginner; project heuristic TOPIK 2: beginner expansion/category or uncategorized entry; not an official per-grade list
ko-nikl-28958,고르다,,To pick out or single out something among several things.,verb,general / source uncategorized,nikl-2024-mirror,https://huggingface.co/datasets/binjang/NIKL-korean-english-dictionary/resolve/3b4cfd2126debfd5440cade3ef6c2a3c20cf7cf9/2024_01.csv#record=28958,NIKL source band: beginner; project heuristic TOPIK 2: beginner expansion/category or uncategorized entry; not an official per-grade list
ko-nikl-29051,고민,,A state of being agonized and bothered due to a worry on your mind.,noun,people > cognition,nikl-2024-mirror,https://huggingface.co/datasets/binjang/NIKL-korean-english-dictionary/resolve/3b4cfd2126debfd5440cade3ef6c2a3c20cf7cf9/2024_01.csv#record=29051,NIKL source band: beginner; project heuristic TOPIK 2: beginner expansion/category or uncategorized entry; not an official per-grade list
ko-nikl-29196,고양이,,A small animal which can see well in the dark and catches mice well and which is also raised as a pet.,noun,plants and animals > animals,nikl-2024-mirror,https://huggingface.co/datasets/binjang/NIKL-korean-english-dictionary/resolve/3b4cfd2126debfd5440cade3ef6c2a3c20cf7cf9/2024_01.csv#record=29196,NIKL source band: beginner; project heuristic TOPIK 2: beginner expansion/category or uncategorized entry; not an official per-grade list
ko-nikl-29263,고장,,"A machine, device, etc., not operating normally because it is broken. / (slang) One's body becoming sick or suffering from a disorder.",noun,general / source uncategorized,nikl-2024-mirror,https://huggingface.co/datasets/binjang/NIKL-korean-english-dictionary/resolve/3b4cfd2126debfd5440cade3ef6c2a3c20cf7cf9/2024_01.csv#record=29263,NIKL source band: beginner; project heuristic TOPIK 2: beginner expansion/category or uncategorized entry; not an official per-grade list
ko-nikl-29357,고추장,,A unique Korean condiment of dark red color which is made mainly from powdered red pepper.,noun,general / source uncategorized,nikl-2024-mirror,https://huggingface.co/datasets/binjang/NIKL-korean-english-dictionary/resolve/3b4cfd2126debfd5440cade3ef6c2a3c20cf7cf9/2024_01.csv#record=29357,NIKL source band: beginner; project heuristic TOPIK 2: beginner expansion/category or uncategorized entry; not an official per-grade list
ko-nikl-29368,고치다,,To fix something broken so that it can be used again. / To cure a disease. / To put something right. / To make something different from its previous state or form. / To make one's situation or circumstances better.,verb,daily life > medical treatment,nikl-2024-mirror,https://huggingface.co/datasets/binjang/NIKL-korean-english-dictionary/resolve/3b4cfd2126debfd5440cade3ef6c2a3c20cf7cf9/2024_01.csv#record=29368,NIKL source band: beginner; project heuristic TOPIK 2: beginner expansion/category or uncategorized entry; not an official per-grade list
ko-nikl-29376,고프다,,Wanting to eat food due to an empty stomach.,descriptive verb,people > senses,nikl-2024-mirror,https://huggingface.co/datasets/binjang/NIKL-korean-english-dictionary/resolve/3b4cfd2126debfd5440cade3ef6c2a3c20cf7cf9/2024_01.csv#record=29376,NIKL source band: beginner; project heuristic TOPIK 2: beginner expansion/category or uncategorized entry; not an official per-grade list
ko-nikl-29394,고향,,A place where one was born and grew up. / An unforgettable place that one misses and feels attached to. / A place where a certain thing or social phenomenon begins or occurs for the first time.,noun,concepts > regions,nikl-2024-mirror,https://huggingface.co/datasets/binjang/NIKL-korean-english-dictionary/resolve/3b4cfd2126debfd5440cade3ef6c2a3c20cf7cf9/2024_01.csv#record=29394,NIKL source band: beginner; project heuristic TOPIK 2: beginner expansion/category or uncategorized entry; not an official per-grade list
ko-nikl-29610,곳,,A certain spot or location. / An abstract spot or location. / The unit for counting the number of places or spots.,noun,concepts > regions,nikl-2024-mirror,https://huggingface.co/datasets/binjang/NIKL-korean-english-dictionary/resolve/3b4cfd2126debfd5440cade3ef6c2a3c20cf7cf9/2024_01.csv#record=29610,NIKL source band: beginner; project heuristic TOPIK 2: beginner expansion/category or uncategorized entry; not an official per-grade list
ko-nikl-29766,공무원,,A person who is in charge of work related to the government or a local public body.,noun,politics and administration > political and administrative actors,nikl-2024-mirror,https://huggingface.co/datasets/binjang/NIKL-korean-english-dictionary/resolve/3b4cfd2126debfd5440cade3ef6c2a3c20cf7cf9/2024_01.csv#record=29766,NIKL source band: beginner; project heuristic TOPIK 2: beginner expansion/category or uncategorized entry; not an official per-grade list
ko-nikl-29789,공부,,The act of gaining knowledge by learning studies or techniques.,noun,education > teaching and learning,nikl-2024-mirror,https://huggingface.co/datasets/binjang/NIKL-korean-english-dictionary/resolve/3b4cfd2126debfd5440cade3ef6c2a3c20cf7cf9/2024_01.csv#record=29789,NIKL source band: beginner; project heuristic TOPIK 2: beginner expansion/category or uncategorized entry; not an official per-grade list
ko-nikl-29913,공원,,"A large place with grass, trees and flowers where people can play and rest.",noun,daily life > leisure facilities,nikl-2024-mirror,https://huggingface.co/datasets/binjang/NIKL-korean-english-dictionary/resolve/3b4cfd2126debfd5440cade3ef6c2a3c20cf7cf9/2024_01.csv#record=29913,NIKL source band: beginner; project heuristic TOPIK 2: beginner expansion/category or uncategorized entry; not an official per-grade list
ko-nikl-29945,공장,,A place where products are manufactured by processing raw materials and other materials.,noun,economy > commercial places,nikl-2024-mirror,https://huggingface.co/datasets/binjang/NIKL-korean-english-dictionary/resolve/3b4cfd2126debfd5440cade3ef6c2a3c20cf7cf9/2024_01.csv#record=29945,NIKL source band: beginner; project heuristic TOPIK 2: beginner expansion/category or uncategorized entry; not an official per-grade list
ko-nikl-29998,공짜,,"Something gained for free, in exchange for no power, effort, or money.",noun,economy > economic activities,nikl-2024-mirror,https://huggingface.co/datasets/binjang/NIKL-korean-english-dictionary/resolve/3b4cfd2126debfd5440cade3ef6c2a3c20cf7cf9/2024_01.csv#record=29998,NIKL source band: beginner; project heuristic TOPIK 2: beginner expansion/category or uncategorized entry; not an official per-grade list
ko-nikl-30248,관계,,"A state in which two or more people, things, phenomena, etc., become interrelated; or such a relation. / A state of being related to a certain field or area; or such a field or area. / The act of meddling or being interested in something; or such an interference or interest. / (euphemism) A man and a woman having sexual intercourse. / Because of something; for a certain reason.",noun,social life > social activities,nikl-2024-mirror,https://huggingface.co/datasets/binjang/NIKL-korean-english-dictionary/resolve/3b4cfd2126debfd5440cade3ef6c2a3c20cf7cf9/2024_01.csv#record=30248,NIKL source band: beginner; project heuristic TOPIK 2: beginner expansion/category or uncategorized entry; not an official per-grade list
ko-nikl-30257,관광,,"The act of going to a place to see or observe its scenery, environment, customs, etc.",noun,daily life > leisure activities,nikl-2024-mirror,https://huggingface.co/datasets/binjang/NIKL-korean-english-dictionary/resolve/3b4cfd2126debfd5440cade3ef6c2a3c20cf7cf9/2024_01.csv#record=30257,NIKL source band: beginner; project heuristic TOPIK 2: beginner expansion/category or uncategorized entry; not an official per-grade list
ko-nikl-30258,관광객,,A person who goes on a tour.,noun,people > types of people,nikl-2024-mirror,https://huggingface.co/datasets/binjang/NIKL-korean-english-dictionary/resolve/3b4cfd2126debfd5440cade3ef6c2a3c20cf7cf9/2024_01.csv#record=30258,NIKL source band: beginner; project heuristic TOPIK 2: beginner expansion/category or uncategorized entry; not an official per-grade list
ko-nikl-30266,관광지,,"A place worthy of traveling to due to its great scenery, historical sites, hot springs, etc.",noun,daily life > leisure facilities,nikl-2024-mirror,https://huggingface.co/datasets/binjang/NIKL-korean-english-dictionary/resolve/3b4cfd2126debfd5440cade3ef6c2a3c20cf7cf9/2024_01.csv#record=30266,NIKL source band: beginner; project heuristic TOPIK 2: beginner expansion/category or uncategorized entry; not an official per-grade list
ko-nikl-30354,관심,,A feeling of attraction towards or positive thoughts about something.,noun,people > emotions,nikl-2024-mirror,https://huggingface.co/datasets/binjang/NIKL-korean-english-dictionary/resolve/3b4cfd2126debfd5440cade3ef6c2a3c20cf7cf9/2024_01.csv#record=30354,NIKL source band: beginner; project heuristic TOPIK 2: beginner expansion/category or uncategorized entry; not an official per-grade list
ko-nikl-30447,광고,,"The act of promoting something to people. / The act of making certain information widely known through a television or newspaper, etc.",noun,social life > telecommunications,nikl-2024-mirror,https://huggingface.co/datasets/binjang/NIKL-korean-english-dictionary/resolve/3b4cfd2126debfd5440cade3ef6c2a3c20cf7cf9/2024_01.csv#record=30447,NIKL source band: beginner; project heuristic TOPIK 2: beginner expansion/category or uncategorized entry; not an official per-grade list
ko-nikl-30517,광주,,"The largest city in the southwestern region of Korea, located in the center of Jeollanam-do, or South Jeolla Province; its main industry is the service industry and it also has developed machine and metalworking industries.",noun,concepts > regions,nikl-2024-mirror,https://huggingface.co/datasets/binjang/NIKL-korean-english-dictionary/resolve/3b4cfd2126debfd5440cade3ef6c2a3c20cf7cf9/2024_01.csv#record=30517,NIKL source band: beginner; project heuristic TOPIK 2: beginner expansion/category or uncategorized entry; not an official per-grade list
ko-nikl-30700,교육,,"The act of teaching knowledge, culture, techniques, etc., in order to enhance one's ability.",noun,education > teaching and learning,nikl-2024-mirror,https://huggingface.co/datasets/binjang/NIKL-korean-english-dictionary/resolve/3b4cfd2126debfd5440cade3ef6c2a3c20cf7cf9/2024_01.csv#record=30700,NIKL source band: beginner; project heuristic TOPIK 2: beginner expansion/category or uncategorized entry; not an official per-grade list
ko-nikl-30779,교통비,,The money paid to use transportation modes.,noun,economy > financial instruments,nikl-2024-mirror,https://huggingface.co/datasets/binjang/NIKL-korean-english-dictionary/resolve/3b4cfd2126debfd5440cade3ef6c2a3c20cf7cf9/2024_01.csv#record=30779,NIKL source band: beginner; project heuristic TOPIK 2: beginner expansion/category or uncategorized entry; not an official per-grade list
ko-nikl-30809,교환,,An act of changing something for something else. / An act of giving and receiving.,noun,economy > economic activities,nikl-2024-mirror,https://huggingface.co/datasets/binjang/NIKL-korean-english-dictionary/resolve/3b4cfd2126debfd5440cade3ef6c2a3c20cf7cf9/2024_01.csv#record=30809,NIKL source band: beginner; project heuristic TOPIK 2: beginner expansion/category or uncategorized entry; not an official per-grade list
ko-nikl-30815,교회,,"A community of believers of Jesus Christ, or a place where they gather for religious activities.",noun,religion > religious venues,nikl-2024-mirror,https://huggingface.co/datasets/binjang/NIKL-korean-english-dictionary/resolve/3b4cfd2126debfd5440cade3ef6c2a3c20cf7cf9/2024_01.csv#record=30815,NIKL source band: beginner; project heuristic TOPIK 2: beginner expansion/category or uncategorized entry; not an official per-grade list
ko-nikl-30842,구경,,An act of watching something or someone with curiosity or interest. / Something provoking interest or attention. / An act of watching or experiencing.,noun,daily life > leisure activities,nikl-2024-mirror,https://huggingface.co/datasets/binjang/NIKL-korean-english-dictionary/resolve/3b4cfd2126debfd5440cade3ef6c2a3c20cf7cf9/2024_01.csv#record=30842,NIKL source band: beginner; project heuristic TOPIK 2: beginner expansion/category or uncategorized entry; not an official per-grade list
ko-nikl-31245,국내,,Area within a country.,noun,concepts > regions,nikl-2024-mirror,https://huggingface.co/datasets/binjang/NIKL-korean-english-dictionary/resolve/3b4cfd2126debfd5440cade3ef6c2a3c20cf7cf9/2024_01.csv#record=31245,NIKL source band: beginner; project heuristic TOPIK 2: beginner expansion/category or uncategorized entry; not an official per-grade list
ko-nikl-31349,국적,,A status which qualifies someone to come under the official jurisdiction of a country. / A country to which a plane or vessel belongs. / A thing that shows a country's characteristics such as culture or tradition.,noun,general / source uncategorized,nikl-2024-mirror,https://huggingface.co/datasets/binjang/NIKL-korean-english-dictionary/resolve/3b4cfd2126debfd5440cade3ef6c2a3c20cf7cf9/2024_01.csv#record=31349,NIKL source band: beginner; project heuristic TOPIK 2: beginner expansion/category or uncategorized entry; not an official per-grade list
ko-nikl-31354,국제,,A state in which several countries are interrelated or do something together.,noun,general / source uncategorized,nikl-2024-mirror,https://huggingface.co/datasets/binjang/NIKL-korean-english-dictionary/resolve/3b4cfd2126debfd5440cade3ef6c2a3c20cf7cf9/2024_01.csv#record=31354,NIKL source band: beginner; project heuristic TOPIK 2: beginner expansion/category or uncategorized entry; not an official per-grade list
ko-nikl-31486,군인,,"A person belonging to the military, who is trained to handle weapons and is given missions.",noun,politics and administration > judicial and policing actors,nikl-2024-mirror,https://huggingface.co/datasets/binjang/NIKL-korean-english-dictionary/resolve/3b4cfd2126debfd5440cade3ef6c2a3c20cf7cf9/2024_01.csv#record=31486,NIKL source band: beginner; project heuristic TOPIK 2: beginner expansion/category or uncategorized entry; not an official per-grade list
ko-nikl-31564,굵다,,"An object being long in circumference or wide in width. / A chestnut, jujube, egg, etc., being larger than the average. / A water drop, rain drop, etc., being large in volume. / The strokes of letters being clearer and bigger. / The scope of thinking, behavior, etc., being wide and broad. / The reverberation of a sound being strong and at low decibels. / A fabric being coarse and rough because it has been made of thick threads. / Loosely woven and having wide holes.",descriptive verb,concepts > shape,nikl-2024-mirror,https://huggingface.co/datasets/binjang/NIKL-korean-english-dictionary/resolve/3b4cfd2126debfd5440cade3ef6c2a3c20cf7cf9/2024_01.csv#record=31564,NIKL source band: beginner; project heuristic TOPIK 2: beginner expansion/category or uncategorized entry; not an official per-grade list
ko-nikl-31615,궁금하다,,Having a strong desire to know about something. / Feeling heavyhearted worrying about something.,descriptive verb,people > cognition,nikl-2024-mirror,https://huggingface.co/datasets/binjang/NIKL-korean-english-dictionary/resolve/3b4cfd2126debfd5440cade3ef6c2a3c20cf7cf9/2024_01.csv#record=31615,NIKL source band: beginner; project heuristic TOPIK 2: beginner expansion/category or uncategorized entry; not an official per-grade list
ko-nikl-31797,귀여워하다,,To treat a younger person or animal with affection.,verb,people > emotions,nikl-2024-mirror,https://huggingface.co/datasets/binjang/NIKL-korean-english-dictionary/resolve/3b4cfd2126debfd5440cade3ef6c2a3c20cf7cf9/2024_01.csv#record=31797,NIKL source band: beginner; project heuristic TOPIK 2: beginner expansion/category or uncategorized entry; not an official per-grade list
ko-nikl-31802,귀엽다,,Pretty and adorable.,descriptive verb,people > emotions,nikl-2024-mirror,https://huggingface.co/datasets/binjang/NIKL-korean-english-dictionary/resolve/3b4cfd2126debfd5440cade3ef6c2a3c20cf7cf9/2024_01.csv#record=31802,NIKL source band: beginner; project heuristic TOPIK 2: beginner expansion/category or uncategorized entry; not an official per-grade list
ko-nikl-31818,귀찮다,,Disliking and feeling tired of doing something.,descriptive verb,people > emotions,nikl-2024-mirror,https://huggingface.co/datasets/binjang/NIKL-korean-english-dictionary/resolve/3b4cfd2126debfd5440cade3ef6c2a3c20cf7cf9/2024_01.csv#record=31818,NIKL source band: beginner; project heuristic TOPIK 2: beginner expansion/category or uncategorized entry; not an official per-grade list
ko-nikl-31901,규칙,,A law enacted so that many people will follow it. / An order or law occurring regularly in a certain kind of work or phenomenon.,noun,social life > social activities,nikl-2024-mirror,https://huggingface.co/datasets/binjang/NIKL-korean-english-dictionary/resolve/3b4cfd2126debfd5440cade3ef6c2a3c20cf7cf9/2024_01.csv#record=31901,NIKL source band: beginner; project heuristic TOPIK 2: beginner expansion/category or uncategorized entry; not an official per-grade list
ko-nikl-31958,그냥,,In the manner of leaving something as it is. / Continuously in such a state. / With no strings attached. / Without any intention or special meaning.,adverb,general / source uncategorized,nikl-2024-mirror,https://huggingface.co/datasets/binjang/NIKL-korean-english-dictionary/resolve/3b4cfd2126debfd5440cade3ef6c2a3c20cf7cf9/2024_01.csv#record=31958,NIKL source band: beginner; project heuristic TOPIK 2: beginner expansion/category or uncategorized entry; not an official per-grade list
ko-nikl-31972,그대로,,Exactly as the original shape or state. / In the same way as that.,adverb,concepts > shape,nikl-2024-mirror,https://huggingface.co/datasets/binjang/NIKL-korean-english-dictionary/resolve/3b4cfd2126debfd5440cade3ef6c2a3c20cf7cf9/2024_01.csv#record=31972,NIKL source band: beginner; project heuristic TOPIK 2: beginner expansion/category or uncategorized entry; not an official per-grade list
ko-nikl-31998,그러나,,A word used to indicate that a statement is the opposite of the following statement.,adverb,concepts > connectives,nikl-2024-mirror,https://huggingface.co/datasets/binjang/NIKL-korean-english-dictionary/resolve/3b4cfd2126debfd5440cade3ef6c2a3c20cf7cf9/2024_01.csv#record=31998,NIKL source band: beginner; project heuristic TOPIK 2: beginner expansion/category or uncategorized entry; not an official per-grade list
ko-nikl-32013,그러므로,,"An adverb used when the preceding statement is the reason for, grounds for, or condition of the following statement.",adverb,concepts > connectives,nikl-2024-mirror,https://huggingface.co/datasets/binjang/NIKL-korean-english-dictionary/resolve/3b4cfd2126debfd5440cade3ef6c2a3c20cf7cf9/2024_01.csv#record=32013,NIKL source band: beginner; project heuristic TOPIK 2: beginner expansion/category or uncategorized entry; not an official per-grade list
ko-nikl-32026,그런데,,A word used to change the direction of a story while relating it to the preceding statement. / A word used to say something opposed to the preceding statement. / A word used to begin a conversation without a special meaning.,adverb,concepts > connectives,nikl-2024-mirror,https://huggingface.co/datasets/binjang/NIKL-korean-english-dictionary/resolve/3b4cfd2126debfd5440cade3ef6c2a3c20cf7cf9/2024_01.csv#record=32026,NIKL source band: beginner; project heuristic TOPIK 2: beginner expansion/category or uncategorized entry; not an official per-grade list
ko-nikl-32032,그럼,,A word used when the following statement is conditional upon the preceding one. / A word used when accepting the preceding statement or making a new suggestion based on it.,adverb,general / source uncategorized,nikl-2024-mirror,https://huggingface.co/datasets/binjang/NIKL-korean-english-dictionary/resolve/3b4cfd2126debfd5440cade3ef6c2a3c20cf7cf9/2024_01.csv#record=32032,NIKL source band: beginner; project heuristic TOPIK 2: beginner expansion/category or uncategorized entry; not an official per-grade list
ko-nikl-32060,그릇,,A utensil that holds food. / (figurative) The ability or qualification to do something; or a person who has such an ability or qualification. / The unit for counting the number of dishes that contain food.,noun,food > cooking tools,nikl-2024-mirror,https://huggingface.co/datasets/binjang/NIKL-korean-english-dictionary/resolve/3b4cfd2126debfd5440cade3ef6c2a3c20cf7cf9/2024_01.csv#record=32060,NIKL source band: beginner; project heuristic TOPIK 2: beginner expansion/category or uncategorized entry; not an official per-grade list
ko-nikl-32067,그리다,,"To express an object in lines or colors by using a pencil, brush, etc. / To express a thought, feeling, phenomenon, etc., in a writing, music, etc. / To show a shape resembling a certain figure. / To imagine or bring something to mind.",verb,daily life > leisure activities,nikl-2024-mirror,https://huggingface.co/datasets/binjang/NIKL-korean-english-dictionary/resolve/3b4cfd2126debfd5440cade3ef6c2a3c20cf7cf9/2024_01.csv#record=32067,NIKL source band: beginner; project heuristic TOPIK 2: beginner expansion/category or uncategorized entry; not an official per-grade list
ko-nikl-32079,그림,,"Shapes, images, etc., that are expressed on a flat surface with lines or colors. / (figurative) A very beautiful scene or view.",noun,culture > visual arts,nikl-2024-mirror,https://huggingface.co/datasets/binjang/NIKL-korean-english-dictionary/resolve/3b4cfd2126debfd5440cade3ef6c2a3c20cf7cf9/2024_01.csv#record=32079,NIKL source band: beginner; project heuristic TOPIK 2: beginner expansion/category or uncategorized entry; not an official per-grade list
ko-nikl-32092,그립다,,Wanting to see and meet someone very much. / Feeling the lack of something because one needs it desperately or does not have it.,descriptive verb,people > emotions,nikl-2024-mirror,https://huggingface.co/datasets/binjang/NIKL-korean-english-dictionary/resolve/3b4cfd2126debfd5440cade3ef6c2a3c20cf7cf9/2024_01.csv#record=32092,NIKL source band: beginner; project heuristic TOPIK 2: beginner expansion/category or uncategorized entry; not an official per-grade list
ko-nikl-32094,그만,,To just that much and no more. / Right away without delay. / Leaving a state that way. / While one is not aware. / With no other method to try.,adverb,general / source uncategorized,nikl-2024-mirror,https://huggingface.co/datasets/binjang/NIKL-korean-english-dictionary/resolve/3b4cfd2126debfd5440cade3ef6c2a3c20cf7cf9/2024_01.csv#record=32094,NIKL source band: beginner; project heuristic TOPIK 2: beginner expansion/category or uncategorized entry; not an official per-grade list
ko-nikl-32097,그만두다,,To stop and to not do what one has been doing. / To not do what one has to do or plans to do in the future.,verb,general / source uncategorized,nikl-2024-mirror,https://huggingface.co/datasets/binjang/NIKL-korean-english-dictionary/resolve/3b4cfd2126debfd5440cade3ef6c2a3c20cf7cf9/2024_01.csv#record=32097,NIKL source band: beginner; project heuristic TOPIK 2: beginner expansion/category or uncategorized entry; not an official per-grade list
ko-nikl-32219,극장,,"A place equipped with a stage or screen, for performing plays, music, dance, etc., or showing movies.",noun,culture > cultural venues,nikl-2024-mirror,https://huggingface.co/datasets/binjang/NIKL-korean-english-dictionary/resolve/3b4cfd2126debfd5440cade3ef6c2a3c20cf7cf9/2024_01.csv#record=32219,NIKL source band: beginner; project heuristic TOPIK 2: beginner expansion/category or uncategorized entry; not an official per-grade list
ko-nikl-32340,글,,A state of expressing one's thoughts or affairs in words. / (figurative) Learning and knowledge. / A symbol designed to indicate the sound or meaning of words; or a system of such symbols.,noun,social life > speech acts,nikl-2024-mirror,https://huggingface.co/datasets/binjang/NIKL-korean-english-dictionary/resolve/3b4cfd2126debfd5440cade3ef6c2a3c20cf7cf9/2024_01.csv#record=32340,NIKL source band: beginner; project heuristic TOPIK 2: beginner expansion/category or uncategorized entry; not an official per-grade list
ko-nikl-32366,글씨,,The form in which characters are written. / Symbols used for writing words; the characters. / A system or act of writing characters.,noun,social life > communication tools,nikl-2024-mirror,https://huggingface.co/datasets/binjang/NIKL-korean-english-dictionary/resolve/3b4cfd2126debfd5440cade3ef6c2a3c20cf7cf9/2024_01.csv#record=32366,NIKL source band: beginner; project heuristic TOPIK 2: beginner expansion/category or uncategorized entry; not an official per-grade list
ko-nikl-32368,글자,,A sign used to write down a spoken word.,noun,social life > communication tools,nikl-2024-mirror,https://huggingface.co/datasets/binjang/NIKL-korean-english-dictionary/resolve/3b4cfd2126debfd5440cade3ef6c2a3c20cf7cf9/2024_01.csv#record=32368,NIKL source band: beginner; project heuristic TOPIK 2: beginner expansion/category or uncategorized entry; not an official per-grade list
ko-nikl-32499,금지,,A ban on a certain activity by law or rule.,noun,general / source uncategorized,nikl-2024-mirror,https://huggingface.co/datasets/binjang/NIKL-korean-english-dictionary/resolve/3b4cfd2126debfd5440cade3ef6c2a3c20cf7cf9/2024_01.csv#record=32499,NIKL source band: beginner; project heuristic TOPIK 2: beginner expansion/category or uncategorized entry; not an official per-grade list
ko-nikl-32804,기르다,,"To give food or nutrients and protect animals and plants to make them grow. / To raise a child. / To teach a person. / To make a physical or mental ability stronger and bigger. / To make a habit, etc., accustomed to the body. / To make one's hair, mustache, etc., grow long. / To let a disease become worse without curing it sooner.",verb,daily life > life events,nikl-2024-mirror,https://huggingface.co/datasets/binjang/NIKL-korean-english-dictionary/resolve/3b4cfd2126debfd5440cade3ef6c2a3c20cf7cf9/2024_01.csv#record=32804,NIKL source band: beginner; project heuristic TOPIK 2: beginner expansion/category or uncategorized entry; not an official per-grade list
ko-nikl-32863,기분,,"The state of one's emotion such as displeasure, pleasure, gloom, anger, etc. / The situation or atmosphere of the surroundings.",noun,people > emotions,nikl-2024-mirror,https://huggingface.co/datasets/binjang/NIKL-korean-english-dictionary/resolve/3b4cfd2126debfd5440cade3ef6c2a3c20cf7cf9/2024_01.csv#record=32863,NIKL source band: beginner; project heuristic TOPIK 2: beginner expansion/category or uncategorized entry; not an official per-grade list
ko-nikl-32866,기뻐하다,,To be joyful and happy.,verb,people > emotions,nikl-2024-mirror,https://huggingface.co/datasets/binjang/NIKL-korean-english-dictionary/resolve/3b4cfd2126debfd5440cade3ef6c2a3c20cf7cf9/2024_01.csv#record=32866,NIKL source band: beginner; project heuristic TOPIK 2: beginner expansion/category or uncategorized entry; not an official per-grade list
ko-nikl-32867,기쁘다,,Feeling very good and in a good mood.,descriptive verb,people > emotions,nikl-2024-mirror,https://huggingface.co/datasets/binjang/NIKL-korean-english-dictionary/resolve/3b4cfd2126debfd5440cade3ef6c2a3c20cf7cf9/2024_01.csv#record=32867,NIKL source band: beginner; project heuristic TOPIK 2: beginner expansion/category or uncategorized entry; not an official per-grade list
ko-nikl-32868,기쁨,,A very good and pleasant feeling.,noun,people > emotions,nikl-2024-mirror,https://huggingface.co/datasets/binjang/NIKL-korean-english-dictionary/resolve/3b4cfd2126debfd5440cade3ef6c2a3c20cf7cf9/2024_01.csv#record=32868,NIKL source band: beginner; project heuristic TOPIK 2: beginner expansion/category or uncategorized entry; not an official per-grade list
ko-nikl-32959,기억,,"The act of not forgetting or recalling past figures, facts, knowledge or experiences.",noun,people > cognition,nikl-2024-mirror,https://huggingface.co/datasets/binjang/NIKL-korean-english-dictionary/resolve/3b4cfd2126debfd5440cade3ef6c2a3c20cf7cf9/2024_01.csv#record=32959,NIKL source band: beginner; project heuristic TOPIK 2: beginner expansion/category or uncategorized entry; not an official per-grade list
ko-nikl-32960,기억나다,,"To recall past figures, facts, knowledge or experiences in one's mind or thought.",verb,people > cognition,nikl-2024-mirror,https://huggingface.co/datasets/binjang/NIKL-korean-english-dictionary/resolve/3b4cfd2126debfd5440cade3ef6c2a3c20cf7cf9/2024_01.csv#record=32960,NIKL source band: beginner; project heuristic TOPIK 2: beginner expansion/category or uncategorized entry; not an official per-grade list
ko-nikl-33114,기침,,A sudden expulsion of air through the throat from the lungs accompanied by a rough sound. / An intentional ejection of air through the throat to clear the throat or to announce one's presence.,noun,people > physiological processes,nikl-2024-mirror,https://huggingface.co/datasets/binjang/NIKL-korean-english-dictionary/resolve/3b4cfd2126debfd5440cade3ef6c2a3c20cf7cf9/2024_01.csv#record=33114,NIKL source band: beginner; project heuristic TOPIK 2: beginner expansion/category or uncategorized entry; not an official per-grade list
ko-nikl-33118,기타,,"A musical instument that has six strings fastened to a long body, which is flat front and back and slender in the center, and is played by plucking the strings with one's fingers.",noun,daily life > leisure equipment,nikl-2024-mirror,https://huggingface.co/datasets/binjang/NIKL-korean-english-dictionary/resolve/3b4cfd2126debfd5440cade3ef6c2a3c20cf7cf9/2024_01.csv#record=33118,NIKL source band: beginner; project heuristic TOPIK 2: beginner expansion/category or uncategorized entry; not an official per-grade list
ko-nikl-33201,긴장,,The act of being alert without being able to relax. / A situation or atmosphere in which two parties are not comfortable in their relationship and are likely to have fight. / A state in which muscles or nerves continue to contract or get excited.,noun,people > emotions,nikl-2024-mirror,https://huggingface.co/datasets/binjang/NIKL-korean-english-dictionary/resolve/3b4cfd2126debfd5440cade3ef6c2a3c20cf7cf9/2024_01.csv#record=33201,NIKL source band: beginner; project heuristic TOPIK 2: beginner expansion/category or uncategorized entry; not an official per-grade list
ko-nikl-33258,길이,,The distance from one end of something to the other end. / The duration from a certain point of time to another. / The number of pages in a book or writing. / The direction from the top toward the bottom.,noun,concepts > shape,nikl-2024-mirror,https://huggingface.co/datasets/binjang/NIKL-korean-english-dictionary/resolve/3b4cfd2126debfd5440cade3ef6c2a3c20cf7cf9/2024_01.csv#record=33258,NIKL source band: beginner; project heuristic TOPIK 2: beginner expansion/category or uncategorized entry; not an official per-grade list
ko-nikl-33312,깊다,,"Having a very long distance from top to bottom or from outside to inside. / One's thinking being careful, not indiscreet. / The level or degree of something being high. / Having a long time passing. / Darkness, fog, etc. being dense and heavy.",descriptive verb,concepts > shape,nikl-2024-mirror,https://huggingface.co/datasets/binjang/NIKL-korean-english-dictionary/resolve/3b4cfd2126debfd5440cade3ef6c2a3c20cf7cf9/2024_01.csv#record=33312,NIKL source band: beginner; project heuristic TOPIK 2: beginner expansion/category or uncategorized entry; not an official per-grade list
ko-nikl-33317,깊이,,"In the state of the length from top to bottom, or from outside to inside being long. / In the manner of thinking carefully, not carelessly. / At a high level or to an excessive degree.",adverb,general / source uncategorized,nikl-2024-mirror,https://huggingface.co/datasets/binjang/NIKL-korean-english-dictionary/resolve/3b4cfd2126debfd5440cade3ef6c2a3c20cf7cf9/2024_01.csv#record=33317,NIKL source band: beginner; project heuristic TOPIK 2: beginner expansion/category or uncategorized entry; not an official per-grade list
ko-nikl-33415,깎다,,"To remove the surface of something or the skin of a fruit, etc., with a tool such as a knife. / To make grass, hair, etc. short by cutting it. / To make something in some shape by cutting or trimming a hard material. / To decrease the price, amount, degree, etc. of something. / To damage someone's reputation or good name.",verb,economy > economic activities,nikl-2024-mirror,https://huggingface.co/datasets/binjang/NIKL-korean-english-dictionary/resolve/3b4cfd2126debfd5440cade3ef6c2a3c20cf7cf9/2024_01.csv#record=33415,NIKL source band: beginner; project heuristic TOPIK 2: beginner expansion/category or uncategorized entry; not an official per-grade list
ko-nikl-33477,깜짝,,In the manner of being surprised suddenly.,adverb,general / source uncategorized,nikl-2024-mirror,https://huggingface.co/datasets/binjang/NIKL-korean-english-dictionary/resolve/3b4cfd2126debfd5440cade3ef6c2a3c20cf7cf9/2024_01.csv#record=33477,NIKL source band: beginner; project heuristic TOPIK 2: beginner expansion/category or uncategorized entry; not an official per-grade list
ko-nikl-33516,깨끗이,,"Not dirtily. / In the state of a color being clear, not vague. / In the state of being in good shape. / In the state of tasting refreshing or feeling fine. / Without leaving behind any leftovers or traces. / Without clinging to something pathetically or without regrets or complaints. / Without any lingering symptoms or side effects after sickness or hardships. / In the manner of one's mind or behavior being honorable, clear, and right. / In the state of one's mind or facial expression being pure, neither fierce nor violent.",adverb,general / source uncategorized,nikl-2024-mirror,https://huggingface.co/datasets/binjang/NIKL-korean-english-dictionary/resolve/3b4cfd2126debfd5440cade3ef6c2a3c20cf7cf9/2024_01.csv#record=33516,NIKL source band: beginner; project heuristic TOPIK 2: beginner expansion/category or uncategorized entry; not an official per-grade list
ko-nikl-33554,꺼내다,,To take out an object that is inside. / To begin to speak out innermost thoughts.,verb,people > physical actions,nikl-2024-mirror,https://huggingface.co/datasets/binjang/NIKL-korean-english-dictionary/resolve/3b4cfd2126debfd5440cade3ef6c2a3c20cf7cf9/2024_01.csv#record=33554,NIKL source band: beginner; project heuristic TOPIK 2: beginner expansion/category or uncategorized entry; not an official per-grade list
ko-nikl-33715,꼭,,By all means under any circumstances. / Exactly without any difference. / Very well. / In a very satisfactory manner. / In a very similar way.,adverb,general / source uncategorized,nikl-2024-mirror,https://huggingface.co/datasets/binjang/NIKL-korean-english-dictionary/resolve/3b4cfd2126debfd5440cade3ef6c2a3c20cf7cf9/2024_01.csv#record=33715,NIKL source band: beginner; project heuristic TOPIK 2: beginner expansion/category or uncategorized entry; not an official per-grade list
ko-nikl-33777,꽃,,"That part at the end of a plant stem that has a unique shape, color and fragrance or a plant that produces such a thing. / (figurative) A pretty, popular woman. / (figurative) A state in which something prospers the most. / (figurative) The most important part or role of an event. / (figurative) Roundish red swellings on the skin, caused by a fever.",noun,plants and animals > plant parts,nikl-2024-mirror,https://huggingface.co/datasets/binjang/NIKL-korean-english-dictionary/resolve/3b4cfd2126debfd5440cade3ef6c2a3c20cf7cf9/2024_01.csv#record=33777,NIKL source band: beginner; project heuristic TOPIK 2: beginner expansion/category or uncategorized entry; not an official per-grade list
ko-nikl-33787,꽃다발,,Flowers tied up in a bundle.,noun,general / source uncategorized,nikl-2024-mirror,https://huggingface.co/datasets/binjang/NIKL-korean-english-dictionary/resolve/3b4cfd2126debfd5440cade3ef6c2a3c20cf7cf9/2024_01.csv#record=33787,NIKL source band: beginner; project heuristic TOPIK 2: beginner expansion/category or uncategorized entry; not an official per-grade list
ko-nikl-33819,꽃집,,A shop selling flowers and other plants.,noun,economy > commercial places,nikl-2024-mirror,https://huggingface.co/datasets/binjang/NIKL-korean-english-dictionary/resolve/3b4cfd2126debfd5440cade3ef6c2a3c20cf7cf9/2024_01.csv#record=33819,NIKL source band: beginner; project heuristic TOPIK 2: beginner expansion/category or uncategorized entry; not an official per-grade list
ko-nikl-34017,끊다,,"To cut a connected object such as a string, thread, cord, etc., and separate it. / To stop a relationship from continuing. / To stop doing or thinking about something that one has been doing or thinking about continuously. / To stop doing something that one has been doing habitually. / To cut off the supply of electricity, water, etc. / To stop the delivery of newspaper, milk, etc. / To block a path to prevent a person or goods from coming and going. / To stop talking temporarily; to make another person stop talking temporarily. / To stop talking or reading temporarily in between words. / To buy a ticket, some cloth, etc. / To issue a check, promissory note, document, etc. / To stop a life from continuing. / To stop exchanging words or thoughts through the telephone or Internet. / To complete a transaction or calculation. / To pay and sign up for an academy, etc. / To make a record in a game that usually competes for time or speed. / To stop an emotion, interest, etc., from continuing.",verb,social life > telecommunications,nikl-2024-mirror,https://huggingface.co/datasets/binjang/NIKL-korean-english-dictionary/resolve/3b4cfd2126debfd5440cade3ef6c2a3c20cf7cf9/2024_01.csv#record=34017,NIKL source band: beginner; project heuristic TOPIK 2: beginner expansion/category or uncategorized entry; not an official per-grade list
ko-nikl-34064,끝,,The end of a lapse of time. / The last place in a space. / The end of a long object or body. / The last part in work or order. / The result of a certain task or act.,noun,concepts > sequence,nikl-2024-mirror,https://huggingface.co/datasets/binjang/NIKL-korean-english-dictionary/resolve/3b4cfd2126debfd5440cade3ef6c2a3c20cf7cf9/2024_01.csv#record=34064,NIKL source band: beginner; project heuristic TOPIK 2: beginner expansion/category or uncategorized entry; not an official per-grade list
ko-nikl-34071,끝내다,,To complete something until the end. / To spend all of a set period. / To cut off a relationship.,verb,general / source uncategorized,nikl-2024-mirror,https://huggingface.co/datasets/binjang/NIKL-korean-english-dictionary/resolve/3b4cfd2126debfd5440cade3ef6c2a3c20cf7cf9/2024_01.csv#record=34071,NIKL source band: beginner; project heuristic TOPIK 2: beginner expansion/category or uncategorized entry; not an official per-grade list
ko-nikl-34156,나누다,,"To divide something that was one into two or more parts or pieces. / To classify or group a mixture of many things according to a certain standard. / To divide in math. / To give each share separately. / To share or divide food. / To exchange words, conversations, greetings, etc. / To share emotion such as happiness, joy, pain, distress, etc. / To do something such as shake hands, kiss, etc., together. / To be related by blood.",verb,social life > social activities,nikl-2024-mirror,https://huggingface.co/datasets/binjang/NIKL-korean-english-dictionary/resolve/3b4cfd2126debfd5440cade3ef6c2a3c20cf7cf9/2024_01.csv#record=34156,NIKL source band: beginner; project heuristic TOPIK 2: beginner expansion/category or uncategorized entry; not an official per-grade list
ko-nikl-34162,나다,,"To rise above the skin or ground. / For a path, window, etc., to be made. / For a hole, wound, etc., to be made. / For a mark or trace to be made on the surface. / To appear in a newspaper, magazine, etc. / For a natural disaster such as an earthquake, flood, etc., to happen. / For a phenomenon or event to happen. / For farm products, minerals, etc., to be produced. / For a great person to be produced. / For a name, rumor, etc., to become known. / For an exam question, etc., to be set. / To feel a certain emotion or sensation. / For a wanted object to appear or for a wanted position to open up. / To get some money, objects, etc., that one did not have. / For a person to be born. / For a sound, smell, etc., to be revealed enough to be recognized. / For smoke, steam, etc., to rise up into the air. / For sweat, blood, tears, etc., to flow on the body. / To become a certain age. / To develop a phenomenon or disease in one's body. / For a thought, memory, etc., to come up. / To have some time or opportunity to do something. / To acquire style or grace. / For the effect, result, etc., of something to be produced. / To become a finished state. / For the properties of heat, color, speed, etc., to be exposed. / To taste a flavor. / For the sun, etc., to come out. / For a person's character, ability, or looks to be very great. / To come or go outside. / To pass a season or period. / To be scolded.",verb,general / source uncategorized,nikl-2024-mirror,https://huggingface.co/datasets/binjang/NIKL-korean-english-dictionary/resolve/3b4cfd2126debfd5440cade3ef6c2a3c20cf7cf9/2024_01.csv#record=34162,NIKL source band: beginner; project heuristic TOPIK 2: beginner expansion/category or uncategorized entry; not an official per-grade list
ko-nikl-34196,나머지,,The portion left over after something has been filled. / The part of a certain task that has not been finished. / The outcome of something. / The number left when one number is divided by another.,noun,concepts > quantity,nikl-2024-mirror,https://huggingface.co/datasets/binjang/NIKL-korean-english-dictionary/resolve/3b4cfd2126debfd5440cade3ef6c2a3c20cf7cf9/2024_01.csv#record=34196,NIKL source band: beginner; project heuristic TOPIK 2: beginner expansion/category or uncategorized entry; not an official per-grade list
ko-nikl-34198,나무,,"A plant with a hard stem, branches and leaves. / The material used to build a house or to make furniture. / The trunk or branches of a tree cut to be used as firewood.",noun,plants and animals > plants,nikl-2024-mirror,https://huggingface.co/datasets/binjang/NIKL-korean-english-dictionary/resolve/3b4cfd2126debfd5440cade3ef6c2a3c20cf7cf9/2024_01.csv#record=34198,NIKL source band: beginner; project heuristic TOPIK 2: beginner expansion/category or uncategorized entry; not an official per-grade list
ko-nikl-34291,나중,,The moment after a certain time passes. / The moment after a thing is done before another. / The very last of a certain order or time.,noun,concepts > sequence,nikl-2024-mirror,https://huggingface.co/datasets/binjang/NIKL-korean-english-dictionary/resolve/3b4cfd2126debfd5440cade3ef6c2a3c20cf7cf9/2024_01.csv#record=34291,NIKL source band: beginner; project heuristic TOPIK 2: beginner expansion/category or uncategorized entry; not an official per-grade list
ko-nikl-34298,나타나다,,"For a certain, invisible object to show up. / For a sign of something imminent to occur or the outcome of a certain action, to be observable. / For one's thoughts, feelings, etc., to be shown through a writing, painting, music, etc. / For one's thoughts or emotions to be shown through one's facial expressions, actions, etc. / For a new phenomenon or object to appear or come into being.",verb,general / source uncategorized,nikl-2024-mirror,https://huggingface.co/datasets/binjang/NIKL-korean-english-dictionary/resolve/3b4cfd2126debfd5440cade3ef6c2a3c20cf7cf9/2024_01.csv#record=34298,NIKL source band: beginner; project heuristic TOPIK 2: beginner expansion/category or uncategorized entry; not an official per-grade list
ko-nikl-34403,낚시,,"A small implement with a pointed end, which is used to catch fish. / A set of tools used to catch fish. / The act of catching fish, using the tools for this purpose. / (figurative) The means of catching someone's attention.",noun,daily life > leisure activities,nikl-2024-mirror,https://huggingface.co/datasets/binjang/NIKL-korean-english-dictionary/resolve/3b4cfd2126debfd5440cade3ef6c2a3c20cf7cf9/2024_01.csv#record=34403,NIKL source band: beginner; project heuristic TOPIK 2: beginner expansion/category or uncategorized entry; not an official per-grade list
ko-nikl-34531,날다,,To move from one location to another in the air. / For an object to move very fast. / (slang) Run away very quickly.,verb,plants and animals > plant and animal activities,nikl-2024-mirror,https://huggingface.co/datasets/binjang/NIKL-korean-english-dictionary/resolve/3b4cfd2126debfd5440cade3ef6c2a3c20cf7cf9/2024_01.csv#record=34531,NIKL source band: beginner; project heuristic TOPIK 2: beginner expansion/category or uncategorized entry; not an official per-grade list
ko-nikl-34560,날씬하다,,"A person's body being attractively slim and tall. / Sleek, thin, and long.",descriptive verb,people > appearance,nikl-2024-mirror,https://huggingface.co/datasets/binjang/NIKL-korean-english-dictionary/resolve/3b4cfd2126debfd5440cade3ef6c2a3c20cf7cf9/2024_01.csv#record=34560,NIKL source band: beginner; project heuristic TOPIK 2: beginner expansion/category or uncategorized entry; not an official per-grade list
ko-nikl-34584,남,,A person other than me. / A person who has no relationship or has broken a relationship with me.,noun,social life > interpersonal relationships,nikl-2024-mirror,https://huggingface.co/datasets/binjang/NIKL-korean-english-dictionary/resolve/3b4cfd2126debfd5440cade3ef6c2a3c20cf7cf9/2024_01.csv#record=34584,NIKL source band: beginner; project heuristic TOPIK 2: beginner expansion/category or uncategorized entry; not an official per-grade list
ko-nikl-34604,남기다,,"To leave part of something without using it up. / To cause profits to be made. / To make something or someone remain where he/she or it was without leaving. / To cause something not to be forgotten, or to be handed down until later. / To hand down one's property, etc., to posterity. / To cause one's feelings or memory to last without disappearing. / To cause something to occur as a result of a certain affair or phenomenon. / To fail to fill up a certain amount of time or reach a certain distance.",verb,concepts > quantity,nikl-2024-mirror,https://huggingface.co/datasets/binjang/NIKL-korean-english-dictionary/resolve/3b4cfd2126debfd5440cade3ef6c2a3c20cf7cf9/2024_01.csv#record=34604,NIKL source band: beginner; project heuristic TOPIK 2: beginner expansion/category or uncategorized entry; not an official per-grade list
ko-nikl-34607,남녀,,A man and a woman.,noun,people > types of people,nikl-2024-mirror,https://huggingface.co/datasets/binjang/NIKL-korean-english-dictionary/resolve/3b4cfd2126debfd5440cade3ef6c2a3c20cf7cf9/2024_01.csv#record=34607,NIKL source band: beginner; project heuristic TOPIK 2: beginner expansion/category or uncategorized entry; not an official per-grade list
ko-nikl-34613,남다,,For part of something to remain without being used up. / For profits to occur. / For the remainder to occur in doing the division. / To remain where one was without leaving. / To not be forgotten. / To hand down something until later. / For a certain state to come to occur as a result of a certain situation. / To go beyond limit.,verb,concepts > quantity,nikl-2024-mirror,https://huggingface.co/datasets/binjang/NIKL-korean-english-dictionary/resolve/3b4cfd2126debfd5440cade3ef6c2a3c20cf7cf9/2024_01.csv#record=34613,NIKL source band: beginner; project heuristic TOPIK 2: beginner expansion/category or uncategorized entry; not an official per-grade list
ko-nikl-34617,남대문,,"One of the four gates in the castle walls that used to encircle the capital city of the Joseon Dynasty, located in the south, officially named &quot;Sungnyemun Gate&quot;.",noun,concepts > regions,nikl-2024-mirror,https://huggingface.co/datasets/binjang/NIKL-korean-english-dictionary/resolve/3b4cfd2126debfd5440cade3ef6c2a3c20cf7cf9/2024_01.csv#record=34617,NIKL source band: beginner; project heuristic TOPIK 2: beginner expansion/category or uncategorized entry; not an official per-grade list
ko-nikl-34648,남산,,The mountain located between Jung-gu and Yongsan-gu of Seoul.,noun,concepts > regions,nikl-2024-mirror,https://huggingface.co/datasets/binjang/NIKL-korean-english-dictionary/resolve/3b4cfd2126debfd5440cade3ef6c2a3c20cf7cf9/2024_01.csv#record=34648,NIKL source band: beginner; project heuristic TOPIK 2: beginner expansion/category or uncategorized entry; not an official per-grade list
ko-nikl-34655,남성,,"The gender that cannot give birth, or a fully-grown person of such a gender. / One of the terms used to distinguish the gender of words in Western languages.",noun,people > types of people,nikl-2024-mirror,https://huggingface.co/datasets/binjang/NIKL-korean-english-dictionary/resolve/3b4cfd2126debfd5440cade3ef6c2a3c20cf7cf9/2024_01.csv#record=34655,NIKL source band: beginner; project heuristic TOPIK 2: beginner expansion/category or uncategorized entry; not an official per-grade list
ko-nikl-34672,남자,,"A person who was born as a male. / A man who is strong, reliable, and manly. / A woman's husband or boyfriend.",noun,people > types of people,nikl-2024-mirror,https://huggingface.co/datasets/binjang/NIKL-korean-english-dictionary/resolve/3b4cfd2126debfd5440cade3ef6c2a3c20cf7cf9/2024_01.csv#record=34672,NIKL source band: beginner; project heuristic TOPIK 2: beginner expansion/category or uncategorized entry; not an official per-grade list
ko-nikl-34749,낫다,,Something being better than another thing.,descriptive verb,concepts > degree,nikl-2024-mirror,https://huggingface.co/datasets/binjang/NIKL-korean-english-dictionary/resolve/3b4cfd2126debfd5440cade3ef6c2a3c20cf7cf9/2024_01.csv#record=34749,NIKL source band: beginner; project heuristic TOPIK 2: beginner expansion/category or uncategorized entry; not an official per-grade list
ko-nikl-34748,낫다,,To get back to normal after one's illness or injury has healed.,verb,daily life > illness and symptoms,nikl-2024-mirror,https://huggingface.co/datasets/binjang/NIKL-korean-english-dictionary/resolve/3b4cfd2126debfd5440cade3ef6c2a3c20cf7cf9/2024_01.csv#record=34748,NIKL source band: beginner; project heuristic TOPIK 2: beginner expansion/category or uncategorized entry; not an official per-grade list
ko-nikl-34840,내과,,"A field of medical science that treats diseases of internal organs usually with medicine, or the department of the hospital that is in charge of the field.",noun,daily life > health facilities,nikl-2024-mirror,https://huggingface.co/datasets/binjang/NIKL-korean-english-dictionary/resolve/3b4cfd2126debfd5440cade3ef6c2a3c20cf7cf9/2024_01.csv#record=34840,NIKL source band: beginner; project heuristic TOPIK 2: beginner expansion/category or uncategorized entry; not an official per-grade list
ko-nikl-34855,내다,,"To make a road, passage, window, etc. / To make a hole, wound, etc. / To publish a certain content in a newspaper, magazine, etc. / To build a new household, etc. / To open a new store, etc. / To take manure, etc., to a rice paddy or field. / To transplant rice or young plants. / To submit a piece of artwork to a competition, etc. / To move something from inside to outside. / To recommend a candidate in an election. / To make a name, rumor, etc., be known widely. / To make test questions, etc. / To evoke a certain feeling or emotion. / To submit or send a document, paper, letter, etc. / To display grains, food, etc., for sale. / To serve food or a drink to a visitor. / To give or offer money, goods, etc. / To cause a certain phenomenon or incident to happen. / To nurture a talented individual and send him/her out to the world. / To let out a sound, smell, etc. / To create the time or opportunity to do a certain thing. / To create a stylish or refined look. / To cause the effect or result of something to appear. / To print a publication and release it to the public. / To take a day off from work or take a vacation. / To grade a test or an assignment. / To imitate someone's appearance or behavior. / To make someone sweat or bleed. / To show the properties of heat, light, speed, etc. / To give something taste. / To gain money.",verb,general / source uncategorized,nikl-2024-mirror,https://huggingface.co/datasets/binjang/NIKL-korean-english-dictionary/resolve/3b4cfd2126debfd5440cade3ef6c2a3c20cf7cf9/2024_01.csv#record=34855,NIKL source band: beginner; project heuristic TOPIK 2: beginner expansion/category or uncategorized entry; not an official per-grade list
ko-nikl-34873,내려가다,,"To move from up to down. / To move from a city or central area to a rural area. / To move from the north to the south. / To move a level or grade from up to down. / To descend from or be a descendant of, and continue to exist in the future. / For food to be digested. / For a value, statistical number, temperature, price, etc., to be lowered. / For a musical note to go down. / To walk down from a high place to a lower place. / To carry something from a high place to a lower place.",verb,economy > economic conditions,nikl-2024-mirror,https://huggingface.co/datasets/binjang/NIKL-korean-english-dictionary/resolve/3b4cfd2126debfd5440cade3ef6c2a3c20cf7cf9/2024_01.csv#record=34873,NIKL source band: beginner; project heuristic TOPIK 2: beginner expansion/category or uncategorized entry; not an official per-grade list
ko-nikl-34882,내려오다,,"To come from a high place to a lower place, or from up to down. / To come to a rural area from a large city such as Seoul. / To be transferred to a lower position from a high position. / To move from the north to the south. / For a plan, news, order, etc., to be passed along by a superior so that a subordinate is notified of it. / To approach a certain set point. / To be handed down from the past up until now. / To walk down from a high place to a lower place. / To carry something from a high place to a lower place.",verb,people > physical actions,nikl-2024-mirror,https://huggingface.co/datasets/binjang/NIKL-korean-english-dictionary/resolve/3b4cfd2126debfd5440cade3ef6c2a3c20cf7cf9/2024_01.csv#record=34882,NIKL source band: beginner; project heuristic TOPIK 2: beginner expansion/category or uncategorized entry; not an official per-grade list
ko-nikl-35004,내용,,"What is contained in a bowl, box, etc. / Details or circumstances that constitute the content of an object or task. / The story of speech, writing, picture, movie, etc., or what such things try to convey.",noun,general / source uncategorized,nikl-2024-mirror,https://huggingface.co/datasets/binjang/NIKL-korean-english-dictionary/resolve/3b4cfd2126debfd5440cade3ef6c2a3c20cf7cf9/2024_01.csv#record=35004,NIKL source band: beginner; project heuristic TOPIK 2: beginner expansion/category or uncategorized entry; not an official per-grade list
ko-nikl-35078,냄비,,"A container, smaller than a caldron. which has a lid and two handles and is used in the kitchen to cook food.",noun,food > cooking tools,nikl-2024-mirror,https://huggingface.co/datasets/binjang/NIKL-korean-english-dictionary/resolve/3b4cfd2126debfd5440cade3ef6c2a3c20cf7cf9/2024_01.csv#record=35078,NIKL source band: beginner; project heuristic TOPIK 2: beginner expansion/category or uncategorized entry; not an official per-grade list
ko-nikl-35079,냄새,,The trait of something the nose can sense. / The atmosphere felt about an object or phenomenon.,noun,people > senses,nikl-2024-mirror,https://huggingface.co/datasets/binjang/NIKL-korean-english-dictionary/resolve/3b4cfd2126debfd5440cade3ef6c2a3c20cf7cf9/2024_01.csv#record=35079,NIKL source band: beginner; project heuristic TOPIK 2: beginner expansion/category or uncategorized entry; not an official per-grade list
ko-nikl-35297,넓다,,"The size of the surface, floor, etc., being large. / The width of something being long. / A person's thinking or mind being generous and magnanimous. / The content or range of something extending far.",descriptive verb,concepts > shape,nikl-2024-mirror,https://huggingface.co/datasets/binjang/NIKL-korean-english-dictionary/resolve/3b4cfd2126debfd5440cade3ef6c2a3c20cf7cf9/2024_01.csv#record=35297,NIKL source band: beginner; project heuristic TOPIK 2: beginner expansion/category or uncategorized entry; not an official per-grade list
ko-nikl-35323,넘어지다,,For a standing person or object to lose balance and fall down. / To go bankrupt or fail in achieving something.,verb,people > physical actions,nikl-2024-mirror,https://huggingface.co/datasets/binjang/NIKL-korean-english-dictionary/resolve/3b4cfd2126debfd5440cade3ef6c2a3c20cf7cf9/2024_01.csv#record=35323,NIKL source band: beginner; project heuristic TOPIK 2: beginner expansion/category or uncategorized entry; not an official per-grade list
ko-nikl-35340,넣다,,"To cause to go into a certain space. / To add or mix with another thing. / To place something within a certain range. / To insert or add something to create a certain effect. / To cause to belong to a certain group or organization. / To operate a machine, etc., by supplying power. / To deposit money at a bank. / To draw or print patterns, letters, etc., into a certain space. / To make another person interfere in something. / To submit a document to apply for something. / To put one's energy into making a certain movement. / To affect another person to achieve one's goal. / To light a device or facility for heating or cooking, etc. / To deliver newspaper, milk, etc., on a regular basis. / To plant a seed in the soil.",verb,people > physical actions,nikl-2024-mirror,https://huggingface.co/datasets/binjang/NIKL-korean-english-dictionary/resolve/3b4cfd2126debfd5440cade3ef6c2a3c20cf7cf9/2024_01.csv#record=35340,NIKL source band: beginner; project heuristic TOPIK 2: beginner expansion/category or uncategorized entry; not an official per-grade list
ko-nikl-35375,넷째,,Being in fourth place.,determiner,concepts > sequence,nikl-2024-mirror,https://huggingface.co/datasets/binjang/NIKL-korean-english-dictionary/resolve/3b4cfd2126debfd5440cade3ef6c2a3c20cf7cf9/2024_01.csv#record=35375,NIKL source band: beginner; project heuristic TOPIK 2: beginner expansion/category or uncategorized entry; not an official per-grade list
ko-nikl-35373,넷째,,The state of totaling four when counted from the start.,noun,concepts > sequence,nikl-2024-mirror,https://huggingface.co/datasets/binjang/NIKL-korean-english-dictionary/resolve/3b4cfd2126debfd5440cade3ef6c2a3c20cf7cf9/2024_01.csv#record=35373,NIKL source band: beginner; project heuristic TOPIK 2: beginner expansion/category or uncategorized entry; not an official per-grade list
ko-nikl-35427,노래방,,A place furnished with a karaoke machine so that people can sing to lyrics.,noun,daily life > leisure facilities,nikl-2024-mirror,https://huggingface.co/datasets/binjang/NIKL-korean-english-dictionary/resolve/3b4cfd2126debfd5440cade3ef6c2a3c20cf7cf9/2024_01.csv#record=35427,NIKL source band: beginner; project heuristic TOPIK 2: beginner expansion/category or uncategorized entry; not an official per-grade list
ko-nikl-35438,노력,,Making an effort and working hard to achieve something.,noun,general / source uncategorized,nikl-2024-mirror,https://huggingface.co/datasets/binjang/NIKL-korean-english-dictionary/resolve/3b4cfd2126debfd5440cade3ef6c2a3c20cf7cf9/2024_01.csv#record=35438,NIKL source band: beginner; project heuristic TOPIK 2: beginner expansion/category or uncategorized entry; not an official per-grade list
ko-nikl-35526,노인,,A person who is old.,noun,people > types of people,nikl-2024-mirror,https://huggingface.co/datasets/binjang/NIKL-korean-english-dictionary/resolve/3b4cfd2126debfd5440cade3ef6c2a3c20cf7cf9/2024_01.csv#record=35526,NIKL source band: beginner; project heuristic TOPIK 2: beginner expansion/category or uncategorized entry; not an official per-grade list
ko-nikl-35674,놀라다,,"To become tense or feel one's heart pounding as one faces an unexpected incident or is scared. / To be very moved while watching something superior or amazing. / To feel absurd or struck dumb about something. / For a certain part of the body to respond intensely, unlike the way it does in its ordinary state.",verb,people > emotions,nikl-2024-mirror,https://huggingface.co/datasets/binjang/NIKL-korean-english-dictionary/resolve/3b4cfd2126debfd5440cade3ef6c2a3c20cf7cf9/2024_01.csv#record=35674,NIKL source band: beginner; project heuristic TOPIK 2: beginner expansion/category or uncategorized entry; not an official per-grade list
ko-nikl-35689,놀이,,"The act of enjoying something or playing for fun. / A traditional Korean entertainment or performance played by a number of people according to a certain rule, on a festive day or special occasion. / The act of playing a game according to a certain rule or method. / The word meaning 'acting in jest' or 'mimicking' something.",noun,daily life > leisure equipment,nikl-2024-mirror,https://huggingface.co/datasets/binjang/NIKL-korean-english-dictionary/resolve/3b4cfd2126debfd5440cade3ef6c2a3c20cf7cf9/2024_01.csv#record=35689,NIKL source band: beginner; project heuristic TOPIK 2: beginner expansion/category or uncategorized entry; not an official per-grade list
ko-nikl-35716,농구,,"A sport played by two teams of five players each, in which the winner is the team putting more balls into the other team's basket.",noun,daily life > leisure activities,nikl-2024-mirror,https://huggingface.co/datasets/binjang/NIKL-korean-english-dictionary/resolve/3b4cfd2126debfd5440cade3ef6c2a3c20cf7cf9/2024_01.csv#record=35716,NIKL source band: beginner; project heuristic TOPIK 2: beginner expansion/category or uncategorized entry; not an official per-grade list
ko-nikl-35725,농담,,A remark intended to make fun of someone or to make people laugh.,noun,social life > speech acts,nikl-2024-mirror,https://huggingface.co/datasets/binjang/NIKL-korean-english-dictionary/resolve/3b4cfd2126debfd5440cade3ef6c2a3c20cf7cf9/2024_01.csv#record=35725,NIKL source band: beginner; project heuristic TOPIK 2: beginner expansion/category or uncategorized entry; not an official per-grade list
ko-nikl-15288,높이,,"High, in an upward direction. / In the state of the temperature, humidity, pressure, etc., being higher than normal. / In the state of the quality, level, ability, or value being higher than the average. / In the state of a price or rate being higher that the average. / In the state of someone's status or position being higher than the average. / In the staten of a sound being at a high pitch. / In the state of someone's name or fame being widely known. / In the state of the force of someone or something being great and powerful. / In the state of an opinion being more predominant than the others. / In the state of one's dream or ideal being grand and ambitious.",adverb,concepts > shape,nikl-2024-mirror,https://huggingface.co/datasets/binjang/NIKL-korean-english-dictionary/resolve/3b4cfd2126debfd5440cade3ef6c2a3c20cf7cf9/2024_01.csv#record=15288,NIKL source band: beginner; project heuristic TOPIK 2: beginner expansion/category or uncategorized entry; not an official per-grade list
ko-nikl-15287,높이,,The degree of height.,noun,concepts > shape,nikl-2024-mirror,https://huggingface.co/datasets/binjang/NIKL-korean-english-dictionary/resolve/3b4cfd2126debfd5440cade3ef6c2a3c20cf7cf9/2024_01.csv#record=15287,NIKL source band: beginner; project heuristic TOPIK 2: beginner expansion/category or uncategorized entry; not an official per-grade list
ko-nikl-15299,놓다,,"To let something that one is either holding in one's hand or pushing be released by opening or relaxing one's hand. / To quit doing something that one has been doing continuously. / To forget or discard one's worries, anxiety, etc. / To put money on a bet while gambling. / To have something as a subject for discussion. / To count numbers by using an abacus, sticks, etc. / To add power to go fast. / To get over an illness. / To lay down on something an object one is holding or gripping. / To install a machine, device, structure, etc., in a certain place. / To install something in a certain place to catch an animal or fish. / To carve a pattern, painting, letters, etc. / To set or make fire. / To fill the inside of clothes, covers, a cushion, etc., with cotton, down, etc. / To put something into a dish to complete the dish. / To plant and grow something. / To add a number to another number. / To send a person, animal, etc., for a certain purpose. / To give an injection or apply acupuncture for treatment. / To do a certain act toward someone. / To lend someone a house, money, rice, etc., for money or at interest. / To offer the price of something. / To put on a playing board a go stone or piece in Korean chess, janggi, or the game of go. / To fire a gun or cannon. / To let someone know about something through a letter, etc. / To use low forms of speech, not talking in an honorific way. / To operate a machine and have it be in the state that one wants.",verb,people > physical actions,nikl-2024-mirror,https://huggingface.co/datasets/binjang/NIKL-korean-english-dictionary/resolve/3b4cfd2126debfd5440cade3ef6c2a3c20cf7cf9/2024_01.csv#record=15299,NIKL source band: beginner; project heuristic TOPIK 2: beginner expansion/category or uncategorized entry; not an official per-grade list
ko-nikl-15364,누르다,,"To apply one's weight to the whole or a part of an object by applying force from top to bottom. / To control someone so that he/she cannot behave freely. / To suppress one's feeling or thought, not revealing it. / To defeat the opposite party in a competition, game, etc. / To produce noodle from a noodle-making machine. / To stay continuously.",verb,people > physical actions,nikl-2024-mirror,https://huggingface.co/datasets/binjang/NIKL-korean-english-dictionary/resolve/3b4cfd2126debfd5440cade3ef6c2a3c20cf7cf9/2024_01.csv#record=15364,NIKL source band: beginner; project heuristic TOPIK 2: beginner expansion/category or uncategorized entry; not an official per-grade list
ko-nikl-15553,눈물,,Clear liquid running from the eyes of a person or animal.,noun,people > physiological processes,nikl-2024-mirror,https://huggingface.co/datasets/binjang/NIKL-korean-english-dictionary/resolve/3b4cfd2126debfd5440cade3ef6c2a3c20cf7cf9/2024_01.csv#record=15553,NIKL source band: beginner; project heuristic TOPIK 2: beginner expansion/category or uncategorized entry; not an official per-grade list
ko-nikl-15659,뉴스,,A broadcast program that delivers new reports. / New information unveiled for the first time.,noun,social life > media,nikl-2024-mirror,https://huggingface.co/datasets/binjang/NIKL-korean-english-dictionary/resolve/3b4cfd2126debfd5440cade3ef6c2a3c20cf7cf9/2024_01.csv#record=15659,NIKL source band: beginner; project heuristic TOPIK 2: beginner expansion/category or uncategorized entry; not an official per-grade list
ko-nikl-15670,느끼다,,"To perceive a certain stimulus through a sensory organ such as the nose, skin, etc. / To experience a certain emotion in one's mind. / To know a certain truth by realizing it in one's mind. / To think about or perceive a certain subject or situation in a certain way. / To experience something in person and understand it.",verb,people > emotions,nikl-2024-mirror,https://huggingface.co/datasets/binjang/NIKL-korean-english-dictionary/resolve/3b4cfd2126debfd5440cade3ef6c2a3c20cf7cf9/2024_01.csv#record=15670,NIKL source band: beginner; project heuristic TOPIK 2: beginner expansion/category or uncategorized entry; not an official per-grade list
ko-nikl-15672,느낌,,"A sense, mood, emotion, etc. felt in one's body and mind.",noun,people > emotions,nikl-2024-mirror,https://huggingface.co/datasets/binjang/NIKL-korean-english-dictionary/resolve/3b4cfd2126debfd5440cade3ef6c2a3c20cf7cf9/2024_01.csv#record=15672,NIKL source band: beginner; project heuristic TOPIK 2: beginner expansion/category or uncategorized entry; not an official per-grade list
ko-nikl-15900,늘,,"Invariably, all the time. / Frequently, in ordinary times.",adverb,concepts > frequency,nikl-2024-mirror,https://huggingface.co/datasets/binjang/NIKL-korean-english-dictionary/resolve/3b4cfd2126debfd5440cade3ef6c2a3c20cf7cf9/2024_01.csv#record=15900,NIKL source band: beginner; project heuristic TOPIK 2: beginner expansion/category or uncategorized entry; not an official per-grade list
ko-nikl-15902,늘다,,"For the length, area, volume, etc., of something to become longer or bigger than before. / For numbers, quantities, etc., to become greater than before. / For power, energy, force, etc., to become stronger than before. / To become better at something as one's talent, ability, etc., improves. / For one's fortune to improve. / For time or a period to become longer.",verb,concepts > quantity,nikl-2024-mirror,https://huggingface.co/datasets/binjang/NIKL-korean-english-dictionary/resolve/3b4cfd2126debfd5440cade3ef6c2a3c20cf7cf9/2024_01.csv#record=15902,NIKL source band: beginner; project heuristic TOPIK 2: beginner expansion/category or uncategorized entry; not an official per-grade list
ko-nikl-15914,늙다,,"To become very old. / For one's stamina, etc., to become weak after attaining its peak. / For a plant to become overly ripe. / To look older than one's real age. / To miss the right time to do a certain thing.",verb,people > physical changes,nikl-2024-mirror,https://huggingface.co/datasets/binjang/NIKL-korean-english-dictionary/resolve/3b4cfd2126debfd5440cade3ef6c2a3c20cf7cf9/2024_01.csv#record=15914,NIKL source band: beginner; project heuristic TOPIK 2: beginner expansion/category or uncategorized entry; not an official per-grade list
ko-nikl-15937,능력,,The ability to do something.,noun,people > abilities,nikl-2024-mirror,https://huggingface.co/datasets/binjang/NIKL-korean-english-dictionary/resolve/3b4cfd2126debfd5440cade3ef6c2a3c20cf7cf9/2024_01.csv#record=15937,NIKL source band: beginner; project heuristic TOPIK 2: beginner expansion/category or uncategorized entry; not an official per-grade list
ko-nikl-16126,다르다,,Not the same as each other. / Not the same as ordinary things or people; of special qualities.,descriptive verb,concepts > shape,nikl-2024-mirror,https://huggingface.co/datasets/binjang/NIKL-korean-english-dictionary/resolve/3b4cfd2126debfd5440cade3ef6c2a3c20cf7cf9/2024_01.csv#record=16126,NIKL source band: beginner; project heuristic TOPIK 2: beginner expansion/category or uncategorized entry; not an official per-grade list
ko-nikl-16129,다른,,Other than the one concerned.,determiner,general / source uncategorized,nikl-2024-mirror,https://huggingface.co/datasets/binjang/NIKL-korean-english-dictionary/resolve/3b4cfd2126debfd5440cade3ef6c2a3c20cf7cf9/2024_01.csv#record=16129,NIKL source band: beginner; project heuristic TOPIK 2: beginner expansion/category or uncategorized entry; not an official per-grade list
ko-nikl-16190,다섯째,,Constituting number five in a series.,determiner,concepts > sequence,nikl-2024-mirror,https://huggingface.co/datasets/binjang/NIKL-korean-english-dictionary/resolve/3b4cfd2126debfd5440cade3ef6c2a3c20cf7cf9/2024_01.csv#record=16190,NIKL source band: beginner; project heuristic TOPIK 2: beginner expansion/category or uncategorized entry; not an official per-grade list
ko-nikl-16188,다섯째,,Totaling five when counted from the start.,noun,concepts > sequence,nikl-2024-mirror,https://huggingface.co/datasets/binjang/NIKL-korean-english-dictionary/resolve/3b4cfd2126debfd5440cade3ef6c2a3c20cf7cf9/2024_01.csv#record=16188,NIKL source band: beginner; project heuristic TOPIK 2: beginner expansion/category or uncategorized entry; not an official per-grade list
ko-nikl-16238,다음,,"Something that comes right after another in a sequence of time, place, turn, etc. / The thing that comes right after this time or turn in sequence. / Something nearest to another in a series of things queued up. / The time after a thing is finished. / A state in which a certain time has passed since something happened. / A thing or person right below another in ranking. / A word used to emphasize that a certain thing is not true. / A statement coming right after another in text or speech. / A subsequent result or consequence.",noun,concepts > sequence,nikl-2024-mirror,https://huggingface.co/datasets/binjang/NIKL-korean-english-dictionary/resolve/3b4cfd2126debfd5440cade3ef6c2a3c20cf7cf9/2024_01.csv#record=16238,NIKL source band: beginner; project heuristic TOPIK 2: beginner expansion/category or uncategorized entry; not an official per-grade list
ko-nikl-16279,다치다,,"To be hit or bumped into by something or someone, so that one's body or body part is injured; to make an injury. / For one's heart, reputation, or honor to be damaged; to make a damage. / To do damage to another person's property; to make a damage.",verb,daily life > illness and symptoms,nikl-2024-mirror,https://huggingface.co/datasets/binjang/NIKL-korean-english-dictionary/resolve/3b4cfd2126debfd5440cade3ef6c2a3c20cf7cf9/2024_01.csv#record=16279,NIKL source band: beginner; project heuristic TOPIK 2: beginner expansion/category or uncategorized entry; not an official per-grade list
ko-nikl-16284,다하다,,"To have used all of something, so that it does not remain, or ends without continuing. / For a phenomenon or time to be over. / For a life to come to an end. / To devote all of one's power, heart, etc., to something. / To accomplish something completely.",verb,general / source uncategorized,nikl-2024-mirror,https://huggingface.co/datasets/binjang/NIKL-korean-english-dictionary/resolve/3b4cfd2126debfd5440cade3ef6c2a3c20cf7cf9/2024_01.csv#record=16284,NIKL source band: beginner; project heuristic TOPIK 2: beginner expansion/category or uncategorized entry; not an official per-grade list
ko-nikl-16425,단순,,"A state of being simple, not complicated.",noun,general / source uncategorized,nikl-2024-mirror,https://huggingface.co/datasets/binjang/NIKL-korean-english-dictionary/resolve/3b4cfd2126debfd5440cade3ef6c2a3c20cf7cf9/2024_01.csv#record=16425,NIKL source band: beginner; project heuristic TOPIK 2: beginner expansion/category or uncategorized entry; not an official per-grade list
ko-nikl-16442,단어,,"The smallest independent unit of language, which has a certain meaning or function.",noun,social life > language,nikl-2024-mirror,https://huggingface.co/datasets/binjang/NIKL-korean-english-dictionary/resolve/3b4cfd2126debfd5440cade3ef6c2a3c20cf7cf9/2024_01.csv#record=16442,NIKL source band: beginner; project heuristic TOPIK 2: beginner expansion/category or uncategorized entry; not an official per-grade list
ko-nikl-16501,단추,,"A small, round object used to fasten the clothing. / An object on a machine that is pressed in order to operate or control it.",noun,clothing and appearance > clothing parts,nikl-2024-mirror,https://huggingface.co/datasets/binjang/NIKL-korean-english-dictionary/resolve/3b4cfd2126debfd5440cade3ef6c2a3c20cf7cf9/2024_01.csv#record=16501,NIKL source band: beginner; project heuristic TOPIK 2: beginner expansion/category or uncategorized entry; not an official per-grade list
ko-nikl-16519,단풍,,"A natural phenomenon in which leaves turn yellow or red in autumn, or such a tinged leaf. / A tree whose hand-shaped leaves turn red in autumn.",noun,daily life > leisure activities,nikl-2024-mirror,https://huggingface.co/datasets/binjang/NIKL-korean-english-dictionary/resolve/3b4cfd2126debfd5440cade3ef6c2a3c20cf7cf9/2024_01.csv#record=16519,NIKL source band: beginner; project heuristic TOPIK 2: beginner expansion/category or uncategorized entry; not an official per-grade list
ko-nikl-16570,달다,,Tasting like honey or sugar. / Delicious in a way that stimulates one's appetite and makes one want to try the dish. / Satisfactory in a way that pleases one. / Accepting something as being deserved.,descriptive verb,food > tastes,nikl-2024-mirror,https://huggingface.co/datasets/binjang/NIKL-korean-english-dictionary/resolve/3b4cfd2126debfd5440cade3ef6c2a3c20cf7cf9/2024_01.csv#record=16570,NIKL source band: beginner; project heuristic TOPIK 2: beginner expansion/category or uncategorized entry; not an official per-grade list
ko-nikl-16601,달리기,,The act of running by continuously moving two feet fast. / A race in which people compete to run a certain distance faster than others.,noun,daily life > leisure activities,nikl-2024-mirror,https://huggingface.co/datasets/binjang/NIKL-korean-english-dictionary/resolve/3b4cfd2126debfd5440cade3ef6c2a3c20cf7cf9/2024_01.csv#record=16601,NIKL source band: beginner; project heuristic TOPIK 2: beginner expansion/category or uncategorized entry; not an official per-grade list
ko-nikl-16605,달리다,,"To come or go quickly by running. / For a car, train, ship, etc. to move at a high speed. / For one's thoughts or mind to lean toward a certain subject. / To maintain a certain position in competition.",verb,people > physical actions,nikl-2024-mirror,https://huggingface.co/datasets/binjang/NIKL-korean-english-dictionary/resolve/3b4cfd2126debfd5440cade3ef6c2a3c20cf7cf9/2024_01.csv#record=16605,NIKL source band: beginner; project heuristic TOPIK 2: beginner expansion/category or uncategorized entry; not an official per-grade list
ko-nikl-16643,닭,,A big bird unable to fly that is raised on a farm since it lays eggs frequently and its meat tastes good.,noun,plants and animals > animals,nikl-2024-mirror,https://huggingface.co/datasets/binjang/NIKL-korean-english-dictionary/resolve/3b4cfd2126debfd5440cade3ef6c2a3c20cf7cf9/2024_01.csv#record=16643,NIKL source band: beginner; project heuristic TOPIK 2: beginner expansion/category or uncategorized entry; not an official per-grade list
ko-nikl-16656,닮다,,For two or more people or objects to have similar appearances or qualities. / To copy something and become similar to or the same as it.,verb,concepts > shape,nikl-2024-mirror,https://huggingface.co/datasets/binjang/NIKL-korean-english-dictionary/resolve/3b4cfd2126debfd5440cade3ef6c2a3c20cf7cf9/2024_01.csv#record=16656,NIKL source band: beginner; project heuristic TOPIK 2: beginner expansion/category or uncategorized entry; not an official per-grade list
ko-nikl-16720,답,,"The act of speaking in response to a call, or words spoken in such a manner. / The act of speaking in a way that reveals what is required by a question or problem, or words spoken in such a manner. / The act of responding to a question, letter, etc., or such a response.",noun,social life > speech acts,nikl-2024-mirror,https://huggingface.co/datasets/binjang/NIKL-korean-english-dictionary/resolve/3b4cfd2126debfd5440cade3ef6c2a3c20cf7cf9/2024_01.csv#record=16720,NIKL source band: beginner; project heuristic TOPIK 2: beginner expansion/category or uncategorized entry; not an official per-grade list
ko-nikl-16728,답답하다,,"Feeling stifled or hard to breathe. / Nervous and uncomfortable due to worry or anxiety. / Behavior or appearance looking bored and rigid, or narrow-minded. / Feeling a lack of air. / Feeling anxious because someone's attitude or situation is not uncomfortable.",descriptive verb,people > emotions,nikl-2024-mirror,https://huggingface.co/datasets/binjang/NIKL-korean-english-dictionary/resolve/3b4cfd2126debfd5440cade3ef6c2a3c20cf7cf9/2024_01.csv#record=16728,NIKL source band: beginner; project heuristic TOPIK 2: beginner expansion/category or uncategorized entry; not an official per-grade list
ko-nikl-16753,답장,,The letter sent in response to a former letter or a question.,noun,social life > communication tools,nikl-2024-mirror,https://huggingface.co/datasets/binjang/NIKL-korean-english-dictionary/resolve/3b4cfd2126debfd5440cade3ef6c2a3c20cf7cf9/2024_01.csv#record=16753,NIKL source band: beginner; project heuristic TOPIK 2: beginner expansion/category or uncategorized entry; not an official per-grade list
ko-nikl-16926,대구,,The metropolitan city located in the center of southeastern region of Korea; manufacturing flourished including the textile industry; it is a major producer of apples.,noun,concepts > regions,nikl-2024-mirror,https://huggingface.co/datasets/binjang/NIKL-korean-english-dictionary/resolve/3b4cfd2126debfd5440cade3ef6c2a3c20cf7cf9/2024_01.csv#record=16926,NIKL source band: beginner; project heuristic TOPIK 2: beginner expansion/category or uncategorized entry; not an official per-grade list
ko-nikl-16977,대답,,"The act of replying to a call, or such words. / The act of saying something about a question or demand, or such words. / A measure taken to solve or explain a certain problem or phenomenon.",noun,social life > speech acts,nikl-2024-mirror,https://huggingface.co/datasets/binjang/NIKL-korean-english-dictionary/resolve/3b4cfd2126debfd5440cade3ef6c2a3c20cf7cf9/2024_01.csv#record=16977,NIKL source band: beginner; project heuristic TOPIK 2: beginner expansion/category or uncategorized entry; not an official per-grade list
ko-nikl-17087,대부분,,In the state of largely exceeding the half and nearing the total.,adverb,concepts > quantity,nikl-2024-mirror,https://huggingface.co/datasets/binjang/NIKL-korean-english-dictionary/resolve/3b4cfd2126debfd5440cade3ef6c2a3c20cf7cf9/2024_01.csv#record=17087,NIKL source band: beginner; project heuristic TOPIK 2: beginner expansion/category or uncategorized entry; not an official per-grade list
ko-nikl-17086,대부분,,The number or quantity exceeding the half and nearing almost a total.,noun,concepts > quantity,nikl-2024-mirror,https://huggingface.co/datasets/binjang/NIKL-korean-english-dictionary/resolve/3b4cfd2126debfd5440cade3ef6c2a3c20cf7cf9/2024_01.csv#record=17086,NIKL source band: beginner; project heuristic TOPIK 2: beginner expansion/category or uncategorized entry; not an official per-grade list
ko-nikl-17100,대사관,,"The institution representing a country in a foreign land, with an ambassador as its head and who is responsible for diplomatic affairs.",noun,politics and administration > public institutions,nikl-2024-mirror,https://huggingface.co/datasets/binjang/NIKL-korean-english-dictionary/resolve/3b4cfd2126debfd5440cade3ef6c2a3c20cf7cf9/2024_01.csv#record=17100,NIKL source band: beginner; project heuristic TOPIK 2: beginner expansion/category or uncategorized entry; not an official per-grade list
ko-nikl-17230,대전,,"The metropolitan city located in the middle of Chungcheong-do, or Chungcheong Province; the gateway connecting three Provinces; Chungcheong, Jeolla, and Gyeongsang; the transport center at which the Gyeongbuseon Line and the Honamseon Line diverge.",noun,concepts > regions,nikl-2024-mirror,https://huggingface.co/datasets/binjang/NIKL-korean-english-dictionary/resolve/3b4cfd2126debfd5440cade3ef6c2a3c20cf7cf9/2024_01.csv#record=17230,NIKL source band: beginner; project heuristic TOPIK 2: beginner expansion/category or uncategorized entry; not an official per-grade list
ko-nikl-17367,대학,,"A tertiary educational institution high school graduates go to. / Within one university, a unit composed of academically related departments.",noun,education > educational institutions,nikl-2024-mirror,https://huggingface.co/datasets/binjang/NIKL-korean-english-dictionary/resolve/3b4cfd2126debfd5440cade3ef6c2a3c20cf7cf9/2024_01.csv#record=17367,NIKL source band: beginner; project heuristic TOPIK 2: beginner expansion/category or uncategorized entry; not an official per-grade list
ko-nikl-17369,대학교,,"An institution offering the last stage of school education attended by high school graduates, or the building and facilities accommodating this institution.",noun,education > educational institutions,nikl-2024-mirror,https://huggingface.co/datasets/binjang/NIKL-korean-english-dictionary/resolve/3b4cfd2126debfd5440cade3ef6c2a3c20cf7cf9/2024_01.csv#record=17369,NIKL source band: beginner; project heuristic TOPIK 2: beginner expansion/category or uncategorized entry; not an official per-grade list
ko-nikl-17374,대학원,,An institution where college graduates can learn and study further.,noun,education > educational institutions,nikl-2024-mirror,https://huggingface.co/datasets/binjang/NIKL-korean-english-dictionary/resolve/3b4cfd2126debfd5440cade3ef6c2a3c20cf7cf9/2024_01.csv#record=17374,NIKL source band: beginner; project heuristic TOPIK 2: beginner expansion/category or uncategorized entry; not an official per-grade list
ko-nikl-17402,대화,,"Talking with and facing another person, or this kind of talk.",noun,social life > speech acts,nikl-2024-mirror,https://huggingface.co/datasets/binjang/NIKL-korean-english-dictionary/resolve/3b4cfd2126debfd5440cade3ef6c2a3c20cf7cf9/2024_01.csv#record=17402,NIKL source band: beginner; project heuristic TOPIK 2: beginner expansion/category or uncategorized entry; not an official per-grade list
ko-nikl-17409,대회,,Gathering or meeting attended by a lot of people. / An event where many people compete with each other over their abilities or skills.,noun,general / source uncategorized,nikl-2024-mirror,https://huggingface.co/datasets/binjang/NIKL-korean-english-dictionary/resolve/3b4cfd2126debfd5440cade3ef6c2a3c20cf7cf9/2024_01.csv#record=17409,NIKL source band: beginner; project heuristic TOPIK 2: beginner expansion/category or uncategorized entry; not an official per-grade list
ko-nikl-17413,댁,,"(polite form) Another person's home or family. / (polite form) Another person's wife. / A term meaning one's wife, home, family, etc.",noun,general / source uncategorized,nikl-2024-mirror,https://huggingface.co/datasets/binjang/NIKL-korean-english-dictionary/resolve/3b4cfd2126debfd5440cade3ef6c2a3c20cf7cf9/2024_01.csv#record=17413,NIKL source band: beginner; project heuristic TOPIK 2: beginner expansion/category or uncategorized entry; not an official per-grade list
ko-nikl-17500,더럽다,,"Dirty or filthy due to dirt or residue. / A person's conduct or mind being bad and wicked. / A person's remark or behavior being thought to be very offensive and shameless. / Difficult or complicated, not smooth. / The degree of something being excessive or severe.",descriptive verb,housing > housing conditions,nikl-2024-mirror,https://huggingface.co/datasets/binjang/NIKL-korean-english-dictionary/resolve/3b4cfd2126debfd5440cade3ef6c2a3c20cf7cf9/2024_01.csv#record=17500,NIKL source band: beginner; project heuristic TOPIK 2: beginner expansion/category or uncategorized entry; not an official per-grade list
ko-nikl-17513,더욱,,To a greater degree; more severely.,adverb,concepts > degree,nikl-2024-mirror,https://huggingface.co/datasets/binjang/NIKL-korean-english-dictionary/resolve/3b4cfd2126debfd5440cade3ef6c2a3c20cf7cf9/2024_01.csv#record=17513,NIKL source band: beginner; project heuristic TOPIK 2: beginner expansion/category or uncategorized entry; not an official per-grade list
ko-nikl-17534,덕분,,"The favor or help provided by someone, or gains from an incident.",noun,social life > social activities,nikl-2024-mirror,https://huggingface.co/datasets/binjang/NIKL-korean-english-dictionary/resolve/3b4cfd2126debfd5440cade3ef6c2a3c20cf7cf9/2024_01.csv#record=17534,NIKL source band: beginner; project heuristic TOPIK 2: beginner expansion/category or uncategorized entry; not an official per-grade list
ko-nikl-17558,던지다,,"To move one's arm and throw the object in one's hand in the air. / To fall off or throw oneself somewhere. / To do an action to another person. / To send or give a smile, words, look, etc., to someone. / To shine a light, illumination, etc. / To create a topic or influence. / To raise an issue, question, etc. / To give or offer something as if to throw it away. / To put or throw something away somewhere carelessly. / To unhesitantly offer or devote one's life, property, etc. / To give up a job, etc., midway. / To cast a vote in an election, etc.",verb,people > physical actions,nikl-2024-mirror,https://huggingface.co/datasets/binjang/NIKL-korean-english-dictionary/resolve/3b4cfd2126debfd5440cade3ef6c2a3c20cf7cf9/2024_01.csv#record=17558,NIKL source band: beginner; project heuristic TOPIK 2: beginner expansion/category or uncategorized entry; not an official per-grade list
ko-nikl-17693,데려가다,,"To make someone follow one, and thus go with him/her.",verb,social life > social activities,nikl-2024-mirror,https://huggingface.co/datasets/binjang/NIKL-korean-english-dictionary/resolve/3b4cfd2126debfd5440cade3ef6c2a3c20cf7cf9/2024_01.csv#record=17693,NIKL source band: beginner; project heuristic TOPIK 2: beginner expansion/category or uncategorized entry; not an official per-grade list
ko-nikl-17694,데려오다,,"To make someone follow one, and thus come with him/her.",verb,social life > social activities,nikl-2024-mirror,https://huggingface.co/datasets/binjang/NIKL-korean-english-dictionary/resolve/3b4cfd2126debfd5440cade3ef6c2a3c20cf7cf9/2024_01.csv#record=17694,NIKL source band: beginner; project heuristic TOPIK 2: beginner expansion/category or uncategorized entry; not an official per-grade list
ko-nikl-17714,데이트,,A meeting of a man and woman to go out.,noun,social life > social activities,nikl-2024-mirror,https://huggingface.co/datasets/binjang/NIKL-korean-english-dictionary/resolve/3b4cfd2126debfd5440cade3ef6c2a3c20cf7cf9/2024_01.csv#record=17714,NIKL source band: beginner; project heuristic TOPIK 2: beginner expansion/category or uncategorized entry; not an official per-grade list
ko-nikl-17814,도로,,A path built for cars and people to travel.,noun,general / source uncategorized,nikl-2024-mirror,https://huggingface.co/datasets/binjang/NIKL-korean-english-dictionary/resolve/3b4cfd2126debfd5440cade3ef6c2a3c20cf7cf9/2024_01.csv#record=17814,NIKL source band: beginner; project heuristic TOPIK 2: beginner expansion/category or uncategorized entry; not an official per-grade list
ko-nikl-17909,도시,,"An area where many people live and which is the center of politics, economics, and culture.",noun,concepts > regions,nikl-2024-mirror,https://huggingface.co/datasets/binjang/NIKL-korean-english-dictionary/resolve/3b4cfd2126debfd5440cade3ef6c2a3c20cf7cf9/2024_01.csv#record=17909,NIKL source band: beginner; project heuristic TOPIK 2: beginner expansion/category or uncategorized entry; not an official per-grade list
ko-nikl-17946,도움,,The act of helping another person.,noun,social life > social activities,nikl-2024-mirror,https://huggingface.co/datasets/binjang/NIKL-korean-english-dictionary/resolve/3b4cfd2126debfd5440cade3ef6c2a3c20cf7cf9/2024_01.csv#record=17946,NIKL source band: beginner; project heuristic TOPIK 2: beginner expansion/category or uncategorized entry; not an official per-grade list
ko-nikl-18079,독서,,The act of a person who reads a book.,noun,daily life > leisure activities,nikl-2024-mirror,https://huggingface.co/datasets/binjang/NIKL-korean-english-dictionary/resolve/3b4cfd2126debfd5440cade3ef6c2a3c20cf7cf9/2024_01.csv#record=18079,NIKL source band: beginner; project heuristic TOPIK 2: beginner expansion/category or uncategorized entry; not an official per-grade list
ko-nikl-18103,독일,,"A country in central Europe; it was divided into east and west after World War II, and reunified in 1990; it is a major economic power and advanced in scientific technology and the manufacturing industry; its official language is German and its capital is Berlin.",noun,concepts > regions,nikl-2024-mirror,https://huggingface.co/datasets/binjang/NIKL-korean-english-dictionary/resolve/3b4cfd2126debfd5440cade3ef6c2a3c20cf7cf9/2024_01.csv#record=18103,NIKL source band: beginner; project heuristic TOPIK 2: beginner expansion/category or uncategorized entry; not an official per-grade list
ko-nikl-18199,돌,,"A hard mass formed when dirt, sand, etc., is solidified. / A material made of stone that is used in architectural or civil construction. / A small, flat, round stone used for playing go. / (disparaging) Slow-witted or dim-witted brains; or a slow-witted or dim-witted person.",noun,nature > surface features,nikl-2024-mirror,https://huggingface.co/datasets/binjang/NIKL-korean-english-dictionary/resolve/3b4cfd2126debfd5440cade3ef6c2a3c20cf7cf9/2024_01.csv#record=18199,NIKL source band: beginner; project heuristic TOPIK 2: beginner expansion/category or uncategorized entry; not an official per-grade list
ko-nikl-18211,돌다,,"For an object to move in a circle around a point or line. / To be delivered within a certain range and in order. / For the function of a machine or organ to work properly. / For money, goods, etc., to be circulated. / To not be able to immediately recall a memory, idea, etc. / For one's eyes, head, etc., to become dizzy enough to lose one's senses. / (slang) To become insane. / For an energy or light to appear on the outside. / For tears, saliva, etc., to form. / For the effect of alcohol, medicine, etc., to spread through one's body. / For a rumor, epidemic, etc., to spread throughout an area. / To change direction. / To change one's thought or attitude. / To change one's workplace, position, etc., over and over. / To move around something in a circle. / To move around the edge of an area. / To not go by the quicker route but go around the long way. / To go through and pass by a place. / To change the direction at a street corner. / To come and go inside a certain range. / To go here and there to take care of something. / To go one by one.",verb,general / source uncategorized,nikl-2024-mirror,https://huggingface.co/datasets/binjang/NIKL-korean-english-dictionary/resolve/3b4cfd2126debfd5440cade3ef6c2a3c20cf7cf9/2024_01.csv#record=18211,NIKL source band: beginner; project heuristic TOPIK 2: beginner expansion/category or uncategorized entry; not an official per-grade list
ko-nikl-18222,돌려주다,,"To give back or pay back something borrowed, taken, or received from the owner. / To borrow or get some money, item, etc., and lend it to someone else.",verb,social life > social activities,nikl-2024-mirror,https://huggingface.co/datasets/binjang/NIKL-korean-english-dictionary/resolve/3b4cfd2126debfd5440cade3ef6c2a3c20cf7cf9/2024_01.csv#record=18222,NIKL source band: beginner; project heuristic TOPIK 2: beginner expansion/category or uncategorized entry; not an official per-grade list
ko-nikl-18224,돌리다,,"To make something move in a circle. / To make something function. / To prepare or arrange money, goods, etc. / To talk in a roundabout manner in order that the listener does not feel bad. / To move an item around something in a circle. / To make something or somebody move around the edges of a place. / To move something around within a certain range in order. / To distribute or deliver goods, etc. / To pass a responsibility or deed over to another person. / To change direction. / To change a thought or opinion. / To make someone change one's workplace, position, etc., over and over. / To postpone. / To treat or consider as something. / To change the content of a conversation to something else.",verb,people > physical actions,nikl-2024-mirror,https://huggingface.co/datasets/binjang/NIKL-korean-english-dictionary/resolve/3b4cfd2126debfd5440cade3ef6c2a3c20cf7cf9/2024_01.csv#record=18224,NIKL source band: beginner; project heuristic TOPIK 2: beginner expansion/category or uncategorized entry; not an official per-grade list
ko-nikl-18250,돌아가다,,"For an object to move in a circle around a point. / For a job or situation to reach a certain state. / For something to be delivered within a certain range and in order. / To do something in an order, one after another. / To function properly. / For money, goods, etc., to be circulated actively. / To be dizzy or giddy enough to lose one's senses. / (honorific) To die. / To go back to where one was before, or to be in such a state again. / For the result or responsibility of something to be given to an individual, group, organization, etc. / To be divided and distributed. / To finish in a certain state. / For the direction to be changed or tilted to one side. / To go the long way. / To move around a location as if to draw a circle, or to pass by a curved path. / To pace around a certain area.",verb,general / source uncategorized,nikl-2024-mirror,https://huggingface.co/datasets/binjang/NIKL-korean-english-dictionary/resolve/3b4cfd2126debfd5440cade3ef6c2a3c20cf7cf9/2024_01.csv#record=18250,NIKL source band: beginner; project heuristic TOPIK 2: beginner expansion/category or uncategorized entry; not an official per-grade list
ko-nikl-18295,돕다,,To help someone with his/her work or do something that supports him/her. / To support someone in getting out of a difficult or dangerous situation. / To improve a state or stimulate a function. / To do something together by helping and supporting one another while depending on each other.,verb,social life > social activities,nikl-2024-mirror,https://huggingface.co/datasets/binjang/NIKL-korean-english-dictionary/resolve/3b4cfd2126debfd5440cade3ef6c2a3c20cf7cf9/2024_01.csv#record=18295,NIKL source band: beginner; project heuristic TOPIK 2: beginner expansion/category or uncategorized entry; not an official per-grade list
ko-nikl-18358,동네,,An area where many houses are gathered.,noun,housing > residential areas,nikl-2024-mirror,https://huggingface.co/datasets/binjang/NIKL-korean-english-dictionary/resolve/3b4cfd2126debfd5440cade3ef6c2a3c20cf7cf9/2024_01.csv#record=18358,NIKL source band: beginner; project heuristic TOPIK 2: beginner expansion/category or uncategorized entry; not an official per-grade list
ko-nikl-18364,동대문,,"The eastern main gate located in Seoul, which was one of the four gates of the capital city in the Joseon Dynasty era; its official name is &quot;Gate of Heungin&quot;.",noun,concepts > regions,nikl-2024-mirror,https://huggingface.co/datasets/binjang/NIKL-korean-english-dictionary/resolve/3b4cfd2126debfd5440cade3ef6c2a3c20cf7cf9/2024_01.csv#record=18364,NIKL source band: beginner; project heuristic TOPIK 2: beginner expansion/category or uncategorized entry; not an official per-grade list
ko-nikl-18406,동물,,"Among two categories of living things, those that get nutrients by eating their prey and move their bodies freely. / Living things other than human, such as crawling, feathered, aquatic animals.",noun,plants and animals > animals,nikl-2024-mirror,https://huggingface.co/datasets/binjang/NIKL-korean-english-dictionary/resolve/3b4cfd2126debfd5440cade3ef6c2a3c20cf7cf9/2024_01.csv#record=18406,NIKL source band: beginner; project heuristic TOPIK 2: beginner expansion/category or uncategorized entry; not an official per-grade list
ko-nikl-18409,동물원,,A place that cages and raises all kinds of animals and allows people to look at them.,noun,daily life > leisure facilities,nikl-2024-mirror,https://huggingface.co/datasets/binjang/NIKL-korean-english-dictionary/resolve/3b4cfd2126debfd5440cade3ef6c2a3c20cf7cf9/2024_01.csv#record=18409,NIKL source band: beginner; project heuristic TOPIK 2: beginner expansion/category or uncategorized entry; not an official per-grade list
ko-nikl-18533,동전,,"Round money made of copper, etc.",noun,economy > financial instruments,nikl-2024-mirror,https://huggingface.co/datasets/binjang/NIKL-korean-english-dictionary/resolve/3b4cfd2126debfd5440cade3ef6c2a3c20cf7cf9/2024_01.csv#record=18533,NIKL source band: beginner; project heuristic TOPIK 2: beginner expansion/category or uncategorized entry; not an official per-grade list
ko-nikl-18617,돼지,,"An animal with a fat body, short legs and tail and small eyes, which is raised for meat. / (figurative) A very stupid, obtuse and greedy person. / (teasing) A fat person.",noun,plants and animals > animals,nikl-2024-mirror,https://huggingface.co/datasets/binjang/NIKL-korean-english-dictionary/resolve/3b4cfd2126debfd5440cade3ef6c2a3c20cf7cf9/2024_01.csv#record=18617,NIKL source band: beginner; project heuristic TOPIK 2: beginner expansion/category or uncategorized entry; not an official per-grade list
ko-nikl-18643,되다,,"To have a new status or position. / To change or transform into something or someone else. / To reach a certain timing or state. / To reach or get to a certain quantity. / For the quantity or charge of a certain subject to be a certain amount, or for the location to be a certain place. / To have great character and virtue as a human. / To be in a certain mental state. / To be in a certain relationship with someone. / To consist of a certain ingredient or component. / To consist of a certain shape or structure. / For a document or papers to be written under the name of a certain person or organization. / For a certain object or phenomenon to be created or made. / For something to work out well. / For a plant to grow well. / For the function or life of a certain object to come to an end. / To reach a certain situation or state. / To be decided by destiny or be stipulated by rules or procedures. / For something to have to be realized. / To be all right or no problem. / For something not to be allowed. / For something to be possible or allowed. / To be done in by someone. / To be in a state that has a special meaning.",verb,general / source uncategorized,nikl-2024-mirror,https://huggingface.co/datasets/binjang/NIKL-korean-english-dictionary/resolve/3b4cfd2126debfd5440cade3ef6c2a3c20cf7cf9/2024_01.csv#record=18643,NIKL source band: beginner; project heuristic TOPIK 2: beginner expansion/category or uncategorized entry; not an official per-grade list
ko-nikl-18716,두껍다,,The measured distance between one side of an object and the other side being long. / The size of a group being larger than the average.,descriptive verb,concepts > shape,nikl-2024-mirror,https://huggingface.co/datasets/binjang/NIKL-korean-english-dictionary/resolve/3b4cfd2126debfd5440cade3ef6c2a3c20cf7cf9/2024_01.csv#record=18716,NIKL source band: beginner; project heuristic TOPIK 2: beginner expansion/category or uncategorized entry; not an official per-grade list
ko-nikl-18719,두다,,"To put something in a certain place. / To put something or someone in a certain situation or state. / To leave or abandon something or someone without taking or bringing it or him/her. / To put extra ingredients into a dish. / To put cotton or feathers into a blanket or clothes. / To make a person stay. / To establish a military camp. / To establish a position, group or organization. / To treat something with emphasis and care. / To have something such as a thought. / To understand someone's situation or circumstances in an open-minded manner. / To have something as an official job or affiliation. / To set the goal or basis of a certain behavior. / To let something face toward a certain direction. / To store or keep something without using it. / To postpone something without working on it. / To have plenty of time or spatial gap between something. / For a certain situation to continue for a certain period. / To employ and use a person. / To have someone as a family member, relative or friend. / To have something as the subject of a conversation or debate. / To deny the former and affirm or choose the latter. / To play the game of go or janggi, Korean chess, or to place or use their pieces. / To distance oneself from the world or people without having a close relationship. / To leave something or someone in a certain state.",verb,general / source uncategorized,nikl-2024-mirror,https://huggingface.co/datasets/binjang/NIKL-korean-english-dictionary/resolve/3b4cfd2126debfd5440cade3ef6c2a3c20cf7cf9/2024_01.csv#record=18719,NIKL source band: beginner; project heuristic TOPIK 2: beginner expansion/category or uncategorized entry; not an official per-grade list
ko-nikl-18798,두통,,The symptom of a pain in the head.,noun,daily life > illness and symptoms,nikl-2024-mirror,https://huggingface.co/datasets/binjang/NIKL-korean-english-dictionary/resolve/3b4cfd2126debfd5440cade3ef6c2a3c20cf7cf9/2024_01.csv#record=18798,NIKL source band: beginner; project heuristic TOPIK 2: beginner expansion/category or uncategorized entry; not an official per-grade list
ko-nikl-18846,둘째,,Being the second number in a sequence.,determiner,concepts > sequence,nikl-2024-mirror,https://huggingface.co/datasets/binjang/NIKL-korean-english-dictionary/resolve/3b4cfd2126debfd5440cade3ef6c2a3c20cf7cf9/2024_01.csv#record=18846,NIKL source band: beginner; project heuristic TOPIK 2: beginner expansion/category or uncategorized entry; not an official per-grade list
ko-nikl-18842,둘째,,Totaling two when counted from the start. / One's second offspring.,noun,concepts > sequence,nikl-2024-mirror,https://huggingface.co/datasets/binjang/NIKL-korean-english-dictionary/resolve/3b4cfd2126debfd5440cade3ef6c2a3c20cf7cf9/2024_01.csv#record=18842,NIKL source band: beginner; project heuristic TOPIK 2: beginner expansion/category or uncategorized entry; not an official per-grade list
ko-nikl-19090,드라마,,A play performed in a theater or broadcast on television. / (figurative) A dramatic event or situation happening in a real life.,noun,social life > media,nikl-2024-mirror,https://huggingface.co/datasets/binjang/NIKL-korean-english-dictionary/resolve/3b4cfd2126debfd5440cade3ef6c2a3c20cf7cf9/2024_01.csv#record=19090,NIKL source band: beginner; project heuristic TOPIK 2: beginner expansion/category or uncategorized entry; not an official per-grade list
ko-nikl-19111,드리다,,(honorific) To give; to hand something over to someone or allow someone to use it. / To say something or to greet an elder. / To pray to God or perform a ceremony of worship.,verb,social life > social activities,nikl-2024-mirror,https://huggingface.co/datasets/binjang/NIKL-korean-english-dictionary/resolve/3b4cfd2126debfd5440cade3ef6c2a3c20cf7cf9/2024_01.csv#record=19111,NIKL source band: beginner; project heuristic TOPIK 2: beginner expansion/category or uncategorized entry; not an official per-grade list
ko-nikl-19195,들다,,"To go or come inside from outside. / For light or water to come inside. / To decide an accommodation such as a room or house to stay in. / To take a certain road. / To go or come to a place to sleep. / For money, time, efforts, etc., to be used for something. / For color, flavor, or moisture to permeate or saturate. / To fall within a certain range or standard. / To be contained inside or consist of something. / To be put in certain circumstances or become a certain state. / To have a positive feeling or impression toward something. / For a certain meteorological phenomenon to occur. / To reach a certain timing. / To join a certain organization. / To open an installment savings account or take out an insurance policy. / To become a new family member through a marriage. / For a certain time or season to come or return. / To fall into a sleep. / To get older. / For food, fruits, etc., to become tasty as they ripen. / For a disease or symptom to develop in the body. / For consciousness to return. / For an opinion or feeling to arise toward a certain thing. / To get into a habit. / To get pregnant with a baby or young. / For roots or fruits to become hard as the core ripens. / To meet with something such as a ghost. / To do a certain task or behavior for others. / For a man to get married to a woman. / To get and live in a rented house.",verb,economy > economic activities,nikl-2024-mirror,https://huggingface.co/datasets/binjang/NIKL-korean-english-dictionary/resolve/3b4cfd2126debfd5440cade3ef6c2a3c20cf7cf9/2024_01.csv#record=19195,NIKL source band: beginner; project heuristic TOPIK 2: beginner expansion/category or uncategorized entry; not an official per-grade list
ko-nikl-19198,들다,,To have something in hand. / To lift something from below in an upward motion. / To find and give a certain fact or example. / (honorific) To eat.,verb,people > physical actions,nikl-2024-mirror,https://huggingface.co/datasets/binjang/NIKL-korean-english-dictionary/resolve/3b4cfd2126debfd5440cade3ef6c2a3c20cf7cf9/2024_01.csv#record=19198,NIKL source band: beginner; project heuristic TOPIK 2: beginner expansion/category or uncategorized entry; not an official per-grade list
ko-nikl-19217,들르다,,To drop by and stay shortly while on one's way.,verb,general / source uncategorized,nikl-2024-mirror,https://huggingface.co/datasets/binjang/NIKL-korean-english-dictionary/resolve/3b4cfd2126debfd5440cade3ef6c2a3c20cf7cf9/2024_01.csv#record=19217,NIKL source band: beginner; project heuristic TOPIK 2: beginner expansion/category or uncategorized entry; not an official per-grade list
ko-nikl-19219,들리다,,For a sound to be heard and recognized through one's ears.,verb,people > senses,nikl-2024-mirror,https://huggingface.co/datasets/binjang/NIKL-korean-english-dictionary/resolve/3b4cfd2126debfd5440cade3ef6c2a3c20cf7cf9/2024_01.csv#record=19219,NIKL source band: beginner; project heuristic TOPIK 2: beginner expansion/category or uncategorized entry; not an official per-grade list
ko-nikl-19386,등산,,"Mountain climbing with the purpose of exercising, amusement, etc.",noun,daily life > leisure activities,nikl-2024-mirror,https://huggingface.co/datasets/binjang/NIKL-korean-english-dictionary/resolve/3b4cfd2126debfd5440cade3ef6c2a3c20cf7cf9/2024_01.csv#record=19386,NIKL source band: beginner; project heuristic TOPIK 2: beginner expansion/category or uncategorized entry; not an official per-grade list
ko-nikl-19451,디자인,,"The plan or sketch of a work with a practical purpose in fashion, industrial goods, architecture, etc.",noun,concepts > shape,nikl-2024-mirror,https://huggingface.co/datasets/binjang/NIKL-korean-english-dictionary/resolve/3b4cfd2126debfd5440cade3ef6c2a3c20cf7cf9/2024_01.csv#record=19451,NIKL source band: beginner; project heuristic TOPIK 2: beginner expansion/category or uncategorized entry; not an official per-grade list
ko-nikl-19500,따로,,"In such a manner that something is not together with or is not mixed with other things. / In a particular manner, unlike ordinary things.",adverb,general / source uncategorized,nikl-2024-mirror,https://huggingface.co/datasets/binjang/NIKL-korean-english-dictionary/resolve/3b4cfd2126debfd5440cade3ef6c2a3c20cf7cf9/2024_01.csv#record=19500,NIKL source band: beginner; project heuristic TOPIK 2: beginner expansion/category or uncategorized entry; not an official per-grade list
ko-nikl-19584,땀,,"A clear salty liquid that is excreted through the skin when one is hot, sick or nervous. / (figurative) Hard work or effort.",noun,people > physiological processes,nikl-2024-mirror,https://huggingface.co/datasets/binjang/NIKL-korean-english-dictionary/resolve/3b4cfd2126debfd5440cade3ef6c2a3c20cf7cf9/2024_01.csv#record=19584,NIKL source band: beginner; project heuristic TOPIK 2: beginner expansion/category or uncategorized entry; not an official per-grade list
ko-nikl-19594,땅,,The part of the earth that consists of soil or stones instead of water. / The territory of a nation. / A region or province. / An inhabitable place where one can construct buildings or farms. / Soil or its characteristic. / An environment or basis in which one can enjoy his/her rights or work. / A society or world.,noun,nature > landforms,nikl-2024-mirror,https://huggingface.co/datasets/binjang/NIKL-korean-english-dictionary/resolve/3b4cfd2126debfd5440cade3ef6c2a3c20cf7cf9/2024_01.csv#record=19594,NIKL source band: beginner; project heuristic TOPIK 2: beginner expansion/category or uncategorized entry; not an official per-grade list
ko-nikl-19669,떠나다,,"To move from a place where one has been to another place. / To get out of a place where one has been or part with people whom one has known, in order to move to another place or meet other people. / To sever one's relations with something or some people, or become unrelated to them. / To set out to do something. / To begin a journey. / (euphemism) To die.",verb,general / source uncategorized,nikl-2024-mirror,https://huggingface.co/datasets/binjang/NIKL-korean-english-dictionary/resolve/3b4cfd2126debfd5440cade3ef6c2a3c20cf7cf9/2024_01.csv#record=19669,NIKL source band: beginner; project heuristic TOPIK 2: beginner expansion/category or uncategorized entry; not an official per-grade list
ko-nikl-19681,떠들다,,"To speak noisily in a loud voice. / To tell or say something loudly. / To speak about something here and there, spreading it. / To insist on one's opinion or position over and over. / For many people to pick a topic and say many things about it.",verb,general / source uncategorized,nikl-2024-mirror,https://huggingface.co/datasets/binjang/NIKL-korean-english-dictionary/resolve/3b4cfd2126debfd5440cade3ef6c2a3c20cf7cf9/2024_01.csv#record=19681,NIKL source band: beginner; project heuristic TOPIK 2: beginner expansion/category or uncategorized entry; not an official per-grade list
ko-nikl-19745,떨어지다,,"To move downwardly. / To fall into a certain state or situation. / For one's area, fortress, etc. to be handed over to the enemy. / To get off or arrive at a certain location. / To lose affection for or become estranged from someone. / For an urgent task or mission to be assigned. / For an order or permission to be given. / For the level of something to fall short of something else. / To miss the cut in an exam, election, competition, etc. / To not go together with or follow but lag or remain behind. / For something clung or attached to something to become split or torn off. / For something held to slip and come out. / To have one's relationship severed or broken off with someone. / To have a certain distance. / For a price, temperature, level, etc. to become lower or go down. / For a disease or habit to disappear. / For the sun or moon to set in the west. / For a profit to be generated. / For nothing to be left because a lack of something is not supplemented. / For an appetite to disappear. / For a task to finish. / For clothes or shoes to become useless as they are old and worn out. / For one's breath to be cut off. / For a fetus to die. / For a certain figure to be divided without a remainder in division. / For an amount or a portion of a price to be unpaid. / For words to be uttered. / For a designated signal to appear. / For something that has existed or been obtained to disappear.",verb,general / source uncategorized,nikl-2024-mirror,https://huggingface.co/datasets/binjang/NIKL-korean-english-dictionary/resolve/3b4cfd2126debfd5440cade3ef6c2a3c20cf7cf9/2024_01.csv#record=19745,NIKL source band: beginner; project heuristic TOPIK 2: beginner expansion/category or uncategorized entry; not an official per-grade list
ko-nikl-19795,똑같다,,"Not a bit different from each other in shape, amount, quality, etc. / For two or more people being very similar to each other in appearance, attitude, behavior, etc. / Having nothing new or special.",descriptive verb,concepts > shape,nikl-2024-mirror,https://huggingface.co/datasets/binjang/NIKL-korean-english-dictionary/resolve/3b4cfd2126debfd5440cade3ef6c2a3c20cf7cf9/2024_01.csv#record=19795,NIKL source band: beginner; project heuristic TOPIK 2: beginner expansion/category or uncategorized entry; not an official per-grade list
ko-nikl-19796,똑같이,,"In such a manner that two or more things are not a bit different from each other in shape, amount, quality, etc. / In a state in which two or more people are very similar to each other in appearance, attitude, behavior, etc. / Without anything new or special. / At the same time, or at the almost same time.",adverb,concepts > shape,nikl-2024-mirror,https://huggingface.co/datasets/binjang/NIKL-korean-english-dictionary/resolve/3b4cfd2126debfd5440cade3ef6c2a3c20cf7cf9/2024_01.csv#record=19796,NIKL source band: beginner; project heuristic TOPIK 2: beginner expansion/category or uncategorized entry; not an official per-grade list
ko-nikl-19801,똑똑하다,,Clear and distinct. / Intelligent and wise.,descriptive verb,people > abilities,nikl-2024-mirror,https://huggingface.co/datasets/binjang/NIKL-korean-english-dictionary/resolve/3b4cfd2126debfd5440cade3ef6c2a3c20cf7cf9/2024_01.csv#record=19801,NIKL source band: beginner; project heuristic TOPIK 2: beginner expansion/category or uncategorized entry; not an official per-grade list
ko-nikl-19803,똑바로,,"Straight, not tilting to any side. / As it is without falsity or fabrication.",adverb,concepts > shape,nikl-2024-mirror,https://huggingface.co/datasets/binjang/NIKL-korean-english-dictionary/resolve/3b4cfd2126debfd5440cade3ef6c2a3c20cf7cf9/2024_01.csv#record=19803,NIKL source band: beginner; project heuristic TOPIK 2: beginner expansion/category or uncategorized entry; not an official per-grade list
ko-nikl-19883,뚱뚱하다,,A person's body being wide as a result of putting on weight. / A part of something protruding as it has swelled up.,descriptive verb,people > appearance,nikl-2024-mirror,https://huggingface.co/datasets/binjang/NIKL-korean-english-dictionary/resolve/3b4cfd2126debfd5440cade3ef6c2a3c20cf7cf9/2024_01.csv#record=19883,NIKL source band: beginner; project heuristic TOPIK 2: beginner expansion/category or uncategorized entry; not an official per-grade list
ko-nikl-19892,뛰어가다,,To run and go to a certain place very fast. / To pass a place by running.,verb,people > physical actions,nikl-2024-mirror,https://huggingface.co/datasets/binjang/NIKL-korean-english-dictionary/resolve/3b4cfd2126debfd5440cade3ef6c2a3c20cf7cf9/2024_01.csv#record=19892,NIKL source band: beginner; project heuristic TOPIK 2: beginner expansion/category or uncategorized entry; not an official per-grade list
ko-nikl-19931,뜨다,,To open one's closed eyes. / To make one's eyes look like a specific shape.,verb,people > physical actions,nikl-2024-mirror,https://huggingface.co/datasets/binjang/NIKL-korean-english-dictionary/resolve/3b4cfd2126debfd5440cade3ef6c2a3c20cf7cf9/2024_01.csv#record=19931,NIKL source band: beginner; project heuristic TOPIK 2: beginner expansion/category or uncategorized entry; not an official per-grade list
ko-nikl-19966,뜻,,"A thought or opinion in one's mind. / Meaning that is contained in words, a writing or action. / The value or importance of an affair or action.",noun,people > cognition,nikl-2024-mirror,https://huggingface.co/datasets/binjang/NIKL-korean-english-dictionary/resolve/3b4cfd2126debfd5440cade3ef6c2a3c20cf7cf9/2024_01.csv#record=19966,NIKL source band: beginner; project heuristic TOPIK 2: beginner expansion/category or uncategorized entry; not an official per-grade list
ko-nikl-20128,러시아,,"A country between Eastern Europe and Siberia; the largest country in the world, it adjoins the Arctic to the north and the Pacific to the east; its official language is Russian and its capital is Moscow.",noun,concepts > regions,nikl-2024-mirror,https://huggingface.co/datasets/binjang/NIKL-korean-english-dictionary/resolve/3b4cfd2126debfd5440cade3ef6c2a3c20cf7cf9/2024_01.csv#record=20128,NIKL source band: beginner; project heuristic TOPIK 2: beginner expansion/category or uncategorized entry; not an official per-grade list
ko-nikl-35810,마르다,,"For moisture to evaporate and disappear. / For saliva in one's mouth or throat to decrease, making one want to drink water. / To become thin as a result of losing weight. / For streaming water or stagnant water to evaporate or reduce and disappear. / For what one has to be used and gone. / For an emotion to disappear.",verb,general / source uncategorized,nikl-2024-mirror,https://huggingface.co/datasets/binjang/NIKL-korean-english-dictionary/resolve/3b4cfd2126debfd5440cade3ef6c2a3c20cf7cf9/2024_01.csv#record=35810,NIKL source band: beginner; project heuristic TOPIK 2: beginner expansion/category or uncategorized entry; not an official per-grade list
ko-nikl-35863,마을,,A place where many houses are gathered.,noun,housing > residential areas,nikl-2024-mirror,https://huggingface.co/datasets/binjang/NIKL-korean-english-dictionary/resolve/3b4cfd2126debfd5440cade3ef6c2a3c20cf7cf9/2024_01.csv#record=35863,NIKL source band: beginner; project heuristic TOPIK 2: beginner expansion/category or uncategorized entry; not an official per-grade list
ko-nikl-35866,마음,,A trait that a person was born with. / A place in the human body where mental activities such as feeling and thinking occur. / A mood or feeling. / Affection or interest. / An intention or will to do something.,noun,people > cognition,nikl-2024-mirror,https://huggingface.co/datasets/binjang/NIKL-korean-english-dictionary/resolve/3b4cfd2126debfd5440cade3ef6c2a3c20cf7cf9/2024_01.csv#record=35866,NIKL source band: beginner; project heuristic TOPIK 2: beginner expansion/category or uncategorized entry; not an official per-grade list
ko-nikl-35925,마중,,"The act of going out to the station or airport, etc., to greet the person who is coming to see you.",noun,social life > social activities,nikl-2024-mirror,https://huggingface.co/datasets/binjang/NIKL-korean-english-dictionary/resolve/3b4cfd2126debfd5440cade3ef6c2a3c20cf7cf9/2024_01.csv#record=35925,NIKL source band: beginner; project heuristic TOPIK 2: beginner expansion/category or uncategorized entry; not an official per-grade list
ko-nikl-35928,마지막,,The very end of a time or order.,noun,concepts > sequence,nikl-2024-mirror,https://huggingface.co/datasets/binjang/NIKL-korean-english-dictionary/resolve/3b4cfd2126debfd5440cade3ef6c2a3c20cf7cf9/2024_01.csv#record=35928,NIKL source band: beginner; project heuristic TOPIK 2: beginner expansion/category or uncategorized entry; not an official per-grade list
ko-nikl-35944,마치다,,For a task or process in progress to complete or to complete it.,verb,general / source uncategorized,nikl-2024-mirror,https://huggingface.co/datasets/binjang/NIKL-korean-english-dictionary/resolve/3b4cfd2126debfd5440cade3ef6c2a3c20cf7cf9/2024_01.csv#record=35944,NIKL source band: beginner; project heuristic TOPIK 2: beginner expansion/category or uncategorized entry; not an official per-grade list
ko-nikl-35953,마트,,A big store that sells all kinds of household items.,noun,economy > commercial places,nikl-2024-mirror,https://huggingface.co/datasets/binjang/NIKL-korean-english-dictionary/resolve/3b4cfd2126debfd5440cade3ef6c2a3c20cf7cf9/2024_01.csv#record=35953,NIKL source band: beginner; project heuristic TOPIK 2: beginner expansion/category or uncategorized entry; not an official per-grade list
ko-nikl-36135,만약,,In an unexpected case or situation that one thinks might happen.,adverb,general / source uncategorized,nikl-2024-mirror,https://huggingface.co/datasets/binjang/NIKL-korean-english-dictionary/resolve/3b4cfd2126debfd5440cade3ef6c2a3c20cf7cf9/2024_01.csv#record=36135,NIKL source band: beginner; project heuristic TOPIK 2: beginner expansion/category or uncategorized entry; not an official per-grade list
ko-nikl-36134,만약,,An unexpected case or situation that one thinks might happen.,noun,general / source uncategorized,nikl-2024-mirror,https://huggingface.co/datasets/binjang/NIKL-korean-english-dictionary/resolve/3b4cfd2126debfd5440cade3ef6c2a3c20cf7cf9/2024_01.csv#record=36134,NIKL source band: beginner; project heuristic TOPIK 2: beginner expansion/category or uncategorized entry; not an official per-grade list
ko-nikl-36148,만일,,In an unexpected case or situation that one thinks might happen.,adverb,general / source uncategorized,nikl-2024-mirror,https://huggingface.co/datasets/binjang/NIKL-korean-english-dictionary/resolve/3b4cfd2126debfd5440cade3ef6c2a3c20cf7cf9/2024_01.csv#record=36148,NIKL source band: beginner; project heuristic TOPIK 2: beginner expansion/category or uncategorized entry; not an official per-grade list
ko-nikl-36147,만일,,An unexpected case or situation that one thinks might happen.,noun,general / source uncategorized,nikl-2024-mirror,https://huggingface.co/datasets/binjang/NIKL-korean-english-dictionary/resolve/3b4cfd2126debfd5440cade3ef6c2a3c20cf7cf9/2024_01.csv#record=36147,NIKL source band: beginner; project heuristic TOPIK 2: beginner expansion/category or uncategorized entry; not an official per-grade list
ko-nikl-36166,만지다,,To put one's hand on something and move it. / To trim the shape of an object. / To handle an object well. / To own money.,verb,people > physical actions,nikl-2024-mirror,https://huggingface.co/datasets/binjang/NIKL-korean-english-dictionary/resolve/3b4cfd2126debfd5440cade3ef6c2a3c20cf7cf9/2024_01.csv#record=36166,NIKL source band: beginner; project heuristic TOPIK 2: beginner expansion/category or uncategorized entry; not an official per-grade list
ko-nikl-36189,만화,,"A picture that expresses comically a person's life, tells stories of a society or is based on imagination, or a book in which such pictures are compiled.",noun,culture > visual arts,nikl-2024-mirror,https://huggingface.co/datasets/binjang/NIKL-korean-english-dictionary/resolve/3b4cfd2126debfd5440cade3ef6c2a3c20cf7cf9/2024_01.csv#record=36189,NIKL source band: beginner; project heuristic TOPIK 2: beginner expansion/category or uncategorized entry; not an official per-grade list
ko-nikl-36211,말,,"Human voice through which thoughts or feelings are expressed and conveyed. / The act or attitude through which thoughts or feelings are expressed and conveyed. / Sound and letter through which thoughts or feelings are expressed and conveyed. / A word, phrase or sentence. / A story about an incident or a rumor that goes around. / A word that is logical or makes sense. / A word used to emphasize or confirm something. / A word used to mean that something went OK or great. / A word expressing lament that a certain act has not been accomplished. / A word that is inteneded to emphasize a previuosly-mentioned object. / A word that is intended to draw attention or finish a sentence.",noun,social life > speech acts,nikl-2024-mirror,https://huggingface.co/datasets/binjang/NIKL-korean-english-dictionary/resolve/3b4cfd2126debfd5440cade3ef6c2a3c20cf7cf9/2024_01.csv#record=36211,NIKL source band: beginner; project heuristic TOPIK 2: beginner expansion/category or uncategorized entry; not an official per-grade list
ko-nikl-36275,말,,"An animal with a brown, black or white coat mostly, a long neck and legs, a mane on the neck and a long-haired tail.",noun,plants and animals > animals,nikl-2024-mirror,https://huggingface.co/datasets/binjang/NIKL-korean-english-dictionary/resolve/3b4cfd2126debfd5440cade3ef6c2a3c20cf7cf9/2024_01.csv#record=36275,NIKL source band: beginner; project heuristic TOPIK 2: beginner expansion/category or uncategorized entry; not an official per-grade list
ko-nikl-36302,말다,,"To not do a certain work or behavior, or stop doing it. / To not do, or not be so. / An expression used to indicate that something is the latter one, not the former one.",verb,general / source uncategorized,nikl-2024-mirror,https://huggingface.co/datasets/binjang/NIKL-korean-english-dictionary/resolve/3b4cfd2126debfd5440cade3ef6c2a3c20cf7cf9/2024_01.csv#record=36302,NIKL source band: beginner; project heuristic TOPIK 2: beginner expansion/category or uncategorized entry; not an official per-grade list
ko-nikl-36335,말레이시아,,"A country between the south of the Malay peninsula and Borneo of Southeast Asia; its staple goods are rubber, oil, lumber, etc.; the official language is Malay and the capital in Kuala Lumpur.",noun,concepts > regions,nikl-2024-mirror,https://huggingface.co/datasets/binjang/NIKL-korean-english-dictionary/resolve/3b4cfd2126debfd5440cade3ef6c2a3c20cf7cf9/2024_01.csv#record=36335,NIKL source band: beginner; project heuristic TOPIK 2: beginner expansion/category or uncategorized entry; not an official per-grade list
ko-nikl-36383,말씀,,(polite form) Words of another person. / (impolite form) One's own words. / The words of God in the Bible.,noun,social life > speech acts,nikl-2024-mirror,https://huggingface.co/datasets/binjang/NIKL-korean-english-dictionary/resolve/3b4cfd2126debfd5440cade3ef6c2a3c20cf7cf9/2024_01.csv#record=36383,NIKL source band: beginner; project heuristic TOPIK 2: beginner expansion/category or uncategorized entry; not an official per-grade list
ko-nikl-36428,맛,,"A sensation that is felt when touching one's tongue to food, etc. / A feeling towards a thing, phenomenon or affair. / Pleasure or satisfaction that one gets from a thing or phenomenon.",noun,food > tastes,nikl-2024-mirror,https://huggingface.co/datasets/binjang/NIKL-korean-english-dictionary/resolve/3b4cfd2126debfd5440cade3ef6c2a3c20cf7cf9/2024_01.csv#record=36428,NIKL source band: beginner; project heuristic TOPIK 2: beginner expansion/category or uncategorized entry; not an official per-grade list
ko-nikl-36518,맞다,,"For the answer to a problem to be correct. / For a remark, feeling, fact, etc., to be accurate. / To be so or right. / For a certain object to belong to someone, for certain. / For the content, identity, quantity, etc., of something to be accurate. / For the taste, temperature, humidity, etc., of something to be appropriate. / For a size, specification, etc., to be the same as something. / For a certain behavior, opinion, situation, etc., to be same as others. / For an appearance, atmosphere, taste, etc., to go well with others.",verb,general / source uncategorized,nikl-2024-mirror,https://huggingface.co/datasets/binjang/NIKL-korean-english-dictionary/resolve/3b4cfd2126debfd5440cade3ef6c2a3c20cf7cf9/2024_01.csv#record=36518,NIKL source band: beginner; project heuristic TOPIK 2: beginner expansion/category or uncategorized entry; not an official per-grade list
ko-nikl-36562,맞추다,,"To piece together several parts that have been put apart into their right positions. / To look into two or more objects by placing them together and comparing. / To be harmonized without a dislocated part. / To make something meet a requirement or reach a level. / To adjust something to meet a certain standard. / To make the number or quantity of something become specific. / To straighten up a line, order, etc. / To act as someone intends or is pleased. / To not exceed the previously fixed time. / To order in advance to make a certain object that meets a requirement. / To have someone touch something else.",verb,general / source uncategorized,nikl-2024-mirror,https://huggingface.co/datasets/binjang/NIKL-korean-english-dictionary/resolve/3b4cfd2126debfd5440cade3ef6c2a3c20cf7cf9/2024_01.csv#record=36562,NIKL source band: beginner; project heuristic TOPIK 2: beginner expansion/category or uncategorized entry; not an official per-grade list
ko-nikl-36679,매우,,Much more than average.,adverb,concepts > degree,nikl-2024-mirror,https://huggingface.co/datasets/binjang/NIKL-korean-english-dictionary/resolve/3b4cfd2126debfd5440cade3ef6c2a3c20cf7cf9/2024_01.csv#record=36679,NIKL source band: beginner; project heuristic TOPIK 2: beginner expansion/category or uncategorized entry; not an official per-grade list
ko-nikl-36732,매표소,,"A place that sells tickets such as a bus ticket or admission ticket, etc.",noun,daily life > leisure facilities,nikl-2024-mirror,https://huggingface.co/datasets/binjang/NIKL-korean-english-dictionary/resolve/3b4cfd2126debfd5440cade3ef6c2a3c20cf7cf9/2024_01.csv#record=36732,NIKL source band: beginner; project heuristic TOPIK 2: beginner expansion/category or uncategorized entry; not an official per-grade list
ko-nikl-36786,맵다,,"Having a tangy taste like red peppers or mustard, which causes a sharp sensation at the tip of the tongue. / A person's personality being fierce and violent. / The weather being very cold. / A person's eyes or nose stinging or burning due to smoke, etc.",descriptive verb,food > tastes,nikl-2024-mirror,https://huggingface.co/datasets/binjang/NIKL-korean-english-dictionary/resolve/3b4cfd2126debfd5440cade3ef6c2a3c20cf7cf9/2024_01.csv#record=36786,NIKL source band: beginner; project heuristic TOPIK 2: beginner expansion/category or uncategorized entry; not an official per-grade list
ko-nikl-36994,멀다,,The distance between two places being long. / Far-off in terms of time. / Having a long way to go for a certain level. / A lot of time being left from now on; a long time being needed. / The relationship between two persons being not close. / The relationship with a relative being not close. / (figurative) Happening in less than a certain period of time.,descriptive verb,general / source uncategorized,nikl-2024-mirror,https://huggingface.co/datasets/binjang/NIKL-korean-english-dictionary/resolve/3b4cfd2126debfd5440cade3ef6c2a3c20cf7cf9/2024_01.csv#record=36994,NIKL source band: beginner; project heuristic TOPIK 2: beginner expansion/category or uncategorized entry; not an official per-grade list
ko-nikl-37016,멈추다,,"For a gesture or state not to continue. / For snow, rain, etc., to stop falling. / To stay without any movement. / To stop a task or action that one has been engaged in. / To make one stop a task or action that one has been engaged in.",verb,general / source uncategorized,nikl-2024-mirror,https://huggingface.co/datasets/binjang/NIKL-korean-english-dictionary/resolve/3b4cfd2126debfd5440cade3ef6c2a3c20cf7cf9/2024_01.csv#record=37016,NIKL source band: beginner; project heuristic TOPIK 2: beginner expansion/category or uncategorized entry; not an official per-grade list
ko-nikl-37023,멋,,"A state of being elegant and looking good in terms of appearance, act, outfit, etc. / An air or impression of being high-quality and looking attractive.",noun,clothing and appearance > state of dress,nikl-2024-mirror,https://huggingface.co/datasets/binjang/NIKL-korean-english-dictionary/resolve/3b4cfd2126debfd5440cade3ef6c2a3c20cf7cf9/2024_01.csv#record=37023,NIKL source band: beginner; project heuristic TOPIK 2: beginner expansion/category or uncategorized entry; not an official per-grade list
ko-nikl-37029,멋있다,,Very good or great.,descriptive verb,concepts > shape,nikl-2024-mirror,https://huggingface.co/datasets/binjang/NIKL-korean-english-dictionary/resolve/3b4cfd2126debfd5440cade3ef6c2a3c20cf7cf9/2024_01.csv#record=37029,NIKL source band: beginner; project heuristic TOPIK 2: beginner expansion/category or uncategorized entry; not an official per-grade list
ko-nikl-37059,메다,,To put something on or over one's shoulder or back.,verb,people > senses,nikl-2024-mirror,https://huggingface.co/datasets/binjang/NIKL-korean-english-dictionary/resolve/3b4cfd2126debfd5440cade3ef6c2a3c20cf7cf9/2024_01.csv#record=37059,NIKL source band: beginner; project heuristic TOPIK 2: beginner expansion/category or uncategorized entry; not an official per-grade list
ko-nikl-37066,메모,,"The act of writing down in simple words something that one should not forget or deliver to another person, or such a writing.",noun,social life > communication tools,nikl-2024-mirror,https://huggingface.co/datasets/binjang/NIKL-korean-english-dictionary/resolve/3b4cfd2126debfd5440cade3ef6c2a3c20cf7cf9/2024_01.csv#record=37066,NIKL source band: beginner; project heuristic TOPIK 2: beginner expansion/category or uncategorized entry; not an official per-grade list
ko-nikl-37081,메시지,,"One's special words delivered to announce, assert, or warn of a certain thing. / Ideas or lessons expressed in literary or art works, / Information delivered through language or signs.",noun,social life > communication tools,nikl-2024-mirror,https://huggingface.co/datasets/binjang/NIKL-korean-english-dictionary/resolve/3b4cfd2126debfd5440cade3ef6c2a3c20cf7cf9/2024_01.csv#record=37081,NIKL source band: beginner; project heuristic TOPIK 2: beginner expansion/category or uncategorized entry; not an official per-grade list
ko-nikl-37089,메일,,A letter sent and received through the Internet or other forms of computer networks.,noun,social life > communication tools,nikl-2024-mirror,https://huggingface.co/datasets/binjang/NIKL-korean-english-dictionary/resolve/3b4cfd2126debfd5440cade3ef6c2a3c20cf7cf9/2024_01.csv#record=37089,NIKL source band: beginner; project heuristic TOPIK 2: beginner expansion/category or uncategorized entry; not an official per-grade list
ko-nikl-37316,명절,,"A day of commemoration or tradition which is celebrated annually such as Seollal, Lunar New Year's, and Chuseok, Korean Thanksgiving Day.",noun,general / source uncategorized,nikl-2024-mirror,https://huggingface.co/datasets/binjang/NIKL-korean-english-dictionary/resolve/3b4cfd2126debfd5440cade3ef6c2a3c20cf7cf9/2024_01.csv#record=37316,NIKL source band: beginner; project heuristic TOPIK 2: beginner expansion/category or uncategorized entry; not an official per-grade list
ko-nikl-37384,모기,,A small flying insect that sucks and eats blood from people or animals.,noun,plants and animals > insects,nikl-2024-mirror,https://huggingface.co/datasets/binjang/NIKL-korean-english-dictionary/resolve/3b4cfd2126debfd5440cade3ef6c2a3c20cf7cf9/2024_01.csv#record=37384,NIKL source band: beginner; project heuristic TOPIK 2: beginner expansion/category or uncategorized entry; not an official per-grade list
ko-nikl-37473,모습,,The appearance of a person or thing. / A state or look appearing outwardly. / One's trace or mark left in a certain place.,noun,concepts > shape,nikl-2024-mirror,https://huggingface.co/datasets/binjang/NIKL-korean-english-dictionary/resolve/3b4cfd2126debfd5440cade3ef6c2a3c20cf7cf9/2024_01.csv#record=37473,NIKL source band: beginner; project heuristic TOPIK 2: beginner expansion/category or uncategorized entry; not an official per-grade list
ko-nikl-37475,모시다,,"To serve one's elder or someone respected near him/her, or live with him/her. / (honorific) To have someone go, stay or live with oneself. / To perform ancestral rites, etc. / To invite one's superior or a respected person to take a position or status. / To make someone superior, one's elder or a valuable object be positioned somewhere.",verb,general / source uncategorized,nikl-2024-mirror,https://huggingface.co/datasets/binjang/NIKL-korean-english-dictionary/resolve/3b4cfd2126debfd5440cade3ef6c2a3c20cf7cf9/2024_01.csv#record=37475,NIKL source band: beginner; project heuristic TOPIK 2: beginner expansion/category or uncategorized entry; not an official per-grade list
ko-nikl-37480,모양,,"The outer appearance or aspect. / The act of grooming the face, body, etc. / A situation or condition, or the state of an affair. / The aspect that is visible or shown to others. / An appearance that matches or resembles something. / A way or method.",noun,concepts > shape,nikl-2024-mirror,https://huggingface.co/datasets/binjang/NIKL-korean-english-dictionary/resolve/3b4cfd2126debfd5440cade3ef6c2a3c20cf7cf9/2024_01.csv#record=37480,NIKL source band: beginner; project heuristic TOPIK 2: beginner expansion/category or uncategorized entry; not an official per-grade list
ko-nikl-37498,모으다,,"To gather things placed here and there in one place. / To obtain and be equipped with a special object. / To not use money, valuables, etc., and store them. / To breathe in much air at once. / To focus the minds, opinions, etc., of many people on one subject. / To focus the power, effort, etc., on one area. / To attract the interest or curiosity of people. / To make many people come to a place or join an organization altogether.",verb,general / source uncategorized,nikl-2024-mirror,https://huggingface.co/datasets/binjang/NIKL-korean-english-dictionary/resolve/3b4cfd2126debfd5440cade3ef6c2a3c20cf7cf9/2024_01.csv#record=37498,NIKL source band: beginner; project heuristic TOPIK 2: beginner expansion/category or uncategorized entry; not an official per-grade list
ko-nikl-37509,모이다,,"For separate things to gather in one place. / For a special object to be obtained and equipped. / For money, valuables, etc., to be stacked without being used. / For a mind, opinion, etc., to focus on one area. / For the power, effort, etc. to be focused on one area. / For many people to come to a place or join an organization altogether. / For people's attention or interest to be paid.",verb,general / source uncategorized,nikl-2024-mirror,https://huggingface.co/datasets/binjang/NIKL-korean-english-dictionary/resolve/3b4cfd2126debfd5440cade3ef6c2a3c20cf7cf9/2024_01.csv#record=37509,NIKL source band: beginner; project heuristic TOPIK 2: beginner expansion/category or uncategorized entry; not an official per-grade list
ko-nikl-37510,모임,,A meeting of many people to do something. / A group organized by many people for a certain purpose.,noun,social life > social activities,nikl-2024-mirror,https://huggingface.co/datasets/binjang/NIKL-korean-english-dictionary/resolve/3b4cfd2126debfd5440cade3ef6c2a3c20cf7cf9/2024_01.csv#record=37510,NIKL source band: beginner; project heuristic TOPIK 2: beginner expansion/category or uncategorized entry; not an official per-grade list
ko-nikl-37514,모자라다,,"To not reach a fixed number, quantity, or level. / For a level of competency, power, knowledge, etc., to not reach a standard.",verb,concepts > quantity,nikl-2024-mirror,https://huggingface.co/datasets/binjang/NIKL-korean-english-dictionary/resolve/3b4cfd2126debfd5440cade3ef6c2a3c20cf7cf9/2024_01.csv#record=37514,NIKL source band: beginner; project heuristic TOPIK 2: beginner expansion/category or uncategorized entry; not an official per-grade list
ko-nikl-37626,목소리,,The sound that comes out of the human throat. / (figurative) An opinion or assertion.,noun,people > physiological processes,nikl-2024-mirror,https://huggingface.co/datasets/binjang/NIKL-korean-english-dictionary/resolve/3b4cfd2126debfd5440cade3ef6c2a3c20cf7cf9/2024_01.csv#record=37626,NIKL source band: beginner; project heuristic TOPIK 2: beginner expansion/category or uncategorized entry; not an official per-grade list
ko-nikl-37651,목적,,Something one wants to achieve or the direction one wants to head.,noun,general / source uncategorized,nikl-2024-mirror,https://huggingface.co/datasets/binjang/NIKL-korean-english-dictionary/resolve/3b4cfd2126debfd5440cade3ef6c2a3c20cf7cf9/2024_01.csv#record=37651,NIKL source band: beginner; project heuristic TOPIK 2: beginner expansion/category or uncategorized entry; not an official per-grade list
ko-nikl-37827,못생기다,,Being below the average in terms of appearance.,verb,people > appearance,nikl-2024-mirror,https://huggingface.co/datasets/binjang/NIKL-korean-english-dictionary/resolve/3b4cfd2126debfd5440cade3ef6c2a3c20cf7cf9/2024_01.csv#record=37827,NIKL source band: beginner; project heuristic TOPIK 2: beginner expansion/category or uncategorized entry; not an official per-grade list
ko-nikl-37836,못하다,,The level or degree of something or someone not reaching that of others when compared. / By the lowest estimate.,descriptive verb,people > abilities,nikl-2024-mirror,https://huggingface.co/datasets/binjang/NIKL-korean-english-dictionary/resolve/3b4cfd2126debfd5440cade3ef6c2a3c20cf7cf9/2024_01.csv#record=37836,NIKL source band: beginner; project heuristic TOPIK 2: beginner expansion/category or uncategorized entry; not an official per-grade list
ko-nikl-37835,못하다,,To fail to make a certain work reach a certain level or to not own the ability to do so.,verb,people > abilities,nikl-2024-mirror,https://huggingface.co/datasets/binjang/NIKL-korean-english-dictionary/resolve/3b4cfd2126debfd5440cade3ef6c2a3c20cf7cf9/2024_01.csv#record=37835,NIKL source band: beginner; project heuristic TOPIK 2: beginner expansion/category or uncategorized entry; not an official per-grade list
ko-nikl-37841,몽골,,"A region located in the west of Manchuria and south of Siberia; it was the place of the Mongolian Empire that Jínghis Khan built in the north of mainland of China in the early 13th century; it was divided into inner and outer Mongolia during the the Ch’ing Dynasty; it is bordered by Russia in the north and China in the south. / It is a country located inland from Central Asia; it is known for well-developed agriculture and livestock farming, and is a major producer of wool, etc; its major languages is Mongolian and its capital is Ulaanbaatar.",noun,concepts > regions,nikl-2024-mirror,https://huggingface.co/datasets/binjang/NIKL-korean-english-dictionary/resolve/3b4cfd2126debfd5440cade3ef6c2a3c20cf7cf9/2024_01.csv#record=37841,NIKL source band: beginner; project heuristic TOPIK 2: beginner expansion/category or uncategorized entry; not an official per-grade list
ko-nikl-37902,무겁다,,"Weighing a lot. / Being great and important in terms of one's responsibility or role. / Being big and serious in terms of one's fault or crime. / Being leaden and laborious due to a lack of vitality. / Slow and sluggish in movement. / Heavy-hearted and dismal, not being cheerful in terms of mood, atmosphere, etc. / Serious, not being light in sound, or dark in color, etc. / Being great in degree or quantity in terms of punishment, fine, etc., putting too much burden on someone. / Being difficult to move around due to pregnancy. / Extremely important.",descriptive verb,concepts > properties,nikl-2024-mirror,https://huggingface.co/datasets/binjang/NIKL-korean-english-dictionary/resolve/3b4cfd2126debfd5440cade3ef6c2a3c20cf7cf9/2024_01.csv#record=37902,NIKL source band: beginner; project heuristic TOPIK 2: beginner expansion/category or uncategorized entry; not an official per-grade list
ko-nikl-37903,무게,,"The degree of an object's heaviness. / The degree of importance of an object or phenomenon. / The degree of how composed and mature one looks. / The degree of pleasure, pain, responsibility, etc., that one feels in his/her heart.",noun,concepts > properties,nikl-2024-mirror,https://huggingface.co/datasets/binjang/NIKL-korean-english-dictionary/resolve/3b4cfd2126debfd5440cade3ef6c2a3c20cf7cf9/2024_01.csv#record=37903,NIKL source band: beginner; project heuristic TOPIK 2: beginner expansion/category or uncategorized entry; not an official per-grade list
ko-nikl-37929,무궁화,,"hibiscus syriacus: A flower that is in bloom from summer through autumn with white, purple or red broad bell-shaped petals.",noun,plants and animals > plants,nikl-2024-mirror,https://huggingface.co/datasets/binjang/NIKL-korean-english-dictionary/resolve/3b4cfd2126debfd5440cade3ef6c2a3c20cf7cf9/2024_01.csv#record=37929,NIKL source band: beginner; project heuristic TOPIK 2: beginner expansion/category or uncategorized entry; not an official per-grade list
ko-nikl-38006,무료,,A state of charging nothing. / A state of not getting paid a wage.,noun,economy > economic activities,nikl-2024-mirror,https://huggingface.co/datasets/binjang/NIKL-korean-english-dictionary/resolve/3b4cfd2126debfd5440cade3ef6c2a3c20cf7cf9/2024_01.csv#record=38006,NIKL source band: beginner; project heuristic TOPIK 2: beginner expansion/category or uncategorized entry; not an official per-grade list
ko-nikl-38084,무섭다,,"Feeling scared of something, or feeling afraid something might happen. / A person or situation being so dreadful as to make one want to avoid the person or thing. / The degree or level of something, or the ability of a person, etc., being very high or remarkable. / Immediately after something happens.",descriptive verb,people > emotions,nikl-2024-mirror,https://huggingface.co/datasets/binjang/NIKL-korean-english-dictionary/resolve/3b4cfd2126debfd5440cade3ef6c2a3c20cf7cf9/2024_01.csv#record=38084,NIKL source band: beginner; project heuristic TOPIK 2: beginner expansion/category or uncategorized entry; not an official per-grade list
ko-nikl-38276,무척,,"Very, extremely, exceedingly so that it is not comparable to any other.",adverb,concepts > degree,nikl-2024-mirror,https://huggingface.co/datasets/binjang/NIKL-korean-english-dictionary/resolve/3b4cfd2126debfd5440cade3ef6c2a3c20cf7cf9/2024_01.csv#record=38276,NIKL source band: beginner; project heuristic TOPIK 2: beginner expansion/category or uncategorized entry; not an official per-grade list
ko-nikl-38524,문화,,"The physical and mental activities made, learned, shared, and delivered by a social community in order to realize a certain goal or ideal life.",noun,culture > cultural activities,nikl-2024-mirror,https://huggingface.co/datasets/binjang/NIKL-korean-english-dictionary/resolve/3b4cfd2126debfd5440cade3ef6c2a3c20cf7cf9/2024_01.csv#record=38524,NIKL source band: beginner; project heuristic TOPIK 2: beginner expansion/category or uncategorized entry; not an official per-grade list
ko-nikl-38543,묻다,,"To say something, demanding an answer or explanation. / To hold someone accountable for something.",verb,social life > speech acts,nikl-2024-mirror,https://huggingface.co/datasets/binjang/NIKL-korean-english-dictionary/resolve/3b4cfd2126debfd5440cade3ef6c2a3c20cf7cf9/2024_01.csv#record=38543,NIKL source band: beginner; project heuristic TOPIK 2: beginner expansion/category or uncategorized entry; not an official per-grade list
ko-nikl-38585,물건,,A certain substance in a specific form. / (figurative) A person who is very proficient in a certain field. / (euphemism) A man's penis. / Goods sold and bought.,noun,general / source uncategorized,nikl-2024-mirror,https://huggingface.co/datasets/binjang/NIKL-korean-english-dictionary/resolve/3b4cfd2126debfd5440cade3ef6c2a3c20cf7cf9/2024_01.csv#record=38585,NIKL source band: beginner; project heuristic TOPIK 2: beginner expansion/category or uncategorized entry; not an official per-grade list
ko-nikl-38592,물고기,,"An underwater vertebrate that has gills, fins and scales.",noun,plants and animals > animals,nikl-2024-mirror,https://huggingface.co/datasets/binjang/NIKL-korean-english-dictionary/resolve/3b4cfd2126debfd5440cade3ef6c2a3c20cf7cf9/2024_01.csv#record=38592,NIKL source band: beginner; project heuristic TOPIK 2: beginner expansion/category or uncategorized entry; not an official per-grade list
ko-nikl-38634,물론,,Without need to say.,adverb,general / source uncategorized,nikl-2024-mirror,https://huggingface.co/datasets/binjang/NIKL-korean-english-dictionary/resolve/3b4cfd2126debfd5440cade3ef6c2a3c20cf7cf9/2024_01.csv#record=38634,NIKL source band: beginner; project heuristic TOPIK 2: beginner expansion/category or uncategorized entry; not an official per-grade list
ko-nikl-38633,물론,,No need to say.,noun,general / source uncategorized,nikl-2024-mirror,https://huggingface.co/datasets/binjang/NIKL-korean-english-dictionary/resolve/3b4cfd2126debfd5440cade3ef6c2a3c20cf7cf9/2024_01.csv#record=38633,NIKL source band: beginner; project heuristic TOPIK 2: beginner expansion/category or uncategorized entry; not an official per-grade list
ko-nikl-38695,물어보다,,To ask a question to find out something.,verb,social life > speech acts,nikl-2024-mirror,https://huggingface.co/datasets/binjang/NIKL-korean-english-dictionary/resolve/3b4cfd2126debfd5440cade3ef6c2a3c20cf7cf9/2024_01.csv#record=38695,NIKL source band: beginner; project heuristic TOPIK 2: beginner expansion/category or uncategorized entry; not an official per-grade list
ko-nikl-38807,미국,,"A nation in the center of North America; it, a major trading partner of Korea, occupies an important position in international politics and economics; its principle language is English and capital city is Washington D.C.",noun,concepts > regions,nikl-2024-mirror,https://huggingface.co/datasets/binjang/NIKL-korean-english-dictionary/resolve/3b4cfd2126debfd5440cade3ef6c2a3c20cf7cf9/2024_01.csv#record=38807,NIKL source band: beginner; project heuristic TOPIK 2: beginner expansion/category or uncategorized entry; not an official per-grade list
ko-nikl-38814,미끄러지다,,"To slip over to one side or fall on a slippery surface. / For a car, train, ship, etc., to move forward unhindered along a road, track or waterway. / (slang) To be stripped of a position that one holds. / (slang) To not be among those selected or chosen, or fail an exam.",verb,people > physical actions,nikl-2024-mirror,https://huggingface.co/datasets/binjang/NIKL-korean-english-dictionary/resolve/3b4cfd2126debfd5440cade3ef6c2a3c20cf7cf9/2024_01.csv#record=38814,NIKL source band: beginner; project heuristic TOPIK 2: beginner expansion/category or uncategorized entry; not an official per-grade list
ko-nikl-38925,미술관,,A facility exhibiting works of art for people to see.,noun,culture > cultural venues,nikl-2024-mirror,https://huggingface.co/datasets/binjang/NIKL-korean-english-dictionary/resolve/3b4cfd2126debfd5440cade3ef6c2a3c20cf7cf9/2024_01.csv#record=38925,NIKL source band: beginner; project heuristic TOPIK 2: beginner expansion/category or uncategorized entry; not an official per-grade list
ko-nikl-38950,미안,,A state of feeling uncomfortable and shame after doing wrong to someone.,noun,people > emotions,nikl-2024-mirror,https://huggingface.co/datasets/binjang/NIKL-korean-english-dictionary/resolve/3b4cfd2126debfd5440cade3ef6c2a3c20cf7cf9/2024_01.csv#record=38950,NIKL source band: beginner; project heuristic TOPIK 2: beginner expansion/category or uncategorized entry; not an official per-grade list
ko-nikl-38971,미용실,,"A shop that people go to have their hair cut, dyed, or permed, or to receive makeup service.",noun,clothing and appearance > clothing related places,nikl-2024-mirror,https://huggingface.co/datasets/binjang/NIKL-korean-english-dictionary/resolve/3b4cfd2126debfd5440cade3ef6c2a3c20cf7cf9/2024_01.csv#record=38971,NIKL source band: beginner; project heuristic TOPIK 2: beginner expansion/category or uncategorized entry; not an official per-grade list
ko-nikl-39144,믿다,,To think of something as being right or true. / To expect something to meet one's expectations. / To believe in a god or religion. / To regard something as something else without a doubt.,verb,people > cognition,nikl-2024-mirror,https://huggingface.co/datasets/binjang/NIKL-korean-english-dictionary/resolve/3b4cfd2126debfd5440cade3ef6c2a3c20cf7cf9/2024_01.csv#record=39144,NIKL source band: beginner; project heuristic TOPIK 2: beginner expansion/category or uncategorized entry; not an official per-grade list
ko-nikl-39156,밀다,,To apply force against an object from one direction to move it to the opposite direction. / To remove or wipe off something messy on a floor or surface by rubbing on it. / To remove by demolishing or cutting. / To take care of and support from behind the scenes. / To press and rub a tool against the ground to level it. / To press something into a thin layer. / To print with a mimeograph. / To assert or push ahead with. / To present or support someone to occupy a certain position.,verb,people > physical actions,nikl-2024-mirror,https://huggingface.co/datasets/binjang/NIKL-korean-english-dictionary/resolve/3b4cfd2126debfd5440cade3ef6c2a3c20cf7cf9/2024_01.csv#record=39156,NIKL source band: beginner; project heuristic TOPIK 2: beginner expansion/category or uncategorized entry; not an official per-grade list
ko-nikl-39303,바깥쪽,,The side facing outward. / The part revealed outward.,noun,general / source uncategorized,nikl-2024-mirror,https://huggingface.co/datasets/binjang/NIKL-korean-english-dictionary/resolve/3b4cfd2126debfd5440cade3ef6c2a3c20cf7cf9/2024_01.csv#record=39303,NIKL source band: beginner; project heuristic TOPIK 2: beginner expansion/category or uncategorized entry; not an official per-grade list
ko-nikl-39307,바꾸다,,To remove something and replace it with another. / To translate from one language into another. / To give one's belongings to someone else and receive or take something in return. / To change the original content or state. / To transfer a call to someone else or get him/her to answer the call.,verb,social life > social activities,nikl-2024-mirror,https://huggingface.co/datasets/binjang/NIKL-korean-english-dictionary/resolve/3b4cfd2126debfd5440cade3ef6c2a3c20cf7cf9/2024_01.csv#record=39307,NIKL source band: beginner; project heuristic TOPIK 2: beginner expansion/category or uncategorized entry; not an official per-grade list
ko-nikl-39309,바뀌다,,"For something that has existed to be replaced by something else. / For a language to be translated into another language. / To have one's own object taken by someone and to take his/her object instead. / For a content, state, etc., to become changed or different. / To become the next day, month, year, season, etc., as time goes by. / To become the next turn.",verb,general / source uncategorized,nikl-2024-mirror,https://huggingface.co/datasets/binjang/NIKL-korean-english-dictionary/resolve/3b4cfd2126debfd5440cade3ef6c2a3c20cf7cf9/2024_01.csv#record=39309,NIKL source band: beginner; project heuristic TOPIK 2: beginner expansion/category or uncategorized entry; not an official per-grade list
ko-nikl-39326,바다,,The part of the earth that is differentiated from the land and filled with salty water. / The state or shape of a thing or phenomenon that is widely spread.,noun,nature > landforms,nikl-2024-mirror,https://huggingface.co/datasets/binjang/NIKL-korean-english-dictionary/resolve/3b4cfd2126debfd5440cade3ef6c2a3c20cf7cf9/2024_01.csv#record=39326,NIKL source band: beginner; project heuristic TOPIK 2: beginner expansion/category or uncategorized entry; not an official per-grade list
ko-nikl-39341,바닷가,,"A place where sea and land meet, or an area near that place.",noun,nature > landforms,nikl-2024-mirror,https://huggingface.co/datasets/binjang/NIKL-korean-english-dictionary/resolve/3b4cfd2126debfd5440cade3ef6c2a3c20cf7cf9/2024_01.csv#record=39341,NIKL source band: beginner; project heuristic TOPIK 2: beginner expansion/category or uncategorized entry; not an official per-grade list
ko-nikl-39366,바라다,,To expect that something could be done as one's thought or hope. / To think that one wants to own something. / To glance toward something.,verb,people > cognition,nikl-2024-mirror,https://huggingface.co/datasets/binjang/NIKL-korean-english-dictionary/resolve/3b4cfd2126debfd5440cade3ef6c2a3c20cf7cf9/2024_01.csv#record=39366,NIKL source band: beginner; project heuristic TOPIK 2: beginner expansion/category or uncategorized entry; not an official per-grade list
ko-nikl-39368,바라보다,,To look straight at something. / To examine and observe a certain event or phenomenon. / To have expectation or hope for something. / To approach a certain age. / To watch something without interfering or meddling in it. / To regard something as a particular thing.,verb,people > physical actions,nikl-2024-mirror,https://huggingface.co/datasets/binjang/NIKL-korean-english-dictionary/resolve/3b4cfd2126debfd5440cade3ef6c2a3c20cf7cf9/2024_01.csv#record=39368,NIKL source band: beginner; project heuristic TOPIK 2: beginner expansion/category or uncategorized entry; not an official per-grade list
ko-nikl-39407,바르다,,"To apply glue to paper, etc., and attach that to the surface of another object. / To spread soil, cement, etc., on a wall or floor evenly, or to fill a hole with it. / To put liquid, powder, etc., on the surface of an object and spread it evenly.",verb,daily life > medical treatment,nikl-2024-mirror,https://huggingface.co/datasets/binjang/NIKL-korean-english-dictionary/resolve/3b4cfd2126debfd5440cade3ef6c2a3c20cf7cf9/2024_01.csv#record=39407,NIKL source band: beginner; project heuristic TOPIK 2: beginner expansion/category or uncategorized entry; not an official per-grade list
ko-nikl-39463,바이올린,,"A musical instrument with an oval-shaped body, a slim middle and four strings attached to it that makes a sound when one rubs a bow against the strings.",noun,daily life > leisure equipment,nikl-2024-mirror,https://huggingface.co/datasets/binjang/NIKL-korean-english-dictionary/resolve/3b4cfd2126debfd5440cade3ef6c2a3c20cf7cf9/2024_01.csv#record=39463,NIKL source band: beginner; project heuristic TOPIK 2: beginner expansion/category or uncategorized entry; not an official per-grade list
ko-nikl-39509,박물관,,"A facility in which relics or pieces of art are collected, stored, exhibited so that people can see or study.",noun,culture > cultural venues,nikl-2024-mirror,https://huggingface.co/datasets/binjang/NIKL-korean-english-dictionary/resolve/3b4cfd2126debfd5440cade3ef6c2a3c20cf7cf9/2024_01.csv#record=39509,NIKL source band: beginner; project heuristic TOPIK 2: beginner expansion/category or uncategorized entry; not an official per-grade list
ko-nikl-39517,박수,,"The act of clapping one's hands to show happiness, celebration, welcome, compliment, etc., or to keep a rhythm.",noun,people > physical actions,nikl-2024-mirror,https://huggingface.co/datasets/binjang/NIKL-korean-english-dictionary/resolve/3b4cfd2126debfd5440cade3ef6c2a3c20cf7cf9/2024_01.csv#record=39517,NIKL source band: beginner; project heuristic TOPIK 2: beginner expansion/category or uncategorized entry; not an official per-grade list
ko-nikl-39561,반,,One of two things split equally. / A phrase or part that is in the middle of a certain task or thing.,noun,concepts > quantity,nikl-2024-mirror,https://huggingface.co/datasets/binjang/NIKL-korean-english-dictionary/resolve/3b4cfd2126debfd5440cade3ef6c2a3c20cf7cf9/2024_01.csv#record=39561,NIKL source band: beginner; project heuristic TOPIK 2: beginner expansion/category or uncategorized entry; not an official per-grade list
ko-nikl-39608,반드시,,Surely.,adverb,general / source uncategorized,nikl-2024-mirror,https://huggingface.co/datasets/binjang/NIKL-korean-english-dictionary/resolve/3b4cfd2126debfd5440cade3ef6c2a3c20cf7cf9/2024_01.csv#record=39608,NIKL source band: beginner; project heuristic TOPIK 2: beginner expansion/category or uncategorized entry; not an official per-grade list
ko-nikl-39823,받아쓰다,,To write down what someone says or reads.,verb,general / source uncategorized,nikl-2024-mirror,https://huggingface.co/datasets/binjang/NIKL-korean-english-dictionary/resolve/3b4cfd2126debfd5440cade3ef6c2a3c20cf7cf9/2024_01.csv#record=39823,NIKL source band: beginner; project heuristic TOPIK 2: beginner expansion/category or uncategorized entry; not an official per-grade list
ko-nikl-40170,밝다,,"The light emanating from something being bright. / A place being light as a result of getting a lot of sun. / A color being not dark or impure. / Eyesight or hearing being good. / Polite. / Sound and fair. / A facial expression, personality, mood, etc., being lively and pleasant. / Knowing well about something and dealing with it perfectly. / One's expected future being positive. / Knowing a lot about something.",descriptive verb,concepts > brightness,nikl-2024-mirror,https://huggingface.co/datasets/binjang/NIKL-korean-english-dictionary/resolve/3b4cfd2126debfd5440cade3ef6c2a3c20cf7cf9/2024_01.csv#record=40170,NIKL source band: beginner; project heuristic TOPIK 2: beginner expansion/category or uncategorized entry; not an official per-grade list
ko-nikl-40169,밝다,,To become light after dark. / To become morning after night.,verb,concepts > brightness,nikl-2024-mirror,https://huggingface.co/datasets/binjang/NIKL-korean-english-dictionary/resolve/3b4cfd2126debfd5440cade3ef6c2a3c20cf7cf9/2024_01.csv#record=40169,NIKL source band: beginner; project heuristic TOPIK 2: beginner expansion/category or uncategorized entry; not an official per-grade list
ko-nikl-40335,방문,,The act of going to a certain place in order to meet a person or see something.,noun,social life > social activities,nikl-2024-mirror,https://huggingface.co/datasets/binjang/NIKL-korean-english-dictionary/resolve/3b4cfd2126debfd5440cade3ef6c2a3c20cf7cf9/2024_01.csv#record=40335,NIKL source band: beginner; project heuristic TOPIK 2: beginner expansion/category or uncategorized entry; not an official per-grade list
ko-nikl-40348,방법,,A method or way of doing something.,noun,general / source uncategorized,nikl-2024-mirror,https://huggingface.co/datasets/binjang/NIKL-korean-english-dictionary/resolve/3b4cfd2126debfd5440cade3ef6c2a3c20cf7cf9/2024_01.csv#record=40348,NIKL source band: beginner; project heuristic TOPIK 2: beginner expansion/category or uncategorized entry; not an official per-grade list
ko-nikl-40365,방송,,"The act of transmitting sounds, visual images, etc., by television or radio in the form of radio waves so that people can watch or listen to them.",noun,social life > media,nikl-2024-mirror,https://huggingface.co/datasets/binjang/NIKL-korean-english-dictionary/resolve/3b4cfd2126debfd5440cade3ef6c2a3c20cf7cf9/2024_01.csv#record=40365,NIKL source band: beginner; project heuristic TOPIK 2: beginner expansion/category or uncategorized entry; not an official per-grade list
ko-nikl-40368,방송국,,An outlet equipped with facilities for broadcasting by radio or television.,noun,social life > workplaces,nikl-2024-mirror,https://huggingface.co/datasets/binjang/NIKL-korean-english-dictionary/resolve/3b4cfd2126debfd5440cade3ef6c2a3c20cf7cf9/2024_01.csv#record=40368,NIKL source band: beginner; project heuristic TOPIK 2: beginner expansion/category or uncategorized entry; not an official per-grade list
ko-nikl-40582,배달,,"The act of delivering mail, goods, food, etc.",noun,economy > economic activities,nikl-2024-mirror,https://huggingface.co/datasets/binjang/NIKL-korean-english-dictionary/resolve/3b4cfd2126debfd5440cade3ef6c2a3c20cf7cf9/2024_01.csv#record=40582,NIKL source band: beginner; project heuristic TOPIK 2: beginner expansion/category or uncategorized entry; not an official per-grade list
ko-nikl-40593,배드민턴,,A game in which a ball with feathers is exchanged across a net using rackets.,noun,daily life > leisure activities,nikl-2024-mirror,https://huggingface.co/datasets/binjang/NIKL-korean-english-dictionary/resolve/3b4cfd2126debfd5440cade3ef6c2a3c20cf7cf9/2024_01.csv#record=40593,NIKL source band: beginner; project heuristic TOPIK 2: beginner expansion/category or uncategorized entry; not an official per-grade list
ko-nikl-40715,배탈,,"A disorder of indigestive function, characterized by diarrhea or pain in the stomach.",noun,daily life > illness and symptoms,nikl-2024-mirror,https://huggingface.co/datasets/binjang/NIKL-korean-english-dictionary/resolve/3b4cfd2126debfd5440cade3ef6c2a3c20cf7cf9/2024_01.csv#record=40715,NIKL source band: beginner; project heuristic TOPIK 2: beginner expansion/category or uncategorized entry; not an official per-grade list
ko-nikl-40841,백화점,,A large retail store divided into departments selling a great many kinds of goods in one building.,noun,economy > commercial places,nikl-2024-mirror,https://huggingface.co/datasets/binjang/NIKL-korean-english-dictionary/resolve/3b4cfd2126debfd5440cade3ef6c2a3c20cf7cf9/2024_01.csv#record=40841,NIKL source band: beginner; project heuristic TOPIK 2: beginner expansion/category or uncategorized entry; not an official per-grade list
ko-nikl-40850,뱀,,"A limbless reptile that has a cylindrical, long, slender body and scaly skin.",noun,plants and animals > animals,nikl-2024-mirror,https://huggingface.co/datasets/binjang/NIKL-korean-english-dictionary/resolve/3b4cfd2126debfd5440cade3ef6c2a3c20cf7cf9/2024_01.csv#record=40850,NIKL source band: beginner; project heuristic TOPIK 2: beginner expansion/category or uncategorized entry; not an official per-grade list
ko-nikl-40912,버리다,,"To throw or pour out unnecessary things that one has had. / To get rid of a bad personality trait or habit. / To sever one's relationships by leaving one's family, hometown, country, etc. / To quit a work or job one has been engaged in. / To cut off the relationship with a close person and not take care of him/her. / To forget the thoughts one had. / To make something unusable by damaging it or making it dirty. / To damage one's health or personality.",verb,general / source uncategorized,nikl-2024-mirror,https://huggingface.co/datasets/binjang/NIKL-korean-english-dictionary/resolve/3b4cfd2126debfd5440cade3ef6c2a3c20cf7cf9/2024_01.csv#record=40912,NIKL source band: beginner; project heuristic TOPIK 2: beginner expansion/category or uncategorized entry; not an official per-grade list
ko-nikl-41066,벌다,,"To obtain or save money by doing some work. / To have free time or more money, as a result of one's choice to spare or not use time or money. / To knowingly do something that deserves blame or complaint. / To borrow someone's land and cultivate it.",verb,economy > economic activities,nikl-2024-mirror,https://huggingface.co/datasets/binjang/NIKL-korean-english-dictionary/resolve/3b4cfd2126debfd5440cade3ef6c2a3c20cf7cf9/2024_01.csv#record=41066,NIKL source band: beginner; project heuristic TOPIK 2: beginner expansion/category or uncategorized entry; not an official per-grade list
ko-nikl-05320,베트남,,"A country in the eastern part of the Indochinese peninsula, in East Asia; after the Second World War, it was divided into the south and the north and was united as a communist country, through a war in 1975; it produces rice, iron ore, etc.; the official language is Vietnamese and the capital is Hanoi.",noun,concepts > regions,nikl-2024-mirror,https://huggingface.co/datasets/binjang/NIKL-korean-english-dictionary/resolve/3b4cfd2126debfd5440cade3ef6c2a3c20cf7cf9/2024_01.csv#record=5320,NIKL source band: beginner; project heuristic TOPIK 2: beginner expansion/category or uncategorized entry; not an official per-grade list
ko-nikl-05477,변하다,,For something to become something else or become different in nature. / A person's nature or state of things becomes different from before.,verb,general / source uncategorized,nikl-2024-mirror,https://huggingface.co/datasets/binjang/NIKL-korean-english-dictionary/resolve/3b4cfd2126debfd5440cade3ef6c2a3c20cf7cf9/2024_01.csv#record=5477,NIKL source band: beginner; project heuristic TOPIK 2: beginner expansion/category or uncategorized entry; not an official per-grade list
ko-nikl-05488,변호사,,A person who is legally qualified to defend a defendant or plaintiff and to professionally deal with law-related matters.,noun,politics and administration > judicial and policing actors,nikl-2024-mirror,https://huggingface.co/datasets/binjang/NIKL-korean-english-dictionary/resolve/3b4cfd2126debfd5440cade3ef6c2a3c20cf7cf9/2024_01.csv#record=5488,NIKL source band: beginner; project heuristic TOPIK 2: beginner expansion/category or uncategorized entry; not an official per-grade list
ko-nikl-05501,별,,"A star, a celestial body other than the moon that shines at night. / A general-level military officer, or that officer's insignia. / A five-pointed star-shaped figure. / (figurative) A person who has achieved distinction or become famous and popular. / (figurative) Flickering lights seen after hitting one's head or feeling dizzy.",noun,nature > celestial objects,nikl-2024-mirror,https://huggingface.co/datasets/binjang/NIKL-korean-english-dictionary/resolve/3b4cfd2126debfd5440cade3ef6c2a3c20cf7cf9/2024_01.csv#record=5501,NIKL source band: beginner; project heuristic TOPIK 2: beginner expansion/category or uncategorized entry; not an official per-grade list
ko-nikl-05524,별로,,Separately in particular; differently to such a degree.,adverb,concepts > degree,nikl-2024-mirror,https://huggingface.co/datasets/binjang/NIKL-korean-english-dictionary/resolve/3b4cfd2126debfd5440cade3ef6c2a3c20cf7cf9/2024_01.csv#record=5524,NIKL source band: beginner; project heuristic TOPIK 2: beginner expansion/category or uncategorized entry; not an official per-grade list
ko-nikl-05596,병문안,,The act of visiting and consoling a sick person.,noun,social life > social activities,nikl-2024-mirror,https://huggingface.co/datasets/binjang/NIKL-korean-english-dictionary/resolve/3b4cfd2126debfd5440cade3ef6c2a3c20cf7cf9/2024_01.csv#record=5596,NIKL source band: beginner; project heuristic TOPIK 2: beginner expansion/category or uncategorized entry; not an official per-grade list
ko-nikl-05832,보이다,,To come to know the presence or outward appearance of an object by looking at it. / To come to know the content or state of an object by observing it. / For a certain result to come out. / For something to be thought of or regarded as having a certain trait.,verb,people > senses,nikl-2024-mirror,https://huggingface.co/datasets/binjang/NIKL-korean-english-dictionary/resolve/3b4cfd2126debfd5440cade3ef6c2a3c20cf7cf9/2024_01.csv#record=5832,NIKL source band: beginner; project heuristic TOPIK 2: beginner expansion/category or uncategorized entry; not an official per-grade list
ko-nikl-05833,보이다,,To make someone know the presence or outward appearance of an object by looking at it. . / To make someone enjoy or appreciate something by looking at it. / To make someone observe something to know its content or state. / To make a person or thing suffer or experience or come to gain something. / To make a person look at a thing or meet another person with a certain purpose.,verb,general / source uncategorized,nikl-2024-mirror,https://huggingface.co/datasets/binjang/NIKL-korean-english-dictionary/resolve/3b4cfd2126debfd5440cade3ef6c2a3c20cf7cf9/2024_01.csv#record=5833,NIKL source band: beginner; project heuristic TOPIK 2: beginner expansion/category or uncategorized entry; not an official per-grade list
ko-nikl-05998,복습,,The act of going over what has been learned.,noun,education > teaching and learning,nikl-2024-mirror,https://huggingface.co/datasets/binjang/NIKL-korean-english-dictionary/resolve/3b4cfd2126debfd5440cade3ef6c2a3c20cf7cf9/2024_01.csv#record=5998,NIKL source band: beginner; project heuristic TOPIK 2: beginner expansion/category or uncategorized entry; not an official per-grade list
ko-nikl-06024,복잡하다,,"Things, emotions, etc., being too entangled to sort out. / Disordered because things or people bustle around in one place.",descriptive verb,general / source uncategorized,nikl-2024-mirror,https://huggingface.co/datasets/binjang/NIKL-korean-english-dictionary/resolve/3b4cfd2126debfd5440cade3ef6c2a3c20cf7cf9/2024_01.csv#record=6024,NIKL source band: beginner; project heuristic TOPIK 2: beginner expansion/category or uncategorized entry; not an official per-grade list
ko-nikl-06281,뵙다,,To see a person who is elder.,verb,social life > social activities,nikl-2024-mirror,https://huggingface.co/datasets/binjang/NIKL-korean-english-dictionary/resolve/3b4cfd2126debfd5440cade3ef6c2a3c20cf7cf9/2024_01.csv#record=6281,NIKL source band: beginner; project heuristic TOPIK 2: beginner expansion/category or uncategorized entry; not an official per-grade list
ko-nikl-06329,부끄럽다,,Bashful or coy. / Feeling shame with an uneasy conscience.,descriptive verb,people > emotions,nikl-2024-mirror,https://huggingface.co/datasets/binjang/NIKL-korean-english-dictionary/resolve/3b4cfd2126debfd5440cade3ef6c2a3c20cf7cf9/2024_01.csv#record=6329,NIKL source band: beginner; project heuristic TOPIK 2: beginner expansion/category or uncategorized entry; not an official per-grade list
ko-nikl-06377,부드럽다,,"Silky, not rough or stiff, to the touch. / The texture of food being not tough or hard. / The powder of something being very small and soft. / One's personality, heart, attitude, etc., being kind and warm. / The operation of a machine, etc., being not stiff. / An alcoholic beverage being not strong so as to go down smoothly through the throat.",descriptive verb,concepts > properties,nikl-2024-mirror,https://huggingface.co/datasets/binjang/NIKL-korean-english-dictionary/resolve/3b4cfd2126debfd5440cade3ef6c2a3c20cf7cf9/2024_01.csv#record=6377,NIKL source band: beginner; project heuristic TOPIK 2: beginner expansion/category or uncategorized entry; not an official per-grade list
ko-nikl-06409,부럽다,,Desiring to achieve or possess the same kind of feat or thing that others have achieved or possess because they look good.,descriptive verb,people > emotions,nikl-2024-mirror,https://huggingface.co/datasets/binjang/NIKL-korean-english-dictionary/resolve/3b4cfd2126debfd5440cade3ef6c2a3c20cf7cf9/2024_01.csv#record=6409,NIKL source band: beginner; project heuristic TOPIK 2: beginner expansion/category or uncategorized entry; not an official per-grade list
ko-nikl-06415,부르다,,Feeling one's stomach is stuffed after eating food. / Having a large belly due to pregnancy. / An object bulging in the middle.,descriptive verb,people > senses,nikl-2024-mirror,https://huggingface.co/datasets/binjang/NIKL-korean-english-dictionary/resolve/3b4cfd2126debfd5440cade3ef6c2a3c20cf7cf9/2024_01.csv#record=6415,NIKL source band: beginner; project heuristic TOPIK 2: beginner expansion/category or uncategorized entry; not an official per-grade list
ko-nikl-06413,부르다,,To ask someone to come or draw his/her attention through words or actions. / To check by reading aloud names or a list of names. / To say something to be recorded or repeated by another. / To sing to a tune. / To quote a price or value. / To say out loud a slogan or cheer. / For actions or words to bring about a relevant result. / To cause someone to act for a cause. / To ask for someone to come. / To call or name someone something.,verb,daily life > leisure activities,nikl-2024-mirror,https://huggingface.co/datasets/binjang/NIKL-korean-english-dictionary/resolve/3b4cfd2126debfd5440cade3ef6c2a3c20cf7cf9/2024_01.csv#record=6413,NIKL source band: beginner; project heuristic TOPIK 2: beginner expansion/category or uncategorized entry; not an official per-grade list
ko-nikl-06449,부분,,One of the parts that comprises the whole; one of the parts into which the whole is divided.,noun,concepts > degree,nikl-2024-mirror,https://huggingface.co/datasets/binjang/NIKL-korean-english-dictionary/resolve/3b4cfd2126debfd5440cade3ef6c2a3c20cf7cf9/2024_01.csv#record=6449,NIKL source band: beginner; project heuristic TOPIK 2: beginner expansion/category or uncategorized entry; not an official per-grade list
ko-nikl-06462,부산,,"A metropolitan city in the southeastern region of Gyeongsangnam-do, or South Gyeongsang Province; the biggest city second to Seoul, it has the largest trade port in Korea.",noun,concepts > regions,nikl-2024-mirror,https://huggingface.co/datasets/binjang/NIKL-korean-english-dictionary/resolve/3b4cfd2126debfd5440cade3ef6c2a3c20cf7cf9/2024_01.csv#record=6462,NIKL source band: beginner; project heuristic TOPIK 2: beginner expansion/category or uncategorized entry; not an official per-grade list
ko-nikl-06575,부자,,"A person who has a large amount of property, enough to live comfortably. / A person who has something in great amount above average.",noun,people > types of people,nikl-2024-mirror,https://huggingface.co/datasets/binjang/NIKL-korean-english-dictionary/resolve/3b4cfd2126debfd5440cade3ef6c2a3c20cf7cf9/2024_01.csv#record=6575,NIKL source band: beginner; project heuristic TOPIK 2: beginner expansion/category or uncategorized entry; not an official per-grade list
ko-nikl-06586,부장,,"A position of being responsible for a department in an institution, organization, etc.; a person in the position.",noun,social life > job positions,nikl-2024-mirror,https://huggingface.co/datasets/binjang/NIKL-korean-english-dictionary/resolve/3b4cfd2126debfd5440cade3ef6c2a3c20cf7cf9/2024_01.csv#record=6586,NIKL source band: beginner; project heuristic TOPIK 2: beginner expansion/category or uncategorized entry; not an official per-grade list
ko-nikl-06635,부족,,A state of being not enough or being less than what is needed.,noun,concepts > quantity,nikl-2024-mirror,https://huggingface.co/datasets/binjang/NIKL-korean-english-dictionary/resolve/3b4cfd2126debfd5440cade3ef6c2a3c20cf7cf9/2024_01.csv#record=6635,NIKL source band: beginner; project heuristic TOPIK 2: beginner expansion/category or uncategorized entry; not an official per-grade list
ko-nikl-06649,부지런하다,,Tending to work steadily without being idle.,descriptive verb,people > attitudes,nikl-2024-mirror,https://huggingface.co/datasets/binjang/NIKL-korean-english-dictionary/resolve/3b4cfd2126debfd5440cade3ef6c2a3c20cf7cf9/2024_01.csv#record=6649,NIKL source band: beginner; project heuristic TOPIK 2: beginner expansion/category or uncategorized entry; not an official per-grade list
ko-nikl-06687,부치다,,"To forward a letter, object, etc. / To make something the subject of a vote, trial, meeting, etc. / To put a certain problem or matter in a certain state. / To send a manuscript to press. / To express one's mind, thinking, etc., by comparing it to something. / To stay in a certain place for boarding and lodging. / To express one's opinion in commemoration of a special day or event.",verb,social life > telecommunications,nikl-2024-mirror,https://huggingface.co/datasets/binjang/NIKL-korean-english-dictionary/resolve/3b4cfd2126debfd5440cade3ef6c2a3c20cf7cf9/2024_01.csv#record=6687,NIKL source band: beginner; project heuristic TOPIK 2: beginner expansion/category or uncategorized entry; not an official per-grade list
ko-nikl-06698,부탁,,The act of asking someone to do something or entrusting someone with something.,noun,social life > social activities,nikl-2024-mirror,https://huggingface.co/datasets/binjang/NIKL-korean-english-dictionary/resolve/3b4cfd2126debfd5440cade3ef6c2a3c20cf7cf9/2024_01.csv#record=6698,NIKL source band: beginner; project heuristic TOPIK 2: beginner expansion/category or uncategorized entry; not an official per-grade list
ko-nikl-06859,분명하다,,"A shape or sound being clear, not vague. / Behavior, an attitude, or character being definite and clear. / A certain truth being exact and clear.",descriptive verb,concepts > degree,nikl-2024-mirror,https://huggingface.co/datasets/binjang/NIKL-korean-english-dictionary/resolve/3b4cfd2126debfd5440cade3ef6c2a3c20cf7cf9/2024_01.csv#record=6859,NIKL source band: beginner; project heuristic TOPIK 2: beginner expansion/category or uncategorized entry; not an official per-grade list
ko-nikl-06935,분위기,,The atmosphere that is felt on an occasion or in a situation. / The situation or environment that one is in. / A unique quality that someone or something has. / The overall atmosphere of a group.,noun,general / source uncategorized,nikl-2024-mirror,https://huggingface.co/datasets/binjang/NIKL-korean-english-dictionary/resolve/3b4cfd2126debfd5440cade3ef6c2a3c20cf7cf9/2024_01.csv#record=6935,NIKL source band: beginner; project heuristic TOPIK 2: beginner expansion/category or uncategorized entry; not an official per-grade list
ko-nikl-07116,불다,,"For a wind to form and move in a certain direction. / For a vogue, trend, change, etc., to take place and spread. / To use the mouth to blow or create wind. / To put the lips close to each other and make a sound by exhaling between them. / To let out a breath hard through the nose. / To put a wind instrument to the mouth and exhale to make a sound. / (slang) To say what one has been hiding.",verb,daily life > leisure activities,nikl-2024-mirror,https://huggingface.co/datasets/binjang/NIKL-korean-english-dictionary/resolve/3b4cfd2126debfd5440cade3ef6c2a3c20cf7cf9/2024_01.csv#record=7116,NIKL source band: beginner; project heuristic TOPIK 2: beginner expansion/category or uncategorized entry; not an official per-grade list
ko-nikl-07246,불쌍하다,,Feeling sorry and sad because someone is in a bad situation.,descriptive verb,people > emotions,nikl-2024-mirror,https://huggingface.co/datasets/binjang/NIKL-korean-english-dictionary/resolve/3b4cfd2126debfd5440cade3ef6c2a3c20cf7cf9/2024_01.csv#record=7246,NIKL source band: beginner; project heuristic TOPIK 2: beginner expansion/category or uncategorized entry; not an official per-grade list
ko-nikl-07252,불안,,The state of being anxious without feeling at ease. / A disorder in the atmosphere or state because it is not stable.,noun,people > emotions,nikl-2024-mirror,https://huggingface.co/datasets/binjang/NIKL-korean-english-dictionary/resolve/3b4cfd2126debfd5440cade3ef6c2a3c20cf7cf9/2024_01.csv#record=7252,NIKL source band: beginner; project heuristic TOPIK 2: beginner expansion/category or uncategorized entry; not an official per-grade list
ko-nikl-07348,불편,,"An inconvenience in using something. / Discomfort and pain in one's body or mind. / The awkwardness of a relationship with another person, etc.",noun,housing > housing conditions,nikl-2024-mirror,https://huggingface.co/datasets/binjang/NIKL-korean-english-dictionary/resolve/3b4cfd2126debfd5440cade3ef6c2a3c20cf7cf9/2024_01.csv#record=7348,NIKL source band: beginner; project heuristic TOPIK 2: beginner expansion/category or uncategorized entry; not an official per-grade list
ko-nikl-07411,붙다,,"For something to adhere to something else and not come off easily. / To pass an examination, etc. / For fire to begin to spread. / To embark on or hold on to certain work. / For a facility to be attached to something. / For a condition, reason, excuse, etc., to be followed. / To be somewhere constantly. / To be added to the main part of something. / For clothes to be very tight. / For objects or people to be close to each other. / To depend on others for one's living. / To take care of or follow someone right next to him/her. / To participate in work, a game, group, etc. / To follow someone closely. / For a ghost, etc., to inhabit a person, place, etc. / For one's skill, etc., to grow or be created. / For something to be added or created. / For one's life to continue. / For a new name, reputation, etc., to be given. / (slang) For a person to feel that someone of the opposite sex is attractive and follow him/her. / For a match, fight, etc., to begin. / For a feeling or sense to arise. / For a female and a male to mate. / (slang) For a man and a woman to be on intimate terms or have a sexual relationship.",verb,general / source uncategorized,nikl-2024-mirror,https://huggingface.co/datasets/binjang/NIKL-korean-english-dictionary/resolve/3b4cfd2126debfd5440cade3ef6c2a3c20cf7cf9/2024_01.csv#record=7411,NIKL source band: beginner; project heuristic TOPIK 2: beginner expansion/category or uncategorized entry; not an official per-grade list
ko-nikl-07418,붙이다,,"To make something not come off somewhere. / To cause something to start burning. / To add a condition, reason, explanation, etc. / For a plant to take root. / To make something attached to a main, basic thing. / To make one thing touch another thing, or be very close to it. / To make someone stay beside and take care of another person. / To make something be added or created. / To decide a name, title, etc. / To cause a feeling, sense, etc., to arise. / To begin to talk in order to communicate with someone. / To have expectation or hope. / To make someone join in doing something or join a group. / To keep oneself alive. / To hit someone on his/her cheek or hip strongly. / To shout a command with a loud voice. / To make people begin a competition, fight, etc. / To make a male and a female mate for reproduction. / To make someone be close to another person. / To make someone pass an examination, etc. / To add interest, a tax, etc., to a principal. / To salute with one's hand on one side of one's forehead. / To have a fixed place to live or have meals for a while.",verb,general / source uncategorized,nikl-2024-mirror,https://huggingface.co/datasets/binjang/NIKL-korean-english-dictionary/resolve/3b4cfd2126debfd5440cade3ef6c2a3c20cf7cf9/2024_01.csv#record=7418,NIKL source band: beginner; project heuristic TOPIK 2: beginner expansion/category or uncategorized entry; not an official per-grade list
ko-nikl-07452,비교,,The act of taking two or more things and examing them for common and distinguishing features.,noun,general / source uncategorized,nikl-2024-mirror,https://huggingface.co/datasets/binjang/NIKL-korean-english-dictionary/resolve/3b4cfd2126debfd5440cade3ef6c2a3c20cf7cf9/2024_01.csv#record=7452,NIKL source band: beginner; project heuristic TOPIK 2: beginner expansion/category or uncategorized entry; not an official per-grade list
ko-nikl-07479,비다,,For a space to contain nothing or no one. / To become empty-handed or have no possession with oneself. / To have time to spare. / To become less cautious or alert than needed. / To not have truth or substance. / To not have knowledge or thoughts about something. / For money or wealth to disappear. / To feel lonely and forlorn. / For a feeling of desire or attachment to disappear. / To be less than the original amount.,verb,concepts > quantity,nikl-2024-mirror,https://huggingface.co/datasets/binjang/NIKL-korean-english-dictionary/resolve/3b4cfd2126debfd5440cade3ef6c2a3c20cf7cf9/2024_01.csv#record=7479,NIKL source band: beginner; project heuristic TOPIK 2: beginner expansion/category or uncategorized entry; not an official per-grade list
ko-nikl-07493,비디오,,The image in contrast to the sound of a television. / A tape recording images and sound. / A device for playing the images and sounds contained in a videotape or recording new images and sounds on a videotape.,noun,social life > media,nikl-2024-mirror,https://huggingface.co/datasets/binjang/NIKL-korean-english-dictionary/resolve/3b4cfd2126debfd5440cade3ef6c2a3c20cf7cf9/2024_01.csv#record=7493,NIKL source band: beginner; project heuristic TOPIK 2: beginner expansion/category or uncategorized entry; not an official per-grade list
ko-nikl-07519,비밀,,A hidden thing unknown to others. / Something that has not yet been disclosed or known.,noun,general / source uncategorized,nikl-2024-mirror,https://huggingface.co/datasets/binjang/NIKL-korean-english-dictionary/resolve/3b4cfd2126debfd5440cade3ef6c2a3c20cf7cf9/2024_01.csv#record=7519,NIKL source band: beginner; project heuristic TOPIK 2: beginner expansion/category or uncategorized entry; not an official per-grade list
ko-nikl-07559,비슷하다,,"Two or more sizes, shapes, states, qualities, etc., being not the same, but being alike in many ways. / Being guessed as something although it is not certain. / Resembling something, though not precisely.",descriptive verb,concepts > shape,nikl-2024-mirror,https://huggingface.co/datasets/binjang/NIKL-korean-english-dictionary/resolve/3b4cfd2126debfd5440cade3ef6c2a3c20cf7cf9/2024_01.csv#record=7559,NIKL source band: beginner; project heuristic TOPIK 2: beginner expansion/category or uncategorized entry; not an official per-grade list
ko-nikl-07772,빌딩,,A western high-rise structure usually filled with offices.,noun,housing > building types,nikl-2024-mirror,https://huggingface.co/datasets/binjang/NIKL-korean-english-dictionary/resolve/3b4cfd2126debfd5440cade3ef6c2a3c20cf7cf9/2024_01.csv#record=7772,NIKL source band: beginner; project heuristic TOPIK 2: beginner expansion/category or uncategorized entry; not an official per-grade list
ko-nikl-07774,빌리다,,"To borrow goods, money, etc., from someone for a certain period of time on the condition of returning them or paying a price later. / To receive help from a person, object, etc. / To use a certain form, theory, or someone's writing or speaking. / To take advantage of an opportunity to do something.",verb,economy > economic activities,nikl-2024-mirror,https://huggingface.co/datasets/binjang/NIKL-korean-english-dictionary/resolve/3b4cfd2126debfd5440cade3ef6c2a3c20cf7cf9/2024_01.csv#record=7774,NIKL source band: beginner; project heuristic TOPIK 2: beginner expansion/category or uncategorized entry; not an official per-grade list
ko-nikl-07862,빠지다,,"To fall into water, a pit, etc. / To be put in a difficult situation. / To be taken in by a plausible remark or trick. / To fall into a deep sleep or state of coma, etc. / To be excessively engrossed in something.",verb,general / source uncategorized,nikl-2024-mirror,https://huggingface.co/datasets/binjang/NIKL-korean-english-dictionary/resolve/3b4cfd2126debfd5440cade3ef6c2a3c20cf7cf9/2024_01.csv#record=7862,NIKL source band: beginner; project heuristic TOPIK 2: beginner expansion/category or uncategorized entry; not an official per-grade list
ko-nikl-08048,뽑다,,"To pull at a thing stuck somewhere so as to make it come out. / To make liquid inside something come outside. / To decide by choosing one among many. / To elect someone for a certain purpose. / To sing a song. / To take money out of a bank account. / To make unnecessary things disappear. / To make something inside come out in a thin, long shape. / To make food or things inside a machine like a vending machine come outside by paying money. / To make a photo appear on photographic paper or print a document on paper. / To buy a new car, etc. / To dress up nicely.",verb,general / source uncategorized,nikl-2024-mirror,https://huggingface.co/datasets/binjang/NIKL-korean-english-dictionary/resolve/3b4cfd2126debfd5440cade3ef6c2a3c20cf7cf9/2024_01.csv#record=8048,NIKL source band: beginner; project heuristic TOPIK 2: beginner expansion/category or uncategorized entry; not an official per-grade list
ko-nikl-08202,사귀다,,To come to know and keep each other's company.,verb,social life > social activities,nikl-2024-mirror,https://huggingface.co/datasets/binjang/NIKL-korean-english-dictionary/resolve/3b4cfd2126debfd5440cade3ef6c2a3c20cf7cf9/2024_01.csv#record=8202,NIKL source band: beginner; project heuristic TOPIK 2: beginner expansion/category or uncategorized entry; not an official per-grade list
ko-nikl-08280,사랑,,The state of being sexually attracted to and having strong affection for a person. / The attitude of sincerely caring about someone out of affection. / The attitude of trying to help and understand others. / The attitude of liking or enjoying something very much. / A person that one loves and cares about dearly..,noun,people > emotions,nikl-2024-mirror,https://huggingface.co/datasets/binjang/NIKL-korean-english-dictionary/resolve/3b4cfd2126debfd5440cade3ef6c2a3c20cf7cf9/2024_01.csv#record=8280,NIKL source band: beginner; project heuristic TOPIK 2: beginner expansion/category or uncategorized entry; not an official per-grade list
ko-nikl-08336,사무실,,"A room at work for working on a given task, usually doing paperwork, etc.",noun,social life > workplace life,nikl-2024-mirror,https://huggingface.co/datasets/binjang/NIKL-korean-english-dictionary/resolve/3b4cfd2126debfd5440cade3ef6c2a3c20cf7cf9/2024_01.csv#record=8336,NIKL source band: beginner; project heuristic TOPIK 2: beginner expansion/category or uncategorized entry; not an official per-grade list
ko-nikl-08422,사실,,In reality.,adverb,general / source uncategorized,nikl-2024-mirror,https://huggingface.co/datasets/binjang/NIKL-korean-english-dictionary/resolve/3b4cfd2126debfd5440cade3ef6c2a3c20cf7cf9/2024_01.csv#record=8422,NIKL source band: beginner; project heuristic TOPIK 2: beginner expansion/category or uncategorized entry; not an official per-grade list
ko-nikl-08421,사실,,An incident that actually happened or is in progress. / An expression used to frankly tell someone something that is not seen nor known. / An expression used to stress that what one is saying is right.,noun,general / source uncategorized,nikl-2024-mirror,https://huggingface.co/datasets/binjang/NIKL-korean-english-dictionary/resolve/3b4cfd2126debfd5440cade3ef6c2a3c20cf7cf9/2024_01.csv#record=8421,NIKL source band: beginner; project heuristic TOPIK 2: beginner expansion/category or uncategorized entry; not an official per-grade list
ko-nikl-08440,사업,,The act of managing an organization for economic gain. / An organized social activity done with a purpose other than money.,noun,economy > economic activities,nikl-2024-mirror,https://huggingface.co/datasets/binjang/NIKL-korean-english-dictionary/resolve/3b4cfd2126debfd5440cade3ef6c2a3c20cf7cf9/2024_01.csv#record=8440,NIKL source band: beginner; project heuristic TOPIK 2: beginner expansion/category or uncategorized entry; not an official per-grade list
ko-nikl-08455,사용,,An act of using something for a certain job or function. / The act of hiring and using someone for doing something.,noun,general / source uncategorized,nikl-2024-mirror,https://huggingface.co/datasets/binjang/NIKL-korean-english-dictionary/resolve/3b4cfd2126debfd5440cade3ef6c2a3c20cf7cf9/2024_01.csv#record=8455,NIKL source band: beginner; project heuristic TOPIK 2: beginner expansion/category or uncategorized entry; not an official per-grade list
ko-nikl-08496,사이즈,,"A size or measurement of clothing, shoes, etc.",noun,concepts > shape,nikl-2024-mirror,https://huggingface.co/datasets/binjang/NIKL-korean-english-dictionary/resolve/3b4cfd2126debfd5440cade3ef6c2a3c20cf7cf9/2024_01.csv#record=8496,NIKL source band: beginner; project heuristic TOPIK 2: beginner expansion/category or uncategorized entry; not an official per-grade list
ko-nikl-08512,사장,,A person who represents a company and is responsible for corporate affairs.,noun,social life > job positions,nikl-2024-mirror,https://huggingface.co/datasets/binjang/NIKL-korean-english-dictionary/resolve/3b4cfd2126debfd5440cade3ef6c2a3c20cf7cf9/2024_01.csv#record=8512,NIKL source band: beginner; project heuristic TOPIK 2: beginner expansion/category or uncategorized entry; not an official per-grade list
ko-nikl-08671,산,,"A land mass that rises much higher above a plane and usually has trees, grass, rocks, etc.",noun,nature > landforms,nikl-2024-mirror,https://huggingface.co/datasets/binjang/NIKL-korean-english-dictionary/resolve/3b4cfd2126debfd5440cade3ef6c2a3c20cf7cf9/2024_01.csv#record=8671,NIKL source band: beginner; project heuristic TOPIK 2: beginner expansion/category or uncategorized entry; not an official per-grade list
ko-nikl-08773,산책,,An act of walking slowly around a nearby place for rest or health.,noun,daily life > leisure activities,nikl-2024-mirror,https://huggingface.co/datasets/binjang/NIKL-korean-english-dictionary/resolve/3b4cfd2126debfd5440cade3ef6c2a3c20cf7cf9/2024_01.csv#record=8773,NIKL source band: beginner; project heuristic TOPIK 2: beginner expansion/category or uncategorized entry; not an official per-grade list
ko-nikl-09017,상,,A thing given for doing something well or showing an excellent academic record. / A word meaning a'certificate of award' or 'prize.',noun,education > teaching and learning,nikl-2024-mirror,https://huggingface.co/datasets/binjang/NIKL-korean-english-dictionary/resolve/3b4cfd2126debfd5440cade3ef6c2a3c20cf7cf9/2024_01.csv#record=9017,NIKL source band: beginner; project heuristic TOPIK 2: beginner expansion/category or uncategorized entry; not an official per-grade list
ko-nikl-09252,상처,,Cuts and bruises caused by being injured. / A state of being heartbroken due to the suffering of loss.,noun,daily life > illness and symptoms,nikl-2024-mirror,https://huggingface.co/datasets/binjang/NIKL-korean-english-dictionary/resolve/3b4cfd2126debfd5440cade3ef6c2a3c20cf7cf9/2024_01.csv#record=9252,NIKL source band: beginner; project heuristic TOPIK 2: beginner expansion/category or uncategorized entry; not an official per-grade list
ko-nikl-09281,상품,,Goods to sell and buy.,noun,economy > financial instruments,nikl-2024-mirror,https://huggingface.co/datasets/binjang/NIKL-korean-english-dictionary/resolve/3b4cfd2126debfd5440cade3ef6c2a3c20cf7cf9/2024_01.csv#record=9281,NIKL source band: beginner; project heuristic TOPIK 2: beginner expansion/category or uncategorized entry; not an official per-grade list
ko-nikl-09325,새,,"Having not existed already, but having just been created. / Having recently been created or made. / Having recently been purchased or having just begun to be used.",determiner,general / source uncategorized,nikl-2024-mirror,https://huggingface.co/datasets/binjang/NIKL-korean-english-dictionary/resolve/3b4cfd2126debfd5440cade3ef6c2a3c20cf7cf9/2024_01.csv#record=9325,NIKL source band: beginner; project heuristic TOPIK 2: beginner expansion/category or uncategorized entry; not an official per-grade list
ko-nikl-09322,새,,A two-legged flying animal with feathers and wings on its body.,noun,plants and animals > animals,nikl-2024-mirror,https://huggingface.co/datasets/binjang/NIKL-korean-english-dictionary/resolve/3b4cfd2126debfd5440cade3ef6c2a3c20cf7cf9/2024_01.csv#record=9322,NIKL source band: beginner; project heuristic TOPIK 2: beginner expansion/category or uncategorized entry; not an official per-grade list
ko-nikl-09349,새로,,"Newly, not existing before. / Newly again, different from the past, or with a new thing. / Past 12 o'clock.",adverb,general / source uncategorized,nikl-2024-mirror,https://huggingface.co/datasets/binjang/NIKL-korean-english-dictionary/resolve/3b4cfd2126debfd5440cade3ef6c2a3c20cf7cf9/2024_01.csv#record=9349,NIKL source band: beginner; project heuristic TOPIK 2: beginner expansion/category or uncategorized entry; not an official per-grade list
ko-nikl-09352,새롭다,,Being different from existing ones or never having existed. / Being more lively and fresh than before.,descriptive verb,concepts > properties,nikl-2024-mirror,https://huggingface.co/datasets/binjang/NIKL-korean-english-dictionary/resolve/3b4cfd2126debfd5440cade3ef6c2a3c20cf7cf9/2024_01.csv#record=9352,NIKL source band: beginner; project heuristic TOPIK 2: beginner expansion/category or uncategorized entry; not an official per-grade list
ko-nikl-09482,생각,,"The act of a human being using his/her brains to judge or perceive something. / The memory of something. / A desire for, or interest in, doing something, or such a thing. / The act of deciding to do something in one's mind, or an intention do to something. / The act of imagining what may happen in the future, or such a daydream. / An opinion on, or feeling towards, something. / The act of caring about and putting energy into someone or something, or such an action. / The act of distinguishing and judging right from wrong, or such an action.",noun,people > cognition,nikl-2024-mirror,https://huggingface.co/datasets/binjang/NIKL-korean-english-dictionary/resolve/3b4cfd2126debfd5440cade3ef6c2a3c20cf7cf9/2024_01.csv#record=9482,NIKL source band: beginner; project heuristic TOPIK 2: beginner expansion/category or uncategorized entry; not an official per-grade list
ko-nikl-09485,생각나다,,For a new idea to come to one's head. / To remember a past incident or matter. / To be reminded of something or be tempted to do something.,verb,people > cognition,nikl-2024-mirror,https://huggingface.co/datasets/binjang/NIKL-korean-english-dictionary/resolve/3b4cfd2126debfd5440cade3ef6c2a3c20cf7cf9/2024_01.csv#record=9485,NIKL source band: beginner; project heuristic TOPIK 2: beginner expansion/category or uncategorized entry; not an official per-grade list
ko-nikl-09510,생기다,,"For something that did not exist to come into existence. / For something that was not owned by someone to come to be owned by him/her. / For an incident, matter, trouble, etc., to happen. / For someone or something to have a certain appearance.",verb,general / source uncategorized,nikl-2024-mirror,https://huggingface.co/datasets/binjang/NIKL-korean-english-dictionary/resolve/3b4cfd2126debfd5440cade3ef6c2a3c20cf7cf9/2024_01.csv#record=9510,NIKL source band: beginner; project heuristic TOPIK 2: beginner expansion/category or uncategorized entry; not an official per-grade list
ko-nikl-09595,생신,,(polite form) A person's day of birth.,noun,daily life > family events,nikl-2024-mirror,https://huggingface.co/datasets/binjang/NIKL-korean-english-dictionary/resolve/3b4cfd2126debfd5440cade3ef6c2a3c20cf7cf9/2024_01.csv#record=9595,NIKL source band: beginner; project heuristic TOPIK 2: beginner expansion/category or uncategorized entry; not an official per-grade list
ko-nikl-09644,생활,,The act of a person or animal living in a place. / The act of making a living. / The act of working as a member of a group. / The act of living while doing a certain job or certain acts; such a state.,noun,general / source uncategorized,nikl-2024-mirror,https://huggingface.co/datasets/binjang/NIKL-korean-english-dictionary/resolve/3b4cfd2126debfd5440cade3ef6c2a3c20cf7cf9/2024_01.csv#record=9644,NIKL source band: beginner; project heuristic TOPIK 2: beginner expansion/category or uncategorized entry; not an official per-grade list
ko-nikl-09728,서두르다,,To not be calm but act in a hurried manner in order to do something quickly. / To move in a hurried manner to do something more quickly than it was planned.,verb,general / source uncategorized,nikl-2024-mirror,https://huggingface.co/datasets/binjang/NIKL-korean-english-dictionary/resolve/3b4cfd2126debfd5440cade3ef6c2a3c20cf7cf9/2024_01.csv#record=9728,NIKL source band: beginner; project heuristic TOPIK 2: beginner expansion/category or uncategorized entry; not an official per-grade list
ko-nikl-09735,서로,,Toward each person who is one of two or more people who are related. / Together with or at the same time with one person who is one of two or more who are related. / If comparing two or more people or objects that are related.,adverb,general / source uncategorized,nikl-2024-mirror,https://huggingface.co/datasets/binjang/NIKL-korean-english-dictionary/resolve/3b4cfd2126debfd5440cade3ef6c2a3c20cf7cf9/2024_01.csv#record=9735,NIKL source band: beginner; project heuristic TOPIK 2: beginner expansion/category or uncategorized entry; not an official per-grade list
ko-nikl-09739,서류,,A written document.,noun,social life > workplace life,nikl-2024-mirror,https://huggingface.co/datasets/binjang/NIKL-korean-english-dictionary/resolve/3b4cfd2126debfd5440cade3ef6c2a3c20cf7cf9/2024_01.csv#record=9739,NIKL source band: beginner; project heuristic TOPIK 2: beginner expansion/category or uncategorized entry; not an official per-grade list
ko-nikl-09783,서비스,,"One of such activities as sale, tourism, finance, medical care, etc., not related to production. / The act of treating someone with kindness and care so that he/she feels pleased. / The act of a seller giving something to a buyer cheap or free of charge in order to please him/her. / The act of the attacking side serving or throwing a ball into the opponent's side in a sports game such as table tennis, volleyball, tennis, etc.; the served ball.",noun,economy > economic activities,nikl-2024-mirror,https://huggingface.co/datasets/binjang/NIKL-korean-english-dictionary/resolve/3b4cfd2126debfd5440cade3ef6c2a3c20cf7cf9/2024_01.csv#record=9783,NIKL source band: beginner; project heuristic TOPIK 2: beginner expansion/category or uncategorized entry; not an official per-grade list
ko-nikl-09823,서양,,Europe and America.,noun,concepts > regions,nikl-2024-mirror,https://huggingface.co/datasets/binjang/NIKL-korean-english-dictionary/resolve/3b4cfd2126debfd5440cade3ef6c2a3c20cf7cf9/2024_01.csv#record=9823,NIKL source band: beginner; project heuristic TOPIK 2: beginner expansion/category or uncategorized entry; not an official per-grade list
ko-nikl-09841,서울,,"The place where the nation's central government is located. / A metropolitan city located in the center of the Korean Peninsula, it is the capital of the Republic of Korea and the center of the country's politics, business, society, culture and transportation. It is surrounded by mountains such as Bukhansan Mountain and Gwanaksan Mountain and crossed by the Hangang River.",noun,concepts > regions,nikl-2024-mirror,https://huggingface.co/datasets/binjang/NIKL-korean-english-dictionary/resolve/3b4cfd2126debfd5440cade3ef6c2a3c20cf7cf9/2024_01.csv#record=9841,NIKL source band: beginner; project heuristic TOPIK 2: beginner expansion/category or uncategorized entry; not an official per-grade list
ko-nikl-10025,선배,,A person who is more experienced and holds a higher position than oneself because he/she started his/her career in the same field earlier. / A person who graduated from the same school earlier than oneself.,noun,social life > interpersonal relationships,nikl-2024-mirror,https://huggingface.co/datasets/binjang/NIKL-korean-english-dictionary/resolve/3b4cfd2126debfd5440cade3ef6c2a3c20cf7cf9/2024_01.csv#record=10025,NIKL source band: beginner; project heuristic TOPIK 2: beginner expansion/category or uncategorized entry; not an official per-grade list
ko-nikl-10157,선택,,The act of choosing what one needs among many.,noun,economy > economic activities,nikl-2024-mirror,https://huggingface.co/datasets/binjang/NIKL-korean-english-dictionary/resolve/3b4cfd2126debfd5440cade3ef6c2a3c20cf7cf9/2024_01.csv#record=10157,NIKL source band: beginner; project heuristic TOPIK 2: beginner expansion/category or uncategorized entry; not an official per-grade list
ko-nikl-00038,설명,,"The act of describing something to another person in a way that he/she could understand easily, or such words.",noun,social life > speech acts,nikl-2024-mirror,https://huggingface.co/datasets/binjang/NIKL-korean-english-dictionary/resolve/3b4cfd2126debfd5440cade3ef6c2a3c20cf7cf9/2024_01.csv#record=38,NIKL source band: beginner; project heuristic TOPIK 2: beginner expansion/category or uncategorized entry; not an official per-grade list
ko-nikl-00094,섬,,Land that is surrounded by water and looks as if it were floating.,noun,nature > landforms,nikl-2024-mirror,https://huggingface.co/datasets/binjang/NIKL-korean-english-dictionary/resolve/3b4cfd2126debfd5440cade3ef6c2a3c20cf7cf9/2024_01.csv#record=94,NIKL source band: beginner; project heuristic TOPIK 2: beginner expansion/category or uncategorized entry; not an official per-grade list
ko-nikl-00120,섭섭하다,,Sorry and feeling the lack of someone or something. / Sad and sorry about someone or something disappearing. / Sorry and dissatisfied because something fails to meet one's expectations.,descriptive verb,people > emotions,nikl-2024-mirror,https://huggingface.co/datasets/binjang/NIKL-korean-english-dictionary/resolve/3b4cfd2126debfd5440cade3ef6c2a3c20cf7cf9/2024_01.csv#record=120,NIKL source band: beginner; project heuristic TOPIK 2: beginner expansion/category or uncategorized entry; not an official per-grade list
ko-nikl-00131,성,,The common part of names that people with the same lineage inherit from their ancestors.,noun,general / source uncategorized,nikl-2024-mirror,https://huggingface.co/datasets/binjang/NIKL-korean-english-dictionary/resolve/3b4cfd2126debfd5440cade3ef6c2a3c20cf7cf9/2024_01.csv#record=131,NIKL source band: beginner; project heuristic TOPIK 2: beginner expansion/category or uncategorized entry; not an official per-grade list
ko-nikl-00143,성격,,A person's innate quality or character. / A thing's innate quality or nature.,noun,people > personality,nikl-2024-mirror,https://huggingface.co/datasets/binjang/NIKL-korean-english-dictionary/resolve/3b4cfd2126debfd5440cade3ef6c2a3c20cf7cf9/2024_01.csv#record=143,NIKL source band: beginner; project heuristic TOPIK 2: beginner expansion/category or uncategorized entry; not an official per-grade list
ko-nikl-00145,성공,,The act of achieving something that one wanted or aimed for.,noun,daily life > life events,nikl-2024-mirror,https://huggingface.co/datasets/binjang/NIKL-korean-english-dictionary/resolve/3b4cfd2126debfd5440cade3ef6c2a3c20cf7cf9/2024_01.csv#record=145,NIKL source band: beginner; project heuristic TOPIK 2: beginner expansion/category or uncategorized entry; not an official per-grade list
ko-nikl-00281,성적,,"A record of performance. showing the results of a task or sports game, etc. / The results of tests, etc., that evaluate what students have studied.",noun,education > teaching and learning,nikl-2024-mirror,https://huggingface.co/datasets/binjang/NIKL-korean-english-dictionary/resolve/3b4cfd2126debfd5440cade3ef6c2a3c20cf7cf9/2024_01.csv#record=281,NIKL source band: beginner; project heuristic TOPIK 2: beginner expansion/category or uncategorized entry; not an official per-grade list
ko-nikl-00326,성함,,(honorific) One's name.,noun,general / source uncategorized,nikl-2024-mirror,https://huggingface.co/datasets/binjang/NIKL-korean-english-dictionary/resolve/3b4cfd2126debfd5440cade3ef6c2a3c20cf7cf9/2024_01.csv#record=326,NIKL source band: beginner; project heuristic TOPIK 2: beginner expansion/category or uncategorized entry; not an official per-grade list
ko-nikl-00363,세계,,"All the countries on the earth. / All the countries in a certain region. / A certain area, or a specific society or its area.",noun,concepts > regions,nikl-2024-mirror,https://huggingface.co/datasets/binjang/NIKL-korean-english-dictionary/resolve/3b4cfd2126debfd5440cade3ef6c2a3c20cf7cf9/2024_01.csv#record=363,NIKL source band: beginner; project heuristic TOPIK 2: beginner expansion/category or uncategorized entry; not an official per-grade list
ko-nikl-00396,세다,,"Having great power. / Behaving roughly or having a stubborn personality. / The force or speed of water, fire, a wind, etc., being greater or faster than average. / Having an ability, level, etc., higher or greater than average. / Feeling hard and rough. / One's fortune or the energy of a place being bad.",descriptive verb,people > physical condition,nikl-2024-mirror,https://huggingface.co/datasets/binjang/NIKL-korean-english-dictionary/resolve/3b4cfd2126debfd5440cade3ef6c2a3c20cf7cf9/2024_01.csv#record=396,NIKL source band: beginner; project heuristic TOPIK 2: beginner expansion/category or uncategorized entry; not an official per-grade list
ko-nikl-00442,세배,,"new year's bow: The act of performing a traditional bow to pay respect to one's elders on Seol, New Year's Day.",noun,social life > social activities,nikl-2024-mirror,https://huggingface.co/datasets/binjang/NIKL-korean-english-dictionary/resolve/3b4cfd2126debfd5440cade3ef6c2a3c20cf7cf9/2024_01.csv#record=442,NIKL source band: beginner; project heuristic TOPIK 2: beginner expansion/category or uncategorized entry; not an official per-grade list
ko-nikl-00455,세상,,"The entire space on earth. / All societies in which people live. / A time or space that one can use as he/she pleases. / The world outside a Buddhist temple, monastry, prison, etc. / The hearts of people in the world. / The period between birth and death. / Something far beyond comparison to anything. / Having never been, not at all.",noun,concepts > regions,nikl-2024-mirror,https://huggingface.co/datasets/binjang/NIKL-korean-english-dictionary/resolve/3b4cfd2126debfd5440cade3ef6c2a3c20cf7cf9/2024_01.csv#record=455,NIKL source band: beginner; project heuristic TOPIK 2: beginner expansion/category or uncategorized entry; not an official per-grade list
ko-nikl-00495,세우다,,"To make a person or animal put his/her or its feet on the ground, stretch his/her or its legs, and straighten his/her or its body; to make a person or animal get to his/her or its feet. / To straighten a part of one's body upright. / To make something stand upright. / To make a plan or make up one's mind. / To make the end of a tool sharp. / To establish order or build up a system, etc. / To make a machine stop operating. / To argue strongly without yielding. / To render distinguished service or make achievements. / To make a line, crease, etc., stand out. / To fix something so that it stands at right angles to the ground. / To make something that was lying horizontally, stand vertically. / To construct a building or facility. / To erect a country, government, organization, etc. / To make someone or something that was going or moving stop. / To make the result of congested blood vessels appear on a part of one’s body. / To make oneself keen and sharp. / To maintain one’s honor. / To make someone accept and perform a certain role. / To make people stand in a line. / To make someone be in a certain place. / To make someone uncomfortable and painful physically .",verb,general / source uncategorized,nikl-2024-mirror,https://huggingface.co/datasets/binjang/NIKL-korean-english-dictionary/resolve/3b4cfd2126debfd5440cade3ef6c2a3c20cf7cf9/2024_01.csv#record=495,NIKL source band: beginner; project heuristic TOPIK 2: beginner expansion/category or uncategorized entry; not an official per-grade list
ko-nikl-00532,세탁소,,"A shop that does the laundry, ironing, etc., for money.",noun,clothing and appearance > clothing related places,nikl-2024-mirror,https://huggingface.co/datasets/binjang/NIKL-korean-english-dictionary/resolve/3b4cfd2126debfd5440cade3ef6c2a3c20cf7cf9/2024_01.csv#record=532,NIKL source band: beginner; project heuristic TOPIK 2: beginner expansion/category or uncategorized entry; not an official per-grade list
ko-nikl-00547,센터,,"The center of an arena or field in soccer, volleyball, basketball, etc., or a player positioned in the center. / A place for selling something. / An organization in charge of doing a certain task.",noun,politics and administration > public institutions,nikl-2024-mirror,https://huggingface.co/datasets/binjang/NIKL-korean-english-dictionary/resolve/3b4cfd2126debfd5440cade3ef6c2a3c20cf7cf9/2024_01.csv#record=547,NIKL source band: beginner; project heuristic TOPIK 2: beginner expansion/category or uncategorized entry; not an official per-grade list
ko-nikl-00568,셋째,,Of the third order.,determiner,concepts > sequence,nikl-2024-mirror,https://huggingface.co/datasets/binjang/NIKL-korean-english-dictionary/resolve/3b4cfd2126debfd5440cade3ef6c2a3c20cf7cf9/2024_01.csv#record=568,NIKL source band: beginner; project heuristic TOPIK 2: beginner expansion/category or uncategorized entry; not an official per-grade list
ko-nikl-00566,셋째,,The state of totaling three when counted from the start. / One's third offspring.,noun,concepts > sequence,nikl-2024-mirror,https://huggingface.co/datasets/binjang/NIKL-korean-english-dictionary/resolve/3b4cfd2126debfd5440cade3ef6c2a3c20cf7cf9/2024_01.csv#record=566,NIKL source band: beginner; project heuristic TOPIK 2: beginner expansion/category or uncategorized entry; not an official per-grade list
ko-nikl-00578,소,,A big domestic animal with a brown or black-and-white coat that is raised to produce milk or for its meat.,noun,plants and animals > animals,nikl-2024-mirror,https://huggingface.co/datasets/binjang/NIKL-korean-english-dictionary/resolve/3b4cfd2126debfd5440cade3ef6c2a3c20cf7cf9/2024_01.csv#record=578,NIKL source band: beginner; project heuristic TOPIK 2: beginner expansion/category or uncategorized entry; not an official per-grade list
ko-nikl-00597,소개,,"An act of making efforts, in the midst of something, to help things work out between two parties. / An act of helping people to get to know each other or start a relationship. / An explanation to teach unfamiliar or unknown truth or content.",noun,social life > social activities,nikl-2024-mirror,https://huggingface.co/datasets/binjang/NIKL-korean-english-dictionary/resolve/3b4cfd2126debfd5440cade3ef6c2a3c20cf7cf9/2024_01.csv#record=597,NIKL source band: beginner; project heuristic TOPIK 2: beginner expansion/category or uncategorized entry; not an official per-grade list
ko-nikl-00697,소리,,"Sound wave heard by the ear that is created when an object vibrates. / Something expressed with one's voice to convey a thought or feeling. / The sound coming out of a person's throat. / A common opinion or rumor shared by many people. / Traditional Korean vocals such as pansori, a traditional Korean narrative song, chang, etc.",noun,people > senses,nikl-2024-mirror,https://huggingface.co/datasets/binjang/NIKL-korean-english-dictionary/resolve/3b4cfd2126debfd5440cade3ef6c2a3c20cf7cf9/2024_01.csv#record=697,NIKL source band: beginner; project heuristic TOPIK 2: beginner expansion/category or uncategorized entry; not an official per-grade list
ko-nikl-00786,소설,,A literary work that an author writes in the form of storytelling. / A book that is a novel.,noun,culture > literature,nikl-2024-mirror,https://huggingface.co/datasets/binjang/NIKL-korean-english-dictionary/resolve/3b4cfd2126debfd5440cade3ef6c2a3c20cf7cf9/2024_01.csv#record=786,NIKL source band: beginner; project heuristic TOPIK 2: beginner expansion/category or uncategorized entry; not an official per-grade list
ko-nikl-00824,소식,,Words or a piece of writing that describes the state or circumstances of a person who is far away or not frequently available.,noun,social life > telecommunications,nikl-2024-mirror,https://huggingface.co/datasets/binjang/NIKL-korean-english-dictionary/resolve/3b4cfd2126debfd5440cade3ef6c2a3c20cf7cf9/2024_01.csv#record=824,NIKL source band: beginner; project heuristic TOPIK 2: beginner expansion/category or uncategorized entry; not an official per-grade list
ko-nikl-00915,소중하다,,Very precious.,descriptive verb,people > emotions,nikl-2024-mirror,https://huggingface.co/datasets/binjang/NIKL-korean-english-dictionary/resolve/3b4cfd2126debfd5440cade3ef6c2a3c20cf7cf9/2024_01.csv#record=915,NIKL source band: beginner; project heuristic TOPIK 2: beginner expansion/category or uncategorized entry; not an official per-grade list
ko-nikl-00956,소포,,"A small, wrapped packet sent by mail.",noun,social life > communication tools,nikl-2024-mirror,https://huggingface.co/datasets/binjang/NIKL-korean-english-dictionary/resolve/3b4cfd2126debfd5440cade3ef6c2a3c20cf7cf9/2024_01.csv#record=956,NIKL source band: beginner; project heuristic TOPIK 2: beginner expansion/category or uncategorized entry; not an official per-grade list
ko-nikl-00960,소풍,,"The act of going outside to admire the scenery or to relax, play, etc.",noun,daily life > leisure activities,nikl-2024-mirror,https://huggingface.co/datasets/binjang/NIKL-korean-english-dictionary/resolve/3b4cfd2126debfd5440cade3ef6c2a3c20cf7cf9/2024_01.csv#record=960,NIKL source band: beginner; project heuristic TOPIK 2: beginner expansion/category or uncategorized entry; not an official per-grade list
ko-nikl-00986,소화제,,Medicine taken to help digestion.,noun,daily life > medicines,nikl-2024-mirror,https://huggingface.co/datasets/binjang/NIKL-korean-english-dictionary/resolve/3b4cfd2126debfd5440cade3ef6c2a3c20cf7cf9/2024_01.csv#record=986,NIKL source band: beginner; project heuristic TOPIK 2: beginner expansion/category or uncategorized entry; not an official per-grade list
ko-nikl-01050,속도,,The speed of either an object's movement or the process of things.,noun,concepts > speed,nikl-2024-mirror,https://huggingface.co/datasets/binjang/NIKL-korean-english-dictionary/resolve/3b4cfd2126debfd5440cade3ef6c2a3c20cf7cf9/2024_01.csv#record=1050,NIKL source band: beginner; project heuristic TOPIK 2: beginner expansion/category or uncategorized entry; not an official per-grade list
ko-nikl-01163,손가락,,The end of the human hand that is divided into five parts.,noun,food > cooking tools,nikl-2024-mirror,https://huggingface.co/datasets/binjang/NIKL-korean-english-dictionary/resolve/3b4cfd2126debfd5440cade3ef6c2a3c20cf7cf9/2024_01.csv#record=1163,NIKL source band: beginner; project heuristic TOPIK 2: beginner expansion/category or uncategorized entry; not an official per-grade list
ko-nikl-01196,손님,,"(honorific) A person who comes to visit someone. / (honorific) A person who visits an inn, restaurant, etc. / A person who comes to attend a wedding, funeral, etc. / A person who comes to see a performance, exhibition, etc. / A person who uses a means of transportation such as a bus, taxi, etc.",noun,economy > economic actors,nikl-2024-mirror,https://huggingface.co/datasets/binjang/NIKL-korean-english-dictionary/resolve/3b4cfd2126debfd5440cade3ef6c2a3c20cf7cf9/2024_01.csv#record=1196,NIKL source band: beginner; project heuristic TOPIK 2: beginner expansion/category or uncategorized entry; not an official per-grade list
ko-nikl-01477,쇼핑,,"The act of going around a department store or shop, looking at things and buying them.",noun,economy > economic activities,nikl-2024-mirror,https://huggingface.co/datasets/binjang/NIKL-korean-english-dictionary/resolve/3b4cfd2126debfd5440cade3ef6c2a3c20cf7cf9/2024_01.csv#record=1477,NIKL source band: beginner; project heuristic TOPIK 2: beginner expansion/category or uncategorized entry; not an official per-grade list
ko-nikl-01524,수고,,"The act of making efforts to do something, or such a trouble.",noun,general / source uncategorized,nikl-2024-mirror,https://huggingface.co/datasets/binjang/NIKL-korean-english-dictionary/resolve/3b4cfd2126debfd5440cade3ef6c2a3c20cf7cf9/2024_01.csv#record=1524,NIKL source band: beginner; project heuristic TOPIK 2: beginner expansion/category or uncategorized entry; not an official per-grade list
ko-nikl-01800,수술,,"An act of slitting, cutting, attaching, and stitching a body part or organ in order to treat an illness. / (figurative) An act of fixing a flaw in a fundamental manner.",noun,daily life > medical treatment,nikl-2024-mirror,https://huggingface.co/datasets/binjang/NIKL-korean-english-dictionary/resolve/3b4cfd2126debfd5440cade3ef6c2a3c20cf7cf9/2024_01.csv#record=1800,NIKL source band: beginner; project heuristic TOPIK 2: beginner expansion/category or uncategorized entry; not an official per-grade list
ko-nikl-01933,수저,,"A compound noun meaning a spoon and chopsticks / An implement with a long handle, and round, hollow part, used for scooping rice or soup, etc.",noun,food > cooking tools,nikl-2024-mirror,https://huggingface.co/datasets/binjang/NIKL-korean-english-dictionary/resolve/3b4cfd2126debfd5440cade3ef6c2a3c20cf7cf9/2024_01.csv#record=1933,NIKL source band: beginner; project heuristic TOPIK 2: beginner expansion/category or uncategorized entry; not an official per-grade list
ko-nikl-02201,순서,,"A relationship of order such as front and back, left and right, and up and down, etc., fixed according to a certain standard. / An order by which one does a certain task or a sequence in which work is done.",noun,concepts > sequence,nikl-2024-mirror,https://huggingface.co/datasets/binjang/NIKL-korean-english-dictionary/resolve/3b4cfd2126debfd5440cade3ef6c2a3c20cf7cf9/2024_01.csv#record=2201,NIKL source band: beginner; project heuristic TOPIK 2: beginner expansion/category or uncategorized entry; not an official per-grade list
ko-nikl-02408,슈퍼마켓,,"A big store that is equipped with food, daily necessities, etc., and sells them.",noun,economy > commercial places,nikl-2024-mirror,https://huggingface.co/datasets/binjang/NIKL-korean-english-dictionary/resolve/3b4cfd2126debfd5440cade3ef6c2a3c20cf7cf9/2024_01.csv#record=2408,NIKL source band: beginner; project heuristic TOPIK 2: beginner expansion/category or uncategorized entry; not an official per-grade list
ko-nikl-02442,스스로,,"On one's own without others' help. / According to one's own idea and will, not in obedience to someone's order.",adverb,general / source uncategorized,nikl-2024-mirror,https://huggingface.co/datasets/binjang/NIKL-korean-english-dictionary/resolve/3b4cfd2126debfd5440cade3ef6c2a3c20cf7cf9/2024_01.csv#record=2442,NIKL source band: beginner; project heuristic TOPIK 2: beginner expansion/category or uncategorized entry; not an official per-grade list
ko-nikl-02441,스스로,,One's own self.,noun,general / source uncategorized,nikl-2024-mirror,https://huggingface.co/datasets/binjang/NIKL-korean-english-dictionary/resolve/3b4cfd2126debfd5440cade3ef6c2a3c20cf7cf9/2024_01.csv#record=2441,NIKL source band: beginner; project heuristic TOPIK 2: beginner expansion/category or uncategorized entry; not an official per-grade list
ko-nikl-02461,스케이트,,"An exercise apparatus for ice skating, made by attaching a metal blade to the soles of shoes. / The act of gliding along on ice, wearing shoes with a metal blade attached to the soles.",noun,daily life > leisure equipment,nikl-2024-mirror,https://huggingface.co/datasets/binjang/NIKL-korean-english-dictionary/resolve/3b4cfd2126debfd5440cade3ef6c2a3c20cf7cf9/2024_01.csv#record=2461,NIKL source band: beginner; project heuristic TOPIK 2: beginner expansion/category or uncategorized entry; not an official per-grade list
ko-nikl-02479,스키,,"A long, narrow apparatus made of wood or plastic, allowing a rider to glide on snow. / A sport in which participants glide on snow, wearing long, narrow blades made of wood or plastic.",noun,daily life > leisure equipment,nikl-2024-mirror,https://huggingface.co/datasets/binjang/NIKL-korean-english-dictionary/resolve/3b4cfd2126debfd5440cade3ef6c2a3c20cf7cf9/2024_01.csv#record=2479,NIKL source band: beginner; project heuristic TOPIK 2: beginner expansion/category or uncategorized entry; not an official per-grade list
ko-nikl-02480,스키장,,A place equipped with facilities where people can ski.,noun,daily life > leisure facilities,nikl-2024-mirror,https://huggingface.co/datasets/binjang/NIKL-korean-english-dictionary/resolve/3b4cfd2126debfd5440cade3ef6c2a3c20cf7cf9/2024_01.csv#record=2480,NIKL source band: beginner; project heuristic TOPIK 2: beginner expansion/category or uncategorized entry; not an official per-grade list
ko-nikl-02482,스타,,Highly popular celebrities or sports players / (slang) A general or his/her rank.,noun,general / source uncategorized,nikl-2024-mirror,https://huggingface.co/datasets/binjang/NIKL-korean-english-dictionary/resolve/3b4cfd2126debfd5440cade3ef6c2a3c20cf7cf9/2024_01.csv#record=2482,NIKL source band: beginner; project heuristic TOPIK 2: beginner expansion/category or uncategorized entry; not an official per-grade list
ko-nikl-02504,스트레스,,"A state in which one feels pressure and tension mentally and physically in work, relationships, environment, etc.",noun,general / source uncategorized,nikl-2024-mirror,https://huggingface.co/datasets/binjang/NIKL-korean-english-dictionary/resolve/3b4cfd2126debfd5440cade3ef6c2a3c20cf7cf9/2024_01.csv#record=2504,NIKL source band: beginner; project heuristic TOPIK 2: beginner expansion/category or uncategorized entry; not an official per-grade list
ko-nikl-02523,스포츠,,"The act of moving the body according to certain rules or competing using athletic equipment, in order to train one's body or improve one's health.",noun,daily life > leisure activities,nikl-2024-mirror,https://huggingface.co/datasets/binjang/NIKL-korean-english-dictionary/resolve/3b4cfd2126debfd5440cade3ef6c2a3c20cf7cf9/2024_01.csv#record=2523,NIKL source band: beginner; project heuristic TOPIK 2: beginner expansion/category or uncategorized entry; not an official per-grade list
ko-nikl-02554,슬퍼하다,,To consider as sad and sorrowful enough to cry.,verb,people > emotions,nikl-2024-mirror,https://huggingface.co/datasets/binjang/NIKL-korean-english-dictionary/resolve/3b4cfd2126debfd5440cade3ef6c2a3c20cf7cf9/2024_01.csv#record=2554,NIKL source band: beginner; project heuristic TOPIK 2: beginner expansion/category or uncategorized entry; not an official per-grade list
ko-nikl-02555,슬프다,,Sad and sorrowful enough to make one cry.,descriptive verb,people > emotions,nikl-2024-mirror,https://huggingface.co/datasets/binjang/NIKL-korean-english-dictionary/resolve/3b4cfd2126debfd5440cade3ef6c2a3c20cf7cf9/2024_01.csv#record=2555,NIKL source band: beginner; project heuristic TOPIK 2: beginner expansion/category or uncategorized entry; not an official per-grade list
ko-nikl-02556,슬픔,,A feeling of being distressed or in pain.,noun,people > emotions,nikl-2024-mirror,https://huggingface.co/datasets/binjang/NIKL-korean-english-dictionary/resolve/3b4cfd2126debfd5440cade3ef6c2a3c20cf7cf9/2024_01.csv#record=2556,NIKL source band: beginner; project heuristic TOPIK 2: beginner expansion/category or uncategorized entry; not an official per-grade list
ko-nikl-02665,시,,A city as a local administrative unit. / An institution responsible for taking care of the city's administrative affairs.,noun,concepts > regions,nikl-2024-mirror,https://huggingface.co/datasets/binjang/NIKL-korean-english-dictionary/resolve/3b4cfd2126debfd5440cade3ef6c2a3c20cf7cf9/2024_01.csv#record=2665,NIKL source band: beginner; project heuristic TOPIK 2: beginner expansion/category or uncategorized entry; not an official per-grade list
ko-nikl-02703,시간표,,"A table that lists things to be done, etc.by time division. / A table that contains the times of departure and arrival of a train, car, ship, plane, etc.",noun,education > teaching and learning,nikl-2024-mirror,https://huggingface.co/datasets/binjang/NIKL-korean-english-dictionary/resolve/3b4cfd2126debfd5440cade3ef6c2a3c20cf7cf9/2024_01.csv#record=2703,NIKL source band: beginner; project heuristic TOPIK 2: beginner expansion/category or uncategorized entry; not an official per-grade list
ko-nikl-02710,시골,,"An underdeveloped, thinly populated area far from a city. / One's home that one leaves to move to a city.",noun,concepts > regions,nikl-2024-mirror,https://huggingface.co/datasets/binjang/NIKL-korean-english-dictionary/resolve/3b4cfd2126debfd5440cade3ef6c2a3c20cf7cf9/2024_01.csv#record=2710,NIKL source band: beginner; project heuristic TOPIK 2: beginner expansion/category or uncategorized entry; not an official per-grade list
ko-nikl-02739,시끄럽다,,Unpleasantly loud and noisy. / Messy because of a trouble or problem.,descriptive verb,housing > housing conditions,nikl-2024-mirror,https://huggingface.co/datasets/binjang/NIKL-korean-english-dictionary/resolve/3b4cfd2126debfd5440cade3ef6c2a3c20cf7cf9/2024_01.csv#record=2739,NIKL source band: beginner; project heuristic TOPIK 2: beginner expansion/category or uncategorized entry; not an official per-grade list
ko-nikl-02747,시내,,The inside of a city.,noun,housing > residential areas,nikl-2024-mirror,https://huggingface.co/datasets/binjang/NIKL-korean-english-dictionary/resolve/3b4cfd2126debfd5440cade3ef6c2a3c20cf7cf9/2024_01.csv#record=2747,NIKL source band: beginner; project heuristic TOPIK 2: beginner expansion/category or uncategorized entry; not an official per-grade list
ko-nikl-02757,시다,,"Tasting vinegary. / Feeling sore and having a dull pain in one's tooth, joint, etc. / Having a pricking pain in one's eyes due to intense light.",descriptive verb,food > tastes,nikl-2024-mirror,https://huggingface.co/datasets/binjang/NIKL-korean-english-dictionary/resolve/3b4cfd2126debfd5440cade3ef6c2a3c20cf7cf9/2024_01.csv#record=2757,NIKL source band: beginner; project heuristic TOPIK 2: beginner expansion/category or uncategorized entry; not an official per-grade list
ko-nikl-02807,시민,,A resident living in a city. / A person who has rights and obligations defined by the law of a country as a citizen of the country.,noun,politics and administration > political and administrative actors,nikl-2024-mirror,https://huggingface.co/datasets/binjang/NIKL-korean-english-dictionary/resolve/3b4cfd2126debfd5440cade3ef6c2a3c20cf7cf9/2024_01.csv#record=2807,NIKL source band: beginner; project heuristic TOPIK 2: beginner expansion/category or uncategorized entry; not an official per-grade list
ko-nikl-02897,시원하다,,"Moderately cool, neither hot nor cold. / Food being cold and refreshing and thus it is good to eat, or being hot enough to make one feel refreshed. / Something not feeling confined because it has an open view without any obstructions. / One's way of speaking or behaving being unhesitating and lively. / Something that was dirty being clean and neat. / Something being satisfactory because it meets one's expectations or hope. / Feeling light and relieved because one's anxiety has been resolved. / Feeling good because an itch or heaviness on the stomach has gone away.",descriptive verb,food > tastes,nikl-2024-mirror,https://huggingface.co/datasets/binjang/NIKL-korean-english-dictionary/resolve/3b4cfd2126debfd5440cade3ef6c2a3c20cf7cf9/2024_01.csv#record=2897,NIKL source band: beginner; project heuristic TOPIK 2: beginner expansion/category or uncategorized entry; not an official per-grade list
ko-nikl-02910,시작,,"The act of constituting or causing to constitute the initial phase of an affair or action, or such a phase.",noun,concepts > sequence,nikl-2024-mirror,https://huggingface.co/datasets/binjang/NIKL-korean-english-dictionary/resolve/3b4cfd2126debfd5440cade3ef6c2a3c20cf7cf9/2024_01.csv#record=2910,NIKL source band: beginner; project heuristic TOPIK 2: beginner expansion/category or uncategorized entry; not an official per-grade list
ko-nikl-02957,시청,,An institution responsible for taking care of the city's administrative affairs.,noun,politics and administration > public institutions,nikl-2024-mirror,https://huggingface.co/datasets/binjang/NIKL-korean-english-dictionary/resolve/3b4cfd2126debfd5440cade3ef6c2a3c20cf7cf9/2024_01.csv#record=2957,NIKL source band: beginner; project heuristic TOPIK 2: beginner expansion/category or uncategorized entry; not an official per-grade list
ko-nikl-03027,식다,,For warmth to disappear. / For an emotion or feeling to abate. / For sweat to dry or stop running.,verb,general / source uncategorized,nikl-2024-mirror,https://huggingface.co/datasets/binjang/NIKL-korean-english-dictionary/resolve/3b4cfd2126debfd5440cade3ef6c2a3c20cf7cf9/2024_01.csv#record=3027,NIKL source band: beginner; project heuristic TOPIK 2: beginner expansion/category or uncategorized entry; not an official per-grade list
ko-nikl-03157,신랑,,A man who just got married or is getting married. / A word used by a wife to address her husband in the early stages of marriage.,noun,daily life > family events,nikl-2024-mirror,https://huggingface.co/datasets/binjang/NIKL-korean-english-dictionary/resolve/3b4cfd2126debfd5440cade3ef6c2a3c20cf7cf9/2024_01.csv#record=3157,NIKL source band: beginner; project heuristic TOPIK 2: beginner expansion/category or uncategorized entry; not an official per-grade list
ko-nikl-03173,신문,,A publication that delivers to its readership information about new events occurring around the world on a regular basis. / The paper on which news articles are printed.,noun,social life > media,nikl-2024-mirror,https://huggingface.co/datasets/binjang/NIKL-korean-english-dictionary/resolve/3b4cfd2126debfd5440cade3ef6c2a3c20cf7cf9/2024_01.csv#record=3173,NIKL source band: beginner; project heuristic TOPIK 2: beginner expansion/category or uncategorized entry; not an official per-grade list
ko-nikl-03198,신부,,A female who has just gotten married or is getting married.,noun,daily life > family events,nikl-2024-mirror,https://huggingface.co/datasets/binjang/NIKL-korean-english-dictionary/resolve/3b4cfd2126debfd5440cade3ef6c2a3c20cf7cf9/2024_01.csv#record=3198,NIKL source band: beginner; project heuristic TOPIK 2: beginner expansion/category or uncategorized entry; not an official per-grade list
ko-nikl-03201,신분증,,A document or card that proves one's identity or affiliation.,noun,general / source uncategorized,nikl-2024-mirror,https://huggingface.co/datasets/binjang/NIKL-korean-english-dictionary/resolve/3b4cfd2126debfd5440cade3ef6c2a3c20cf7cf9/2024_01.csv#record=3201,NIKL source band: beginner; project heuristic TOPIK 2: beginner expansion/category or uncategorized entry; not an official per-grade list
ko-nikl-03231,신선하다,,"New and fresh. / A vegetable, fruit, fish, etc., being in a good state, not stale or rotten.",descriptive verb,general / source uncategorized,nikl-2024-mirror,https://huggingface.co/datasets/binjang/NIKL-korean-english-dictionary/resolve/3b4cfd2126debfd5440cade3ef6c2a3c20cf7cf9/2024_01.csv#record=3231,NIKL source band: beginner; project heuristic TOPIK 2: beginner expansion/category or uncategorized entry; not an official per-grade list
ko-nikl-03314,신청,,"The act of making an official application to an organization, institution, etc., asking for it to do something. / The act of a man or a woman asking somebody to go on a date. / The act of registering a certain subject in a school, academy, etc.",noun,social life > social activities,nikl-2024-mirror,https://huggingface.co/datasets/binjang/NIKL-korean-english-dictionary/resolve/3b4cfd2126debfd5440cade3ef6c2a3c20cf7cf9/2024_01.csv#record=3314,NIKL source band: beginner; project heuristic TOPIK 2: beginner expansion/category or uncategorized entry; not an official per-grade list
ko-nikl-03353,신호,,"A signal such as a certain sound, color, light, and gesture, which is used according to an agreement in order to deliver a certain message. / The sound heard when one is getting through to someone by a telephone or radio, etc. / Something that tells someone that a certain thing has happened or will happen.",noun,social life > telecommunications,nikl-2024-mirror,https://huggingface.co/datasets/binjang/NIKL-korean-english-dictionary/resolve/3b4cfd2126debfd5440cade3ef6c2a3c20cf7cf9/2024_01.csv#record=3353,NIKL source band: beginner; project heuristic TOPIK 2: beginner expansion/category or uncategorized entry; not an official per-grade list
ko-nikl-03361,신혼여행,,"A trip of a newly-married couple, after their wedding ceremony.",noun,daily life > leisure activities,nikl-2024-mirror,https://huggingface.co/datasets/binjang/NIKL-korean-english-dictionary/resolve/3b4cfd2126debfd5440cade3ef6c2a3c20cf7cf9/2024_01.csv#record=3361,NIKL source band: beginner; project heuristic TOPIK 2: beginner expansion/category or uncategorized entry; not an official per-grade list
ko-nikl-03366,싣다,,"To put something into a car, ship, aircraft, etc., in order to carry it. / To board a means of transportation such as a car, ship, airplane, etc., in order to go somewhere. / To print and publish an article, photo, etc., in a book, newspaper, etc. / To show a certain phenomenon or contain a certain meaning.",verb,general / source uncategorized,nikl-2024-mirror,https://huggingface.co/datasets/binjang/NIKL-korean-english-dictionary/resolve/3b4cfd2126debfd5440cade3ef6c2a3c20cf7cf9/2024_01.csv#record=3366,NIKL source band: beginner; project heuristic TOPIK 2: beginner expansion/category or uncategorized entry; not an official per-grade list
ko-nikl-03403,실례,,"One's remark or behavior breaching etiquette, or such a remark or behavior.",noun,social life > social activities,nikl-2024-mirror,https://huggingface.co/datasets/binjang/NIKL-korean-english-dictionary/resolve/3b4cfd2126debfd5440cade3ef6c2a3c20cf7cf9/2024_01.csv#record=3403,NIKL source band: beginner; project heuristic TOPIK 2: beginner expansion/category or uncategorized entry; not an official per-grade list
ko-nikl-03456,실수,,"A fault committed because one does not know something well or is not careful. / One's remark or behavior being impolite, or such a remark or behavior.",noun,daily life > life events,nikl-2024-mirror,https://huggingface.co/datasets/binjang/NIKL-korean-english-dictionary/resolve/3b4cfd2126debfd5440cade3ef6c2a3c20cf7cf9/2024_01.csv#record=3456,NIKL source band: beginner; project heuristic TOPIK 2: beginner expansion/category or uncategorized entry; not an official per-grade list
ko-nikl-03560,실패,,Not being able to achieve what one wanted or pursued.,noun,daily life > life events,nikl-2024-mirror,https://huggingface.co/datasets/binjang/NIKL-korean-english-dictionary/resolve/3b4cfd2126debfd5440cade3ef6c2a3c20cf7cf9/2024_01.csv#record=3560,NIKL source band: beginner; project heuristic TOPIK 2: beginner expansion/category or uncategorized entry; not an official per-grade list
ko-nikl-03589,싫다,,Being not to one's taste / Not wanting to do something.,descriptive verb,people > emotions,nikl-2024-mirror,https://huggingface.co/datasets/binjang/NIKL-korean-english-dictionary/resolve/3b4cfd2126debfd5440cade3ef6c2a3c20cf7cf9/2024_01.csv#record=3589,NIKL source band: beginner; project heuristic TOPIK 2: beginner expansion/category or uncategorized entry; not an official per-grade list
ko-nikl-03603,심다,,"To put the root or seed of grass, a tree, etc., into the ground. / (figurative) To put a certain thought or feeling in someone's mind. / (figurative) To introduce a new ideology or culture to a society and make it deeply rooted in it. / (figurative) To put someone in the group of one's opponents in preparation for the future. / To stick something into a certain space or something else.",verb,general / source uncategorized,nikl-2024-mirror,https://huggingface.co/datasets/binjang/NIKL-korean-english-dictionary/resolve/3b4cfd2126debfd5440cade3ef6c2a3c20cf7cf9/2024_01.csv#record=3603,NIKL source band: beginner; project heuristic TOPIK 2: beginner expansion/category or uncategorized entry; not an official per-grade list
ko-nikl-03645,심심하다,,Feeling weary and having a dull time because one has nothing to do.,descriptive verb,general / source uncategorized,nikl-2024-mirror,https://huggingface.co/datasets/binjang/NIKL-korean-english-dictionary/resolve/3b4cfd2126debfd5440cade3ef6c2a3c20cf7cf9/2024_01.csv#record=3645,NIKL source band: beginner; project heuristic TOPIK 2: beginner expansion/category or uncategorized entry; not an official per-grade list
ko-nikl-03688,심하다,,The degree of something being excessive.,descriptive verb,concepts > degree,nikl-2024-mirror,https://huggingface.co/datasets/binjang/NIKL-korean-english-dictionary/resolve/3b4cfd2126debfd5440cade3ef6c2a3c20cf7cf9/2024_01.csv#record=3688,NIKL source band: beginner; project heuristic TOPIK 2: beginner expansion/category or uncategorized entry; not an official per-grade list
ko-nikl-03736,싱겁다,,"Not tasting salty enough. / A state in which a person's words or action is nonsensical, not fitting for his/her situation. / A state in which a certain action, remark, article, etc. is flat and tedious without being able to arouse interest.",descriptive verb,food > tastes,nikl-2024-mirror,https://huggingface.co/datasets/binjang/NIKL-korean-english-dictionary/resolve/3b4cfd2126debfd5440cade3ef6c2a3c20cf7cf9/2024_01.csv#record=3736,NIKL source band: beginner; project heuristic TOPIK 2: beginner expansion/category or uncategorized entry; not an official per-grade list
ko-nikl-03769,싸우다,,"To try to win by argument or force. / To compete in a match, etc., to determine who is better or worse. / To make efforts to survive or overcome something. / To make efforts to get or accomplish something.",verb,social life > social activities,nikl-2024-mirror,https://huggingface.co/datasets/binjang/NIKL-korean-english-dictionary/resolve/3b4cfd2126debfd5440cade3ef6c2a3c20cf7cf9/2024_01.csv#record=3769,NIKL source band: beginner; project heuristic TOPIK 2: beginner expansion/category or uncategorized entry; not an official per-grade list
ko-nikl-03798,쌀,,The peeled grains of rice that are cooked for a meal.,noun,food > grains,nikl-2024-mirror,https://huggingface.co/datasets/binjang/NIKL-korean-english-dictionary/resolve/3b4cfd2126debfd5440cade3ef6c2a3c20cf7cf9/2024_01.csv#record=3798,NIKL source band: beginner; project heuristic TOPIK 2: beginner expansion/category or uncategorized entry; not an official per-grade list
ko-nikl-03841,쌓다,,"To put several things in layers. / To make a structure by putting things like stones in layers. / To make a fortune. / To establish the foundation or basis for something. / To acquire a lot of skills, experiences, knowledge, etc., over a long time. / To gain or have a lot of honor or trust.",verb,general / source uncategorized,nikl-2024-mirror,https://huggingface.co/datasets/binjang/NIKL-korean-english-dictionary/resolve/3b4cfd2126debfd5440cade3ef6c2a3c20cf7cf9/2024_01.csv#record=3841,NIKL source band: beginner; project heuristic TOPIK 2: beginner expansion/category or uncategorized entry; not an official per-grade list
ko-nikl-03975,씨,,A bound noun used to address or call out to a certain person deferentially.,bound noun,general / source uncategorized,nikl-2024-mirror,https://huggingface.co/datasets/binjang/NIKL-korean-english-dictionary/resolve/3b4cfd2126debfd5440cade3ef6c2a3c20cf7cf9/2024_01.csv#record=3975,NIKL source band: beginner; project heuristic TOPIK 2: beginner expansion/category or uncategorized entry; not an official per-grade list
ko-nikl-04020,아가씨,,A single young woman. / One's husband's younger sister. / (archaic) A nobleman's unmarried daughter.,noun,people > types of people,nikl-2024-mirror,https://huggingface.co/datasets/binjang/NIKL-korean-english-dictionary/resolve/3b4cfd2126debfd5440cade3ef6c2a3c20cf7cf9/2024_01.csv#record=4020,NIKL source band: beginner; project heuristic TOPIK 2: beginner expansion/category or uncategorized entry; not an official per-grade list
ko-nikl-04032,아기,,"An infant that feeds on breast milk. / (tender) A young daughter or daughter-in-law. / (endearing) An animal's little baby, or young plant.",noun,people > types of people,nikl-2024-mirror,https://huggingface.co/datasets/binjang/NIKL-korean-english-dictionary/resolve/3b4cfd2126debfd5440cade3ef6c2a3c20cf7cf9/2024_01.csv#record=4032,NIKL source band: beginner; project heuristic TOPIK 2: beginner expansion/category or uncategorized entry; not an official per-grade list
ko-nikl-04059,아니다,,Used to negate a fact or statement. / Used to express a wonder or guess and strongly affirm a fact or statement at the same time.,descriptive verb,general / source uncategorized,nikl-2024-mirror,https://huggingface.co/datasets/binjang/NIKL-korean-english-dictionary/resolve/3b4cfd2126debfd5440cade3ef6c2a3c20cf7cf9/2024_01.csv#record=4059,NIKL source band: beginner; project heuristic TOPIK 2: beginner expansion/category or uncategorized entry; not an official per-grade list
ko-nikl-04105,아래쪽,,A lower place or downward direction.,noun,general / source uncategorized,nikl-2024-mirror,https://huggingface.co/datasets/binjang/NIKL-korean-english-dictionary/resolve/3b4cfd2126debfd5440cade3ef6c2a3c20cf7cf9/2024_01.csv#record=4105,NIKL source band: beginner; project heuristic TOPIK 2: beginner expansion/category or uncategorized entry; not an official per-grade list
ko-nikl-04133,아르바이트,,"A temporary job one has to make money or to make more money, besides one's main job or role.",noun,economy > economic activities,nikl-2024-mirror,https://huggingface.co/datasets/binjang/NIKL-korean-english-dictionary/resolve/3b4cfd2126debfd5440cade3ef6c2a3c20cf7cf9/2024_01.csv#record=4133,NIKL source band: beginner; project heuristic TOPIK 2: beginner expansion/category or uncategorized entry; not an official per-grade list
ko-nikl-04143,아름답다,,"A color, appearance, or voice, etc., pleasing and satisfying one's eyes and ears. / One's behavior, mind, etc., being great.",descriptive verb,people > appearance,nikl-2024-mirror,https://huggingface.co/datasets/binjang/NIKL-korean-english-dictionary/resolve/3b4cfd2126debfd5440cade3ef6c2a3c20cf7cf9/2024_01.csv#record=4143,NIKL source band: beginner; project heuristic TOPIK 2: beginner expansion/category or uncategorized entry; not an official per-grade list
ko-nikl-04150,아마,,An adverb used to indicate that something is possible but not sure or certain.,adverb,general / source uncategorized,nikl-2024-mirror,https://huggingface.co/datasets/binjang/NIKL-korean-english-dictionary/resolve/3b4cfd2126debfd5440cade3ef6c2a3c20cf7cf9/2024_01.csv#record=4150,NIKL source band: beginner; project heuristic TOPIK 2: beginner expansion/category or uncategorized entry; not an official per-grade list
ko-nikl-04170,아무리,,To an extremely severe degree. / Even so.,adverb,general / source uncategorized,nikl-2024-mirror,https://huggingface.co/datasets/binjang/NIKL-korean-english-dictionary/resolve/3b4cfd2126debfd5440cade3ef6c2a3c20cf7cf9/2024_01.csv#record=4170,NIKL source band: beginner; project heuristic TOPIK 2: beginner expansion/category or uncategorized entry; not an official per-grade list
ko-nikl-04179,아버님,,(honorific) A word used to refer to or address the man who has procreated as the male parent. / (honorific) A word used to refer to or address a man who has a child. / (honorific) A word used to refer to or address the man whom a person treats as though he gave birth to him/her. / (honorific) A word used to refer to or address a man similar in age to the man who has procreated as the male parent. / (honorific) A word used to refer to or address one's husband's father. / (honorific) A word used to refer to or address one's wife's father.,noun,general / source uncategorized,nikl-2024-mirror,https://huggingface.co/datasets/binjang/NIKL-korean-english-dictionary/resolve/3b4cfd2126debfd5440cade3ef6c2a3c20cf7cf9/2024_01.csv#record=4179,NIKL source band: beginner; project heuristic TOPIK 2: beginner expansion/category or uncategorized entry; not an official per-grade list
ko-nikl-04270,아저씨,,A word used to refer to or address a male relative in the same generation as one's parents. / A word used to refer to or address a male adult who is not old and is not related.,noun,people > types of people,nikl-2024-mirror,https://huggingface.co/datasets/binjang/NIKL-korean-english-dictionary/resolve/3b4cfd2126debfd5440cade3ef6c2a3c20cf7cf9/2024_01.csv#record=4270,NIKL source band: beginner; project heuristic TOPIK 2: beginner expansion/category or uncategorized entry; not an official per-grade list
ko-nikl-04277,아주머니,,A word used to refer to or address a female relative in the same generation as one's parents. / A word used to refer to or address a woman who is married and not related.,noun,people > types of people,nikl-2024-mirror,https://huggingface.co/datasets/binjang/NIKL-korean-english-dictionary/resolve/3b4cfd2126debfd5440cade3ef6c2a3c20cf7cf9/2024_01.csv#record=4277,NIKL source band: beginner; project heuristic TOPIK 2: beginner expansion/category or uncategorized entry; not an official per-grade list
ko-nikl-04280,아줌마,,(impolite form) A word used to refer to or address a woman who is married and not related.,noun,people > types of people,nikl-2024-mirror,https://huggingface.co/datasets/binjang/NIKL-korean-english-dictionary/resolve/3b4cfd2126debfd5440cade3ef6c2a3c20cf7cf9/2024_01.csv#record=4280,NIKL source band: beginner; project heuristic TOPIK 2: beginner expansion/category or uncategorized entry; not an official per-grade list
ko-nikl-04311,아파트,,"A residential building made for many households to live independently in one tall, large building.",noun,housing > building types,nikl-2024-mirror,https://huggingface.co/datasets/binjang/NIKL-korean-english-dictionary/resolve/3b4cfd2126debfd5440cade3ef6c2a3c20cf7cf9/2024_01.csv#record=4311,NIKL source band: beginner; project heuristic TOPIK 2: beginner expansion/category or uncategorized entry; not an official per-grade list
ko-nikl-04336,악기,,An instrument used to play music.,noun,daily life > leisure equipment,nikl-2024-mirror,https://huggingface.co/datasets/binjang/NIKL-korean-english-dictionary/resolve/3b4cfd2126debfd5440cade3ef6c2a3c20cf7cf9/2024_01.csv#record=4336,NIKL source band: beginner; project heuristic TOPIK 2: beginner expansion/category or uncategorized entry; not an official per-grade list
ko-nikl-04420,안내,,The act of making someone know something by introducing it to him/her; such a job. / To lead or take someone to a place that he/she does not know well or wants to go to.,noun,social life > social activities,nikl-2024-mirror,https://huggingface.co/datasets/binjang/NIKL-korean-english-dictionary/resolve/3b4cfd2126debfd5440cade3ef6c2a3c20cf7cf9/2024_01.csv#record=4420,NIKL source band: beginner; project heuristic TOPIK 2: beginner expansion/category or uncategorized entry; not an official per-grade list
ko-nikl-04422,안내문,,The document in which the introduction to a certain content or event is written.,noun,social life > communication tools,nikl-2024-mirror,https://huggingface.co/datasets/binjang/NIKL-korean-english-dictionary/resolve/3b4cfd2126debfd5440cade3ef6c2a3c20cf7cf9/2024_01.csv#record=4422,NIKL source band: beginner; project heuristic TOPIK 2: beginner expansion/category or uncategorized entry; not an official per-grade list
ko-nikl-04433,안녕히,,Comfortably without any problems or worries.,adverb,general / source uncategorized,nikl-2024-mirror,https://huggingface.co/datasets/binjang/NIKL-korean-english-dictionary/resolve/3b4cfd2126debfd5440cade3ef6c2a3c20cf7cf9/2024_01.csv#record=4433,NIKL source band: beginner; project heuristic TOPIK 2: beginner expansion/category or uncategorized entry; not an official per-grade list
ko-nikl-04434,안다,,"To open one's arms and pull someone or something toward one's bosom or make him/her or it be in one's bosom. / To hold one's chest, head, abdomen, etc., tight with one's arms. / To bear the brunt of wind, rain, snow, sunshine, etc. / To suffer a loss or debt, or shoulder responsibility, etc. / For a bird to cover its eggs with its breast or abdomen in order to hatch out them. / To have a thought, emotion, etc., in one's mind. / To front toward a wall, mountain, etc.",verb,people > physical actions,nikl-2024-mirror,https://huggingface.co/datasets/binjang/NIKL-korean-english-dictionary/resolve/3b4cfd2126debfd5440cade3ef6c2a3c20cf7cf9/2024_01.csv#record=4434,NIKL source band: beginner; project heuristic TOPIK 2: beginner expansion/category or uncategorized entry; not an official per-grade list
ko-nikl-04447,안되다,,For an affair or phenomenon to not take place properly. / For a person to not be successful. / To not reach an expected or satisfactory level or degree.,verb,people > emotions,nikl-2024-mirror,https://huggingface.co/datasets/binjang/NIKL-korean-english-dictionary/resolve/3b4cfd2126debfd5440cade3ef6c2a3c20cf7cf9/2024_01.csv#record=4447,NIKL source band: beginner; project heuristic TOPIK 2: beginner expansion/category or uncategorized entry; not an official per-grade list
ko-nikl-04599,알리다,,To let someone realize or know what he/she did not know or forgot. / To tell someone about something so that he/she knows it. / To indicate or show a certain fact or phenomenon.,verb,people > cognition,nikl-2024-mirror,https://huggingface.co/datasets/binjang/NIKL-korean-english-dictionary/resolve/3b4cfd2126debfd5440cade3ef6c2a3c20cf7cf9/2024_01.csv#record=4599,NIKL source band: beginner; project heuristic TOPIK 2: beginner expansion/category or uncategorized entry; not an official per-grade list
ko-nikl-04603,알맞다,,"Satisfying a certain standard, condition, or degree without being excessive or insufficient.",descriptive verb,concepts > degree,nikl-2024-mirror,https://huggingface.co/datasets/binjang/NIKL-korean-english-dictionary/resolve/3b4cfd2126debfd5440cade3ef6c2a3c20cf7cf9/2024_01.csv#record=4603,NIKL source band: beginner; project heuristic TOPIK 2: beginner expansion/category or uncategorized entry; not an official per-grade list
ko-nikl-04620,알아보다,,"To make an investigation into or inquire into something in order to know what one does not know. / To know someone or something from another after seeing them. / To not forget but remember someone or something. / To acknowledge the ability of a person, the value of an object, etc. / To hunt for a job.",verb,general / source uncategorized,nikl-2024-mirror,https://huggingface.co/datasets/binjang/NIKL-korean-english-dictionary/resolve/3b4cfd2126debfd5440cade3ef6c2a3c20cf7cf9/2024_01.csv#record=4620,NIKL source band: beginner; project heuristic TOPIK 2: beginner expansion/category or uncategorized entry; not an official per-grade list
ko-nikl-04812,앞쪽,,A direction toward the front.,noun,general / source uncategorized,nikl-2024-mirror,https://huggingface.co/datasets/binjang/NIKL-korean-english-dictionary/resolve/3b4cfd2126debfd5440cade3ef6c2a3c20cf7cf9/2024_01.csv#record=4812,NIKL source band: beginner; project heuristic TOPIK 2: beginner expansion/category or uncategorized entry; not an official per-grade list
ko-nikl-04819,애,,A person of a young age. / (impolite form) One's child. / A baby who has not been born yet or was recently born.,noun,people > types of people,nikl-2024-mirror,https://huggingface.co/datasets/binjang/NIKL-korean-english-dictionary/resolve/3b4cfd2126debfd5440cade3ef6c2a3c20cf7cf9/2024_01.csv#record=4819,NIKL source band: beginner; project heuristic TOPIK 2: beginner expansion/category or uncategorized entry; not an official per-grade list
ko-nikl-04880,애인,,A person who loves or is loved in a romantic relationship between a man and woman.,noun,social life > interpersonal relationships,nikl-2024-mirror,https://huggingface.co/datasets/binjang/NIKL-korean-english-dictionary/resolve/3b4cfd2126debfd5440cade3ef6c2a3c20cf7cf9/2024_01.csv#record=4880,NIKL source band: beginner; project heuristic TOPIK 2: beginner expansion/category or uncategorized entry; not an official per-grade list
ko-nikl-04926,앨범,,"A book for preserving a collection of photographs by attaching them to blank pages or inserting them into pockets on each page. / A product such as a CD or tape, etc., which contains a collection of songs or instrumental music, etc.",noun,general / source uncategorized,nikl-2024-mirror,https://huggingface.co/datasets/binjang/NIKL-korean-english-dictionary/resolve/3b4cfd2126debfd5440cade3ef6c2a3c20cf7cf9/2024_01.csv#record=4926,NIKL source band: beginner; project heuristic TOPIK 2: beginner expansion/category or uncategorized entry; not an official per-grade list
ko-nikl-04942,야구,,"A game played by two opposing teams of nine people, taking turns batting and fielding, in which the hitter scores points by hitting a ball thrown by the pitcher with a bat and then running around the field of four bases.",noun,daily life > leisure activities,nikl-2024-mirror,https://huggingface.co/datasets/binjang/NIKL-korean-english-dictionary/resolve/3b4cfd2126debfd5440cade3ef6c2a3c20cf7cf9/2024_01.csv#record=4942,NIKL source band: beginner; project heuristic TOPIK 2: beginner expansion/category or uncategorized entry; not an official per-grade list
ko-nikl-05026,약간,,Not much; somewhat,adverb,concepts > degree,nikl-2024-mirror,https://huggingface.co/datasets/binjang/NIKL-korean-english-dictionary/resolve/3b4cfd2126debfd5440cade3ef6c2a3c20cf7cf9/2024_01.csv#record=5026,NIKL source band: beginner; project heuristic TOPIK 2: beginner expansion/category or uncategorized entry; not an official per-grade list
ko-nikl-05025,약간,,"A state of being small in amount, quantity, degree, etc.",noun,concepts > degree,nikl-2024-mirror,https://huggingface.co/datasets/binjang/NIKL-korean-english-dictionary/resolve/3b4cfd2126debfd5440cade3ef6c2a3c20cf7cf9/2024_01.csv#record=5025,NIKL source band: beginner; project heuristic TOPIK 2: beginner expansion/category or uncategorized entry; not an official per-grade list
ko-nikl-05080,약하다,,"Having small power. / Not healthy. / One’s resolution, will, etc., being weak, not strong. / One’s energy to endure something being not strong. / One’s ability, knowledge, skill, etc., being poor or not sufficient.",descriptive verb,people > physical condition,nikl-2024-mirror,https://huggingface.co/datasets/binjang/NIKL-korean-english-dictionary/resolve/3b4cfd2126debfd5440cade3ef6c2a3c20cf7cf9/2024_01.csv#record=5080,NIKL source band: beginner; project heuristic TOPIK 2: beginner expansion/category or uncategorized entry; not an official per-grade list
ko-nikl-05097,얇다,,Not thick. / The height of an object that is formed in layers or the size of a group not reaching the average. / A color being light. / One’s mind being so shallow as to be guessed easily.,descriptive verb,concepts > shape,nikl-2024-mirror,https://huggingface.co/datasets/binjang/NIKL-korean-english-dictionary/resolve/3b4cfd2126debfd5440cade3ef6c2a3c20cf7cf9/2024_01.csv#record=5097,NIKL source band: beginner; project heuristic TOPIK 2: beginner expansion/category or uncategorized entry; not an official per-grade list
ko-nikl-46269,얘기,,"Words that are intended to tell others about a fact, state, phenomenon, experience, thought, etc. / Words that one exchanges with others. / An interesting storytelling where one tells others about a fact or a made-up story. / Words that are spoken to evaluate something or spread a rumor about something.",noun,social life > speech acts,nikl-2024-mirror,https://huggingface.co/datasets/binjang/NIKL-korean-english-dictionary/resolve/3b4cfd2126debfd5440cade3ef6c2a3c20cf7cf9/2024_01.csv#record=46269,NIKL source band: beginner; project heuristic TOPIK 2: beginner expansion/category or uncategorized entry; not an official per-grade list
ko-nikl-46349,어둡다,,"Not bright due to the lack of light. / Carrying deepness and heaviness in color. / Depressed and heavy in mood, facial expression, personality, etc. / Hopeless, desperate and helpless. / Lacking wisdom and ingenuity as a person or society. / Deficient in eyesight or hearing. / Emanating a feeling of strangeness, suspicion or trouble. / Not very knowledgeable about a thing or field. / Having a desire for something.",descriptive verb,concepts > brightness,nikl-2024-mirror,https://huggingface.co/datasets/binjang/NIKL-korean-english-dictionary/resolve/3b4cfd2126debfd5440cade3ef6c2a3c20cf7cf9/2024_01.csv#record=46349,NIKL source band: beginner; project heuristic TOPIK 2: beginner expansion/category or uncategorized entry; not an official per-grade list
ko-nikl-46380,어른,,"A fully-grown person. / A person who is superior in age, position, etc. / A married person. / A person in the family or group who is respected by others because of his old age and experience. / (polite form) The father of someone else.",noun,people > types of people,nikl-2024-mirror,https://huggingface.co/datasets/binjang/NIKL-korean-english-dictionary/resolve/3b4cfd2126debfd5440cade3ef6c2a3c20cf7cf9/2024_01.csv#record=46380,NIKL source band: beginner; project heuristic TOPIK 2: beginner expansion/category or uncategorized entry; not an official per-grade list
ko-nikl-46392,어리다,,"Low in age. / Having a lower age in comparison with someone else. / Small and weak because the animal or plant has recently been born or budded. / Inconsiderate, inexperienced or at a low level.",descriptive verb,people > appearance,nikl-2024-mirror,https://huggingface.co/datasets/binjang/NIKL-korean-english-dictionary/resolve/3b4cfd2126debfd5440cade3ef6c2a3c20cf7cf9/2024_01.csv#record=46392,NIKL source band: beginner; project heuristic TOPIK 2: beginner expansion/category or uncategorized entry; not an official per-grade list
ko-nikl-46400,어린아이,,A young boy or girl.,noun,people > types of people,nikl-2024-mirror,https://huggingface.co/datasets/binjang/NIKL-korean-english-dictionary/resolve/3b4cfd2126debfd5440cade3ef6c2a3c20cf7cf9/2024_01.csv#record=46400,NIKL source band: beginner; project heuristic TOPIK 2: beginner expansion/category or uncategorized entry; not an official per-grade list
ko-nikl-46402,어린이,,A young boy and girl from those aged four or five to elementary school students.,noun,people > types of people,nikl-2024-mirror,https://huggingface.co/datasets/binjang/NIKL-korean-english-dictionary/resolve/3b4cfd2126debfd5440cade3ef6c2a3c20cf7cf9/2024_01.csv#record=46402,NIKL source band: beginner; project heuristic TOPIK 2: beginner expansion/category or uncategorized entry; not an official per-grade list
ko-nikl-46502,어울리다,,For several things to be in harmony and unite as one. / To get on well with others or join a certain group and come to be active in the group. / (figurative) To have sex with someone. / To be harmonious with each other naturally.,verb,general / source uncategorized,nikl-2024-mirror,https://huggingface.co/datasets/binjang/NIKL-korean-english-dictionary/resolve/3b4cfd2126debfd5440cade3ef6c2a3c20cf7cf9/2024_01.csv#record=46502,NIKL source band: beginner; project heuristic TOPIK 2: beginner expansion/category or uncategorized entry; not an official per-grade list
ko-nikl-46667,언어,,"The means of communication, such as sounds, letters, etc. for expressing or conveying one's thoughts or feelings; or the system of such means.",noun,social life > communication tools,nikl-2024-mirror,https://huggingface.co/datasets/binjang/NIKL-korean-english-dictionary/resolve/3b4cfd2126debfd5440cade3ef6c2a3c20cf7cf9/2024_01.csv#record=46667,NIKL source band: beginner; project heuristic TOPIK 2: beginner expansion/category or uncategorized entry; not an official per-grade list
ko-nikl-46695,얻다,,"To take and have something without special efforts or without paying for it. / To come to have or enjoy a positive attitude, response, state, etc. / To seek or look for something and then have it. / To get a loan. / To lease a house, room, etc. / To secure or get a right, result, property, etc. / To come to find and use a worker. / To take someone into one's family. / To become ill.",verb,social life > social activities,nikl-2024-mirror,https://huggingface.co/datasets/binjang/NIKL-korean-english-dictionary/resolve/3b4cfd2126debfd5440cade3ef6c2a3c20cf7cf9/2024_01.csv#record=46695,NIKL source band: beginner; project heuristic TOPIK 2: beginner expansion/category or uncategorized entry; not an official per-grade list
ko-nikl-46726,얼다,,For a liquid or moist material to become solidified by a cold energy. / For a part or all of the body to become extremely cold and numb because of chilly conditions. / To be overly nervous because one is intimidated by the mood or the presence of someone else.,verb,general / source uncategorized,nikl-2024-mirror,https://huggingface.co/datasets/binjang/NIKL-korean-english-dictionary/resolve/3b4cfd2126debfd5440cade3ef6c2a3c20cf7cf9/2024_01.csv#record=46726,NIKL source band: beginner; project heuristic TOPIK 2: beginner expansion/category or uncategorized entry; not an official per-grade list
ko-nikl-46744,얼마나,,In a great and enormous degree in terms of a state or feeling. / How much.,adverb,concepts > quantity,nikl-2024-mirror,https://huggingface.co/datasets/binjang/NIKL-korean-english-dictionary/resolve/3b4cfd2126debfd5440cade3ef6c2a3c20cf7cf9/2024_01.csv#record=46744,NIKL source band: beginner; project heuristic TOPIK 2: beginner expansion/category or uncategorized entry; not an official per-grade list
ko-nikl-47022,여권,,"An official document that proves a traveler's nationality or identity in a foreign country, and requests his/her protection for the country.",noun,general / source uncategorized,nikl-2024-mirror,https://huggingface.co/datasets/binjang/NIKL-korean-english-dictionary/resolve/3b4cfd2126debfd5440cade3ef6c2a3c20cf7cf9/2024_01.csv#record=47022,NIKL source band: beginner; project heuristic TOPIK 2: beginner expansion/category or uncategorized entry; not an official per-grade list
ko-nikl-47114,여성,,A grown-up woman capable of having a baby. / One of the terms used to distinguish the gender of words in the grammar of Western languages.,noun,people > types of people,nikl-2024-mirror,https://huggingface.co/datasets/binjang/NIKL-korean-english-dictionary/resolve/3b4cfd2126debfd5440cade3ef6c2a3c20cf7cf9/2024_01.csv#record=47114,NIKL source band: beginner; project heuristic TOPIK 2: beginner expansion/category or uncategorized entry; not an official per-grade list
ko-nikl-47169,여자,,"A person who was born a female. / A demure, delicate woman who exudes a lot of feminiity. / The wife or girlfriend of a man.",noun,people > types of people,nikl-2024-mirror,https://huggingface.co/datasets/binjang/NIKL-korean-english-dictionary/resolve/3b4cfd2126debfd5440cade3ef6c2a3c20cf7cf9/2024_01.csv#record=47169,NIKL source band: beginner; project heuristic TOPIK 2: beginner expansion/category or uncategorized entry; not an official per-grade list
ko-nikl-47198,여쭙다,,To ask one's elders something. / To greet one's elders.,verb,social life > speech acts,nikl-2024-mirror,https://huggingface.co/datasets/binjang/NIKL-korean-english-dictionary/resolve/3b4cfd2126debfd5440cade3ef6c2a3c20cf7cf9/2024_01.csv#record=47198,NIKL source band: beginner; project heuristic TOPIK 2: beginner expansion/category or uncategorized entry; not an official per-grade list
ko-nikl-47219,여행사,,"A company that offers an array of services for travel, including transportation, accomodaton, tour guide, etc.",noun,social life > workplaces,nikl-2024-mirror,https://huggingface.co/datasets/binjang/NIKL-korean-english-dictionary/resolve/3b4cfd2126debfd5440cade3ef6c2a3c20cf7cf9/2024_01.csv#record=47219,NIKL source band: beginner; project heuristic TOPIK 2: beginner expansion/category or uncategorized entry; not an official per-grade list
ko-nikl-47223,여행지,,A place where one travels.,noun,daily life > leisure facilities,nikl-2024-mirror,https://huggingface.co/datasets/binjang/NIKL-korean-english-dictionary/resolve/3b4cfd2126debfd5440cade3ef6c2a3c20cf7cf9/2024_01.csv#record=47223,NIKL source band: beginner; project heuristic TOPIK 2: beginner expansion/category or uncategorized entry; not an official per-grade list
ko-nikl-47250,역사,,"The process of a human society where it flourishes and collapses with time, or the records of such process. / The process of change in a thing, fact, natural phenomenon, etc. / The discipline of studying history.",noun,education > subjects and majors,nikl-2024-mirror,https://huggingface.co/datasets/binjang/NIKL-korean-english-dictionary/resolve/3b4cfd2126debfd5440cade3ef6c2a3c20cf7cf9/2024_01.csv#record=47250,NIKL source band: beginner; project heuristic TOPIK 2: beginner expansion/category or uncategorized entry; not an official per-grade list
ko-nikl-47277,역시,,Likewise. / As one thought. / As usual. / No matter how one thinks.,adverb,general / source uncategorized,nikl-2024-mirror,https://huggingface.co/datasets/binjang/NIKL-korean-english-dictionary/resolve/3b4cfd2126debfd5440cade3ef6c2a3c20cf7cf9/2024_01.csv#record=47277,NIKL source band: beginner; project heuristic TOPIK 2: beginner expansion/category or uncategorized entry; not an official per-grade list
ko-nikl-47328,연결,,Two or more things or phenomena being connected or related to each other.,noun,social life > telecommunications,nikl-2024-mirror,https://huggingface.co/datasets/binjang/NIKL-korean-english-dictionary/resolve/3b4cfd2126debfd5440cade3ef6c2a3c20cf7cf9/2024_01.csv#record=47328,NIKL source band: beginner; project heuristic TOPIK 2: beginner expansion/category or uncategorized entry; not an official per-grade list
ko-nikl-47361,연극,,An act in which an actor or actress acts on a stage according to a script for the audience. / A remark or act designed to make others believe something fake as real.,noun,culture > popular culture,nikl-2024-mirror,https://huggingface.co/datasets/binjang/NIKL-korean-english-dictionary/resolve/3b4cfd2126debfd5440cade3ef6c2a3c20cf7cf9/2024_01.csv#record=47361,NIKL source band: beginner; project heuristic TOPIK 2: beginner expansion/category or uncategorized entry; not an official per-grade list
ko-nikl-47403,연락,,The act of delivering a fact.,noun,social life > social activities,nikl-2024-mirror,https://huggingface.co/datasets/binjang/NIKL-korean-english-dictionary/resolve/3b4cfd2126debfd5440cade3ef6c2a3c20cf7cf9/2024_01.csv#record=47403,NIKL source band: beginner; project heuristic TOPIK 2: beginner expansion/category or uncategorized entry; not an official per-grade list
ko-nikl-47406,연락처,,A telephone number or address via which one can contact someone else.,noun,general / source uncategorized,nikl-2024-mirror,https://huggingface.co/datasets/binjang/NIKL-korean-english-dictionary/resolve/3b4cfd2126debfd5440cade3ef6c2a3c20cf7cf9/2024_01.csv#record=47406,NIKL source band: beginner; project heuristic TOPIK 2: beginner expansion/category or uncategorized entry; not an official per-grade list
ko-nikl-47470,연세,,(honorific) One's age.,noun,general / source uncategorized,nikl-2024-mirror,https://huggingface.co/datasets/binjang/NIKL-korean-english-dictionary/resolve/3b4cfd2126debfd5440cade3ef6c2a3c20cf7cf9/2024_01.csv#record=47470,NIKL source band: beginner; project heuristic TOPIK 2: beginner expansion/category or uncategorized entry; not an official per-grade list
ko-nikl-47492,연습,,The act of doing something repeatedly in order to be good at it.,noun,education > teaching and learning,nikl-2024-mirror,https://huggingface.co/datasets/binjang/NIKL-korean-english-dictionary/resolve/3b4cfd2126debfd5440cade3ef6c2a3c20cf7cf9/2024_01.csv#record=47492,NIKL source band: beginner; project heuristic TOPIK 2: beginner expansion/category or uncategorized entry; not an official per-grade list
ko-nikl-47524,연예인,,"A person who acts, sings, or dances professionally.",noun,culture > cultural participants,nikl-2024-mirror,https://huggingface.co/datasets/binjang/NIKL-korean-english-dictionary/resolve/3b4cfd2126debfd5440cade3ef6c2a3c20cf7cf9/2024_01.csv#record=47524,NIKL source band: beginner; project heuristic TOPIK 2: beginner expansion/category or uncategorized entry; not an official per-grade list
ko-nikl-47673,열리다,,For something closed or locked to be opened or unlocked. / For a meeting or conference to begin. / For business to open for the day. / For an important opportunity or condition for something to present itself. / To come to open one's heart to another or accept his/her mind. / To come to enter into relations with someone.,verb,general / source uncategorized,nikl-2024-mirror,https://huggingface.co/datasets/binjang/NIKL-korean-english-dictionary/resolve/3b4cfd2126debfd5440cade3ef6c2a3c20cf7cf9/2024_01.csv#record=47673,NIKL source band: beginner; project heuristic TOPIK 2: beginner expansion/category or uncategorized entry; not an official per-grade list
ko-nikl-47695,열심히,,With all one's heart.,adverb,general / source uncategorized,nikl-2024-mirror,https://huggingface.co/datasets/binjang/NIKL-korean-english-dictionary/resolve/3b4cfd2126debfd5440cade3ef6c2a3c20cf7cf9/2024_01.csv#record=47695,NIKL source band: beginner; project heuristic TOPIK 2: beginner expansion/category or uncategorized entry; not an official per-grade list
ko-nikl-47770,엽서,,"A card, usually with a scenic picture on one side and the other side reserved for writing a message and the addresses of a sender and a receiver, which can be sent without an envelope by mail.",noun,social life > communication tools,nikl-2024-mirror,https://huggingface.co/datasets/binjang/NIKL-korean-english-dictionary/resolve/3b4cfd2126debfd5440cade3ef6c2a3c20cf7cf9/2024_01.csv#record=47770,NIKL source band: beginner; project heuristic TOPIK 2: beginner expansion/category or uncategorized entry; not an official per-grade list
ko-nikl-47808,영국,,"An island country at the northwestern end of Europe; it is a constitutional monarchy and the home of the Industrial Revolution, and has developed industries; its main language is English and its capital is London.",noun,concepts > regions,nikl-2024-mirror,https://huggingface.co/datasets/binjang/NIKL-korean-english-dictionary/resolve/3b4cfd2126debfd5440cade3ef6c2a3c20cf7cf9/2024_01.csv#record=47808,NIKL source band: beginner; project heuristic TOPIK 2: beginner expansion/category or uncategorized entry; not an official per-grade list
ko-nikl-47846,영수증,,A piece of paper on which the details of transaction of money or goods are written.,noun,economy > financial instruments,nikl-2024-mirror,https://huggingface.co/datasets/binjang/NIKL-korean-english-dictionary/resolve/3b4cfd2126debfd5440cade3ef6c2a3c20cf7cf9/2024_01.csv#record=47846,NIKL source band: beginner; project heuristic TOPIK 2: beginner expansion/category or uncategorized entry; not an official per-grade list
ko-nikl-47903,영하,,A temperature below zero degrees Celsius.,noun,concepts > temperature,nikl-2024-mirror,https://huggingface.co/datasets/binjang/NIKL-korean-english-dictionary/resolve/3b4cfd2126debfd5440cade3ef6c2a3c20cf7cf9/2024_01.csv#record=47903,NIKL source band: beginner; project heuristic TOPIK 2: beginner expansion/category or uncategorized entry; not an official per-grade list
ko-nikl-47916,영화관,,"A place for showing a movie, which is equipped with facilities that enable a lot of people to watch a movie all together.",noun,culture > cultural venues,nikl-2024-mirror,https://huggingface.co/datasets/binjang/NIKL-korean-english-dictionary/resolve/3b4cfd2126debfd5440cade3ef6c2a3c20cf7cf9/2024_01.csv#record=47916,NIKL source band: beginner; project heuristic TOPIK 2: beginner expansion/category or uncategorized entry; not an official per-grade list
ko-nikl-47918,영화배우,,A person who performs in a movie.,noun,culture > cultural participants,nikl-2024-mirror,https://huggingface.co/datasets/binjang/NIKL-korean-english-dictionary/resolve/3b4cfd2126debfd5440cade3ef6c2a3c20cf7cf9/2024_01.csv#record=47918,NIKL source band: beginner; project heuristic TOPIK 2: beginner expansion/category or uncategorized entry; not an official per-grade list
ko-nikl-47932,옆집,,A house next to one's house.,noun,housing > residential areas,nikl-2024-mirror,https://huggingface.co/datasets/binjang/NIKL-korean-english-dictionary/resolve/3b4cfd2126debfd5440cade3ef6c2a3c20cf7cf9/2024_01.csv#record=47932,NIKL source band: beginner; project heuristic TOPIK 2: beginner expansion/category or uncategorized entry; not an official per-grade list
ko-nikl-47967,예매,,"The act of buying a passenger ticket, admission ticket, etc., in advance.",noun,daily life > leisure activities,nikl-2024-mirror,https://huggingface.co/datasets/binjang/NIKL-korean-english-dictionary/resolve/3b4cfd2126debfd5440cade3ef6c2a3c20cf7cf9/2024_01.csv#record=47967,NIKL source band: beginner; project heuristic TOPIK 2: beginner expansion/category or uncategorized entry; not an official per-grade list
ko-nikl-48019,예술,,"Arts and sciences. / The activity of creating and expressing beauty by using particular materials, techniques, style, etc.; a piece of work produced in such a way. / (figurative) Very beautiful and excellent skills.",noun,culture > arts,nikl-2024-mirror,https://huggingface.co/datasets/binjang/NIKL-korean-english-dictionary/resolve/3b4cfd2126debfd5440cade3ef6c2a3c20cf7cf9/2024_01.csv#record=48019,NIKL source band: beginner; project heuristic TOPIK 2: beginner expansion/category or uncategorized entry; not an official per-grade list
ko-nikl-48030,예습,,The act of studying in advance for the next class.,noun,education > teaching and learning,nikl-2024-mirror,https://huggingface.co/datasets/binjang/NIKL-korean-english-dictionary/resolve/3b4cfd2126debfd5440cade3ef6c2a3c20cf7cf9/2024_01.csv#record=48030,NIKL source band: beginner; project heuristic TOPIK 2: beginner expansion/category or uncategorized entry; not an official per-grade list
ko-nikl-48041,예약,,"The act of arranging a place, room, object, etc., in advance for future use, or such an arrangement.",noun,daily life > leisure activities,nikl-2024-mirror,https://huggingface.co/datasets/binjang/NIKL-korean-english-dictionary/resolve/3b4cfd2126debfd5440cade3ef6c2a3c20cf7cf9/2024_01.csv#record=48041,NIKL source band: beginner; project heuristic TOPIK 2: beginner expansion/category or uncategorized entry; not an official per-grade list
ko-nikl-48084,옛,,Of the past time.,determiner,general / source uncategorized,nikl-2024-mirror,https://huggingface.co/datasets/binjang/NIKL-korean-english-dictionary/resolve/3b4cfd2126debfd5440cade3ef6c2a3c20cf7cf9/2024_01.csv#record=48084,NIKL source band: beginner; project heuristic TOPIK 2: beginner expansion/category or uncategorized entry; not an official per-grade list
ko-nikl-48191,오르다,,"For a human or an animal to move from a lower to a higher place or from the bottom to the top. / To obtain a position or status. / To use a means of transportation. / To reach a certain degree. / To embark on a journey. / For a body or something similar to become fleshier. / For a food or ingredient to be placed on the table, cutting board, etc. / To be on the lips of others. / For something to be recorded. / For a value, number, temperature, performance, etc., to become larger or higher. / For energy or power to become more intense or reinforced. / For performance or efficiency to get better. / For a feeling or sensation to spread. / For a germ, poison, etc., to infect someone and spread in his/her body. / To be possessed by a ghost, spirit, demon, etc. / For something dirty to stain a cloth, or fabric, or leather, etc. / For an object, substance, etc., to move upward.",verb,general / source uncategorized,nikl-2024-mirror,https://huggingface.co/datasets/binjang/NIKL-korean-english-dictionary/resolve/3b4cfd2126debfd5440cade3ef6c2a3c20cf7cf9/2024_01.csv#record=48191,NIKL source band: beginner; project heuristic TOPIK 2: beginner expansion/category or uncategorized entry; not an official per-grade list
ko-nikl-48406,온도,,The degree of warmth and cold; a numerical value indicating such a degree.,noun,concepts > temperature,nikl-2024-mirror,https://huggingface.co/datasets/binjang/NIKL-korean-english-dictionary/resolve/3b4cfd2126debfd5440cade3ef6c2a3c20cf7cf9/2024_01.csv#record=48406,NIKL source band: beginner; project heuristic TOPIK 2: beginner expansion/category or uncategorized entry; not an official per-grade list
ko-nikl-48447,올라가다,,"To move from the bottom to the top, or from a lower place to a higher one. / To go to the capital city from a provincial area. / To move one's position to a higher organization or department. / To go from the south to the north. / To move from water to land. / (figurative) To die. / For the document, etc., of a sub-organization to be submitted to an upper organization. / To keep going from a certain point to a place that looks rather high. / To go toward a source by going back to the past. / For one's rank, position, etc., to become higher. / For quality, a level, etc., to become higher. / For a numerical value such as temperature, prices, etc., to increase or become higher. / To go against the current of water. / For force, energy, passion, etc., to increase gradually. / For a building, etc., to be constructed. / To go toward a high place.",verb,people > physical actions,nikl-2024-mirror,https://huggingface.co/datasets/binjang/NIKL-korean-english-dictionary/resolve/3b4cfd2126debfd5440cade3ef6c2a3c20cf7cf9/2024_01.csv#record=48447,NIKL source band: beginner; project heuristic TOPIK 2: beginner expansion/category or uncategorized entry; not an official per-grade list
ko-nikl-48451,올라오다,,"To move from a lower place to a higher one. / To come toward a higher place against the water current. / To come to a central city like Seoul from a provincial area; to come to the central department from a department in a provincial area. / To move from a lower grade to a higher one in a school year, position, etc. / To make it to a certain ranking. / To move from water to land. / To move from the bottom toward the top. / For food, etc., to be set on the table. / For a document, etc., of a sub-organization to be submitted to a higher-level organization. / For content to be posted on a computer network, electronic bulletin board, etc. / For something that one ate to come out through one's throat. / For something deep in one's mind to come out. / To come toward a high place.",verb,people > physical actions,nikl-2024-mirror,https://huggingface.co/datasets/binjang/NIKL-korean-english-dictionary/resolve/3b4cfd2126debfd5440cade3ef6c2a3c20cf7cf9/2024_01.csv#record=48451,NIKL source band: beginner; project heuristic TOPIK 2: beginner expansion/category or uncategorized entry; not an official per-grade list
ko-nikl-48457,올리다,,"To make a price, figure, energy, etc., get higher or increase. / To make a performance, achievement, etc., reach a high level. / To make something move from a lower to a higher position. / To hold a ceremony or ritual. / To hold a service or ceremony or offer a prayer. / To shout or shriek loudly. / To give a slap on the cheek, etc. / To make something reach a certain level. / To make something laid on something else. / To put food on a table. / To have something as the topic of a conversation. / To register; to fill in. / To put tiles, etc., on a roof to complete the roof. / To construct a building. / To upload a file, post, article, etc., on a computer network or Internet newspaper. / To greet, make a bow or speak to one's superior, or hand something to him/her. / To present a document, etc., to one's superior or a superior organization.",verb,economy > economic activities,nikl-2024-mirror,https://huggingface.co/datasets/binjang/NIKL-korean-english-dictionary/resolve/3b4cfd2126debfd5440cade3ef6c2a3c20cf7cf9/2024_01.csv#record=48457,NIKL source band: beginner; project heuristic TOPIK 2: beginner expansion/category or uncategorized entry; not an official per-grade list
ko-nikl-48460,올림,,A term written next to the name of the sender as a sign of respect when he/she sends a letter or gift to someone older.,noun,social life > telecommunications,nikl-2024-mirror,https://huggingface.co/datasets/binjang/NIKL-korean-english-dictionary/resolve/3b4cfd2126debfd5440cade3ef6c2a3c20cf7cf9/2024_01.csv#record=48460,NIKL source band: beginner; project heuristic TOPIK 2: beginner expansion/category or uncategorized entry; not an official per-grade list
ko-nikl-48463,올림픽,,An international sporting event which is held every four years.,noun,general / source uncategorized,nikl-2024-mirror,https://huggingface.co/datasets/binjang/NIKL-korean-english-dictionary/resolve/3b4cfd2126debfd5440cade3ef6c2a3c20cf7cf9/2024_01.csv#record=48463,NIKL source band: beginner; project heuristic TOPIK 2: beginner expansion/category or uncategorized entry; not an official per-grade list
ko-nikl-48485,옳다,,"Being in accord with a rule and just. / Better than something. / Right, not wrong. / A word used to indicate one's feeling when something is exactly the same as one's thought. / A word used to indicate that one agrees to a certain opinion or idea. / A word used to indicate one's feeling when something forgotten comes to one's memory suddenly.",descriptive verb,people > cognition,nikl-2024-mirror,https://huggingface.co/datasets/binjang/NIKL-korean-english-dictionary/resolve/3b4cfd2126debfd5440cade3ef6c2a3c20cf7cf9/2024_01.csv#record=48485,NIKL source band: beginner; project heuristic TOPIK 2: beginner expansion/category or uncategorized entry; not an official per-grade list
ko-nikl-48637,완전히,,In a manner of everything being provided without anything left out.,adverb,concepts > degree,nikl-2024-mirror,https://huggingface.co/datasets/binjang/NIKL-korean-english-dictionary/resolve/3b4cfd2126debfd5440cade3ef6c2a3c20cf7cf9/2024_01.csv#record=48637,NIKL source band: beginner; project heuristic TOPIK 2: beginner expansion/category or uncategorized entry; not an official per-grade list
ko-nikl-48668,왕,,"A king who is a ruler of a country where the crown is passed down from one to another member of the royal family. / (figurative) The most outstanding figure in terms of power or value, etc., within a certain field or range.",noun,politics and administration > political and administrative actors,nikl-2024-mirror,https://huggingface.co/datasets/binjang/NIKL-korean-english-dictionary/resolve/3b4cfd2126debfd5440cade3ef6c2a3c20cf7cf9/2024_01.csv#record=48668,NIKL source band: beginner; project heuristic TOPIK 2: beginner expansion/category or uncategorized entry; not an official per-grade list
ko-nikl-48770,외국,,A country other than one's own.,noun,concepts > regions,nikl-2024-mirror,https://huggingface.co/datasets/binjang/NIKL-korean-english-dictionary/resolve/3b4cfd2126debfd5440cade3ef6c2a3c20cf7cf9/2024_01.csv#record=48770,NIKL source band: beginner; project heuristic TOPIK 2: beginner expansion/category or uncategorized entry; not an official per-grade list
ko-nikl-48774,외국어,,"The language of a foreign country. / A word that has not been naturalized after being adopted from a foreign country, such as a movie or milk.",noun,social life > language,nikl-2024-mirror,https://huggingface.co/datasets/binjang/NIKL-korean-english-dictionary/resolve/3b4cfd2126debfd5440cade3ef6c2a3c20cf7cf9/2024_01.csv#record=48774,NIKL source band: beginner; project heuristic TOPIK 2: beginner expansion/category or uncategorized entry; not an official per-grade list
ko-nikl-48776,외국인,,A person from other country.,noun,people > types of people,nikl-2024-mirror,https://huggingface.co/datasets/binjang/NIKL-korean-english-dictionary/resolve/3b4cfd2126debfd5440cade3ef6c2a3c20cf7cf9/2024_01.csv#record=48776,NIKL source band: beginner; project heuristic TOPIK 2: beginner expansion/category or uncategorized entry; not an official per-grade list
ko-nikl-48809,외롭다,,Being lonesome because one is alone or has nobody to depend on.,descriptive verb,people > emotions,nikl-2024-mirror,https://huggingface.co/datasets/binjang/NIKL-korean-english-dictionary/resolve/3b4cfd2126debfd5440cade3ef6c2a3c20cf7cf9/2024_01.csv#record=48809,NIKL source band: beginner; project heuristic TOPIK 2: beginner expansion/category or uncategorized entry; not an official per-grade list
ko-nikl-48850,외우다,,"To not forget but to remember a speech, composition, etc. / To remember a speech, composition, etc., and say it perfectly.",verb,people > cognition,nikl-2024-mirror,https://huggingface.co/datasets/binjang/NIKL-korean-english-dictionary/resolve/3b4cfd2126debfd5440cade3ef6c2a3c20cf7cf9/2024_01.csv#record=48850,NIKL source band: beginner; project heuristic TOPIK 2: beginner expansion/category or uncategorized entry; not an official per-grade list
ko-nikl-48933,요금,,A sum of money paid for using a facility or watching something at a facility.,noun,economy > financial instruments,nikl-2024-mirror,https://huggingface.co/datasets/binjang/NIKL-korean-english-dictionary/resolve/3b4cfd2126debfd5440cade3ef6c2a3c20cf7cf9/2024_01.csv#record=48933,NIKL source band: beginner; project heuristic TOPIK 2: beginner expansion/category or uncategorized entry; not an official per-grade list
ko-nikl-49277,우리나라,,A term used by the Korean people to refer to Korea.,noun,concepts > regions,nikl-2024-mirror,https://huggingface.co/datasets/binjang/NIKL-korean-english-dictionary/resolve/3b4cfd2126debfd5440cade3ef6c2a3c20cf7cf9/2024_01.csv#record=49277,NIKL source band: beginner; project heuristic TOPIK 2: beginner expansion/category or uncategorized entry; not an official per-grade list
ko-nikl-49318,우선,,Before doing something. / Although it is not enough.,adverb,concepts > sequence,nikl-2024-mirror,https://huggingface.co/datasets/binjang/NIKL-korean-english-dictionary/resolve/3b4cfd2126debfd5440cade3ef6c2a3c20cf7cf9/2024_01.csv#record=49318,NIKL source band: beginner; project heuristic TOPIK 2: beginner expansion/category or uncategorized entry; not an official per-grade list
ko-nikl-49429,우표,,A small piece of paper attached to postal mail as a sign that its postal charge has been paid.,noun,general / source uncategorized,nikl-2024-mirror,https://huggingface.co/datasets/binjang/NIKL-korean-english-dictionary/resolve/3b4cfd2126debfd5440cade3ef6c2a3c20cf7cf9/2024_01.csv#record=49429,NIKL source band: beginner; project heuristic TOPIK 2: beginner expansion/category or uncategorized entry; not an official per-grade list
ko-nikl-49470,운동장,,A wide yard equipped with a variety of apparatus and facilities for sports or play.,noun,daily life > leisure facilities,nikl-2024-mirror,https://huggingface.co/datasets/binjang/NIKL-korean-english-dictionary/resolve/3b4cfd2126debfd5440cade3ef6c2a3c20cf7cf9/2024_01.csv#record=49470,NIKL source band: beginner; project heuristic TOPIK 2: beginner expansion/category or uncategorized entry; not an official per-grade list
ko-nikl-49546,울다,,"To shed tears out of unbearable joy, pain, or delight, or to make sounds while shedding tears. / For an animal, insect, or wind, etc., to make a sound. / For an object to make a sound by being swayed by the wind. / For thunder, a bell, a doorbell, etc. to make a sound. / For a medical disorder to cause one to hear a sound that doesn't really exist. / (figurative) To feel frustrated because one cannot hit or attack another. / To make a sound and shed tears at the same time.",verb,plants and animals > plant and animal activities,nikl-2024-mirror,https://huggingface.co/datasets/binjang/NIKL-korean-english-dictionary/resolve/3b4cfd2126debfd5440cade3ef6c2a3c20cf7cf9/2024_01.csv#record=49546,NIKL source band: beginner; project heuristic TOPIK 2: beginner expansion/category or uncategorized entry; not an official per-grade list
ko-nikl-49571,울산,,"A metropolitan city in the northeastern region of Gyeongsangnam-do, or South Gyeongsang Province; It is Korea's biggest industrial city particularly famous for its heavy industry such as the automobile industry.",noun,concepts > regions,nikl-2024-mirror,https://huggingface.co/datasets/binjang/NIKL-korean-english-dictionary/resolve/3b4cfd2126debfd5440cade3ef6c2a3c20cf7cf9/2024_01.csv#record=49571,NIKL source band: beginner; project heuristic TOPIK 2: beginner expansion/category or uncategorized entry; not an official per-grade list
ko-nikl-49573,울음,,The act of making a sound and shedding tears at the same time.,noun,people > physical actions,nikl-2024-mirror,https://huggingface.co/datasets/binjang/NIKL-korean-english-dictionary/resolve/3b4cfd2126debfd5440cade3ef6c2a3c20cf7cf9/2024_01.csv#record=49573,NIKL source band: beginner; project heuristic TOPIK 2: beginner expansion/category or uncategorized entry; not an official per-grade list
ko-nikl-49601,움직이다,,"For a position or posture to change; to change a position or posture. / To shift from a place to another. / For one's thought to change; to change one's thought. / To work with a certain goal; to make someone or something work. / For a certain fact or phenomenon to change; to change a certain fact or phenomenon. / For a machine, factory, etc., to be run or operated; to run or operate a machine, factory, etc.",verb,people > physical actions,nikl-2024-mirror,https://huggingface.co/datasets/binjang/NIKL-korean-english-dictionary/resolve/3b4cfd2126debfd5440cade3ef6c2a3c20cf7cf9/2024_01.csv#record=49601,NIKL source band: beginner; project heuristic TOPIK 2: beginner expansion/category or uncategorized entry; not an official per-grade list
ko-nikl-49618,웃다,,To smile big or make a sound when one is happy or satisfied. / To produce a certain type of smile or laughter by making a sound or wearing a look on one's face. / To despise and make fun of someone because his/her words or actions are unacceptable or not right.,verb,people > physical actions,nikl-2024-mirror,https://huggingface.co/datasets/binjang/NIKL-korean-english-dictionary/resolve/3b4cfd2126debfd5440cade3ef6c2a3c20cf7cf9/2024_01.csv#record=49618,NIKL source band: beginner; project heuristic TOPIK 2: beginner expansion/category or uncategorized entry; not an official per-grade list
ko-nikl-49627,웃음,,"The act of laughing or smiling, the way one laughs or smiles, or the sound that one makes when he/she laughs.",noun,people > physical actions,nikl-2024-mirror,https://huggingface.co/datasets/binjang/NIKL-korean-english-dictionary/resolve/3b4cfd2126debfd5440cade3ef6c2a3c20cf7cf9/2024_01.csv#record=49627,NIKL source band: beginner; project heuristic TOPIK 2: beginner expansion/category or uncategorized entry; not an official per-grade list
ko-nikl-49829,원하다,,To hope for something or desire to do something.,verb,people > cognition,nikl-2024-mirror,https://huggingface.co/datasets/binjang/NIKL-korean-english-dictionary/resolve/3b4cfd2126debfd5440cade3ef6c2a3c20cf7cf9/2024_01.csv#record=49829,NIKL source band: beginner; project heuristic TOPIK 2: beginner expansion/category or uncategorized entry; not an official per-grade list
ko-nikl-49853,월급,,Money paid for one's labor on a monthly basis.,noun,economy > financial instruments,nikl-2024-mirror,https://huggingface.co/datasets/binjang/NIKL-korean-english-dictionary/resolve/3b4cfd2126debfd5440cade3ef6c2a3c20cf7cf9/2024_01.csv#record=49853,NIKL source band: beginner; project heuristic TOPIK 2: beginner expansion/category or uncategorized entry; not an official per-grade list
ko-nikl-50225,유명,,The state of one's name being widely known.,noun,general / source uncategorized,nikl-2024-mirror,https://huggingface.co/datasets/binjang/NIKL-korean-english-dictionary/resolve/3b4cfd2126debfd5440cade3ef6c2a3c20cf7cf9/2024_01.csv#record=50225,NIKL source band: beginner; project heuristic TOPIK 2: beginner expansion/category or uncategorized entry; not an official per-grade list
ko-nikl-50426,유치원,,The institute and facilities that are made to educate children before they start school.,noun,education > educational institutions,nikl-2024-mirror,https://huggingface.co/datasets/binjang/NIKL-korean-english-dictionary/resolve/3b4cfd2126debfd5440cade3ef6c2a3c20cf7cf9/2024_01.csv#record=50426,NIKL source band: beginner; project heuristic TOPIK 2: beginner expansion/category or uncategorized entry; not an official per-grade list
ko-nikl-50448,유학,,The state of staying abroad and studying.,noun,education > teaching and learning,nikl-2024-mirror,https://huggingface.co/datasets/binjang/NIKL-korean-english-dictionary/resolve/3b4cfd2126debfd5440cade3ef6c2a3c20cf7cf9/2024_01.csv#record=50448,NIKL source band: beginner; project heuristic TOPIK 2: beginner expansion/category or uncategorized entry; not an official per-grade list
ko-nikl-50458,유행,,The state of an epidemic being widely spread. / The state of something gaining popularity among people and being widely spread to an entire society.,noun,general / source uncategorized,nikl-2024-mirror,https://huggingface.co/datasets/binjang/NIKL-korean-english-dictionary/resolve/3b4cfd2126debfd5440cade3ef6c2a3c20cf7cf9/2024_01.csv#record=50458,NIKL source band: beginner; project heuristic TOPIK 2: beginner expansion/category or uncategorized entry; not an official per-grade list
ko-nikl-50615,윷놀이,,"playing yut; game of yut: A game in which players compete with pieces to reach the finish line first, as they throw a set of four yut sticks and move the pieces.",noun,daily life > leisure equipment,nikl-2024-mirror,https://huggingface.co/datasets/binjang/NIKL-korean-english-dictionary/resolve/3b4cfd2126debfd5440cade3ef6c2a3c20cf7cf9/2024_01.csv#record=50615,NIKL source band: beginner; project heuristic TOPIK 2: beginner expansion/category or uncategorized entry; not an official per-grade list
ko-nikl-51123,음악가,,"A person who does music professionally such as a composer, instrumentalist, vocalist, etc.",noun,culture > cultural participants,nikl-2024-mirror,https://huggingface.co/datasets/binjang/NIKL-korean-english-dictionary/resolve/3b4cfd2126debfd5440cade3ef6c2a3c20cf7cf9/2024_01.csv#record=51123,NIKL source band: beginner; project heuristic TOPIK 2: beginner expansion/category or uncategorized entry; not an official per-grade list
ko-nikl-10306,의미,,"What a word, sentence, sign, etc., means. / The true meaning hidden in a certain matter, action, phenomenon, etc. / The value or importance that a certain matter, action, phenomenon, etc., has.",noun,social life > speech acts,nikl-2024-mirror,https://huggingface.co/datasets/binjang/NIKL-korean-english-dictionary/resolve/3b4cfd2126debfd5440cade3ef6c2a3c20cf7cf9/2024_01.csv#record=10306,NIKL source band: beginner; project heuristic TOPIK 2: beginner expansion/category or uncategorized entry; not an official per-grade list
ko-nikl-10481,이기다,,"To beat and perform better than one's opponent in a bet, match, fight, etc. / To suppress a feeling, desire, etc. / To stand and endure difficulties. / To keep one's body upright or balanced.",verb,social life > social activities,nikl-2024-mirror,https://huggingface.co/datasets/binjang/NIKL-korean-english-dictionary/resolve/3b4cfd2126debfd5440cade3ef6c2a3c20cf7cf9/2024_01.csv#record=10481,NIKL source band: beginner; project heuristic TOPIK 2: beginner expansion/category or uncategorized entry; not an official per-grade list
ko-nikl-10758,이사,,"The act of leaving the place where one has lived, and moving into another place.",noun,housing > housing activities,nikl-2024-mirror,https://huggingface.co/datasets/binjang/NIKL-korean-english-dictionary/resolve/3b4cfd2126debfd5440cade3ef6c2a3c20cf7cf9/2024_01.csv#record=10758,NIKL source band: beginner; project heuristic TOPIK 2: beginner expansion/category or uncategorized entry; not an official per-grade list
ko-nikl-10767,이삿짐,,Goods that should be carried when one moves into a new house.,noun,housing > housing activities,nikl-2024-mirror,https://huggingface.co/datasets/binjang/NIKL-korean-english-dictionary/resolve/3b4cfd2126debfd5440cade3ef6c2a3c20cf7cf9/2024_01.csv#record=10767,NIKL source band: beginner; project heuristic TOPIK 2: beginner expansion/category or uncategorized entry; not an official per-grade list
ko-nikl-10769,이상,,"A state in which something equals to or is larger or better than a certain point of reference in quantity or degree. / A state in which something precedes or tops a certain point of reference in order or ranking. / Since it has turned out that way. / A word used at the end of a document, lecture, etc., meaning the &quot;end.&quot;",noun,concepts > degree,nikl-2024-mirror,https://huggingface.co/datasets/binjang/NIKL-korean-english-dictionary/resolve/3b4cfd2126debfd5440cade3ef6c2a3c20cf7cf9/2024_01.csv#record=10769,NIKL source band: beginner; project heuristic TOPIK 2: beginner expansion/category or uncategorized entry; not an official per-grade list
ko-nikl-10772,이상,,"The quality of being different from something normal. / The quality of being peculiar or extraordinary unlike something that one has known. / The quality of being not usual, and thus being doubtful.",noun,general / source uncategorized,nikl-2024-mirror,https://huggingface.co/datasets/binjang/NIKL-korean-english-dictionary/resolve/3b4cfd2126debfd5440cade3ef6c2a3c20cf7cf9/2024_01.csv#record=10772,NIKL source band: beginner; project heuristic TOPIK 2: beginner expansion/category or uncategorized entry; not an official per-grade list
ko-nikl-10836,이야기,,"Words or a piece of writing that is intended to tell others about a fact, state, phenomenon, experience, thought, etc. / Words that one exchanges with others. / An interesting storytelling where one tells others about a fact or made-up story. / Words that are spoken to evaluate something or spread a rumor about something.",noun,social life > speech acts,nikl-2024-mirror,https://huggingface.co/datasets/binjang/NIKL-korean-english-dictionary/resolve/3b4cfd2126debfd5440cade3ef6c2a3c20cf7cf9/2024_01.csv#record=10836,NIKL source band: beginner; project heuristic TOPIK 2: beginner expansion/category or uncategorized entry; not an official per-grade list
ko-nikl-10871,이용,,The act of using something as occasion demands in a way that is helpful or beneficial to one. / The act of using someone or something as a means to satisfy one's own interests.,noun,general / source uncategorized,nikl-2024-mirror,https://huggingface.co/datasets/binjang/NIKL-korean-english-dictionary/resolve/3b4cfd2126debfd5440cade3ef6c2a3c20cf7cf9/2024_01.csv#record=10871,NIKL source band: beginner; project heuristic TOPIK 2: beginner expansion/category or uncategorized entry; not an official per-grade list
ko-nikl-10879,이웃,,The state of being side by side with or close to a region or country. / A house that is close to one's own or those who live in the house.,noun,social life > interpersonal relationships,nikl-2024-mirror,https://huggingface.co/datasets/binjang/NIKL-korean-english-dictionary/resolve/3b4cfd2126debfd5440cade3ef6c2a3c20cf7cf9/2024_01.csv#record=10879,NIKL source band: beginner; project heuristic TOPIK 2: beginner expansion/category or uncategorized entry; not an official per-grade list
ko-nikl-10889,이유,,The cause or reason of a certain result. / A pretense or explanation to avoid the responsibility for a happening.,noun,general / source uncategorized,nikl-2024-mirror,https://huggingface.co/datasets/binjang/NIKL-korean-english-dictionary/resolve/3b4cfd2126debfd5440cade3ef6c2a3c20cf7cf9/2024_01.csv#record=10889,NIKL source band: beginner; project heuristic TOPIK 2: beginner expansion/category or uncategorized entry; not an official per-grade list
ko-nikl-10923,이전,,The time preceding the present time. / The time before and including a certain point of time.,noun,concepts > sequence,nikl-2024-mirror,https://huggingface.co/datasets/binjang/NIKL-korean-english-dictionary/resolve/3b4cfd2126debfd5440cade3ef6c2a3c20cf7cf9/2024_01.csv#record=10923,NIKL source band: beginner; project heuristic TOPIK 2: beginner expansion/category or uncategorized entry; not an official per-grade list
ko-nikl-11010,이해,,The state of knowing what something is; the process of accepting something as something else. / The state of having realized and knowing something; the process of knowing and accepting something. / The process of knowing and accepting someone's situation or circumstances.,noun,people > cognition,nikl-2024-mirror,https://huggingface.co/datasets/binjang/NIKL-korean-english-dictionary/resolve/3b4cfd2126debfd5440cade3ef6c2a3c20cf7cf9/2024_01.csv#record=11010,NIKL source band: beginner; project heuristic TOPIK 2: beginner expansion/category or uncategorized entry; not an official per-grade list
ko-nikl-11030,이후,,The time after the present time. / The time including and after a certain point of time.,noun,concepts > sequence,nikl-2024-mirror,https://huggingface.co/datasets/binjang/NIKL-korean-english-dictionary/resolve/3b4cfd2126debfd5440cade3ef6c2a3c20cf7cf9/2024_01.csv#record=11030,NIKL source band: beginner; project heuristic TOPIK 2: beginner expansion/category or uncategorized entry; not an official per-grade list
ko-nikl-11043,익숙하다,,Not bad at doing something because one did it several times before. / Not unfamiliar but comfortable with someone or something because one has seen him/her or experienced it often.,descriptive verb,general / source uncategorized,nikl-2024-mirror,https://huggingface.co/datasets/binjang/NIKL-korean-english-dictionary/resolve/3b4cfd2126debfd5440cade3ef6c2a3c20cf7cf9/2024_01.csv#record=11043,NIKL source band: beginner; project heuristic TOPIK 2: beginner expansion/category or uncategorized entry; not an official per-grade list
ko-nikl-11099,인기,,Great interest or favor shown by many people to a certain person or thing.,noun,general / source uncategorized,nikl-2024-mirror,https://huggingface.co/datasets/binjang/NIKL-korean-english-dictionary/resolve/3b4cfd2126debfd5440cade3ef6c2a3c20cf7cf9/2024_01.csv#record=11099,NIKL source band: beginner; project heuristic TOPIK 2: beginner expansion/category or uncategorized entry; not an official per-grade list
ko-nikl-11113,인도네시아,,"A southeast Asian country made up of several islets, located near the equator; it is a major producer of oil, tin, rubber, nickel, timber, etc.; the official language is Indonesian and the capital is Jakarta.",noun,concepts > regions,nikl-2024-mirror,https://huggingface.co/datasets/binjang/NIKL-korean-english-dictionary/resolve/3b4cfd2126debfd5440cade3ef6c2a3c20cf7cf9/2024_01.csv#record=11113,NIKL source band: beginner; project heuristic TOPIK 2: beginner expansion/category or uncategorized entry; not an official per-grade list
ko-nikl-11153,인사,,"That act of showing courtesy when meeting or saying goodbye to someone, or such words or actions. / For people who meet for the first time to introduce each other by giving their names, or such words or actions. / The act of showing courtesy to express gratitude or congratulation, or such words or actions.",noun,social life > social activities,nikl-2024-mirror,https://huggingface.co/datasets/binjang/NIKL-korean-english-dictionary/resolve/3b4cfd2126debfd5440cade3ef6c2a3c20cf7cf9/2024_01.csv#record=11153,NIKL source band: beginner; project heuristic TOPIK 2: beginner expansion/category or uncategorized entry; not an official per-grade list
ko-nikl-11294,인천,,"A metropolitan city located in the central west of Gyeonggi-do, or Gyeonggi Province, South Korea, and also bordered by the Yellow Sea; as an outer port of the capital, Seoul, it has long been an important gateway for importing foreign culture.",noun,concepts > regions,nikl-2024-mirror,https://huggingface.co/datasets/binjang/NIKL-korean-english-dictionary/resolve/3b4cfd2126debfd5440cade3ef6c2a3c20cf7cf9/2024_01.csv#record=11294,NIKL source band: beginner; project heuristic TOPIK 2: beginner expansion/category or uncategorized entry; not an official per-grade list
ko-nikl-11302,인터넷,,"A single, large computer network that connects computers around the world to allow them to exchange information.",noun,social life > media,nikl-2024-mirror,https://huggingface.co/datasets/binjang/NIKL-korean-english-dictionary/resolve/3b4cfd2126debfd5440cade3ef6c2a3c20cf7cf9/2024_01.csv#record=11302,NIKL source band: beginner; project heuristic TOPIK 2: beginner expansion/category or uncategorized entry; not an official per-grade list
ko-nikl-11324,인형,,A toy made in the form of a person or an animal.,noun,daily life > leisure equipment,nikl-2024-mirror,https://huggingface.co/datasets/binjang/NIKL-korean-english-dictionary/resolve/3b4cfd2126debfd5440cade3ef6c2a3c20cf7cf9/2024_01.csv#record=11324,NIKL source band: beginner; project heuristic TOPIK 2: beginner expansion/category or uncategorized entry; not an official per-grade list
ko-nikl-11490,일부,,"One portion of something, or part of the whole.",noun,concepts > degree,nikl-2024-mirror,https://huggingface.co/datasets/binjang/NIKL-korean-english-dictionary/resolve/3b4cfd2126debfd5440cade3ef6c2a3c20cf7cf9/2024_01.csv#record=11490,NIKL source band: beginner; project heuristic TOPIK 2: beginner expansion/category or uncategorized entry; not an official per-grade list
ko-nikl-11543,일어서다,,To get up from one's seat. / To act courageously against something. / To overcome difficulties and get better.,verb,people > physical actions,nikl-2024-mirror,https://huggingface.co/datasets/binjang/NIKL-korean-english-dictionary/resolve/3b4cfd2126debfd5440cade3ef6c2a3c20cf7cf9/2024_01.csv#record=11543,NIKL source band: beginner; project heuristic TOPIK 2: beginner expansion/category or uncategorized entry; not an official per-grade list
ko-nikl-11671,잃다,,"To not have something anymore because it has disappeared before one realized it. / To come to lose the ownership of something that one owned or enjoyed, because it is no longer available. / To come to be parted from someone that is dear to one due to his/her death. / To come to cut the relationship with someone or part from him/her due to something. / To fail to grasp an opportunity, time, good luck, etc. / To lose a part of one's body or its function completely. / For one's consciousness, emotion, energy, physiological phenomenon, etc., to disappear. / To fail to maintain the good shape, state, or balance of something. / To fail to find a way or direction. / To lose sight of one's companion and thus come to be parted from him/her. / To fail to gain trust, love, attention, etc., of someone.",verb,general / source uncategorized,nikl-2024-mirror,https://huggingface.co/datasets/binjang/NIKL-korean-english-dictionary/resolve/3b4cfd2126debfd5440cade3ef6c2a3c20cf7cf9/2024_01.csv#record=11671,NIKL source band: beginner; project heuristic TOPIK 2: beginner expansion/category or uncategorized entry; not an official per-grade list
ko-nikl-11672,잃어버리다,,"To not have something anymore because it has slipped from one's grasp or one has failed to notice it. / To come to sever relations with someone or part with him/her. / To not have one's ability, soul, etc., anymore. / To not have a certain shape or state of something anymore. / To fail to find the way to one's destination. / To be separated from someone with whom one has been, and thus come to be apart from him/her. / To not have a meaning or peculiarity anymore. / To lose something one has not gotten sufficient use out of.",verb,general / source uncategorized,nikl-2024-mirror,https://huggingface.co/datasets/binjang/NIKL-korean-english-dictionary/resolve/3b4cfd2126debfd5440cade3ef6c2a3c20cf7cf9/2024_01.csv#record=11672,NIKL source band: beginner; project heuristic TOPIK 2: beginner expansion/category or uncategorized entry; not an official per-grade list
ko-nikl-11887,입원,,Staying in a hospital for a certain period of time to have one's disease treated.,noun,daily life > medical treatment,nikl-2024-mirror,https://huggingface.co/datasets/binjang/NIKL-korean-english-dictionary/resolve/3b4cfd2126debfd5440cade3ef6c2a3c20cf7cf9/2024_01.csv#record=11887,NIKL source band: beginner; project heuristic TOPIK 2: beginner expansion/category or uncategorized entry; not an official per-grade list
ko-nikl-11896,입장권,,The ticket whose holder is allowed to enter the place of an event or performance.,noun,daily life > leisure activities,nikl-2024-mirror,https://huggingface.co/datasets/binjang/NIKL-korean-english-dictionary/resolve/3b4cfd2126debfd5440cade3ef6c2a3c20cf7cf9/2024_01.csv#record=11896,NIKL source band: beginner; project heuristic TOPIK 2: beginner expansion/category or uncategorized entry; not an official per-grade list
ko-nikl-11920,입학,,Starting to go to a school as a new student.,noun,education > teaching and learning,nikl-2024-mirror,https://huggingface.co/datasets/binjang/NIKL-korean-english-dictionary/resolve/3b4cfd2126debfd5440cade3ef6c2a3c20cf7cf9/2024_01.csv#record=11920,NIKL source band: beginner; project heuristic TOPIK 2: beginner expansion/category or uncategorized entry; not an official per-grade list
ko-nikl-11966,잊다,,"To not remember or fail to remember something that one knew once. / To momentarily fail to recall something that one should remember. / To put one's difficulties, pain, or bad things of the past out of one's mind, or not care about them. / To not keep one's duty or one's debt to someone in one's mind. / To skip meals, sleep, etc., while being so absorbed in something.",verb,people > cognition,nikl-2024-mirror,https://huggingface.co/datasets/binjang/NIKL-korean-english-dictionary/resolve/3b4cfd2126debfd5440cade3ef6c2a3c20cf7cf9/2024_01.csv#record=11966,NIKL source band: beginner; project heuristic TOPIK 2: beginner expansion/category or uncategorized entry; not an official per-grade list
ko-nikl-11967,잊어버리다,,"To not remember or fail to remember something that one knew once. / To momentarily fail to recall something that one should remember. / To put one's difficulties, pain, or bad things of the past out of one's mind, or not care about them. / To not keep one's duty or one's debt to someone in one's mind. / To skip meals, sleep, etc., while being so absorbed in something.",verb,people > cognition,nikl-2024-mirror,https://huggingface.co/datasets/binjang/NIKL-korean-english-dictionary/resolve/3b4cfd2126debfd5440cade3ef6c2a3c20cf7cf9/2024_01.csv#record=11967,NIKL source band: beginner; project heuristic TOPIK 2: beginner expansion/category or uncategorized entry; not an official per-grade list
ko-nikl-11969,잎,,"A vegetative organ of a plant, which is green, flat, and attached to the point or sides of a stem. / A unit for counting the number of leaves of a tree, grass leaves, petals, etc. / A word that is attached behind the name of a plant to indicate the leaf of the plant.",noun,plants and animals > plant parts,nikl-2024-mirror,https://huggingface.co/datasets/binjang/NIKL-korean-english-dictionary/resolve/3b4cfd2126debfd5440cade3ef6c2a3c20cf7cf9/2024_01.csv#record=11969,NIKL source band: beginner; project heuristic TOPIK 2: beginner expansion/category or uncategorized entry; not an official per-grade list
ko-nikl-12050,자기소개,,"Giving personal information to someone new, such as a name, job, hobby, etc.",noun,social life > social activities,nikl-2024-mirror,https://huggingface.co/datasets/binjang/NIKL-korean-english-dictionary/resolve/3b4cfd2126debfd5440cade3ef6c2a3c20cf7cf9/2024_01.csv#record=12050,NIKL source band: beginner; project heuristic TOPIK 2: beginner expansion/category or uncategorized entry; not an official per-grade list
ko-nikl-12057,자꾸,,Several times.,adverb,concepts > frequency,nikl-2024-mirror,https://huggingface.co/datasets/binjang/NIKL-korean-english-dictionary/resolve/3b4cfd2126debfd5440cade3ef6c2a3c20cf7cf9/2024_01.csv#record=12057,NIKL source band: beginner; project heuristic TOPIK 2: beginner expansion/category or uncategorized entry; not an official per-grade list
ko-nikl-12102,자동판매기,,A machine which dispenses products automatically after a customer chooses one and places money in the machine's slot.,noun,general / source uncategorized,nikl-2024-mirror,https://huggingface.co/datasets/binjang/NIKL-korean-english-dictionary/resolve/3b4cfd2126debfd5440cade3ef6c2a3c20cf7cf9/2024_01.csv#record=12102,NIKL source band: beginner; project heuristic TOPIK 2: beginner expansion/category or uncategorized entry; not an official per-grade list
ko-nikl-12112,자라다,,"For a living thing to get bigger partially or wholly. / To grow up in a certain environment or background. / For one's power, ability, etc., to increase. / To develop into something of a high level or state.",verb,plants and animals > plant and animal activities,nikl-2024-mirror,https://huggingface.co/datasets/binjang/NIKL-korean-english-dictionary/resolve/3b4cfd2126debfd5440cade3ef6c2a3c20cf7cf9/2024_01.csv#record=12112,NIKL source band: beginner; project heuristic TOPIK 2: beginner expansion/category or uncategorized entry; not an official per-grade list
ko-nikl-12114,자랑,,Saying things about oneself or people or things related to oneself in order to show off.,noun,people > attitudes,nikl-2024-mirror,https://huggingface.co/datasets/binjang/NIKL-korean-english-dictionary/resolve/3b4cfd2126debfd5440cade3ef6c2a3c20cf7cf9/2024_01.csv#record=12114,NIKL source band: beginner; project heuristic TOPIK 2: beginner expansion/category or uncategorized entry; not an official per-grade list
ko-nikl-12126,자르다,,"To cut off a part by cutting or breaking something into two or more pieces. / (slang) To dismiss someone from a group or job. / To refuse or not listen to someone's demand, opinion, etc., decisively. / To halt someone's remark in the middle of it. / To cut off a part of something. / To finish one's remark in a simple, clear, and decisive manner.",verb,general / source uncategorized,nikl-2024-mirror,https://huggingface.co/datasets/binjang/NIKL-korean-english-dictionary/resolve/3b4cfd2126debfd5440cade3ef6c2a3c20cf7cf9/2024_01.csv#record=12126,NIKL source band: beginner; project heuristic TOPIK 2: beginner expansion/category or uncategorized entry; not an official per-grade list
ko-nikl-12236,자세히,,Concretely and clearly even in insignificant parts.,adverb,general / source uncategorized,nikl-2024-mirror,https://huggingface.co/datasets/binjang/NIKL-korean-english-dictionary/resolve/3b4cfd2126debfd5440cade3ef6c2a3c20cf7cf9/2024_01.csv#record=12236,NIKL source band: beginner; project heuristic TOPIK 2: beginner expansion/category or uncategorized entry; not an official per-grade list
ko-nikl-12273,자연,,"All phenomena that occur spontaneously without human influence or existences that have existed from the beginning of the earth. / Geographical environment including mountains, rivers, oceans, etc., which have been created spontaneously, not by the physical intervention of humans. / The quality of occurring automatically without human influence.",noun,general / source uncategorized,nikl-2024-mirror,https://huggingface.co/datasets/binjang/NIKL-korean-english-dictionary/resolve/3b4cfd2126debfd5440cade3ef6c2a3c20cf7cf9/2024_01.csv#record=12273,NIKL source band: beginner; project heuristic TOPIK 2: beginner expansion/category or uncategorized entry; not an official per-grade list
ko-nikl-12312,자유,,A state in which one can act as one thinks or at will without being bound or restricted by something.,noun,daily life > life circumstances,nikl-2024-mirror,https://huggingface.co/datasets/binjang/NIKL-korean-english-dictionary/resolve/3b4cfd2126debfd5440cade3ef6c2a3c20cf7cf9/2024_01.csv#record=12312,NIKL source band: beginner; project heuristic TOPIK 2: beginner expansion/category or uncategorized entry; not an official per-grade list
ko-nikl-12419,자판기,,A machine that dispenses articles automatically when the customer inserts a coin or paper money into it and chooses an article.,noun,general / source uncategorized,nikl-2024-mirror,https://huggingface.co/datasets/binjang/NIKL-korean-english-dictionary/resolve/3b4cfd2126debfd5440cade3ef6c2a3c20cf7cf9/2024_01.csv#record=12419,NIKL source band: beginner; project heuristic TOPIK 2: beginner expansion/category or uncategorized entry; not an official per-grade list
ko-nikl-12593,잔치,,An occasion on which a lot of people gather together and enjoy food when there is something to celebrate.,noun,social life > social events,nikl-2024-mirror,https://huggingface.co/datasets/binjang/NIKL-korean-english-dictionary/resolve/3b4cfd2126debfd5440cade3ef6c2a3c20cf7cf9/2024_01.csv#record=12593,NIKL source band: beginner; project heuristic TOPIK 2: beginner expansion/category or uncategorized entry; not an official per-grade list
ko-nikl-12615,잘되다,,"For a certain matter or phenomenon to go on in a desirable way. / For an object, facility, food, etc., to be made nicely. / For a matter to end in a desirable way. / For someone to grow into a respectable person or succeed. / To reach a level or degree that is considered enough. / (ironic) For the result of something to be not good.",verb,general / source uncategorized,nikl-2024-mirror,https://huggingface.co/datasets/binjang/NIKL-korean-english-dictionary/resolve/3b4cfd2126debfd5440cade3ef6c2a3c20cf7cf9/2024_01.csv#record=12615,NIKL source band: beginner; project heuristic TOPIK 2: beginner expansion/category or uncategorized entry; not an official per-grade list
ko-nikl-12622,잘못,,In a way that is wrong or not right. / In a way that is not proper. / Carelessly without thinking deeply. / Unluckily.,adverb,general / source uncategorized,nikl-2024-mirror,https://huggingface.co/datasets/binjang/NIKL-korean-english-dictionary/resolve/3b4cfd2126debfd5440cade3ef6c2a3c20cf7cf9/2024_01.csv#record=12622,NIKL source band: beginner; project heuristic TOPIK 2: beginner expansion/category or uncategorized entry; not an official per-grade list
ko-nikl-12621,잘못,,Something that one did not well or that one did unrighteously.,noun,general / source uncategorized,nikl-2024-mirror,https://huggingface.co/datasets/binjang/NIKL-korean-english-dictionary/resolve/3b4cfd2126debfd5440cade3ef6c2a3c20cf7cf9/2024_01.csv#record=12621,NIKL source band: beginner; project heuristic TOPIK 2: beginner expansion/category or uncategorized entry; not an official per-grade list
ko-nikl-12623,잘못되다,,For something to go wrong or come to fail. / For a person to become bad or come to commit an act of injustice. / (euphemism) To come to be sick or die due to an unexpected accident or disease.,verb,general / source uncategorized,nikl-2024-mirror,https://huggingface.co/datasets/binjang/NIKL-korean-english-dictionary/resolve/3b4cfd2126debfd5440cade3ef6c2a3c20cf7cf9/2024_01.csv#record=12623,NIKL source band: beginner; project heuristic TOPIK 2: beginner expansion/category or uncategorized entry; not an official per-grade list
ko-nikl-12625,잘못하다,,To do something in an incorrect or unrighteous way. / To do something unsuitably. / For something to go wrong; be unfortunate.,verb,people > abilities,nikl-2024-mirror,https://huggingface.co/datasets/binjang/NIKL-korean-english-dictionary/resolve/3b4cfd2126debfd5440cade3ef6c2a3c20cf7cf9/2024_01.csv#record=12625,NIKL source band: beginner; project heuristic TOPIK 2: beginner expansion/category or uncategorized entry; not an official per-grade list
ko-nikl-12627,잘생기다,,Having a pleasing and attractive appearance. / Having a good shape and therefore looking good.,verb,people > appearance,nikl-2024-mirror,https://huggingface.co/datasets/binjang/NIKL-korean-english-dictionary/resolve/3b4cfd2126debfd5440cade3ef6c2a3c20cf7cf9/2024_01.csv#record=12627,NIKL source band: beginner; project heuristic TOPIK 2: beginner expansion/category or uncategorized entry; not an official per-grade list
ko-nikl-12631,잘하다,,"To do in a right and honest way. / To do something in an excellent and successful way. / To do something in a skilled and experienced manner. / To do something frequently as a habit. / To enjoy eating food, etc. / (ironic) A word indicating that one is displeased with someone's actions. / A word meaning &quot;if luck favors one or if circumstances allow&quot; or &quot;if something is necessary.&quot; / A word meaning &quot;at the largest,&quot; &quot;at best,&quot; or &quot;at most.&quot; / To treat someone kindly and carefully.",verb,people > abilities,nikl-2024-mirror,https://huggingface.co/datasets/binjang/NIKL-korean-english-dictionary/resolve/3b4cfd2126debfd5440cade3ef6c2a3c20cf7cf9/2024_01.csv#record=12631,NIKL source band: beginner; project heuristic TOPIK 2: beginner expansion/category or uncategorized entry; not an official per-grade list
ko-nikl-12705,잡다,,"To hold something in one's hand and not let it go. / To capture someone or something. / To kill an animal. / To take power, etc. / To earn or get money, property, etc. / To find out or discover a clue, the point, evidence, etc. / To stop a cab, etc., to ride in it. / To see or take a picture of a momentary scene or sight. / To get a job, opportunity, etc. / To find or take advantage of someone's weakness or flaw. / To have a certain number of pips or cards in gambling, etc. / To prevent someone from leaving. / To maintain a certain state. / To sing a song, etc., in measured time and in good pitch. / To decide on a plan, opinion, date, etc. / To assume a posture in front of someone or a camera. / To weaken a force. / To make oneself right-minded or composed. / To straighten a tilted or bent thing, or something wrong. / To get someone in trouble by speaking ill of him/her. / To receive something as security that can be taken in case of the borrower's default. / To measure a period, amount, etc., by guesswork. / To decide on a location, direction, time, etc. / To have a certain number, value, etc., as a standard. / To make a crease, etc.",verb,people > physical actions,nikl-2024-mirror,https://huggingface.co/datasets/binjang/NIKL-korean-english-dictionary/resolve/3b4cfd2126debfd5440cade3ef6c2a3c20cf7cf9/2024_01.csv#record=12705,NIKL source band: beginner; project heuristic TOPIK 2: beginner expansion/category or uncategorized entry; not an official per-grade list
ko-nikl-12744,잡지,,"A periodically published book that puts together a variety of articles, photographs, advertisements, etc.",noun,social life > media,nikl-2024-mirror,https://huggingface.co/datasets/binjang/NIKL-korean-english-dictionary/resolve/3b4cfd2126debfd5440cade3ef6c2a3c20cf7cf9/2024_01.csv#record=12744,NIKL source band: beginner; project heuristic TOPIK 2: beginner expansion/category or uncategorized entry; not an official per-grade list
ko-nikl-12817,장난감,,Various objects which children play with.,noun,daily life > leisure equipment,nikl-2024-mirror,https://huggingface.co/datasets/binjang/NIKL-korean-english-dictionary/resolve/3b4cfd2126debfd5440cade3ef6c2a3c20cf7cf9/2024_01.csv#record=12817,NIKL source band: beginner; project heuristic TOPIK 2: beginner expansion/category or uncategorized entry; not an official per-grade list
ko-nikl-12868,장마,,"A phenomenon or weather where it keeps raining for consecutive days in summer, or such rainfall.",noun,nature > disasters,nikl-2024-mirror,https://huggingface.co/datasets/binjang/NIKL-korean-english-dictionary/resolve/3b4cfd2126debfd5440cade3ef6c2a3c20cf7cf9/2024_01.csv#record=12868,NIKL source band: beginner; project heuristic TOPIK 2: beginner expansion/category or uncategorized entry; not an official per-grade list
ko-nikl-12882,장미,,"A fragrant flower with thorns on the stem that blooms in red, white, yellow, etc., in May or June.",noun,plants and animals > plants,nikl-2024-mirror,https://huggingface.co/datasets/binjang/NIKL-korean-english-dictionary/resolve/3b4cfd2126debfd5440cade3ef6c2a3c20cf7cf9/2024_01.csv#record=12882,NIKL source band: beginner; project heuristic TOPIK 2: beginner expansion/category or uncategorized entry; not an official per-grade list
ko-nikl-12909,장소,,A space where something happens or is done.,noun,concepts > regions,nikl-2024-mirror,https://huggingface.co/datasets/binjang/NIKL-korean-english-dictionary/resolve/3b4cfd2126debfd5440cade3ef6c2a3c20cf7cf9/2024_01.csv#record=12909,NIKL source band: beginner; project heuristic TOPIK 2: beginner expansion/category or uncategorized entry; not an official per-grade list
ko-nikl-13076,재미,,"A pleasant sensation or feeling that one feels from something. / In greetings where one asks how the other person is doing, the state of the other person's business or life. / Results from an investment which are better than one originally expected.",noun,people > emotions,nikl-2024-mirror,https://huggingface.co/datasets/binjang/NIKL-korean-english-dictionary/resolve/3b4cfd2126debfd5440cade3ef6c2a3c20cf7cf9/2024_01.csv#record=13076,NIKL source band: beginner; project heuristic TOPIK 2: beginner expansion/category or uncategorized entry; not an official per-grade list
ko-nikl-13217,재채기,,The act of air bursting out from the nose with a loud noise when the inside of the nose is irritated.,noun,people > physiological processes,nikl-2024-mirror,https://huggingface.co/datasets/binjang/NIKL-korean-english-dictionary/resolve/3b4cfd2126debfd5440cade3ef6c2a3c20cf7cf9/2024_01.csv#record=13217,NIKL source band: beginner; project heuristic TOPIK 2: beginner expansion/category or uncategorized entry; not an official per-grade list
ko-nikl-13319,저금,,"The act of saving money or entrusting it to a financial institution like a bank, etc., or such money.",noun,economy > economic activities,nikl-2024-mirror,https://huggingface.co/datasets/binjang/NIKL-korean-english-dictionary/resolve/3b4cfd2126debfd5440cade3ef6c2a3c20cf7cf9/2024_01.csv#record=13319,NIKL source band: beginner; project heuristic TOPIK 2: beginner expansion/category or uncategorized entry; not an official per-grade list
ko-nikl-13522,적당하다,,"Meeting requirements or conditions, or being appropriate in terms of degree. / Tactful enough to avoid causing a problem.",descriptive verb,concepts > degree,nikl-2024-mirror,https://huggingface.co/datasets/binjang/NIKL-korean-english-dictionary/resolve/3b4cfd2126debfd5440cade3ef6c2a3c20cf7cf9/2024_01.csv#record=13522,NIKL source band: beginner; project heuristic TOPIK 2: beginner expansion/category or uncategorized entry; not an official per-grade list
ko-nikl-13640,전,,Being of a previous time. / Prior in time.,determiner,concepts > sequence,nikl-2024-mirror,https://huggingface.co/datasets/binjang/NIKL-korean-english-dictionary/resolve/3b4cfd2126debfd5440cade3ef6c2a3c20cf7cf9/2024_01.csv#record=13640,NIKL source band: beginner; project heuristic TOPIK 2: beginner expansion/category or uncategorized entry; not an official per-grade list
ko-nikl-13631,전,,A point in time in the past. / A time before a specific point in time.,noun,concepts > sequence,nikl-2024-mirror,https://huggingface.co/datasets/binjang/NIKL-korean-english-dictionary/resolve/3b4cfd2126debfd5440cade3ef6c2a3c20cf7cf9/2024_01.csv#record=13631,NIKL source band: beginner; project heuristic TOPIK 2: beginner expansion/category or uncategorized entry; not an official per-grade list
ko-nikl-13660,전공,,"The act of researching or studying a certain field in a professional manner, or such a field. / A subject that one researches or studies in a professional manner.",noun,education > subjects and majors,nikl-2024-mirror,https://huggingface.co/datasets/binjang/NIKL-korean-english-dictionary/resolve/3b4cfd2126debfd5440cade3ef6c2a3c20cf7cf9/2024_01.csv#record=13660,NIKL source band: beginner; project heuristic TOPIK 2: beginner expansion/category or uncategorized entry; not an official per-grade list
ko-nikl-13840,전부,,Wholly without anything omitted.,adverb,concepts > quantity,nikl-2024-mirror,https://huggingface.co/datasets/binjang/NIKL-korean-english-dictionary/resolve/3b4cfd2126debfd5440cade3ef6c2a3c20cf7cf9/2024_01.csv#record=13840,NIKL source band: beginner; project heuristic TOPIK 2: beginner expansion/category or uncategorized entry; not an official per-grade list
ko-nikl-13839,전부,,The entire sum of all parts.,noun,concepts > quantity,nikl-2024-mirror,https://huggingface.co/datasets/binjang/NIKL-korean-english-dictionary/resolve/3b4cfd2126debfd5440cade3ef6c2a3c20cf7cf9/2024_01.csv#record=13839,NIKL source band: beginner; project heuristic TOPIK 2: beginner expansion/category or uncategorized entry; not an official per-grade list
ko-nikl-14031,전체,,"Something considered as an entirety, which is composed of elements or parts.",noun,concepts > quantity,nikl-2024-mirror,https://huggingface.co/datasets/binjang/NIKL-korean-english-dictionary/resolve/3b4cfd2126debfd5440cade3ef6c2a3c20cf7cf9/2024_01.csv#record=14031,NIKL source band: beginner; project heuristic TOPIK 2: beginner expansion/category or uncategorized entry; not an official per-grade list
ko-nikl-14067,전하다,,"For something to continue or remain for a long period of time. / To deliver something to someone. / To give something to posterity. / To convey some news, thought, etc., to another.",verb,social life > social activities,nikl-2024-mirror,https://huggingface.co/datasets/binjang/NIKL-korean-english-dictionary/resolve/3b4cfd2126debfd5440cade3ef6c2a3c20cf7cf9/2024_01.csv#record=14067,NIKL source band: beginner; project heuristic TOPIK 2: beginner expansion/category or uncategorized entry; not an official per-grade list
ko-nikl-14075,전혀,,By any possibility or wholly.,adverb,concepts > degree,nikl-2024-mirror,https://huggingface.co/datasets/binjang/NIKL-korean-english-dictionary/resolve/3b4cfd2126debfd5440cade3ef6c2a3c20cf7cf9/2024_01.csv#record=14075,NIKL source band: beginner; project heuristic TOPIK 2: beginner expansion/category or uncategorized entry; not an official per-grade list
ko-nikl-14082,전화번호,,A number unique to a phone.,noun,general / source uncategorized,nikl-2024-mirror,https://huggingface.co/datasets/binjang/NIKL-korean-english-dictionary/resolve/3b4cfd2126debfd5440cade3ef6c2a3c20cf7cf9/2024_01.csv#record=14082,NIKL source band: beginner; project heuristic TOPIK 2: beginner expansion/category or uncategorized entry; not an official per-grade list
ko-nikl-14227,젊다,,"Being in one's youthful years. / High in energy, etc. / Looking younger than one actually is.",descriptive verb,people > appearance,nikl-2024-mirror,https://huggingface.co/datasets/binjang/NIKL-korean-english-dictionary/resolve/3b4cfd2126debfd5440cade3ef6c2a3c20cf7cf9/2024_01.csv#record=14227,NIKL source band: beginner; project heuristic TOPIK 2: beginner expansion/category or uncategorized entry; not an official per-grade list
ko-nikl-14253,점수,,A number representing one's performance. / The number of kinds of items.,noun,education > teaching and learning,nikl-2024-mirror,https://huggingface.co/datasets/binjang/NIKL-korean-english-dictionary/resolve/3b4cfd2126debfd5440cade3ef6c2a3c20cf7cf9/2024_01.csv#record=14253,NIKL source band: beginner; project heuristic TOPIK 2: beginner expansion/category or uncategorized entry; not an official per-grade list
ko-nikl-14269,점점,,Little by little as times goes by.,adverb,concepts > degree,nikl-2024-mirror,https://huggingface.co/datasets/binjang/NIKL-korean-english-dictionary/resolve/3b4cfd2126debfd5440cade3ef6c2a3c20cf7cf9/2024_01.csv#record=14269,NIKL source band: beginner; project heuristic TOPIK 2: beginner expansion/category or uncategorized entry; not an official per-grade list
ko-nikl-14306,접다,,"To bend a piece of cloth, paper, etc., so that one part covers another. / To bend a piece of paper so that one part covers another to form a shape. / To return an unfolded item to its original shape. / To stop thinking about something or give up one's opinion. / To give advantages to a lesser-skilled opponent.",verb,people > physical actions,nikl-2024-mirror,https://huggingface.co/datasets/binjang/NIKL-korean-english-dictionary/resolve/3b4cfd2126debfd5440cade3ef6c2a3c20cf7cf9/2024_01.csv#record=14306,NIKL source band: beginner; project heuristic TOPIK 2: beginner expansion/category or uncategorized entry; not an official per-grade list
ko-nikl-14335,접시,,"A flat, plane-surfaced container to keep food in. / A unit of measuring the quantity of food or cuisine contained in a plate.",noun,food > cooking tools,nikl-2024-mirror,https://huggingface.co/datasets/binjang/NIKL-korean-english-dictionary/resolve/3b4cfd2126debfd5440cade3ef6c2a3c20cf7cf9/2024_01.csv#record=14335,NIKL source band: beginner; project heuristic TOPIK 2: beginner expansion/category or uncategorized entry; not an official per-grade list
ko-nikl-14360,젓가락,,"A pair of long, slender sticks used to pick up things or food to eat. / A unit used to count the amount of food that one can pick up with chopsticks.",noun,food > cooking tools,nikl-2024-mirror,https://huggingface.co/datasets/binjang/NIKL-korean-english-dictionary/resolve/3b4cfd2126debfd5440cade3ef6c2a3c20cf7cf9/2024_01.csv#record=14360,NIKL source band: beginner; project heuristic TOPIK 2: beginner expansion/category or uncategorized entry; not an official per-grade list
ko-nikl-14443,정도,,A quantity or level that represents the nature or value of something in terms of the degree of goodness or intensity. / A certain level or appropriate limit that should not be exceeded. / A certain quantity or level.,noun,concepts > degree,nikl-2024-mirror,https://huggingface.co/datasets/binjang/NIKL-korean-english-dictionary/resolve/3b4cfd2126debfd5440cade3ef6c2a3c20cf7cf9/2024_01.csv#record=14443,NIKL source band: beginner; project heuristic TOPIK 2: beginner expansion/category or uncategorized entry; not an official per-grade list
ko-nikl-14737,정하다,,"To choose one among many. / To make a new rule, law, etc. / To make up one's mind or set a goal.",verb,social life > social activities,nikl-2024-mirror,https://huggingface.co/datasets/binjang/NIKL-korean-english-dictionary/resolve/3b4cfd2126debfd5440cade3ef6c2a3c20cf7cf9/2024_01.csv#record=14737,NIKL source band: beginner; project heuristic TOPIK 2: beginner expansion/category or uncategorized entry; not an official per-grade list
ko-nikl-14751,정확,,The state of being right and certain.,noun,concepts > degree,nikl-2024-mirror,https://huggingface.co/datasets/binjang/NIKL-korean-english-dictionary/resolve/3b4cfd2126debfd5440cade3ef6c2a3c20cf7cf9/2024_01.csv#record=14751,NIKL source band: beginner; project heuristic TOPIK 2: beginner expansion/category or uncategorized entry; not an official per-grade list
ko-nikl-14769,젖다,,To become wet by absorbing liquid. / To become accustomed after being repeatedly influenced by something. / To be engrossed in certain emotions or thoughts. / To become familiar with something after listening to it frequently. / (figurative) For the sky to turn into a certain hue. / For tears to well up in the eyes. / For a voice to sound sad or touched.,verb,general / source uncategorized,nikl-2024-mirror,https://huggingface.co/datasets/binjang/NIKL-korean-english-dictionary/resolve/3b4cfd2126debfd5440cade3ef6c2a3c20cf7cf9/2024_01.csv#record=14769,NIKL source band: beginner; project heuristic TOPIK 2: beginner expansion/category or uncategorized entry; not an official per-grade list
ko-nikl-14870,제목,,"A name used to represent the main idea of a text, film, performance, etc.",noun,general / source uncategorized,nikl-2024-mirror,https://huggingface.co/datasets/binjang/NIKL-korean-english-dictionary/resolve/3b4cfd2126debfd5440cade3ef6c2a3c20cf7cf9/2024_01.csv#record=14870,NIKL source band: beginner; project heuristic TOPIK 2: beginner expansion/category or uncategorized entry; not an official per-grade list
ko-nikl-14985,제주도,,"One of South Korea's do's, the highest unit of administrative division; as the southernmost do, it consists of many islands including Jejudo Island.",noun,concepts > regions,nikl-2024-mirror,https://huggingface.co/datasets/binjang/NIKL-korean-english-dictionary/resolve/3b4cfd2126debfd5440cade3ef6c2a3c20cf7cf9/2024_01.csv#record=14985,NIKL source band: beginner; project heuristic TOPIK 2: beginner expansion/category or uncategorized entry; not an official per-grade list
ko-nikl-15087,조금씩,,Continuously in a small quantity.,adverb,concepts > quantity,nikl-2024-mirror,https://huggingface.co/datasets/binjang/NIKL-korean-english-dictionary/resolve/3b4cfd2126debfd5440cade3ef6c2a3c20cf7cf9/2024_01.csv#record=15087,NIKL source band: beginner; project heuristic TOPIK 2: beginner expansion/category or uncategorized entry; not an official per-grade list
ko-nikl-15261,조심,,"The act of being careful in speech, behavior, etc., not to get in trouble.",noun,people > attitudes,nikl-2024-mirror,https://huggingface.co/datasets/binjang/NIKL-korean-english-dictionary/resolve/3b4cfd2126debfd5440cade3ef6c2a3c20cf7cf9/2024_01.csv#record=15261,NIKL source band: beginner; project heuristic TOPIK 2: beginner expansion/category or uncategorized entry; not an official per-grade list
ko-nikl-41125,조용하다,,No sound being heard / Restrained in speech and gentle in behavior. / Peaceful without problems. / Having peace of mind with emotions calmed down. / Free and not busy. / Hidden without being revealed to others.,descriptive verb,people > personality,nikl-2024-mirror,https://huggingface.co/datasets/binjang/NIKL-korean-english-dictionary/resolve/3b4cfd2126debfd5440cade3ef6c2a3c20cf7cf9/2024_01.csv#record=41125,NIKL source band: beginner; project heuristic TOPIK 2: beginner expansion/category or uncategorized entry; not an official per-grade list
ko-nikl-41126,조용히,,With no sound being heard. / In a manner of being restrained in speech and gentle in behavior. / Peacefully and without problems. / With peace of mind and emotions calmed down. / In a manner of being free and not busy. / In a manner of being hidden and not revealed to others.,adverb,general / source uncategorized,nikl-2024-mirror,https://huggingface.co/datasets/binjang/NIKL-korean-english-dictionary/resolve/3b4cfd2126debfd5440cade3ef6c2a3c20cf7cf9/2024_01.csv#record=41126,NIKL source band: beginner; project heuristic TOPIK 2: beginner expansion/category or uncategorized entry; not an official per-grade list
ko-nikl-41299,졸다,,To enter a state where one has not fallen asleep but gets close to falling asleep repeatedly.,verb,people > physiological processes,nikl-2024-mirror,https://huggingface.co/datasets/binjang/NIKL-korean-english-dictionary/resolve/3b4cfd2126debfd5440cade3ef6c2a3c20cf7cf9/2024_01.csv#record=41299,NIKL source band: beginner; project heuristic TOPIK 2: beginner expansion/category or uncategorized entry; not an official per-grade list
ko-nikl-41315,졸업,,The act of a student completing all the curriculum determined by school authorities.,noun,education > teaching and learning,nikl-2024-mirror,https://huggingface.co/datasets/binjang/NIKL-korean-english-dictionary/resolve/3b4cfd2126debfd5440cade3ef6c2a3c20cf7cf9/2024_01.csv#record=41315,NIKL source band: beginner; project heuristic TOPIK 2: beginner expansion/category or uncategorized entry; not an official per-grade list
ko-nikl-41331,좀,,In a small quantity or to a small degree. / For a short while. / A word chiefly used to soften a request for a favor or agreement. / In the state of a degree being equal to or slightly above the average level. / In the state of intensity or degree being strong.,adverb,concepts > degree,nikl-2024-mirror,https://huggingface.co/datasets/binjang/NIKL-korean-english-dictionary/resolve/3b4cfd2126debfd5440cade3ef6c2a3c20cf7cf9/2024_01.csv#record=41331,NIKL source band: beginner; project heuristic TOPIK 2: beginner expansion/category or uncategorized entry; not an official per-grade list
ko-nikl-41340,좁다,,"A surface, floor, etc., being small in size. / A road or the distance between two objects being narrow. / One's mind or thought not being broad or generous. / A content, range, etc., not being comprehensive.",descriptive verb,concepts > shape,nikl-2024-mirror,https://huggingface.co/datasets/binjang/NIKL-korean-english-dictionary/resolve/3b4cfd2126debfd5440cade3ef6c2a3c20cf7cf9/2024_01.csv#record=41340,NIKL source band: beginner; project heuristic TOPIK 2: beginner expansion/category or uncategorized entry; not an official per-grade list
ko-nikl-41390,종류,,One of many classes into which something is divided according to certain criteria. / A collection of things that belong to a certain category. / A unit used to count kinds of things.,noun,general / source uncategorized,nikl-2024-mirror,https://huggingface.co/datasets/binjang/NIKL-korean-english-dictionary/resolve/3b4cfd2126debfd5440cade3ef6c2a3c20cf7cf9/2024_01.csv#record=41390,NIKL source band: beginner; project heuristic TOPIK 2: beginner expansion/category or uncategorized entry; not an official per-grade list
ko-nikl-41432,종업원,,"A person who engages in a certain business at a workplace, etc.",noun,economy > economic actors,nikl-2024-mirror,https://huggingface.co/datasets/binjang/NIKL-korean-english-dictionary/resolve/3b4cfd2126debfd5440cade3ef6c2a3c20cf7cf9/2024_01.csv#record=41432,NIKL source band: beginner; project heuristic TOPIK 2: beginner expansion/category or uncategorized entry; not an official per-grade list
ko-nikl-41665,주로,,In a manner of serving as a basis or center.,adverb,concepts > degree,nikl-2024-mirror,https://huggingface.co/datasets/binjang/NIKL-korean-english-dictionary/resolve/3b4cfd2126debfd5440cade3ef6c2a3c20cf7cf9/2024_01.csv#record=41665,NIKL source band: beginner; project heuristic TOPIK 2: beginner expansion/category or uncategorized entry; not an official per-grade list
ko-nikl-41685,주머니,,"An item, usually made of fabric or leather, for keeping money and small things that one can carry around. / A part made of cloth, etc., that is attached to a piece of garment for keeping money, things, etc., in. / (figurative) A person who has something in large amount. / (figurative) A place where one stashed his/her belongings.",noun,clothing and appearance > clothing parts,nikl-2024-mirror,https://huggingface.co/datasets/binjang/NIKL-korean-english-dictionary/resolve/3b4cfd2126debfd5440cade3ef6c2a3c20cf7cf9/2024_01.csv#record=41685,NIKL source band: beginner; project heuristic TOPIK 2: beginner expansion/category or uncategorized entry; not an official per-grade list
ko-nikl-41718,주문,,"The act of directing a manufacturer or seller to make or deliver an item by specifying the type, quantity, shape, size, etc., or the details of such instruction. / The act of requesting or asking others to do something, or the details of such a request.",noun,economy > economic activities,nikl-2024-mirror,https://huggingface.co/datasets/binjang/NIKL-korean-english-dictionary/resolve/3b4cfd2126debfd5440cade3ef6c2a3c20cf7cf9/2024_01.csv#record=41718,NIKL source band: beginner; project heuristic TOPIK 2: beginner expansion/category or uncategorized entry; not an official per-grade list
ko-nikl-41750,주사,,The act of directly introducing a liquid drug into the human or animal body through a syringe.,noun,daily life > medical treatment,nikl-2024-mirror,https://huggingface.co/datasets/binjang/NIKL-korean-english-dictionary/resolve/3b4cfd2126debfd5440cade3ef6c2a3c20cf7cf9/2024_01.csv#record=41750,NIKL source band: beginner; project heuristic TOPIK 2: beginner expansion/category or uncategorized entry; not an official per-grade list
ko-nikl-41819,주인,,"A person who has an object or item as his/her own. / A person who plays a central role in leading a nation, organization, family or group with a sense of responsibility. / The husband of oneself or another woman. / A person who invites or greets guests. / A person who pays another to work.",noun,economy > economic actors,nikl-2024-mirror,https://huggingface.co/datasets/binjang/NIKL-korean-english-dictionary/resolve/3b4cfd2126debfd5440cade3ef6c2a3c20cf7cf9/2024_01.csv#record=41819,NIKL source band: beginner; project heuristic TOPIK 2: beginner expansion/category or uncategorized entry; not an official per-grade list
ko-nikl-41960,죽다,,"For a living plant, animal, or insect to lose its life. / For a fire or light to go out. / For the original characteristic to be changed and become indistinct. / For a color to lose its original hue or look darker. / For one's temper, energy, etc., to disappear or die down. / For a memory, thought, etc., not to remain in one's head or mind and become forgotten. / For a machine, computer, etc., to stop working. / To be caught by one's opponent in a match or play. / For a speech, law, thought, etc., not to be influential any more. / A word that is used to intimidate and threaten another person. / With all one's might or to an extreme degree.",verb,daily life > life events,nikl-2024-mirror,https://huggingface.co/datasets/binjang/NIKL-korean-english-dictionary/resolve/3b4cfd2126debfd5440cade3ef6c2a3c20cf7cf9/2024_01.csv#record=41960,NIKL source band: beginner; project heuristic TOPIK 2: beginner expansion/category or uncategorized entry; not an official per-grade list
ko-nikl-42010,준비,,The act of having something in place with advance preparations.,noun,general / source uncategorized,nikl-2024-mirror,https://huggingface.co/datasets/binjang/NIKL-korean-english-dictionary/resolve/3b4cfd2126debfd5440cade3ef6c2a3c20cf7cf9/2024_01.csv#record=42010,NIKL source band: beginner; project heuristic TOPIK 2: beginner expansion/category or uncategorized entry; not an official per-grade list
ko-nikl-42032,줄,,"A thin, long item that is used to tie or knot things together. / The position of people or things being lined up. / The unit of counting people or things being lined up. / A group of words that are arranged horizontally or vertically. / The unit of counting a group of words that are arranged horizontally or vertically. / A long line that is drawn straight. / A beneficial relationship with people who can be of help. / A thin, long, tight cord that is used for musical instruments such as a guitar or geomungo, a traditional Korean musical instrument, to produce sound.",noun,general / source uncategorized,nikl-2024-mirror,https://huggingface.co/datasets/binjang/NIKL-korean-english-dictionary/resolve/3b4cfd2126debfd5440cade3ef6c2a3c20cf7cf9/2024_01.csv#record=42032,NIKL source band: beginner; project heuristic TOPIK 2: beginner expansion/category or uncategorized entry; not an official per-grade list
ko-nikl-42048,줄다,,"For an object's length, area, volume, etc. to become smaller than the original. / For an amount or quantity to become smaller than the original. / For one's force or power to become smaller than it used to be. / For a skill, ability, capability, etc., to become worse than it used to be. / For one's financial situation to deteriorate or become worse than it used to be. / For a time or period to become shorter.",verb,concepts > quantity,nikl-2024-mirror,https://huggingface.co/datasets/binjang/NIKL-korean-english-dictionary/resolve/3b4cfd2126debfd5440cade3ef6c2a3c20cf7cf9/2024_01.csv#record=42048,NIKL source band: beginner; project heuristic TOPIK 2: beginner expansion/category or uncategorized entry; not an official per-grade list
ko-nikl-42058,줄이다,,"To make the length, area, volume, etc., of an object smaller than original. / To make a number or quantity smaller than original. / To keep a state from reaching its original intensity. / At the end of a speech or writing, to stop and finish although one has a lot more to say.",verb,concepts > quantity,nikl-2024-mirror,https://huggingface.co/datasets/binjang/NIKL-korean-english-dictionary/resolve/3b4cfd2126debfd5440cade3ef6c2a3c20cf7cf9/2024_01.csv#record=42058,NIKL source band: beginner; project heuristic TOPIK 2: beginner expansion/category or uncategorized entry; not an official per-grade list
ko-nikl-42072,줍다,,To pick up something that has dropped or dispersed on the ground. / To pick up an item that someone has lost. / To bring an abandoned child into one's household in order to raise him/her. / To take or bring anything that one can get one's hands on.,verb,general / source uncategorized,nikl-2024-mirror,https://huggingface.co/datasets/binjang/NIKL-korean-english-dictionary/resolve/3b4cfd2126debfd5440cade3ef6c2a3c20cf7cf9/2024_01.csv#record=42072,NIKL source band: beginner; project heuristic TOPIK 2: beginner expansion/category or uncategorized entry; not an official per-grade list
ko-nikl-42241,중요,,The quality of being valuable and indispensable.,noun,concepts > degree,nikl-2024-mirror,https://huggingface.co/datasets/binjang/NIKL-korean-english-dictionary/resolve/3b4cfd2126debfd5440cade3ef6c2a3c20cf7cf9/2024_01.csv#record=42241,NIKL source band: beginner; project heuristic TOPIK 2: beginner expansion/category or uncategorized entry; not an official per-grade list
ko-nikl-42309,중학교,,A school one goes to for secondary education after graduating from elementary school.,noun,education > educational institutions,nikl-2024-mirror,https://huggingface.co/datasets/binjang/NIKL-korean-english-dictionary/resolve/3b4cfd2126debfd5440cade3ef6c2a3c20cf7cf9/2024_01.csv#record=42309,NIKL source band: beginner; project heuristic TOPIK 2: beginner expansion/category or uncategorized entry; not an official per-grade list
ko-nikl-42382,즐거워하다,,To be pleased and satisfied with something.,verb,people > emotions,nikl-2024-mirror,https://huggingface.co/datasets/binjang/NIKL-korean-english-dictionary/resolve/3b4cfd2126debfd5440cade3ef6c2a3c20cf7cf9/2024_01.csv#record=42382,NIKL source band: beginner; project heuristic TOPIK 2: beginner expansion/category or uncategorized entry; not an official per-grade list
ko-nikl-42384,즐겁다,,Pleased and satisfied with something.,descriptive verb,people > emotions,nikl-2024-mirror,https://huggingface.co/datasets/binjang/NIKL-korean-english-dictionary/resolve/3b4cfd2126debfd5440cade3ef6c2a3c20cf7cf9/2024_01.csv#record=42384,NIKL source band: beginner; project heuristic TOPIK 2: beginner expansion/category or uncategorized entry; not an official per-grade list
ko-nikl-42385,즐기다,,To enjoy to the fullest. / To do something often out of one's fondness for it.,verb,daily life > leisure activities,nikl-2024-mirror,https://huggingface.co/datasets/binjang/NIKL-korean-english-dictionary/resolve/3b4cfd2126debfd5440cade3ef6c2a3c20cf7cf9/2024_01.csv#record=42385,NIKL source band: beginner; project heuristic TOPIK 2: beginner expansion/category or uncategorized entry; not an official per-grade list
ko-nikl-42504,지각,,An act of going to work or school later than the regular time.,noun,education > teaching and learning,nikl-2024-mirror,https://huggingface.co/datasets/binjang/NIKL-korean-english-dictionary/resolve/3b4cfd2126debfd5440cade3ef6c2a3c20cf7cf9/2024_01.csv#record=42504,NIKL source band: beginner; project heuristic TOPIK 2: beginner expansion/category or uncategorized entry; not an official per-grade list
ko-nikl-42555,지나가다,,"For a certain period to end as time passes by. / For a certain task or event to end. / To say something without any special meaning. / To not make something a problem. / To go through a place. / To go past the surroundings of an object. / For the wind to stop blowing, or for the rain to stop falling. / For a facial expression, idea, etc., to appear suddenly and then disappear. / To skip something.",verb,people > physical actions,nikl-2024-mirror,https://huggingface.co/datasets/binjang/NIKL-korean-english-dictionary/resolve/3b4cfd2126debfd5440cade3ef6c2a3c20cf7cf9/2024_01.csv#record=42555,NIKL source band: beginner; project heuristic TOPIK 2: beginner expansion/category or uncategorized entry; not an official per-grade list
ko-nikl-42570,지내다,,"To live in a certain state or condition. / To maintain a certain relationship with another person. / To fill a certain position or rank and take charge of the corresponding work. / To hold an event or ceremony such as a wedding, ancestral rite, etc. / To pass a certain amount of time.",verb,daily life > life events,nikl-2024-mirror,https://huggingface.co/datasets/binjang/NIKL-korean-english-dictionary/resolve/3b4cfd2126debfd5440cade3ef6c2a3c20cf7cf9/2024_01.csv#record=42570,NIKL source band: beginner; project heuristic TOPIK 2: beginner expansion/category or uncategorized entry; not an official per-grade list
ko-nikl-42583,지다,,"To fail to defeat one's opponent in a match, fight, etc.",verb,social life > social activities,nikl-2024-mirror,https://huggingface.co/datasets/binjang/NIKL-korean-english-dictionary/resolve/3b4cfd2126debfd5440cade3ef6c2a3c20cf7cf9/2024_01.csv#record=42583,NIKL source band: beginner; project heuristic TOPIK 2: beginner expansion/category or uncategorized entry; not an official per-grade list
ko-nikl-42627,지루하다,,Feeling dull and tiresome because a certain act or state continues.,descriptive verb,general / source uncategorized,nikl-2024-mirror,https://huggingface.co/datasets/binjang/NIKL-korean-english-dictionary/resolve/3b4cfd2126debfd5440cade3ef6c2a3c20cf7cf9/2024_01.csv#record=42627,NIKL source band: beginner; project heuristic TOPIK 2: beginner expansion/category or uncategorized entry; not an official per-grade list
ko-nikl-42631,지르다,,To shout loudly.,verb,people > physical actions,nikl-2024-mirror,https://huggingface.co/datasets/binjang/NIKL-korean-english-dictionary/resolve/3b4cfd2126debfd5440cade3ef6c2a3c20cf7cf9/2024_01.csv#record=42631,NIKL source band: beginner; project heuristic TOPIK 2: beginner expansion/category or uncategorized entry; not an official per-grade list
ko-nikl-42671,지방,,"A region divided based on administrative districts, characteristics, etc. / Areas far from the capital of a country.",noun,concepts > regions,nikl-2024-mirror,https://huggingface.co/datasets/binjang/NIKL-korean-english-dictionary/resolve/3b4cfd2126debfd5440cade3ef6c2a3c20cf7cf9/2024_01.csv#record=42671,NIKL source band: beginner; project heuristic TOPIK 2: beginner expansion/category or uncategorized entry; not an official per-grade list
ko-nikl-42773,지우다,,"To remove something written or drawn, or a trace, etc., using a tool. / To remove or get rid of one's thought or memory. / To remove one's emotion, expression, etc.",verb,general / source uncategorized,nikl-2024-mirror,https://huggingface.co/datasets/binjang/NIKL-korean-english-dictionary/resolve/3b4cfd2126debfd5440cade3ef6c2a3c20cf7cf9/2024_01.csv#record=42773,NIKL source band: beginner; project heuristic TOPIK 2: beginner expansion/category or uncategorized entry; not an official per-grade list
ko-nikl-42858,지키다,,"To prevent something from the loss of wealth, profit, safety, etc., or protecting against external aggression. / To watch over a corner or point in order to prevent something or someone from passing through. / To continue to be in a place. / To keep a promise or comply with etiquette rules, regulations, etc. / To maintain a certain state, attitude, etc. / To firmly maintain one's fidelity, chastity, or integrity.",verb,social life > social activities,nikl-2024-mirror,https://huggingface.co/datasets/binjang/NIKL-korean-english-dictionary/resolve/3b4cfd2126debfd5440cade3ef6c2a3c20cf7cf9/2024_01.csv#record=42858,NIKL source band: beginner; project heuristic TOPIK 2: beginner expansion/category or uncategorized entry; not an official per-grade list
ko-nikl-42990,직원,,A person who works at a certain workplace.,noun,social life > job positions,nikl-2024-mirror,https://huggingface.co/datasets/binjang/NIKL-korean-english-dictionary/resolve/3b4cfd2126debfd5440cade3ef6c2a3c20cf7cf9/2024_01.csv#record=42990,NIKL source band: beginner; project heuristic TOPIK 2: beginner expansion/category or uncategorized entry; not an official per-grade list
ko-nikl-42994,직장,,A place where someone works for money. / An activity performed in exchange for payment.,noun,social life > workplaces,nikl-2024-mirror,https://huggingface.co/datasets/binjang/NIKL-korean-english-dictionary/resolve/3b4cfd2126debfd5440cade3ef6c2a3c20cf7cf9/2024_01.csv#record=42994,NIKL source band: beginner; project heuristic TOPIK 2: beginner expansion/category or uncategorized entry; not an official per-grade list
ko-nikl-42998,직접,,"In the manner of doing something personally, without any intermediary such as other persons, goods, etc., in between.",adverb,general / source uncategorized,nikl-2024-mirror,https://huggingface.co/datasets/binjang/NIKL-korean-english-dictionary/resolve/3b4cfd2126debfd5440cade3ef6c2a3c20cf7cf9/2024_01.csv#record=42998,NIKL source band: beginner; project heuristic TOPIK 2: beginner expansion/category or uncategorized entry; not an official per-grade list
ko-nikl-42997,직접,,"The state of being connected directly without any other person, object, etc., in between.",noun,general / source uncategorized,nikl-2024-mirror,https://huggingface.co/datasets/binjang/NIKL-korean-english-dictionary/resolve/3b4cfd2126debfd5440cade3ef6c2a3c20cf7cf9/2024_01.csv#record=42997,NIKL source band: beginner; project heuristic TOPIK 2: beginner expansion/category or uncategorized entry; not an official per-grade list
ko-nikl-43192,진짜,,"Truly, without hypocrisy or dishonesty.",adverb,general / source uncategorized,nikl-2024-mirror,https://huggingface.co/datasets/binjang/NIKL-korean-english-dictionary/resolve/3b4cfd2126debfd5440cade3ef6c2a3c20cf7cf9/2024_01.csv#record=43192,NIKL source band: beginner; project heuristic TOPIK 2: beginner expansion/category or uncategorized entry; not an official per-grade list
ko-nikl-43191,진짜,,Something that is neither an imitation nor fake.,noun,general / source uncategorized,nikl-2024-mirror,https://huggingface.co/datasets/binjang/NIKL-korean-english-dictionary/resolve/3b4cfd2126debfd5440cade3ef6c2a3c20cf7cf9/2024_01.csv#record=43191,NIKL source band: beginner; project heuristic TOPIK 2: beginner expansion/category or uncategorized entry; not an official per-grade list
ko-nikl-43223,진하다,,The concentration of a liquid being high. / The density of a gas being high. / Thick in color. / Having a strong taste or smell. / An emotion being stronger than usual. / The level of something being stronger or more intense.,descriptive verb,concepts > degree,nikl-2024-mirror,https://huggingface.co/datasets/binjang/NIKL-korean-english-dictionary/resolve/3b4cfd2126debfd5440cade3ef6c2a3c20cf7cf9/2024_01.csv#record=43223,NIKL source band: beginner; project heuristic TOPIK 2: beginner expansion/category or uncategorized entry; not an official per-grade list
ko-nikl-43273,질문,,An act of asking something one does not know or wants to know.,noun,social life > speech acts,nikl-2024-mirror,https://huggingface.co/datasets/binjang/NIKL-korean-english-dictionary/resolve/3b4cfd2126debfd5440cade3ef6c2a3c20cf7cf9/2024_01.csv#record=43273,NIKL source band: beginner; project heuristic TOPIK 2: beginner expansion/category or uncategorized entry; not an official per-grade list
ko-nikl-43389,집들이,,An event in which one invites one's close friends to a new house and serves food after moving.,noun,social life > social activities,nikl-2024-mirror,https://huggingface.co/datasets/binjang/NIKL-korean-english-dictionary/resolve/3b4cfd2126debfd5440cade3ef6c2a3c20cf7cf9/2024_01.csv#record=43389,NIKL source band: beginner; project heuristic TOPIK 2: beginner expansion/category or uncategorized entry; not an official per-grade list
ko-nikl-43473,짓다,,"To make food, clothes, buildings, etc., with necessary ingredients or components. / To make medicine by mixing several ingredients. / To write a poem, novel, letter, song, etc. / To write the melody of a song. / For many to form a line or group. / To do farming. / To tell, say, or make up something that is not true. / To express a certain expression, attitude, etc., through one's face or body. / To do a crime. / To make a knot with a string, etc. / To finish an action, speech, etc., in progress. / To decide on a name, etc. / To engage in a relationship or pair up.",verb,general / source uncategorized,nikl-2024-mirror,https://huggingface.co/datasets/binjang/NIKL-korean-english-dictionary/resolve/3b4cfd2126debfd5440cade3ef6c2a3c20cf7cf9/2024_01.csv#record=43473,NIKL source band: beginner; project heuristic TOPIK 2: beginner expansion/category or uncategorized entry; not an official per-grade list
ko-nikl-43541,짜다,,Tasting like salt. / (slang) Extremely frugal in spending money.,descriptive verb,food > tastes,nikl-2024-mirror,https://huggingface.co/datasets/binjang/NIKL-korean-english-dictionary/resolve/3b4cfd2126debfd5440cade3ef6c2a3c20cf7cf9/2024_01.csv#record=43541,NIKL source band: beginner; project heuristic TOPIK 2: beginner expansion/category or uncategorized entry; not an official per-grade list
ko-nikl-43551,짜증,,"An act of expressing one's anger or dislike towards something because one is dissatisfied, or such a disposition.",noun,people > emotions,nikl-2024-mirror,https://huggingface.co/datasets/binjang/NIKL-korean-english-dictionary/resolve/3b4cfd2126debfd5440cade3ef6c2a3c20cf7cf9/2024_01.csv#record=43551,NIKL source band: beginner; project heuristic TOPIK 2: beginner expansion/category or uncategorized entry; not an official per-grade list
ko-nikl-43760,찌다,,To put more flesh on one's body and become fat.,verb,people > physical changes,nikl-2024-mirror,https://huggingface.co/datasets/binjang/NIKL-korean-english-dictionary/resolve/3b4cfd2126debfd5440cade3ef6c2a3c20cf7cf9/2024_01.csv#record=43760,NIKL source band: beginner; project heuristic TOPIK 2: beginner expansion/category or uncategorized entry; not an official per-grade list
ko-nikl-43778,찍다,,"To make an impression by pressing on a flat surface. / To lower the end of an object into a powder or liquid. / To apply some make-up on one's face. / To put in a dot, punctuation mark, etc. / To make objects of the same shape by putting something in a frame or machine and pressing. / To print a text, image, etc., using a printer. / To write a word, phrase, sentence, etc., by using a keyboard. / To transfer an image of an object to a film through a camera. / To answer by making an assumption about something unclear. / To cast a vote for the candidate one has chosen. / To point at a specific object or person.",verb,daily life > leisure activities,nikl-2024-mirror,https://huggingface.co/datasets/binjang/NIKL-korean-english-dictionary/resolve/3b4cfd2126debfd5440cade3ef6c2a3c20cf7cf9/2024_01.csv#record=43778,NIKL source band: beginner; project heuristic TOPIK 2: beginner expansion/category or uncategorized entry; not an official per-grade list
ko-nikl-43858,차다,,Lacking warmth due to low temperature. / One's facial expression or mood being cold.,descriptive verb,concepts > temperature,nikl-2024-mirror,https://huggingface.co/datasets/binjang/NIKL-korean-english-dictionary/resolve/3b4cfd2126debfd5440cade3ef6c2a3c20cf7cf9/2024_01.csv#record=43858,NIKL source band: beginner; project heuristic TOPIK 2: beginner expansion/category or uncategorized entry; not an official per-grade list
ko-nikl-43854,차다,,"For a space to be full of things with no room left for more. / To be full of feelings, emotions, etc. / To be sufficiently pleasing to the full satisfaction of someone. / To get to a certain height or limit. / To get to a pre-determined quantity, deadline, etc. / For the moon to become fully round. / To be moist or soaked with water.",verb,general / source uncategorized,nikl-2024-mirror,https://huggingface.co/datasets/binjang/NIKL-korean-english-dictionary/resolve/3b4cfd2126debfd5440cade3ef6c2a3c20cf7cf9/2024_01.csv#record=43854,NIKL source band: beginner; project heuristic TOPIK 2: beginner expansion/category or uncategorized entry; not an official per-grade list
ko-nikl-43856,차다,,To kick or raise something powerfully with one's foot. / To stretch one's foot and kick a person powerfully. / To make a sound by attaching and then detaching the end of one's tongue to the palate. / To kick up one's heels powerfully. / (slang) For the man or the woman in a romantic relationship to break it unilaterally. / (figurative) To reject a good opportunity that has been given or offered.,verb,people > physical actions,nikl-2024-mirror,https://huggingface.co/datasets/binjang/NIKL-korean-english-dictionary/resolve/3b4cfd2126debfd5440cade3ef6c2a3c20cf7cf9/2024_01.csv#record=43856,NIKL source band: beginner; project heuristic TOPIK 2: beginner expansion/category or uncategorized entry; not an official per-grade list
ko-nikl-43874,차례,,"An order by which one does a certain task or a sequence in which work is done. / The opportunity given according to an order by which one does a certain task or a sequence in which work is done. / A sequential list of the titles or sections in a book, piece of writing, etc. / A unit for counting the number of times something happened.",noun,concepts > sequence,nikl-2024-mirror,https://huggingface.co/datasets/binjang/NIKL-korean-english-dictionary/resolve/3b4cfd2126debfd5440cade3ef6c2a3c20cf7cf9/2024_01.csv#record=43874,NIKL source band: beginner; project heuristic TOPIK 2: beginner expansion/category or uncategorized entry; not an official per-grade list
ko-nikl-43992,착하다,,"One's heart, behavior, etc., being honest, nice, and friendly.",descriptive verb,people > attitudes,nikl-2024-mirror,https://huggingface.co/datasets/binjang/NIKL-korean-english-dictionary/resolve/3b4cfd2126debfd5440cade3ef6c2a3c20cf7cf9/2024_01.csv#record=43992,NIKL source band: beginner; project heuristic TOPIK 2: beginner expansion/category or uncategorized entry; not an official per-grade list
ko-nikl-44078,참,,In the manner of being not contrary to a fact or reason.,adverb,concepts > degree,nikl-2024-mirror,https://huggingface.co/datasets/binjang/NIKL-korean-english-dictionary/resolve/3b4cfd2126debfd5440cade3ef6c2a3c20cf7cf9/2024_01.csv#record=44078,NIKL source band: beginner; project heuristic TOPIK 2: beginner expansion/category or uncategorized entry; not an official per-grade list
ko-nikl-44101,참다,,"To suppress and endure physiological phenomena such as laughter, crying, pain, coughing, etc. / To suppress and control emotions such as sadness, fear, anger, etc. / To endure hardships and difficulties. / To endure and wait for a certain time.",verb,general / source uncategorized,nikl-2024-mirror,https://huggingface.co/datasets/binjang/NIKL-korean-english-dictionary/resolve/3b4cfd2126debfd5440cade3ef6c2a3c20cf7cf9/2024_01.csv#record=44101,NIKL source band: beginner; project heuristic TOPIK 2: beginner expansion/category or uncategorized entry; not an official per-grade list
ko-nikl-44266,찾아가다,,"To go to a place to meet someone or do something. / To take back something that was lost, lent, or entrusted.",verb,social life > social activities,nikl-2024-mirror,https://huggingface.co/datasets/binjang/NIKL-korean-english-dictionary/resolve/3b4cfd2126debfd5440cade3ef6c2a3c20cf7cf9/2024_01.csv#record=44266,NIKL source band: beginner; project heuristic TOPIK 2: beginner expansion/category or uncategorized entry; not an official per-grade list
ko-nikl-44271,찾아보다,,To go to the place where a person is located and meet him/her. / To examine something in order to find the necessary information.,verb,general / source uncategorized,nikl-2024-mirror,https://huggingface.co/datasets/binjang/NIKL-korean-english-dictionary/resolve/3b4cfd2126debfd5440cade3ef6c2a3c20cf7cf9/2024_01.csv#record=44271,NIKL source band: beginner; project heuristic TOPIK 2: beginner expansion/category or uncategorized entry; not an official per-grade list
ko-nikl-44274,찾아오다,,"To go to a place to meet someone or do something. / To take back something that was lost, lent, or entrusted. / (figurative) For a certain period to come again.",verb,social life > social activities,nikl-2024-mirror,https://huggingface.co/datasets/binjang/NIKL-korean-english-dictionary/resolve/3b4cfd2126debfd5440cade3ef6c2a3c20cf7cf9/2024_01.csv#record=44274,NIKL source band: beginner; project heuristic TOPIK 2: beginner expansion/category or uncategorized entry; not an official per-grade list
ko-nikl-44424,처음,,The first in order or chronology.,noun,concepts > sequence,nikl-2024-mirror,https://huggingface.co/datasets/binjang/NIKL-korean-english-dictionary/resolve/3b4cfd2126debfd5440cade3ef6c2a3c20cf7cf9/2024_01.csv#record=44424,NIKL source band: beginner; project heuristic TOPIK 2: beginner expansion/category or uncategorized entry; not an official per-grade list
ko-nikl-44755,첫,,Of the very first.,determiner,concepts > sequence,nikl-2024-mirror,https://huggingface.co/datasets/binjang/NIKL-korean-english-dictionary/resolve/3b4cfd2126debfd5440cade3ef6c2a3c20cf7cf9/2024_01.csv#record=44755,NIKL source band: beginner; project heuristic TOPIK 2: beginner expansion/category or uncategorized entry; not an official per-grade list
ko-nikl-44761,첫날,,The day when something starts for the first time.,noun,concepts > sequence,nikl-2024-mirror,https://huggingface.co/datasets/binjang/NIKL-korean-english-dictionary/resolve/3b4cfd2126debfd5440cade3ef6c2a3c20cf7cf9/2024_01.csv#record=44761,NIKL source band: beginner; project heuristic TOPIK 2: beginner expansion/category or uncategorized entry; not an official per-grade list
ko-nikl-44783,첫째,,The first in a series of things; something that comes before all others.,determiner,concepts > sequence,nikl-2024-mirror,https://huggingface.co/datasets/binjang/NIKL-korean-english-dictionary/resolve/3b4cfd2126debfd5440cade3ef6c2a3c20cf7cf9/2024_01.csv#record=44783,NIKL source band: beginner; project heuristic TOPIK 2: beginner expansion/category or uncategorized entry; not an official per-grade list
ko-nikl-44781,첫째,,"The thing preceding all other things, the topmost / The person who is the oldest among many brothers or sisters.",noun,concepts > sequence,nikl-2024-mirror,https://huggingface.co/datasets/binjang/NIKL-korean-english-dictionary/resolve/3b4cfd2126debfd5440cade3ef6c2a3c20cf7cf9/2024_01.csv#record=44781,NIKL source band: beginner; project heuristic TOPIK 2: beginner expansion/category or uncategorized entry; not an official per-grade list
ko-nikl-44806,청년,,A young person who is mature both physically and mentally.,noun,people > types of people,nikl-2024-mirror,https://huggingface.co/datasets/binjang/NIKL-korean-english-dictionary/resolve/3b4cfd2126debfd5440cade3ef6c2a3c20cf7cf9/2024_01.csv#record=44806,NIKL source band: beginner; project heuristic TOPIK 2: beginner expansion/category or uncategorized entry; not an official per-grade list
ko-nikl-44846,청소년,,A person in his/her teens who is not yet an adult.,noun,people > types of people,nikl-2024-mirror,https://huggingface.co/datasets/binjang/NIKL-korean-english-dictionary/resolve/3b4cfd2126debfd5440cade3ef6c2a3c20cf7cf9/2024_01.csv#record=44846,NIKL source band: beginner; project heuristic TOPIK 2: beginner expansion/category or uncategorized entry; not an official per-grade list
ko-nikl-44960,체육관,,A building designed for indoor exercise.,noun,daily life > leisure facilities,nikl-2024-mirror,https://huggingface.co/datasets/binjang/NIKL-korean-english-dictionary/resolve/3b4cfd2126debfd5440cade3ef6c2a3c20cf7cf9/2024_01.csv#record=44960,NIKL source band: beginner; project heuristic TOPIK 2: beginner expansion/category or uncategorized entry; not an official per-grade list
ko-nikl-45000,쳐다보다,,To look upwards from below. / To lift one's face and look at something or someone at eye level. / To rely on something or someone entirely.,verb,people > physical actions,nikl-2024-mirror,https://huggingface.co/datasets/binjang/NIKL-korean-english-dictionary/resolve/3b4cfd2126debfd5440cade3ef6c2a3c20cf7cf9/2024_01.csv#record=45000,NIKL source band: beginner; project heuristic TOPIK 2: beginner expansion/category or uncategorized entry; not an official per-grade list
ko-nikl-45040,초대,,"An act of asking someone to come to a certain place, gathering, event, etc.",noun,social life > social activities,nikl-2024-mirror,https://huggingface.co/datasets/binjang/NIKL-korean-english-dictionary/resolve/3b4cfd2126debfd5440cade3ef6c2a3c20cf7cf9/2024_01.csv#record=45040,NIKL source band: beginner; project heuristic TOPIK 2: beginner expansion/category or uncategorized entry; not an official per-grade list
ko-nikl-45044,초대장,,"A written request to be present in a certain place, gathering, event, etc.",noun,social life > communication tools,nikl-2024-mirror,https://huggingface.co/datasets/binjang/NIKL-korean-english-dictionary/resolve/3b4cfd2126debfd5440cade3ef6c2a3c20cf7cf9/2024_01.csv#record=45044,NIKL source band: beginner; project heuristic TOPIK 2: beginner expansion/category or uncategorized entry; not an official per-grade list
ko-nikl-45051,초등학교,,"A six-year school which accepts six-year-old children, as the first level of school education, to teach them the basic curriculum.",noun,education > educational institutions,nikl-2024-mirror,https://huggingface.co/datasets/binjang/NIKL-korean-english-dictionary/resolve/3b4cfd2126debfd5440cade3ef6c2a3c20cf7cf9/2024_01.csv#record=45051,NIKL source band: beginner; project heuristic TOPIK 2: beginner expansion/category or uncategorized entry; not an official per-grade list
ko-nikl-45363,최고,,The degree of something being the highest. / The state of being the best or the most advanced.,noun,concepts > degree,nikl-2024-mirror,https://huggingface.co/datasets/binjang/NIKL-korean-english-dictionary/resolve/3b4cfd2126debfd5440cade3ef6c2a3c20cf7cf9/2024_01.csv#record=45363,NIKL source band: beginner; project heuristic TOPIK 2: beginner expansion/category or uncategorized entry; not an official per-grade list
ko-nikl-45462,추다,,To perform the movements of a dance.,verb,daily life > leisure activities,nikl-2024-mirror,https://huggingface.co/datasets/binjang/NIKL-korean-english-dictionary/resolve/3b4cfd2126debfd5440cade3ef6c2a3c20cf7cf9/2024_01.csv#record=45462,NIKL source band: beginner; project heuristic TOPIK 2: beginner expansion/category or uncategorized entry; not an official per-grade list
ko-nikl-45591,축구공,,The ball used in a soccer game.,noun,daily life > leisure equipment,nikl-2024-mirror,https://huggingface.co/datasets/binjang/NIKL-korean-english-dictionary/resolve/3b4cfd2126debfd5440cade3ef6c2a3c20cf7cf9/2024_01.csv#record=45591,NIKL source band: beginner; project heuristic TOPIK 2: beginner expansion/category or uncategorized entry; not an official per-grade list
ko-nikl-45640,축하,,"An act of greeting someone with pleasure, commenting on his/her happy occasion, achievement, etc., or such a greeting.",noun,social life > social activities,nikl-2024-mirror,https://huggingface.co/datasets/binjang/NIKL-korean-english-dictionary/resolve/3b4cfd2126debfd5440cade3ef6c2a3c20cf7cf9/2024_01.csv#record=45640,NIKL source band: beginner; project heuristic TOPIK 2: beginner expansion/category or uncategorized entry; not an official per-grade list
ko-nikl-45685,출근,,"An act of leaving home for a workplace or arriving at a workplace, to work.",noun,social life > workplace life,nikl-2024-mirror,https://huggingface.co/datasets/binjang/NIKL-korean-english-dictionary/resolve/3b4cfd2126debfd5440cade3ef6c2a3c20cf7cf9/2024_01.csv#record=45685,NIKL source band: beginner; project heuristic TOPIK 2: beginner expansion/category or uncategorized entry; not an official per-grade list
ko-nikl-45739,출석,,"An act of going to a class, meeting, etc., and being there.",noun,education > teaching and learning,nikl-2024-mirror,https://huggingface.co/datasets/binjang/NIKL-korean-english-dictionary/resolve/3b4cfd2126debfd5440cade3ef6c2a3c20cf7cf9/2024_01.csv#record=45739,NIKL source band: beginner; project heuristic TOPIK 2: beginner expansion/category or uncategorized entry; not an official per-grade list
ko-nikl-45767,출입,,An act of someone going in and out of a certain place.,noun,general / source uncategorized,nikl-2024-mirror,https://huggingface.co/datasets/binjang/NIKL-korean-english-dictionary/resolve/3b4cfd2126debfd5440cade3ef6c2a3c20cf7cf9/2024_01.csv#record=45767,NIKL source band: beginner; project heuristic TOPIK 2: beginner expansion/category or uncategorized entry; not an official per-grade list
ko-nikl-45769,출입국,,An act of leaving or entering a country.,noun,general / source uncategorized,nikl-2024-mirror,https://huggingface.co/datasets/binjang/NIKL-korean-english-dictionary/resolve/3b4cfd2126debfd5440cade3ef6c2a3c20cf7cf9/2024_01.csv#record=45769,NIKL source band: beginner; project heuristic TOPIK 2: beginner expansion/category or uncategorized entry; not an official per-grade list
ko-nikl-45776,출장,,An act of temporarily going to another site to work.,noun,social life > workplace life,nikl-2024-mirror,https://huggingface.co/datasets/binjang/NIKL-korean-english-dictionary/resolve/3b4cfd2126debfd5440cade3ef6c2a3c20cf7cf9/2024_01.csv#record=45776,NIKL source band: beginner; project heuristic TOPIK 2: beginner expansion/category or uncategorized entry; not an official per-grade list
ko-nikl-45799,출퇴근,,An act of going to work or leaving work.,noun,social life > workplace life,nikl-2024-mirror,https://huggingface.co/datasets/binjang/NIKL-korean-english-dictionary/resolve/3b4cfd2126debfd5440cade3ef6c2a3c20cf7cf9/2024_01.csv#record=45799,NIKL source band: beginner; project heuristic TOPIK 2: beginner expansion/category or uncategorized entry; not an official per-grade list
ko-nikl-45825,춤,,An act of moving one's body to music or a regular beat.,noun,culture > arts,nikl-2024-mirror,https://huggingface.co/datasets/binjang/NIKL-korean-english-dictionary/resolve/3b4cfd2126debfd5440cade3ef6c2a3c20cf7cf9/2024_01.csv#record=45825,NIKL source band: beginner; project heuristic TOPIK 2: beginner expansion/category or uncategorized entry; not an official per-grade list
ko-nikl-45830,춤추다,,"To move one's body to a piece of music or a regular beat. / (figurative) To jump here and there, in excitement and joy. / To fail to judge and blindly act on something that someone said.",verb,daily life > leisure activities,nikl-2024-mirror,https://huggingface.co/datasets/binjang/NIKL-korean-english-dictionary/resolve/3b4cfd2126debfd5440cade3ef6c2a3c20cf7cf9/2024_01.csv#record=45830,NIKL source band: beginner; project heuristic TOPIK 2: beginner expansion/category or uncategorized entry; not an official per-grade list
ko-nikl-45856,충분하다,,"Being ample, without shortage.",descriptive verb,concepts > degree,nikl-2024-mirror,https://huggingface.co/datasets/binjang/NIKL-korean-english-dictionary/resolve/3b4cfd2126debfd5440cade3ef6c2a3c20cf7cf9/2024_01.csv#record=45856,NIKL source band: beginner; project heuristic TOPIK 2: beginner expansion/category or uncategorized entry; not an official per-grade list
ko-nikl-45923,취소,,"An act of taking back what had been announced, or revoking what had been promised or planned.",noun,social life > social activities,nikl-2024-mirror,https://huggingface.co/datasets/binjang/NIKL-korean-english-dictionary/resolve/3b4cfd2126debfd5440cade3ef6c2a3c20cf7cf9/2024_01.csv#record=45923,NIKL source band: beginner; project heuristic TOPIK 2: beginner expansion/category or uncategorized entry; not an official per-grade list
ko-nikl-45950,취직,,The state of obtaining a job and going to work.,noun,social life > workplace life,nikl-2024-mirror,https://huggingface.co/datasets/binjang/NIKL-korean-english-dictionary/resolve/3b4cfd2126debfd5440cade3ef6c2a3c20cf7cf9/2024_01.csv#record=45950,NIKL source band: beginner; project heuristic TOPIK 2: beginner expansion/category or uncategorized entry; not an official per-grade list
ko-nikl-46011,치과,,"A field of medical science that treats diseases of teeth, supporting tissue such as gum, mouth, etc., or the department of the hospital that is in charge of the field.",noun,daily life > health facilities,nikl-2024-mirror,https://huggingface.co/datasets/binjang/NIKL-korean-english-dictionary/resolve/3b4cfd2126debfd5440cade3ef6c2a3c20cf7cf9/2024_01.csv#record=46011,NIKL source band: beginner; project heuristic TOPIK 2: beginner expansion/category or uncategorized entry; not an official per-grade list
ko-nikl-46021,치다,,"To cause the hand or an object to bump hard against something. / To make a sound by striking the palms of the hands together. / To play percussion, keyboard and other types of musical instruments. / To play a game or sport where the player strikes an object with a tool in his/her hand. / To strike something with a hammer, etc. / To type letters with a typewriter or computer. / To type letters or send a signal by pressing buttons. / To play cards, hwatu cards, etc. / To make a tool by heating and striking a piece of metal. / In making tteok, rice cake, to strike the dough hard with a tool to make it stickier. / For a clock to make a sound to announce the time. / To shake the wings, tail, etc., hard. / To move the arms or legs forcefully in a certain direction. / To shake or move the body or torso violently. / To cut an object with a knife or scissors. / To peel a chestnut, etc., with a knife or similar tool. / To attack one's opponent. / To wear a smile on the face. / To produce a loud sound. / To cut something into thin stripes or slices. / To run away or move quickly. / To cheat or harass others, or misbehave. / To have one's efforts be in vain. / To take a test. / To have one's fortune told to see if one will be lucky or not.",verb,daily life > leisure activities,nikl-2024-mirror,https://huggingface.co/datasets/binjang/NIKL-korean-english-dictionary/resolve/3b4cfd2126debfd5440cade3ef6c2a3c20cf7cf9/2024_01.csv#record=46021,NIKL source band: beginner; project heuristic TOPIK 2: beginner expansion/category or uncategorized entry; not an official per-grade list
ko-nikl-46041,치료,,An act of treating a disease or wound.,noun,daily life > medical treatment,nikl-2024-mirror,https://huggingface.co/datasets/binjang/NIKL-korean-english-dictionary/resolve/3b4cfd2126debfd5440cade3ef6c2a3c20cf7cf9/2024_01.csv#record=46041,NIKL source band: beginner; project heuristic TOPIK 2: beginner expansion/category or uncategorized entry; not an official per-grade list
ko-nikl-20399,친절,,"The state of treating someone gently and in a friendly manner, or such an attitude.",noun,people > attitudes,nikl-2024-mirror,https://huggingface.co/datasets/binjang/NIKL-korean-english-dictionary/resolve/3b4cfd2126debfd5440cade3ef6c2a3c20cf7cf9/2024_01.csv#record=20399,NIKL source band: beginner; project heuristic TOPIK 2: beginner expansion/category or uncategorized entry; not an official per-grade list
ko-nikl-20410,친하다,,Being on good terms with someone one knows well and feels close to.,descriptive verb,social life > interpersonal relationships,nikl-2024-mirror,https://huggingface.co/datasets/binjang/NIKL-korean-english-dictionary/resolve/3b4cfd2126debfd5440cade3ef6c2a3c20cf7cf9/2024_01.csv#record=20410,NIKL source band: beginner; project heuristic TOPIK 2: beginner expansion/category or uncategorized entry; not an official per-grade list
ko-nikl-20531,칭찬,,"An act of expressing one’s appreciation of someone’s strength or achievement, etc., or such a remark.",noun,social life > speech acts,nikl-2024-mirror,https://huggingface.co/datasets/binjang/NIKL-korean-english-dictionary/resolve/3b4cfd2126debfd5440cade3ef6c2a3c20cf7cf9/2024_01.csv#record=20531,NIKL source band: beginner; project heuristic TOPIK 2: beginner expansion/category or uncategorized entry; not an official per-grade list
ko-nikl-20539,카드,,"A thick piece of paper or plastic cut out in a fixed size and form, to prove or record something. / A piece of paper on which an image, decoration, message, etc., is printed, to celebrate a special day or greet someone. / A piece of paper used in arrangement, calculation, etc., of data, by recording a certain content on it. / A small and thick piece of paper used in a card game. / A critical method or means used to solve a certain issue. / A rectangular piece of plastic that enables one to pay for goods or services right away or after a certain period of time. / In a computer, a regular-sized plate containing electronic data.",noun,economy > financial instruments,nikl-2024-mirror,https://huggingface.co/datasets/binjang/NIKL-korean-english-dictionary/resolve/3b4cfd2126debfd5440cade3ef6c2a3c20cf7cf9/2024_01.csv#record=20539,NIKL source band: beginner; project heuristic TOPIK 2: beginner expansion/category or uncategorized entry; not an official per-grade list
ko-nikl-20580,칼,,"A tool that is used to cut, peel or chop something.",noun,food > cooking tools,nikl-2024-mirror,https://huggingface.co/datasets/binjang/NIKL-korean-english-dictionary/resolve/3b4cfd2126debfd5440cade3ef6c2a3c20cf7cf9/2024_01.csv#record=20580,NIKL source band: beginner; project heuristic TOPIK 2: beginner expansion/category or uncategorized entry; not an official per-grade list
ko-nikl-20612,캐나다,,"A country located in the northern part of North America; it is the second largest country in the world next to Russia; its major products include wheat, gold, copper, zinc, etc.; its official languages are English and French; its capital is Ottawa.",noun,concepts > regions,nikl-2024-mirror,https://huggingface.co/datasets/binjang/NIKL-korean-english-dictionary/resolve/3b4cfd2126debfd5440cade3ef6c2a3c20cf7cf9/2024_01.csv#record=20612,NIKL source band: beginner; project heuristic TOPIK 2: beginner expansion/category or uncategorized entry; not an official per-grade list
ko-nikl-20701,켜다,,"To saw a log, etc., vertically and split it in two. / To make a sound by rubbing the strings of a string instrument with a bow. / To pull thread out of a cocoon.",verb,daily life > leisure activities,nikl-2024-mirror,https://huggingface.co/datasets/binjang/NIKL-korean-english-dictionary/resolve/3b4cfd2126debfd5440cade3ef6c2a3c20cf7cf9/2024_01.csv#record=20701,NIKL source band: beginner; project heuristic TOPIK 2: beginner expansion/category or uncategorized entry; not an official per-grade list
ko-nikl-20730,코끼리,,The largest animal living on land that has a very long nose and two large tusks.,noun,plants and animals > animals,nikl-2024-mirror,https://huggingface.co/datasets/binjang/NIKL-korean-english-dictionary/resolve/3b4cfd2126debfd5440cade3ef6c2a3c20cf7cf9/2024_01.csv#record=20730,NIKL source band: beginner; project heuristic TOPIK 2: beginner expansion/category or uncategorized entry; not an official per-grade list
ko-nikl-20780,콘서트,,A gathering organized so that people can listen to songs or music being sung or played live.,noun,culture > popular culture,nikl-2024-mirror,https://huggingface.co/datasets/binjang/NIKL-korean-english-dictionary/resolve/3b4cfd2126debfd5440cade3ef6c2a3c20cf7cf9/2024_01.csv#record=20780,NIKL source band: beginner; project heuristic TOPIK 2: beginner expansion/category or uncategorized entry; not an official per-grade list
ko-nikl-20816,콧물,,"The sticky liquid, or snot, excreted from the nostrils.",noun,people > physiological processes,nikl-2024-mirror,https://huggingface.co/datasets/binjang/NIKL-korean-english-dictionary/resolve/3b4cfd2126debfd5440cade3ef6c2a3c20cf7cf9/2024_01.csv#record=20816,NIKL source band: beginner; project heuristic TOPIK 2: beginner expansion/category or uncategorized entry; not an official per-grade list
ko-nikl-20825,콩,,"A round grain with a thin, yellow or black skin that is used as an ingredient in tofu, doenjang, soybean paste, etc.",noun,food > grains,nikl-2024-mirror,https://huggingface.co/datasets/binjang/NIKL-korean-english-dictionary/resolve/3b4cfd2126debfd5440cade3ef6c2a3c20cf7cf9/2024_01.csv#record=20825,NIKL source band: beginner; project heuristic TOPIK 2: beginner expansion/category or uncategorized entry; not an official per-grade list
ko-nikl-20950,큰소리,,"A loud voice when scolding someone. / One's words spoken confidently as if one were smarter, or one's words exaggerating things. / Words spoken confidently to someone, instead of obeying him/her.",noun,social life > speech acts,nikl-2024-mirror,https://huggingface.co/datasets/binjang/NIKL-korean-english-dictionary/resolve/3b4cfd2126debfd5440cade3ef6c2a3c20cf7cf9/2024_01.csv#record=20950,NIKL source band: beginner; project heuristic TOPIK 2: beginner expansion/category or uncategorized entry; not an official per-grade list
ko-nikl-20994,키,,"The length of a person or animal in an upright position that is measured from the feet to the head. / The height of an item, plant, etc.",noun,concepts > shape,nikl-2024-mirror,https://huggingface.co/datasets/binjang/NIKL-korean-english-dictionary/resolve/3b4cfd2126debfd5440cade3ef6c2a3c20cf7cf9/2024_01.csv#record=20994,NIKL source band: beginner; project heuristic TOPIK 2: beginner expansion/category or uncategorized entry; not an official per-grade list
ko-nikl-21014,키우다,,"To take care of an animal or plant so that it grows. / To increase the length, area, volume, etc., of something. / To teach someone to become a person with a special ability. / To make a certain energy or power become bigger.",verb,general / source uncategorized,nikl-2024-mirror,https://huggingface.co/datasets/binjang/NIKL-korean-english-dictionary/resolve/3b4cfd2126debfd5440cade3ef6c2a3c20cf7cf9/2024_01.csv#record=21014,NIKL source band: beginner; project heuristic TOPIK 2: beginner expansion/category or uncategorized entry; not an official per-grade list
ko-nikl-21142,탁구,,An indoor sport in which players hit a ball with paddles over a net installed in the middle of a rectangular table.,noun,daily life > leisure activities,nikl-2024-mirror,https://huggingface.co/datasets/binjang/NIKL-korean-english-dictionary/resolve/3b4cfd2126debfd5440cade3ef6c2a3c20cf7cf9/2024_01.csv#record=21142,NIKL source band: beginner; project heuristic TOPIK 2: beginner expansion/category or uncategorized entry; not an official per-grade list
ko-nikl-21364,태국,,"Thailand, a country in mainland Southeast Asia.",noun,concepts > regions,nikl-2024-mirror,https://huggingface.co/datasets/binjang/NIKL-korean-english-dictionary/resolve/3b4cfd2126debfd5440cade3ef6c2a3c20cf7cf9/2024_01.csv#record=21364,NIKL source band: beginner; project heuristic TOPIK 2: beginner expansion/category or uncategorized entry; not an official per-grade list
ko-nikl-21365,태권도,,"Sport based on a traditional Korean martial arts, characterized by using hands and feet to perform an array of attacking or defending moves such as kicking, punching, blocking, etc.",noun,daily life > leisure activities,nikl-2024-mirror,https://huggingface.co/datasets/binjang/NIKL-korean-english-dictionary/resolve/3b4cfd2126debfd5440cade3ef6c2a3c20cf7cf9/2024_01.csv#record=21365,NIKL source band: beginner; project heuristic TOPIK 2: beginner expansion/category or uncategorized entry; not an official per-grade list
ko-nikl-21366,태극기,,The national flag of the Republic of Korea.,noun,general / source uncategorized,nikl-2024-mirror,https://huggingface.co/datasets/binjang/NIKL-korean-english-dictionary/resolve/3b4cfd2126debfd5440cade3ef6c2a3c20cf7cf9/2024_01.csv#record=21366,NIKL source band: beginner; project heuristic TOPIK 2: beginner expansion/category or uncategorized entry; not an official per-grade list
ko-nikl-21369,태도,,One's manner of moving one's body or dealing with a certain incident. / One's position or thought about a certain incident.,noun,people > attitudes,nikl-2024-mirror,https://huggingface.co/datasets/binjang/NIKL-korean-english-dictionary/resolve/3b4cfd2126debfd5440cade3ef6c2a3c20cf7cf9/2024_01.csv#record=21369,NIKL source band: beginner; project heuristic TOPIK 2: beginner expansion/category or uncategorized entry; not an official per-grade list
ko-nikl-21393,태어나다,,"For a person, animal, etc., to take form and come out of the mother’s body.",verb,daily life > life events,nikl-2024-mirror,https://huggingface.co/datasets/binjang/NIKL-korean-english-dictionary/resolve/3b4cfd2126debfd5440cade3ef6c2a3c20cf7cf9/2024_01.csv#record=21393,NIKL source band: beginner; project heuristic TOPIK 2: beginner expansion/category or uncategorized entry; not an official per-grade list
ko-nikl-21418,태풍,,"The fierce wind accompanying a rainstorm, blown from the Pacific Ocean to the eastern part of the Asian continent such as Korea, Japan, etc., usually between July and September.",noun,nature > disasters,nikl-2024-mirror,https://huggingface.co/datasets/binjang/NIKL-korean-english-dictionary/resolve/3b4cfd2126debfd5440cade3ef6c2a3c20cf7cf9/2024_01.csv#record=21418,NIKL source band: beginner; project heuristic TOPIK 2: beginner expansion/category or uncategorized entry; not an official per-grade list
ko-nikl-21420,택배,,"An act of delivering a mail, package, goods, etc., to a requested destination, in person.",noun,social life > communication tools,nikl-2024-mirror,https://huggingface.co/datasets/binjang/NIKL-korean-english-dictionary/resolve/3b4cfd2126debfd5440cade3ef6c2a3c20cf7cf9/2024_01.csv#record=21420,NIKL source band: beginner; project heuristic TOPIK 2: beginner expansion/category or uncategorized entry; not an official per-grade list
ko-nikl-21534,테니스,,"A sports game in which players compete as they send and receive a ball over a net installed in the center, using rackets.",noun,daily life > leisure activities,nikl-2024-mirror,https://huggingface.co/datasets/binjang/NIKL-korean-english-dictionary/resolve/3b4cfd2126debfd5440cade3ef6c2a3c20cf7cf9/2024_01.csv#record=21534,NIKL source band: beginner; project heuristic TOPIK 2: beginner expansion/category or uncategorized entry; not an official per-grade list
ko-nikl-21535,테니스장,,A sports field where tennis games are played.,noun,daily life > leisure facilities,nikl-2024-mirror,https://huggingface.co/datasets/binjang/NIKL-korean-english-dictionary/resolve/3b4cfd2126debfd5440cade3ef6c2a3c20cf7cf9/2024_01.csv#record=21535,NIKL source band: beginner; project heuristic TOPIK 2: beginner expansion/category or uncategorized entry; not an official per-grade list
ko-nikl-21560,토끼,,An animal with long ears and a short tail whose hind legs are more developed than its front legs.,noun,plants and animals > animals,nikl-2024-mirror,https://huggingface.co/datasets/binjang/NIKL-korean-english-dictionary/resolve/3b4cfd2126debfd5440cade3ef6c2a3c20cf7cf9/2024_01.csv#record=21560,NIKL source band: beginner; project heuristic TOPIK 2: beginner expansion/category or uncategorized entry; not an official per-grade list
ko-nikl-21768,통장,,"In a financial institution, a book given to a person who deposits money, in which deposits and withdrawals are recorded.",noun,economy > financial instruments,nikl-2024-mirror,https://huggingface.co/datasets/binjang/NIKL-korean-english-dictionary/resolve/3b4cfd2126debfd5440cade3ef6c2a3c20cf7cf9/2024_01.csv#record=21768,NIKL source band: beginner; project heuristic TOPIK 2: beginner expansion/category or uncategorized entry; not an official per-grade list
ko-nikl-21831,통화,,An act of talking with someone using a telephone. / The unit for counting phone calls.,noun,social life > telecommunications,nikl-2024-mirror,https://huggingface.co/datasets/binjang/NIKL-korean-english-dictionary/resolve/3b4cfd2126debfd5440cade3ef6c2a3c20cf7cf9/2024_01.csv#record=21831,NIKL source band: beginner; project heuristic TOPIK 2: beginner expansion/category or uncategorized entry; not an official per-grade list
ko-nikl-21843,퇴근,,An act of leaving one's workplace or returning home after work.,noun,social life > workplace life,nikl-2024-mirror,https://huggingface.co/datasets/binjang/NIKL-korean-english-dictionary/resolve/3b4cfd2126debfd5440cade3ef6c2a3c20cf7cf9/2024_01.csv#record=21843,NIKL source band: beginner; project heuristic TOPIK 2: beginner expansion/category or uncategorized entry; not an official per-grade list
ko-nikl-21863,퇴원,,An act of leaving the hospital after one stayed there for a certain period of time to have one's disease treated.,noun,daily life > medical treatment,nikl-2024-mirror,https://huggingface.co/datasets/binjang/NIKL-korean-english-dictionary/resolve/3b4cfd2126debfd5440cade3ef6c2a3c20cf7cf9/2024_01.csv#record=21863,NIKL source band: beginner; project heuristic TOPIK 2: beginner expansion/category or uncategorized entry; not an official per-grade list
ko-nikl-22092,특별하다,,"Being different from what is normal, with a noticeable gap.",descriptive verb,general / source uncategorized,nikl-2024-mirror,https://huggingface.co/datasets/binjang/NIKL-korean-english-dictionary/resolve/3b4cfd2126debfd5440cade3ef6c2a3c20cf7cf9/2024_01.csv#record=22092,NIKL source band: beginner; project heuristic TOPIK 2: beginner expansion/category or uncategorized entry; not an official per-grade list
ko-nikl-22094,특별히,,With a noticeable difference compared with others.,adverb,general / source uncategorized,nikl-2024-mirror,https://huggingface.co/datasets/binjang/NIKL-korean-english-dictionary/resolve/3b4cfd2126debfd5440cade3ef6c2a3c20cf7cf9/2024_01.csv#record=22094,NIKL source band: beginner; project heuristic TOPIK 2: beginner expansion/category or uncategorized entry; not an official per-grade list
ko-nikl-22159,특히,,Differently from a normal one.,adverb,general / source uncategorized,nikl-2024-mirror,https://huggingface.co/datasets/binjang/NIKL-korean-english-dictionary/resolve/3b4cfd2126debfd5440cade3ef6c2a3c20cf7cf9/2024_01.csv#record=22159,NIKL source band: beginner; project heuristic TOPIK 2: beginner expansion/category or uncategorized entry; not an official per-grade list
ko-nikl-22160,튼튼하다,,"Very hard and firm. / One's body, bones, teeth, etc., being hard, firm, and healthy. / A group or an organization being stable and not easily collapsed, / One's ideology or mind not shaking and being certain.",descriptive verb,people > physical condition,nikl-2024-mirror,https://huggingface.co/datasets/binjang/NIKL-korean-english-dictionary/resolve/3b4cfd2126debfd5440cade3ef6c2a3c20cf7cf9/2024_01.csv#record=22160,NIKL source band: beginner; project heuristic TOPIK 2: beginner expansion/category or uncategorized entry; not an official per-grade list
ko-nikl-22166,틀다,,"To twist and turn one’s body or part of one’s body in another direction. / To turn a screw, faucet, knob, etc. / To operate a device such as a water tap, making water run. / To operate a machine or device. / To operate a certain device, making a sound heard or image seen. / To cause something which has proceeded well to become difficult or go wrong. / To make one's hair into a mass and raise it on the top of one’s head with a topknot, chignon, etc. / To make a cottage, nest, straw mat, etc., by weaving it with straw, bamboo strips, etc. / To spread cotton using a willowing machine. / For a snake to coil its body in circles. / To make a pose by moving one’s body. / To turn an object moving in a certain direction to another direction.",verb,general / source uncategorized,nikl-2024-mirror,https://huggingface.co/datasets/binjang/NIKL-korean-english-dictionary/resolve/3b4cfd2126debfd5440cade3ef6c2a3c20cf7cf9/2024_01.csv#record=22166,NIKL source band: beginner; project heuristic TOPIK 2: beginner expansion/category or uncategorized entry; not an official per-grade list
ko-nikl-22167,틀리다,,"For a calculation, answer, fact, etc., to not be correct. / For something hoped for or intended to go wrong. / For one's mind or behavior to be extremely twisted, not upright.",verb,general / source uncategorized,nikl-2024-mirror,https://huggingface.co/datasets/binjang/NIKL-korean-english-dictionary/resolve/3b4cfd2126debfd5440cade3ef6c2a3c20cf7cf9/2024_01.csv#record=22167,NIKL source band: beginner; project heuristic TOPIK 2: beginner expansion/category or uncategorized entry; not an official per-grade list
ko-nikl-22206,팀,,"A group of people who do the same kind of work. / In a sport game held in two groups, a group organized with two or more members.",noun,general / source uncategorized,nikl-2024-mirror,https://huggingface.co/datasets/binjang/NIKL-korean-english-dictionary/resolve/3b4cfd2126debfd5440cade3ef6c2a3c20cf7cf9/2024_01.csv#record=22206,NIKL source band: beginner; project heuristic TOPIK 2: beginner expansion/category or uncategorized entry; not an official per-grade list
ko-nikl-22385,파티,,A feast or gathering to make friends or to celebrate an occasion.,noun,social life > social events,nikl-2024-mirror,https://huggingface.co/datasets/binjang/NIKL-korean-english-dictionary/resolve/3b4cfd2126debfd5440cade3ef6c2a3c20cf7cf9/2024_01.csv#record=22385,NIKL source band: beginner; project heuristic TOPIK 2: beginner expansion/category or uncategorized entry; not an official per-grade list
ko-nikl-22511,팔리다,,"For an object or a right to be given to someone or for one’s effort, etc., to be provided to someone after money is received for it. / For a woman to be handed over to a brothel or a pimp for money. / For a person to be traded like goods, for money. / For one's attention to be turned to something else, instead of focusing on the thing to which it should have been paid. / For one’s face or name to be known widely.",verb,economy > economic activities,nikl-2024-mirror,https://huggingface.co/datasets/binjang/NIKL-korean-english-dictionary/resolve/3b4cfd2126debfd5440cade3ef6c2a3c20cf7cf9/2024_01.csv#record=22511,NIKL source band: beginner; project heuristic TOPIK 2: beginner expansion/category or uncategorized entry; not an official per-grade list
ko-nikl-22715,펴다,,"To bend back and spread a folded or rolled object. / For something folded or overlapped to be spread widely. / To straighten what is bent; or to spread what is hunched or shrunk. / To freely express or argue one’s thought, opinion, feeling, etc. / To spread something widely or put a variety of things side by side.. / To put a group, plan, policy, etc., in action.",verb,general / source uncategorized,nikl-2024-mirror,https://huggingface.co/datasets/binjang/NIKL-korean-english-dictionary/resolve/3b4cfd2126debfd5440cade3ef6c2a3c20cf7cf9/2024_01.csv#record=22715,NIKL source band: beginner; project heuristic TOPIK 2: beginner expansion/category or uncategorized entry; not an official per-grade list
ko-nikl-22735,편리,,The state of something being easy and comfortable to use.,noun,general / source uncategorized,nikl-2024-mirror,https://huggingface.co/datasets/binjang/NIKL-korean-english-dictionary/resolve/3b4cfd2126debfd5440cade3ef6c2a3c20cf7cf9/2024_01.csv#record=22735,NIKL source band: beginner; project heuristic TOPIK 2: beginner expansion/category or uncategorized entry; not an official per-grade list
ko-nikl-22752,편안,,The state of one's body being relaxed and good.,noun,people > emotions,nikl-2024-mirror,https://huggingface.co/datasets/binjang/NIKL-korean-english-dictionary/resolve/3b4cfd2126debfd5440cade3ef6c2a3c20cf7cf9/2024_01.csv#record=22752,NIKL source band: beginner; project heuristic TOPIK 2: beginner expansion/category or uncategorized entry; not an official per-grade list
ko-nikl-22759,편의점,,"A store that is open 24 hours a day and sells daily necessities, etc.",noun,economy > commercial places,nikl-2024-mirror,https://huggingface.co/datasets/binjang/NIKL-korean-english-dictionary/resolve/3b4cfd2126debfd5440cade3ef6c2a3c20cf7cf9/2024_01.csv#record=22759,NIKL source band: beginner; project heuristic TOPIK 2: beginner expansion/category or uncategorized entry; not an official per-grade list
ko-nikl-22787,편찮다,,One’s body or mind being uncomfortable or troubled.,descriptive verb,people > physical condition,nikl-2024-mirror,https://huggingface.co/datasets/binjang/NIKL-korean-english-dictionary/resolve/3b4cfd2126debfd5440cade3ef6c2a3c20cf7cf9/2024_01.csv#record=22787,NIKL source band: beginner; project heuristic TOPIK 2: beginner expansion/category or uncategorized entry; not an official per-grade list
ko-nikl-22792,편하다,,"The state of one's body or mind being good, neither sick, nor troubled. / The state of being easy and simple.",descriptive verb,general / source uncategorized,nikl-2024-mirror,https://huggingface.co/datasets/binjang/NIKL-korean-english-dictionary/resolve/3b4cfd2126debfd5440cade3ef6c2a3c20cf7cf9/2024_01.csv#record=22792,NIKL source band: beginner; project heuristic TOPIK 2: beginner expansion/category or uncategorized entry; not an official per-grade list
ko-nikl-23061,포장,,An act of wrapping or packing an object; or the material used for such a purpose. / An act of making something look or sound good on the surface only.,noun,general / source uncategorized,nikl-2024-mirror,https://huggingface.co/datasets/binjang/NIKL-korean-english-dictionary/resolve/3b4cfd2126debfd5440cade3ef6c2a3c20cf7cf9/2024_01.csv#record=23061,NIKL source band: beginner; project heuristic TOPIK 2: beginner expansion/category or uncategorized entry; not an official per-grade list
ko-nikl-23307,푹,,"A word describing an act of falling asleep or taking a good rest to recover from fatigue. / A word describing an act of stabbing or poking something strongly and deeply. / A word describing an act of covering or wrapping something without any missing part, so that the content cannot be seen. / A word describing an act of steaming, simmering, or boiling something until it is completely cooked. / A word describing the state of something being seriously rotten, fermented, or wet. / A word describing the state of something being deeply and clearly dug or sunken. / A word describing the state of something deeply falling or sinking into a place. / A word describing an act of falling heavily and instantly. / A word describing an act of scooping out a great quantity of things with a shovel, spoon, etc. / A word describing an act of bending one's head very deeply. / A word imitating the sound made when powder, smoke, etc., strongly comes out through a hole, or describing such a scene. / A word describing the state of a power, ability, or quantity being greatly reduced. / A word describing the state of something being covered with much powder, dust, etc.",adverb,general / source uncategorized,nikl-2024-mirror,https://huggingface.co/datasets/binjang/NIKL-korean-english-dictionary/resolve/3b4cfd2126debfd5440cade3ef6c2a3c20cf7cf9/2024_01.csv#record=23307,NIKL source band: beginner; project heuristic TOPIK 2: beginner expansion/category or uncategorized entry; not an official per-grade list
ko-nikl-23326,풀다,,"To return what has been tied, bound, or twisted back to its original state. / To open and spread what has been wrapped or packed. / To relieve the anger or sorrow that has formed in one’s mind. / To get rid of one's agony by handling it, or realize what one has in mind. / To handle an unknown or complicated problem, or find out the answer. / To free what has been banned or limited. / To free a person or animal that have been locked or held. / To alleviate fatigue or get rid of poison. / To send people here and there to find something. / To let out one's nasal discharge by breathing out hard. / To make a difficult and complicated meaning easy to understand. / To make a tense facial expression, atmosphere, body, etc., smooth. / To add something to a liquid and make it mixed or blended evenly. / To spread money or objects gathered in one place, here and there.",verb,general / source uncategorized,nikl-2024-mirror,https://huggingface.co/datasets/binjang/NIKL-korean-english-dictionary/resolve/3b4cfd2126debfd5440cade3ef6c2a3c20cf7cf9/2024_01.csv#record=23326,NIKL source band: beginner; project heuristic TOPIK 2: beginner expansion/category or uncategorized entry; not an official per-grade list
ko-nikl-23395,풍경,,A beautiful scene of nature or an area. / A special scene or situation that evokes an emotion.,noun,daily life > leisure activities,nikl-2024-mirror,https://huggingface.co/datasets/binjang/NIKL-korean-english-dictionary/resolve/3b4cfd2126debfd5440cade3ef6c2a3c20cf7cf9/2024_01.csv#record=23395,NIKL source band: beginner; project heuristic TOPIK 2: beginner expansion/category or uncategorized entry; not an official per-grade list
ko-nikl-23470,프라이팬,,"A low, wide pan with a handle, used to stir-fry or fry food in oil.",noun,food > cooking tools,nikl-2024-mirror,https://huggingface.co/datasets/binjang/NIKL-korean-english-dictionary/resolve/3b4cfd2126debfd5440cade3ef6c2a3c20cf7cf9/2024_01.csv#record=23470,NIKL source band: beginner; project heuristic TOPIK 2: beginner expansion/category or uncategorized entry; not an official per-grade list
ko-nikl-23472,프랑스,,A country in western Europe; it is a major producer of agricultural products in Europe and its tourism industry is well developed; its major language is French; its capital is Paris.,noun,concepts > regions,nikl-2024-mirror,https://huggingface.co/datasets/binjang/NIKL-korean-english-dictionary/resolve/3b4cfd2126debfd5440cade3ef6c2a3c20cf7cf9/2024_01.csv#record=23472,NIKL source band: beginner; project heuristic TOPIK 2: beginner expansion/category or uncategorized entry; not an official per-grade list
ko-nikl-23481,프로그램,,"The list of operation plans or orders of a certain event, or the details of such an event. / The content that is broadcast on a radio or television by time, or the order or list of such programming. / The process or method of doing a certain job which is written down using a computer language, to give an order to do the job to a computer.",noun,social life > media,nikl-2024-mirror,https://huggingface.co/datasets/binjang/NIKL-korean-english-dictionary/resolve/3b4cfd2126debfd5440cade3ef6c2a3c20cf7cf9/2024_01.csv#record=23481,NIKL source band: beginner; project heuristic TOPIK 2: beginner expansion/category or uncategorized entry; not an official per-grade list
ko-nikl-23512,피,,A red liquid that moves along the blood vessels in the human or animal body to supply oxygen and nutrients and transport waste matter.,noun,people > internal anatomy,nikl-2024-mirror,https://huggingface.co/datasets/binjang/NIKL-korean-english-dictionary/resolve/3b4cfd2126debfd5440cade3ef6c2a3c20cf7cf9/2024_01.csv#record=23512,NIKL source band: beginner; project heuristic TOPIK 2: beginner expansion/category or uncategorized entry; not an official per-grade list
ko-nikl-23541,피곤,,The state of being tired and worn-out physically or mentally.,noun,people > physical condition,nikl-2024-mirror,https://huggingface.co/datasets/binjang/NIKL-korean-english-dictionary/resolve/3b4cfd2126debfd5440cade3ef6c2a3c20cf7cf9/2024_01.csv#record=23541,NIKL source band: beginner; project heuristic TOPIK 2: beginner expansion/category or uncategorized entry; not an official per-grade list
ko-nikl-23555,피다,,"For a flower bud, leaf, etc., to open. / For briquettes, coal, etc., to catch fire and burn. / For one’s face to look plump and for one's complexion to improve. / For a cloud, smoke, etc., to rise. / For one’s situation or circumstances to improve. / For a smell, dust, etc., to spread or rise. / For hair or hair tufts to form and rise on clothes or a cloth. / For laughter, a smile, etc., to appear on the outside. / For mold, a dry patch, an age spot, etc., to form and appear. / For ink, etc., to be stained and spread on paper or a cloth.",verb,plants and animals > plant and animal activities,nikl-2024-mirror,https://huggingface.co/datasets/binjang/NIKL-korean-english-dictionary/resolve/3b4cfd2126debfd5440cade3ef6c2a3c20cf7cf9/2024_01.csv#record=23555,NIKL source band: beginner; project heuristic TOPIK 2: beginner expansion/category or uncategorized entry; not an official per-grade list
ko-nikl-23616,피아노,,A musical instrument that produces sound when its black and white keys are tapped or pressed with fingers.,noun,daily life > leisure equipment,nikl-2024-mirror,https://huggingface.co/datasets/binjang/NIKL-korean-english-dictionary/resolve/3b4cfd2126debfd5440cade3ef6c2a3c20cf7cf9/2024_01.csv#record=23616,NIKL source band: beginner; project heuristic TOPIK 2: beginner expansion/category or uncategorized entry; not an official per-grade list
ko-nikl-23621,피우다,,"To open up the buds or petals of a flower, etc. / To make a fire and let it burn. / To raise dust, etc. / To spread out or emit dust or a smell. / To have a grin or smile on the face. / To light a certain object, and inhale and exhale the smoke emitting from it. / To show a certain attitude or do a certain act.",verb,general / source uncategorized,nikl-2024-mirror,https://huggingface.co/datasets/binjang/NIKL-korean-english-dictionary/resolve/3b4cfd2126debfd5440cade3ef6c2a3c20cf7cf9/2024_01.csv#record=23621,NIKL source band: beginner; project heuristic TOPIK 2: beginner expansion/category or uncategorized entry; not an official per-grade list
ko-nikl-23715,필요,,A state of being necessary.,noun,general / source uncategorized,nikl-2024-mirror,https://huggingface.co/datasets/binjang/NIKL-korean-english-dictionary/resolve/3b4cfd2126debfd5440cade3ef6c2a3c20cf7cf9/2024_01.csv#record=23715,NIKL source band: beginner; project heuristic TOPIK 2: beginner expansion/category or uncategorized entry; not an official per-grade list
ko-nikl-23796,하늘,,"The vast, limitless space that unfolds above the ground. / The absolute being, god. / The place where gods or the spirits of dead people are thought to live.",noun,nature > celestial objects,nikl-2024-mirror,https://huggingface.co/datasets/binjang/NIKL-korean-english-dictionary/resolve/3b4cfd2126debfd5440cade3ef6c2a3c20cf7cf9/2024_01.csv#record=23796,NIKL source band: beginner; project heuristic TOPIK 2: beginner expansion/category or uncategorized entry; not an official per-grade list
ko-nikl-23913,하숙비,,"The amount of money charged for staying in another's house, renting a room and being served meals.",noun,economy > financial instruments,nikl-2024-mirror,https://huggingface.co/datasets/binjang/NIKL-korean-english-dictionary/resolve/3b4cfd2126debfd5440cade3ef6c2a3c20cf7cf9/2024_01.csv#record=23913,NIKL source band: beginner; project heuristic TOPIK 2: beginner expansion/category or uncategorized entry; not an official per-grade list
ko-nikl-23915,하숙집,,"A house where a lodger stays, paying for a room and meals.",noun,housing > housing types,nikl-2024-mirror,https://huggingface.co/datasets/binjang/NIKL-korean-english-dictionary/resolve/3b4cfd2126debfd5440cade3ef6c2a3c20cf7cf9/2024_01.csv#record=23915,NIKL source band: beginner; project heuristic TOPIK 2: beginner expansion/category or uncategorized entry; not an official per-grade list
ko-nikl-24046,학원,,"An institution where teachers teach students in accordance with a certain purpose, curriculum, or policy, etc. / A private educational institution that recruits students and then teaches knowledge and skills including art, music, physical education, etc.",noun,education > educational institutions,nikl-2024-mirror,https://huggingface.co/datasets/binjang/NIKL-korean-english-dictionary/resolve/3b4cfd2126debfd5440cade3ef6c2a3c20cf7cf9/2024_01.csv#record=24046,NIKL source band: beginner; project heuristic TOPIK 2: beginner expansion/category or uncategorized entry; not an official per-grade list
ko-nikl-24106,한가하다,,Having time to spare without haste.,descriptive verb,daily life > life circumstances,nikl-2024-mirror,https://huggingface.co/datasets/binjang/NIKL-korean-english-dictionary/resolve/3b4cfd2126debfd5440cade3ef6c2a3c20cf7cf9/2024_01.csv#record=24106,NIKL source band: beginner; project heuristic TOPIK 2: beginner expansion/category or uncategorized entry; not an official per-grade list
ko-nikl-24111,한강,,"The river that starts from the Taebaeksanmaek Mountains and flows through Korea's central region and into the Yellow Sea, whose two tributaries, the Namhangang River and Bukhangang River, meet in Gyeonggi-do, or Gyeonggi Province, and which has the largest water volume among the rivers in South Korea. / (figurative) The state of the floor, etc., being flooded due to a heavy rain or water leakage.",noun,general / source uncategorized,nikl-2024-mirror,https://huggingface.co/datasets/binjang/NIKL-korean-english-dictionary/resolve/3b4cfd2126debfd5440cade3ef6c2a3c20cf7cf9/2024_01.csv#record=24111,NIKL source band: beginner; project heuristic TOPIK 2: beginner expansion/category or uncategorized entry; not an official per-grade list
ko-nikl-24136,한글,,The name for the Korean alphabet.,noun,social life > communication tools,nikl-2024-mirror,https://huggingface.co/datasets/binjang/NIKL-korean-english-dictionary/resolve/3b4cfd2126debfd5440cade3ef6c2a3c20cf7cf9/2024_01.csv#record=24136,NIKL source band: beginner; project heuristic TOPIK 2: beginner expansion/category or uncategorized entry; not an official per-grade list
ko-nikl-24209,한번,,An adverb used to indicate that the speaker emphasizes a certain action or state of another person or thing. / An adverb used to indicate that the speaker tries something. / An adverb used to indicate a certain time of opportunity.,adverb,concepts > frequency,nikl-2024-mirror,https://huggingface.co/datasets/binjang/NIKL-korean-english-dictionary/resolve/3b4cfd2126debfd5440cade3ef6c2a3c20cf7cf9/2024_01.csv#record=24209,NIKL source band: beginner; project heuristic TOPIK 2: beginner expansion/category or uncategorized entry; not an official per-grade list
ko-nikl-24253,한옥,,A traditional Korean house or a house built in such a style.,noun,housing > building types,nikl-2024-mirror,https://huggingface.co/datasets/binjang/NIKL-korean-english-dictionary/resolve/3b4cfd2126debfd5440cade3ef6c2a3c20cf7cf9/2024_01.csv#record=24253,NIKL source band: beginner; project heuristic TOPIK 2: beginner expansion/category or uncategorized entry; not an official per-grade list
ko-nikl-24302,한턱,,An act of treating someone with a lot of good food or drink.,noun,social life > social activities,nikl-2024-mirror,https://huggingface.co/datasets/binjang/NIKL-korean-english-dictionary/resolve/3b4cfd2126debfd5440cade3ef6c2a3c20cf7cf9/2024_01.csv#record=24302,NIKL source band: beginner; project heuristic TOPIK 2: beginner expansion/category or uncategorized entry; not an official per-grade list
ko-nikl-24353,할인,,The act of subtracting a certain amount of money from the original price.,noun,economy > economic activities,nikl-2024-mirror,https://huggingface.co/datasets/binjang/NIKL-korean-english-dictionary/resolve/3b4cfd2126debfd5440cade3ef6c2a3c20cf7cf9/2024_01.csv#record=24353,NIKL source band: beginner; project heuristic TOPIK 2: beginner expansion/category or uncategorized entry; not an official per-grade list
ko-nikl-24581,해,,A bound noun that serves as a unit for counting the number of the earth's revolutions around the sun.,bound noun,nature > celestial objects,nikl-2024-mirror,https://huggingface.co/datasets/binjang/NIKL-korean-english-dictionary/resolve/3b4cfd2126debfd5440cade3ef6c2a3c20cf7cf9/2024_01.csv#record=24581,NIKL source band: beginner; project heuristic TOPIK 2: beginner expansion/category or uncategorized entry; not an official per-grade list
ko-nikl-24576,해,,The star at the center of a solar system which is extremely hot and emits light. / The time during which the earth rotates around the sun once. / The time between sunrise and sunset.,noun,nature > celestial objects,nikl-2024-mirror,https://huggingface.co/datasets/binjang/NIKL-korean-english-dictionary/resolve/3b4cfd2126debfd5440cade3ef6c2a3c20cf7cf9/2024_01.csv#record=24576,NIKL source band: beginner; project heuristic TOPIK 2: beginner expansion/category or uncategorized entry; not an official per-grade list
ko-nikl-24708,해외,,A country other than one's own.,noun,concepts > regions,nikl-2024-mirror,https://huggingface.co/datasets/binjang/NIKL-korean-english-dictionary/resolve/3b4cfd2126debfd5440cade3ef6c2a3c20cf7cf9/2024_01.csv#record=24708,NIKL source band: beginner; project heuristic TOPIK 2: beginner expansion/category or uncategorized entry; not an official per-grade list
ko-nikl-24711,해외여행,,"A trip to overseas destinations, or such a trip.",noun,daily life > leisure activities,nikl-2024-mirror,https://huggingface.co/datasets/binjang/NIKL-korean-english-dictionary/resolve/3b4cfd2126debfd5440cade3ef6c2a3c20cf7cf9/2024_01.csv#record=24711,NIKL source band: beginner; project heuristic TOPIK 2: beginner expansion/category or uncategorized entry; not an official per-grade list
ko-nikl-24801,햇빛,,Light from the sun. / (figurative) A state of becoming known to the public and receiving praise or gaining fame.,noun,nature > celestial objects,nikl-2024-mirror,https://huggingface.co/datasets/binjang/NIKL-korean-english-dictionary/resolve/3b4cfd2126debfd5440cade3ef6c2a3c20cf7cf9/2024_01.csv#record=24801,NIKL source band: beginner; project heuristic TOPIK 2: beginner expansion/category or uncategorized entry; not an official per-grade list
ko-nikl-24813,행동,,An act of moving one's body to do a certain task or action.,noun,general / source uncategorized,nikl-2024-mirror,https://huggingface.co/datasets/binjang/NIKL-korean-english-dictionary/resolve/3b4cfd2126debfd5440cade3ef6c2a3c20cf7cf9/2024_01.csv#record=24813,NIKL source band: beginner; project heuristic TOPIK 2: beginner expansion/category or uncategorized entry; not an official per-grade list
ko-nikl-24828,행복,,A blessing or good luck. / A feeling of delight coming from enough satisfaction or enjoyment in life; or such a state.,noun,people > emotions,nikl-2024-mirror,https://huggingface.co/datasets/binjang/NIKL-korean-english-dictionary/resolve/3b4cfd2126debfd5440cade3ef6c2a3c20cf7cf9/2024_01.csv#record=24828,NIKL source band: beginner; project heuristic TOPIK 2: beginner expansion/category or uncategorized entry; not an official per-grade list
ko-nikl-24831,행사,,An act of performing a certain task with a purpose or plan according to a procedure; or such a task.,noun,social life > social activities,nikl-2024-mirror,https://huggingface.co/datasets/binjang/NIKL-korean-english-dictionary/resolve/3b4cfd2126debfd5440cade3ef6c2a3c20cf7cf9/2024_01.csv#record=24831,NIKL source band: beginner; project heuristic TOPIK 2: beginner expansion/category or uncategorized entry; not an official per-grade list
ko-nikl-25175,헤어지다,,To part with another one has been with. / To cut off one's relationship with someone one is on close terms with. / For something stuck together to fall apart or scatter. / For the skin to be split and cracked.,verb,social life > social activities,nikl-2024-mirror,https://huggingface.co/datasets/binjang/NIKL-korean-english-dictionary/resolve/3b4cfd2126debfd5440cade3ef6c2a3c20cf7cf9/2024_01.csv#record=25175,NIKL source band: beginner; project heuristic TOPIK 2: beginner expansion/category or uncategorized entry; not an official per-grade list
ko-nikl-25191,헬스클럽,,A place equipped with a variety of exercise apparatuses or facilities to improve one's health or keep one's body in good shape.,noun,daily life > leisure facilities,nikl-2024-mirror,https://huggingface.co/datasets/binjang/NIKL-korean-english-dictionary/resolve/3b4cfd2126debfd5440cade3ef6c2a3c20cf7cf9/2024_01.csv#record=25191,NIKL source band: beginner; project heuristic TOPIK 2: beginner expansion/category or uncategorized entry; not an official per-grade list
ko-nikl-25242,현금,,"The currency excluding bills, checks, and bonds, issued by a government or a central bank responsible for financial and monetary policies of the nation. / The money that one carries with one. / Money paid right away on the spot when buying and selling things.",noun,economy > financial instruments,nikl-2024-mirror,https://huggingface.co/datasets/binjang/NIKL-korean-english-dictionary/resolve/3b4cfd2126debfd5440cade3ef6c2a3c20cf7cf9/2024_01.csv#record=25242,NIKL source band: beginner; project heuristic TOPIK 2: beginner expansion/category or uncategorized entry; not an official per-grade list
ko-nikl-51236,호랑이,,"A big, carnivorous animal that has yellowish brown coat and black stripes. / (figurative) A very ferocious and fearsome person.",noun,plants and animals > animals,nikl-2024-mirror,https://huggingface.co/datasets/binjang/NIKL-korean-english-dictionary/resolve/3b4cfd2126debfd5440cade3ef6c2a3c20cf7cf9/2024_01.csv#record=51236,NIKL source band: beginner; project heuristic TOPIK 2: beginner expansion/category or uncategorized entry; not an official per-grade list
ko-nikl-51289,호수,,A large pond surrounded by land.,noun,nature > landforms,nikl-2024-mirror,https://huggingface.co/datasets/binjang/NIKL-korean-english-dictionary/resolve/3b4cfd2126debfd5440cade3ef6c2a3c20cf7cf9/2024_01.csv#record=51289,NIKL source band: beginner; project heuristic TOPIK 2: beginner expansion/category or uncategorized entry; not an official per-grade list
ko-nikl-51352,호텔,,A decent accommodation which is usually large-sized and well-equipped with facilities.,noun,general / source uncategorized,nikl-2024-mirror,https://huggingface.co/datasets/binjang/NIKL-korean-english-dictionary/resolve/3b4cfd2126debfd5440cade3ef6c2a3c20cf7cf9/2024_01.csv#record=51352,NIKL source band: beginner; project heuristic TOPIK 2: beginner expansion/category or uncategorized entry; not an official per-grade list
ko-nikl-51408,혹시,,Not probably but possibly. / By chance. / Perhaps as one has guessed. / The word that is used when one is hesitant to say something he/she thinks is possible but he/she is uncertain about.,adverb,general / source uncategorized,nikl-2024-mirror,https://huggingface.co/datasets/binjang/NIKL-korean-english-dictionary/resolve/3b4cfd2126debfd5440cade3ef6c2a3c20cf7cf9/2024_01.csv#record=51408,NIKL source band: beginner; project heuristic TOPIK 2: beginner expansion/category or uncategorized entry; not an official per-grade list
ko-nikl-51473,혼자,,Without another person. / On one's own without help from another.,adverb,general / source uncategorized,nikl-2024-mirror,https://huggingface.co/datasets/binjang/NIKL-korean-english-dictionary/resolve/3b4cfd2126debfd5440cade3ef6c2a3c20cf7cf9/2024_01.csv#record=51473,NIKL source band: beginner; project heuristic TOPIK 2: beginner expansion/category or uncategorized entry; not an official per-grade list
ko-nikl-51472,혼자,,"A state of being the only person, with no one around.",noun,general / source uncategorized,nikl-2024-mirror,https://huggingface.co/datasets/binjang/NIKL-korean-english-dictionary/resolve/3b4cfd2126debfd5440cade3ef6c2a3c20cf7cf9/2024_01.csv#record=51472,NIKL source band: beginner; project heuristic TOPIK 2: beginner expansion/category or uncategorized entry; not an official per-grade list
ko-nikl-51577,화,,A feeling of strong frustration or anger.,noun,people > emotions,nikl-2024-mirror,https://huggingface.co/datasets/binjang/NIKL-korean-english-dictionary/resolve/3b4cfd2126debfd5440cade3ef6c2a3c20cf7cf9/2024_01.csv#record=51577,NIKL source band: beginner; project heuristic TOPIK 2: beginner expansion/category or uncategorized entry; not an official per-grade list
ko-nikl-51585,화가,,A person who paints or draws a picture professionally.,noun,culture > cultural participants,nikl-2024-mirror,https://huggingface.co/datasets/binjang/NIKL-korean-english-dictionary/resolve/3b4cfd2126debfd5440cade3ef6c2a3c20cf7cf9/2024_01.csv#record=51585,NIKL source band: beginner; project heuristic TOPIK 2: beginner expansion/category or uncategorized entry; not an official per-grade list
ko-nikl-51604,화나다,,"To feel bad, being extremely upset or unhappy.",verb,people > emotions,nikl-2024-mirror,https://huggingface.co/datasets/binjang/NIKL-korean-english-dictionary/resolve/3b4cfd2126debfd5440cade3ef6c2a3c20cf7cf9/2024_01.csv#record=51604,NIKL source band: beginner; project heuristic TOPIK 2: beginner expansion/category or uncategorized entry; not an official per-grade list
ko-nikl-51605,화내다,,"To show anger toward another, being upset with him/her.",verb,people > emotions,nikl-2024-mirror,https://huggingface.co/datasets/binjang/NIKL-korean-english-dictionary/resolve/3b4cfd2126debfd5440cade3ef6c2a3c20cf7cf9/2024_01.csv#record=51605,NIKL source band: beginner; project heuristic TOPIK 2: beginner expansion/category or uncategorized entry; not an official per-grade list
ko-nikl-51617,화려하다,,"Looking good, being beautiful, bright, and shiny. / One's job or life being too luxurious and fancy to be enjoyed by average people. / A sentence coming with many modifiers. / Having a lot of great experiences in one's career.",descriptive verb,concepts > shape,nikl-2024-mirror,https://huggingface.co/datasets/binjang/NIKL-korean-english-dictionary/resolve/3b4cfd2126debfd5440cade3ef6c2a3c20cf7cf9/2024_01.csv#record=51617,NIKL source band: beginner; project heuristic TOPIK 2: beginner expansion/category or uncategorized entry; not an official per-grade list
ko-nikl-51684,화장품,,A substance applied over the face to make oneself look more beautiful or to pamper the skin.,noun,clothing and appearance > grooming,nikl-2024-mirror,https://huggingface.co/datasets/binjang/NIKL-korean-english-dictionary/resolve/3b4cfd2126debfd5440cade3ef6c2a3c20cf7cf9/2024_01.csv#record=51684,NIKL source band: beginner; project heuristic TOPIK 2: beginner expansion/category or uncategorized entry; not an official per-grade list
ko-nikl-51857,환영,,The act of receiving someone gladly and cordially upon his/her arrival.,noun,social life > social activities,nikl-2024-mirror,https://huggingface.co/datasets/binjang/NIKL-korean-english-dictionary/resolve/3b4cfd2126debfd5440cade3ef6c2a3c20cf7cf9/2024_01.csv#record=51857,NIKL source band: beginner; project heuristic TOPIK 2: beginner expansion/category or uncategorized entry; not an official per-grade list
ko-nikl-51866,환자,,A person who is ill due to a disease or injury.,noun,daily life > medical treatment,nikl-2024-mirror,https://huggingface.co/datasets/binjang/NIKL-korean-english-dictionary/resolve/3b4cfd2126debfd5440cade3ef6c2a3c20cf7cf9/2024_01.csv#record=51866,NIKL source band: beginner; project heuristic TOPIK 2: beginner expansion/category or uncategorized entry; not an official per-grade list
ko-nikl-51872,환전,,The act of changing one country's currency into another's.,noun,economy > economic activities,nikl-2024-mirror,https://huggingface.co/datasets/binjang/NIKL-korean-english-dictionary/resolve/3b4cfd2126debfd5440cade3ef6c2a3c20cf7cf9/2024_01.csv#record=51872,NIKL source band: beginner; project heuristic TOPIK 2: beginner expansion/category or uncategorized entry; not an official per-grade list
ko-nikl-52070,회원,,A person who is part of a certain meeting.,noun,general / source uncategorized,nikl-2024-mirror,https://huggingface.co/datasets/binjang/NIKL-korean-english-dictionary/resolve/3b4cfd2126debfd5440cade3ef6c2a3c20cf7cf9/2024_01.csv#record=52070,NIKL source band: beginner; project heuristic TOPIK 2: beginner expansion/category or uncategorized entry; not an official per-grade list
ko-nikl-52077,회의,,"A state in which people gather and discuss a topic, issue, etc.; or such a meeting.",noun,social life > workplace life,nikl-2024-mirror,https://huggingface.co/datasets/binjang/NIKL-korean-english-dictionary/resolve/3b4cfd2126debfd5440cade3ef6c2a3c20cf7cf9/2024_01.csv#record=52077,NIKL source band: beginner; project heuristic TOPIK 2: beginner expansion/category or uncategorized entry; not an official per-grade list
ko-nikl-52196,후,,A point of time following a certain passage of time. / A point in time in the future.,noun,general / source uncategorized,nikl-2024-mirror,https://huggingface.co/datasets/binjang/NIKL-korean-english-dictionary/resolve/3b4cfd2126debfd5440cade3ef6c2a3c20cf7cf9/2024_01.csv#record=52196,NIKL source band: beginner; project heuristic TOPIK 2: beginner expansion/category or uncategorized entry; not an official per-grade list
ko-nikl-52258,후배,,A person who started a career in the same field later than oneself. / A person who entered the same school later than oneself.,noun,social life > interpersonal relationships,nikl-2024-mirror,https://huggingface.co/datasets/binjang/NIKL-korean-english-dictionary/resolve/3b4cfd2126debfd5440cade3ef6c2a3c20cf7cf9/2024_01.csv#record=52258,NIKL source band: beginner; project heuristic TOPIK 2: beginner expansion/category or uncategorized entry; not an official per-grade list
ko-nikl-52363,훌륭하다,,Extremely good and excellent enough to be praised.,descriptive verb,people > abilities,nikl-2024-mirror,https://huggingface.co/datasets/binjang/NIKL-korean-english-dictionary/resolve/3b4cfd2126debfd5440cade3ef6c2a3c20cf7cf9/2024_01.csv#record=52363,NIKL source band: beginner; project heuristic TOPIK 2: beginner expansion/category or uncategorized entry; not an official per-grade list
ko-nikl-52386,훨씬,,In the state of something being greatly different from something else it is being compared to.,adverb,concepts > degree,nikl-2024-mirror,https://huggingface.co/datasets/binjang/NIKL-korean-english-dictionary/resolve/3b4cfd2126debfd5440cade3ef6c2a3c20cf7cf9/2024_01.csv#record=52386,NIKL source band: beginner; project heuristic TOPIK 2: beginner expansion/category or uncategorized entry; not an official per-grade list
ko-nikl-52463,휴게실,,A room arranged for taking a brief rest.,noun,general / source uncategorized,nikl-2024-mirror,https://huggingface.co/datasets/binjang/NIKL-korean-english-dictionary/resolve/3b4cfd2126debfd5440cade3ef6c2a3c20cf7cf9/2024_01.csv#record=52463,NIKL source band: beginner; project heuristic TOPIK 2: beginner expansion/category or uncategorized entry; not an official per-grade list
ko-nikl-52486,휴일,,"A day of rest free from work such as Sunday or public holidays, etc.",noun,daily life > leisure activities,nikl-2024-mirror,https://huggingface.co/datasets/binjang/NIKL-korean-english-dictionary/resolve/3b4cfd2126debfd5440cade3ef6c2a3c20cf7cf9/2024_01.csv#record=52486,NIKL source band: beginner; project heuristic TOPIK 2: beginner expansion/category or uncategorized entry; not an official per-grade list
ko-nikl-52592,흔들다,,"To make something move from side to side and back and forth, repeatedly. / To make an extremely loud sound or shock echo through an object or across a space. / To shock the current order or authority, or something in a state of peace, or cause it to make a big move. / To move one's heart or weaken one's will. / To make something move as one pleases.",verb,people > physical actions,nikl-2024-mirror,https://huggingface.co/datasets/binjang/NIKL-korean-english-dictionary/resolve/3b4cfd2126debfd5440cade3ef6c2a3c20cf7cf9/2024_01.csv#record=52592,NIKL source band: beginner; project heuristic TOPIK 2: beginner expansion/category or uncategorized entry; not an official per-grade list
ko-nikl-52650,흘리다,,"To let water or tiny grains, etc., leak out or fall. / To drop something carelessly in the wrong place. / To make secret or information, etc., secretly known to another. / To exhibit a certain feeling or expression briefly. / To let sweat, tears, nasal discharge, blood, saliva, etc., out of the body. / To miss or forget what other say without listening carefully to it. / To write characters roughly, not neatly.",verb,general / source uncategorized,nikl-2024-mirror,https://huggingface.co/datasets/binjang/NIKL-korean-english-dictionary/resolve/3b4cfd2126debfd5440cade3ef6c2a3c20cf7cf9/2024_01.csv#record=52650,NIKL source band: beginner; project heuristic TOPIK 2: beginner expansion/category or uncategorized entry; not an official per-grade list
ko-nikl-52783,희망,,The act of having expectations for the future. / The potentional to be successful in the future.,noun,people > emotions,nikl-2024-mirror,https://huggingface.co/datasets/binjang/NIKL-korean-english-dictionary/resolve/3b4cfd2126debfd5440cade3ef6c2a3c20cf7cf9/2024_01.csv#record=52783,NIKL source band: beginner; project heuristic TOPIK 2: beginner expansion/category or uncategorized entry; not an official per-grade list
ko-nikl-52888,힘,,"The force of muscles with which a person or an animal moves or which makes something move. / A person or thing that is of help or that can be relied on. / An ability or energy to enable a person to act, operate, perform, etc. / The authority or physical power to control an individual or a group and force him/her or it to follow. / The effect or efficacy that medicine, etc., can have on a human body. / The ability to understand or realize the logic of something, etc. / The national power or influence held by a country. / The ability to control one's emotions or desire, etc. / The influence that intangible principles, values, ideas, etc., have on a certain object or task. / Devotion or effort / Courage or confidence. / The force with which a machine or device, etc., moves, or that makes something move. / The force with which a natural phenomenon occurs or acts on other things. / The degree of strength or firmness of an object, etc.",noun,people > physical condition,nikl-2024-mirror,https://huggingface.co/datasets/binjang/NIKL-korean-english-dictionary/resolve/3b4cfd2126debfd5440cade3ef6c2a3c20cf7cf9/2024_01.csv#record=52888,NIKL source band: beginner; project heuristic TOPIK 2: beginner expansion/category or uncategorized entry; not an official per-grade list
ko-nikl-52894,힘들다,,Requiring much power or effort. / Difficult or tough to do a certain act. / One's financial sitution or circumstance being in trouble or not being favorable. / Requiring much attention and effort.,descriptive verb,people > abilities,nikl-2024-mirror,https://huggingface.co/datasets/binjang/NIKL-korean-english-dictionary/resolve/3b4cfd2126debfd5440cade3ef6c2a3c20cf7cf9/2024_01.csv#record=52894,NIKL source band: beginner; project heuristic TOPIK 2: beginner expansion/category or uncategorized entry; not an official per-grade list
