id,target,reading,english,part_of_speech,topic,source_id,source_entry,level_basis
zh-hsk4-00001,阿姨,ā yí,[ā yí] maternal aunt; step-mother; childcare worker; nursemaid; woman of similar age to one's parents (term of address used by child),,people-and-relationships,zh-vocab-adapted,https://raw.githubusercontent.com/drkameleon/complete-hsk-vocabulary/7ac65bf1a6387d35f1ade478906172a19311c7f9/complete.json#/1,2021-standard-derived upstream new-4; not 2025 exam
zh-hsk4-00002,矮,ǎi,[ǎi] low; short (in length),,general-and-abstract,zh-vocab-adapted,https://raw.githubusercontent.com/drkameleon/complete-hsk-vocabulary/7ac65bf1a6387d35f1ade478906172a19311c7f9/complete.json#/16,2021-standard-derived upstream new-4; not 2025 exam
zh-hsk4-00003,矮小,ǎi xiǎo,[ǎi xiǎo] short and small; low and small; undersized,,general-and-abstract,zh-vocab-adapted,https://raw.githubusercontent.com/drkameleon/complete-hsk-vocabulary/7ac65bf1a6387d35f1ade478906172a19311c7f9/complete.json#/17,2021-standard-derived upstream new-4; not 2025 exam
zh-hsk4-00004,爱国,ài guó,[ài guó] to love one's country; patriotic,,travel-and-places,zh-vocab-adapted,https://raw.githubusercontent.com/drkameleon/complete-hsk-vocabulary/7ac65bf1a6387d35f1ade478906172a19311c7f9/complete.json#/22,2021-standard-derived upstream new-4; not 2025 exam
zh-hsk4-00005,爱护,ài hù,[ài hù] to cherish; to treasure; to take care of; to love and protect,,general-and-abstract,zh-vocab-adapted,https://raw.githubusercontent.com/drkameleon/complete-hsk-vocabulary/7ac65bf1a6387d35f1ade478906172a19311c7f9/complete.json#/24,2021-standard-derived upstream new-4; not 2025 exam
zh-hsk4-00006,安,Ān / ān,[Ān] surname An / [ān] (bound form) calm; peaceful; to calm; to set at ease; safe; secure; in good health; content; satisfied; to place (sb) in a suitable position (job); to install; to fix; to fit; to bring (a charge against sb); to harbor (certain intentions); ampere,,study-and-work;health-and-body,zh-vocab-adapted,https://raw.githubusercontent.com/drkameleon/complete-hsk-vocabulary/7ac65bf1a6387d35f1ade478906172a19311c7f9/complete.json#/33,2021-standard-derived upstream new-4; not 2025 exam
zh-hsk4-00007,安置,ān zhì,[ān zhì] to find a place for; to help settle down; to arrange for; to get into bed; placement,,general-and-abstract,zh-vocab-adapted,https://raw.githubusercontent.com/drkameleon/complete-hsk-vocabulary/7ac65bf1a6387d35f1ade478906172a19311c7f9/complete.json#/48,2021-standard-derived upstream new-4; not 2025 exam
zh-hsk4-00008,按时,àn shí,[àn shí] on time; before deadline; on schedule,,time-and-quantity,zh-vocab-adapted,https://raw.githubusercontent.com/drkameleon/complete-hsk-vocabulary/7ac65bf1a6387d35f1ade478906172a19311c7f9/complete.json#/56,2021-standard-derived upstream new-4; not 2025 exam
zh-hsk4-00009,暗,àn,[àn] dark; to turn dark; secret; hidden; (literary) confused; ignorant / [àn] (literary) to close (a door); to eclipse; confused; ignorant; dark,,general-and-abstract,zh-vocab-adapted,https://raw.githubusercontent.com/drkameleon/complete-hsk-vocabulary/7ac65bf1a6387d35f1ade478906172a19311c7f9/complete.json#/61,2021-standard-derived upstream new-4; not 2025 exam
zh-hsk4-00010,暗示,àn shì,[àn shì] to hint; to suggest; hint; suggestion,,general-and-abstract,zh-vocab-adapted,https://raw.githubusercontent.com/drkameleon/complete-hsk-vocabulary/7ac65bf1a6387d35f1ade478906172a19311c7f9/complete.json#/64,2021-standard-derived upstream new-4; not 2025 exam
zh-hsk4-00011,巴士,bā shì,[bā shì] bus (loanword); motor coach,,travel-and-places,zh-vocab-adapted,https://raw.githubusercontent.com/drkameleon/complete-hsk-vocabulary/7ac65bf1a6387d35f1ade478906172a19311c7f9/complete.json#/96,2021-standard-derived upstream new-4; not 2025 exam
zh-hsk4-00012,百货,bǎi huò,[bǎi huò] general merchandise,,general-and-abstract,zh-vocab-adapted,https://raw.githubusercontent.com/drkameleon/complete-hsk-vocabulary/7ac65bf1a6387d35f1ade478906172a19311c7f9/complete.json#/114,2021-standard-derived upstream new-4; not 2025 exam
zh-hsk4-00013,摆,bǎi,[bǎi] to arrange; to exhibit; to move to and fro; a pendulum,,general-and-abstract,zh-vocab-adapted,https://raw.githubusercontent.com/drkameleon/complete-hsk-vocabulary/7ac65bf1a6387d35f1ade478906172a19311c7f9/complete.json#/117,2021-standard-derived upstream new-4; not 2025 exam
zh-hsk4-00014,摆动,bǎi dòng,[bǎi dòng] to sway; to swing; to move back and forth; to oscillate,,general-and-abstract,zh-vocab-adapted,https://raw.githubusercontent.com/drkameleon/complete-hsk-vocabulary/7ac65bf1a6387d35f1ade478906172a19311c7f9/complete.json#/118,2021-standard-derived upstream new-4; not 2025 exam
zh-hsk4-00015,摆脱,bǎi tuō,[bǎi tuō] to break away from; to cast off (old ideas etc); to get rid of; to break away (from); to break out (of); to free oneself from; to extricate oneself,,general-and-abstract,zh-vocab-adapted,https://raw.githubusercontent.com/drkameleon/complete-hsk-vocabulary/7ac65bf1a6387d35f1ade478906172a19311c7f9/complete.json#/122,2021-standard-derived upstream new-4; not 2025 exam
zh-hsk4-00016,败,bài,[bài] to defeat; to damage; to lose (to an opponent); to fail; to wither,,general-and-abstract,zh-vocab-adapted,https://raw.githubusercontent.com/drkameleon/complete-hsk-vocabulary/7ac65bf1a6387d35f1ade478906172a19311c7f9/complete.json#/123,2021-standard-derived upstream new-4; not 2025 exam
zh-hsk4-00017,办事,bàn shì,[bàn shì] to handle (affairs); to work,,study-and-work,zh-vocab-adapted,https://raw.githubusercontent.com/drkameleon/complete-hsk-vocabulary/7ac65bf1a6387d35f1ade478906172a19311c7f9/complete.json#/153,2021-standard-derived upstream new-4; not 2025 exam
zh-hsk4-00018,包裹,bāo guǒ,[bāo guǒ] to wrap up; to bind up; bundle; parcel; package,,general-and-abstract,zh-vocab-adapted,https://raw.githubusercontent.com/drkameleon/complete-hsk-vocabulary/7ac65bf1a6387d35f1ade478906172a19311c7f9/complete.json#/190,2021-standard-derived upstream new-4; not 2025 exam
zh-hsk4-00019,包含,bāo hán,[bāo hán] to contain; to embody; to include,,general-and-abstract,zh-vocab-adapted,https://raw.githubusercontent.com/drkameleon/complete-hsk-vocabulary/7ac65bf1a6387d35f1ade478906172a19311c7f9/complete.json#/191,2021-standard-derived upstream new-4; not 2025 exam
zh-hsk4-00020,包括,bāo kuò,[bāo kuò] to comprise; to include; to involve; to incorporate; to consist of,,general-and-abstract,zh-vocab-adapted,https://raw.githubusercontent.com/drkameleon/complete-hsk-vocabulary/7ac65bf1a6387d35f1ade478906172a19311c7f9/complete.json#/192,2021-standard-derived upstream new-4; not 2025 exam
zh-hsk4-00021,薄,Bó / báo / bó,[Bó] surname Bo / [báo] thin; cold in manner; indifferent; weak; light; infertile / [bó] meager; slight; weak; ungenerous or unkind; frivolous; to despise; to belittle; to look down on; to approach or near,,general-and-abstract,zh-vocab-adapted,https://raw.githubusercontent.com/drkameleon/complete-hsk-vocabulary/7ac65bf1a6387d35f1ade478906172a19311c7f9/complete.json#/199,2021-standard-derived upstream new-4; not 2025 exam
zh-hsk4-00022,宝,bǎo,[bǎo] jewel; gem; treasure; precious,,general-and-abstract,zh-vocab-adapted,https://raw.githubusercontent.com/drkameleon/complete-hsk-vocabulary/7ac65bf1a6387d35f1ade478906172a19311c7f9/complete.json#/201,2021-standard-derived upstream new-4; not 2025 exam
zh-hsk4-00023,宝宝,bǎo bao,[bǎo bao] darling; baby,,general-and-abstract,zh-vocab-adapted,https://raw.githubusercontent.com/drkameleon/complete-hsk-vocabulary/7ac65bf1a6387d35f1ade478906172a19311c7f9/complete.json#/202,2021-standard-derived upstream new-4; not 2025 exam
zh-hsk4-00024,宝贝,bǎo bèi,[bǎo bèi] treasured object; treasure; darling; baby; cowry; good-for-nothing or queer character,,general-and-abstract,zh-vocab-adapted,https://raw.githubusercontent.com/drkameleon/complete-hsk-vocabulary/7ac65bf1a6387d35f1ade478906172a19311c7f9/complete.json#/203,2021-standard-derived upstream new-4; not 2025 exam
zh-hsk4-00025,宝贵,bǎo guì,[bǎo guì] valuable; precious; to value; to treasure; to set store by,,general-and-abstract,zh-vocab-adapted,https://raw.githubusercontent.com/drkameleon/complete-hsk-vocabulary/7ac65bf1a6387d35f1ade478906172a19311c7f9/complete.json#/205,2021-standard-derived upstream new-4; not 2025 exam
zh-hsk4-00026,宝石,bǎo shí,[bǎo shí] precious stone; gem,,general-and-abstract,zh-vocab-adapted,https://raw.githubusercontent.com/drkameleon/complete-hsk-vocabulary/7ac65bf1a6387d35f1ade478906172a19311c7f9/complete.json#/207,2021-standard-derived upstream new-4; not 2025 exam
zh-hsk4-00027,保密,bǎo mì,[bǎo mì] to keep sth confidential; to maintain secrecy,,general-and-abstract,zh-vocab-adapted,https://raw.githubusercontent.com/drkameleon/complete-hsk-vocabulary/7ac65bf1a6387d35f1ade478906172a19311c7f9/complete.json#/220,2021-standard-derived upstream new-4; not 2025 exam
zh-hsk4-00028,保守,bǎo shǒu,[bǎo shǒu] conservative; to guard; to keep,,general-and-abstract,zh-vocab-adapted,https://raw.githubusercontent.com/drkameleon/complete-hsk-vocabulary/7ac65bf1a6387d35f1ade478906172a19311c7f9/complete.json#/223,2021-standard-derived upstream new-4; not 2025 exam
zh-hsk4-00029,抱,bào,[bào] to hold; to carry (in one's arms); to hug; to embrace; to surround; to cherish; (coll.) (of clothes) to fit nicely,,general-and-abstract,zh-vocab-adapted,https://raw.githubusercontent.com/drkameleon/complete-hsk-vocabulary/7ac65bf1a6387d35f1ade478906172a19311c7f9/complete.json#/252,2021-standard-derived upstream new-4; not 2025 exam
zh-hsk4-00030,背景,bèi jǐng,[bèi jǐng] background; backdrop; context; (fig.) powerful backer,,general-and-abstract,zh-vocab-adapted,https://raw.githubusercontent.com/drkameleon/complete-hsk-vocabulary/7ac65bf1a6387d35f1ade478906172a19311c7f9/complete.json#/296,2021-standard-derived upstream new-4; not 2025 exam
zh-hsk4-00031,倍,bèi,"[bèi] (two, three etc) -fold; times (multiplier); double; to increase or multiply",,general-and-abstract,zh-vocab-adapted,https://raw.githubusercontent.com/drkameleon/complete-hsk-vocabulary/7ac65bf1a6387d35f1ade478906172a19311c7f9/complete.json#/302,2021-standard-derived upstream new-4; not 2025 exam
zh-hsk4-00032,被迫,bèi pò,[bèi pò] to be compelled; to be forced,,general-and-abstract,zh-vocab-adapted,https://raw.githubusercontent.com/drkameleon/complete-hsk-vocabulary/7ac65bf1a6387d35f1ade478906172a19311c7f9/complete.json#/307,2021-standard-derived upstream new-4; not 2025 exam
zh-hsk4-00033,本科,běn kē,[běn kē] undergraduate course; undergraduate (attributive),,general-and-abstract,zh-vocab-adapted,https://raw.githubusercontent.com/drkameleon/complete-hsk-vocabulary/7ac65bf1a6387d35f1ade478906172a19311c7f9/complete.json#/318,2021-standard-derived upstream new-4; not 2025 exam
zh-hsk4-00034,笨,bèn,[bèn] stupid; foolish; silly; slow-witted; clumsy,,general-and-abstract,zh-vocab-adapted,https://raw.githubusercontent.com/drkameleon/complete-hsk-vocabulary/7ac65bf1a6387d35f1ade478906172a19311c7f9/complete.json#/334,2021-standard-derived upstream new-4; not 2025 exam
zh-hsk4-00035,比分,bǐ fēn,[bǐ fēn] score,,general-and-abstract,zh-vocab-adapted,https://raw.githubusercontent.com/drkameleon/complete-hsk-vocabulary/7ac65bf1a6387d35f1ade478906172a19311c7f9/complete.json#/354,2021-standard-derived upstream new-4; not 2025 exam
zh-hsk4-00036,毕业,bì yè,[bì yè] graduation; to graduate; to finish school,,study-and-work,zh-vocab-adapted,https://raw.githubusercontent.com/drkameleon/complete-hsk-vocabulary/7ac65bf1a6387d35f1ade478906172a19311c7f9/complete.json#/380,2021-standard-derived upstream new-4; not 2025 exam
zh-hsk4-00037,毕业生,bì yè shēng,[bì yè shēng] graduate,,general-and-abstract,zh-vocab-adapted,https://raw.githubusercontent.com/drkameleon/complete-hsk-vocabulary/7ac65bf1a6387d35f1ade478906172a19311c7f9/complete.json#/381,2021-standard-derived upstream new-4; not 2025 exam
zh-hsk4-00038,避,bì,[bì] to avoid; to shun; to flee; to escape; to keep away from; to leave; to hide from,,general-and-abstract,zh-vocab-adapted,https://raw.githubusercontent.com/drkameleon/complete-hsk-vocabulary/7ac65bf1a6387d35f1ade478906172a19311c7f9/complete.json#/391,2021-standard-derived upstream new-4; not 2025 exam
zh-hsk4-00039,避免,bì miǎn,[bì miǎn] to avert; to prevent; to avoid; to refrain from,,general-and-abstract,zh-vocab-adapted,https://raw.githubusercontent.com/drkameleon/complete-hsk-vocabulary/7ac65bf1a6387d35f1ade478906172a19311c7f9/complete.json#/392,2021-standard-derived upstream new-4; not 2025 exam
zh-hsk4-00040,编,biān,[biān] to weave; to plait; to organize; to group; to arrange; to edit; to compile; to write; to compose; to fabricate; to make up,,general-and-abstract,zh-vocab-adapted,https://raw.githubusercontent.com/drkameleon/complete-hsk-vocabulary/7ac65bf1a6387d35f1ade478906172a19311c7f9/complete.json#/402,2021-standard-derived upstream new-4; not 2025 exam
zh-hsk4-00041,辩论,biàn lùn,[biàn lùn] debate; argument; to argue over,,general-and-abstract,zh-vocab-adapted,https://raw.githubusercontent.com/drkameleon/complete-hsk-vocabulary/7ac65bf1a6387d35f1ade478906172a19311c7f9/complete.json#/449,2021-standard-derived upstream new-4; not 2025 exam
zh-hsk4-00042,标志,biāo zhì,[biāo zhì] sign; mark; symbol; logo; to symbolize; to indicate; to mark,,general-and-abstract,zh-vocab-adapted,https://raw.githubusercontent.com/drkameleon/complete-hsk-vocabulary/7ac65bf1a6387d35f1ade478906172a19311c7f9/complete.json#/461,2021-standard-derived upstream new-4; not 2025 exam
zh-hsk4-00043,表情,biǎo qíng,[biǎo qíng] (facial) expression; to express one's feelings,,general-and-abstract,zh-vocab-adapted,https://raw.githubusercontent.com/drkameleon/complete-hsk-vocabulary/7ac65bf1a6387d35f1ade478906172a19311c7f9/complete.json#/474,2021-standard-derived upstream new-4; not 2025 exam
zh-hsk4-00044,表扬,biǎo yáng,[biǎo yáng] to praise; to commend,,general-and-abstract,zh-vocab-adapted,https://raw.githubusercontent.com/drkameleon/complete-hsk-vocabulary/7ac65bf1a6387d35f1ade478906172a19311c7f9/complete.json#/480,2021-standard-derived upstream new-4; not 2025 exam
zh-hsk4-00045,冰,bīng,[bīng] ice; to chill sth; (of an object or substance) to feel cold; (of a person) cold; unfriendly; (slang) methamphetamine,,thought-and-communication,zh-vocab-adapted,https://raw.githubusercontent.com/drkameleon/complete-hsk-vocabulary/7ac65bf1a6387d35f1ade478906172a19311c7f9/complete.json#/498,2021-standard-derived upstream new-4; not 2025 exam
zh-hsk4-00046,冰箱,bīng xiāng,[bīng xiāng] icebox; freezer cabinet; refrigerator,,general-and-abstract,zh-vocab-adapted,https://raw.githubusercontent.com/drkameleon/complete-hsk-vocabulary/7ac65bf1a6387d35f1ade478906172a19311c7f9/complete.json#/502,2021-standard-derived upstream new-4; not 2025 exam
zh-hsk4-00047,冰雪,bīng xuě,[bīng xuě] ice and snow,,general-and-abstract,zh-vocab-adapted,https://raw.githubusercontent.com/drkameleon/complete-hsk-vocabulary/7ac65bf1a6387d35f1ade478906172a19311c7f9/complete.json#/503,2021-standard-derived upstream new-4; not 2025 exam
zh-hsk4-00048,兵,bīng,[bīng] soldiers; a force; an army; weapons; arms; military; warlike,,general-and-abstract,zh-vocab-adapted,https://raw.githubusercontent.com/drkameleon/complete-hsk-vocabulary/7ac65bf1a6387d35f1ade478906172a19311c7f9/complete.json#/504,2021-standard-derived upstream new-4; not 2025 exam
zh-hsk4-00049,不管,bù guǎn,[bù guǎn] not to be concerned; regardless of; no matter,,general-and-abstract,zh-vocab-adapted,https://raw.githubusercontent.com/drkameleon/complete-hsk-vocabulary/7ac65bf1a6387d35f1ade478906172a19311c7f9/complete.json#/591,2021-standard-derived upstream new-4; not 2025 exam
zh-hsk4-00050,不然,bù rán,[bù rán] not so; no; or else; otherwise; if not; How about ...?,,general-and-abstract,zh-vocab-adapted,https://raw.githubusercontent.com/drkameleon/complete-hsk-vocabulary/7ac65bf1a6387d35f1ade478906172a19311c7f9/complete.json#/625,2021-standard-derived upstream new-4; not 2025 exam
zh-hsk4-00051,不要紧,bù yào jǐn,"[bù yào jǐn] unimportant; not serious; it doesn't matter; never mind; it looks all right, but",,general-and-abstract,zh-vocab-adapted,https://raw.githubusercontent.com/drkameleon/complete-hsk-vocabulary/7ac65bf1a6387d35f1ade478906172a19311c7f9/complete.json#/652,2021-standard-derived upstream new-4; not 2025 exam
zh-hsk4-00052,不在乎,bù zài hu,[bù zài hu] not to care,,general-and-abstract,zh-vocab-adapted,https://raw.githubusercontent.com/drkameleon/complete-hsk-vocabulary/7ac65bf1a6387d35f1ade478906172a19311c7f9/complete.json#/668,2021-standard-derived upstream new-4; not 2025 exam
zh-hsk4-00053,布置,bù zhì,[bù zhì] to put in order; to arrange; to decorate; to fix up; to deploy,,general-and-abstract,zh-vocab-adapted,https://raw.githubusercontent.com/drkameleon/complete-hsk-vocabulary/7ac65bf1a6387d35f1ade478906172a19311c7f9/complete.json#/684,2021-standard-derived upstream new-4; not 2025 exam
zh-hsk4-00054,步行,bù xíng,[bù xíng] to go on foot; to walk,,general-and-abstract,zh-vocab-adapted,https://raw.githubusercontent.com/drkameleon/complete-hsk-vocabulary/7ac65bf1a6387d35f1ade478906172a19311c7f9/complete.json#/688,2021-standard-derived upstream new-4; not 2025 exam
zh-hsk4-00055,擦,cā,"[cā] to rub; to scratch; to towel; to wipe with a towel; to apply (lipstick, lotion etc); to touch; to brush (past); to shred (vegetables etc)",,general-and-abstract,zh-vocab-adapted,https://raw.githubusercontent.com/drkameleon/complete-hsk-vocabulary/7ac65bf1a6387d35f1ade478906172a19311c7f9/complete.json#/698,2021-standard-derived upstream new-4; not 2025 exam
zh-hsk4-00056,材料,cái liào,[cái liào] (raw) material; data; (fig.) person who has the potential to do the job,,study-and-work,zh-vocab-adapted,https://raw.githubusercontent.com/drkameleon/complete-hsk-vocabulary/7ac65bf1a6387d35f1ade478906172a19311c7f9/complete.json#/707,2021-standard-derived upstream new-4; not 2025 exam
zh-hsk4-00057,财产,cái chǎn,[cái chǎn] property; assets; estate,,general-and-abstract,zh-vocab-adapted,https://raw.githubusercontent.com/drkameleon/complete-hsk-vocabulary/7ac65bf1a6387d35f1ade478906172a19311c7f9/complete.json#/708,2021-standard-derived upstream new-4; not 2025 exam
zh-hsk4-00058,财富,cái fù,[cái fù] wealth; riches,,general-and-abstract,zh-vocab-adapted,https://raw.githubusercontent.com/drkameleon/complete-hsk-vocabulary/7ac65bf1a6387d35f1ade478906172a19311c7f9/complete.json#/709,2021-standard-derived upstream new-4; not 2025 exam
zh-hsk4-00059,采访,cǎi fǎng,[cǎi fǎng] to interview; to gather news; to hunt for and collect; to cover,,general-and-abstract,zh-vocab-adapted,https://raw.githubusercontent.com/drkameleon/complete-hsk-vocabulary/7ac65bf1a6387d35f1ade478906172a19311c7f9/complete.json#/722,2021-standard-derived upstream new-4; not 2025 exam
zh-hsk4-00060,参考,cān kǎo,[cān kǎo] consultation; reference; to consult; to refer,,general-and-abstract,zh-vocab-adapted,https://raw.githubusercontent.com/drkameleon/complete-hsk-vocabulary/7ac65bf1a6387d35f1ade478906172a19311c7f9/complete.json#/742,2021-standard-derived upstream new-4; not 2025 exam
zh-hsk4-00061,参与,cān yù,[cān yù] to participate (in sth),,general-and-abstract,zh-vocab-adapted,https://raw.githubusercontent.com/drkameleon/complete-hsk-vocabulary/7ac65bf1a6387d35f1ade478906172a19311c7f9/complete.json#/745,2021-standard-derived upstream new-4; not 2025 exam
zh-hsk4-00062,操场,cāo chǎng,[cāo chǎng] playground; sports field; drill ground,,general-and-abstract,zh-vocab-adapted,https://raw.githubusercontent.com/drkameleon/complete-hsk-vocabulary/7ac65bf1a6387d35f1ade478906172a19311c7f9/complete.json#/777,2021-standard-derived upstream new-4; not 2025 exam
zh-hsk4-00063,操作,cāo zuò,[cāo zuò] to work; to operate; to manipulate,,study-and-work,zh-vocab-adapted,https://raw.githubusercontent.com/drkameleon/complete-hsk-vocabulary/7ac65bf1a6387d35f1ade478906172a19311c7f9/complete.json#/783,2021-standard-derived upstream new-4; not 2025 exam
zh-hsk4-00064,测,cè,[cè] to survey; to measure; to conjecture,,general-and-abstract,zh-vocab-adapted,https://raw.githubusercontent.com/drkameleon/complete-hsk-vocabulary/7ac65bf1a6387d35f1ade478906172a19311c7f9/complete.json#/797,2021-standard-derived upstream new-4; not 2025 exam
zh-hsk4-00065,测量,cè liáng,[cè liáng] survey; to measure; to gauge; to determine,,general-and-abstract,zh-vocab-adapted,https://raw.githubusercontent.com/drkameleon/complete-hsk-vocabulary/7ac65bf1a6387d35f1ade478906172a19311c7f9/complete.json#/799,2021-standard-derived upstream new-4; not 2025 exam
zh-hsk4-00066,测试,cè shì,[cè shì] to test (machinery etc); to test (a person's skill in a particular area); a test; (computing) beta (version of software),,general-and-abstract,zh-vocab-adapted,https://raw.githubusercontent.com/drkameleon/complete-hsk-vocabulary/7ac65bf1a6387d35f1ade478906172a19311c7f9/complete.json#/800,2021-standard-derived upstream new-4; not 2025 exam
zh-hsk4-00067,曾,Zēng / céng / zēng,"[Zēng] surname Zeng / [céng] once; already; ever (in the past); former; previously; (past tense marker used before verb or clause) / [zēng] great- (grandfather, grandchild etc)",,general-and-abstract,zh-vocab-adapted,https://raw.githubusercontent.com/drkameleon/complete-hsk-vocabulary/7ac65bf1a6387d35f1ade478906172a19311c7f9/complete.json#/809,2021-standard-derived upstream new-4; not 2025 exam
zh-hsk4-00068,茶叶,chá yè,[chá yè] tea; tea leaves,,food-and-shopping,zh-vocab-adapted,https://raw.githubusercontent.com/drkameleon/complete-hsk-vocabulary/7ac65bf1a6387d35f1ade478906172a19311c7f9/complete.json#/829,2021-standard-derived upstream new-4; not 2025 exam
zh-hsk4-00069,产品,chǎn pǐn,[chǎn pǐn] goods; merchandise; product,,general-and-abstract,zh-vocab-adapted,https://raw.githubusercontent.com/drkameleon/complete-hsk-vocabulary/7ac65bf1a6387d35f1ade478906172a19311c7f9/complete.json#/855,2021-standard-derived upstream new-4; not 2025 exam
zh-hsk4-00070,常识,cháng shí,[cháng shí] common sense; general knowledge,,general-and-abstract,zh-vocab-adapted,https://raw.githubusercontent.com/drkameleon/complete-hsk-vocabulary/7ac65bf1a6387d35f1ade478906172a19311c7f9/complete.json#/877,2021-standard-derived upstream new-4; not 2025 exam
zh-hsk4-00071,唱片,chàng piàn,[chàng piàn] gramophone record; LP; music CD; musical album,,general-and-abstract,zh-vocab-adapted,https://raw.githubusercontent.com/drkameleon/complete-hsk-vocabulary/7ac65bf1a6387d35f1ade478906172a19311c7f9/complete.json#/901,2021-standard-derived upstream new-4; not 2025 exam
zh-hsk4-00072,抄,chāo,[chāo] to make a copy; to plagiarize; to search and seize; to raid; to grab; to go off with; to take a shortcut; to make a turning move; to fold one's arms,,general-and-abstract,zh-vocab-adapted,https://raw.githubusercontent.com/drkameleon/complete-hsk-vocabulary/7ac65bf1a6387d35f1ade478906172a19311c7f9/complete.json#/903,2021-standard-derived upstream new-4; not 2025 exam
zh-hsk4-00073,抄写,chāo xiě,[chāo xiě] to copy; to transcribe,,general-and-abstract,zh-vocab-adapted,https://raw.githubusercontent.com/drkameleon/complete-hsk-vocabulary/7ac65bf1a6387d35f1ade478906172a19311c7f9/complete.json#/905,2021-standard-derived upstream new-4; not 2025 exam
zh-hsk4-00074,潮,cháo,[cháo] tide; damp; moist; humid; fashionable; trendy; (coll.) inferior; substandard,,general-and-abstract,zh-vocab-adapted,https://raw.githubusercontent.com/drkameleon/complete-hsk-vocabulary/7ac65bf1a6387d35f1ade478906172a19311c7f9/complete.json#/925,2021-standard-derived upstream new-4; not 2025 exam
zh-hsk4-00075,潮流,cháo liú,[cháo liú] tide; current; trend,,general-and-abstract,zh-vocab-adapted,https://raw.githubusercontent.com/drkameleon/complete-hsk-vocabulary/7ac65bf1a6387d35f1ade478906172a19311c7f9/complete.json#/926,2021-standard-derived upstream new-4; not 2025 exam
zh-hsk4-00076,潮湿,cháo shī,[cháo shī] damp; moist,,general-and-abstract,zh-vocab-adapted,https://raw.githubusercontent.com/drkameleon/complete-hsk-vocabulary/7ac65bf1a6387d35f1ade478906172a19311c7f9/complete.json#/927,2021-standard-derived upstream new-4; not 2025 exam
zh-hsk4-00077,彻底,chè dǐ,[chè dǐ] thorough; thoroughly; complete,,general-and-abstract,zh-vocab-adapted,https://raw.githubusercontent.com/drkameleon/complete-hsk-vocabulary/7ac65bf1a6387d35f1ade478906172a19311c7f9/complete.json#/954,2021-standard-derived upstream new-4; not 2025 exam
zh-hsk4-00078,沉,chén,[chén] to submerge; to immerse; to sink; to keep down; to lower; to drop; deep; profound; heavy,,general-and-abstract,zh-vocab-adapted,https://raw.githubusercontent.com/drkameleon/complete-hsk-vocabulary/7ac65bf1a6387d35f1ade478906172a19311c7f9/complete.json#/961,2021-standard-derived upstream new-4; not 2025 exam
zh-hsk4-00079,沉默,chén mò,[chén mò] taciturn; uncommunicative; silent,,general-and-abstract,zh-vocab-adapted,https://raw.githubusercontent.com/drkameleon/complete-hsk-vocabulary/7ac65bf1a6387d35f1ade478906172a19311c7f9/complete.json#/967,2021-standard-derived upstream new-4; not 2025 exam
zh-hsk4-00080,沉重,chén zhòng,[chén zhòng] heavy; hard; serious; critical,,general-and-abstract,zh-vocab-adapted,https://raw.githubusercontent.com/drkameleon/complete-hsk-vocabulary/7ac65bf1a6387d35f1ade478906172a19311c7f9/complete.json#/971,2021-standard-derived upstream new-4; not 2025 exam
zh-hsk4-00081,称赞,chēng zàn,[chēng zàn] to praise; to acclaim; to commend; to compliment,,general-and-abstract,zh-vocab-adapted,https://raw.githubusercontent.com/drkameleon/complete-hsk-vocabulary/7ac65bf1a6387d35f1ade478906172a19311c7f9/complete.json#/987,2021-standard-derived upstream new-4; not 2025 exam
zh-hsk4-00082,成人,chéng rén,[chéng rén] adult,,general-and-abstract,zh-vocab-adapted,https://raw.githubusercontent.com/drkameleon/complete-hsk-vocabulary/7ac65bf1a6387d35f1ade478906172a19311c7f9/complete.json#/1005,2021-standard-derived upstream new-4; not 2025 exam
zh-hsk4-00083,承担,chéng dān,[chéng dān] to undertake; to assume (responsibility etc),,general-and-abstract,zh-vocab-adapted,https://raw.githubusercontent.com/drkameleon/complete-hsk-vocabulary/7ac65bf1a6387d35f1ade478906172a19311c7f9/complete.json#/1019,2021-standard-derived upstream new-4; not 2025 exam
zh-hsk4-00084,承认,chéng rèn,"[chéng rèn] to admit; to concede; to recognize; recognition (diplomatic, artistic etc); to acknowledge",,general-and-abstract,zh-vocab-adapted,https://raw.githubusercontent.com/drkameleon/complete-hsk-vocabulary/7ac65bf1a6387d35f1ade478906172a19311c7f9/complete.json#/1021,2021-standard-derived upstream new-4; not 2025 exam
zh-hsk4-00085,承受,chéng shòu,[chéng shòu] to bear; to support; to inherit,,general-and-abstract,zh-vocab-adapted,https://raw.githubusercontent.com/drkameleon/complete-hsk-vocabulary/7ac65bf1a6387d35f1ade478906172a19311c7f9/complete.json#/1022,2021-standard-derived upstream new-4; not 2025 exam
zh-hsk4-00086,诚实,chéng shí,[chéng shí] honest,,general-and-abstract,zh-vocab-adapted,https://raw.githubusercontent.com/drkameleon/complete-hsk-vocabulary/7ac65bf1a6387d35f1ade478906172a19311c7f9/complete.json#/1025,2021-standard-derived upstream new-4; not 2025 exam
zh-hsk4-00087,诚信,chéng xìn,[chéng xìn] genuine; honest; in good faith; honesty; integrity,,general-and-abstract,zh-vocab-adapted,https://raw.githubusercontent.com/drkameleon/complete-hsk-vocabulary/7ac65bf1a6387d35f1ade478906172a19311c7f9/complete.json#/1027,2021-standard-derived upstream new-4; not 2025 exam
zh-hsk4-00088,程序,chéng xù,[chéng xù] procedures; sequence; order; computer program,,nature-and-technology,zh-vocab-adapted,https://raw.githubusercontent.com/drkameleon/complete-hsk-vocabulary/7ac65bf1a6387d35f1ade478906172a19311c7f9/complete.json#/1047,2021-standard-derived upstream new-4; not 2025 exam
zh-hsk4-00089,吃惊,chī jīng,[chī jīng] to be startled; to be shocked; to be amazed,,general-and-abstract,zh-vocab-adapted,https://raw.githubusercontent.com/drkameleon/complete-hsk-vocabulary/7ac65bf1a6387d35f1ade478906172a19311c7f9/complete.json#/1058,2021-standard-derived upstream new-4; not 2025 exam
zh-hsk4-00090,迟到,chí dào,[chí dào] to arrive late,,general-and-abstract,zh-vocab-adapted,https://raw.githubusercontent.com/drkameleon/complete-hsk-vocabulary/7ac65bf1a6387d35f1ade478906172a19311c7f9/complete.json#/1070,2021-standard-derived upstream new-4; not 2025 exam
zh-hsk4-00091,尺,chě / chǐ,[chě] one of the characters used to represent a musical note in gongche notation / [chǐ] a Chinese foot; one-third of a meter; a ruler; a tape-measure; one of the three acupoints for measuring pulse in Chinese medicine,,health-and-body,zh-vocab-adapted,https://raw.githubusercontent.com/drkameleon/complete-hsk-vocabulary/7ac65bf1a6387d35f1ade478906172a19311c7f9/complete.json#/1079,2021-standard-derived upstream new-4; not 2025 exam
zh-hsk4-00092,尺寸,chǐ cun,[chǐ cun] size; dimensions; measurements (esp. of clothes); (coll.) propriety,,general-and-abstract,zh-vocab-adapted,https://raw.githubusercontent.com/drkameleon/complete-hsk-vocabulary/7ac65bf1a6387d35f1ade478906172a19311c7f9/complete.json#/1080,2021-standard-derived upstream new-4; not 2025 exam
zh-hsk4-00093,尺子,chǐ zi,[chǐ zi] ruler (measuring instrument),,general-and-abstract,zh-vocab-adapted,https://raw.githubusercontent.com/drkameleon/complete-hsk-vocabulary/7ac65bf1a6387d35f1ade478906172a19311c7f9/complete.json#/1082,2021-standard-derived upstream new-4; not 2025 exam
zh-hsk4-00094,充电,chōng diàn,[chōng diàn] to recharge (a battery); (fig.) to recharge one's batteries (through leisure); to update one's skills and knowledge,,general-and-abstract,zh-vocab-adapted,https://raw.githubusercontent.com/drkameleon/complete-hsk-vocabulary/7ac65bf1a6387d35f1ade478906172a19311c7f9/complete.json#/1090,2021-standard-derived upstream new-4; not 2025 exam
zh-hsk4-00095,充电器,chōng diàn qì,[chōng diàn qì] battery charger,,general-and-abstract,zh-vocab-adapted,https://raw.githubusercontent.com/drkameleon/complete-hsk-vocabulary/7ac65bf1a6387d35f1ade478906172a19311c7f9/complete.json#/1091,2021-standard-derived upstream new-4; not 2025 exam
zh-hsk4-00096,充分,chōng fèn,[chōng fèn] ample; sufficient; adequate; full; fully; to the full,,general-and-abstract,zh-vocab-adapted,https://raw.githubusercontent.com/drkameleon/complete-hsk-vocabulary/7ac65bf1a6387d35f1ade478906172a19311c7f9/complete.json#/1092,2021-standard-derived upstream new-4; not 2025 exam
zh-hsk4-00097,冲,chōng / chòng,[chōng] (of water) to dash against; to mix with water; to infuse; to rinse; to flush; to develop (a film); to rise in the air; to clash; to collide with / [chōng] thoroughfare; to go straight ahead; to rush; to clash / [chòng] powerful; vigorous; pungent; towards; in view of,,general-and-abstract,zh-vocab-adapted,https://raw.githubusercontent.com/drkameleon/complete-hsk-vocabulary/7ac65bf1a6387d35f1ade478906172a19311c7f9/complete.json#/1097,2021-standard-derived upstream new-4; not 2025 exam
zh-hsk4-00098,虫子,chóng zi,[chóng zi] insect; bug; worm,,general-and-abstract,zh-vocab-adapted,https://raw.githubusercontent.com/drkameleon/complete-hsk-vocabulary/7ac65bf1a6387d35f1ade478906172a19311c7f9/complete.json#/1105,2021-standard-derived upstream new-4; not 2025 exam
zh-hsk4-00099,抽,chōu,[chōu] to draw out; to pull out from in between; to remove part of the whole; (of certain plants) to sprout or bud; to whip or thrash,,general-and-abstract,zh-vocab-adapted,https://raw.githubusercontent.com/drkameleon/complete-hsk-vocabulary/7ac65bf1a6387d35f1ade478906172a19311c7f9/complete.json#/1113,2021-standard-derived upstream new-4; not 2025 exam
zh-hsk4-00100,抽奖,chōu jiǎng,[chōu jiǎng] to draw a prize; a lottery; a raffle,,general-and-abstract,zh-vocab-adapted,https://raw.githubusercontent.com/drkameleon/complete-hsk-vocabulary/7ac65bf1a6387d35f1ade478906172a19311c7f9/complete.json#/1114,2021-standard-derived upstream new-4; not 2025 exam
zh-hsk4-00101,抽烟,chōu yān,"[chōu yān] to smoke (a cigarette, tobacco)",,general-and-abstract,zh-vocab-adapted,https://raw.githubusercontent.com/drkameleon/complete-hsk-vocabulary/7ac65bf1a6387d35f1ade478906172a19311c7f9/complete.json#/1119,2021-standard-derived upstream new-4; not 2025 exam
zh-hsk4-00102,出色,chū sè,[chū sè] remarkable; outstanding,,general-and-abstract,zh-vocab-adapted,https://raw.githubusercontent.com/drkameleon/complete-hsk-vocabulary/7ac65bf1a6387d35f1ade478906172a19311c7f9/complete.json#/1173,2021-standard-derived upstream new-4; not 2025 exam
zh-hsk4-00103,出售,chū shòu,[chū shòu] to sell; to offer for sale; to put on the market,,food-and-shopping,zh-vocab-adapted,https://raw.githubusercontent.com/drkameleon/complete-hsk-vocabulary/7ac65bf1a6387d35f1ade478906172a19311c7f9/complete.json#/1181,2021-standard-derived upstream new-4; not 2025 exam
zh-hsk4-00104,出席,chū xí,[chū xí] to attend; to participate; present,,general-and-abstract,zh-vocab-adapted,https://raw.githubusercontent.com/drkameleon/complete-hsk-vocabulary/7ac65bf1a6387d35f1ade478906172a19311c7f9/complete.json#/1185,2021-standard-derived upstream new-4; not 2025 exam
zh-hsk4-00105,处,chǔ / chù,"[chǔ] to reside; to live; to dwell; to be in; to be situated at; to stay; to get along with; to be in a position of; to deal with; to discipline; to punish / [chù] place; location; spot; point; office; department; bureau; respect; classifier for locations or items of damage: spot, point",,study-and-work,zh-vocab-adapted,https://raw.githubusercontent.com/drkameleon/complete-hsk-vocabulary/7ac65bf1a6387d35f1ade478906172a19311c7f9/complete.json#/1223,2021-standard-derived upstream new-4; not 2025 exam
zh-hsk4-00106,处于,chǔ yú,"[chǔ yú] to be in (some state, position, or condition)",,general-and-abstract,zh-vocab-adapted,https://raw.githubusercontent.com/drkameleon/complete-hsk-vocabulary/7ac65bf1a6387d35f1ade478906172a19311c7f9/complete.json#/1230,2021-standard-derived upstream new-4; not 2025 exam
zh-hsk4-00107,穿上,chuān shang,[chuān shang] to put on (clothes etc),,general-and-abstract,zh-vocab-adapted,https://raw.githubusercontent.com/drkameleon/complete-hsk-vocabulary/7ac65bf1a6387d35f1ade478906172a19311c7f9/complete.json#/1247,2021-standard-derived upstream new-4; not 2025 exam
zh-hsk4-00108,传统,chuán tǒng,[chuán tǒng] tradition; traditional; convention; conventional,,general-and-abstract,zh-vocab-adapted,https://raw.githubusercontent.com/drkameleon/complete-hsk-vocabulary/7ac65bf1a6387d35f1ade478906172a19311c7f9/complete.json#/1268,2021-standard-derived upstream new-4; not 2025 exam
zh-hsk4-00109,窗户,chuāng hu,[chuāng hu] window,,general-and-abstract,zh-vocab-adapted,https://raw.githubusercontent.com/drkameleon/complete-hsk-vocabulary/7ac65bf1a6387d35f1ade478906172a19311c7f9/complete.json#/1283,2021-standard-derived upstream new-4; not 2025 exam
zh-hsk4-00110,窗台,chuāng tái,[chuāng tái] window sill; window ledge,,general-and-abstract,zh-vocab-adapted,https://raw.githubusercontent.com/drkameleon/complete-hsk-vocabulary/7ac65bf1a6387d35f1ade478906172a19311c7f9/complete.json#/1286,2021-standard-derived upstream new-4; not 2025 exam
zh-hsk4-00111,窗子,chuāng zi,[chuāng zi] window,,general-and-abstract,zh-vocab-adapted,https://raw.githubusercontent.com/drkameleon/complete-hsk-vocabulary/7ac65bf1a6387d35f1ade478906172a19311c7f9/complete.json#/1287,2021-standard-derived upstream new-4; not 2025 exam
zh-hsk4-00112,春季,chūn jì,[chūn jì] springtime,,general-and-abstract,zh-vocab-adapted,https://raw.githubusercontent.com/drkameleon/complete-hsk-vocabulary/7ac65bf1a6387d35f1ade478906172a19311c7f9/complete.json#/1315,2021-standard-derived upstream new-4; not 2025 exam
zh-hsk4-00113,纯,chún,[chún] pure; simple; unmixed; genuine,,general-and-abstract,zh-vocab-adapted,https://raw.githubusercontent.com/drkameleon/complete-hsk-vocabulary/7ac65bf1a6387d35f1ade478906172a19311c7f9/complete.json#/1318,2021-standard-derived upstream new-4; not 2025 exam
zh-hsk4-00114,纯净水,chún jìng shuǐ,[chún jìng shuǐ] purified water,,general-and-abstract,zh-vocab-adapted,https://raw.githubusercontent.com/drkameleon/complete-hsk-vocabulary/7ac65bf1a6387d35f1ade478906172a19311c7f9/complete.json#/1321,2021-standard-derived upstream new-4; not 2025 exam
zh-hsk4-00115,词汇,cí huì,[cí huì] vocabulary; list of words (e.g. for language teaching purposes); word,,thought-and-communication,zh-vocab-adapted,https://raw.githubusercontent.com/drkameleon/complete-hsk-vocabulary/7ac65bf1a6387d35f1ade478906172a19311c7f9/complete.json#/1329,2021-standard-derived upstream new-4; not 2025 exam
zh-hsk4-00116,此,cǐ,[cǐ] this; these,,general-and-abstract,zh-vocab-adapted,https://raw.githubusercontent.com/drkameleon/complete-hsk-vocabulary/7ac65bf1a6387d35f1ade478906172a19311c7f9/complete.json#/1345,2021-standard-derived upstream new-4; not 2025 exam
zh-hsk4-00117,此外,cǐ wài,[cǐ wài] besides; in addition; moreover; furthermore,,general-and-abstract,zh-vocab-adapted,https://raw.githubusercontent.com/drkameleon/complete-hsk-vocabulary/7ac65bf1a6387d35f1ade478906172a19311c7f9/complete.json#/1354,2021-standard-derived upstream new-4; not 2025 exam
zh-hsk4-00118,刺,cī / cì,[cī] (onom.) whoosh / [cì] thorn; sting; thrust; to prick; to pierce; to stab; to assassinate; to murder,,general-and-abstract,zh-vocab-adapted,https://raw.githubusercontent.com/drkameleon/complete-hsk-vocabulary/7ac65bf1a6387d35f1ade478906172a19311c7f9/complete.json#/1364,2021-standard-derived upstream new-4; not 2025 exam
zh-hsk4-00119,刺激,cì jī,[cì jī] to provoke; to irritate; to upset; to stimulate; to excite; irritant,,general-and-abstract,zh-vocab-adapted,https://raw.githubusercontent.com/drkameleon/complete-hsk-vocabulary/7ac65bf1a6387d35f1ade478906172a19311c7f9/complete.json#/1367,2021-standard-derived upstream new-4; not 2025 exam
zh-hsk4-00120,从此,cóng cǐ,[cóng cǐ] from now on; since then; henceforth,,general-and-abstract,zh-vocab-adapted,https://raw.githubusercontent.com/drkameleon/complete-hsk-vocabulary/7ac65bf1a6387d35f1ade478906172a19311c7f9/complete.json#/1377,2021-standard-derived upstream new-4; not 2025 exam
zh-hsk4-00121,粗,cū,[cū] coarse; rough; thick (for cylindrical objects); unfinished; vulgar; rude; crude / [cū] remote; distant,,general-and-abstract,zh-vocab-adapted,https://raw.githubusercontent.com/drkameleon/complete-hsk-vocabulary/7ac65bf1a6387d35f1ade478906172a19311c7f9/complete.json#/1398,2021-standard-derived upstream new-4; not 2025 exam
zh-hsk4-00122,粗心,cū xīn,[cū xīn] careless; thoughtless,,general-and-abstract,zh-vocab-adapted,https://raw.githubusercontent.com/drkameleon/complete-hsk-vocabulary/7ac65bf1a6387d35f1ade478906172a19311c7f9/complete.json#/1403,2021-standard-derived upstream new-4; not 2025 exam
zh-hsk4-00123,促进,cù jìn,[cù jìn] to promote (an idea or cause); to advance; boost,,thought-and-communication,zh-vocab-adapted,https://raw.githubusercontent.com/drkameleon/complete-hsk-vocabulary/7ac65bf1a6387d35f1ade478906172a19311c7f9/complete.json#/1406,2021-standard-derived upstream new-4; not 2025 exam
zh-hsk4-00124,促使,cù shǐ,[cù shǐ] to induce; to promote; to urge; to impel; to bring about; to provoke; to drive (sb to do sth); to catalyze; to actuate; to contribute to (some development),,general-and-abstract,zh-vocab-adapted,https://raw.githubusercontent.com/drkameleon/complete-hsk-vocabulary/7ac65bf1a6387d35f1ade478906172a19311c7f9/complete.json#/1407,2021-standard-derived upstream new-4; not 2025 exam
zh-hsk4-00125,促销,cù xiāo,[cù xiāo] to promote sales,,general-and-abstract,zh-vocab-adapted,https://raw.githubusercontent.com/drkameleon/complete-hsk-vocabulary/7ac65bf1a6387d35f1ade478906172a19311c7f9/complete.json#/1408,2021-standard-derived upstream new-4; not 2025 exam
zh-hsk4-00126,措施,cuò shī,[cuò shī] measure; step,,general-and-abstract,zh-vocab-adapted,https://raw.githubusercontent.com/drkameleon/complete-hsk-vocabulary/7ac65bf1a6387d35f1ade478906172a19311c7f9/complete.json#/1432,2021-standard-derived upstream new-4; not 2025 exam
zh-hsk4-00127,答案,dá àn,[dá àn] answer; solution,,general-and-abstract,zh-vocab-adapted,https://raw.githubusercontent.com/drkameleon/complete-hsk-vocabulary/7ac65bf1a6387d35f1ade478906172a19311c7f9/complete.json#/1450,2021-standard-derived upstream new-4; not 2025 exam
zh-hsk4-00128,打败,dǎ bài,[dǎ bài] to defeat; to overpower; to beat; to be defeated,,general-and-abstract,zh-vocab-adapted,https://raw.githubusercontent.com/drkameleon/complete-hsk-vocabulary/7ac65bf1a6387d35f1ade478906172a19311c7f9/complete.json#/1455,2021-standard-derived upstream new-4; not 2025 exam
zh-hsk4-00129,打雷,dǎ léi,[dǎ léi] to rumble with thunder; clap of thunder,,general-and-abstract,zh-vocab-adapted,https://raw.githubusercontent.com/drkameleon/complete-hsk-vocabulary/7ac65bf1a6387d35f1ade478906172a19311c7f9/complete.json#/1475,2021-standard-derived upstream new-4; not 2025 exam
zh-hsk4-00130,打扫,dǎ sǎo,[dǎ sǎo] to clean; to sweep,,general-and-abstract,zh-vocab-adapted,https://raw.githubusercontent.com/drkameleon/complete-hsk-vocabulary/7ac65bf1a6387d35f1ade478906172a19311c7f9/complete.json#/1484,2021-standard-derived upstream new-4; not 2025 exam
zh-hsk4-00131,打折,dǎ zhé,[dǎ zhé] to give a discount,,general-and-abstract,zh-vocab-adapted,https://raw.githubusercontent.com/drkameleon/complete-hsk-vocabulary/7ac65bf1a6387d35f1ade478906172a19311c7f9/complete.json#/1493,2021-standard-derived upstream new-4; not 2025 exam
zh-hsk4-00132,打针,dǎ zhēn,[dǎ zhēn] to give or have an injection,,general-and-abstract,zh-vocab-adapted,https://raw.githubusercontent.com/drkameleon/complete-hsk-vocabulary/7ac65bf1a6387d35f1ade478906172a19311c7f9/complete.json#/1494,2021-standard-derived upstream new-4; not 2025 exam
zh-hsk4-00133,大巴,dà bā,[dà bā] (coll.) large bus; coach,,travel-and-places,zh-vocab-adapted,https://raw.githubusercontent.com/drkameleon/complete-hsk-vocabulary/7ac65bf1a6387d35f1ade478906172a19311c7f9/complete.json#/1496,2021-standard-derived upstream new-4; not 2025 exam
zh-hsk4-00134,大多,dà duō,[dà duō] for the most part; many; most; the greater part; mostly,,general-and-abstract,zh-vocab-adapted,https://raw.githubusercontent.com/drkameleon/complete-hsk-vocabulary/7ac65bf1a6387d35f1ade478906172a19311c7f9/complete.json#/1510,2021-standard-derived upstream new-4; not 2025 exam
zh-hsk4-00135,大方,dà fāng / dà fang,[dà fāng] expert; scholar; mother earth; a type of green tea / [dà fang] generous; magnanimous; stylish; in good taste; easy-mannered; natural and relaxed,,people-and-relationships;food-and-shopping,zh-vocab-adapted,https://raw.githubusercontent.com/drkameleon/complete-hsk-vocabulary/7ac65bf1a6387d35f1ade478906172a19311c7f9/complete.json#/1512,2021-standard-derived upstream new-4; not 2025 exam
zh-hsk4-00136,大哥,dà gē,[dà gē] eldest brother; big brother (polite address for a man of about the same age as oneself); gang leader; boss,,people-and-relationships,zh-vocab-adapted,https://raw.githubusercontent.com/drkameleon/complete-hsk-vocabulary/7ac65bf1a6387d35f1ade478906172a19311c7f9/complete.json#/1517,2021-standard-derived upstream new-4; not 2025 exam
zh-hsk4-00137,大规模,dà guī mó,[dà guī mó] large scale; extensive; wide scale; broad scale,,general-and-abstract,zh-vocab-adapted,https://raw.githubusercontent.com/drkameleon/complete-hsk-vocabulary/7ac65bf1a6387d35f1ade478906172a19311c7f9/complete.json#/1519,2021-standard-derived upstream new-4; not 2025 exam
zh-hsk4-00138,大会,dà huì,[dà huì] general assembly; general meeting; convention,,general-and-abstract,zh-vocab-adapted,https://raw.githubusercontent.com/drkameleon/complete-hsk-vocabulary/7ac65bf1a6387d35f1ade478906172a19311c7f9/complete.json#/1521,2021-standard-derived upstream new-4; not 2025 exam
zh-hsk4-00139,大姐,dà jiě,[dà jiě] big sister; elder sister; older sister (also polite term of address for a girl or woman slightly older than the speaker),,people-and-relationships,zh-vocab-adapted,https://raw.githubusercontent.com/drkameleon/complete-hsk-vocabulary/7ac65bf1a6387d35f1ade478906172a19311c7f9/complete.json#/1528,2021-standard-derived upstream new-4; not 2025 exam
zh-hsk4-00140,大楼,dà lóu,"[dà lóu] building (a relatively large, multistory one)",,general-and-abstract,zh-vocab-adapted,https://raw.githubusercontent.com/drkameleon/complete-hsk-vocabulary/7ac65bf1a6387d35f1ade478906172a19311c7f9/complete.json#/1534,2021-standard-derived upstream new-4; not 2025 exam
zh-hsk4-00141,大陆,Dà lù / dà lù,[Dà lù] mainland China (reference to the PRC) / [dà lù] continent; mainland,,general-and-abstract,zh-vocab-adapted,https://raw.githubusercontent.com/drkameleon/complete-hsk-vocabulary/7ac65bf1a6387d35f1ade478906172a19311c7f9/complete.json#/1535,2021-standard-derived upstream new-4; not 2025 exam
zh-hsk4-00142,大妈,dà mā,[dà mā] father's elder brother's wife; aunt (affectionate term for an elderly woman),,people-and-relationships,zh-vocab-adapted,https://raw.githubusercontent.com/drkameleon/complete-hsk-vocabulary/7ac65bf1a6387d35f1ade478906172a19311c7f9/complete.json#/1536,2021-standard-derived upstream new-4; not 2025 exam
zh-hsk4-00143,大型,dà xíng,[dà xíng] large; large-scale,,general-and-abstract,zh-vocab-adapted,https://raw.githubusercontent.com/drkameleon/complete-hsk-vocabulary/7ac65bf1a6387d35f1ade478906172a19311c7f9/complete.json#/1564,2021-standard-derived upstream new-4; not 2025 exam
zh-hsk4-00144,大爷,dà yé / dà ye,[dà yé] arrogant idler; self-centered show-off / [dà ye] (coll.) father's older brother; uncle; term of respect for older man,,people-and-relationships,zh-vocab-adapted,https://raw.githubusercontent.com/drkameleon/complete-hsk-vocabulary/7ac65bf1a6387d35f1ade478906172a19311c7f9/complete.json#/1570,2021-standard-derived upstream new-4; not 2025 exam
zh-hsk4-00145,大众,Dà zhòng / dà zhòng,"[Dà zhòng] Volkswagen (automobile manufacturer) / [dà zhòng] the masses; the great bulk of the population; popular (of music, science etc)",,nature-and-technology,zh-vocab-adapted,https://raw.githubusercontent.com/drkameleon/complete-hsk-vocabulary/7ac65bf1a6387d35f1ade478906172a19311c7f9/complete.json#/1577,2021-standard-derived upstream new-4; not 2025 exam
zh-hsk4-00146,代替,dài tì,[dài tì] to replace; to take the place of,,general-and-abstract,zh-vocab-adapted,https://raw.githubusercontent.com/drkameleon/complete-hsk-vocabulary/7ac65bf1a6387d35f1ade478906172a19311c7f9/complete.json#/1591,2021-standard-derived upstream new-4; not 2025 exam
zh-hsk4-00147,待遇,dài yù,[dài yù] treatment; pay; salary; status; rank,,general-and-abstract,zh-vocab-adapted,https://raw.githubusercontent.com/drkameleon/complete-hsk-vocabulary/7ac65bf1a6387d35f1ade478906172a19311c7f9/complete.json#/1604,2021-standard-derived upstream new-4; not 2025 exam
zh-hsk4-00148,袋,dài,[dài] pouch; bag; sack; pocket,,general-and-abstract,zh-vocab-adapted,https://raw.githubusercontent.com/drkameleon/complete-hsk-vocabulary/7ac65bf1a6387d35f1ade478906172a19311c7f9/complete.json#/1608,2021-standard-derived upstream new-4; not 2025 exam
zh-hsk4-00149,戴,Dài / dài,"[Dài] surname Dai / [dài] to put on or wear (glasses, hat, gloves etc); to respect; to bear; to support",,general-and-abstract,zh-vocab-adapted,https://raw.githubusercontent.com/drkameleon/complete-hsk-vocabulary/7ac65bf1a6387d35f1ade478906172a19311c7f9/complete.json#/1609,2021-standard-derived upstream new-4; not 2025 exam
zh-hsk4-00150,单,Shàn / dān,[Shàn] surname Shan / [dān] bill; list; form; single; only; sole; odd number,,time-and-quantity,zh-vocab-adapted,https://raw.githubusercontent.com/drkameleon/complete-hsk-vocabulary/7ac65bf1a6387d35f1ade478906172a19311c7f9/complete.json#/1610,2021-standard-derived upstream new-4; not 2025 exam
zh-hsk4-00151,单纯,dān chún,[dān chún] simple; pure; unsophisticated; merely; purely,,general-and-abstract,zh-vocab-adapted,https://raw.githubusercontent.com/drkameleon/complete-hsk-vocabulary/7ac65bf1a6387d35f1ade478906172a19311c7f9/complete.json#/1613,2021-standard-derived upstream new-4; not 2025 exam
zh-hsk4-00152,单调,dān diào,[dān diào] monotonous,,general-and-abstract,zh-vocab-adapted,https://raw.githubusercontent.com/drkameleon/complete-hsk-vocabulary/7ac65bf1a6387d35f1ade478906172a19311c7f9/complete.json#/1615,2021-standard-derived upstream new-4; not 2025 exam
zh-hsk4-00153,单独,dān dú,[dān dú] alone; by oneself; on one's own,,general-and-abstract,zh-vocab-adapted,https://raw.githubusercontent.com/drkameleon/complete-hsk-vocabulary/7ac65bf1a6387d35f1ade478906172a19311c7f9/complete.json#/1616,2021-standard-derived upstream new-4; not 2025 exam
zh-hsk4-00154,担保,dān bǎo,[dān bǎo] to guarantee; to vouch for,,general-and-abstract,zh-vocab-adapted,https://raw.githubusercontent.com/drkameleon/complete-hsk-vocabulary/7ac65bf1a6387d35f1ade478906172a19311c7f9/complete.json#/1623,2021-standard-derived upstream new-4; not 2025 exam
zh-hsk4-00155,担任,dān rèn,[dān rèn] to hold a governmental office or post; to assume office of; to take charge of; to serve as,,study-and-work,zh-vocab-adapted,https://raw.githubusercontent.com/drkameleon/complete-hsk-vocabulary/7ac65bf1a6387d35f1ade478906172a19311c7f9/complete.json#/1626,2021-standard-derived upstream new-4; not 2025 exam
zh-hsk4-00156,担心,dān xīn,[dān xīn] anxious; worried; uneasy; to worry; to be anxious,,general-and-abstract,zh-vocab-adapted,https://raw.githubusercontent.com/drkameleon/complete-hsk-vocabulary/7ac65bf1a6387d35f1ade478906172a19311c7f9/complete.json#/1627,2021-standard-derived upstream new-4; not 2025 exam
zh-hsk4-00157,淡,dàn,[dàn] insipid; diluted; weak; mild; light in color; tasteless; indifferent; nitrogen,,general-and-abstract,zh-vocab-adapted,https://raw.githubusercontent.com/drkameleon/complete-hsk-vocabulary/7ac65bf1a6387d35f1ade478906172a19311c7f9/complete.json#/1644,2021-standard-derived upstream new-4; not 2025 exam
zh-hsk4-00158,导游,dǎo yóu,[dǎo yóu] tour guide; guidebook; to conduct a tour,,general-and-abstract,zh-vocab-adapted,https://raw.githubusercontent.com/drkameleon/complete-hsk-vocabulary/7ac65bf1a6387d35f1ade478906172a19311c7f9/complete.json#/1691,2021-standard-derived upstream new-4; not 2025 exam
zh-hsk4-00159,导致,dǎo zhì,[dǎo zhì] to lead to; to create; to cause; to bring about,,general-and-abstract,zh-vocab-adapted,https://raw.githubusercontent.com/drkameleon/complete-hsk-vocabulary/7ac65bf1a6387d35f1ade478906172a19311c7f9/complete.json#/1692,2021-standard-derived upstream new-4; not 2025 exam
zh-hsk4-00160,倒闭,dǎo bì,[dǎo bì] to go bankrupt; to close down,,general-and-abstract,zh-vocab-adapted,https://raw.githubusercontent.com/drkameleon/complete-hsk-vocabulary/7ac65bf1a6387d35f1ade478906172a19311c7f9/complete.json#/1705,2021-standard-derived upstream new-4; not 2025 exam
zh-hsk4-00161,倒车,dǎo chē / dào chē,"[dǎo chē] to change buses, trains etc / [dào chē] to reverse (a vehicle); to drive backwards",,general-and-abstract,zh-vocab-adapted,https://raw.githubusercontent.com/drkameleon/complete-hsk-vocabulary/7ac65bf1a6387d35f1ade478906172a19311c7f9/complete.json#/1706,2021-standard-derived upstream new-4; not 2025 exam
zh-hsk4-00162,地面,dì miàn,[dì miàn] floor; ground; surface,,general-and-abstract,zh-vocab-adapted,https://raw.githubusercontent.com/drkameleon/complete-hsk-vocabulary/7ac65bf1a6387d35f1ade478906172a19311c7f9/complete.json#/1737,2021-standard-derived upstream new-4; not 2025 exam
zh-hsk4-00163,地位,dì wèi,[dì wèi] position; status; place,,general-and-abstract,zh-vocab-adapted,https://raw.githubusercontent.com/drkameleon/complete-hsk-vocabulary/7ac65bf1a6387d35f1ade478906172a19311c7f9/complete.json#/1747,2021-standard-derived upstream new-4; not 2025 exam
zh-hsk4-00164,地下,dì xià,[dì xià] underground; subterranean; covert,,general-and-abstract,zh-vocab-adapted,https://raw.githubusercontent.com/drkameleon/complete-hsk-vocabulary/7ac65bf1a6387d35f1ade478906172a19311c7f9/complete.json#/1748,2021-standard-derived upstream new-4; not 2025 exam
zh-hsk4-00165,地址,dì zhǐ,[dì zhǐ] address,,general-and-abstract,zh-vocab-adapted,https://raw.githubusercontent.com/drkameleon/complete-hsk-vocabulary/7ac65bf1a6387d35f1ade478906172a19311c7f9/complete.json#/1755,2021-standard-derived upstream new-4; not 2025 exam
zh-hsk4-00166,的确,dí què,[dí què] really; indeed,,general-and-abstract,zh-vocab-adapted,https://raw.githubusercontent.com/drkameleon/complete-hsk-vocabulary/7ac65bf1a6387d35f1ade478906172a19311c7f9/complete.json#/1759,2021-standard-derived upstream new-4; not 2025 exam
zh-hsk4-00167,得意,dé yì,[dé yì] proud of oneself; pleased with oneself; complacent,,general-and-abstract,zh-vocab-adapted,https://raw.githubusercontent.com/drkameleon/complete-hsk-vocabulary/7ac65bf1a6387d35f1ade478906172a19311c7f9/complete.json#/1774,2021-standard-derived upstream new-4; not 2025 exam
zh-hsk4-00168,灯光,dēng guāng,[dēng guāng] (stage) lighting; light,,general-and-abstract,zh-vocab-adapted,https://raw.githubusercontent.com/drkameleon/complete-hsk-vocabulary/7ac65bf1a6387d35f1ade478906172a19311c7f9/complete.json#/1779,2021-standard-derived upstream new-4; not 2025 exam
zh-hsk4-00169,登,dēng,[dēng] to scale (a height); to ascend; to mount; to publish or record; to enter (e.g. in a register); to press down with the foot; to step or tread on; to put on (shoes or trousers) (dialect); to be gathered and taken to the threshing ground (old),,general-and-abstract,zh-vocab-adapted,https://raw.githubusercontent.com/drkameleon/complete-hsk-vocabulary/7ac65bf1a6387d35f1ade478906172a19311c7f9/complete.json#/1782,2021-standard-derived upstream new-4; not 2025 exam
zh-hsk4-00170,登记,dēng jì,[dēng jì] to register (one's name),,general-and-abstract,zh-vocab-adapted,https://raw.githubusercontent.com/drkameleon/complete-hsk-vocabulary/7ac65bf1a6387d35f1ade478906172a19311c7f9/complete.json#/1785,2021-standard-derived upstream new-4; not 2025 exam
zh-hsk4-00171,登录,dēng lù,[dēng lù] to register; to log in,,general-and-abstract,zh-vocab-adapted,https://raw.githubusercontent.com/drkameleon/complete-hsk-vocabulary/7ac65bf1a6387d35f1ade478906172a19311c7f9/complete.json#/1787,2021-standard-derived upstream new-4; not 2025 exam
zh-hsk4-00172,登山,dēng shān,[dēng shān] to climb a mountain; climbing; mountaineering,,travel-and-places,zh-vocab-adapted,https://raw.githubusercontent.com/drkameleon/complete-hsk-vocabulary/7ac65bf1a6387d35f1ade478906172a19311c7f9/complete.json#/1788,2021-standard-derived upstream new-4; not 2025 exam
zh-hsk4-00173,敌人,dí rén,[dí rén] enemy,,general-and-abstract,zh-vocab-adapted,https://raw.githubusercontent.com/drkameleon/complete-hsk-vocabulary/7ac65bf1a6387d35f1ade478906172a19311c7f9/complete.json#/1812,2021-standard-derived upstream new-4; not 2025 exam
zh-hsk4-00174,底,dǐ,"[dǐ] background; bottom; base; end (of the month, year etc); remnants; (math.) radix",,time-and-quantity,zh-vocab-adapted,https://raw.githubusercontent.com/drkameleon/complete-hsk-vocabulary/7ac65bf1a6387d35f1ade478906172a19311c7f9/complete.json#/1815,2021-standard-derived upstream new-4; not 2025 exam
zh-hsk4-00175,典型,diǎn xíng,[diǎn xíng] model; typical case; archetype; typical; representative,,general-and-abstract,zh-vocab-adapted,https://raw.githubusercontent.com/drkameleon/complete-hsk-vocabulary/7ac65bf1a6387d35f1ade478906172a19311c7f9/complete.json#/1849,2021-standard-derived upstream new-4; not 2025 exam
zh-hsk4-00176,点名,diǎn míng,[diǎn míng] roll call; to mention sb by name; (to call or praise or criticize sb) by name,,general-and-abstract,zh-vocab-adapted,https://raw.githubusercontent.com/drkameleon/complete-hsk-vocabulary/7ac65bf1a6387d35f1ade478906172a19311c7f9/complete.json#/1853,2021-standard-derived upstream new-4; not 2025 exam
zh-hsk4-00177,电灯,diàn dēng,[diàn dēng] electric light,,nature-and-technology,zh-vocab-adapted,https://raw.githubusercontent.com/drkameleon/complete-hsk-vocabulary/7ac65bf1a6387d35f1ade478906172a19311c7f9/complete.json#/1864,2021-standard-derived upstream new-4; not 2025 exam
zh-hsk4-00178,电动车,diàndòngchē,[diàndòngchē] Electric vehicle,,nature-and-technology,zh-vocab-adapted,https://raw.githubusercontent.com/drkameleon/complete-hsk-vocabulary/7ac65bf1a6387d35f1ade478906172a19311c7f9/complete.json#/1866,2021-standard-derived upstream new-4; not 2025 exam
zh-hsk4-00179,电梯,diàn tī,[diàn tī] elevator; escalator,,general-and-abstract,zh-vocab-adapted,https://raw.githubusercontent.com/drkameleon/complete-hsk-vocabulary/7ac65bf1a6387d35f1ade478906172a19311c7f9/complete.json#/1878,2021-standard-derived upstream new-4; not 2025 exam
zh-hsk4-00180,电源,diàn yuán,[diàn yuán] electric power source,,nature-and-technology,zh-vocab-adapted,https://raw.githubusercontent.com/drkameleon/complete-hsk-vocabulary/7ac65bf1a6387d35f1ade478906172a19311c7f9/complete.json#/1885,2021-standard-derived upstream new-4; not 2025 exam
zh-hsk4-00181,调皮,tiáo pí,[tiáo pí] naughty; mischievous; unruly,,general-and-abstract,zh-vocab-adapted,https://raw.githubusercontent.com/drkameleon/complete-hsk-vocabulary/7ac65bf1a6387d35f1ade478906172a19311c7f9/complete.json#/1917,2021-standard-derived upstream new-4; not 2025 exam
zh-hsk4-00182,顶,dǐng,"[dǐng] apex; crown of the head; top; roof; most; to carry on the head; to push to the top; to go against; to replace; to substitute; to be subjected to (an aerial bombing, hailstorm etc); (slang) to ""bump"" a forum thread to raise its profile; classifier for headwear, hats, veils etc",,health-and-body,zh-vocab-adapted,https://raw.githubusercontent.com/drkameleon/complete-hsk-vocabulary/7ac65bf1a6387d35f1ade478906172a19311c7f9/complete.json#/1933,2021-standard-derived upstream new-4; not 2025 exam
zh-hsk4-00183,定,dìng,[dìng] to set; to fix; to determine; to decide; to order,,general-and-abstract,zh-vocab-adapted,https://raw.githubusercontent.com/drkameleon/complete-hsk-vocabulary/7ac65bf1a6387d35f1ade478906172a19311c7f9/complete.json#/1942,2021-standard-derived upstream new-4; not 2025 exam
zh-hsk4-00184,冬季,dōng jì,[dōng jì] winter,,general-and-abstract,zh-vocab-adapted,https://raw.githubusercontent.com/drkameleon/complete-hsk-vocabulary/7ac65bf1a6387d35f1ade478906172a19311c7f9/complete.json#/1973,2021-standard-derived upstream new-4; not 2025 exam
zh-hsk4-00185,动画片,dòng huà piàn,[dòng huà piàn] animated film,,general-and-abstract,zh-vocab-adapted,https://raw.githubusercontent.com/drkameleon/complete-hsk-vocabulary/7ac65bf1a6387d35f1ade478906172a19311c7f9/complete.json#/1988,2021-standard-derived upstream new-4; not 2025 exam
zh-hsk4-00186,动摇,dòng yáo,[dòng yáo] to sway; to waver; to rock; to rattle; to destabilize; to pose a challenge to,,general-and-abstract,zh-vocab-adapted,https://raw.githubusercontent.com/drkameleon/complete-hsk-vocabulary/7ac65bf1a6387d35f1ade478906172a19311c7f9/complete.json#/2001,2021-standard-derived upstream new-4; not 2025 exam
zh-hsk4-00187,豆腐,dòu fu,[dòu fu] tofu; bean curd,,general-and-abstract,zh-vocab-adapted,https://raw.githubusercontent.com/drkameleon/complete-hsk-vocabulary/7ac65bf1a6387d35f1ade478906172a19311c7f9/complete.json#/2023,2021-standard-derived upstream new-4; not 2025 exam
zh-hsk4-00188,独立,dú lì,[dú lì] independent; independence; to stand alone,,general-and-abstract,zh-vocab-adapted,https://raw.githubusercontent.com/drkameleon/complete-hsk-vocabulary/7ac65bf1a6387d35f1ade478906172a19311c7f9/complete.json#/2035,2021-standard-derived upstream new-4; not 2025 exam
zh-hsk4-00189,独特,dú tè,[dú tè] unique; distinctive,,general-and-abstract,zh-vocab-adapted,https://raw.githubusercontent.com/drkameleon/complete-hsk-vocabulary/7ac65bf1a6387d35f1ade478906172a19311c7f9/complete.json#/2038,2021-standard-derived upstream new-4; not 2025 exam
zh-hsk4-00190,独自,dú zì,[dú zì] alone,,general-and-abstract,zh-vocab-adapted,https://raw.githubusercontent.com/drkameleon/complete-hsk-vocabulary/7ac65bf1a6387d35f1ade478906172a19311c7f9/complete.json#/2040,2021-standard-derived upstream new-4; not 2025 exam
zh-hsk4-00191,堵,dǔ,"[dǔ] to block up (a road, pipe etc); to stop up (a hole); (fig.) (of a person) choked up with anxiety or stress; wall (literary); (classifier for walls)",,travel-and-places,zh-vocab-adapted,https://raw.githubusercontent.com/drkameleon/complete-hsk-vocabulary/7ac65bf1a6387d35f1ade478906172a19311c7f9/complete.json#/2045,2021-standard-derived upstream new-4; not 2025 exam
zh-hsk4-00192,堵车,dǔ chē,[dǔ chē] traffic jam; (of traffic) to get congested,,general-and-abstract,zh-vocab-adapted,https://raw.githubusercontent.com/drkameleon/complete-hsk-vocabulary/7ac65bf1a6387d35f1ade478906172a19311c7f9/complete.json#/2046,2021-standard-derived upstream new-4; not 2025 exam
zh-hsk4-00193,肚子,dù zi,[dù zi] belly; abdomen; stomach,,general-and-abstract,zh-vocab-adapted,https://raw.githubusercontent.com/drkameleon/complete-hsk-vocabulary/7ac65bf1a6387d35f1ade478906172a19311c7f9/complete.json#/2052,2021-standard-derived upstream new-4; not 2025 exam
zh-hsk4-00194,度过,dù guò,[dù guò] to pass; to spend (time); to survive; to get through,,time-and-quantity,zh-vocab-adapted,https://raw.githubusercontent.com/drkameleon/complete-hsk-vocabulary/7ac65bf1a6387d35f1ade478906172a19311c7f9/complete.json#/2054,2021-standard-derived upstream new-4; not 2025 exam
zh-hsk4-00195,锻炼,duàn liàn,[duàn liàn] to toughen; to temper; to engage in physical exercise; to work out; (fig.) to develop one's skills; to train oneself,,travel-and-places;study-and-work,zh-vocab-adapted,https://raw.githubusercontent.com/drkameleon/complete-hsk-vocabulary/7ac65bf1a6387d35f1ade478906172a19311c7f9/complete.json#/2077,2021-standard-derived upstream new-4; not 2025 exam
zh-hsk4-00196,对比,duì bǐ,[duì bǐ] to contrast; contrast; ratio,,general-and-abstract,zh-vocab-adapted,https://raw.githubusercontent.com/drkameleon/complete-hsk-vocabulary/7ac65bf1a6387d35f1ade478906172a19311c7f9/complete.json#/2088,2021-standard-derived upstream new-4; not 2025 exam
zh-hsk4-00197,对付,duì fu,[duì fu] to handle; to deal with; to tackle; to get by with; to make do; (dialect) (usu. used in the negative) to get along with (sb),,general-and-abstract,zh-vocab-adapted,https://raw.githubusercontent.com/drkameleon/complete-hsk-vocabulary/7ac65bf1a6387d35f1ade478906172a19311c7f9/complete.json#/2095,2021-standard-derived upstream new-4; not 2025 exam
zh-hsk4-00198,对于,duì yú,[duì yú] regarding; as far as (sth) is concerned; with regard to,,general-and-abstract,zh-vocab-adapted,https://raw.githubusercontent.com/drkameleon/complete-hsk-vocabulary/7ac65bf1a6387d35f1ade478906172a19311c7f9/complete.json#/2106,2021-standard-derived upstream new-4; not 2025 exam
zh-hsk4-00199,多次,duō cì,[duō cì] many times; repeatedly,,general-and-abstract,zh-vocab-adapted,https://raw.githubusercontent.com/drkameleon/complete-hsk-vocabulary/7ac65bf1a6387d35f1ade478906172a19311c7f9/complete.json#/2122,2021-standard-derived upstream new-4; not 2025 exam
zh-hsk4-00200,多年,duō nián,[duō nián] many years; for many years; longstanding,,general-and-abstract,zh-vocab-adapted,https://raw.githubusercontent.com/drkameleon/complete-hsk-vocabulary/7ac65bf1a6387d35f1ade478906172a19311c7f9/complete.json#/2130,2021-standard-derived upstream new-4; not 2025 exam
zh-hsk4-00201,多样,duō yàng,[duō yàng] diverse; diversity; manifold,,general-and-abstract,zh-vocab-adapted,https://raw.githubusercontent.com/drkameleon/complete-hsk-vocabulary/7ac65bf1a6387d35f1ade478906172a19311c7f9/complete.json#/2135,2021-standard-derived upstream new-4; not 2025 exam
zh-hsk4-00202,多种,duō zhǒng,[duō zhǒng] many kinds of; multiple; diverse; multi-,,general-and-abstract,zh-vocab-adapted,https://raw.githubusercontent.com/drkameleon/complete-hsk-vocabulary/7ac65bf1a6387d35f1ade478906172a19311c7f9/complete.json#/2140,2021-standard-derived upstream new-4; not 2025 exam
zh-hsk4-00203,恶心,ě xīn / è xīn,[ě xīn] nausea; to feel sick; disgust; nauseating; to embarrass (deliberately) / [è xīn] bad habit; vicious habit; vice,,thought-and-communication,zh-vocab-adapted,https://raw.githubusercontent.com/drkameleon/complete-hsk-vocabulary/7ac65bf1a6387d35f1ade478906172a19311c7f9/complete.json#/2160,2021-standard-derived upstream new-4; not 2025 exam
zh-hsk4-00204,儿童,ér tóng,[ér tóng] child,,people-and-relationships,zh-vocab-adapted,https://raw.githubusercontent.com/drkameleon/complete-hsk-vocabulary/7ac65bf1a6387d35f1ade478906172a19311c7f9/complete.json#/2176,2021-standard-derived upstream new-4; not 2025 exam
zh-hsk4-00205,而,ér,[ér] and; as well as; and so; but (not); yet (not); (indicates causal relation); (indicates change of state); (indicates contrast),,general-and-abstract,zh-vocab-adapted,https://raw.githubusercontent.com/drkameleon/complete-hsk-vocabulary/7ac65bf1a6387d35f1ade478906172a19311c7f9/complete.json#/2178,2021-standard-derived upstream new-4; not 2025 exam
zh-hsk4-00206,而是,ér shì,[ér shì] rather,,general-and-abstract,zh-vocab-adapted,https://raw.githubusercontent.com/drkameleon/complete-hsk-vocabulary/7ac65bf1a6387d35f1ade478906172a19311c7f9/complete.json#/2180,2021-standard-derived upstream new-4; not 2025 exam
zh-hsk4-00207,耳机,ěr jī,[ěr jī] headphones; earphones; telephone receiver,,general-and-abstract,zh-vocab-adapted,https://raw.githubusercontent.com/drkameleon/complete-hsk-vocabulary/7ac65bf1a6387d35f1ade478906172a19311c7f9/complete.json#/2185,2021-standard-derived upstream new-4; not 2025 exam
zh-hsk4-00208,二手,èr shǒu,"[èr shǒu] indirectly acquired; second-hand (information, equipment etc); assistant",,health-and-body,zh-vocab-adapted,https://raw.githubusercontent.com/drkameleon/complete-hsk-vocabulary/7ac65bf1a6387d35f1ade478906172a19311c7f9/complete.json#/2190,2021-standard-derived upstream new-4; not 2025 exam
zh-hsk4-00209,发挥,fā huī,[fā huī] to display; to exhibit; to bring out implicit or innate qualities; to express (a thought or moral); to develop (an idea); to elaborate (on a theme),,thought-and-communication,zh-vocab-adapted,https://raw.githubusercontent.com/drkameleon/complete-hsk-vocabulary/7ac65bf1a6387d35f1ade478906172a19311c7f9/complete.json#/2211,2021-standard-derived upstream new-4; not 2025 exam
zh-hsk4-00210,发票,fā piào,[fā piào] invoice; receipt or bill for purchase,,general-and-abstract,zh-vocab-adapted,https://raw.githubusercontent.com/drkameleon/complete-hsk-vocabulary/7ac65bf1a6387d35f1ade478906172a19311c7f9/complete.json#/2220,2021-standard-derived upstream new-4; not 2025 exam
zh-hsk4-00211,发烧,fā shāo,[fā shāo] to have a high temperature (from illness); to have a fever,,health-and-body,zh-vocab-adapted,https://raw.githubusercontent.com/drkameleon/complete-hsk-vocabulary/7ac65bf1a6387d35f1ade478906172a19311c7f9/complete.json#/2224,2021-standard-derived upstream new-4; not 2025 exam
zh-hsk4-00212,法,Fǎ / fǎ,[Fǎ] France; French; Taiwan pr. / [fǎ] law; method; way; to emulate; (Buddhism) dharma; the Legalists; (physics) farad / [fǎ] law,,society-and-public-life,zh-vocab-adapted,https://raw.githubusercontent.com/drkameleon/complete-hsk-vocabulary/7ac65bf1a6387d35f1ade478906172a19311c7f9/complete.json#/2245,2021-standard-derived upstream new-4; not 2025 exam
zh-hsk4-00213,法官,fǎ guān,[fǎ guān] judge (in court),,general-and-abstract,zh-vocab-adapted,https://raw.githubusercontent.com/drkameleon/complete-hsk-vocabulary/7ac65bf1a6387d35f1ade478906172a19311c7f9/complete.json#/2246,2021-standard-derived upstream new-4; not 2025 exam
zh-hsk4-00214,法律,fǎ lǜ,[fǎ lǜ] law,,society-and-public-life,zh-vocab-adapted,https://raw.githubusercontent.com/drkameleon/complete-hsk-vocabulary/7ac65bf1a6387d35f1ade478906172a19311c7f9/complete.json#/2248,2021-standard-derived upstream new-4; not 2025 exam
zh-hsk4-00215,法院,fǎ yuàn,[fǎ yuàn] court of law; court,,society-and-public-life,zh-vocab-adapted,https://raw.githubusercontent.com/drkameleon/complete-hsk-vocabulary/7ac65bf1a6387d35f1ade478906172a19311c7f9/complete.json#/2252,2021-standard-derived upstream new-4; not 2025 exam
zh-hsk4-00216,翻,fān,[fān] to turn over; to flip over; to overturn; to rummage through; to translate; to decode; to double; to climb over or into; to cross,,general-and-abstract,zh-vocab-adapted,https://raw.githubusercontent.com/drkameleon/complete-hsk-vocabulary/7ac65bf1a6387d35f1ade478906172a19311c7f9/complete.json#/2258,2021-standard-derived upstream new-4; not 2025 exam
zh-hsk4-00217,翻译,fān yì,[fān yì] to translate; to interpret; translator; interpreter; translation; interpretation,,general-and-abstract,zh-vocab-adapted,https://raw.githubusercontent.com/drkameleon/complete-hsk-vocabulary/7ac65bf1a6387d35f1ade478906172a19311c7f9/complete.json#/2262,2021-standard-derived upstream new-4; not 2025 exam
zh-hsk4-00218,烦,fán,[fán] to feel vexed; to bother; to trouble; superfluous and confusing; edgy,,thought-and-communication,zh-vocab-adapted,https://raw.githubusercontent.com/drkameleon/complete-hsk-vocabulary/7ac65bf1a6387d35f1ade478906172a19311c7f9/complete.json#/2265,2021-standard-derived upstream new-4; not 2025 exam
zh-hsk4-00219,反,fǎn,[fǎn] contrary; in reverse; inside out or upside down; to reverse; to return; to oppose; opposite; against; anti-; to rebel; to use analogy; instead,,general-and-abstract,zh-vocab-adapted,https://raw.githubusercontent.com/drkameleon/complete-hsk-vocabulary/7ac65bf1a6387d35f1ade478906172a19311c7f9/complete.json#/2275,2021-standard-derived upstream new-4; not 2025 exam
zh-hsk4-00220,反而,fǎn ér,[fǎn ér] on the contrary; instead,,general-and-abstract,zh-vocab-adapted,https://raw.githubusercontent.com/drkameleon/complete-hsk-vocabulary/7ac65bf1a6387d35f1ade478906172a19311c7f9/complete.json#/2283,2021-standard-derived upstream new-4; not 2025 exam
zh-hsk4-00221,反映,fǎn yìng,[fǎn yìng] to mirror; to reflect; mirror image; reflection; (fig.) to report; to make known; to render,,general-and-abstract,zh-vocab-adapted,https://raw.githubusercontent.com/drkameleon/complete-hsk-vocabulary/7ac65bf1a6387d35f1ade478906172a19311c7f9/complete.json#/2297,2021-standard-derived upstream new-4; not 2025 exam
zh-hsk4-00222,方,Fāng / fāng,"[Fāng] surname Fang / [fāng] square; power or involution (math.); upright; honest; fair and square; direction; side; party (to a contract, dispute etc); place; method; prescription (medicine); just when; only or just; classifier for square things",,travel-and-places;health-and-body,zh-vocab-adapted,https://raw.githubusercontent.com/drkameleon/complete-hsk-vocabulary/7ac65bf1a6387d35f1ade478906172a19311c7f9/complete.json#/2314,2021-standard-derived upstream new-4; not 2025 exam
zh-hsk4-00223,方案,fāng àn,[fāng àn] plan; program (for action etc); proposal; proposed bill,,general-and-abstract,zh-vocab-adapted,https://raw.githubusercontent.com/drkameleon/complete-hsk-vocabulary/7ac65bf1a6387d35f1ade478906172a19311c7f9/complete.json#/2315,2021-standard-derived upstream new-4; not 2025 exam
zh-hsk4-00224,方针,fāng zhēn,[fāng zhēn] policy; guidelines,,general-and-abstract,zh-vocab-adapted,https://raw.githubusercontent.com/drkameleon/complete-hsk-vocabulary/7ac65bf1a6387d35f1ade478906172a19311c7f9/complete.json#/2326,2021-standard-derived upstream new-4; not 2025 exam
zh-hsk4-00225,放松,fàng sōng,[fàng sōng] to relax; to slacken; to loosen,,general-and-abstract,zh-vocab-adapted,https://raw.githubusercontent.com/drkameleon/complete-hsk-vocabulary/7ac65bf1a6387d35f1ade478906172a19311c7f9/complete.json#/2366,2021-standard-derived upstream new-4; not 2025 exam
zh-hsk4-00226,非,Fēi / fēi,[Fēi] Africa / [fēi] to not be; not; wrong; incorrect; non-; un-; in-; de-; to reproach; to blame; (coll.) to insist on; simply must,,general-and-abstract,zh-vocab-adapted,https://raw.githubusercontent.com/drkameleon/complete-hsk-vocabulary/7ac65bf1a6387d35f1ade478906172a19311c7f9/complete.json#/2383,2021-standard-derived upstream new-4; not 2025 exam
zh-hsk4-00227,肥,féi,[féi] fat; fertile; loose-fitting or large; to fertilize; to become rich by illegal means; fertilizer; manure,,general-and-abstract,zh-vocab-adapted,https://raw.githubusercontent.com/drkameleon/complete-hsk-vocabulary/7ac65bf1a6387d35f1ade478906172a19311c7f9/complete.json#/2390,2021-standard-derived upstream new-4; not 2025 exam
zh-hsk4-00228,分布,fēn bù,"[fēn bù] to scatter; to distribute; to be distributed (over an area etc); (statistical, geographic) distribution",,general-and-abstract,zh-vocab-adapted,https://raw.githubusercontent.com/drkameleon/complete-hsk-vocabulary/7ac65bf1a6387d35f1ade478906172a19311c7f9/complete.json#/2413,2021-standard-derived upstream new-4; not 2025 exam
zh-hsk4-00229,分散,fēn sàn,[fēn sàn] to scatter; to disperse; to distribute,,general-and-abstract,zh-vocab-adapted,https://raw.githubusercontent.com/drkameleon/complete-hsk-vocabulary/7ac65bf1a6387d35f1ade478906172a19311c7f9/complete.json#/2431,2021-standard-derived upstream new-4; not 2025 exam
zh-hsk4-00230,分手,fēn shǒu,[fēn shǒu] to part company; to split up; to break up,,study-and-work,zh-vocab-adapted,https://raw.githubusercontent.com/drkameleon/complete-hsk-vocabulary/7ac65bf1a6387d35f1ade478906172a19311c7f9/complete.json#/2432,2021-standard-derived upstream new-4; not 2025 exam
zh-hsk4-00231,分为,fēn wéi,[fēn wéi] to divide sth into (parts); to subdivide,,general-and-abstract,zh-vocab-adapted,https://raw.githubusercontent.com/drkameleon/complete-hsk-vocabulary/7ac65bf1a6387d35f1ade478906172a19311c7f9/complete.json#/2435,2021-standard-derived upstream new-4; not 2025 exam
zh-hsk4-00232,分之,fēn zhī,[fēn zhī] (indicating a fraction),,general-and-abstract,zh-vocab-adapted,https://raw.githubusercontent.com/drkameleon/complete-hsk-vocabulary/7ac65bf1a6387d35f1ade478906172a19311c7f9/complete.json#/2439,2021-standard-derived upstream new-4; not 2025 exam
zh-hsk4-00233,纷纷,fēn fēn,[fēn fēn] one after another; in succession; one by one; continuously; diverse; in profusion; numerous and confused; pell-mell,,general-and-abstract,zh-vocab-adapted,https://raw.githubusercontent.com/drkameleon/complete-hsk-vocabulary/7ac65bf1a6387d35f1ade478906172a19311c7f9/complete.json#/2444,2021-standard-derived upstream new-4; not 2025 exam
zh-hsk4-00234,奋斗,fèn dòu,[fèn dòu] to strive; to struggle,,general-and-abstract,zh-vocab-adapted,https://raw.githubusercontent.com/drkameleon/complete-hsk-vocabulary/7ac65bf1a6387d35f1ade478906172a19311c7f9/complete.json#/2457,2021-standard-derived upstream new-4; not 2025 exam
zh-hsk4-00235,风格,fēng gé,[fēng gé] style,,general-and-abstract,zh-vocab-adapted,https://raw.githubusercontent.com/drkameleon/complete-hsk-vocabulary/7ac65bf1a6387d35f1ade478906172a19311c7f9/complete.json#/2478,2021-standard-derived upstream new-4; not 2025 exam
zh-hsk4-00236,风景,fēng jǐng,[fēng jǐng] scenery; landscape,,general-and-abstract,zh-vocab-adapted,https://raw.githubusercontent.com/drkameleon/complete-hsk-vocabulary/7ac65bf1a6387d35f1ade478906172a19311c7f9/complete.json#/2481,2021-standard-derived upstream new-4; not 2025 exam
zh-hsk4-00237,风俗,fēng sú,[fēng sú] social custom,,general-and-abstract,zh-vocab-adapted,https://raw.githubusercontent.com/drkameleon/complete-hsk-vocabulary/7ac65bf1a6387d35f1ade478906172a19311c7f9/complete.json#/2492,2021-standard-derived upstream new-4; not 2025 exam
zh-hsk4-00238,封闭,fēng bì,[fēng bì] to close; to seal off; to close down (an illegal venue); closed (i.e. isolated from outside input),,general-and-abstract,zh-vocab-adapted,https://raw.githubusercontent.com/drkameleon/complete-hsk-vocabulary/7ac65bf1a6387d35f1ade478906172a19311c7f9/complete.json#/2500,2021-standard-derived upstream new-4; not 2025 exam
zh-hsk4-00239,否则,fǒu zé,[fǒu zé] otherwise; if not; or (else),,general-and-abstract,zh-vocab-adapted,https://raw.githubusercontent.com/drkameleon/complete-hsk-vocabulary/7ac65bf1a6387d35f1ade478906172a19311c7f9/complete.json#/2521,2021-standard-derived upstream new-4; not 2025 exam
zh-hsk4-00240,符号,fú hào,[fú hào] symbol; mark; sign,,general-and-abstract,zh-vocab-adapted,https://raw.githubusercontent.com/drkameleon/complete-hsk-vocabulary/7ac65bf1a6387d35f1ade478906172a19311c7f9/complete.json#/2544,2021-standard-derived upstream new-4; not 2025 exam
zh-hsk4-00241,符合,fú hé,[fú hé] in keeping with; in accordance with; tallying with; in line with; to agree with; to accord with; to conform to; to correspond with; to manage; to handle,,general-and-abstract,zh-vocab-adapted,https://raw.githubusercontent.com/drkameleon/complete-hsk-vocabulary/7ac65bf1a6387d35f1ade478906172a19311c7f9/complete.json#/2545,2021-standard-derived upstream new-4; not 2025 exam
zh-hsk4-00242,付出,fù chū,[fù chū] to pay; to expend; to invest (energy or time),,time-and-quantity,zh-vocab-adapted,https://raw.githubusercontent.com/drkameleon/complete-hsk-vocabulary/7ac65bf1a6387d35f1ade478906172a19311c7f9/complete.json#/2571,2021-standard-derived upstream new-4; not 2025 exam
zh-hsk4-00243,负担,fù dān,"[fù dān] to bear (an expense, a responsibility etc); burden",,general-and-abstract,zh-vocab-adapted,https://raw.githubusercontent.com/drkameleon/complete-hsk-vocabulary/7ac65bf1a6387d35f1ade478906172a19311c7f9/complete.json#/2576,2021-standard-derived upstream new-4; not 2025 exam
zh-hsk4-00244,附近,fù jìn,[fù jìn] nearby; neighboring; (in the) vicinity (of); neighborhood,,general-and-abstract,zh-vocab-adapted,https://raw.githubusercontent.com/drkameleon/complete-hsk-vocabulary/7ac65bf1a6387d35f1ade478906172a19311c7f9/complete.json#/2586,2021-standard-derived upstream new-4; not 2025 exam
zh-hsk4-00245,复制,fù zhì,[fù zhì] to duplicate; to make a copy of; to copy; to reproduce; to clone,,general-and-abstract,zh-vocab-adapted,https://raw.githubusercontent.com/drkameleon/complete-hsk-vocabulary/7ac65bf1a6387d35f1ade478906172a19311c7f9/complete.json#/2598,2021-standard-derived upstream new-4; not 2025 exam
zh-hsk4-00246,夫妇,fū fù,[fū fù] a (married) couple; husband and wife,,people-and-relationships,zh-vocab-adapted,https://raw.githubusercontent.com/drkameleon/complete-hsk-vocabulary/7ac65bf1a6387d35f1ade478906172a19311c7f9/complete.json#/2615,2021-standard-derived upstream new-4; not 2025 exam
zh-hsk4-00247,夫妻,fū qī,[fū qī] husband and wife; married couple,,people-and-relationships,zh-vocab-adapted,https://raw.githubusercontent.com/drkameleon/complete-hsk-vocabulary/7ac65bf1a6387d35f1ade478906172a19311c7f9/complete.json#/2616,2021-standard-derived upstream new-4; not 2025 exam
zh-hsk4-00248,夫人,fū ren,[fū ren] lady; madam; Mrs.,,general-and-abstract,zh-vocab-adapted,https://raw.githubusercontent.com/drkameleon/complete-hsk-vocabulary/7ac65bf1a6387d35f1ade478906172a19311c7f9/complete.json#/2617,2021-standard-derived upstream new-4; not 2025 exam
zh-hsk4-00249,改善,gǎi shàn,[gǎi shàn] to make better; to improve,,general-and-abstract,zh-vocab-adapted,https://raw.githubusercontent.com/drkameleon/complete-hsk-vocabulary/7ac65bf1a6387d35f1ade478906172a19311c7f9/complete.json#/2630,2021-standard-derived upstream new-4; not 2025 exam
zh-hsk4-00250,改正,gǎi zhèng,[gǎi zhèng] to correct; to amend; to put right; correction,,general-and-abstract,zh-vocab-adapted,https://raw.githubusercontent.com/drkameleon/complete-hsk-vocabulary/7ac65bf1a6387d35f1ade478906172a19311c7f9/complete.json#/2634,2021-standard-derived upstream new-4; not 2025 exam
zh-hsk4-00251,盖,Gě / gài,[Gě] surname Ge / [gài] lid; top; cover; canopy; to cover; to conceal; to build,,general-and-abstract,zh-vocab-adapted,https://raw.githubusercontent.com/drkameleon/complete-hsk-vocabulary/7ac65bf1a6387d35f1ade478906172a19311c7f9/complete.json#/2637,2021-standard-derived upstream new-4; not 2025 exam
zh-hsk4-00252,概括,gài kuò,[gài kuò] to summarize; to generalize; briefly; in broad outline,,general-and-abstract,zh-vocab-adapted,https://raw.githubusercontent.com/drkameleon/complete-hsk-vocabulary/7ac65bf1a6387d35f1ade478906172a19311c7f9/complete.json#/2641,2021-standard-derived upstream new-4; not 2025 exam
zh-hsk4-00253,感兴趣,gǎn xìng qù,[gǎn xìng qù] to be interested,,general-and-abstract,zh-vocab-adapted,https://raw.githubusercontent.com/drkameleon/complete-hsk-vocabulary/7ac65bf1a6387d35f1ade478906172a19311c7f9/complete.json#/2679,2021-standard-derived upstream new-4; not 2025 exam
zh-hsk4-00254,高潮,gāo cháo,"[gāo cháo] high tide; high water; upsurge; peak of activity; climax (of a story, a competition etc); to have an orgasm",,general-and-abstract,zh-vocab-adapted,https://raw.githubusercontent.com/drkameleon/complete-hsk-vocabulary/7ac65bf1a6387d35f1ade478906172a19311c7f9/complete.json#/2720,2021-standard-derived upstream new-4; not 2025 exam
zh-hsk4-00255,高价,gāo jià,[gāo jià] high price,,food-and-shopping,zh-vocab-adapted,https://raw.githubusercontent.com/drkameleon/complete-hsk-vocabulary/7ac65bf1a6387d35f1ade478906172a19311c7f9/complete.json#/2734,2021-standard-derived upstream new-4; not 2025 exam
zh-hsk4-00256,高尚,gāo shàng,[gāo shàng] noble; lofty; refined; exquisite,,general-and-abstract,zh-vocab-adapted,https://raw.githubusercontent.com/drkameleon/complete-hsk-vocabulary/7ac65bf1a6387d35f1ade478906172a19311c7f9/complete.json#/2741,2021-standard-derived upstream new-4; not 2025 exam
zh-hsk4-00257,高铁,gāo tiě,[gāo tiě] high speed rail,,general-and-abstract,zh-vocab-adapted,https://raw.githubusercontent.com/drkameleon/complete-hsk-vocabulary/7ac65bf1a6387d35f1ade478906172a19311c7f9/complete.json#/2745,2021-standard-derived upstream new-4; not 2025 exam
zh-hsk4-00258,格外,gé wài,[gé wài] especially; particularly,,general-and-abstract,zh-vocab-adapted,https://raw.githubusercontent.com/drkameleon/complete-hsk-vocabulary/7ac65bf1a6387d35f1ade478906172a19311c7f9/complete.json#/2799,2021-standard-derived upstream new-4; not 2025 exam
zh-hsk4-00259,隔,gé,[gé] to separate; to partition; to stand or lie between; at a distance from; after or at an interval of,,general-and-abstract,zh-vocab-adapted,https://raw.githubusercontent.com/drkameleon/complete-hsk-vocabulary/7ac65bf1a6387d35f1ade478906172a19311c7f9/complete.json#/2800,2021-standard-derived upstream new-4; not 2025 exam
zh-hsk4-00260,隔开,gé kāi,[gé kāi] to separate,,general-and-abstract,zh-vocab-adapted,https://raw.githubusercontent.com/drkameleon/complete-hsk-vocabulary/7ac65bf1a6387d35f1ade478906172a19311c7f9/complete.json#/2803,2021-standard-derived upstream new-4; not 2025 exam
zh-hsk4-00261,个别,gè bié,[gè bié] individually; one by one; just one or two; exceptional; rare,,general-and-abstract,zh-vocab-adapted,https://raw.githubusercontent.com/drkameleon/complete-hsk-vocabulary/7ac65bf1a6387d35f1ade478906172a19311c7f9/complete.json#/2807,2021-standard-derived upstream new-4; not 2025 exam
zh-hsk4-00262,个体,gè tǐ,[gè tǐ] individual,,general-and-abstract,zh-vocab-adapted,https://raw.githubusercontent.com/drkameleon/complete-hsk-vocabulary/7ac65bf1a6387d35f1ade478906172a19311c7f9/complete.json#/2810,2021-standard-derived upstream new-4; not 2025 exam
zh-hsk4-00263,各个,gè gè,"[gè gè] every; various; separately, one by one",,general-and-abstract,zh-vocab-adapted,https://raw.githubusercontent.com/drkameleon/complete-hsk-vocabulary/7ac65bf1a6387d35f1ade478906172a19311c7f9/complete.json#/2817,2021-standard-derived upstream new-4; not 2025 exam
zh-hsk4-00264,根,gēn,"[gēn] root; basis; classifier for long slender objects, e.g. cigarettes, guitar strings; radical (chemistry)",,general-and-abstract,zh-vocab-adapted,https://raw.githubusercontent.com/drkameleon/complete-hsk-vocabulary/7ac65bf1a6387d35f1ade478906172a19311c7f9/complete.json#/2825,2021-standard-derived upstream new-4; not 2025 exam
zh-hsk4-00265,根据,gēn jù,[gēn jù] according to; based on; basis; foundation,,general-and-abstract,zh-vocab-adapted,https://raw.githubusercontent.com/drkameleon/complete-hsk-vocabulary/7ac65bf1a6387d35f1ade478906172a19311c7f9/complete.json#/2828,2021-standard-derived upstream new-4; not 2025 exam
zh-hsk4-00266,工程,gōng chéng,[gōng chéng] engineering; an engineering project; project; undertaking,,general-and-abstract,zh-vocab-adapted,https://raw.githubusercontent.com/drkameleon/complete-hsk-vocabulary/7ac65bf1a6387d35f1ade478906172a19311c7f9/complete.json#/2849,2021-standard-derived upstream new-4; not 2025 exam
zh-hsk4-00267,公元,gōng yuán,[gōng yuán] CE (Common Era); Christian Era; AD (Anno Domini),,general-and-abstract,zh-vocab-adapted,https://raw.githubusercontent.com/drkameleon/complete-hsk-vocabulary/7ac65bf1a6387d35f1ade478906172a19311c7f9/complete.json#/2910,2021-standard-derived upstream new-4; not 2025 exam
zh-hsk4-00268,供应,gōng yìng,[gōng yìng] to supply; to provide; to offer,,general-and-abstract,zh-vocab-adapted,https://raw.githubusercontent.com/drkameleon/complete-hsk-vocabulary/7ac65bf1a6387d35f1ade478906172a19311c7f9/complete.json#/2939,2021-standard-derived upstream new-4; not 2025 exam
zh-hsk4-00269,共,gòng,[gòng] common; general; to share; together; total; altogether; Communist party,,general-and-abstract,zh-vocab-adapted,https://raw.githubusercontent.com/drkameleon/complete-hsk-vocabulary/7ac65bf1a6387d35f1ade478906172a19311c7f9/complete.json#/2948,2021-standard-derived upstream new-4; not 2025 exam
zh-hsk4-00270,构成,gòu chéng,[gòu chéng] to constitute; to form; to compose; to make up; to configure (computing),,general-and-abstract,zh-vocab-adapted,https://raw.githubusercontent.com/drkameleon/complete-hsk-vocabulary/7ac65bf1a6387d35f1ade478906172a19311c7f9/complete.json#/2967,2021-standard-derived upstream new-4; not 2025 exam
zh-hsk4-00271,构造,gòu zào,[gòu zào] structure; composition; tectonic (geology),,general-and-abstract,zh-vocab-adapted,https://raw.githubusercontent.com/drkameleon/complete-hsk-vocabulary/7ac65bf1a6387d35f1ade478906172a19311c7f9/complete.json#/2971,2021-standard-derived upstream new-4; not 2025 exam
zh-hsk4-00272,购买,gòu mǎi,[gòu mǎi] to purchase; to buy,,food-and-shopping,zh-vocab-adapted,https://raw.githubusercontent.com/drkameleon/complete-hsk-vocabulary/7ac65bf1a6387d35f1ade478906172a19311c7f9/complete.json#/2973,2021-standard-derived upstream new-4; not 2025 exam
zh-hsk4-00273,购物,gòu wù,[gòu wù] shopping,,general-and-abstract,zh-vocab-adapted,https://raw.githubusercontent.com/drkameleon/complete-hsk-vocabulary/7ac65bf1a6387d35f1ade478906172a19311c7f9/complete.json#/2974,2021-standard-derived upstream new-4; not 2025 exam
zh-hsk4-00274,骨头,gǔ tou,[gǔ tou] bone; moral character; bitterness; Taiwan pr.,,general-and-abstract,zh-vocab-adapted,https://raw.githubusercontent.com/drkameleon/complete-hsk-vocabulary/7ac65bf1a6387d35f1ade478906172a19311c7f9/complete.json#/3008,2021-standard-derived upstream new-4; not 2025 exam
zh-hsk4-00275,固定,gù dìng,[gù dìng] to fix; to fasten; to set rigidly in place; fixed; set; regular,,general-and-abstract,zh-vocab-adapted,https://raw.githubusercontent.com/drkameleon/complete-hsk-vocabulary/7ac65bf1a6387d35f1ade478906172a19311c7f9/complete.json#/3015,2021-standard-derived upstream new-4; not 2025 exam
zh-hsk4-00276,瓜,guā,[guā] melon; gourd; squash,,general-and-abstract,zh-vocab-adapted,https://raw.githubusercontent.com/drkameleon/complete-hsk-vocabulary/7ac65bf1a6387d35f1ade478906172a19311c7f9/complete.json#/3037,2021-standard-derived upstream new-4; not 2025 exam
zh-hsk4-00277,怪,guài,[guài] bewildering; odd; strange; uncanny; devil; monster; to wonder at; to blame; quite; rather,,general-and-abstract,zh-vocab-adapted,https://raw.githubusercontent.com/drkameleon/complete-hsk-vocabulary/7ac65bf1a6387d35f1ade478906172a19311c7f9/complete.json#/3053,2021-standard-derived upstream new-4; not 2025 exam
zh-hsk4-00278,关闭,guān bì,"[guān bì] to close; to shut (a window etc); (of a shop, school etc) to shut down",,food-and-shopping;study-and-work,zh-vocab-adapted,https://raw.githubusercontent.com/drkameleon/complete-hsk-vocabulary/7ac65bf1a6387d35f1ade478906172a19311c7f9/complete.json#/3059,2021-standard-derived upstream new-4; not 2025 exam
zh-hsk4-00279,关于,guān yú,[guān yú] pertaining to; concerning; with regard to; about; a matter of,,general-and-abstract,zh-vocab-adapted,https://raw.githubusercontent.com/drkameleon/complete-hsk-vocabulary/7ac65bf1a6387d35f1ade478906172a19311c7f9/complete.json#/3071,2021-standard-derived upstream new-4; not 2025 exam
zh-hsk4-00280,官,Guān / guān,[Guān] surname Guan / [guān] government official; governmental; official; public; organ of the body,,health-and-body;society-and-public-life,zh-vocab-adapted,https://raw.githubusercontent.com/drkameleon/complete-hsk-vocabulary/7ac65bf1a6387d35f1ade478906172a19311c7f9/complete.json#/3085,2021-standard-derived upstream new-4; not 2025 exam
zh-hsk4-00281,官方,guān fāng,[guān fāng] government; official (approved or issued by an authority),,society-and-public-life,zh-vocab-adapted,https://raw.githubusercontent.com/drkameleon/complete-hsk-vocabulary/7ac65bf1a6387d35f1ade478906172a19311c7f9/complete.json#/3087,2021-standard-derived upstream new-4; not 2025 exam
zh-hsk4-00282,光临,guāng lín,[guāng lín] (formal) to honor with one's presence; to attend,,general-and-abstract,zh-vocab-adapted,https://raw.githubusercontent.com/drkameleon/complete-hsk-vocabulary/7ac65bf1a6387d35f1ade478906172a19311c7f9/complete.json#/3123,2021-standard-derived upstream new-4; not 2025 exam
zh-hsk4-00283,光盘,guāng pán,[guāng pán] compact disc (CD); DVD; CD-ROM,,general-and-abstract,zh-vocab-adapted,https://raw.githubusercontent.com/drkameleon/complete-hsk-vocabulary/7ac65bf1a6387d35f1ade478906172a19311c7f9/complete.json#/3127,2021-standard-derived upstream new-4; not 2025 exam
zh-hsk4-00284,逛,guàng,[guàng] to stroll; to visit,,general-and-abstract,zh-vocab-adapted,https://raw.githubusercontent.com/drkameleon/complete-hsk-vocabulary/7ac65bf1a6387d35f1ade478906172a19311c7f9/complete.json#/3139,2021-standard-derived upstream new-4; not 2025 exam
zh-hsk4-00285,归,Guī / guī,[Guī] surname Gui / [guī] to return; to go back to; to give back to; (of a responsibility) to be taken care of by; to belong to; to gather together; (used between two identical verbs) despite; to marry (of a woman) (old); division on the abacus with a one-digit divisor,,people-and-relationships,zh-vocab-adapted,https://raw.githubusercontent.com/drkameleon/complete-hsk-vocabulary/7ac65bf1a6387d35f1ade478906172a19311c7f9/complete.json#/3140,2021-standard-derived upstream new-4; not 2025 exam
zh-hsk4-00286,规律,guī lǜ,[guī lǜ] rule (e.g. of science); law of behavior; regular pattern; rhythm; discipline,,society-and-public-life;nature-and-technology,zh-vocab-adapted,https://raw.githubusercontent.com/drkameleon/complete-hsk-vocabulary/7ac65bf1a6387d35f1ade478906172a19311c7f9/complete.json#/3154,2021-standard-derived upstream new-4; not 2025 exam
zh-hsk4-00287,规模,guī mó,[guī mó] scale; scope; extent,,general-and-abstract,zh-vocab-adapted,https://raw.githubusercontent.com/drkameleon/complete-hsk-vocabulary/7ac65bf1a6387d35f1ade478906172a19311c7f9/complete.json#/3155,2021-standard-derived upstream new-4; not 2025 exam
zh-hsk4-00288,规则,guī zé,[guī zé] rule; regulation; rules and regulations,,general-and-abstract,zh-vocab-adapted,https://raw.githubusercontent.com/drkameleon/complete-hsk-vocabulary/7ac65bf1a6387d35f1ade478906172a19311c7f9/complete.json#/3156,2021-standard-derived upstream new-4; not 2025 exam
zh-hsk4-00289,果实,guǒ shí,[guǒ shí] fruit (produced by a plant); (fig.) fruits (of success etc); results; gains,,food-and-shopping;nature-and-technology,zh-vocab-adapted,https://raw.githubusercontent.com/drkameleon/complete-hsk-vocabulary/7ac65bf1a6387d35f1ade478906172a19311c7f9/complete.json#/3203,2021-standard-derived upstream new-4; not 2025 exam
zh-hsk4-00290,过分,guò fèn,[guò fèn] excessive; undue; overly,,general-and-abstract,zh-vocab-adapted,https://raw.githubusercontent.com/drkameleon/complete-hsk-vocabulary/7ac65bf1a6387d35f1ade478906172a19311c7f9/complete.json#/3217,2021-standard-derived upstream new-4; not 2025 exam
zh-hsk4-00291,海水,hǎi shuǐ,[hǎi shuǐ] seawater,,general-and-abstract,zh-vocab-adapted,https://raw.githubusercontent.com/drkameleon/complete-hsk-vocabulary/7ac65bf1a6387d35f1ade478906172a19311c7f9/complete.json#/3267,2021-standard-derived upstream new-4; not 2025 exam
zh-hsk4-00292,海鲜,hǎi xiān,[hǎi xiān] seafood,,general-and-abstract,zh-vocab-adapted,https://raw.githubusercontent.com/drkameleon/complete-hsk-vocabulary/7ac65bf1a6387d35f1ade478906172a19311c7f9/complete.json#/3272,2021-standard-derived upstream new-4; not 2025 exam
zh-hsk4-00293,含,hán,[hán] to keep in the mouth; to contain,,general-and-abstract,zh-vocab-adapted,https://raw.githubusercontent.com/drkameleon/complete-hsk-vocabulary/7ac65bf1a6387d35f1ade478906172a19311c7f9/complete.json#/3286,2021-standard-derived upstream new-4; not 2025 exam
zh-hsk4-00294,含量,hán liàng,[hán liàng] content; quantity contained,,general-and-abstract,zh-vocab-adapted,https://raw.githubusercontent.com/drkameleon/complete-hsk-vocabulary/7ac65bf1a6387d35f1ade478906172a19311c7f9/complete.json#/3288,2021-standard-derived upstream new-4; not 2025 exam
zh-hsk4-00295,含义,hán yì,[hán yì] meaning (implicit in a phrase); implied meaning; hidden meaning; hint; connotation,,thought-and-communication,zh-vocab-adapted,https://raw.githubusercontent.com/drkameleon/complete-hsk-vocabulary/7ac65bf1a6387d35f1ade478906172a19311c7f9/complete.json#/3290,2021-standard-derived upstream new-4; not 2025 exam
zh-hsk4-00296,含有,hán yǒu,[hán yǒu] to contain; including,,general-and-abstract,zh-vocab-adapted,https://raw.githubusercontent.com/drkameleon/complete-hsk-vocabulary/7ac65bf1a6387d35f1ade478906172a19311c7f9/complete.json#/3291,2021-standard-derived upstream new-4; not 2025 exam
zh-hsk4-00297,寒假,hán jià,[hán jià] winter vacation,,general-and-abstract,zh-vocab-adapted,https://raw.githubusercontent.com/drkameleon/complete-hsk-vocabulary/7ac65bf1a6387d35f1ade478906172a19311c7f9/complete.json#/3295,2021-standard-derived upstream new-4; not 2025 exam
zh-hsk4-00298,寒冷,hán lěng,[hán lěng] cold (climate); frigid; very cold,,general-and-abstract,zh-vocab-adapted,https://raw.githubusercontent.com/drkameleon/complete-hsk-vocabulary/7ac65bf1a6387d35f1ade478906172a19311c7f9/complete.json#/3296,2021-standard-derived upstream new-4; not 2025 exam
zh-hsk4-00299,航班,háng bān,[háng bān] (scheduled) flight; (scheduled) sailing,,general-and-abstract,zh-vocab-adapted,https://raw.githubusercontent.com/drkameleon/complete-hsk-vocabulary/7ac65bf1a6387d35f1ade478906172a19311c7f9/complete.json#/3308,2021-standard-derived upstream new-4; not 2025 exam
zh-hsk4-00300,航空,háng kōng,[háng kōng] aviation,,general-and-abstract,zh-vocab-adapted,https://raw.githubusercontent.com/drkameleon/complete-hsk-vocabulary/7ac65bf1a6387d35f1ade478906172a19311c7f9/complete.json#/3310,2021-standard-derived upstream new-4; not 2025 exam
zh-hsk4-00301,毫米,háo mǐ,[háo mǐ] millimeter,,general-and-abstract,zh-vocab-adapted,https://raw.githubusercontent.com/drkameleon/complete-hsk-vocabulary/7ac65bf1a6387d35f1ade478906172a19311c7f9/complete.json#/3317,2021-standard-derived upstream new-4; not 2025 exam
zh-hsk4-00302,毫升,háo shēng,[háo shēng] milliliter,,general-and-abstract,zh-vocab-adapted,https://raw.githubusercontent.com/drkameleon/complete-hsk-vocabulary/7ac65bf1a6387d35f1ade478906172a19311c7f9/complete.json#/3318,2021-standard-derived upstream new-4; not 2025 exam
zh-hsk4-00303,好友,hǎo yǒu,[hǎo yǒu] close friend; pal; (social networking website) friend,,people-and-relationships,zh-vocab-adapted,https://raw.githubusercontent.com/drkameleon/complete-hsk-vocabulary/7ac65bf1a6387d35f1ade478906172a19311c7f9/complete.json#/3352,2021-standard-derived upstream new-4; not 2025 exam
zh-hsk4-00304,号码,hào mǎ,[hào mǎ] number,,time-and-quantity,zh-vocab-adapted,https://raw.githubusercontent.com/drkameleon/complete-hsk-vocabulary/7ac65bf1a6387d35f1ade478906172a19311c7f9/complete.json#/3358,2021-standard-derived upstream new-4; not 2025 exam
zh-hsk4-00305,合同,hé tong,[hé tong] (business) contract,,general-and-abstract,zh-vocab-adapted,https://raw.githubusercontent.com/drkameleon/complete-hsk-vocabulary/7ac65bf1a6387d35f1ade478906172a19311c7f9/complete.json#/3381,2021-standard-derived upstream new-4; not 2025 exam
zh-hsk4-00306,黑暗,hēi àn,[hēi àn] dark; darkly; darkness,,general-and-abstract,zh-vocab-adapted,https://raw.githubusercontent.com/drkameleon/complete-hsk-vocabulary/7ac65bf1a6387d35f1ade478906172a19311c7f9/complete.json#/3422,2021-standard-derived upstream new-4; not 2025 exam
zh-hsk4-00307,红包,hóng bāo,[hóng bāo] money wrapped in red as a gift; bonus payment; kickback; bribe,,general-and-abstract,zh-vocab-adapted,https://raw.githubusercontent.com/drkameleon/complete-hsk-vocabulary/7ac65bf1a6387d35f1ade478906172a19311c7f9/complete.json#/3454,2021-standard-derived upstream new-4; not 2025 exam
zh-hsk4-00308,后头,hòu tou,[hòu tou] behind; the back; the rear; later; afterwards; (in) the future,,general-and-abstract,zh-vocab-adapted,https://raw.githubusercontent.com/drkameleon/complete-hsk-vocabulary/7ac65bf1a6387d35f1ade478906172a19311c7f9/complete.json#/3490,2021-standard-derived upstream new-4; not 2025 exam
zh-hsk4-00309,厚,hòu,[hòu] thick; deep or profound; kind; generous; rich or strong in flavor; to favor; to stress,,general-and-abstract,zh-vocab-adapted,https://raw.githubusercontent.com/drkameleon/complete-hsk-vocabulary/7ac65bf1a6387d35f1ade478906172a19311c7f9/complete.json#/3496,2021-standard-derived upstream new-4; not 2025 exam
zh-hsk4-00310,呼吸,hū xī,[hū xī] to breathe,,general-and-abstract,zh-vocab-adapted,https://raw.githubusercontent.com/drkameleon/complete-hsk-vocabulary/7ac65bf1a6387d35f1ade478906172a19311c7f9/complete.json#/3505,2021-standard-derived upstream new-4; not 2025 exam
zh-hsk4-00311,忽视,hū shì,[hū shì] to neglect; to overlook; to disregard; to ignore,,general-and-abstract,zh-vocab-adapted,https://raw.githubusercontent.com/drkameleon/complete-hsk-vocabulary/7ac65bf1a6387d35f1ade478906172a19311c7f9/complete.json#/3512,2021-standard-derived upstream new-4; not 2025 exam
zh-hsk4-00312,户,hù,[hù] a household; door; family,,people-and-relationships,zh-vocab-adapted,https://raw.githubusercontent.com/drkameleon/complete-hsk-vocabulary/7ac65bf1a6387d35f1ade478906172a19311c7f9/complete.json#/3534,2021-standard-derived upstream new-4; not 2025 exam
zh-hsk4-00313,护士,hù shi,[hù shi] nurse,,general-and-abstract,zh-vocab-adapted,https://raw.githubusercontent.com/drkameleon/complete-hsk-vocabulary/7ac65bf1a6387d35f1ade478906172a19311c7f9/complete.json#/3538,2021-standard-derived upstream new-4; not 2025 exam
zh-hsk4-00314,划,huá / huà,[huá] to row; to paddle; profitable; worth (the effort); it pays (to do sth) / [huá] to cut; to slash; to scratch (cut into the surface of sth); to strike (a match) / [huà] to delimit; to transfer; to assign; to plan; to draw (a line); stroke of a Chinese character,,general-and-abstract,zh-vocab-adapted,https://raw.githubusercontent.com/drkameleon/complete-hsk-vocabulary/7ac65bf1a6387d35f1ade478906172a19311c7f9/complete.json#/3573,2021-standard-derived upstream new-4; not 2025 exam
zh-hsk4-00315,怀念,huái niàn,[huái niàn] to cherish the memory of; to think of; to reminisce,,thought-and-communication,zh-vocab-adapted,https://raw.githubusercontent.com/drkameleon/complete-hsk-vocabulary/7ac65bf1a6387d35f1ade478906172a19311c7f9/complete.json#/3595,2021-standard-derived upstream new-4; not 2025 exam
zh-hsk4-00316,怀疑,huái yí,[huái yí] to doubt (sth); to be skeptical of; to have one's doubts; to harbor suspicions; to suspect that,,general-and-abstract,zh-vocab-adapted,https://raw.githubusercontent.com/drkameleon/complete-hsk-vocabulary/7ac65bf1a6387d35f1ade478906172a19311c7f9/complete.json#/3596,2021-standard-derived upstream new-4; not 2025 exam
zh-hsk4-00317,缓解,huǎn jiě,[huǎn jiě] to bring relief; to alleviate (a crisis); to dull (a pain),,health-and-body,zh-vocab-adapted,https://raw.githubusercontent.com/drkameleon/complete-hsk-vocabulary/7ac65bf1a6387d35f1ade478906172a19311c7f9/complete.json#/3613,2021-standard-derived upstream new-4; not 2025 exam
zh-hsk4-00318,黄瓜,huáng guā,[huáng guā] cucumber,,general-and-abstract,zh-vocab-adapted,https://raw.githubusercontent.com/drkameleon/complete-hsk-vocabulary/7ac65bf1a6387d35f1ade478906172a19311c7f9/complete.json#/3650,2021-standard-derived upstream new-4; not 2025 exam
zh-hsk4-00319,黄金,huáng jīn,[huáng jīn] gold; golden (opportunity); prime (time),,time-and-quantity,zh-vocab-adapted,https://raw.githubusercontent.com/drkameleon/complete-hsk-vocabulary/7ac65bf1a6387d35f1ade478906172a19311c7f9/complete.json#/3652,2021-standard-derived upstream new-4; not 2025 exam
zh-hsk4-00320,回复,huí fù,[huí fù] to reply; to recover; to return (to a previous condition); Re: in reply to (email),,general-and-abstract,zh-vocab-adapted,https://raw.githubusercontent.com/drkameleon/complete-hsk-vocabulary/7ac65bf1a6387d35f1ade478906172a19311c7f9/complete.json#/3672,2021-standard-derived upstream new-4; not 2025 exam
zh-hsk4-00321,汇,huì,[huì] to remit; to converge (of rivers); to exchange / [huì] class; collection,,general-and-abstract,zh-vocab-adapted,https://raw.githubusercontent.com/drkameleon/complete-hsk-vocabulary/7ac65bf1a6387d35f1ade478906172a19311c7f9/complete.json#/3696,2021-standard-derived upstream new-4; not 2025 exam
zh-hsk4-00322,汇报,huì bào,[huì bào] to report; to give an account of; to collect information and report back / [huì bào] to report; to give an account of; report,,general-and-abstract,zh-vocab-adapted,https://raw.githubusercontent.com/drkameleon/complete-hsk-vocabulary/7ac65bf1a6387d35f1ade478906172a19311c7f9/complete.json#/3697,2021-standard-derived upstream new-4; not 2025 exam
zh-hsk4-00323,汇率,huì lǜ,[huì lǜ] exchange rate,,general-and-abstract,zh-vocab-adapted,https://raw.githubusercontent.com/drkameleon/complete-hsk-vocabulary/7ac65bf1a6387d35f1ade478906172a19311c7f9/complete.json#/3702,2021-standard-derived upstream new-4; not 2025 exam
zh-hsk4-00324,会计,kuài jì,[kuài jì] accountant; accountancy; accounting,,general-and-abstract,zh-vocab-adapted,https://raw.githubusercontent.com/drkameleon/complete-hsk-vocabulary/7ac65bf1a6387d35f1ade478906172a19311c7f9/complete.json#/3705,2021-standard-derived upstream new-4; not 2025 exam
zh-hsk4-00325,婚礼,hūn lǐ,[hūn lǐ] wedding ceremony; wedding,,general-and-abstract,zh-vocab-adapted,https://raw.githubusercontent.com/drkameleon/complete-hsk-vocabulary/7ac65bf1a6387d35f1ade478906172a19311c7f9/complete.json#/3720,2021-standard-derived upstream new-4; not 2025 exam
zh-hsk4-00326,伙,huǒ,[huǒ] meals / [huǒ] companion; partner; group; classifier for groups of people; to combine; together,,general-and-abstract,zh-vocab-adapted,https://raw.githubusercontent.com/drkameleon/complete-hsk-vocabulary/7ac65bf1a6387d35f1ade478906172a19311c7f9/complete.json#/3760,2021-standard-derived upstream new-4; not 2025 exam
zh-hsk4-00327,伙伴,huǒ bàn,[huǒ bàn] partner; companion; comrade,,general-and-abstract,zh-vocab-adapted,https://raw.githubusercontent.com/drkameleon/complete-hsk-vocabulary/7ac65bf1a6387d35f1ade478906172a19311c7f9/complete.json#/3761,2021-standard-derived upstream new-4; not 2025 exam
zh-hsk4-00328,或许,huò xǔ,[huò xǔ] perhaps; maybe,,general-and-abstract,zh-vocab-adapted,https://raw.githubusercontent.com/drkameleon/complete-hsk-vocabulary/7ac65bf1a6387d35f1ade478906172a19311c7f9/complete.json#/3766,2021-standard-derived upstream new-4; not 2025 exam
zh-hsk4-00329,货,huò,[huò] goods; money; commodity,,general-and-abstract,zh-vocab-adapted,https://raw.githubusercontent.com/drkameleon/complete-hsk-vocabulary/7ac65bf1a6387d35f1ade478906172a19311c7f9/complete.json#/3768,2021-standard-derived upstream new-4; not 2025 exam
zh-hsk4-00330,获,huò,[huò] (literary) to catch; to capture; (literary) to get; to obtain; to win / [huò] (bound form) to reap; to harvest,,general-and-abstract,zh-vocab-adapted,https://raw.githubusercontent.com/drkameleon/complete-hsk-vocabulary/7ac65bf1a6387d35f1ade478906172a19311c7f9/complete.json#/3773,2021-standard-derived upstream new-4; not 2025 exam
zh-hsk4-00331,获得,huò dé,[huò dé] to obtain; to receive; to get,,general-and-abstract,zh-vocab-adapted,https://raw.githubusercontent.com/drkameleon/complete-hsk-vocabulary/7ac65bf1a6387d35f1ade478906172a19311c7f9/complete.json#/3774,2021-standard-derived upstream new-4; not 2025 exam
zh-hsk4-00332,获奖,huò jiǎng,[huò jiǎng] to win an award,,general-and-abstract,zh-vocab-adapted,https://raw.githubusercontent.com/drkameleon/complete-hsk-vocabulary/7ac65bf1a6387d35f1ade478906172a19311c7f9/complete.json#/3775,2021-standard-derived upstream new-4; not 2025 exam
zh-hsk4-00333,获取,huò qǔ,[huò qǔ] to gain; to get; to acquire,,general-and-abstract,zh-vocab-adapted,https://raw.githubusercontent.com/drkameleon/complete-hsk-vocabulary/7ac65bf1a6387d35f1ade478906172a19311c7f9/complete.json#/3776,2021-standard-derived upstream new-4; not 2025 exam
zh-hsk4-00334,机构,jī gòu,[jī gòu] mechanism; structure; organization; agency; institution,,general-and-abstract,zh-vocab-adapted,https://raw.githubusercontent.com/drkameleon/complete-hsk-vocabulary/7ac65bf1a6387d35f1ade478906172a19311c7f9/complete.json#/3787,2021-standard-derived upstream new-4; not 2025 exam
zh-hsk4-00335,机遇,jī yù,[jī yù] opportunity; favorable circumstance; stroke of luck,,general-and-abstract,zh-vocab-adapted,https://raw.githubusercontent.com/drkameleon/complete-hsk-vocabulary/7ac65bf1a6387d35f1ade478906172a19311c7f9/complete.json#/3796,2021-standard-derived upstream new-4; not 2025 exam
zh-hsk4-00336,积累,jī lěi,[jī lěi] to accumulate; accumulation; cumulative; cumulatively,,general-and-abstract,zh-vocab-adapted,https://raw.githubusercontent.com/drkameleon/complete-hsk-vocabulary/7ac65bf1a6387d35f1ade478906172a19311c7f9/complete.json#/3808,2021-standard-derived upstream new-4; not 2025 exam
zh-hsk4-00337,激动,jī dòng,[jī dòng] to move emotionally; to stir up (emotions); to excite,,general-and-abstract,zh-vocab-adapted,https://raw.githubusercontent.com/drkameleon/complete-hsk-vocabulary/7ac65bf1a6387d35f1ade478906172a19311c7f9/complete.json#/3822,2021-standard-derived upstream new-4; not 2025 exam
zh-hsk4-00338,激烈,jī liè,[jī liè] (of competition or fighting) intense; fierce; (of pain) acute; (of an expression of opinion) impassioned; vehement; (of a course of action) drastic; extreme,,health-and-body;thought-and-communication,zh-vocab-adapted,https://raw.githubusercontent.com/drkameleon/complete-hsk-vocabulary/7ac65bf1a6387d35f1ade478906172a19311c7f9/complete.json#/3828,2021-standard-derived upstream new-4; not 2025 exam
zh-hsk4-00339,及格,jí gé,[jí gé] to pass an exam or a test; to meet a minimum standard,,general-and-abstract,zh-vocab-adapted,https://raw.githubusercontent.com/drkameleon/complete-hsk-vocabulary/7ac65bf1a6387d35f1ade478906172a19311c7f9/complete.json#/3833,2021-standard-derived upstream new-4; not 2025 exam
zh-hsk4-00340,即将,jí jiāng,[jí jiāng] on the eve of; to be about to; to be on the verge of,,general-and-abstract,zh-vocab-adapted,https://raw.githubusercontent.com/drkameleon/complete-hsk-vocabulary/7ac65bf1a6387d35f1ade478906172a19311c7f9/complete.json#/3846,2021-standard-derived upstream new-4; not 2025 exam
zh-hsk4-00341,极,jí,"[jí] extremely; pole (geography, physics); utmost; top",,general-and-abstract,zh-vocab-adapted,https://raw.githubusercontent.com/drkameleon/complete-hsk-vocabulary/7ac65bf1a6387d35f1ade478906172a19311c7f9/complete.json#/3849,2021-standard-derived upstream new-4; not 2025 exam
zh-hsk4-00342,极其,jí qí,[jí qí] extremely,,general-and-abstract,zh-vocab-adapted,https://raw.githubusercontent.com/drkameleon/complete-hsk-vocabulary/7ac65bf1a6387d35f1ade478906172a19311c7f9/complete.json#/3854,2021-standard-derived upstream new-4; not 2025 exam
zh-hsk4-00343,急忙,jí máng,[jí máng] hastily,,general-and-abstract,zh-vocab-adapted,https://raw.githubusercontent.com/drkameleon/complete-hsk-vocabulary/7ac65bf1a6387d35f1ade478906172a19311c7f9/complete.json#/3862,2021-standard-derived upstream new-4; not 2025 exam
zh-hsk4-00344,集合,jí hé,[jí hé] to gather; to assemble; (math.) set,,general-and-abstract,zh-vocab-adapted,https://raw.githubusercontent.com/drkameleon/complete-hsk-vocabulary/7ac65bf1a6387d35f1ade478906172a19311c7f9/complete.json#/3876,2021-standard-derived upstream new-4; not 2025 exam
zh-hsk4-00345,几乎,jī hū,[jī hū] almost; nearly; practically,,general-and-abstract,zh-vocab-adapted,https://raw.githubusercontent.com/drkameleon/complete-hsk-vocabulary/7ac65bf1a6387d35f1ade478906172a19311c7f9/complete.json#/3888,2021-standard-derived upstream new-4; not 2025 exam
zh-hsk4-00346,记载,jì zǎi,[jì zǎi] to write down; to record; written account,,general-and-abstract,zh-vocab-adapted,https://raw.githubusercontent.com/drkameleon/complete-hsk-vocabulary/7ac65bf1a6387d35f1ade478906172a19311c7f9/complete.json#/3906,2021-standard-derived upstream new-4; not 2025 exam
zh-hsk4-00347,纪律,jì lǜ,[jì lǜ] discipline,,general-and-abstract,zh-vocab-adapted,https://raw.githubusercontent.com/drkameleon/complete-hsk-vocabulary/7ac65bf1a6387d35f1ade478906172a19311c7f9/complete.json#/3911,2021-standard-derived upstream new-4; not 2025 exam
zh-hsk4-00348,技巧,jì qiǎo,[jì qiǎo] skill; technique,,general-and-abstract,zh-vocab-adapted,https://raw.githubusercontent.com/drkameleon/complete-hsk-vocabulary/7ac65bf1a6387d35f1ade478906172a19311c7f9/complete.json#/3922,2021-standard-derived upstream new-4; not 2025 exam
zh-hsk4-00349,季,Jì / jì,[Jì] surname Ji / [jì] season; the last month of a season; fourth or youngest amongst brothers; classifier for seasonal crop yields,,time-and-quantity,zh-vocab-adapted,https://raw.githubusercontent.com/drkameleon/complete-hsk-vocabulary/7ac65bf1a6387d35f1ade478906172a19311c7f9/complete.json#/3926,2021-standard-derived upstream new-4; not 2025 exam
zh-hsk4-00350,季度,jì dù,[jì dù] quarter of a year; season (sports),,time-and-quantity,zh-vocab-adapted,https://raw.githubusercontent.com/drkameleon/complete-hsk-vocabulary/7ac65bf1a6387d35f1ade478906172a19311c7f9/complete.json#/3927,2021-standard-derived upstream new-4; not 2025 exam
zh-hsk4-00351,季节,jì jié,[jì jié] time; season; period,,time-and-quantity,zh-vocab-adapted,https://raw.githubusercontent.com/drkameleon/complete-hsk-vocabulary/7ac65bf1a6387d35f1ade478906172a19311c7f9/complete.json#/3928,2021-standard-derived upstream new-4; not 2025 exam
zh-hsk4-00352,既,jì,[jì] already; since; both... (and...),,general-and-abstract,zh-vocab-adapted,https://raw.githubusercontent.com/drkameleon/complete-hsk-vocabulary/7ac65bf1a6387d35f1ade478906172a19311c7f9/complete.json#/3930,2021-standard-derived upstream new-4; not 2025 exam
zh-hsk4-00353,既然,jì rán,[jì rán] since; as; this being the case,,general-and-abstract,zh-vocab-adapted,https://raw.githubusercontent.com/drkameleon/complete-hsk-vocabulary/7ac65bf1a6387d35f1ade478906172a19311c7f9/complete.json#/3931,2021-standard-derived upstream new-4; not 2025 exam
zh-hsk4-00354,寄,jì,[jì] to send; to mail; to entrust; to depend on; to attach oneself to; to live (in a house); to lodge; foster (son etc),,general-and-abstract,zh-vocab-adapted,https://raw.githubusercontent.com/drkameleon/complete-hsk-vocabulary/7ac65bf1a6387d35f1ade478906172a19311c7f9/complete.json#/3941,2021-standard-derived upstream new-4; not 2025 exam
zh-hsk4-00355,加班,jiā bān,[jiā bān] to work overtime,,study-and-work,zh-vocab-adapted,https://raw.githubusercontent.com/drkameleon/complete-hsk-vocabulary/7ac65bf1a6387d35f1ade478906172a19311c7f9/complete.json#/3947,2021-standard-derived upstream new-4; not 2025 exam
zh-hsk4-00356,加入,jiā rù,[jiā rù] to become a member; to join; to mix into; to participate in; to add in,,general-and-abstract,zh-vocab-adapted,https://raw.githubusercontent.com/drkameleon/complete-hsk-vocabulary/7ac65bf1a6387d35f1ade478906172a19311c7f9/complete.json#/3955,2021-standard-derived upstream new-4; not 2025 exam
zh-hsk4-00357,加油站,jiā yóu zhàn,[jiā yóu zhàn] gas station,,general-and-abstract,zh-vocab-adapted,https://raw.githubusercontent.com/drkameleon/complete-hsk-vocabulary/7ac65bf1a6387d35f1ade478906172a19311c7f9/complete.json#/3961,2021-standard-derived upstream new-4; not 2025 exam
zh-hsk4-00358,家务,jiā wù,[jiā wù] household duties; housework,,general-and-abstract,zh-vocab-adapted,https://raw.githubusercontent.com/drkameleon/complete-hsk-vocabulary/7ac65bf1a6387d35f1ade478906172a19311c7f9/complete.json#/3982,2021-standard-derived upstream new-4; not 2025 exam
zh-hsk4-00359,假如,jiǎ rú,[jiǎ rú] if,,general-and-abstract,zh-vocab-adapted,https://raw.githubusercontent.com/drkameleon/complete-hsk-vocabulary/7ac65bf1a6387d35f1ade478906172a19311c7f9/complete.json#/3998,2021-standard-derived upstream new-4; not 2025 exam
zh-hsk4-00360,坚固,jiān gù,[jiān gù] firm; firmly; hard; stable,,general-and-abstract,zh-vocab-adapted,https://raw.githubusercontent.com/drkameleon/complete-hsk-vocabulary/7ac65bf1a6387d35f1ade478906172a19311c7f9/complete.json#/4025,2021-standard-derived upstream new-4; not 2025 exam
zh-hsk4-00361,减,jiǎn,[jiǎn] to lower; to decrease; to reduce; to subtract; to diminish,,general-and-abstract,zh-vocab-adapted,https://raw.githubusercontent.com/drkameleon/complete-hsk-vocabulary/7ac65bf1a6387d35f1ade478906172a19311c7f9/complete.json#/4065,2021-standard-derived upstream new-4; not 2025 exam
zh-hsk4-00362,减肥,jiǎn féi,[jiǎn féi] to lose weight,,general-and-abstract,zh-vocab-adapted,https://raw.githubusercontent.com/drkameleon/complete-hsk-vocabulary/7ac65bf1a6387d35f1ade478906172a19311c7f9/complete.json#/4066,2021-standard-derived upstream new-4; not 2025 exam
zh-hsk4-00363,减少,jiǎn shǎo,[jiǎn shǎo] to lessen; to decrease; to reduce; to lower,,general-and-abstract,zh-vocab-adapted,https://raw.githubusercontent.com/drkameleon/complete-hsk-vocabulary/7ac65bf1a6387d35f1ade478906172a19311c7f9/complete.json#/4070,2021-standard-derived upstream new-4; not 2025 exam
zh-hsk4-00364,检测,jiǎn cè,[jiǎn cè] to detect; to test; detection; sensing,,general-and-abstract,zh-vocab-adapted,https://raw.githubusercontent.com/drkameleon/complete-hsk-vocabulary/7ac65bf1a6387d35f1ade478906172a19311c7f9/complete.json#/4077,2021-standard-derived upstream new-4; not 2025 exam
zh-hsk4-00365,简历,jiǎn lì,[jiǎn lì] curriculum vitae (CV); résumé; biographical notes,,general-and-abstract,zh-vocab-adapted,https://raw.githubusercontent.com/drkameleon/complete-hsk-vocabulary/7ac65bf1a6387d35f1ade478906172a19311c7f9/complete.json#/4088,2021-standard-derived upstream new-4; not 2025 exam
zh-hsk4-00366,健身,jiàn shēn,[jiàn shēn] to exercise; to keep fit; to work out; physical exercise,,study-and-work,zh-vocab-adapted,https://raw.githubusercontent.com/drkameleon/complete-hsk-vocabulary/7ac65bf1a6387d35f1ade478906172a19311c7f9/complete.json#/4125,2021-standard-derived upstream new-4; not 2025 exam
zh-hsk4-00367,渐渐,jiàn jiàn,[jiàn jiàn] gradually,,general-and-abstract,zh-vocab-adapted,https://raw.githubusercontent.com/drkameleon/complete-hsk-vocabulary/7ac65bf1a6387d35f1ade478906172a19311c7f9/complete.json#/4129,2021-standard-derived upstream new-4; not 2025 exam
zh-hsk4-00368,江,Jiāng / jiāng,[Jiāng] surname Jiang / [jiāng] river,,travel-and-places,zh-vocab-adapted,https://raw.githubusercontent.com/drkameleon/complete-hsk-vocabulary/7ac65bf1a6387d35f1ade478906172a19311c7f9/complete.json#/4139,2021-standard-derived upstream new-4; not 2025 exam
zh-hsk4-00369,讲究,jiǎng jiu,[jiǎng jiu] to pay particular attention to; carefully selected for quality; tastefully chosen,,general-and-abstract,zh-vocab-adapted,https://raw.githubusercontent.com/drkameleon/complete-hsk-vocabulary/7ac65bf1a6387d35f1ade478906172a19311c7f9/complete.json#/4153,2021-standard-derived upstream new-4; not 2025 exam
zh-hsk4-00370,讲座,jiǎng zuò,[jiǎng zuò] a course of lectures,,general-and-abstract,zh-vocab-adapted,https://raw.githubusercontent.com/drkameleon/complete-hsk-vocabulary/7ac65bf1a6387d35f1ade478906172a19311c7f9/complete.json#/4157,2021-standard-derived upstream new-4; not 2025 exam
zh-hsk4-00371,奖,jiǎng,[jiǎng] prize; award; encouragement,,general-and-abstract,zh-vocab-adapted,https://raw.githubusercontent.com/drkameleon/complete-hsk-vocabulary/7ac65bf1a6387d35f1ade478906172a19311c7f9/complete.json#/4158,2021-standard-derived upstream new-4; not 2025 exam
zh-hsk4-00372,奖金,jiǎng jīn,[jiǎng jīn] premium; award money; bonus,,general-and-abstract,zh-vocab-adapted,https://raw.githubusercontent.com/drkameleon/complete-hsk-vocabulary/7ac65bf1a6387d35f1ade478906172a19311c7f9/complete.json#/4160,2021-standard-derived upstream new-4; not 2025 exam
zh-hsk4-00373,奖学金,jiǎng xué jīn,[jiǎng xué jīn] scholarship,,general-and-abstract,zh-vocab-adapted,https://raw.githubusercontent.com/drkameleon/complete-hsk-vocabulary/7ac65bf1a6387d35f1ade478906172a19311c7f9/complete.json#/4166,2021-standard-derived upstream new-4; not 2025 exam
zh-hsk4-00374,降,jiàng / xiáng,[jiàng] to drop; to fall; to come down; to descend / [xiáng] to surrender; to capitulate; to subdue; to tame,,general-and-abstract,zh-vocab-adapted,https://raw.githubusercontent.com/drkameleon/complete-hsk-vocabulary/7ac65bf1a6387d35f1ade478906172a19311c7f9/complete.json#/4168,2021-standard-derived upstream new-4; not 2025 exam
zh-hsk4-00375,降低,jiàng dī,[jiàng dī] to reduce; to lower; to bring down,,general-and-abstract,zh-vocab-adapted,https://raw.githubusercontent.com/drkameleon/complete-hsk-vocabulary/7ac65bf1a6387d35f1ade478906172a19311c7f9/complete.json#/4169,2021-standard-derived upstream new-4; not 2025 exam
zh-hsk4-00376,降价,jiàng jià,[jiàng jià] to cut the price; to drive down the price; to get cheaper,,food-and-shopping,zh-vocab-adapted,https://raw.githubusercontent.com/drkameleon/complete-hsk-vocabulary/7ac65bf1a6387d35f1ade478906172a19311c7f9/complete.json#/4170,2021-standard-derived upstream new-4; not 2025 exam
zh-hsk4-00377,降落,jiàng luò,[jiàng luò] to descend; to land,,general-and-abstract,zh-vocab-adapted,https://raw.githubusercontent.com/drkameleon/complete-hsk-vocabulary/7ac65bf1a6387d35f1ade478906172a19311c7f9/complete.json#/4172,2021-standard-derived upstream new-4; not 2025 exam
zh-hsk4-00378,降温,jiàng wēn,"[jiàng wēn] to become cooler; to lower the temperature; cooling; (of interest, activity etc) to decline",,general-and-abstract,zh-vocab-adapted,https://raw.githubusercontent.com/drkameleon/complete-hsk-vocabulary/7ac65bf1a6387d35f1ade478906172a19311c7f9/complete.json#/4173,2021-standard-derived upstream new-4; not 2025 exam
zh-hsk4-00379,交换,jiāo huàn,[jiāo huàn] to exchange; to swap; to switch (telecom); commutative (math); to commute,,general-and-abstract,zh-vocab-adapted,https://raw.githubusercontent.com/drkameleon/complete-hsk-vocabulary/7ac65bf1a6387d35f1ade478906172a19311c7f9/complete.json#/4183,2021-standard-derived upstream new-4; not 2025 exam
zh-hsk4-00380,交际,jiāo jì,[jiāo jì] communication; social intercourse,,general-and-abstract,zh-vocab-adapted,https://raw.githubusercontent.com/drkameleon/complete-hsk-vocabulary/7ac65bf1a6387d35f1ade478906172a19311c7f9/complete.json#/4185,2021-standard-derived upstream new-4; not 2025 exam
zh-hsk4-00381,角色,jué sè,[jué sè] role; character in a novel; persona; also pr.,,general-and-abstract,zh-vocab-adapted,https://raw.githubusercontent.com/drkameleon/complete-hsk-vocabulary/7ac65bf1a6387d35f1ade478906172a19311c7f9/complete.json#/4222,2021-standard-derived upstream new-4; not 2025 exam
zh-hsk4-00382,教授,jiào shòu,[jiào shòu] professor; to instruct; to lecture on,,general-and-abstract,zh-vocab-adapted,https://raw.githubusercontent.com/drkameleon/complete-hsk-vocabulary/7ac65bf1a6387d35f1ade478906172a19311c7f9/complete.json#/4250,2021-standard-derived upstream new-4; not 2025 exam
zh-hsk4-00383,教训,jiào xun,[jiào xun] to provide guidance; to lecture sb; to upbraid; a talking-to; a bitter lesson,,general-and-abstract,zh-vocab-adapted,https://raw.githubusercontent.com/drkameleon/complete-hsk-vocabulary/7ac65bf1a6387d35f1ade478906172a19311c7f9/complete.json#/4255,2021-standard-derived upstream new-4; not 2025 exam
zh-hsk4-00384,阶段,jiē duàn,[jiē duàn] stage; section; phase; period,,general-and-abstract,zh-vocab-adapted,https://raw.githubusercontent.com/drkameleon/complete-hsk-vocabulary/7ac65bf1a6387d35f1ade478906172a19311c7f9/complete.json#/4260,2021-standard-derived upstream new-4; not 2025 exam
zh-hsk4-00385,街道,jiē dào,[jiē dào] street; subdistrict; residential district,,general-and-abstract,zh-vocab-adapted,https://raw.githubusercontent.com/drkameleon/complete-hsk-vocabulary/7ac65bf1a6387d35f1ade478906172a19311c7f9/complete.json#/4293,2021-standard-derived upstream new-4; not 2025 exam
zh-hsk4-00386,节省,jié shěng,[jié shěng] saving; to save; to use sparingly; to cut down on,,general-and-abstract,zh-vocab-adapted,https://raw.githubusercontent.com/drkameleon/complete-hsk-vocabulary/7ac65bf1a6387d35f1ade478906172a19311c7f9/complete.json#/4302,2021-standard-derived upstream new-4; not 2025 exam
zh-hsk4-00387,结,jiē / jié,[jiē] (of a plant) to produce (fruit or seeds); Taiwan pr. / [jié] knot; sturdy; bond; to tie; to bind; to check out (of a hotel),,food-and-shopping;travel-and-places;nature-and-technology,zh-vocab-adapted,https://raw.githubusercontent.com/drkameleon/complete-hsk-vocabulary/7ac65bf1a6387d35f1ade478906172a19311c7f9/complete.json#/4311,2021-standard-derived upstream new-4; not 2025 exam
zh-hsk4-00388,结构,jié gòu,[jié gòu] structure; composition; makeup; architecture,,general-and-abstract,zh-vocab-adapted,https://raw.githubusercontent.com/drkameleon/complete-hsk-vocabulary/7ac65bf1a6387d35f1ade478906172a19311c7f9/complete.json#/4313,2021-standard-derived upstream new-4; not 2025 exam
zh-hsk4-00389,结论,jié lùn,[jié lùn] conclusion; verdict; to conclude; to reach a verdict,,general-and-abstract,zh-vocab-adapted,https://raw.githubusercontent.com/drkameleon/complete-hsk-vocabulary/7ac65bf1a6387d35f1ade478906172a19311c7f9/complete.json#/4319,2021-standard-derived upstream new-4; not 2025 exam
zh-hsk4-00390,解释,jiě shì,[jiě shì] explanation; to explain; to interpret; to resolve,,thought-and-communication,zh-vocab-adapted,https://raw.githubusercontent.com/drkameleon/complete-hsk-vocabulary/7ac65bf1a6387d35f1ade478906172a19311c7f9/complete.json#/4343,2021-standard-derived upstream new-4; not 2025 exam
zh-hsk4-00391,姐妹,jiě mèi,"[jiě mèi] sisters; siblings; sister (school, city etc)",,people-and-relationships;travel-and-places;study-and-work,zh-vocab-adapted,https://raw.githubusercontent.com/drkameleon/complete-hsk-vocabulary/7ac65bf1a6387d35f1ade478906172a19311c7f9/complete.json#/4372,2021-standard-derived upstream new-4; not 2025 exam
zh-hsk4-00392,尽快,jǐn kuài,[jǐn kuài] as quickly as possible; as soon as possible,,general-and-abstract,zh-vocab-adapted,https://raw.githubusercontent.com/drkameleon/complete-hsk-vocabulary/7ac65bf1a6387d35f1ade478906172a19311c7f9/complete.json#/4395,2021-standard-derived upstream new-4; not 2025 exam
zh-hsk4-00393,尽力,jìn lì,[jìn lì] to strive one's hardest; to spare no effort,,general-and-abstract,zh-vocab-adapted,https://raw.githubusercontent.com/drkameleon/complete-hsk-vocabulary/7ac65bf1a6387d35f1ade478906172a19311c7f9/complete.json#/4396,2021-standard-derived upstream new-4; not 2025 exam
zh-hsk4-00394,紧密,jǐn mì,[jǐn mì] inseparably close,,general-and-abstract,zh-vocab-adapted,https://raw.githubusercontent.com/drkameleon/complete-hsk-vocabulary/7ac65bf1a6387d35f1ade478906172a19311c7f9/complete.json#/4406,2021-standard-derived upstream new-4; not 2025 exam
zh-hsk4-00395,近代,jìn dài,"[jìn dài] the not-very-distant past; modern times, excluding recent decades; (in the context of Chinese history) the period from the Opium Wars until the May 4th Movement (mid-19th century to 1919); capitalist times (pre-1949)",,society-and-public-life,zh-vocab-adapted,https://raw.githubusercontent.com/drkameleon/complete-hsk-vocabulary/7ac65bf1a6387d35f1ade478906172a19311c7f9/complete.json#/4416,2021-standard-derived upstream new-4; not 2025 exam
zh-hsk4-00396,进口,jìn kǒu,"[jìn kǒu] to import; imported; entrance; inlet (for the intake of air, water etc)",,general-and-abstract,zh-vocab-adapted,https://raw.githubusercontent.com/drkameleon/complete-hsk-vocabulary/7ac65bf1a6387d35f1ade478906172a19311c7f9/complete.json#/4432,2021-standard-derived upstream new-4; not 2025 exam
zh-hsk4-00397,禁止,jìn zhǐ,[jìn zhǐ] to prohibit; to forbid; to ban,,general-and-abstract,zh-vocab-adapted,https://raw.githubusercontent.com/drkameleon/complete-hsk-vocabulary/7ac65bf1a6387d35f1ade478906172a19311c7f9/complete.json#/4445,2021-standard-derived upstream new-4; not 2025 exam
zh-hsk4-00398,经典,jīng diǎn,"[jīng diǎn] the classics; scriptures; classical; classic (example, case etc); typical",,general-and-abstract,zh-vocab-adapted,https://raw.githubusercontent.com/drkameleon/complete-hsk-vocabulary/7ac65bf1a6387d35f1ade478906172a19311c7f9/complete.json#/4449,2021-standard-derived upstream new-4; not 2025 exam
zh-hsk4-00399,精力,jīng lì,[jīng lì] energy,,general-and-abstract,zh-vocab-adapted,https://raw.githubusercontent.com/drkameleon/complete-hsk-vocabulary/7ac65bf1a6387d35f1ade478906172a19311c7f9/complete.json#/4486,2021-standard-derived upstream new-4; not 2025 exam
zh-hsk4-00400,竟然,jìng rán,[jìng rán] unexpectedly; to one's surprise; in spite of everything; in that crazy way; actually; to go as far as to,,general-and-abstract,zh-vocab-adapted,https://raw.githubusercontent.com/drkameleon/complete-hsk-vocabulary/7ac65bf1a6387d35f1ade478906172a19311c7f9/complete.json#/4528,2021-standard-derived upstream new-4; not 2025 exam
zh-hsk4-00401,镜头,jìng tóu,[jìng tóu] camera lens; camera shot (in a movie etc); scene,,general-and-abstract,zh-vocab-adapted,https://raw.githubusercontent.com/drkameleon/complete-hsk-vocabulary/7ac65bf1a6387d35f1ade478906172a19311c7f9/complete.json#/4546,2021-standard-derived upstream new-4; not 2025 exam
zh-hsk4-00402,镜子,jìng zi,[jìng zi] mirror,,general-and-abstract,zh-vocab-adapted,https://raw.githubusercontent.com/drkameleon/complete-hsk-vocabulary/7ac65bf1a6387d35f1ade478906172a19311c7f9/complete.json#/4547,2021-standard-derived upstream new-4; not 2025 exam
zh-hsk4-00403,究竟,jiū jìng,[jiū jìng] to go to the bottom of a matter; after all; when all is said and done; (in an interrogative sentence) finally; outcome; result,,general-and-abstract,zh-vocab-adapted,https://raw.githubusercontent.com/drkameleon/complete-hsk-vocabulary/7ac65bf1a6387d35f1ade478906172a19311c7f9/complete.json#/4552,2021-standard-derived upstream new-4; not 2025 exam
zh-hsk4-00404,酒吧,jiǔ bā,[jiǔ bā] bar; pub; saloon,,general-and-abstract,zh-vocab-adapted,https://raw.githubusercontent.com/drkameleon/complete-hsk-vocabulary/7ac65bf1a6387d35f1ade478906172a19311c7f9/complete.json#/4559,2021-standard-derived upstream new-4; not 2025 exam
zh-hsk4-00405,居民,jū mín,[jū mín] resident; inhabitant,,general-and-abstract,zh-vocab-adapted,https://raw.githubusercontent.com/drkameleon/complete-hsk-vocabulary/7ac65bf1a6387d35f1ade478906172a19311c7f9/complete.json#/4591,2021-standard-derived upstream new-4; not 2025 exam
zh-hsk4-00406,居住,jū zhù,[jū zhù] to reside; to dwell; to live in a place; resident in,,general-and-abstract,zh-vocab-adapted,https://raw.githubusercontent.com/drkameleon/complete-hsk-vocabulary/7ac65bf1a6387d35f1ade478906172a19311c7f9/complete.json#/4594,2021-standard-derived upstream new-4; not 2025 exam
zh-hsk4-00407,局,jú,"[jú] narrow / [jú] office; situation; classifier for games: match, set, round etc",,study-and-work,zh-vocab-adapted,https://raw.githubusercontent.com/drkameleon/complete-hsk-vocabulary/7ac65bf1a6387d35f1ade478906172a19311c7f9/complete.json#/4598,2021-standard-derived upstream new-4; not 2025 exam
zh-hsk4-00408,巨大,jù dà,[jù dà] huge; immense; very large; tremendous; gigantic; enormous,,general-and-abstract,zh-vocab-adapted,https://raw.githubusercontent.com/drkameleon/complete-hsk-vocabulary/7ac65bf1a6387d35f1ade478906172a19311c7f9/complete.json#/4624,2021-standard-derived upstream new-4; not 2025 exam
zh-hsk4-00409,具备,jù bèi,[jù bèi] to possess; to have; equipped with; able to fulfill (conditions or requirements),,general-and-abstract,zh-vocab-adapted,https://raw.githubusercontent.com/drkameleon/complete-hsk-vocabulary/7ac65bf1a6387d35f1ade478906172a19311c7f9/complete.json#/4633,2021-standard-derived upstream new-4; not 2025 exam
zh-hsk4-00410,距离,jù lí,[jù lí] distance; to be apart from,,general-and-abstract,zh-vocab-adapted,https://raw.githubusercontent.com/drkameleon/complete-hsk-vocabulary/7ac65bf1a6387d35f1ade478906172a19311c7f9/complete.json#/4651,2021-standard-derived upstream new-4; not 2025 exam
zh-hsk4-00411,聚,jù,[jù] to congregate; to assemble; to mass; to gather together; to amass; to polymerize,,general-and-abstract,zh-vocab-adapted,https://raw.githubusercontent.com/drkameleon/complete-hsk-vocabulary/7ac65bf1a6387d35f1ade478906172a19311c7f9/complete.json#/4653,2021-standard-derived upstream new-4; not 2025 exam
zh-hsk4-00412,聚会,jù huì,[jù huì] party; gathering; to meet; to get together,,general-and-abstract,zh-vocab-adapted,https://raw.githubusercontent.com/drkameleon/complete-hsk-vocabulary/7ac65bf1a6387d35f1ade478906172a19311c7f9/complete.json#/4654,2021-standard-derived upstream new-4; not 2025 exam
zh-hsk4-00413,卷,juǎn / juàn,"[juǎn] to roll up; roll; classifier for small rolled things (wad of paper money, movie reel etc) / [juàn] scroll; book; volume; chapter; examination paper; classifier for books, paintings: volume, scroll / [juǎn] to roll up; to sweep up; to carry along; a roll; classifier for rolls, spools etc",,study-and-work,zh-vocab-adapted,https://raw.githubusercontent.com/drkameleon/complete-hsk-vocabulary/7ac65bf1a6387d35f1ade478906172a19311c7f9/complete.json#/4662,2021-standard-derived upstream new-4; not 2025 exam
zh-hsk4-00414,开花,kāi huā,[kāi huā] to bloom; to blossom; to flower; (fig.) to burst; to split open; (fig.) to burst with joy; (fig.) to spring up everywhere; to flourish,,general-and-abstract,zh-vocab-adapted,https://raw.githubusercontent.com/drkameleon/complete-hsk-vocabulary/7ac65bf1a6387d35f1ade478906172a19311c7f9/complete.json#/4722,2021-standard-derived upstream new-4; not 2025 exam
zh-hsk4-00415,开水,kāi shuǐ,[kāi shuǐ] boiled water; boiling water,,general-and-abstract,zh-vocab-adapted,https://raw.githubusercontent.com/drkameleon/complete-hsk-vocabulary/7ac65bf1a6387d35f1ade478906172a19311c7f9/complete.json#/4737,2021-standard-derived upstream new-4; not 2025 exam
zh-hsk4-00416,看不起,kàn bu qǐ,[kàn bu qǐ] to look down upon; to despise,,general-and-abstract,zh-vocab-adapted,https://raw.githubusercontent.com/drkameleon/complete-hsk-vocabulary/7ac65bf1a6387d35f1ade478906172a19311c7f9/complete.json#/4761,2021-standard-derived upstream new-4; not 2025 exam
zh-hsk4-00417,看来,kàn lai,[kàn lai] apparently; it seems that,,general-and-abstract,zh-vocab-adapted,https://raw.githubusercontent.com/drkameleon/complete-hsk-vocabulary/7ac65bf1a6387d35f1ade478906172a19311c7f9/complete.json#/4774,2021-standard-derived upstream new-4; not 2025 exam
zh-hsk4-00418,看望,kàn wàng,[kàn wàng] to pay a visit to; to see (sb),,general-and-abstract,zh-vocab-adapted,https://raw.githubusercontent.com/drkameleon/complete-hsk-vocabulary/7ac65bf1a6387d35f1ade478906172a19311c7f9/complete.json#/4780,2021-standard-derived upstream new-4; not 2025 exam
zh-hsk4-00419,考察,kǎo chá,[kǎo chá] to inspect; to observe and study; on-the-spot investigation,,study-and-work,zh-vocab-adapted,https://raw.githubusercontent.com/drkameleon/complete-hsk-vocabulary/7ac65bf1a6387d35f1ade478906172a19311c7f9/complete.json#/4794,2021-standard-derived upstream new-4; not 2025 exam
zh-hsk4-00420,考虑,kǎo lǜ,[kǎo lǜ] to think over; to consider; consideration,,thought-and-communication,zh-vocab-adapted,https://raw.githubusercontent.com/drkameleon/complete-hsk-vocabulary/7ac65bf1a6387d35f1ade478906172a19311c7f9/complete.json#/4799,2021-standard-derived upstream new-4; not 2025 exam
zh-hsk4-00421,棵,kē,"[kē] classifier for trees, cabbages, plants etc",,general-and-abstract,zh-vocab-adapted,https://raw.githubusercontent.com/drkameleon/complete-hsk-vocabulary/7ac65bf1a6387d35f1ade478906172a19311c7f9/complete.json#/4819,2021-standard-derived upstream new-4; not 2025 exam
zh-hsk4-00422,可见,kě jiàn,[kě jiàn] it can clearly be seen (that this is the case); it is (thus) clear; clear; visible,,general-and-abstract,zh-vocab-adapted,https://raw.githubusercontent.com/drkameleon/complete-hsk-vocabulary/7ac65bf1a6387d35f1ade478906172a19311c7f9/complete.json#/4834,2021-standard-derived upstream new-4; not 2025 exam
zh-hsk4-00423,空间,kōng jiān,"[kōng jiān] space; room; (fig.) scope; leeway; (astronomy) outer space; (physics, math.) space",,general-and-abstract,zh-vocab-adapted,https://raw.githubusercontent.com/drkameleon/complete-hsk-vocabulary/7ac65bf1a6387d35f1ade478906172a19311c7f9/complete.json#/4890,2021-standard-derived upstream new-4; not 2025 exam
zh-hsk4-00424,口袋,kǒu dài,[kǒu dài] pocket; bag; sack,,general-and-abstract,zh-vocab-adapted,https://raw.githubusercontent.com/drkameleon/complete-hsk-vocabulary/7ac65bf1a6387d35f1ade478906172a19311c7f9/complete.json#/4915,2021-standard-derived upstream new-4; not 2025 exam
zh-hsk4-00425,口语,kǒu yǔ,[kǒu yǔ] colloquial speech; spoken language; vernacular language; slander; gossip,,thought-and-communication,zh-vocab-adapted,https://raw.githubusercontent.com/drkameleon/complete-hsk-vocabulary/7ac65bf1a6387d35f1ade478906172a19311c7f9/complete.json#/4929,2021-standard-derived upstream new-4; not 2025 exam
zh-hsk4-00426,苦,kǔ,[kǔ] bitter; hardship; pain; to suffer; to bring suffering to; painstakingly,,health-and-body,zh-vocab-adapted,https://raw.githubusercontent.com/drkameleon/complete-hsk-vocabulary/7ac65bf1a6387d35f1ade478906172a19311c7f9/complete.json#/4943,2021-standard-derived upstream new-4; not 2025 exam
zh-hsk4-00427,快递,kuài dì,[kuài dì] express delivery,,general-and-abstract,zh-vocab-adapted,https://raw.githubusercontent.com/drkameleon/complete-hsk-vocabulary/7ac65bf1a6387d35f1ade478906172a19311c7f9/complete.json#/4970,2021-standard-derived upstream new-4; not 2025 exam
zh-hsk4-00428,宽,Kuān / kuān,[Kuān] surname Kuan / [kuān] wide; broad; loose; relaxed; lenient,,general-and-abstract,zh-vocab-adapted,https://raw.githubusercontent.com/drkameleon/complete-hsk-vocabulary/7ac65bf1a6387d35f1ade478906172a19311c7f9/complete.json#/4978,2021-standard-derived upstream new-4; not 2025 exam
zh-hsk4-00429,宽广,kuān guǎng,[kuān guǎng] wide; broad; extensive; vast,,general-and-abstract,zh-vocab-adapted,https://raw.githubusercontent.com/drkameleon/complete-hsk-vocabulary/7ac65bf1a6387d35f1ade478906172a19311c7f9/complete.json#/4982,2021-standard-derived upstream new-4; not 2025 exam
zh-hsk4-00430,矿泉水,kuàng quán shuǐ,[kuàng quán shuǐ] mineral water,,general-and-abstract,zh-vocab-adapted,https://raw.githubusercontent.com/drkameleon/complete-hsk-vocabulary/7ac65bf1a6387d35f1ade478906172a19311c7f9/complete.json#/5002,2021-standard-derived upstream new-4; not 2025 exam
zh-hsk4-00431,扩大,kuò dà,[kuò dà] to expand; to enlarge; to broaden one's scope,,general-and-abstract,zh-vocab-adapted,https://raw.githubusercontent.com/drkameleon/complete-hsk-vocabulary/7ac65bf1a6387d35f1ade478906172a19311c7f9/complete.json#/5017,2021-standard-derived upstream new-4; not 2025 exam
zh-hsk4-00432,扩展,kuò zhǎn,[kuò zhǎn] to extend; to expand; extension; expansion,,general-and-abstract,zh-vocab-adapted,https://raw.githubusercontent.com/drkameleon/complete-hsk-vocabulary/7ac65bf1a6387d35f1ade478906172a19311c7f9/complete.json#/5020,2021-standard-derived upstream new-4; not 2025 exam
zh-hsk4-00433,括号,kuò hào,[kuò hào] parentheses; brackets,,general-and-abstract,zh-vocab-adapted,https://raw.githubusercontent.com/drkameleon/complete-hsk-vocabulary/7ac65bf1a6387d35f1ade478906172a19311c7f9/complete.json#/5022,2021-standard-derived upstream new-4; not 2025 exam
zh-hsk4-00434,垃圾,lā jī,[lā jī] trash; refuse; garbage; (coll.) of poor quality; Taiwan pr.,,general-and-abstract,zh-vocab-adapted,https://raw.githubusercontent.com/drkameleon/complete-hsk-vocabulary/7ac65bf1a6387d35f1ade478906172a19311c7f9/complete.json#/5026,2021-standard-derived upstream new-4; not 2025 exam
zh-hsk4-00435,拉开,lā kāi,[lā kāi] to pull open; to pull apart; to space out; to increase,,general-and-abstract,zh-vocab-adapted,https://raw.githubusercontent.com/drkameleon/complete-hsk-vocabulary/7ac65bf1a6387d35f1ade478906172a19311c7f9/complete.json#/5030,2021-standard-derived upstream new-4; not 2025 exam
zh-hsk4-00436,辣,là,"[là] hot (spicy); pungent; (of chili pepper, raw onions etc) to sting; to burn",,general-and-abstract,zh-vocab-adapted,https://raw.githubusercontent.com/drkameleon/complete-hsk-vocabulary/7ac65bf1a6387d35f1ade478906172a19311c7f9/complete.json#/5037,2021-standard-derived upstream new-4; not 2025 exam
zh-hsk4-00437,来不及,lái bu jí,[lái bu jí] there's not enough time (to do sth); it's too late (to do sth),,time-and-quantity,zh-vocab-adapted,https://raw.githubusercontent.com/drkameleon/complete-hsk-vocabulary/7ac65bf1a6387d35f1ade478906172a19311c7f9/complete.json#/5043,2021-standard-derived upstream new-4; not 2025 exam
zh-hsk4-00438,来得及,lái de jí,[lái de jí] to have enough time; can do it in time; can still make it,,time-and-quantity,zh-vocab-adapted,https://raw.githubusercontent.com/drkameleon/complete-hsk-vocabulary/7ac65bf1a6387d35f1ade478906172a19311c7f9/complete.json#/5045,2021-standard-derived upstream new-4; not 2025 exam
zh-hsk4-00439,来源,lái yuán,[lái yuán] source (of information etc); origin,,general-and-abstract,zh-vocab-adapted,https://raw.githubusercontent.com/drkameleon/complete-hsk-vocabulary/7ac65bf1a6387d35f1ade478906172a19311c7f9/complete.json#/5055,2021-standard-derived upstream new-4; not 2025 exam
zh-hsk4-00440,老公,lǎo gōng / lǎo gong,[lǎo gōng] (coll.) husband / [lǎo gong] (coll.) eunuch,,people-and-relationships,zh-vocab-adapted,https://raw.githubusercontent.com/drkameleon/complete-hsk-vocabulary/7ac65bf1a6387d35f1ade478906172a19311c7f9/complete.json#/5100,2021-standard-derived upstream new-4; not 2025 exam
zh-hsk4-00441,老家,lǎo jiā,[lǎo jiā] native place; place of origin; home state or region,,general-and-abstract,zh-vocab-adapted,https://raw.githubusercontent.com/drkameleon/complete-hsk-vocabulary/7ac65bf1a6387d35f1ade478906172a19311c7f9/complete.json#/5104,2021-standard-derived upstream new-4; not 2025 exam
zh-hsk4-00442,老婆,lǎo pó,[lǎo pó] (coll.) wife,,people-and-relationships,zh-vocab-adapted,https://raw.githubusercontent.com/drkameleon/complete-hsk-vocabulary/7ac65bf1a6387d35f1ade478906172a19311c7f9/complete.json#/5107,2021-standard-derived upstream new-4; not 2025 exam
zh-hsk4-00443,老实,lǎo shi,[lǎo shi] honest; sincere; well-behaved; naive; gullible,,general-and-abstract,zh-vocab-adapted,https://raw.githubusercontent.com/drkameleon/complete-hsk-vocabulary/7ac65bf1a6387d35f1ade478906172a19311c7f9/complete.json#/5111,2021-standard-derived upstream new-4; not 2025 exam
zh-hsk4-00444,乐趣,lè qù,[lè qù] delight; pleasure; joy,,general-and-abstract,zh-vocab-adapted,https://raw.githubusercontent.com/drkameleon/complete-hsk-vocabulary/7ac65bf1a6387d35f1ade478906172a19311c7f9/complete.json#/5130,2021-standard-derived upstream new-4; not 2025 exam
zh-hsk4-00445,了不起,liǎo bu qǐ,[liǎo bu qǐ] amazing; terrific; extraordinary,,general-and-abstract,zh-vocab-adapted,https://raw.githubusercontent.com/drkameleon/complete-hsk-vocabulary/7ac65bf1a6387d35f1ade478906172a19311c7f9/complete.json#/5134,2021-standard-derived upstream new-4; not 2025 exam
zh-hsk4-00446,了解,liǎo jiě,[liǎo jiě] to understand; to realize; to find out,,general-and-abstract,zh-vocab-adapted,https://raw.githubusercontent.com/drkameleon/complete-hsk-vocabulary/7ac65bf1a6387d35f1ade478906172a19311c7f9/complete.json#/5136,2021-standard-derived upstream new-4; not 2025 exam
zh-hsk4-00447,泪,lèi,[lèi] tears,,general-and-abstract,zh-vocab-adapted,https://raw.githubusercontent.com/drkameleon/complete-hsk-vocabulary/7ac65bf1a6387d35f1ade478906172a19311c7f9/complete.json#/5142,2021-standard-derived upstream new-4; not 2025 exam
zh-hsk4-00448,泪水,lèi shuǐ,[lèi shuǐ] teardrop; tears,,general-and-abstract,zh-vocab-adapted,https://raw.githubusercontent.com/drkameleon/complete-hsk-vocabulary/7ac65bf1a6387d35f1ade478906172a19311c7f9/complete.json#/5143,2021-standard-derived upstream new-4; not 2025 exam
zh-hsk4-00449,类型,lèi xíng,[lèi xíng] type; kind; category; (computer programming) type,,nature-and-technology,zh-vocab-adapted,https://raw.githubusercontent.com/drkameleon/complete-hsk-vocabulary/7ac65bf1a6387d35f1ade478906172a19311c7f9/complete.json#/5147,2021-standard-derived upstream new-4; not 2025 exam
zh-hsk4-00450,冷静,lěng jìng,[lěng jìng] calm; cool-headed; dispassionate; (of a place) deserted; quiet,,general-and-abstract,zh-vocab-adapted,https://raw.githubusercontent.com/drkameleon/complete-hsk-vocabulary/7ac65bf1a6387d35f1ade478906172a19311c7f9/complete.json#/5155,2021-standard-derived upstream new-4; not 2025 exam
zh-hsk4-00451,厘米,lí mǐ,[lí mǐ] centimeter,,general-and-abstract,zh-vocab-adapted,https://raw.githubusercontent.com/drkameleon/complete-hsk-vocabulary/7ac65bf1a6387d35f1ade478906172a19311c7f9/complete.json#/5167,2021-standard-derived upstream new-4; not 2025 exam
zh-hsk4-00452,离不开,lí bu kāi,[lí bu kāi] inseparable; inevitably linked to,,general-and-abstract,zh-vocab-adapted,https://raw.githubusercontent.com/drkameleon/complete-hsk-vocabulary/7ac65bf1a6387d35f1ade478906172a19311c7f9/complete.json#/5169,2021-standard-derived upstream new-4; not 2025 exam
zh-hsk4-00453,力气,lì qi,[lì qi] strength,,general-and-abstract,zh-vocab-adapted,https://raw.githubusercontent.com/drkameleon/complete-hsk-vocabulary/7ac65bf1a6387d35f1ade478906172a19311c7f9/complete.json#/5212,2021-standard-derived upstream new-4; not 2025 exam
zh-hsk4-00454,历史,lì shǐ,[lì shǐ] history,,society-and-public-life,zh-vocab-adapted,https://raw.githubusercontent.com/drkameleon/complete-hsk-vocabulary/7ac65bf1a6387d35f1ade478906172a19311c7f9/complete.json#/5223,2021-standard-derived upstream new-4; not 2025 exam
zh-hsk4-00455,立即,lì jí,[lì jí] immediately,,general-and-abstract,zh-vocab-adapted,https://raw.githubusercontent.com/drkameleon/complete-hsk-vocabulary/7ac65bf1a6387d35f1ade478906172a19311c7f9/complete.json#/5230,2021-standard-derived upstream new-4; not 2025 exam
zh-hsk4-00456,利息,lì xī,[lì xī] interest (on a loan),,general-and-abstract,zh-vocab-adapted,https://raw.githubusercontent.com/drkameleon/complete-hsk-vocabulary/7ac65bf1a6387d35f1ade478906172a19311c7f9/complete.json#/5240,2021-standard-derived upstream new-4; not 2025 exam
zh-hsk4-00457,利益,lì yì,[lì yì] benefit; (in sb's) interest,,general-and-abstract,zh-vocab-adapted,https://raw.githubusercontent.com/drkameleon/complete-hsk-vocabulary/7ac65bf1a6387d35f1ade478906172a19311c7f9/complete.json#/5241,2021-standard-derived upstream new-4; not 2025 exam
zh-hsk4-00458,俩,liǎ,[liǎ] two; both; some,,general-and-abstract,zh-vocab-adapted,https://raw.githubusercontent.com/drkameleon/complete-hsk-vocabulary/7ac65bf1a6387d35f1ade478906172a19311c7f9/complete.json#/5248,2021-standard-derived upstream new-4; not 2025 exam
zh-hsk4-00459,良好,liáng hǎo,[liáng hǎo] good; favorable; well; fine,,general-and-abstract,zh-vocab-adapted,https://raw.githubusercontent.com/drkameleon/complete-hsk-vocabulary/7ac65bf1a6387d35f1ade478906172a19311c7f9/complete.json#/5290,2021-standard-derived upstream new-4; not 2025 exam
zh-hsk4-00460,粮食,liáng shi,[liáng shi] foodstuff; cereals,,general-and-abstract,zh-vocab-adapted,https://raw.githubusercontent.com/drkameleon/complete-hsk-vocabulary/7ac65bf1a6387d35f1ade478906172a19311c7f9/complete.json#/5298,2021-standard-derived upstream new-4; not 2025 exam
zh-hsk4-00461,两边,liǎng bian,[liǎng bian] either side; both sides,,general-and-abstract,zh-vocab-adapted,https://raw.githubusercontent.com/drkameleon/complete-hsk-vocabulary/7ac65bf1a6387d35f1ade478906172a19311c7f9/complete.json#/5301,2021-standard-derived upstream new-4; not 2025 exam
zh-hsk4-00462,量,liáng / liàng,[liáng] to measure / [liàng] capacity; quantity; amount; to estimate; classifier (in Chinese grammar); measure word,,general-and-abstract,zh-vocab-adapted,https://raw.githubusercontent.com/drkameleon/complete-hsk-vocabulary/7ac65bf1a6387d35f1ade478906172a19311c7f9/complete.json#/5313,2021-standard-derived upstream new-4; not 2025 exam
zh-hsk4-00463,疗养,liáo yǎng,[liáo yǎng] to get well; to heal; to recuperate; to convalesce; convalescence; to nurse,,general-and-abstract,zh-vocab-adapted,https://raw.githubusercontent.com/drkameleon/complete-hsk-vocabulary/7ac65bf1a6387d35f1ade478906172a19311c7f9/complete.json#/5317,2021-standard-derived upstream new-4; not 2025 exam
zh-hsk4-00464,列,liè,[liè] to arrange; to line up; file; series; (in data tables) column; (Tw) row,,general-and-abstract,zh-vocab-adapted,https://raw.githubusercontent.com/drkameleon/complete-hsk-vocabulary/7ac65bf1a6387d35f1ade478906172a19311c7f9/complete.json#/5325,2021-standard-derived upstream new-4; not 2025 exam
zh-hsk4-00465,列车,liè chē,[liè chē] (railway) train,,travel-and-places,zh-vocab-adapted,https://raw.githubusercontent.com/drkameleon/complete-hsk-vocabulary/7ac65bf1a6387d35f1ade478906172a19311c7f9/complete.json#/5326,2021-standard-derived upstream new-4; not 2025 exam
zh-hsk4-00466,列入,liè rù,[liè rù] to include on a list,,general-and-abstract,zh-vocab-adapted,https://raw.githubusercontent.com/drkameleon/complete-hsk-vocabulary/7ac65bf1a6387d35f1ade478906172a19311c7f9/complete.json#/5328,2021-standard-derived upstream new-4; not 2025 exam
zh-hsk4-00467,列为,liè wéi,[liè wéi] to be classified as,,general-and-abstract,zh-vocab-adapted,https://raw.githubusercontent.com/drkameleon/complete-hsk-vocabulary/7ac65bf1a6387d35f1ade478906172a19311c7f9/complete.json#/5329,2021-standard-derived upstream new-4; not 2025 exam
zh-hsk4-00468,临时,lín shí,[lín shí] as the time draws near; at the last moment; temporary; interim; ad hoc,,time-and-quantity,zh-vocab-adapted,https://raw.githubusercontent.com/drkameleon/complete-hsk-vocabulary/7ac65bf1a6387d35f1ade478906172a19311c7f9/complete.json#/5346,2021-standard-derived upstream new-4; not 2025 exam
zh-hsk4-00469,零食,líng shí,[líng shí] between-meal nibbles; snacks,,general-and-abstract,zh-vocab-adapted,https://raw.githubusercontent.com/drkameleon/complete-hsk-vocabulary/7ac65bf1a6387d35f1ade478906172a19311c7f9/complete.json#/5364,2021-standard-derived upstream new-4; not 2025 exam
zh-hsk4-00470,流传,liú chuán,[liú chuán] to spread; to circulate; to hand down,,health-and-body,zh-vocab-adapted,https://raw.githubusercontent.com/drkameleon/complete-hsk-vocabulary/7ac65bf1a6387d35f1ade478906172a19311c7f9/complete.json#/5396,2021-standard-derived upstream new-4; not 2025 exam
zh-hsk4-00471,楼梯,lóu tī,[lóu tī] stair; staircase,,general-and-abstract,zh-vocab-adapted,https://raw.githubusercontent.com/drkameleon/complete-hsk-vocabulary/7ac65bf1a6387d35f1ade478906172a19311c7f9/complete.json#/5442,2021-standard-derived upstream new-4; not 2025 exam
zh-hsk4-00472,陆地,lù dì,[lù dì] dry land (as opposed to the sea),,general-and-abstract,zh-vocab-adapted,https://raw.githubusercontent.com/drkameleon/complete-hsk-vocabulary/7ac65bf1a6387d35f1ade478906172a19311c7f9/complete.json#/5452,2021-standard-derived upstream new-4; not 2025 exam
zh-hsk4-00473,陆续,lù xù,[lù xù] in turn; successively; one after the other; bit by bit,,general-and-abstract,zh-vocab-adapted,https://raw.githubusercontent.com/drkameleon/complete-hsk-vocabulary/7ac65bf1a6387d35f1ade478906172a19311c7f9/complete.json#/5454,2021-standard-derived upstream new-4; not 2025 exam
zh-hsk4-00474,录取,lù qǔ,"[lù qǔ] to accept an applicant (prospective student, employee etc) who passes an entrance exam; to admit (a student); to hire (a job candidate)",,study-and-work,zh-vocab-adapted,https://raw.githubusercontent.com/drkameleon/complete-hsk-vocabulary/7ac65bf1a6387d35f1ade478906172a19311c7f9/complete.json#/5456,2021-standard-derived upstream new-4; not 2025 exam
zh-hsk4-00475,律师,lǜ shī,[lǜ shī] lawyer,,general-and-abstract,zh-vocab-adapted,https://raw.githubusercontent.com/drkameleon/complete-hsk-vocabulary/7ac65bf1a6387d35f1ade478906172a19311c7f9/complete.json#/5492,2021-standard-derived upstream new-4; not 2025 exam
zh-hsk4-00476,率先,shuài xiān,[shuài xiān] to take the lead; to show initiative,,general-and-abstract,zh-vocab-adapted,https://raw.githubusercontent.com/drkameleon/complete-hsk-vocabulary/7ac65bf1a6387d35f1ade478906172a19311c7f9/complete.json#/5495,2021-standard-derived upstream new-4; not 2025 exam
zh-hsk4-00477,轮,lún,"[lún] wheel; disk; ring; steamship; to take turns; to rotate; classifier for big round objects: disk, or recurring events: round, turn",,general-and-abstract,zh-vocab-adapted,https://raw.githubusercontent.com/drkameleon/complete-hsk-vocabulary/7ac65bf1a6387d35f1ade478906172a19311c7f9/complete.json#/5508,2021-standard-derived upstream new-4; not 2025 exam
zh-hsk4-00478,轮船,lún chuán,[lún chuán] steamship; steamer; steamboat,,general-and-abstract,zh-vocab-adapted,https://raw.githubusercontent.com/drkameleon/complete-hsk-vocabulary/7ac65bf1a6387d35f1ade478906172a19311c7f9/complete.json#/5509,2021-standard-derived upstream new-4; not 2025 exam
zh-hsk4-00479,轮椅,lún yǐ,[lún yǐ] wheelchair,,general-and-abstract,zh-vocab-adapted,https://raw.githubusercontent.com/drkameleon/complete-hsk-vocabulary/7ac65bf1a6387d35f1ade478906172a19311c7f9/complete.json#/5514,2021-standard-derived upstream new-4; not 2025 exam
zh-hsk4-00480,轮子,lún zi,[lún zi] wheel; (derog.) Falun Gong practitioner,,general-and-abstract,zh-vocab-adapted,https://raw.githubusercontent.com/drkameleon/complete-hsk-vocabulary/7ac65bf1a6387d35f1ade478906172a19311c7f9/complete.json#/5515,2021-standard-derived upstream new-4; not 2025 exam
zh-hsk4-00481,论文,lùn wén,[lùn wén] paper; treatise; thesis; to discuss a paper or thesis (old),,general-and-abstract,zh-vocab-adapted,https://raw.githubusercontent.com/drkameleon/complete-hsk-vocabulary/7ac65bf1a6387d35f1ade478906172a19311c7f9/complete.json#/5518,2021-standard-derived upstream new-4; not 2025 exam
zh-hsk4-00482,落,là / luò,[là] to leave out; to be missing; to leave behind or forget to bring; to lag or fall behind / [luò] to fall or drop; (of the sun) to set; (of a tide) to go out; to lower; to decline or sink; to lag or fall behind; to fall onto; to rest with; to get or receive; to write down; whereabouts; settlement,,general-and-abstract,zh-vocab-adapted,https://raw.githubusercontent.com/drkameleon/complete-hsk-vocabulary/7ac65bf1a6387d35f1ade478906172a19311c7f9/complete.json#/5529,2021-standard-derived upstream new-4; not 2025 exam
zh-hsk4-00483,毛巾,máo jīn,[máo jīn] towel,,general-and-abstract,zh-vocab-adapted,https://raw.githubusercontent.com/drkameleon/complete-hsk-vocabulary/7ac65bf1a6387d35f1ade478906172a19311c7f9/complete.json#/5605,2021-standard-derived upstream new-4; not 2025 exam
zh-hsk4-00484,毛衣,máo yī,[máo yī] (wool) sweater,,general-and-abstract,zh-vocab-adapted,https://raw.githubusercontent.com/drkameleon/complete-hsk-vocabulary/7ac65bf1a6387d35f1ade478906172a19311c7f9/complete.json#/5606,2021-standard-derived upstream new-4; not 2025 exam
zh-hsk4-00485,帽子,mào zi,[mào zi] hat; cap; (fig.) label; bad name,,general-and-abstract,zh-vocab-adapted,https://raw.githubusercontent.com/drkameleon/complete-hsk-vocabulary/7ac65bf1a6387d35f1ade478906172a19311c7f9/complete.json#/5619,2021-standard-derived upstream new-4; not 2025 exam
zh-hsk4-00486,没错,méi cuò,[méi cuò] that's right; sure!; rest assured!; that's good; can't go wrong,,general-and-abstract,zh-vocab-adapted,https://raw.githubusercontent.com/drkameleon/complete-hsk-vocabulary/7ac65bf1a6387d35f1ade478906172a19311c7f9/complete.json#/5621,2021-standard-derived upstream new-4; not 2025 exam
zh-hsk4-00487,没法儿,méifǎr5,[méifǎr5] Can't,,general-and-abstract,zh-vocab-adapted,https://raw.githubusercontent.com/drkameleon/complete-hsk-vocabulary/7ac65bf1a6387d35f1ade478906172a19311c7f9/complete.json#/5622,2021-standard-derived upstream new-4; not 2025 exam
zh-hsk4-00488,没想到,méi xiǎng dào,[méi xiǎng dào] didn't expect,,general-and-abstract,zh-vocab-adapted,https://raw.githubusercontent.com/drkameleon/complete-hsk-vocabulary/7ac65bf1a6387d35f1ade478906172a19311c7f9/complete.json#/5631,2021-standard-derived upstream new-4; not 2025 exam
zh-hsk4-00489,美金,Měi jīn,[Měi jīn] US dollar; USD,,general-and-abstract,zh-vocab-adapted,https://raw.githubusercontent.com/drkameleon/complete-hsk-vocabulary/7ac65bf1a6387d35f1ade478906172a19311c7f9/complete.json#/5656,2021-standard-derived upstream new-4; not 2025 exam
zh-hsk4-00490,美女,měi nǚ,[měi nǚ] beautiful woman,,general-and-abstract,zh-vocab-adapted,https://raw.githubusercontent.com/drkameleon/complete-hsk-vocabulary/7ac65bf1a6387d35f1ade478906172a19311c7f9/complete.json#/5661,2021-standard-derived upstream new-4; not 2025 exam
zh-hsk4-00491,梦,mèng,[mèng] dream; (bound form) to dream,,general-and-abstract,zh-vocab-adapted,https://raw.githubusercontent.com/drkameleon/complete-hsk-vocabulary/7ac65bf1a6387d35f1ade478906172a19311c7f9/complete.json#/5691,2021-standard-derived upstream new-4; not 2025 exam
zh-hsk4-00492,梦见,mèng jiàn,[mèng jiàn] to dream about (sth or sb); to see in a dream,,general-and-abstract,zh-vocab-adapted,https://raw.githubusercontent.com/drkameleon/complete-hsk-vocabulary/7ac65bf1a6387d35f1ade478906172a19311c7f9/complete.json#/5693,2021-standard-derived upstream new-4; not 2025 exam
zh-hsk4-00493,梦想,mèng xiǎng,[mèng xiǎng] (fig.) to dream of; dream,,general-and-abstract,zh-vocab-adapted,https://raw.githubusercontent.com/drkameleon/complete-hsk-vocabulary/7ac65bf1a6387d35f1ade478906172a19311c7f9/complete.json#/5694,2021-standard-derived upstream new-4; not 2025 exam
zh-hsk4-00494,秘密,mì mì,[mì mì] secret; private; confidential; clandestine; a secret,,general-and-abstract,zh-vocab-adapted,https://raw.githubusercontent.com/drkameleon/complete-hsk-vocabulary/7ac65bf1a6387d35f1ade478906172a19311c7f9/complete.json#/5714,2021-standard-derived upstream new-4; not 2025 exam
zh-hsk4-00495,秘书,mì shū,[mì shū] secretary,,general-and-abstract,zh-vocab-adapted,https://raw.githubusercontent.com/drkameleon/complete-hsk-vocabulary/7ac65bf1a6387d35f1ade478906172a19311c7f9/complete.json#/5715,2021-standard-derived upstream new-4; not 2025 exam
zh-hsk4-00496,密,Mì / mì,[Mì] surname Mi; name of an ancient state / [mì] secret; confidential; close; thick; dense,,general-and-abstract,zh-vocab-adapted,https://raw.githubusercontent.com/drkameleon/complete-hsk-vocabulary/7ac65bf1a6387d35f1ade478906172a19311c7f9/complete.json#/5717,2021-standard-derived upstream new-4; not 2025 exam
zh-hsk4-00497,密码,mì mǎ,[mì mǎ] cipher; secret code; password; PIN,,general-and-abstract,zh-vocab-adapted,https://raw.githubusercontent.com/drkameleon/complete-hsk-vocabulary/7ac65bf1a6387d35f1ade478906172a19311c7f9/complete.json#/5722,2021-standard-derived upstream new-4; not 2025 exam
zh-hsk4-00498,密切,mì qiè,[mì qiè] close; familiar; intimate; closely (related); to foster close ties; to pay close attention,,general-and-abstract,zh-vocab-adapted,https://raw.githubusercontent.com/drkameleon/complete-hsk-vocabulary/7ac65bf1a6387d35f1ade478906172a19311c7f9/complete.json#/5723,2021-standard-derived upstream new-4; not 2025 exam
zh-hsk4-00499,免费,miǎn fèi,[miǎn fèi] free (of charge),,general-and-abstract,zh-vocab-adapted,https://raw.githubusercontent.com/drkameleon/complete-hsk-vocabulary/7ac65bf1a6387d35f1ade478906172a19311c7f9/complete.json#/5733,2021-standard-derived upstream new-4; not 2025 exam
zh-hsk4-00500,面临,miàn lín,[miàn lín] to face sth; to be confronted with,,general-and-abstract,zh-vocab-adapted,https://raw.githubusercontent.com/drkameleon/complete-hsk-vocabulary/7ac65bf1a6387d35f1ade478906172a19311c7f9/complete.json#/5747,2021-standard-derived upstream new-4; not 2025 exam
zh-hsk4-00501,面试,miàn shì,[miàn shì] to be interviewed (as a candidate); interview,,general-and-abstract,zh-vocab-adapted,https://raw.githubusercontent.com/drkameleon/complete-hsk-vocabulary/7ac65bf1a6387d35f1ade478906172a19311c7f9/complete.json#/5752,2021-standard-derived upstream new-4; not 2025 exam
zh-hsk4-00502,描述,miáo shù,[miáo shù] to describe; description,,general-and-abstract,zh-vocab-adapted,https://raw.githubusercontent.com/drkameleon/complete-hsk-vocabulary/7ac65bf1a6387d35f1ade478906172a19311c7f9/complete.json#/5761,2021-standard-derived upstream new-4; not 2025 exam
zh-hsk4-00503,描写,miáo xiě,[miáo xiě] to describe; to depict; to portray; description,,general-and-abstract,zh-vocab-adapted,https://raw.githubusercontent.com/drkameleon/complete-hsk-vocabulary/7ac65bf1a6387d35f1ade478906172a19311c7f9/complete.json#/5762,2021-standard-derived upstream new-4; not 2025 exam
zh-hsk4-00504,名牌儿,míngpáir5,[míngpáir5] Famous brand,,general-and-abstract,zh-vocab-adapted,https://raw.githubusercontent.com/drkameleon/complete-hsk-vocabulary/7ac65bf1a6387d35f1ade478906172a19311c7f9/complete.json#/5796,2021-standard-derived upstream new-4; not 2025 exam
zh-hsk4-00505,名片,míng piàn,[míng piàn] (business) card,,general-and-abstract,zh-vocab-adapted,https://raw.githubusercontent.com/drkameleon/complete-hsk-vocabulary/7ac65bf1a6387d35f1ade478906172a19311c7f9/complete.json#/5797,2021-standard-derived upstream new-4; not 2025 exam
zh-hsk4-00506,名人,míng rén,[míng rén] personage; celebrity,,general-and-abstract,zh-vocab-adapted,https://raw.githubusercontent.com/drkameleon/complete-hsk-vocabulary/7ac65bf1a6387d35f1ade478906172a19311c7f9/complete.json#/5799,2021-standard-derived upstream new-4; not 2025 exam
zh-hsk4-00507,摸,mō,[mō] to feel with the hand; to touch; to stroke; to grope; to steal; to abstract,,health-and-body;thought-and-communication,zh-vocab-adapted,https://raw.githubusercontent.com/drkameleon/complete-hsk-vocabulary/7ac65bf1a6387d35f1ade478906172a19311c7f9/complete.json#/5826,2021-standard-derived upstream new-4; not 2025 exam
zh-hsk4-00508,模特儿,mó tè r,[mó tè r] (fashion) model (loanword),,general-and-abstract,zh-vocab-adapted,https://raw.githubusercontent.com/drkameleon/complete-hsk-vocabulary/7ac65bf1a6387d35f1ade478906172a19311c7f9/complete.json#/5833,2021-standard-derived upstream new-4; not 2025 exam
zh-hsk4-00509,模型,mó xíng,[mó xíng] model; mold; matrix; pattern,,general-and-abstract,zh-vocab-adapted,https://raw.githubusercontent.com/drkameleon/complete-hsk-vocabulary/7ac65bf1a6387d35f1ade478906172a19311c7f9/complete.json#/5834,2021-standard-derived upstream new-4; not 2025 exam
zh-hsk4-00510,末,mò,[mò] tip; end; final stage; latter part; inessential detail; powder; dust; opera role of old man,,general-and-abstract,zh-vocab-adapted,https://raw.githubusercontent.com/drkameleon/complete-hsk-vocabulary/7ac65bf1a6387d35f1ade478906172a19311c7f9/complete.json#/5849,2021-standard-derived upstream new-4; not 2025 exam
zh-hsk4-00511,默默,mò mò,[mò mò] in silence; not speaking,,general-and-abstract,zh-vocab-adapted,https://raw.githubusercontent.com/drkameleon/complete-hsk-vocabulary/7ac65bf1a6387d35f1ade478906172a19311c7f9/complete.json#/5860,2021-standard-derived upstream new-4; not 2025 exam
zh-hsk4-00512,哪怕,nǎ pà,[nǎ pà] even; even if; even though; no matter how,,general-and-abstract,zh-vocab-adapted,https://raw.githubusercontent.com/drkameleon/complete-hsk-vocabulary/7ac65bf1a6387d35f1ade478906172a19311c7f9/complete.json#/5910,2021-standard-derived upstream new-4; not 2025 exam
zh-hsk4-00513,男女,nán nǚ,[nán nǚ] male-female; male and female,,general-and-abstract,zh-vocab-adapted,https://raw.githubusercontent.com/drkameleon/complete-hsk-vocabulary/7ac65bf1a6387d35f1ade478906172a19311c7f9/complete.json#/5941,2021-standard-derived upstream new-4; not 2025 exam
zh-hsk4-00514,男士,nán shì,[nán shì] man; gentleman,,general-and-abstract,zh-vocab-adapted,https://raw.githubusercontent.com/drkameleon/complete-hsk-vocabulary/7ac65bf1a6387d35f1ade478906172a19311c7f9/complete.json#/5945,2021-standard-derived upstream new-4; not 2025 exam
zh-hsk4-00515,难免,nán miǎn,[nán miǎn] hard to avoid; difficult to escape from; will inevitably,,general-and-abstract,zh-vocab-adapted,https://raw.githubusercontent.com/drkameleon/complete-hsk-vocabulary/7ac65bf1a6387d35f1ade478906172a19311c7f9/complete.json#/5967,2021-standard-derived upstream new-4; not 2025 exam
zh-hsk4-00516,脑袋,nǎo dai,[nǎo dai] head; skull; brains; mental capability,,health-and-body,zh-vocab-adapted,https://raw.githubusercontent.com/drkameleon/complete-hsk-vocabulary/7ac65bf1a6387d35f1ade478906172a19311c7f9/complete.json#/5981,2021-standard-derived upstream new-4; not 2025 exam
zh-hsk4-00517,闹,nào,[nào] noisy; cacophonous; to make noise; to disturb; to vent (feelings); to fall ill; to have an attack (of sickness); to go in (for some activity); to joke,,general-and-abstract,zh-vocab-adapted,https://raw.githubusercontent.com/drkameleon/complete-hsk-vocabulary/7ac65bf1a6387d35f1ade478906172a19311c7f9/complete.json#/5985,2021-standard-derived upstream new-4; not 2025 exam
zh-hsk4-00518,闹钟,nào zhōng,[nào zhōng] alarm clock,,general-and-abstract,zh-vocab-adapted,https://raw.githubusercontent.com/drkameleon/complete-hsk-vocabulary/7ac65bf1a6387d35f1ade478906172a19311c7f9/complete.json#/5988,2021-standard-derived upstream new-4; not 2025 exam
zh-hsk4-00519,内部,nèi bù,"[nèi bù] interior; inside (part, section); internal",,general-and-abstract,zh-vocab-adapted,https://raw.githubusercontent.com/drkameleon/complete-hsk-vocabulary/7ac65bf1a6387d35f1ade478906172a19311c7f9/complete.json#/5992,2021-standard-derived upstream new-4; not 2025 exam
zh-hsk4-00520,内科,nèi kē,[nèi kē] internal medicine; general medicine,,health-and-body,zh-vocab-adapted,https://raw.githubusercontent.com/drkameleon/complete-hsk-vocabulary/7ac65bf1a6387d35f1ade478906172a19311c7f9/complete.json#/5997,2021-standard-derived upstream new-4; not 2025 exam
zh-hsk4-00521,能干,néng gàn,[néng gàn] capable; competent,,general-and-abstract,zh-vocab-adapted,https://raw.githubusercontent.com/drkameleon/complete-hsk-vocabulary/7ac65bf1a6387d35f1ade478906172a19311c7f9/complete.json#/6011,2021-standard-derived upstream new-4; not 2025 exam
zh-hsk4-00522,宁静,níng jìng,[níng jìng] tranquil; tranquility; serenity,,general-and-abstract,zh-vocab-adapted,https://raw.githubusercontent.com/drkameleon/complete-hsk-vocabulary/7ac65bf1a6387d35f1ade478906172a19311c7f9/complete.json#/6057,2021-standard-derived upstream new-4; not 2025 exam
zh-hsk4-00523,浓,nóng,[nóng] concentrated; dense; strong (smell etc),,general-and-abstract,zh-vocab-adapted,https://raw.githubusercontent.com/drkameleon/complete-hsk-vocabulary/7ac65bf1a6387d35f1ade478906172a19311c7f9/complete.json#/6083,2021-standard-derived upstream new-4; not 2025 exam
zh-hsk4-00524,女士,nǚ shì,[nǚ shì] lady; madam; Miss; Ms,,general-and-abstract,zh-vocab-adapted,https://raw.githubusercontent.com/drkameleon/complete-hsk-vocabulary/7ac65bf1a6387d35f1ade478906172a19311c7f9/complete.json#/6098,2021-standard-derived upstream new-4; not 2025 exam
zh-hsk4-00525,暖气,nuǎn qì,[nuǎn qì] central heating; heater; warm air,,general-and-abstract,zh-vocab-adapted,https://raw.githubusercontent.com/drkameleon/complete-hsk-vocabulary/7ac65bf1a6387d35f1ade478906172a19311c7f9/complete.json#/6105,2021-standard-derived upstream new-4; not 2025 exam
zh-hsk4-00526,拍照,pāi zhào,[pāi zhào] to take a picture,,general-and-abstract,zh-vocab-adapted,https://raw.githubusercontent.com/drkameleon/complete-hsk-vocabulary/7ac65bf1a6387d35f1ade478906172a19311c7f9/complete.json#/6125,2021-standard-derived upstream new-4; not 2025 exam
zh-hsk4-00527,排列,pái liè,[pái liè] to arrange in order; (math.) permutation,,general-and-abstract,zh-vocab-adapted,https://raw.githubusercontent.com/drkameleon/complete-hsk-vocabulary/7ac65bf1a6387d35f1ade478906172a19311c7f9/complete.json#/6133,2021-standard-derived upstream new-4; not 2025 exam
zh-hsk4-00528,牌,pái,[pái] mahjong tile; playing card; game pieces; signboard; plate; tablet; medal,,general-and-abstract,zh-vocab-adapted,https://raw.githubusercontent.com/drkameleon/complete-hsk-vocabulary/7ac65bf1a6387d35f1ade478906172a19311c7f9/complete.json#/6137,2021-standard-derived upstream new-4; not 2025 exam
zh-hsk4-00529,盘,pán,"[pán] plate; dish; tray; board; hard drive (computing); to build; to coil; to check; to examine; to transfer (property); to make over; classifier for food: dish, helping; classifier for coils of wire; classifier for games of chess",,food-and-shopping,zh-vocab-adapted,https://raw.githubusercontent.com/drkameleon/complete-hsk-vocabulary/7ac65bf1a6387d35f1ade478906172a19311c7f9/complete.json#/6147,2021-standard-derived upstream new-4; not 2025 exam
zh-hsk4-00530,盘子,pán zi,[pán zi] tray; plate; dish,,general-and-abstract,zh-vocab-adapted,https://raw.githubusercontent.com/drkameleon/complete-hsk-vocabulary/7ac65bf1a6387d35f1ade478906172a19311c7f9/complete.json#/6150,2021-standard-derived upstream new-4; not 2025 exam
zh-hsk4-00531,胖子,pàng zi,[pàng zi] fat person; fatty,,general-and-abstract,zh-vocab-adapted,https://raw.githubusercontent.com/drkameleon/complete-hsk-vocabulary/7ac65bf1a6387d35f1ade478906172a19311c7f9/complete.json#/6165,2021-standard-derived upstream new-4; not 2025 exam
zh-hsk4-00532,培训,péi xùn,[péi xùn] to cultivate; to train; to groom; training,,travel-and-places,zh-vocab-adapted,https://raw.githubusercontent.com/drkameleon/complete-hsk-vocabulary/7ac65bf1a6387d35f1ade478906172a19311c7f9/complete.json#/6183,2021-standard-derived upstream new-4; not 2025 exam
zh-hsk4-00533,培训班,péi xùn bān,[péi xùn bān] training class,,general-and-abstract,zh-vocab-adapted,https://raw.githubusercontent.com/drkameleon/complete-hsk-vocabulary/7ac65bf1a6387d35f1ade478906172a19311c7f9/complete.json#/6184,2021-standard-derived upstream new-4; not 2025 exam
zh-hsk4-00534,培养,péi yǎng,[péi yǎng] to cultivate; to breed; to foster; to nurture; to educate; to groom (for a position); education; fostering; culture (biology),,society-and-public-life,zh-vocab-adapted,https://raw.githubusercontent.com/drkameleon/complete-hsk-vocabulary/7ac65bf1a6387d35f1ade478906172a19311c7f9/complete.json#/6185,2021-standard-derived upstream new-4; not 2025 exam
zh-hsk4-00535,培育,péi yù,[péi yù] to train; to breed,,travel-and-places,zh-vocab-adapted,https://raw.githubusercontent.com/drkameleon/complete-hsk-vocabulary/7ac65bf1a6387d35f1ade478906172a19311c7f9/complete.json#/6186,2021-standard-derived upstream new-4; not 2025 exam
zh-hsk4-00536,批,pī,"[pī] to ascertain; to act on; to criticize; to pass on; classifier for batches, lots, military flights; tier (for the ranking of universities and colleges)",,general-and-abstract,zh-vocab-adapted,https://raw.githubusercontent.com/drkameleon/complete-hsk-vocabulary/7ac65bf1a6387d35f1ade478906172a19311c7f9/complete.json#/6220,2021-standard-derived upstream new-4; not 2025 exam
zh-hsk4-00537,片面,piàn miàn,[piàn miàn] unilateral; one-sided,,general-and-abstract,zh-vocab-adapted,https://raw.githubusercontent.com/drkameleon/complete-hsk-vocabulary/7ac65bf1a6387d35f1ade478906172a19311c7f9/complete.json#/6263,2021-standard-derived upstream new-4; not 2025 exam
zh-hsk4-00538,品质,pǐn zhì,"[pǐn zhì] character; intrinsic quality (of a person); quality (of a product or service, or as in ""quality of life"", ""air quality"" etc)",,general-and-abstract,zh-vocab-adapted,https://raw.githubusercontent.com/drkameleon/complete-hsk-vocabulary/7ac65bf1a6387d35f1ade478906172a19311c7f9/complete.json#/6294,2021-standard-derived upstream new-4; not 2025 exam
zh-hsk4-00539,平方,píng fāng,"[píng fāng] square (as in square foot, square mile, square root)",,general-and-abstract,zh-vocab-adapted,https://raw.githubusercontent.com/drkameleon/complete-hsk-vocabulary/7ac65bf1a6387d35f1ade478906172a19311c7f9/complete.json#/6308,2021-standard-derived upstream new-4; not 2025 exam
zh-hsk4-00540,平静,píng jìng,[píng jìng] tranquil; undisturbed; serene,,general-and-abstract,zh-vocab-adapted,https://raw.githubusercontent.com/drkameleon/complete-hsk-vocabulary/7ac65bf1a6387d35f1ade478906172a19311c7f9/complete.json#/6313,2021-standard-derived upstream new-4; not 2025 exam
zh-hsk4-00541,平均,píng jūn,[píng jūn] average; on average; evenly; in equal proportions,,general-and-abstract,zh-vocab-adapted,https://raw.githubusercontent.com/drkameleon/complete-hsk-vocabulary/7ac65bf1a6387d35f1ade478906172a19311c7f9/complete.json#/6314,2021-standard-derived upstream new-4; not 2025 exam
zh-hsk4-00542,平稳,píng wěn,[píng wěn] smooth; steady,,general-and-abstract,zh-vocab-adapted,https://raw.githubusercontent.com/drkameleon/complete-hsk-vocabulary/7ac65bf1a6387d35f1ade478906172a19311c7f9/complete.json#/6321,2021-standard-derived upstream new-4; not 2025 exam
zh-hsk4-00543,迫切,pò qiè,[pò qiè] urgent; pressing,,general-and-abstract,zh-vocab-adapted,https://raw.githubusercontent.com/drkameleon/complete-hsk-vocabulary/7ac65bf1a6387d35f1ade478906172a19311c7f9/complete.json#/6350,2021-standard-derived upstream new-4; not 2025 exam
zh-hsk4-00544,破产,pò chǎn,[pò chǎn] to go bankrupt; to become impoverished; bankruptcy,,general-and-abstract,zh-vocab-adapted,https://raw.githubusercontent.com/drkameleon/complete-hsk-vocabulary/7ac65bf1a6387d35f1ade478906172a19311c7f9/complete.json#/6354,2021-standard-derived upstream new-4; not 2025 exam
zh-hsk4-00545,妻子,qī zǐ / qī zi,[qī zǐ] wife and children / [qī zi] wife,,people-and-relationships,zh-vocab-adapted,https://raw.githubusercontent.com/drkameleon/complete-hsk-vocabulary/7ac65bf1a6387d35f1ade478906172a19311c7f9/complete.json#/6387,2021-standard-derived upstream new-4; not 2025 exam
zh-hsk4-00546,期待,qī dài,[qī dài] to look forward to; to await; expectation,,general-and-abstract,zh-vocab-adapted,https://raw.githubusercontent.com/drkameleon/complete-hsk-vocabulary/7ac65bf1a6387d35f1ade478906172a19311c7f9/complete.json#/6390,2021-standard-derived upstream new-4; not 2025 exam
zh-hsk4-00547,期间,qī jiān,[qī jiān] period of time; time; time period; period,,time-and-quantity,zh-vocab-adapted,https://raw.githubusercontent.com/drkameleon/complete-hsk-vocabulary/7ac65bf1a6387d35f1ade478906172a19311c7f9/complete.json#/6391,2021-standard-derived upstream new-4; not 2025 exam
zh-hsk4-00548,期末,qī mò,[qī mò] end of term,,general-and-abstract,zh-vocab-adapted,https://raw.githubusercontent.com/drkameleon/complete-hsk-vocabulary/7ac65bf1a6387d35f1ade478906172a19311c7f9/complete.json#/6392,2021-standard-derived upstream new-4; not 2025 exam
zh-hsk4-00549,期限,qī xiàn,[qī xiàn] time limit; deadline; allotted time,,time-and-quantity,zh-vocab-adapted,https://raw.githubusercontent.com/drkameleon/complete-hsk-vocabulary/7ac65bf1a6387d35f1ade478906172a19311c7f9/complete.json#/6395,2021-standard-derived upstream new-4; not 2025 exam
zh-hsk4-00550,期中,qī zhōng,[qī zhōng] interim; midterm,,general-and-abstract,zh-vocab-adapted,https://raw.githubusercontent.com/drkameleon/complete-hsk-vocabulary/7ac65bf1a6387d35f1ade478906172a19311c7f9/complete.json#/6396,2021-standard-derived upstream new-4; not 2025 exam
zh-hsk4-00551,其余,qí yú,[qí yú] the rest; the others; remaining; remainder; apart from them,,general-and-abstract,zh-vocab-adapted,https://raw.githubusercontent.com/drkameleon/complete-hsk-vocabulary/7ac65bf1a6387d35f1ade478906172a19311c7f9/complete.json#/6410,2021-standard-derived upstream new-4; not 2025 exam
zh-hsk4-00552,企业,qǐ yè,[qǐ yè] company; firm; enterprise; corporation,,study-and-work,zh-vocab-adapted,https://raw.githubusercontent.com/drkameleon/complete-hsk-vocabulary/7ac65bf1a6387d35f1ade478906172a19311c7f9/complete.json#/6429,2021-standard-derived upstream new-4; not 2025 exam
zh-hsk4-00553,气球,qì qiú,[qì qiú] balloon,,general-and-abstract,zh-vocab-adapted,https://raw.githubusercontent.com/drkameleon/complete-hsk-vocabulary/7ac65bf1a6387d35f1ade478906172a19311c7f9/complete.json#/6467,2021-standard-derived upstream new-4; not 2025 exam
zh-hsk4-00554,汽水,qì shuǐ,[qì shuǐ] soda pop; carbonated soft drink,,food-and-shopping,zh-vocab-adapted,https://raw.githubusercontent.com/drkameleon/complete-hsk-vocabulary/7ac65bf1a6387d35f1ade478906172a19311c7f9/complete.json#/6480,2021-standard-derived upstream new-4; not 2025 exam
zh-hsk4-00555,汽油,qì yóu,[qì yóu] gasoline,,general-and-abstract,zh-vocab-adapted,https://raw.githubusercontent.com/drkameleon/complete-hsk-vocabulary/7ac65bf1a6387d35f1ade478906172a19311c7f9/complete.json#/6481,2021-standard-derived upstream new-4; not 2025 exam
zh-hsk4-00556,器官,qì guān,[qì guān] (physiology) organ; apparatus,,general-and-abstract,zh-vocab-adapted,https://raw.githubusercontent.com/drkameleon/complete-hsk-vocabulary/7ac65bf1a6387d35f1ade478906172a19311c7f9/complete.json#/6485,2021-standard-derived upstream new-4; not 2025 exam
zh-hsk4-00557,前头,qián tou,[qián tou] in front; at the head; ahead; above,,health-and-body,zh-vocab-adapted,https://raw.githubusercontent.com/drkameleon/complete-hsk-vocabulary/7ac65bf1a6387d35f1ade478906172a19311c7f9/complete.json#/6543,2021-standard-derived upstream new-4; not 2025 exam
zh-hsk4-00558,前途,qián tú,[qián tú] prospects; future outlook; journey,,general-and-abstract,zh-vocab-adapted,https://raw.githubusercontent.com/drkameleon/complete-hsk-vocabulary/7ac65bf1a6387d35f1ade478906172a19311c7f9/complete.json#/6544,2021-standard-derived upstream new-4; not 2025 exam
zh-hsk4-00559,浅,jiān / qiǎn,[jiān] sound of moving water / [qiǎn] shallow; light (color),,general-and-abstract,zh-vocab-adapted,https://raw.githubusercontent.com/drkameleon/complete-hsk-vocabulary/7ac65bf1a6387d35f1ade478906172a19311c7f9/complete.json#/6563,2021-standard-derived upstream new-4; not 2025 exam
zh-hsk4-00560,巧克力,qiǎo kè lì,[qiǎo kè lì] chocolate (loanword),,general-and-abstract,zh-vocab-adapted,https://raw.githubusercontent.com/drkameleon/complete-hsk-vocabulary/7ac65bf1a6387d35f1ade478906172a19311c7f9/complete.json#/6609,2021-standard-derived upstream new-4; not 2025 exam
zh-hsk4-00561,切,qiē / qiè,"[qiē] to cut; to slice; to carve; (math) tangential / [qiè] definitely; absolutely (not); (scoffing or dismissive interjection) Yeah, right.; Tut!; to grind; (bound form) close to; (bound form) eager; to correspond to",,general-and-abstract,zh-vocab-adapted,https://raw.githubusercontent.com/drkameleon/complete-hsk-vocabulary/7ac65bf1a6387d35f1ade478906172a19311c7f9/complete.json#/6615,2021-standard-derived upstream new-4; not 2025 exam
zh-hsk4-00562,亲爱,qīn ài,[qīn ài] dear; beloved; darling,,general-and-abstract,zh-vocab-adapted,https://raw.githubusercontent.com/drkameleon/complete-hsk-vocabulary/7ac65bf1a6387d35f1ade478906172a19311c7f9/complete.json#/6624,2021-standard-derived upstream new-4; not 2025 exam
zh-hsk4-00563,亲密,qīn mì,[qīn mì] intimate; close,,general-and-abstract,zh-vocab-adapted,https://raw.githubusercontent.com/drkameleon/complete-hsk-vocabulary/7ac65bf1a6387d35f1ade478906172a19311c7f9/complete.json#/6627,2021-standard-derived upstream new-4; not 2025 exam
zh-hsk4-00564,青春,qīng chūn,[qīng chūn] youth; youthfulness,,general-and-abstract,zh-vocab-adapted,https://raw.githubusercontent.com/drkameleon/complete-hsk-vocabulary/7ac65bf1a6387d35f1ade478906172a19311c7f9/complete.json#/6656,2021-standard-derived upstream new-4; not 2025 exam
zh-hsk4-00565,轻松,qīng sōng,[qīng sōng] light; gentle; relaxed; effortless; uncomplicated; to relax; to take things less seriously,,general-and-abstract,zh-vocab-adapted,https://raw.githubusercontent.com/drkameleon/complete-hsk-vocabulary/7ac65bf1a6387d35f1ade478906172a19311c7f9/complete.json#/6666,2021-standard-derived upstream new-4; not 2025 exam
zh-hsk4-00566,轻易,qīng yì,[qīng yì] easily; lightly; rashly,,general-and-abstract,zh-vocab-adapted,https://raw.githubusercontent.com/drkameleon/complete-hsk-vocabulary/7ac65bf1a6387d35f1ade478906172a19311c7f9/complete.json#/6669,2021-standard-derived upstream new-4; not 2025 exam
zh-hsk4-00567,清醒,qīng xǐng,[qīng xǐng] clear-headed; sober; awake,,general-and-abstract,zh-vocab-adapted,https://raw.githubusercontent.com/drkameleon/complete-hsk-vocabulary/7ac65bf1a6387d35f1ade478906172a19311c7f9/complete.json#/6694,2021-standard-derived upstream new-4; not 2025 exam
zh-hsk4-00568,情景,qíng jǐng,[qíng jǐng] scene; spectacle; circumstances; situation,,general-and-abstract,zh-vocab-adapted,https://raw.githubusercontent.com/drkameleon/complete-hsk-vocabulary/7ac65bf1a6387d35f1ade478906172a19311c7f9/complete.json#/6705,2021-standard-derived upstream new-4; not 2025 exam
zh-hsk4-00569,穷,qióng,[qióng] poor; destitute; to use up; to exhaust; thoroughly; extremely; (coll.) persistently and pointlessly,,general-and-abstract,zh-vocab-adapted,https://raw.githubusercontent.com/drkameleon/complete-hsk-vocabulary/7ac65bf1a6387d35f1ade478906172a19311c7f9/complete.json#/6732,2021-standard-derived upstream new-4; not 2025 exam
zh-hsk4-00570,穷人,qióng rén,[qióng rén] poor people; the poor,,general-and-abstract,zh-vocab-adapted,https://raw.githubusercontent.com/drkameleon/complete-hsk-vocabulary/7ac65bf1a6387d35f1ade478906172a19311c7f9/complete.json#/6733,2021-standard-derived upstream new-4; not 2025 exam
zh-hsk4-00571,秋季,qiū jì,[qiū jì] autumn; fall,,general-and-abstract,zh-vocab-adapted,https://raw.githubusercontent.com/drkameleon/complete-hsk-vocabulary/7ac65bf1a6387d35f1ade478906172a19311c7f9/complete.json#/6736,2021-standard-derived upstream new-4; not 2025 exam
zh-hsk4-00572,趋势,qū shì,[qū shì] trend; tendency,,general-and-abstract,zh-vocab-adapted,https://raw.githubusercontent.com/drkameleon/complete-hsk-vocabulary/7ac65bf1a6387d35f1ade478906172a19311c7f9/complete.json#/6766,2021-standard-derived upstream new-4; not 2025 exam
zh-hsk4-00573,圈,juān / juàn / quān,"[juān] to confine; to lock up; to pen in / [juàn] livestock enclosure; pen; fold; sty / [quān] circle; ring; loop; classifier for loops, orbits, laps of race etc; to surround; to circle",,general-and-abstract,zh-vocab-adapted,https://raw.githubusercontent.com/drkameleon/complete-hsk-vocabulary/7ac65bf1a6387d35f1ade478906172a19311c7f9/complete.json#/6791,2021-standard-derived upstream new-4; not 2025 exam
zh-hsk4-00574,权利,quán lì,[quán lì] right (i.e. an entitlement to sth); (classical) power and wealth,,general-and-abstract,zh-vocab-adapted,https://raw.githubusercontent.com/drkameleon/complete-hsk-vocabulary/7ac65bf1a6387d35f1ade478906172a19311c7f9/complete.json#/6819,2021-standard-derived upstream new-4; not 2025 exam
zh-hsk4-00575,却,què,[què] but; yet; however; while; to go back; to decline; to retreat; nevertheless; even though,,general-and-abstract,zh-vocab-adapted,https://raw.githubusercontent.com/drkameleon/complete-hsk-vocabulary/7ac65bf1a6387d35f1ade478906172a19311c7f9/complete.json#/6840,2021-standard-derived upstream new-4; not 2025 exam
zh-hsk4-00576,确认,què rèn,[què rèn] to confirm; to verify; confirmation,,general-and-abstract,zh-vocab-adapted,https://raw.githubusercontent.com/drkameleon/complete-hsk-vocabulary/7ac65bf1a6387d35f1ade478906172a19311c7f9/complete.json#/6846,2021-standard-derived upstream new-4; not 2025 exam
zh-hsk4-00577,然而,rán ér,[rán ér] however; yet; but,,general-and-abstract,zh-vocab-adapted,https://raw.githubusercontent.com/drkameleon/complete-hsk-vocabulary/7ac65bf1a6387d35f1ade478906172a19311c7f9/complete.json#/6855,2021-standard-derived upstream new-4; not 2025 exam
zh-hsk4-00578,燃料,rán liào,[rán liào] fuel,,general-and-abstract,zh-vocab-adapted,https://raw.githubusercontent.com/drkameleon/complete-hsk-vocabulary/7ac65bf1a6387d35f1ade478906172a19311c7f9/complete.json#/6858,2021-standard-derived upstream new-4; not 2025 exam
zh-hsk4-00579,燃烧,rán shāo,[rán shāo] to ignite; to combust; to burn; combustion; flaming,,general-and-abstract,zh-vocab-adapted,https://raw.githubusercontent.com/drkameleon/complete-hsk-vocabulary/7ac65bf1a6387d35f1ade478906172a19311c7f9/complete.json#/6860,2021-standard-derived upstream new-4; not 2025 exam
zh-hsk4-00580,热闹,rè nao,[rè nao] bustling with noise and excitement; lively,,general-and-abstract,zh-vocab-adapted,https://raw.githubusercontent.com/drkameleon/complete-hsk-vocabulary/7ac65bf1a6387d35f1ade478906172a19311c7f9/complete.json#/6883,2021-standard-derived upstream new-4; not 2025 exam
zh-hsk4-00581,热心,rè xīn,[rè xīn] enthusiastic; ardent; zealous,,general-and-abstract,zh-vocab-adapted,https://raw.githubusercontent.com/drkameleon/complete-hsk-vocabulary/7ac65bf1a6387d35f1ade478906172a19311c7f9/complete.json#/6891,2021-standard-derived upstream new-4; not 2025 exam
zh-hsk4-00582,人家,rén jiā / rén jia,"[rén jiā] household; dwelling; family; sb else's house; household business; house of woman's husband-to-be / [rén jia] other people; sb else; he, she or they; I, me (referring to oneself as ""one"" or ""people"")",,people-and-relationships,zh-vocab-adapted,https://raw.githubusercontent.com/drkameleon/complete-hsk-vocabulary/7ac65bf1a6387d35f1ade478906172a19311c7f9/complete.json#/6900,2021-standard-derived upstream new-4; not 2025 exam
zh-hsk4-00583,日记,rì jì,[rì jì] diary,,general-and-abstract,zh-vocab-adapted,https://raw.githubusercontent.com/drkameleon/complete-hsk-vocabulary/7ac65bf1a6387d35f1ade478906172a19311c7f9/complete.json#/6971,2021-standard-derived upstream new-4; not 2025 exam
zh-hsk4-00584,日历,rì lì,[rì lì] calendar,,general-and-abstract,zh-vocab-adapted,https://raw.githubusercontent.com/drkameleon/complete-hsk-vocabulary/7ac65bf1a6387d35f1ade478906172a19311c7f9/complete.json#/6972,2021-standard-derived upstream new-4; not 2025 exam
zh-hsk4-00585,如今,rú jīn,[rú jīn] nowadays; now,,general-and-abstract,zh-vocab-adapted,https://raw.githubusercontent.com/drkameleon/complete-hsk-vocabulary/7ac65bf1a6387d35f1ade478906172a19311c7f9/complete.json#/7010,2021-standard-derived upstream new-4; not 2025 exam
zh-hsk4-00586,弱,ruò,[ruò] weak; feeble; young; inferior; not as good as; (following a decimal or fraction) slightly less than,,general-and-abstract,zh-vocab-adapted,https://raw.githubusercontent.com/drkameleon/complete-hsk-vocabulary/7ac65bf1a6387d35f1ade478906172a19311c7f9/complete.json#/7039,2021-standard-derived upstream new-4; not 2025 exam
zh-hsk4-00587,伞,sǎn,[sǎn] umbrella; parasol / [sǎn] damask silk,,general-and-abstract,zh-vocab-adapted,https://raw.githubusercontent.com/drkameleon/complete-hsk-vocabulary/7ac65bf1a6387d35f1ade478906172a19311c7f9/complete.json#/7056,2021-standard-derived upstream new-4; not 2025 exam
zh-hsk4-00588,散,sǎn / sàn,[sǎn] scattered; loose; to come loose; to fall apart; leisurely; powdered medicine / [sàn] to scatter; to break up (a meeting etc); to disperse; to disseminate; to dispel; (coll.) to sack,,health-and-body,zh-vocab-adapted,https://raw.githubusercontent.com/drkameleon/complete-hsk-vocabulary/7ac65bf1a6387d35f1ade478906172a19311c7f9/complete.json#/7057,2021-standard-derived upstream new-4; not 2025 exam
zh-hsk4-00589,扫,sǎo / sào,[sǎo] to sweep / [sào] broom,,general-and-abstract,zh-vocab-adapted,https://raw.githubusercontent.com/drkameleon/complete-hsk-vocabulary/7ac65bf1a6387d35f1ade478906172a19311c7f9/complete.json#/7068,2021-standard-derived upstream new-4; not 2025 exam
zh-hsk4-00590,色,sè / shǎi,[sè] color; look; appearance; sex / [shǎi] (coll.) color,,general-and-abstract,zh-vocab-adapted,https://raw.githubusercontent.com/drkameleon/complete-hsk-vocabulary/7ac65bf1a6387d35f1ade478906172a19311c7f9/complete.json#/7074,2021-standard-derived upstream new-4; not 2025 exam
zh-hsk4-00591,色彩,sè cǎi,[sè cǎi] tint; coloring; coloration; (fig.) flavor; character,,general-and-abstract,zh-vocab-adapted,https://raw.githubusercontent.com/drkameleon/complete-hsk-vocabulary/7ac65bf1a6387d35f1ade478906172a19311c7f9/complete.json#/7075,2021-standard-derived upstream new-4; not 2025 exam
zh-hsk4-00592,晒,shài,"[shài] (of the sun) to shine on; to bask in (the sunshine); to dry (clothes, grain etc) in the sun; (fig.) to expose and share (one's experiences and thoughts) on the Web (loanword from ""share""); (coll.) to give the cold shoulder to",,general-and-abstract,zh-vocab-adapted,https://raw.githubusercontent.com/drkameleon/complete-hsk-vocabulary/7ac65bf1a6387d35f1ade478906172a19311c7f9/complete.json#/7097,2021-standard-derived upstream new-4; not 2025 exam
zh-hsk4-00593,闪,Shǎn / shǎn,"[Shǎn] surname Shan / [shǎn] to dodge; to duck out of the way; to beat it; shaken (by a fall); to sprain; to pull a muscle; lightning; spark; a flash; to flash (across one's mind); to leave behind; (Internet slang) (of a display of affection) ""dazzlingly"" saccharine",,general-and-abstract,zh-vocab-adapted,https://raw.githubusercontent.com/drkameleon/complete-hsk-vocabulary/7ac65bf1a6387d35f1ade478906172a19311c7f9/complete.json#/7114,2021-standard-derived upstream new-4; not 2025 exam
zh-hsk4-00594,闪电,shǎn diàn,[shǎn diàn] lightning,,general-and-abstract,zh-vocab-adapted,https://raw.githubusercontent.com/drkameleon/complete-hsk-vocabulary/7ac65bf1a6387d35f1ade478906172a19311c7f9/complete.json#/7115,2021-standard-derived upstream new-4; not 2025 exam
zh-hsk4-00595,善良,shàn liáng,[shàn liáng] good and honest; kindhearted,,general-and-abstract,zh-vocab-adapted,https://raw.githubusercontent.com/drkameleon/complete-hsk-vocabulary/7ac65bf1a6387d35f1ade478906172a19311c7f9/complete.json#/7120,2021-standard-derived upstream new-4; not 2025 exam
zh-hsk4-00596,善于,shàn yú,[shàn yú] to be good at; to be adept at,,general-and-abstract,zh-vocab-adapted,https://raw.githubusercontent.com/drkameleon/complete-hsk-vocabulary/7ac65bf1a6387d35f1ade478906172a19311c7f9/complete.json#/7122,2021-standard-derived upstream new-4; not 2025 exam
zh-hsk4-00597,伤害,shāng hài,[shāng hài] to injure; to harm,,general-and-abstract,zh-vocab-adapted,https://raw.githubusercontent.com/drkameleon/complete-hsk-vocabulary/7ac65bf1a6387d35f1ade478906172a19311c7f9/complete.json#/7130,2021-standard-derived upstream new-4; not 2025 exam
zh-hsk4-00598,商务,shāng wù,[shāng wù] commercial affairs; commercial; commerce; business,,general-and-abstract,zh-vocab-adapted,https://raw.githubusercontent.com/drkameleon/complete-hsk-vocabulary/7ac65bf1a6387d35f1ade478906172a19311c7f9/complete.json#/7148,2021-standard-derived upstream new-4; not 2025 exam
zh-hsk4-00599,赏,shǎng,[shǎng] to bestow (a reward); to give (to an inferior); to hand down; a reward (bestowed by a superior); to appreciate (beauty),,health-and-body,zh-vocab-adapted,https://raw.githubusercontent.com/drkameleon/complete-hsk-vocabulary/7ac65bf1a6387d35f1ade478906172a19311c7f9/complete.json#/7150,2021-standard-derived upstream new-4; not 2025 exam
zh-hsk4-00600,上个月,shàng gè yuè,[shàng gè yuè] last month,,time-and-quantity,zh-vocab-adapted,https://raw.githubusercontent.com/drkameleon/complete-hsk-vocabulary/7ac65bf1a6387d35f1ade478906172a19311c7f9/complete.json#/7164,2021-standard-derived upstream new-4; not 2025 exam
zh-hsk4-00601,上楼,shàng lóu,[shàng lóu] to go upstairs,,general-and-abstract,zh-vocab-adapted,https://raw.githubusercontent.com/drkameleon/complete-hsk-vocabulary/7ac65bf1a6387d35f1ade478906172a19311c7f9/complete.json#/7172,2021-standard-derived upstream new-4; not 2025 exam
zh-hsk4-00602,上门,shàng mén,"[shàng mén] to drop in; to visit; to lock a door; (of a shop) to close; to go and live with one's wife's family, in effect becoming a member of her family",,people-and-relationships;food-and-shopping,zh-vocab-adapted,https://raw.githubusercontent.com/drkameleon/complete-hsk-vocabulary/7ac65bf1a6387d35f1ade478906172a19311c7f9/complete.json#/7173,2021-standard-derived upstream new-4; not 2025 exam
zh-hsk4-00603,烧,shāo,"[shāo] to burn; to cook; to stew; to bake; to roast; to heat; to boil (tea, water etc); fever; to run a temperature; (coll.) to let things go to one's head",,food-and-shopping;health-and-body,zh-vocab-adapted,https://raw.githubusercontent.com/drkameleon/complete-hsk-vocabulary/7ac65bf1a6387d35f1ade478906172a19311c7f9/complete.json#/7201,2021-standard-derived upstream new-4; not 2025 exam
zh-hsk4-00604,设施,shè shī,[shè shī] facilities; installation,,general-and-abstract,zh-vocab-adapted,https://raw.githubusercontent.com/drkameleon/complete-hsk-vocabulary/7ac65bf1a6387d35f1ade478906172a19311c7f9/complete.json#/7236,2021-standard-derived upstream new-4; not 2025 exam
zh-hsk4-00605,设置,shè zhì,[shè zhì] to set up; to install,,general-and-abstract,zh-vocab-adapted,https://raw.githubusercontent.com/drkameleon/complete-hsk-vocabulary/7ac65bf1a6387d35f1ade478906172a19311c7f9/complete.json#/7238,2021-standard-derived upstream new-4; not 2025 exam
zh-hsk4-00606,申请,shēn qǐng,[shēn qǐng] to apply for sth; application form,,general-and-abstract,zh-vocab-adapted,https://raw.githubusercontent.com/drkameleon/complete-hsk-vocabulary/7ac65bf1a6387d35f1ade478906172a19311c7f9/complete.json#/7259,2021-standard-derived upstream new-4; not 2025 exam
zh-hsk4-00607,身材,shēn cái,[shēn cái] stature; build (height and weight); figure,,general-and-abstract,zh-vocab-adapted,https://raw.githubusercontent.com/drkameleon/complete-hsk-vocabulary/7ac65bf1a6387d35f1ade478906172a19311c7f9/complete.json#/7266,2021-standard-derived upstream new-4; not 2025 exam
zh-hsk4-00608,身份,shēn fèn,"[shēn fèn] identity; aspect of one's identity (i.e. sth that one is – mayor, father, permanent resident etc); role; capacity; status (social, legal etc); position; rank",,people-and-relationships,zh-vocab-adapted,https://raw.githubusercontent.com/drkameleon/complete-hsk-vocabulary/7ac65bf1a6387d35f1ade478906172a19311c7f9/complete.json#/7267,2021-standard-derived upstream new-4; not 2025 exam
zh-hsk4-00609,身高,shēn gāo,[shēn gāo] (a person's) height,,general-and-abstract,zh-vocab-adapted,https://raw.githubusercontent.com/drkameleon/complete-hsk-vocabulary/7ac65bf1a6387d35f1ade478906172a19311c7f9/complete.json#/7269,2021-standard-derived upstream new-4; not 2025 exam
zh-hsk4-00610,深厚,shēn hòu,[shēn hòu] deep; profound,,general-and-abstract,zh-vocab-adapted,https://raw.githubusercontent.com/drkameleon/complete-hsk-vocabulary/7ac65bf1a6387d35f1ade478906172a19311c7f9/complete.json#/7284,2021-standard-derived upstream new-4; not 2025 exam
zh-hsk4-00611,甚至,shèn zhì,[shèn zhì] even; so much so that,,general-and-abstract,zh-vocab-adapted,https://raw.githubusercontent.com/drkameleon/complete-hsk-vocabulary/7ac65bf1a6387d35f1ade478906172a19311c7f9/complete.json#/7300,2021-standard-derived upstream new-4; not 2025 exam
zh-hsk4-00612,神话,shén huà,[shén huà] legend; fairy tale; myth; mythology,,general-and-abstract,zh-vocab-adapted,https://raw.githubusercontent.com/drkameleon/complete-hsk-vocabulary/7ac65bf1a6387d35f1ade478906172a19311c7f9/complete.json#/7303,2021-standard-derived upstream new-4; not 2025 exam
zh-hsk4-00613,神秘,shén mì,[shén mì] mysterious; mystery,,general-and-abstract,zh-vocab-adapted,https://raw.githubusercontent.com/drkameleon/complete-hsk-vocabulary/7ac65bf1a6387d35f1ade478906172a19311c7f9/complete.json#/7305,2021-standard-derived upstream new-4; not 2025 exam
zh-hsk4-00614,失败,shī bài,[shī bài] to be defeated; to lose; to fail (e.g. experiments); failure; defeat,,general-and-abstract,zh-vocab-adapted,https://raw.githubusercontent.com/drkameleon/complete-hsk-vocabulary/7ac65bf1a6387d35f1ade478906172a19311c7f9/complete.json#/7395,2021-standard-derived upstream new-4; not 2025 exam
zh-hsk4-00615,失望,shī wàng,[shī wàng] disappointed; to lose hope; to despair,,general-and-abstract,zh-vocab-adapted,https://raw.githubusercontent.com/drkameleon/complete-hsk-vocabulary/7ac65bf1a6387d35f1ade478906172a19311c7f9/complete.json#/7405,2021-standard-derived upstream new-4; not 2025 exam
zh-hsk4-00616,失业,shī yè,[shī yè] unemployment; to lose one's job,,study-and-work,zh-vocab-adapted,https://raw.githubusercontent.com/drkameleon/complete-hsk-vocabulary/7ac65bf1a6387d35f1ade478906172a19311c7f9/complete.json#/7408,2021-standard-derived upstream new-4; not 2025 exam
zh-hsk4-00617,诗,Shī / shī,[Shī] the Book of Songs / [shī] poem; poetry; verse,,study-and-work,zh-vocab-adapted,https://raw.githubusercontent.com/drkameleon/complete-hsk-vocabulary/7ac65bf1a6387d35f1ade478906172a19311c7f9/complete.json#/7417,2021-standard-derived upstream new-4; not 2025 exam
zh-hsk4-00618,诗人,shī rén,[shī rén] bard; poet,,general-and-abstract,zh-vocab-adapted,https://raw.githubusercontent.com/drkameleon/complete-hsk-vocabulary/7ac65bf1a6387d35f1ade478906172a19311c7f9/complete.json#/7419,2021-standard-derived upstream new-4; not 2025 exam
zh-hsk4-00619,湿,shī,[shī] moist; wet,,general-and-abstract,zh-vocab-adapted,https://raw.githubusercontent.com/drkameleon/complete-hsk-vocabulary/7ac65bf1a6387d35f1ade478906172a19311c7f9/complete.json#/7426,2021-standard-derived upstream new-4; not 2025 exam
zh-hsk4-00620,实施,shí shī,[shí shī] to implement; to carry out,,general-and-abstract,zh-vocab-adapted,https://raw.githubusercontent.com/drkameleon/complete-hsk-vocabulary/7ac65bf1a6387d35f1ade478906172a19311c7f9/complete.json#/7468,2021-standard-derived upstream new-4; not 2025 exam
zh-hsk4-00621,实用,shí yòng,[shí yòng] practical; functional; pragmatic; applied (science),,nature-and-technology,zh-vocab-adapted,https://raw.githubusercontent.com/drkameleon/complete-hsk-vocabulary/7ac65bf1a6387d35f1ade478906172a19311c7f9/complete.json#/7477,2021-standard-derived upstream new-4; not 2025 exam
zh-hsk4-00622,食堂,shí táng,[shí táng] dining hall; cafeteria,,general-and-abstract,zh-vocab-adapted,https://raw.githubusercontent.com/drkameleon/complete-hsk-vocabulary/7ac65bf1a6387d35f1ade478906172a19311c7f9/complete.json#/7482,2021-standard-derived upstream new-4; not 2025 exam
zh-hsk4-00623,使劲,shǐ jìn,[shǐ jìn] to exert all one's strength,,general-and-abstract,zh-vocab-adapted,https://raw.githubusercontent.com/drkameleon/complete-hsk-vocabulary/7ac65bf1a6387d35f1ade478906172a19311c7f9/complete.json#/7490,2021-standard-derived upstream new-4; not 2025 exam
zh-hsk4-00624,士兵,shì bīng,[shì bīng] soldier,,general-and-abstract,zh-vocab-adapted,https://raw.githubusercontent.com/drkameleon/complete-hsk-vocabulary/7ac65bf1a6387d35f1ade478906172a19311c7f9/complete.json#/7496,2021-standard-derived upstream new-4; not 2025 exam
zh-hsk4-00625,市区,shì qū,[shì qū] urban district; downtown; city center,,travel-and-places,zh-vocab-adapted,https://raw.githubusercontent.com/drkameleon/complete-hsk-vocabulary/7ac65bf1a6387d35f1ade478906172a19311c7f9/complete.json#/7510,2021-standard-derived upstream new-4; not 2025 exam
zh-hsk4-00626,似的,shì de,[shì de] seems as if; rather like; Taiwan pr.,,general-and-abstract,zh-vocab-adapted,https://raw.githubusercontent.com/drkameleon/complete-hsk-vocabulary/7ac65bf1a6387d35f1ade478906172a19311c7f9/complete.json#/7516,2021-standard-derived upstream new-4; not 2025 exam
zh-hsk4-00627,似乎,sì hū,[sì hū] it seems; seemingly; as if,,general-and-abstract,zh-vocab-adapted,https://raw.githubusercontent.com/drkameleon/complete-hsk-vocabulary/7ac65bf1a6387d35f1ade478906172a19311c7f9/complete.json#/7517,2021-standard-derived upstream new-4; not 2025 exam
zh-hsk4-00628,事物,shì wù,[shì wù] thing; object,,general-and-abstract,zh-vocab-adapted,https://raw.githubusercontent.com/drkameleon/complete-hsk-vocabulary/7ac65bf1a6387d35f1ade478906172a19311c7f9/complete.json#/7529,2021-standard-derived upstream new-4; not 2025 exam
zh-hsk4-00629,事先,shì xiān,[shì xiān] in advance; before the event; beforehand; prior,,general-and-abstract,zh-vocab-adapted,https://raw.githubusercontent.com/drkameleon/complete-hsk-vocabulary/7ac65bf1a6387d35f1ade478906172a19311c7f9/complete.json#/7532,2021-standard-derived upstream new-4; not 2025 exam
zh-hsk4-00630,试卷,shì juàn,[shì juàn] examination paper; test paper,,study-and-work,zh-vocab-adapted,https://raw.githubusercontent.com/drkameleon/complete-hsk-vocabulary/7ac65bf1a6387d35f1ade478906172a19311c7f9/complete.json#/7551,2021-standard-derived upstream new-4; not 2025 exam
zh-hsk4-00631,是否,shì fǒu,[shì fǒu] whether (or not); if; is or isn't,,general-and-abstract,zh-vocab-adapted,https://raw.githubusercontent.com/drkameleon/complete-hsk-vocabulary/7ac65bf1a6387d35f1ade478906172a19311c7f9/complete.json#/7563,2021-standard-derived upstream new-4; not 2025 exam
zh-hsk4-00632,收回,shōu huí,[shōu huí] to regain; to retake; to take back; to withdraw; to revoke,,general-and-abstract,zh-vocab-adapted,https://raw.githubusercontent.com/drkameleon/complete-hsk-vocabulary/7ac65bf1a6387d35f1ade478906172a19311c7f9/complete.json#/7586,2021-standard-derived upstream new-4; not 2025 exam
zh-hsk4-00633,收获,shōu huò,[shōu huò] to harvest; to reap; to gain; crop; harvest; profit; gain; bonus; reward,,general-and-abstract,zh-vocab-adapted,https://raw.githubusercontent.com/drkameleon/complete-hsk-vocabulary/7ac65bf1a6387d35f1ade478906172a19311c7f9/complete.json#/7587,2021-standard-derived upstream new-4; not 2025 exam
zh-hsk4-00634,收益,shōu yì,[shōu yì] earnings; profit,,general-and-abstract,zh-vocab-adapted,https://raw.githubusercontent.com/drkameleon/complete-hsk-vocabulary/7ac65bf1a6387d35f1ade478906172a19311c7f9/complete.json#/7601,2021-standard-derived upstream new-4; not 2025 exam
zh-hsk4-00635,手工,shǒu gōng,[shǒu gōng] handwork; manual,,general-and-abstract,zh-vocab-adapted,https://raw.githubusercontent.com/drkameleon/complete-hsk-vocabulary/7ac65bf1a6387d35f1ade478906172a19311c7f9/complete.json#/7611,2021-standard-derived upstream new-4; not 2025 exam
zh-hsk4-00636,手里,shǒu lǐ,[shǒu lǐ] in hand; (a situation is) in sb's hands,,health-and-body,zh-vocab-adapted,https://raw.githubusercontent.com/drkameleon/complete-hsk-vocabulary/7ac65bf1a6387d35f1ade478906172a19311c7f9/complete.json#/7614,2021-standard-derived upstream new-4; not 2025 exam
zh-hsk4-00637,手术,shǒu shù,[shǒu shù] (surgical) operation; surgery,,general-and-abstract,zh-vocab-adapted,https://raw.githubusercontent.com/drkameleon/complete-hsk-vocabulary/7ac65bf1a6387d35f1ade478906172a19311c7f9/complete.json#/7618,2021-standard-derived upstream new-4; not 2025 exam
zh-hsk4-00638,手套,shǒu tào,[shǒu tào] glove; mitten,,general-and-abstract,zh-vocab-adapted,https://raw.githubusercontent.com/drkameleon/complete-hsk-vocabulary/7ac65bf1a6387d35f1ade478906172a19311c7f9/complete.json#/7620,2021-standard-derived upstream new-4; not 2025 exam
zh-hsk4-00639,守,shǒu,[shǒu] to guard; to defend; to keep watch; to abide by the law; to observe (rules or ritual); nearby; adjoining,,society-and-public-life,zh-vocab-adapted,https://raw.githubusercontent.com/drkameleon/complete-hsk-vocabulary/7ac65bf1a6387d35f1ade478906172a19311c7f9/complete.json#/7628,2021-standard-derived upstream new-4; not 2025 exam
zh-hsk4-00640,首,shǒu,"[shǒu] head; chief; first (occasion, thing etc); classifier for poems, songs etc",,health-and-body,zh-vocab-adapted,https://raw.githubusercontent.com/drkameleon/complete-hsk-vocabulary/7ac65bf1a6387d35f1ade478906172a19311c7f9/complete.json#/7632,2021-standard-derived upstream new-4; not 2025 exam
zh-hsk4-00641,受不了,shòu bù liǎo,[shòu bù liǎo] unbearable; unable to endure; can't stand,,general-and-abstract,zh-vocab-adapted,https://raw.githubusercontent.com/drkameleon/complete-hsk-vocabulary/7ac65bf1a6387d35f1ade478906172a19311c7f9/complete.json#/7647,2021-standard-derived upstream new-4; not 2025 exam
zh-hsk4-00642,售货员,shòu huò yuán,[shòu huò yuán] salesperson,,general-and-abstract,zh-vocab-adapted,https://raw.githubusercontent.com/drkameleon/complete-hsk-vocabulary/7ac65bf1a6387d35f1ade478906172a19311c7f9/complete.json#/7661,2021-standard-derived upstream new-4; not 2025 exam
zh-hsk4-00643,叔叔,shū shu,[shū shu] father's younger brother; uncle; Taiwan pr.,,people-and-relationships,zh-vocab-adapted,https://raw.githubusercontent.com/drkameleon/complete-hsk-vocabulary/7ac65bf1a6387d35f1ade478906172a19311c7f9/complete.json#/7681,2021-standard-derived upstream new-4; not 2025 exam
zh-hsk4-00644,舒适,shū shì,[shū shì] cozy; snug,,general-and-abstract,zh-vocab-adapted,https://raw.githubusercontent.com/drkameleon/complete-hsk-vocabulary/7ac65bf1a6387d35f1ade478906172a19311c7f9/complete.json#/7692,2021-standard-derived upstream new-4; not 2025 exam
zh-hsk4-00645,熟练,shú liàn,[shú liàn] practiced; proficient; skilled; skillful,,general-and-abstract,zh-vocab-adapted,https://raw.githubusercontent.com/drkameleon/complete-hsk-vocabulary/7ac65bf1a6387d35f1ade478906172a19311c7f9/complete.json#/7703,2021-standard-derived upstream new-4; not 2025 exam
zh-hsk4-00646,暑假,shǔ jià,[shǔ jià] summer vacation,,general-and-abstract,zh-vocab-adapted,https://raw.githubusercontent.com/drkameleon/complete-hsk-vocabulary/7ac65bf1a6387d35f1ade478906172a19311c7f9/complete.json#/7709,2021-standard-derived upstream new-4; not 2025 exam
zh-hsk4-00647,树林,Shù lín / shù lín,"[Shù lín] Shulin city in New Taipei City, Taiwan / [shù lín] woods; grove; forest",,travel-and-places,zh-vocab-adapted,https://raw.githubusercontent.com/drkameleon/complete-hsk-vocabulary/7ac65bf1a6387d35f1ade478906172a19311c7f9/complete.json#/7720,2021-standard-derived upstream new-4; not 2025 exam
zh-hsk4-00648,树叶,shù yè,[shù yè] tree leaves,,general-and-abstract,zh-vocab-adapted,https://raw.githubusercontent.com/drkameleon/complete-hsk-vocabulary/7ac65bf1a6387d35f1ade478906172a19311c7f9/complete.json#/7723,2021-standard-derived upstream new-4; not 2025 exam
zh-hsk4-00649,数据,shù jù,[shù jù] data,,general-and-abstract,zh-vocab-adapted,https://raw.githubusercontent.com/drkameleon/complete-hsk-vocabulary/7ac65bf1a6387d35f1ade478906172a19311c7f9/complete.json#/7729,2021-standard-derived upstream new-4; not 2025 exam
zh-hsk4-00650,数码,shù mǎ,[shù mǎ] number; numerals; figures; digital; amount; numerical code,,time-and-quantity,zh-vocab-adapted,https://raw.githubusercontent.com/drkameleon/complete-hsk-vocabulary/7ac65bf1a6387d35f1ade478906172a19311c7f9/complete.json#/7732,2021-standard-derived upstream new-4; not 2025 exam
zh-hsk4-00651,刷,shuā / shuà,[shuā] to brush; to paint; to daub; to paste up; to skip class (of students); to fire from a job / [shuà] to select,,study-and-work,zh-vocab-adapted,https://raw.githubusercontent.com/drkameleon/complete-hsk-vocabulary/7ac65bf1a6387d35f1ade478906172a19311c7f9/complete.json#/7736,2021-standard-derived upstream new-4; not 2025 exam
zh-hsk4-00652,刷牙,shuā yá,[shuā yá] to brush one's teeth,,general-and-abstract,zh-vocab-adapted,https://raw.githubusercontent.com/drkameleon/complete-hsk-vocabulary/7ac65bf1a6387d35f1ade478906172a19311c7f9/complete.json#/7738,2021-standard-derived upstream new-4; not 2025 exam
zh-hsk4-00653,刷子,shuā zi,[shuā zi] brush; scrub,,general-and-abstract,zh-vocab-adapted,https://raw.githubusercontent.com/drkameleon/complete-hsk-vocabulary/7ac65bf1a6387d35f1ade478906172a19311c7f9/complete.json#/7739,2021-standard-derived upstream new-4; not 2025 exam
zh-hsk4-00654,帅,Shuài / shuài,"[Shuài] surname Shuai / [shuài] (bound form) commander-in-chief; (bound form) to lead; to command; handsome; graceful; dashing; elegant; (coll.) cool!; sweet!; (Chinese chess) general (on the red side, equivalent to a king in Western chess)",,general-and-abstract,zh-vocab-adapted,https://raw.githubusercontent.com/drkameleon/complete-hsk-vocabulary/7ac65bf1a6387d35f1ade478906172a19311c7f9/complete.json#/7751,2021-standard-derived upstream new-4; not 2025 exam
zh-hsk4-00655,帅哥,shuài gē,[shuài gē] handsome guy; lady-killer; handsome (form of address),,general-and-abstract,zh-vocab-adapted,https://raw.githubusercontent.com/drkameleon/complete-hsk-vocabulary/7ac65bf1a6387d35f1ade478906172a19311c7f9/complete.json#/7752,2021-standard-derived upstream new-4; not 2025 exam
zh-hsk4-00656,睡着,shuì zháo,[shuì zháo] to fall asleep,,general-and-abstract,zh-vocab-adapted,https://raw.githubusercontent.com/drkameleon/complete-hsk-vocabulary/7ac65bf1a6387d35f1ade478906172a19311c7f9/complete.json#/7801,2021-standard-derived upstream new-4; not 2025 exam
zh-hsk4-00657,顺序,shùn xù,[shùn xù] sequence; order,,general-and-abstract,zh-vocab-adapted,https://raw.githubusercontent.com/drkameleon/complete-hsk-vocabulary/7ac65bf1a6387d35f1ade478906172a19311c7f9/complete.json#/7814,2021-standard-derived upstream new-4; not 2025 exam
zh-hsk4-00658,说不定,shuō bu dìng,[shuō bu dìng] can't say for sure; maybe,,thought-and-communication,zh-vocab-adapted,https://raw.githubusercontent.com/drkameleon/complete-hsk-vocabulary/7ac65bf1a6387d35f1ade478906172a19311c7f9/complete.json#/7820,2021-standard-derived upstream new-4; not 2025 exam
zh-hsk4-00659,说服,shuō fú,[shuō fú] to persuade; to convince; to talk sb over; Taiwan pr.,,general-and-abstract,zh-vocab-adapted,https://raw.githubusercontent.com/drkameleon/complete-hsk-vocabulary/7ac65bf1a6387d35f1ade478906172a19311c7f9/complete.json#/7825,2021-standard-derived upstream new-4; not 2025 exam
zh-hsk4-00660,思考,sī kǎo,[sī kǎo] to reflect on; to ponder over,,general-and-abstract,zh-vocab-adapted,https://raw.githubusercontent.com/drkameleon/complete-hsk-vocabulary/7ac65bf1a6387d35f1ade478906172a19311c7f9/complete.json#/7856,2021-standard-derived upstream new-4; not 2025 exam
zh-hsk4-00661,松,Sōng / sōng,"[Sōng] surname Song / [sōng] pine / [sōng] loose; to loosen; to relax; floss (dry, fluffy food product made from shredded, seasoned meat or fish, used as a topping or filling)",,food-and-shopping,zh-vocab-adapted,https://raw.githubusercontent.com/drkameleon/complete-hsk-vocabulary/7ac65bf1a6387d35f1ade478906172a19311c7f9/complete.json#/7882,2021-standard-derived upstream new-4; not 2025 exam
zh-hsk4-00662,松树,sōng shù,[sōng shù] pine; pine tree,,general-and-abstract,zh-vocab-adapted,https://raw.githubusercontent.com/drkameleon/complete-hsk-vocabulary/7ac65bf1a6387d35f1ade478906172a19311c7f9/complete.json#/7885,2021-standard-derived upstream new-4; not 2025 exam
zh-hsk4-00663,塑料,sù liào,[sù liào] plastics,,general-and-abstract,zh-vocab-adapted,https://raw.githubusercontent.com/drkameleon/complete-hsk-vocabulary/7ac65bf1a6387d35f1ade478906172a19311c7f9/complete.json#/7916,2021-standard-derived upstream new-4; not 2025 exam
zh-hsk4-00664,塑料袋,sù liào dài,[sù liào dài] plastic bag,,general-and-abstract,zh-vocab-adapted,https://raw.githubusercontent.com/drkameleon/complete-hsk-vocabulary/7ac65bf1a6387d35f1ade478906172a19311c7f9/complete.json#/7917,2021-standard-derived upstream new-4; not 2025 exam
zh-hsk4-00665,酸,suān,[suān] sour; tart; sick at heart; grieved; sore; aching; pedantic; impractical; to make sarcastic remarks about sb; an acid,,general-and-abstract,zh-vocab-adapted,https://raw.githubusercontent.com/drkameleon/complete-hsk-vocabulary/7ac65bf1a6387d35f1ade478906172a19311c7f9/complete.json#/7922,2021-standard-derived upstream new-4; not 2025 exam
zh-hsk4-00666,酸奶,suān nǎi,[suān nǎi] yogurt,,general-and-abstract,zh-vocab-adapted,https://raw.githubusercontent.com/drkameleon/complete-hsk-vocabulary/7ac65bf1a6387d35f1ade478906172a19311c7f9/complete.json#/7923,2021-standard-derived upstream new-4; not 2025 exam
zh-hsk4-00667,随手,suí shǒu,[suí shǒu] conveniently; without extra trouble; while doing it; in passing,,general-and-abstract,zh-vocab-adapted,https://raw.githubusercontent.com/drkameleon/complete-hsk-vocabulary/7ac65bf1a6387d35f1ade478906172a19311c7f9/complete.json#/7946,2021-standard-derived upstream new-4; not 2025 exam
zh-hsk4-00668,孙女,sūn nǚ,[sūn nǚ] son's daughter; granddaughter,,general-and-abstract,zh-vocab-adapted,https://raw.githubusercontent.com/drkameleon/complete-hsk-vocabulary/7ac65bf1a6387d35f1ade478906172a19311c7f9/complete.json#/7956,2021-standard-derived upstream new-4; not 2025 exam
zh-hsk4-00669,孙子,Sūn zǐ / sūn zi,"[Sūn zǐ] Sun Tzu, also known as Sun Wu (c. 500 BC, dates of birth and death uncertain), general, strategist and philosopher of the Spring and Autumn Period (700-475 BC), believed to be the author of the “Art of War”, one of the Seven Military Classics of ancient China / [sūn zi] grandson; son's son",,general-and-abstract,zh-vocab-adapted,https://raw.githubusercontent.com/drkameleon/complete-hsk-vocabulary/7ac65bf1a6387d35f1ade478906172a19311c7f9/complete.json#/7957,2021-standard-derived upstream new-4; not 2025 exam
zh-hsk4-00670,缩短,suō duǎn,[suō duǎn] to curtail; to cut down,,general-and-abstract,zh-vocab-adapted,https://raw.githubusercontent.com/drkameleon/complete-hsk-vocabulary/7ac65bf1a6387d35f1ade478906172a19311c7f9/complete.json#/7965,2021-standard-derived upstream new-4; not 2025 exam
zh-hsk4-00671,缩小,suō xiǎo,[suō xiǎo] to reduce; to decrease; to shrink,,general-and-abstract,zh-vocab-adapted,https://raw.githubusercontent.com/drkameleon/complete-hsk-vocabulary/7ac65bf1a6387d35f1ade478906172a19311c7f9/complete.json#/7967,2021-standard-derived upstream new-4; not 2025 exam
zh-hsk4-00672,台阶,tái jiē,[tái jiē] steps; flight of steps; step (over obstacle); fig. way out of an embarrassing situation; bench (geology),,general-and-abstract,zh-vocab-adapted,https://raw.githubusercontent.com/drkameleon/complete-hsk-vocabulary/7ac65bf1a6387d35f1ade478906172a19311c7f9/complete.json#/8001,2021-standard-derived upstream new-4; not 2025 exam
zh-hsk4-00673,台上,tái shàng,[tái shàng] on stage,,general-and-abstract,zh-vocab-adapted,https://raw.githubusercontent.com/drkameleon/complete-hsk-vocabulary/7ac65bf1a6387d35f1ade478906172a19311c7f9/complete.json#/8003,2021-standard-derived upstream new-4; not 2025 exam
zh-hsk4-00674,躺,tǎng,[tǎng] to recline; to lie down,,general-and-abstract,zh-vocab-adapted,https://raw.githubusercontent.com/drkameleon/complete-hsk-vocabulary/7ac65bf1a6387d35f1ade478906172a19311c7f9/complete.json#/8059,2021-standard-derived upstream new-4; not 2025 exam
zh-hsk4-00675,套餐,tào cān,[tào cān] set meal; (fig.) product or service package (e.g. for a cell phone subscription),,general-and-abstract,zh-vocab-adapted,https://raw.githubusercontent.com/drkameleon/complete-hsk-vocabulary/7ac65bf1a6387d35f1ade478906172a19311c7f9/complete.json#/8087,2021-standard-derived upstream new-4; not 2025 exam
zh-hsk4-00676,特价,tè jià,[tè jià] special price,,food-and-shopping,zh-vocab-adapted,https://raw.githubusercontent.com/drkameleon/complete-hsk-vocabulary/7ac65bf1a6387d35f1ade478906172a19311c7f9/complete.json#/8095,2021-standard-derived upstream new-4; not 2025 exam
zh-hsk4-00677,特殊,tè shū,[tè shū] special; particular; unusual; extraordinary,,general-and-abstract,zh-vocab-adapted,https://raw.githubusercontent.com/drkameleon/complete-hsk-vocabulary/7ac65bf1a6387d35f1ade478906172a19311c7f9/complete.json#/8100,2021-standard-derived upstream new-4; not 2025 exam
zh-hsk4-00678,特征,tè zhēng,[tè zhēng] characteristic; diagnostic property; distinctive feature; trait,,general-and-abstract,zh-vocab-adapted,https://raw.githubusercontent.com/drkameleon/complete-hsk-vocabulary/7ac65bf1a6387d35f1ade478906172a19311c7f9/complete.json#/8106,2021-standard-derived upstream new-4; not 2025 exam
zh-hsk4-00679,提供,tí gōng,[tí gōng] to offer; to supply; to provide; to furnish,,general-and-abstract,zh-vocab-adapted,https://raw.githubusercontent.com/drkameleon/complete-hsk-vocabulary/7ac65bf1a6387d35f1ade478906172a19311c7f9/complete.json#/8125,2021-standard-derived upstream new-4; not 2025 exam
zh-hsk4-00680,提醒,tí xǐng,[tí xǐng] to remind; to call attention to; to warn of,,general-and-abstract,zh-vocab-adapted,https://raw.githubusercontent.com/drkameleon/complete-hsk-vocabulary/7ac65bf1a6387d35f1ade478906172a19311c7f9/complete.json#/8136,2021-standard-derived upstream new-4; not 2025 exam
zh-hsk4-00681,体操,tǐ cāo,[tǐ cāo] gymnastic; gymnastics,,general-and-abstract,zh-vocab-adapted,https://raw.githubusercontent.com/drkameleon/complete-hsk-vocabulary/7ac65bf1a6387d35f1ade478906172a19311c7f9/complete.json#/8142,2021-standard-derived upstream new-4; not 2025 exam
zh-hsk4-00682,体检,tǐ jiǎn,[tǐ jiǎn] medical examination; physical checkup,,study-and-work,zh-vocab-adapted,https://raw.githubusercontent.com/drkameleon/complete-hsk-vocabulary/7ac65bf1a6387d35f1ade478906172a19311c7f9/complete.json#/8145,2021-standard-derived upstream new-4; not 2025 exam
zh-hsk4-00683,体重,tǐ zhòng,[tǐ zhòng] body weight,,health-and-body,zh-vocab-adapted,https://raw.githubusercontent.com/drkameleon/complete-hsk-vocabulary/7ac65bf1a6387d35f1ade478906172a19311c7f9/complete.json#/8160,2021-standard-derived upstream new-4; not 2025 exam
zh-hsk4-00684,替,tì,[tì] to substitute for; to take the place of; to replace; for; on behalf of; to stand in for,,general-and-abstract,zh-vocab-adapted,https://raw.githubusercontent.com/drkameleon/complete-hsk-vocabulary/7ac65bf1a6387d35f1ade478906172a19311c7f9/complete.json#/8162,2021-standard-derived upstream new-4; not 2025 exam
zh-hsk4-00685,替代,tì dài,[tì dài] to substitute for; to replace; to supersede,,general-and-abstract,zh-vocab-adapted,https://raw.githubusercontent.com/drkameleon/complete-hsk-vocabulary/7ac65bf1a6387d35f1ade478906172a19311c7f9/complete.json#/8163,2021-standard-derived upstream new-4; not 2025 exam
zh-hsk4-00686,天真,tiān zhēn,[tiān zhēn] naive; innocent; artless,,general-and-abstract,zh-vocab-adapted,https://raw.githubusercontent.com/drkameleon/complete-hsk-vocabulary/7ac65bf1a6387d35f1ade478906172a19311c7f9/complete.json#/8189,2021-standard-derived upstream new-4; not 2025 exam
zh-hsk4-00687,填,tián,[tián] to fill or stuff; (of a form etc) to fill in,,general-and-abstract,zh-vocab-adapted,https://raw.githubusercontent.com/drkameleon/complete-hsk-vocabulary/7ac65bf1a6387d35f1ade478906172a19311c7f9/complete.json#/8200,2021-standard-derived upstream new-4; not 2025 exam
zh-hsk4-00688,填空,tián kòng,[tián kòng] to fill a job vacancy; to fill in a blank (e.g. on questionnaire or exam paper),,study-and-work,zh-vocab-adapted,https://raw.githubusercontent.com/drkameleon/complete-hsk-vocabulary/7ac65bf1a6387d35f1ade478906172a19311c7f9/complete.json#/8203,2021-standard-derived upstream new-4; not 2025 exam
zh-hsk4-00689,挑,tiāo / tiǎo,[tiāo] to carry on a shoulder pole; to choose; to pick; to nitpick / [tiǎo] to raise; to dig up; to poke; to prick; to incite; to stir up,,general-and-abstract,zh-vocab-adapted,https://raw.githubusercontent.com/drkameleon/complete-hsk-vocabulary/7ac65bf1a6387d35f1ade478906172a19311c7f9/complete.json#/8206,2021-standard-derived upstream new-4; not 2025 exam
zh-hsk4-00690,挑选,tiāo xuǎn,[tiāo xuǎn] to choose; to select,,general-and-abstract,zh-vocab-adapted,https://raw.githubusercontent.com/drkameleon/complete-hsk-vocabulary/7ac65bf1a6387d35f1ade478906172a19311c7f9/complete.json#/8211,2021-standard-derived upstream new-4; not 2025 exam
zh-hsk4-00691,挑战,tiǎo zhàn,[tiǎo zhàn] to challenge; challenge,,general-and-abstract,zh-vocab-adapted,https://raw.githubusercontent.com/drkameleon/complete-hsk-vocabulary/7ac65bf1a6387d35f1ade478906172a19311c7f9/complete.json#/8212,2021-standard-derived upstream new-4; not 2025 exam
zh-hsk4-00692,贴,tiē,[tiē] to stick; to paste; to post (e.g. on a blog); to keep close to; to fit snugly; to subsidize; allowance (e.g. money for food or housing); sticker; classifier for sticking plaster: strip,,food-and-shopping,zh-vocab-adapted,https://raw.githubusercontent.com/drkameleon/complete-hsk-vocabulary/7ac65bf1a6387d35f1ade478906172a19311c7f9/complete.json#/8229,2021-standard-derived upstream new-4; not 2025 exam
zh-hsk4-00693,停下,tíng xià,[tíng xià] to stop,,general-and-abstract,zh-vocab-adapted,https://raw.githubusercontent.com/drkameleon/complete-hsk-vocabulary/7ac65bf1a6387d35f1ade478906172a19311c7f9/complete.json#/8256,2021-standard-derived upstream new-4; not 2025 exam
zh-hsk4-00694,通知书,tōng zhī shū,[tōng zhī shū] written notice,,general-and-abstract,zh-vocab-adapted,https://raw.githubusercontent.com/drkameleon/complete-hsk-vocabulary/7ac65bf1a6387d35f1ade478906172a19311c7f9/complete.json#/8287,2021-standard-derived upstream new-4; not 2025 exam
zh-hsk4-00695,同情,tóng qíng,[tóng qíng] to sympathize with; sympathy,,general-and-abstract,zh-vocab-adapted,https://raw.githubusercontent.com/drkameleon/complete-hsk-vocabulary/7ac65bf1a6387d35f1ade478906172a19311c7f9/complete.json#/8299,2021-standard-derived upstream new-4; not 2025 exam
zh-hsk4-00696,童话,tóng huà,[tóng huà] children's fairy tales,,general-and-abstract,zh-vocab-adapted,https://raw.githubusercontent.com/drkameleon/complete-hsk-vocabulary/7ac65bf1a6387d35f1ade478906172a19311c7f9/complete.json#/8313,2021-standard-derived upstream new-4; not 2025 exam
zh-hsk4-00697,童年,tóng nián,[tóng nián] childhood,,general-and-abstract,zh-vocab-adapted,https://raw.githubusercontent.com/drkameleon/complete-hsk-vocabulary/7ac65bf1a6387d35f1ade478906172a19311c7f9/complete.json#/8314,2021-standard-derived upstream new-4; not 2025 exam
zh-hsk4-00698,统计,tǒng jì,[tǒng jì] statistics; to count; to add up,,general-and-abstract,zh-vocab-adapted,https://raw.githubusercontent.com/drkameleon/complete-hsk-vocabulary/7ac65bf1a6387d35f1ade478906172a19311c7f9/complete.json#/8317,2021-standard-derived upstream new-4; not 2025 exam
zh-hsk4-00699,统一,tǒng yī,[tǒng yī] to unify; to integrate; unified; integrated,,general-and-abstract,zh-vocab-adapted,https://raw.githubusercontent.com/drkameleon/complete-hsk-vocabulary/7ac65bf1a6387d35f1ade478906172a19311c7f9/complete.json#/8319,2021-standard-derived upstream new-4; not 2025 exam
zh-hsk4-00700,痛快,tòng kuài,[tòng kuài] delighted; to one's heart's content; straightforward; also pr.,,general-and-abstract,zh-vocab-adapted,https://raw.githubusercontent.com/drkameleon/complete-hsk-vocabulary/7ac65bf1a6387d35f1ade478906172a19311c7f9/complete.json#/8326,2021-standard-derived upstream new-4; not 2025 exam
zh-hsk4-00701,投,tóu,[tóu] to cast; to send; to throw oneself (into the river etc); to seek refuge; to place oneself into the hands of,,travel-and-places,zh-vocab-adapted,https://raw.githubusercontent.com/drkameleon/complete-hsk-vocabulary/7ac65bf1a6387d35f1ade478906172a19311c7f9/complete.json#/8344,2021-standard-derived upstream new-4; not 2025 exam
zh-hsk4-00702,投入,tóu rù,[tóu rù] to throw into; to put into; to throw oneself into; to participate in; to invest in; absorbed; engrossed,,general-and-abstract,zh-vocab-adapted,https://raw.githubusercontent.com/drkameleon/complete-hsk-vocabulary/7ac65bf1a6387d35f1ade478906172a19311c7f9/complete.json#/8350,2021-standard-derived upstream new-4; not 2025 exam
zh-hsk4-00703,投诉,tóu sù,[tóu sù] complaint; to complain; to register a complaint (esp. as a customer),,general-and-abstract,zh-vocab-adapted,https://raw.githubusercontent.com/drkameleon/complete-hsk-vocabulary/7ac65bf1a6387d35f1ade478906172a19311c7f9/complete.json#/8353,2021-standard-derived upstream new-4; not 2025 exam
zh-hsk4-00704,投资,tóu zī,[tóu zī] investment; to invest,,general-and-abstract,zh-vocab-adapted,https://raw.githubusercontent.com/drkameleon/complete-hsk-vocabulary/7ac65bf1a6387d35f1ade478906172a19311c7f9/complete.json#/8355,2021-standard-derived upstream new-4; not 2025 exam
zh-hsk4-00705,透,tòu,[tòu] (bound form) to penetrate; to seep through; to tell secretly; to leak; thoroughly; through and through; to appear; to show,,general-and-abstract,zh-vocab-adapted,https://raw.githubusercontent.com/drkameleon/complete-hsk-vocabulary/7ac65bf1a6387d35f1ade478906172a19311c7f9/complete.json#/8356,2021-standard-derived upstream new-4; not 2025 exam
zh-hsk4-00706,透明,tòu míng,[tòu míng] transparent; (fig.) transparent; open to scrutiny,,general-and-abstract,zh-vocab-adapted,https://raw.githubusercontent.com/drkameleon/complete-hsk-vocabulary/7ac65bf1a6387d35f1ade478906172a19311c7f9/complete.json#/8360,2021-standard-derived upstream new-4; not 2025 exam
zh-hsk4-00707,图案,tú àn,[tú àn] design; pattern,,general-and-abstract,zh-vocab-adapted,https://raw.githubusercontent.com/drkameleon/complete-hsk-vocabulary/7ac65bf1a6387d35f1ade478906172a19311c7f9/complete.json#/8374,2021-standard-derived upstream new-4; not 2025 exam
zh-hsk4-00708,途中,tú zhōng,[tú zhōng] en route,,general-and-abstract,zh-vocab-adapted,https://raw.githubusercontent.com/drkameleon/complete-hsk-vocabulary/7ac65bf1a6387d35f1ade478906172a19311c7f9/complete.json#/8386,2021-standard-derived upstream new-4; not 2025 exam
zh-hsk4-00709,土地,tǔ dì / tǔ di,[tǔ dì] land; soil; territory / [tǔ di] local god; genius loci,,general-and-abstract,zh-vocab-adapted,https://raw.githubusercontent.com/drkameleon/complete-hsk-vocabulary/7ac65bf1a6387d35f1ade478906172a19311c7f9/complete.json#/8389,2021-standard-derived upstream new-4; not 2025 exam
zh-hsk4-00710,推迟,tuī chí,[tuī chí] to postpone; to put off; to defer,,general-and-abstract,zh-vocab-adapted,https://raw.githubusercontent.com/drkameleon/complete-hsk-vocabulary/7ac65bf1a6387d35f1ade478906172a19311c7f9/complete.json#/8410,2021-standard-derived upstream new-4; not 2025 exam
zh-hsk4-00711,推销,tuī xiāo,[tuī xiāo] to market; to sell,,food-and-shopping,zh-vocab-adapted,https://raw.githubusercontent.com/drkameleon/complete-hsk-vocabulary/7ac65bf1a6387d35f1ade478906172a19311c7f9/complete.json#/8424,2021-standard-derived upstream new-4; not 2025 exam
zh-hsk4-00712,脱,tuō,[tuō] to shed; to take off; to escape; to get away from,,general-and-abstract,zh-vocab-adapted,https://raw.githubusercontent.com/drkameleon/complete-hsk-vocabulary/7ac65bf1a6387d35f1ade478906172a19311c7f9/complete.json#/8454,2021-standard-derived upstream new-4; not 2025 exam
zh-hsk4-00713,袜子,wà zi,[wà zi] socks; stockings,,general-and-abstract,zh-vocab-adapted,https://raw.githubusercontent.com/drkameleon/complete-hsk-vocabulary/7ac65bf1a6387d35f1ade478906172a19311c7f9/complete.json#/8475,2021-standard-derived upstream new-4; not 2025 exam
zh-hsk4-00714,外汇,wài huì,[wài huì] foreign (currency) exchange,,general-and-abstract,zh-vocab-adapted,https://raw.githubusercontent.com/drkameleon/complete-hsk-vocabulary/7ac65bf1a6387d35f1ade478906172a19311c7f9/complete.json#/8490,2021-standard-derived upstream new-4; not 2025 exam
zh-hsk4-00715,外交官,wài jiāo guān,[wài jiāo guān] diplomat,,general-and-abstract,zh-vocab-adapted,https://raw.githubusercontent.com/drkameleon/complete-hsk-vocabulary/7ac65bf1a6387d35f1ade478906172a19311c7f9/complete.json#/8493,2021-standard-derived upstream new-4; not 2025 exam
zh-hsk4-00716,外套,wài tào,[wài tào] coat; jacket,,general-and-abstract,zh-vocab-adapted,https://raw.githubusercontent.com/drkameleon/complete-hsk-vocabulary/7ac65bf1a6387d35f1ade478906172a19311c7f9/complete.json#/8503,2021-standard-derived upstream new-4; not 2025 exam
zh-hsk4-00717,弯,wān,[wān] to bend; bent; a bend; a turn (in a road etc),,travel-and-places,zh-vocab-adapted,https://raw.githubusercontent.com/drkameleon/complete-hsk-vocabulary/7ac65bf1a6387d35f1ade478906172a19311c7f9/complete.json#/8514,2021-standard-derived upstream new-4; not 2025 exam
zh-hsk4-00718,晚点,wǎn diǎn,[wǎn diǎn] (of trains etc) late; delayed; behind schedule; light dinner,,general-and-abstract,zh-vocab-adapted,https://raw.githubusercontent.com/drkameleon/complete-hsk-vocabulary/7ac65bf1a6387d35f1ade478906172a19311c7f9/complete.json#/8545,2021-standard-derived upstream new-4; not 2025 exam
zh-hsk4-00719,万一,wàn yī,[wàn yī] just in case; if by any chance; contingency,,general-and-abstract,zh-vocab-adapted,https://raw.githubusercontent.com/drkameleon/complete-hsk-vocabulary/7ac65bf1a6387d35f1ade478906172a19311c7f9/complete.json#/8559,2021-standard-derived upstream new-4; not 2025 exam
zh-hsk4-00720,王,Wáng / wáng / wàng,[Wáng] surname Wang / [wáng] king or monarch; best or strongest of its type; grand; great / [wàng] to rule; to reign over,,general-and-abstract,zh-vocab-adapted,https://raw.githubusercontent.com/drkameleon/complete-hsk-vocabulary/7ac65bf1a6387d35f1ade478906172a19311c7f9/complete.json#/8562,2021-standard-derived upstream new-4; not 2025 exam
zh-hsk4-00721,网络,Wǎng luò / wǎng luò,"[Wǎng luò] Internet / [wǎng luò] network (computing, telecommunications, transport etc)",,general-and-abstract,zh-vocab-adapted,https://raw.githubusercontent.com/drkameleon/complete-hsk-vocabulary/7ac65bf1a6387d35f1ade478906172a19311c7f9/complete.json#/8570,2021-standard-derived upstream new-4; not 2025 exam
zh-hsk4-00722,网址,wǎng zhǐ,[wǎng zhǐ] website; web address; URL,,general-and-abstract,zh-vocab-adapted,https://raw.githubusercontent.com/drkameleon/complete-hsk-vocabulary/7ac65bf1a6387d35f1ade478906172a19311c7f9/complete.json#/8577,2021-standard-derived upstream new-4; not 2025 exam
zh-hsk4-00723,微笑,wēi xiào,[wēi xiào] smile; to smile,,general-and-abstract,zh-vocab-adapted,https://raw.githubusercontent.com/drkameleon/complete-hsk-vocabulary/7ac65bf1a6387d35f1ade478906172a19311c7f9/complete.json#/8616,2021-standard-derived upstream new-4; not 2025 exam
zh-hsk4-00724,微信,Wēi xìn,[Wēi xìn] Weixin or WeChat,,general-and-abstract,zh-vocab-adapted,https://raw.githubusercontent.com/drkameleon/complete-hsk-vocabulary/7ac65bf1a6387d35f1ade478906172a19311c7f9/complete.json#/8617,2021-standard-derived upstream new-4; not 2025 exam
zh-hsk4-00725,围巾,wéi jīn,[wéi jīn] scarf; shawl,,general-and-abstract,zh-vocab-adapted,https://raw.githubusercontent.com/drkameleon/complete-hsk-vocabulary/7ac65bf1a6387d35f1ade478906172a19311c7f9/complete.json#/8620,2021-standard-derived upstream new-4; not 2025 exam
zh-hsk4-00726,维持,wéi chí,[wéi chí] to keep; to maintain; to preserve,,general-and-abstract,zh-vocab-adapted,https://raw.githubusercontent.com/drkameleon/complete-hsk-vocabulary/7ac65bf1a6387d35f1ade478906172a19311c7f9/complete.json#/8632,2021-standard-derived upstream new-4; not 2025 exam
zh-hsk4-00727,维护,wéi hù,[wéi hù] to defend; to safeguard; to protect; to uphold; to maintain,,general-and-abstract,zh-vocab-adapted,https://raw.githubusercontent.com/drkameleon/complete-hsk-vocabulary/7ac65bf1a6387d35f1ade478906172a19311c7f9/complete.json#/8633,2021-standard-derived upstream new-4; not 2025 exam
zh-hsk4-00728,维修,wéi xiū,[wéi xiū] maintenance (of equipment); to protect and maintain,,general-and-abstract,zh-vocab-adapted,https://raw.githubusercontent.com/drkameleon/complete-hsk-vocabulary/7ac65bf1a6387d35f1ade478906172a19311c7f9/complete.json#/8635,2021-standard-derived upstream new-4; not 2025 exam
zh-hsk4-00729,尾巴,wěi ba,[wěi ba] tail; colloquial pr.,,general-and-abstract,zh-vocab-adapted,https://raw.githubusercontent.com/drkameleon/complete-hsk-vocabulary/7ac65bf1a6387d35f1ade478906172a19311c7f9/complete.json#/8639,2021-standard-derived upstream new-4; not 2025 exam
zh-hsk4-00730,未必,wèi bì,[wèi bì] not necessarily; maybe not,,general-and-abstract,zh-vocab-adapted,https://raw.githubusercontent.com/drkameleon/complete-hsk-vocabulary/7ac65bf1a6387d35f1ade478906172a19311c7f9/complete.json#/8664,2021-standard-derived upstream new-4; not 2025 exam
zh-hsk4-00731,未来,wèi lái,[wèi lái] future; tomorrow; approaching; coming; pending,,general-and-abstract,zh-vocab-adapted,https://raw.githubusercontent.com/drkameleon/complete-hsk-vocabulary/7ac65bf1a6387d35f1ade478906172a19311c7f9/complete.json#/8667,2021-standard-derived upstream new-4; not 2025 exam
zh-hsk4-00732,位于,wèi yú,[wèi yú] to be located at; to be situated at; to lie,,general-and-abstract,zh-vocab-adapted,https://raw.githubusercontent.com/drkameleon/complete-hsk-vocabulary/7ac65bf1a6387d35f1ade478906172a19311c7f9/complete.json#/8671,2021-standard-derived upstream new-4; not 2025 exam
zh-hsk4-00733,位置,wèi zhi,[wèi zhi] position; place; seat,,general-and-abstract,zh-vocab-adapted,https://raw.githubusercontent.com/drkameleon/complete-hsk-vocabulary/7ac65bf1a6387d35f1ade478906172a19311c7f9/complete.json#/8672,2021-standard-derived upstream new-4; not 2025 exam
zh-hsk4-00734,味儿,wèi r,[wèi r] taste,,general-and-abstract,zh-vocab-adapted,https://raw.githubusercontent.com/drkameleon/complete-hsk-vocabulary/7ac65bf1a6387d35f1ade478906172a19311c7f9/complete.json#/8675,2021-standard-derived upstream new-4; not 2025 exam
zh-hsk4-00735,稳,wěn,[wěn] settled; steady; stable,,general-and-abstract,zh-vocab-adapted,https://raw.githubusercontent.com/drkameleon/complete-hsk-vocabulary/7ac65bf1a6387d35f1ade478906172a19311c7f9/complete.json#/8720,2021-standard-derived upstream new-4; not 2025 exam
zh-hsk4-00736,稳定,wěn dìng,[wěn dìng] steady; stable; stability; to stabilize; to pacify,,general-and-abstract,zh-vocab-adapted,https://raw.githubusercontent.com/drkameleon/complete-hsk-vocabulary/7ac65bf1a6387d35f1ade478906172a19311c7f9/complete.json#/8721,2021-standard-derived upstream new-4; not 2025 exam
zh-hsk4-00737,问候,wèn hòu,[wèn hòu] to give one's respects; to send a greeting; (fig.) (coll.) to make offensive reference to (somebody dear to the person to whom one is speaking),,general-and-abstract,zh-vocab-adapted,https://raw.githubusercontent.com/drkameleon/complete-hsk-vocabulary/7ac65bf1a6387d35f1ade478906172a19311c7f9/complete.json#/8727,2021-standard-derived upstream new-4; not 2025 exam
zh-hsk4-00738,无,wú,[wú] not to have; no; none; not; to lack; un-; -less,,general-and-abstract,zh-vocab-adapted,https://raw.githubusercontent.com/drkameleon/complete-hsk-vocabulary/7ac65bf1a6387d35f1ade478906172a19311c7f9/complete.json#/8752,2021-standard-derived upstream new-4; not 2025 exam
zh-hsk4-00739,无法,wú fǎ,[wú fǎ] unable; incapable,,general-and-abstract,zh-vocab-adapted,https://raw.githubusercontent.com/drkameleon/complete-hsk-vocabulary/7ac65bf1a6387d35f1ade478906172a19311c7f9/complete.json#/8762,2021-standard-derived upstream new-4; not 2025 exam
zh-hsk4-00740,无聊,wú liáo,[wú liáo] bored; boring; senseless,,general-and-abstract,zh-vocab-adapted,https://raw.githubusercontent.com/drkameleon/complete-hsk-vocabulary/7ac65bf1a6387d35f1ade478906172a19311c7f9/complete.json#/8779,2021-standard-derived upstream new-4; not 2025 exam
zh-hsk4-00741,无论,wú lùn,[wú lùn] no matter what or how; regardless of whether...,,general-and-abstract,zh-vocab-adapted,https://raw.githubusercontent.com/drkameleon/complete-hsk-vocabulary/7ac65bf1a6387d35f1ade478906172a19311c7f9/complete.json#/8780,2021-standard-derived upstream new-4; not 2025 exam
zh-hsk4-00742,无数,wú shù,[wú shù] countless; numberless; innumerable,,general-and-abstract,zh-vocab-adapted,https://raw.githubusercontent.com/drkameleon/complete-hsk-vocabulary/7ac65bf1a6387d35f1ade478906172a19311c7f9/complete.json#/8789,2021-standard-derived upstream new-4; not 2025 exam
zh-hsk4-00743,无所谓,wú suǒ wèi,[wú suǒ wèi] to be indifferent; not to matter; cannot be said to be,,general-and-abstract,zh-vocab-adapted,https://raw.githubusercontent.com/drkameleon/complete-hsk-vocabulary/7ac65bf1a6387d35f1ade478906172a19311c7f9/complete.json#/8792,2021-standard-derived upstream new-4; not 2025 exam
zh-hsk4-00744,无限,wú xiàn,[wú xiàn] unlimited; unbounded,,general-and-abstract,zh-vocab-adapted,https://raw.githubusercontent.com/drkameleon/complete-hsk-vocabulary/7ac65bf1a6387d35f1ade478906172a19311c7f9/complete.json#/8798,2021-standard-derived upstream new-4; not 2025 exam
zh-hsk4-00745,五颜六色,wǔ yán liù sè,[wǔ yán liù sè] multicolored; every color under the sun,,general-and-abstract,zh-vocab-adapted,https://raw.githubusercontent.com/drkameleon/complete-hsk-vocabulary/7ac65bf1a6387d35f1ade478906172a19311c7f9/complete.json#/8812,2021-standard-derived upstream new-4; not 2025 exam
zh-hsk4-00746,误会,wù huì,[wù huì] to misunderstand; to mistake; misunderstanding,,general-and-abstract,zh-vocab-adapted,https://raw.githubusercontent.com/drkameleon/complete-hsk-vocabulary/7ac65bf1a6387d35f1ade478906172a19311c7f9/complete.json#/8841,2021-standard-derived upstream new-4; not 2025 exam
zh-hsk4-00747,吸,xī,[xī] to breathe; to suck in; to absorb; to inhale,,general-and-abstract,zh-vocab-adapted,https://raw.githubusercontent.com/drkameleon/complete-hsk-vocabulary/7ac65bf1a6387d35f1ade478906172a19311c7f9/complete.json#/8848,2021-standard-derived upstream new-4; not 2025 exam
zh-hsk4-00748,吸管,xī guǎn,[xī guǎn] (drinking) straw; pipette; eyedropper; snorkel,,general-and-abstract,zh-vocab-adapted,https://raw.githubusercontent.com/drkameleon/complete-hsk-vocabulary/7ac65bf1a6387d35f1ade478906172a19311c7f9/complete.json#/8850,2021-standard-derived upstream new-4; not 2025 exam
zh-hsk4-00749,吸收,xī shōu,[xī shōu] to absorb; to assimilate; to ingest; to recruit,,general-and-abstract,zh-vocab-adapted,https://raw.githubusercontent.com/drkameleon/complete-hsk-vocabulary/7ac65bf1a6387d35f1ade478906172a19311c7f9/complete.json#/8853,2021-standard-derived upstream new-4; not 2025 exam
zh-hsk4-00750,吸烟,xī yān,[xī yān] to smoke,,general-and-abstract,zh-vocab-adapted,https://raw.githubusercontent.com/drkameleon/complete-hsk-vocabulary/7ac65bf1a6387d35f1ade478906172a19311c7f9/complete.json#/8854,2021-standard-derived upstream new-4; not 2025 exam
zh-hsk4-00751,吸引,xī yǐn,[xī yǐn] to attract; to appeal to; to fascinate,,general-and-abstract,zh-vocab-adapted,https://raw.githubusercontent.com/drkameleon/complete-hsk-vocabulary/7ac65bf1a6387d35f1ade478906172a19311c7f9/complete.json#/8855,2021-standard-derived upstream new-4; not 2025 exam
zh-hsk4-00752,喜爱,xǐ ài,[xǐ ài] to like; to love; to be fond of; favorite,,general-and-abstract,zh-vocab-adapted,https://raw.githubusercontent.com/drkameleon/complete-hsk-vocabulary/7ac65bf1a6387d35f1ade478906172a19311c7f9/complete.json#/8883,2021-standard-derived upstream new-4; not 2025 exam
zh-hsk4-00753,系列,xì liè,[xì liè] series; set,,general-and-abstract,zh-vocab-adapted,https://raw.githubusercontent.com/drkameleon/complete-hsk-vocabulary/7ac65bf1a6387d35f1ade478906172a19311c7f9/complete.json#/8900,2021-standard-derived upstream new-4; not 2025 exam
zh-hsk4-00754,系统,xì tǒng,[xì tǒng] system,,general-and-abstract,zh-vocab-adapted,https://raw.githubusercontent.com/drkameleon/complete-hsk-vocabulary/7ac65bf1a6387d35f1ade478906172a19311c7f9/complete.json#/8902,2021-standard-derived upstream new-4; not 2025 exam
zh-hsk4-00755,细,xì,[xì] thin or slender; finely particulate; thin and soft; fine; delicate; trifling; (of a sound) quiet; frugal,,general-and-abstract,zh-vocab-adapted,https://raw.githubusercontent.com/drkameleon/complete-hsk-vocabulary/7ac65bf1a6387d35f1ade478906172a19311c7f9/complete.json#/8903,2021-standard-derived upstream new-4; not 2025 exam
zh-hsk4-00756,细节,xì jié,[xì jié] details; particulars,,general-and-abstract,zh-vocab-adapted,https://raw.githubusercontent.com/drkameleon/complete-hsk-vocabulary/7ac65bf1a6387d35f1ade478906172a19311c7f9/complete.json#/8905,2021-standard-derived upstream new-4; not 2025 exam
zh-hsk4-00757,细致,xì zhì,[xì zhì] delicate; fine; careful; meticulous; painstaking,,general-and-abstract,zh-vocab-adapted,https://raw.githubusercontent.com/drkameleon/complete-hsk-vocabulary/7ac65bf1a6387d35f1ade478906172a19311c7f9/complete.json#/8910,2021-standard-derived upstream new-4; not 2025 exam
zh-hsk4-00758,西瓜,xī guā,[xī guā] watermelon,,general-and-abstract,zh-vocab-adapted,https://raw.githubusercontent.com/drkameleon/complete-hsk-vocabulary/7ac65bf1a6387d35f1ade478906172a19311c7f9/complete.json#/8918,2021-standard-derived upstream new-4; not 2025 exam
zh-hsk4-00759,下个月,xià gè yuè,[xià gè yuè] next month,,time-and-quantity,zh-vocab-adapted,https://raw.githubusercontent.com/drkameleon/complete-hsk-vocabulary/7ac65bf1a6387d35f1ade478906172a19311c7f9/complete.json#/8941,2021-standard-derived upstream new-4; not 2025 exam
zh-hsk4-00760,下降,xià jiàng,[xià jiàng] to decline; to drop; to fall; to go down; to decrease,,general-and-abstract,zh-vocab-adapted,https://raw.githubusercontent.com/drkameleon/complete-hsk-vocabulary/7ac65bf1a6387d35f1ade478906172a19311c7f9/complete.json#/8945,2021-standard-derived upstream new-4; not 2025 exam
zh-hsk4-00761,下楼,xià lóu,[xià lóu] to go downstairs,,general-and-abstract,zh-vocab-adapted,https://raw.githubusercontent.com/drkameleon/complete-hsk-vocabulary/7ac65bf1a6387d35f1ade478906172a19311c7f9/complete.json#/8950,2021-standard-derived upstream new-4; not 2025 exam
zh-hsk4-00762,下载,xià zǎi,[xià zǎi] to download; also pr.,,general-and-abstract,zh-vocab-adapted,https://raw.githubusercontent.com/drkameleon/complete-hsk-vocabulary/7ac65bf1a6387d35f1ade478906172a19311c7f9/complete.json#/8968,2021-standard-derived upstream new-4; not 2025 exam
zh-hsk4-00763,夏季,xià jì,[xià jì] summer,,general-and-abstract,zh-vocab-adapted,https://raw.githubusercontent.com/drkameleon/complete-hsk-vocabulary/7ac65bf1a6387d35f1ade478906172a19311c7f9/complete.json#/8975,2021-standard-derived upstream new-4; not 2025 exam
zh-hsk4-00764,鲜,xiān / xiǎn,[xiān] fresh; bright (in color); delicious; tasty; delicacy; aquatic foods / [xiǎn] few; rare / [xiān] fish,,general-and-abstract,zh-vocab-adapted,https://raw.githubusercontent.com/drkameleon/complete-hsk-vocabulary/7ac65bf1a6387d35f1ade478906172a19311c7f9/complete.json#/8989,2021-standard-derived upstream new-4; not 2025 exam
zh-hsk4-00765,鲜花,xiān huā,[xiān huā] flower; fresh flowers,,general-and-abstract,zh-vocab-adapted,https://raw.githubusercontent.com/drkameleon/complete-hsk-vocabulary/7ac65bf1a6387d35f1ade478906172a19311c7f9/complete.json#/8990,2021-standard-derived upstream new-4; not 2025 exam
zh-hsk4-00766,鲜明,xiān míng,[xiān míng] bright; clear-cut; distinct,,general-and-abstract,zh-vocab-adapted,https://raw.githubusercontent.com/drkameleon/complete-hsk-vocabulary/7ac65bf1a6387d35f1ade478906172a19311c7f9/complete.json#/8993,2021-standard-derived upstream new-4; not 2025 exam
zh-hsk4-00767,咸,Xián / xián,[Xián] surname Xian / [xián] all; everyone; each; widespread; harmonious / [xián] salted; salty; stingy; miserly,,general-and-abstract,zh-vocab-adapted,https://raw.githubusercontent.com/drkameleon/complete-hsk-vocabulary/7ac65bf1a6387d35f1ade478906172a19311c7f9/complete.json#/9000,2021-standard-derived upstream new-4; not 2025 exam
zh-hsk4-00768,显著,xiǎn zhù,[xiǎn zhù] outstanding; notable; remarkable; statistically significant,,general-and-abstract,zh-vocab-adapted,https://raw.githubusercontent.com/drkameleon/complete-hsk-vocabulary/7ac65bf1a6387d35f1ade478906172a19311c7f9/complete.json#/9015,2021-standard-derived upstream new-4; not 2025 exam
zh-hsk4-00769,县,xiàn,[xiàn] county,,general-and-abstract,zh-vocab-adapted,https://raw.githubusercontent.com/drkameleon/complete-hsk-vocabulary/7ac65bf1a6387d35f1ade478906172a19311c7f9/complete.json#/9017,2021-standard-derived upstream new-4; not 2025 exam
zh-hsk4-00770,限制,xiàn zhì,[xiàn zhì] to restrict; to limit; to confine; restriction; limit,,general-and-abstract,zh-vocab-adapted,https://raw.githubusercontent.com/drkameleon/complete-hsk-vocabulary/7ac65bf1a6387d35f1ade478906172a19311c7f9/complete.json#/9038,2021-standard-derived upstream new-4; not 2025 exam
zh-hsk4-00771,相处,xiāng chǔ,"[xiāng chǔ] to be in contact (with sb); to associate; to interact; to get along (well, poorly)",,general-and-abstract,zh-vocab-adapted,https://raw.githubusercontent.com/drkameleon/complete-hsk-vocabulary/7ac65bf1a6387d35f1ade478906172a19311c7f9/complete.json#/9060,2021-standard-derived upstream new-4; not 2025 exam
zh-hsk4-00772,相反,xiāng fǎn,[xiāng fǎn] opposite; contrary,,general-and-abstract,zh-vocab-adapted,https://raw.githubusercontent.com/drkameleon/complete-hsk-vocabulary/7ac65bf1a6387d35f1ade478906172a19311c7f9/complete.json#/9067,2021-standard-derived upstream new-4; not 2025 exam
zh-hsk4-00773,相片,xiàng piàn,[xiàng piàn] image; photograph,,general-and-abstract,zh-vocab-adapted,https://raw.githubusercontent.com/drkameleon/complete-hsk-vocabulary/7ac65bf1a6387d35f1ade478906172a19311c7f9/complete.json#/9074,2021-standard-derived upstream new-4; not 2025 exam
zh-hsk4-00774,箱,xiāng,[xiāng] box; trunk; chest,,general-and-abstract,zh-vocab-adapted,https://raw.githubusercontent.com/drkameleon/complete-hsk-vocabulary/7ac65bf1a6387d35f1ade478906172a19311c7f9/complete.json#/9094,2021-standard-derived upstream new-4; not 2025 exam
zh-hsk4-00775,箱子,xiāng zi,[xiāng zi] suitcase; chest; box; case; trunk,,general-and-abstract,zh-vocab-adapted,https://raw.githubusercontent.com/drkameleon/complete-hsk-vocabulary/7ac65bf1a6387d35f1ade478906172a19311c7f9/complete.json#/9095,2021-standard-derived upstream new-4; not 2025 exam
zh-hsk4-00776,想念,xiǎng niàn,[xiǎng niàn] to miss; to remember with longing; to long to see again,,general-and-abstract,zh-vocab-adapted,https://raw.githubusercontent.com/drkameleon/complete-hsk-vocabulary/7ac65bf1a6387d35f1ade478906172a19311c7f9/complete.json#/9114,2021-standard-derived upstream new-4; not 2025 exam
zh-hsk4-00777,想象,xiǎng xiàng,[xiǎng xiàng] to imagine; to envision; imagination,,general-and-abstract,zh-vocab-adapted,https://raw.githubusercontent.com/drkameleon/complete-hsk-vocabulary/7ac65bf1a6387d35f1ade478906172a19311c7f9/complete.json#/9116,2021-standard-derived upstream new-4; not 2025 exam
zh-hsk4-00778,项,Xiàng / xiàng,"[Xiàng] surname Xiang / [xiàng] back of neck; item; thing; term (in a mathematical formula); sum (of money); classifier for principles, items, clauses, tasks, research projects etc",,general-and-abstract,zh-vocab-adapted,https://raw.githubusercontent.com/drkameleon/complete-hsk-vocabulary/7ac65bf1a6387d35f1ade478906172a19311c7f9/complete.json#/9125,2021-standard-derived upstream new-4; not 2025 exam
zh-hsk4-00779,项目,xiàng mù,[xiàng mù] item; project; (sports) event,,general-and-abstract,zh-vocab-adapted,https://raw.githubusercontent.com/drkameleon/complete-hsk-vocabulary/7ac65bf1a6387d35f1ade478906172a19311c7f9/complete.json#/9127,2021-standard-derived upstream new-4; not 2025 exam
zh-hsk4-00780,消化,xiāo huà,[xiāo huà] to digest (food); (fig.) to absorb (information etc); to assimilate; to process,,food-and-shopping,zh-vocab-adapted,https://raw.githubusercontent.com/drkameleon/complete-hsk-vocabulary/7ac65bf1a6387d35f1ade478906172a19311c7f9/complete.json#/9142,2021-standard-derived upstream new-4; not 2025 exam
zh-hsk4-00781,销售,xiāo shòu,"[xiāo shòu] to sell; to market; sales (representative, agreement etc)",,food-and-shopping,zh-vocab-adapted,https://raw.githubusercontent.com/drkameleon/complete-hsk-vocabulary/7ac65bf1a6387d35f1ade478906172a19311c7f9/complete.json#/9152,2021-standard-derived upstream new-4; not 2025 exam
zh-hsk4-00782,小吃,xiǎo chī,[xiǎo chī] snack; refreshments,,general-and-abstract,zh-vocab-adapted,https://raw.githubusercontent.com/drkameleon/complete-hsk-vocabulary/7ac65bf1a6387d35f1ade478906172a19311c7f9/complete.json#/9155,2021-standard-derived upstream new-4; not 2025 exam
zh-hsk4-00783,小伙子,xiǎo huǒ zi,[xiǎo huǒ zi] young man; young guy; lad; youngster,,general-and-abstract,zh-vocab-adapted,https://raw.githubusercontent.com/drkameleon/complete-hsk-vocabulary/7ac65bf1a6387d35f1ade478906172a19311c7f9/complete.json#/9160,2021-standard-derived upstream new-4; not 2025 exam
zh-hsk4-00784,小型,xiǎo xíng,[xiǎo xíng] small scale; small size,,general-and-abstract,zh-vocab-adapted,https://raw.githubusercontent.com/drkameleon/complete-hsk-vocabulary/7ac65bf1a6387d35f1ade478906172a19311c7f9/complete.json#/9182,2021-standard-derived upstream new-4; not 2025 exam
zh-hsk4-00785,效率,xiào lǜ,[xiào lǜ] efficiency,,general-and-abstract,zh-vocab-adapted,https://raw.githubusercontent.com/drkameleon/complete-hsk-vocabulary/7ac65bf1a6387d35f1ade478906172a19311c7f9/complete.json#/9195,2021-standard-derived upstream new-4; not 2025 exam
zh-hsk4-00786,些,xiē,"[xiē] classifier indicating a small amount or small number greater than 1: some, a few, several",,time-and-quantity,zh-vocab-adapted,https://raw.githubusercontent.com/drkameleon/complete-hsk-vocabulary/7ac65bf1a6387d35f1ade478906172a19311c7f9/complete.json#/9206,2021-standard-derived upstream new-4; not 2025 exam
zh-hsk4-00787,心理,xīn lǐ,[xīn lǐ] psychology; mentality,,general-and-abstract,zh-vocab-adapted,https://raw.githubusercontent.com/drkameleon/complete-hsk-vocabulary/7ac65bf1a6387d35f1ade478906172a19311c7f9/complete.json#/9249,2021-standard-derived upstream new-4; not 2025 exam
zh-hsk4-00788,新郎,xīn láng,[xīn láng] bridegroom; groom,,general-and-abstract,zh-vocab-adapted,https://raw.githubusercontent.com/drkameleon/complete-hsk-vocabulary/7ac65bf1a6387d35f1ade478906172a19311c7f9/complete.json#/9282,2021-standard-derived upstream new-4; not 2025 exam
zh-hsk4-00789,新娘,xīn niáng,[xīn niáng] bride,,general-and-abstract,zh-vocab-adapted,https://raw.githubusercontent.com/drkameleon/complete-hsk-vocabulary/7ac65bf1a6387d35f1ade478906172a19311c7f9/complete.json#/9284,2021-standard-derived upstream new-4; not 2025 exam
zh-hsk4-00790,新鲜,xīn xiān,"[xīn xiān] fresh (experience, food etc); freshness; novel; uncommon",,food-and-shopping,zh-vocab-adapted,https://raw.githubusercontent.com/drkameleon/complete-hsk-vocabulary/7ac65bf1a6387d35f1ade478906172a19311c7f9/complete.json#/9291,2021-standard-derived upstream new-4; not 2025 exam
zh-hsk4-00791,新型,xīn xíng,[xīn xíng] new type; new kind,,general-and-abstract,zh-vocab-adapted,https://raw.githubusercontent.com/drkameleon/complete-hsk-vocabulary/7ac65bf1a6387d35f1ade478906172a19311c7f9/complete.json#/9292,2021-standard-derived upstream new-4; not 2025 exam
zh-hsk4-00792,行业,háng yè,[háng yè] trade; profession; industry; business,,general-and-abstract,zh-vocab-adapted,https://raw.githubusercontent.com/drkameleon/complete-hsk-vocabulary/7ac65bf1a6387d35f1ade478906172a19311c7f9/complete.json#/9332,2021-standard-derived upstream new-4; not 2025 exam
zh-hsk4-00793,形容,xíng róng,[xíng róng] to describe; (literary) countenance; appearance,,general-and-abstract,zh-vocab-adapted,https://raw.githubusercontent.com/drkameleon/complete-hsk-vocabulary/7ac65bf1a6387d35f1ade478906172a19311c7f9/complete.json#/9337,2021-standard-derived upstream new-4; not 2025 exam
zh-hsk4-00794,形势,xíng shì,[xíng shì] circumstances; situation; terrain,,general-and-abstract,zh-vocab-adapted,https://raw.githubusercontent.com/drkameleon/complete-hsk-vocabulary/7ac65bf1a6387d35f1ade478906172a19311c7f9/complete.json#/9339,2021-standard-derived upstream new-4; not 2025 exam
zh-hsk4-00795,型,xíng,[xíng] mold; type; style; model,,general-and-abstract,zh-vocab-adapted,https://raw.githubusercontent.com/drkameleon/complete-hsk-vocabulary/7ac65bf1a6387d35f1ade478906172a19311c7f9/complete.json#/9345,2021-standard-derived upstream new-4; not 2025 exam
zh-hsk4-00796,型号,xíng hào,"[xíng hào] model (particular version of a manufactured article); type (product specification in terms of color, size etc)",,general-and-abstract,zh-vocab-adapted,https://raw.githubusercontent.com/drkameleon/complete-hsk-vocabulary/7ac65bf1a6387d35f1ade478906172a19311c7f9/complete.json#/9346,2021-standard-derived upstream new-4; not 2025 exam
zh-hsk4-00797,醒,xǐng,[xǐng] to wake up; to be awake; to become aware; to sober up; to come to,,general-and-abstract,zh-vocab-adapted,https://raw.githubusercontent.com/drkameleon/complete-hsk-vocabulary/7ac65bf1a6387d35f1ade478906172a19311c7f9/complete.json#/9347,2021-standard-derived upstream new-4; not 2025 exam
zh-hsk4-00798,兴奋,xīng fèn,[xīng fèn] excited; excitement; (physiology) excitation,,general-and-abstract,zh-vocab-adapted,https://raw.githubusercontent.com/drkameleon/complete-hsk-vocabulary/7ac65bf1a6387d35f1ade478906172a19311c7f9/complete.json#/9351,2021-standard-derived upstream new-4; not 2025 exam
zh-hsk4-00799,兴趣,xìng qù,[xìng qù] interest (desire to know about sth); interest (thing in which one is interested); hobby,,general-and-abstract,zh-vocab-adapted,https://raw.githubusercontent.com/drkameleon/complete-hsk-vocabulary/7ac65bf1a6387d35f1ade478906172a19311c7f9/complete.json#/9357,2021-standard-derived upstream new-4; not 2025 exam
zh-hsk4-00800,性质,xìng zhì,[xìng zhì] nature; characteristic,,nature-and-technology,zh-vocab-adapted,https://raw.githubusercontent.com/drkameleon/complete-hsk-vocabulary/7ac65bf1a6387d35f1ade478906172a19311c7f9/complete.json#/9378,2021-standard-derived upstream new-4; not 2025 exam
zh-hsk4-00801,兄弟,xiōng dì,"[xiōng dì] brothers; younger brother; I, me (humble term used by men in public speech); brotherly; fraternal",,people-and-relationships;society-and-public-life,zh-vocab-adapted,https://raw.githubusercontent.com/drkameleon/complete-hsk-vocabulary/7ac65bf1a6387d35f1ade478906172a19311c7f9/complete.json#/9385,2021-standard-derived upstream new-4; not 2025 exam
zh-hsk4-00802,胸部,xiōng bù,[xiōng bù] chest; bosom,,general-and-abstract,zh-vocab-adapted,https://raw.githubusercontent.com/drkameleon/complete-hsk-vocabulary/7ac65bf1a6387d35f1ade478906172a19311c7f9/complete.json#/9388,2021-standard-derived upstream new-4; not 2025 exam
zh-hsk4-00803,修理,xiū lǐ,[xiū lǐ] to repair; to fix; to prune; to trim; (coll.) to sort sb out; to fix sb,,general-and-abstract,zh-vocab-adapted,https://raw.githubusercontent.com/drkameleon/complete-hsk-vocabulary/7ac65bf1a6387d35f1ade478906172a19311c7f9/complete.json#/9410,2021-standard-derived upstream new-4; not 2025 exam
zh-hsk4-00804,选择,xuǎn zé,[xuǎn zé] to select; to pick; choice; option; alternative,,general-and-abstract,zh-vocab-adapted,https://raw.githubusercontent.com/drkameleon/complete-hsk-vocabulary/7ac65bf1a6387d35f1ade478906172a19311c7f9/complete.json#/9481,2021-standard-derived upstream new-4; not 2025 exam
zh-hsk4-00805,学分,xué fēn,[xué fēn] course credit,,general-and-abstract,zh-vocab-adapted,https://raw.githubusercontent.com/drkameleon/complete-hsk-vocabulary/7ac65bf1a6387d35f1ade478906172a19311c7f9/complete.json#/9489,2021-standard-derived upstream new-4; not 2025 exam
zh-hsk4-00806,学年,xué nián,[xué nián] academic year,,time-and-quantity,zh-vocab-adapted,https://raw.githubusercontent.com/drkameleon/complete-hsk-vocabulary/7ac65bf1a6387d35f1ade478906172a19311c7f9/complete.json#/9493,2021-standard-derived upstream new-4; not 2025 exam
zh-hsk4-00807,学时,xué shí,[xué shí] class hour; period,,time-and-quantity,zh-vocab-adapted,https://raw.githubusercontent.com/drkameleon/complete-hsk-vocabulary/7ac65bf1a6387d35f1ade478906172a19311c7f9/complete.json#/9496,2021-standard-derived upstream new-4; not 2025 exam
zh-hsk4-00808,学术,xué shù,[xué shù] learning; science; academic,,nature-and-technology,zh-vocab-adapted,https://raw.githubusercontent.com/drkameleon/complete-hsk-vocabulary/7ac65bf1a6387d35f1ade478906172a19311c7f9/complete.json#/9498,2021-standard-derived upstream new-4; not 2025 exam
zh-hsk4-00809,学问,xué wèn,[xué wèn] learning; knowledge,,general-and-abstract,zh-vocab-adapted,https://raw.githubusercontent.com/drkameleon/complete-hsk-vocabulary/7ac65bf1a6387d35f1ade478906172a19311c7f9/complete.json#/9502,2021-standard-derived upstream new-4; not 2025 exam
zh-hsk4-00810,寻找,xún zhǎo,[xún zhǎo] to seek; to look for,,general-and-abstract,zh-vocab-adapted,https://raw.githubusercontent.com/drkameleon/complete-hsk-vocabulary/7ac65bf1a6387d35f1ade478906172a19311c7f9/complete.json#/9528,2021-standard-derived upstream new-4; not 2025 exam
zh-hsk4-00811,迅速,xùn sù,[xùn sù] rapid; speedy; fast,,general-and-abstract,zh-vocab-adapted,https://raw.githubusercontent.com/drkameleon/complete-hsk-vocabulary/7ac65bf1a6387d35f1ade478906172a19311c7f9/complete.json#/9534,2021-standard-derived upstream new-4; not 2025 exam
zh-hsk4-00812,牙,yá,[yá] tooth; ivory,,general-and-abstract,zh-vocab-adapted,https://raw.githubusercontent.com/drkameleon/complete-hsk-vocabulary/7ac65bf1a6387d35f1ade478906172a19311c7f9/complete.json#/9552,2021-standard-derived upstream new-4; not 2025 exam
zh-hsk4-00813,牙刷,yá shuā,[yá shuā] toothbrush,,general-and-abstract,zh-vocab-adapted,https://raw.githubusercontent.com/drkameleon/complete-hsk-vocabulary/7ac65bf1a6387d35f1ade478906172a19311c7f9/complete.json#/9555,2021-standard-derived upstream new-4; not 2025 exam
zh-hsk4-00814,亚运会,Yà yùn huì,[Yà yùn huì] Asian Games,,general-and-abstract,zh-vocab-adapted,https://raw.githubusercontent.com/drkameleon/complete-hsk-vocabulary/7ac65bf1a6387d35f1ade478906172a19311c7f9/complete.json#/9559,2021-standard-derived upstream new-4; not 2025 exam
zh-hsk4-00815,呀,ya,"[ya] sentence particle expressing surprise, emphasis or a softened tone",,general-and-abstract,zh-vocab-adapted,https://raw.githubusercontent.com/drkameleon/complete-hsk-vocabulary/7ac65bf1a6387d35f1ade478906172a19311c7f9/complete.json#/9561,2021-standard-derived upstream new-4; not 2025 exam
zh-hsk4-00816,延期,yán qī,[yán qī] to delay; to extend; to postpone; to defer,,general-and-abstract,zh-vocab-adapted,https://raw.githubusercontent.com/drkameleon/complete-hsk-vocabulary/7ac65bf1a6387d35f1ade478906172a19311c7f9/complete.json#/9570,2021-standard-derived upstream new-4; not 2025 exam
zh-hsk4-00817,延续,yán xù,[yán xù] to continue; to go on; to last,,general-and-abstract,zh-vocab-adapted,https://raw.githubusercontent.com/drkameleon/complete-hsk-vocabulary/7ac65bf1a6387d35f1ade478906172a19311c7f9/complete.json#/9573,2021-standard-derived upstream new-4; not 2025 exam
zh-hsk4-00818,延长,Yán cháng / yán cháng,"[Yán cháng] Yanchang county in Yan'an, Shaanxi / [yán cháng] to prolong; to extend; to delay",,general-and-abstract,zh-vocab-adapted,https://raw.githubusercontent.com/drkameleon/complete-hsk-vocabulary/7ac65bf1a6387d35f1ade478906172a19311c7f9/complete.json#/9574,2021-standard-derived upstream new-4; not 2025 exam
zh-hsk4-00819,严,Yán / yán,[Yán] surname Yan / [yán] tight (closely sealed); stern; strict; rigorous; severe; father,,people-and-relationships,zh-vocab-adapted,https://raw.githubusercontent.com/drkameleon/complete-hsk-vocabulary/7ac65bf1a6387d35f1ade478906172a19311c7f9/complete.json#/9575,2021-standard-derived upstream new-4; not 2025 exam
zh-hsk4-00820,严格,yán gé,[yán gé] strict; stringent; tight; rigorous,,general-and-abstract,zh-vocab-adapted,https://raw.githubusercontent.com/drkameleon/complete-hsk-vocabulary/7ac65bf1a6387d35f1ade478906172a19311c7f9/complete.json#/9576,2021-standard-derived upstream new-4; not 2025 exam
zh-hsk4-00821,严重,yán zhòng,[yán zhòng] grave; serious; severe; critical,,general-and-abstract,zh-vocab-adapted,https://raw.githubusercontent.com/drkameleon/complete-hsk-vocabulary/7ac65bf1a6387d35f1ade478906172a19311c7f9/complete.json#/9584,2021-standard-derived upstream new-4; not 2025 exam
zh-hsk4-00822,研究,yán jiū,[yán jiū] research; a study; to research; to look into,,study-and-work,zh-vocab-adapted,https://raw.githubusercontent.com/drkameleon/complete-hsk-vocabulary/7ac65bf1a6387d35f1ade478906172a19311c7f9/complete.json#/9599,2021-standard-derived upstream new-4; not 2025 exam
zh-hsk4-00823,研究生,yán jiū shēng,[yán jiū shēng] graduate student; postgraduate student; research student,,study-and-work,zh-vocab-adapted,https://raw.githubusercontent.com/drkameleon/complete-hsk-vocabulary/7ac65bf1a6387d35f1ade478906172a19311c7f9/complete.json#/9600,2021-standard-derived upstream new-4; not 2025 exam
zh-hsk4-00824,研制,yán zhì,[yán zhì] to research and manufacture; to research and to develop,,general-and-abstract,zh-vocab-adapted,https://raw.githubusercontent.com/drkameleon/complete-hsk-vocabulary/7ac65bf1a6387d35f1ade478906172a19311c7f9/complete.json#/9603,2021-standard-derived upstream new-4; not 2025 exam
zh-hsk4-00825,盐,yán,[yán] salt,,general-and-abstract,zh-vocab-adapted,https://raw.githubusercontent.com/drkameleon/complete-hsk-vocabulary/7ac65bf1a6387d35f1ade478906172a19311c7f9/complete.json#/9604,2021-standard-derived upstream new-4; not 2025 exam
zh-hsk4-00826,眼镜,yǎn jìng,[yǎn jìng] spectacles; eyeglasses,,general-and-abstract,zh-vocab-adapted,https://raw.githubusercontent.com/drkameleon/complete-hsk-vocabulary/7ac65bf1a6387d35f1ade478906172a19311c7f9/complete.json#/9615,2021-standard-derived upstream new-4; not 2025 exam
zh-hsk4-00827,眼泪,yǎn lèi,[yǎn lèi] tears; crying,,general-and-abstract,zh-vocab-adapted,https://raw.githubusercontent.com/drkameleon/complete-hsk-vocabulary/7ac65bf1a6387d35f1ade478906172a19311c7f9/complete.json#/9618,2021-standard-derived upstream new-4; not 2025 exam
zh-hsk4-00828,眼里,yǎnli,[yǎnli] In the eyes,,general-and-abstract,zh-vocab-adapted,https://raw.githubusercontent.com/drkameleon/complete-hsk-vocabulary/7ac65bf1a6387d35f1ade478906172a19311c7f9/complete.json#/9619,2021-standard-derived upstream new-4; not 2025 exam
zh-hsk4-00829,演讲,yǎn jiǎng,[yǎn jiǎng] lecture; to make a speech,,general-and-abstract,zh-vocab-adapted,https://raw.githubusercontent.com/drkameleon/complete-hsk-vocabulary/7ac65bf1a6387d35f1ade478906172a19311c7f9/complete.json#/9631,2021-standard-derived upstream new-4; not 2025 exam
zh-hsk4-00830,阳台,yáng tái,[yáng tái] balcony; porch,,general-and-abstract,zh-vocab-adapted,https://raw.githubusercontent.com/drkameleon/complete-hsk-vocabulary/7ac65bf1a6387d35f1ade478906172a19311c7f9/complete.json#/9658,2021-standard-derived upstream new-4; not 2025 exam
zh-hsk4-00831,养成,yǎng chéng,[yǎng chéng] to cultivate; to raise; to form (a habit); to acquire,,general-and-abstract,zh-vocab-adapted,https://raw.githubusercontent.com/drkameleon/complete-hsk-vocabulary/7ac65bf1a6387d35f1ade478906172a19311c7f9/complete.json#/9665,2021-standard-derived upstream new-4; not 2025 exam
zh-hsk4-00832,腰,yāo,[yāo] waist; lower back; pocket; middle; loins,,general-and-abstract,zh-vocab-adapted,https://raw.githubusercontent.com/drkameleon/complete-hsk-vocabulary/7ac65bf1a6387d35f1ade478906172a19311c7f9/complete.json#/9681,2021-standard-derived upstream new-4; not 2025 exam
zh-hsk4-00833,摇,Yáo / yáo,[Yáo] surname Yao / [yáo] to shake; to rock; to row; to crank,,general-and-abstract,zh-vocab-adapted,https://raw.githubusercontent.com/drkameleon/complete-hsk-vocabulary/7ac65bf1a6387d35f1ade478906172a19311c7f9/complete.json#/9686,2021-standard-derived upstream new-4; not 2025 exam
zh-hsk4-00834,药物,yào wù,[yào wù] medicaments; pharmaceuticals; medication; medicine; drug,,health-and-body,zh-vocab-adapted,https://raw.githubusercontent.com/drkameleon/complete-hsk-vocabulary/7ac65bf1a6387d35f1ade478906172a19311c7f9/complete.json#/9704,2021-standard-derived upstream new-4; not 2025 exam
zh-hsk4-00835,业余,yè yú,[yè yú] in one's spare time; outside working hours; amateur (historian etc),,time-and-quantity,zh-vocab-adapted,https://raw.githubusercontent.com/drkameleon/complete-hsk-vocabulary/7ac65bf1a6387d35f1ade478906172a19311c7f9/complete.json#/9739,2021-standard-derived upstream new-4; not 2025 exam
zh-hsk4-00836,叶子,yè zi,[yè zi] leaf; (slang) marijuana,,general-and-abstract,zh-vocab-adapted,https://raw.githubusercontent.com/drkameleon/complete-hsk-vocabulary/7ac65bf1a6387d35f1ade478906172a19311c7f9/complete.json#/9740,2021-standard-derived upstream new-4; not 2025 exam
zh-hsk4-00837,一般来说,yī bān lái shuō,[yī bān lái shuō] generally speaking,,general-and-abstract,zh-vocab-adapted,https://raw.githubusercontent.com/drkameleon/complete-hsk-vocabulary/7ac65bf1a6387d35f1ade478906172a19311c7f9/complete.json#/9757,2021-standard-derived upstream new-4; not 2025 exam
zh-hsk4-00838,一律,yī lǜ,[yī lǜ] same; uniformly; all; without exception,,general-and-abstract,zh-vocab-adapted,https://raw.githubusercontent.com/drkameleon/complete-hsk-vocabulary/7ac65bf1a6387d35f1ade478906172a19311c7f9/complete.json#/9808,2021-standard-derived upstream new-4; not 2025 exam
zh-hsk4-00839,一再,yī zài,[yī zài] repeatedly,,general-and-abstract,zh-vocab-adapted,https://raw.githubusercontent.com/drkameleon/complete-hsk-vocabulary/7ac65bf1a6387d35f1ade478906172a19311c7f9/complete.json#/9851,2021-standard-derived upstream new-4; not 2025 exam
zh-hsk4-00840,一致,yī zhì,[yī zhì] unanimous; identical (views or opinions),,general-and-abstract,zh-vocab-adapted,https://raw.githubusercontent.com/drkameleon/complete-hsk-vocabulary/7ac65bf1a6387d35f1ade478906172a19311c7f9/complete.json#/9856,2021-standard-derived upstream new-4; not 2025 exam
zh-hsk4-00841,医疗,yī liáo,[yī liáo] medical treatment,,general-and-abstract,zh-vocab-adapted,https://raw.githubusercontent.com/drkameleon/complete-hsk-vocabulary/7ac65bf1a6387d35f1ade478906172a19311c7f9/complete.json#/9862,2021-standard-derived upstream new-4; not 2025 exam
zh-hsk4-00842,医学,yī xué,[yī xué] medicine; medical science; study of medicine,,study-and-work;health-and-body;nature-and-technology,zh-vocab-adapted,https://raw.githubusercontent.com/drkameleon/complete-hsk-vocabulary/7ac65bf1a6387d35f1ade478906172a19311c7f9/complete.json#/9865,2021-standard-derived upstream new-4; not 2025 exam
zh-hsk4-00843,依靠,yī kào,[yī kào] to rely on sth (for support etc); to depend on,,general-and-abstract,zh-vocab-adapted,https://raw.githubusercontent.com/drkameleon/complete-hsk-vocabulary/7ac65bf1a6387d35f1ade478906172a19311c7f9/complete.json#/9873,2021-standard-derived upstream new-4; not 2025 exam
zh-hsk4-00844,依然,yī rán,[yī rán] still; as before,,general-and-abstract,zh-vocab-adapted,https://raw.githubusercontent.com/drkameleon/complete-hsk-vocabulary/7ac65bf1a6387d35f1ade478906172a19311c7f9/complete.json#/9875,2021-standard-derived upstream new-4; not 2025 exam
zh-hsk4-00845,移,yí,[yí] to move; to shift; to change; to alter; to remove,,general-and-abstract,zh-vocab-adapted,https://raw.githubusercontent.com/drkameleon/complete-hsk-vocabulary/7ac65bf1a6387d35f1ade478906172a19311c7f9/complete.json#/9884,2021-standard-derived upstream new-4; not 2025 exam
zh-hsk4-00846,移动,yí dòng,[yí dòng] to move; movement; migration; mobile; portable,,general-and-abstract,zh-vocab-adapted,https://raw.githubusercontent.com/drkameleon/complete-hsk-vocabulary/7ac65bf1a6387d35f1ade478906172a19311c7f9/complete.json#/9885,2021-standard-derived upstream new-4; not 2025 exam
zh-hsk4-00847,移民,yí mín,[yí mín] to immigrate; to migrate; emigrant; immigrant,,general-and-abstract,zh-vocab-adapted,https://raw.githubusercontent.com/drkameleon/complete-hsk-vocabulary/7ac65bf1a6387d35f1ade478906172a19311c7f9/complete.json#/9887,2021-standard-derived upstream new-4; not 2025 exam
zh-hsk4-00848,遗产,yí chǎn,[yí chǎn] heritage; legacy; inheritance; bequest,,general-and-abstract,zh-vocab-adapted,https://raw.githubusercontent.com/drkameleon/complete-hsk-vocabulary/7ac65bf1a6387d35f1ade478906172a19311c7f9/complete.json#/9889,2021-standard-derived upstream new-4; not 2025 exam
zh-hsk4-00849,遗传,yí chuán,[yí chuán] heredity; to inherit (a trait); to pass on (to one's offspring),,general-and-abstract,zh-vocab-adapted,https://raw.githubusercontent.com/drkameleon/complete-hsk-vocabulary/7ac65bf1a6387d35f1ade478906172a19311c7f9/complete.json#/9890,2021-standard-derived upstream new-4; not 2025 exam
zh-hsk4-00850,疑问,yí wèn,[yí wèn] question; interrogation; doubt,,general-and-abstract,zh-vocab-adapted,https://raw.githubusercontent.com/drkameleon/complete-hsk-vocabulary/7ac65bf1a6387d35f1ade478906172a19311c7f9/complete.json#/9904,2021-standard-derived upstream new-4; not 2025 exam
zh-hsk4-00851,以及,yǐ jí,[yǐ jí] as well as; too; and,,general-and-abstract,zh-vocab-adapted,https://raw.githubusercontent.com/drkameleon/complete-hsk-vocabulary/7ac65bf1a6387d35f1ade478906172a19311c7f9/complete.json#/9911,2021-standard-derived upstream new-4; not 2025 exam
zh-hsk4-00852,以内,yǐ nèi,[yǐ nèi] within; less than,,general-and-abstract,zh-vocab-adapted,https://raw.githubusercontent.com/drkameleon/complete-hsk-vocabulary/7ac65bf1a6387d35f1ade478906172a19311c7f9/complete.json#/9914,2021-standard-derived upstream new-4; not 2025 exam
zh-hsk4-00853,义务,yì wù,[yì wù] duty; obligation; volunteer (work etc),,study-and-work,zh-vocab-adapted,https://raw.githubusercontent.com/drkameleon/complete-hsk-vocabulary/7ac65bf1a6387d35f1ade478906172a19311c7f9/complete.json#/9929,2021-standard-derived upstream new-4; not 2025 exam
zh-hsk4-00854,议论,yì lùn,[yì lùn] to comment; to talk about; to discuss; discussion,,general-and-abstract,zh-vocab-adapted,https://raw.githubusercontent.com/drkameleon/complete-hsk-vocabulary/7ac65bf1a6387d35f1ade478906172a19311c7f9/complete.json#/9936,2021-standard-derived upstream new-4; not 2025 exam
zh-hsk4-00855,引,yǐn,"[yǐn] to draw (e.g. a bow); to pull; to stretch sth; to extend; to lengthen; to involve or implicate in; to attract; to lead; to guide; to leave; to provide evidence or justification for; old unit of distance, approximately 33.33 meters",,general-and-abstract,zh-vocab-adapted,https://raw.githubusercontent.com/drkameleon/complete-hsk-vocabulary/7ac65bf1a6387d35f1ade478906172a19311c7f9/complete.json#/9995,2021-standard-derived upstream new-4; not 2025 exam
zh-hsk4-00856,引导,yǐn dǎo,[yǐn dǎo] to guide; to lead (around); to conduct; to boot; introduction; primer,,general-and-abstract,zh-vocab-adapted,https://raw.githubusercontent.com/drkameleon/complete-hsk-vocabulary/7ac65bf1a6387d35f1ade478906172a19311c7f9/complete.json#/9996,2021-standard-derived upstream new-4; not 2025 exam
zh-hsk4-00857,引进,yǐn jìn,[yǐn jìn] to recommend; to introduce (from outside),,general-and-abstract,zh-vocab-adapted,https://raw.githubusercontent.com/drkameleon/complete-hsk-vocabulary/7ac65bf1a6387d35f1ade478906172a19311c7f9/complete.json#/9998,2021-standard-derived upstream new-4; not 2025 exam
zh-hsk4-00858,引起,yǐn qǐ,[yǐn qǐ] to give rise to; to lead to; to cause; to arouse,,general-and-abstract,zh-vocab-adapted,https://raw.githubusercontent.com/drkameleon/complete-hsk-vocabulary/7ac65bf1a6387d35f1ade478906172a19311c7f9/complete.json#/10001,2021-standard-derived upstream new-4; not 2025 exam
zh-hsk4-00859,应,Yīng / yīng / yìng,[Yīng] surname Ying; Taiwan pr. / [yīng] to agree (to do sth); should; ought to; must; (legal) shall / [yìng] to answer; to respond; to comply with; to deal or cope with,,general-and-abstract,zh-vocab-adapted,https://raw.githubusercontent.com/drkameleon/complete-hsk-vocabulary/7ac65bf1a6387d35f1ade478906172a19311c7f9/complete.json#/10029,2021-standard-derived upstream new-4; not 2025 exam
zh-hsk4-00860,英勇,yīng yǒng,[yīng yǒng] heroic; gallant; valiant,,general-and-abstract,zh-vocab-adapted,https://raw.githubusercontent.com/drkameleon/complete-hsk-vocabulary/7ac65bf1a6387d35f1ade478906172a19311c7f9/complete.json#/10045,2021-standard-derived upstream new-4; not 2025 exam
zh-hsk4-00861,营业,yíng yè,[yíng yè] to do business; to trade,,general-and-abstract,zh-vocab-adapted,https://raw.githubusercontent.com/drkameleon/complete-hsk-vocabulary/7ac65bf1a6387d35f1ade478906172a19311c7f9/complete.json#/10059,2021-standard-derived upstream new-4; not 2025 exam
zh-hsk4-00862,赢得,yíng dé,[yíng dé] to win; to gain,,general-and-abstract,zh-vocab-adapted,https://raw.githubusercontent.com/drkameleon/complete-hsk-vocabulary/7ac65bf1a6387d35f1ade478906172a19311c7f9/complete.json#/10062,2021-standard-derived upstream new-4; not 2025 exam
zh-hsk4-00863,影子,yǐng zi,[yǐng zi] shadow; reflection; (fig.) hint; indication; influence,,general-and-abstract,zh-vocab-adapted,https://raw.githubusercontent.com/drkameleon/complete-hsk-vocabulary/7ac65bf1a6387d35f1ade478906172a19311c7f9/complete.json#/10071,2021-standard-derived upstream new-4; not 2025 exam
zh-hsk4-00864,勇敢,yǒng gǎn,[yǒng gǎn] brave; courageous,,general-and-abstract,zh-vocab-adapted,https://raw.githubusercontent.com/drkameleon/complete-hsk-vocabulary/7ac65bf1a6387d35f1ade478906172a19311c7f9/complete.json#/10087,2021-standard-derived upstream new-4; not 2025 exam
zh-hsk4-00865,勇气,yǒng qì,[yǒng qì] courage; valor,,general-and-abstract,zh-vocab-adapted,https://raw.githubusercontent.com/drkameleon/complete-hsk-vocabulary/7ac65bf1a6387d35f1ade478906172a19311c7f9/complete.json#/10088,2021-standard-derived upstream new-4; not 2025 exam
zh-hsk4-00866,用途,yòng tú,[yòng tú] use; application,,general-and-abstract,zh-vocab-adapted,https://raw.githubusercontent.com/drkameleon/complete-hsk-vocabulary/7ac65bf1a6387d35f1ade478906172a19311c7f9/complete.json#/10107,2021-standard-derived upstream new-4; not 2025 exam
zh-hsk4-00867,优良,yōu liáng,[yōu liáng] fine; good; first-rate,,general-and-abstract,zh-vocab-adapted,https://raw.githubusercontent.com/drkameleon/complete-hsk-vocabulary/7ac65bf1a6387d35f1ade478906172a19311c7f9/complete.json#/10115,2021-standard-derived upstream new-4; not 2025 exam
zh-hsk4-00868,优美,yōu měi,[yōu měi] graceful; fine; elegant,,general-and-abstract,zh-vocab-adapted,https://raw.githubusercontent.com/drkameleon/complete-hsk-vocabulary/7ac65bf1a6387d35f1ade478906172a19311c7f9/complete.json#/10116,2021-standard-derived upstream new-4; not 2025 exam
zh-hsk4-00869,优秀,yōu xiù,[yōu xiù] outstanding; excellent,,general-and-abstract,zh-vocab-adapted,https://raw.githubusercontent.com/drkameleon/complete-hsk-vocabulary/7ac65bf1a6387d35f1ade478906172a19311c7f9/complete.json#/10120,2021-standard-derived upstream new-4; not 2025 exam
zh-hsk4-00870,邮局,yóu jú,[yóu jú] post office,,study-and-work,zh-vocab-adapted,https://raw.githubusercontent.com/drkameleon/complete-hsk-vocabulary/7ac65bf1a6387d35f1ade478906172a19311c7f9/complete.json#/10145,2021-standard-derived upstream new-4; not 2025 exam
zh-hsk4-00871,有劲儿,yǒujìnr5,[yǒujìnr5] Strength,,general-and-abstract,zh-vocab-adapted,https://raw.githubusercontent.com/drkameleon/complete-hsk-vocabulary/7ac65bf1a6387d35f1ade478906172a19311c7f9/complete.json#/10176,2021-standard-derived upstream new-4; not 2025 exam
zh-hsk4-00872,有趣,yǒu qù,[yǒu qù] interesting; fascinating; amusing,,general-and-abstract,zh-vocab-adapted,https://raw.githubusercontent.com/drkameleon/complete-hsk-vocabulary/7ac65bf1a6387d35f1ade478906172a19311c7f9/complete.json#/10185,2021-standard-derived upstream new-4; not 2025 exam
zh-hsk4-00873,有限,yǒu xiàn,[yǒu xiàn] limited; finite,,general-and-abstract,zh-vocab-adapted,https://raw.githubusercontent.com/drkameleon/complete-hsk-vocabulary/7ac65bf1a6387d35f1ade478906172a19311c7f9/complete.json#/10195,2021-standard-derived upstream new-4; not 2025 exam
zh-hsk4-00874,幼儿园,yòu ér yuán,[yòu ér yuán] kindergarten; nursery school,,study-and-work,zh-vocab-adapted,https://raw.githubusercontent.com/drkameleon/complete-hsk-vocabulary/7ac65bf1a6387d35f1ade478906172a19311c7f9/complete.json#/10212,2021-standard-derived upstream new-4; not 2025 exam
zh-hsk4-00875,于是,yú shì,[yú shì] thereupon; as a result; consequently; thus; hence,,general-and-abstract,zh-vocab-adapted,https://raw.githubusercontent.com/drkameleon/complete-hsk-vocabulary/7ac65bf1a6387d35f1ade478906172a19311c7f9/complete.json#/10224,2021-standard-derived upstream new-4; not 2025 exam
zh-hsk4-00876,语法,yǔ fǎ,[yǔ fǎ] grammar,,general-and-abstract,zh-vocab-adapted,https://raw.githubusercontent.com/drkameleon/complete-hsk-vocabulary/7ac65bf1a6387d35f1ade478906172a19311c7f9/complete.json#/10253,2021-standard-derived upstream new-4; not 2025 exam
zh-hsk4-00877,语音,yǔ yīn,[yǔ yīn] speech sounds; pronunciation; colloquial (rather than literary) pronunciation of a Chinese character; audio; voice; (Internet) to voice chat; voice message,,general-and-abstract,zh-vocab-adapted,https://raw.githubusercontent.com/drkameleon/complete-hsk-vocabulary/7ac65bf1a6387d35f1ade478906172a19311c7f9/complete.json#/10256,2021-standard-derived upstream new-4; not 2025 exam
zh-hsk4-00878,玉,yù,[yù] jade,,general-and-abstract,zh-vocab-adapted,https://raw.githubusercontent.com/drkameleon/complete-hsk-vocabulary/7ac65bf1a6387d35f1ade478906172a19311c7f9/complete.json#/10257,2021-standard-derived upstream new-4; not 2025 exam
zh-hsk4-00879,玉米,yù mǐ,[yù mǐ] corn; maize,,general-and-abstract,zh-vocab-adapted,https://raw.githubusercontent.com/drkameleon/complete-hsk-vocabulary/7ac65bf1a6387d35f1ade478906172a19311c7f9/complete.json#/10258,2021-standard-derived upstream new-4; not 2025 exam
zh-hsk4-00880,预测,yù cè,[yù cè] to forecast; to predict,,general-and-abstract,zh-vocab-adapted,https://raw.githubusercontent.com/drkameleon/complete-hsk-vocabulary/7ac65bf1a6387d35f1ade478906172a19311c7f9/complete.json#/10262,2021-standard-derived upstream new-4; not 2025 exam
zh-hsk4-00881,预订,yù dìng,[yù dìng] to place an order; to book ahead,,study-and-work,zh-vocab-adapted,https://raw.githubusercontent.com/drkameleon/complete-hsk-vocabulary/7ac65bf1a6387d35f1ade478906172a19311c7f9/complete.json#/10263,2021-standard-derived upstream new-4; not 2025 exam
zh-hsk4-00882,遇,Yù / yù,[Yù] surname Yu / [yù] to meet; to encounter; to treat; to receive; opportunity; chance,,general-and-abstract,zh-vocab-adapted,https://raw.githubusercontent.com/drkameleon/complete-hsk-vocabulary/7ac65bf1a6387d35f1ade478906172a19311c7f9/complete.json#/10284,2021-standard-derived upstream new-4; not 2025 exam
zh-hsk4-00883,遇到,yù dào,[yù dào] to meet; to run into; to come across,,general-and-abstract,zh-vocab-adapted,https://raw.githubusercontent.com/drkameleon/complete-hsk-vocabulary/7ac65bf1a6387d35f1ade478906172a19311c7f9/complete.json#/10285,2021-standard-derived upstream new-4; not 2025 exam
zh-hsk4-00884,遇见,yù jiàn,[yù jiàn] to meet,,general-and-abstract,zh-vocab-adapted,https://raw.githubusercontent.com/drkameleon/complete-hsk-vocabulary/7ac65bf1a6387d35f1ade478906172a19311c7f9/complete.json#/10286,2021-standard-derived upstream new-4; not 2025 exam
zh-hsk4-00885,原料,yuán liào,[yuán liào] raw material,,general-and-abstract,zh-vocab-adapted,https://raw.githubusercontent.com/drkameleon/complete-hsk-vocabulary/7ac65bf1a6387d35f1ade478906172a19311c7f9/complete.json#/10317,2021-standard-derived upstream new-4; not 2025 exam
zh-hsk4-00886,原则,yuán zé,[yuán zé] principle; doctrine,,general-and-abstract,zh-vocab-adapted,https://raw.githubusercontent.com/drkameleon/complete-hsk-vocabulary/7ac65bf1a6387d35f1ade478906172a19311c7f9/complete.json#/10323,2021-standard-derived upstream new-4; not 2025 exam
zh-hsk4-00887,圆,yuán,[yuán] circle; round; circular; spherical; (of the moon) full; unit of Chinese currency (yuan); tactful; to make consistent and whole (the narrative of a dream or a lie),,general-and-abstract,zh-vocab-adapted,https://raw.githubusercontent.com/drkameleon/complete-hsk-vocabulary/7ac65bf1a6387d35f1ade478906172a19311c7f9/complete.json#/10326,2021-standard-derived upstream new-4; not 2025 exam
zh-hsk4-00888,圆满,yuán mǎn,[yuán mǎn] satisfactory; consummate; perfect,,general-and-abstract,zh-vocab-adapted,https://raw.githubusercontent.com/drkameleon/complete-hsk-vocabulary/7ac65bf1a6387d35f1ade478906172a19311c7f9/complete.json#/10327,2021-standard-derived upstream new-4; not 2025 exam
zh-hsk4-00889,约会,yuē huì,[yuē huì] appointment; engagement; date; to arrange to meet,,general-and-abstract,zh-vocab-adapted,https://raw.githubusercontent.com/drkameleon/complete-hsk-vocabulary/7ac65bf1a6387d35f1ade478906172a19311c7f9/complete.json#/10360,2021-standard-derived upstream new-4; not 2025 exam
zh-hsk4-00890,月底,yuè dǐ,[yuè dǐ] end of the month,,time-and-quantity,zh-vocab-adapted,https://raw.githubusercontent.com/drkameleon/complete-hsk-vocabulary/7ac65bf1a6387d35f1ade478906172a19311c7f9/complete.json#/10365,2021-standard-derived upstream new-4; not 2025 exam
zh-hsk4-00891,阅读,yuè dú,[yuè dú] to read; reading,,general-and-abstract,zh-vocab-adapted,https://raw.githubusercontent.com/drkameleon/complete-hsk-vocabulary/7ac65bf1a6387d35f1ade478906172a19311c7f9/complete.json#/10373,2021-standard-derived upstream new-4; not 2025 exam
zh-hsk4-00892,运动会,yùn dòng huì,[yùn dòng huì] sports competition,,general-and-abstract,zh-vocab-adapted,https://raw.githubusercontent.com/drkameleon/complete-hsk-vocabulary/7ac65bf1a6387d35f1ade478906172a19311c7f9/complete.json#/10390,2021-standard-derived upstream new-4; not 2025 exam
zh-hsk4-00893,运动员,yùn dòng yuán,[yùn dòng yuán] athlete,,general-and-abstract,zh-vocab-adapted,https://raw.githubusercontent.com/drkameleon/complete-hsk-vocabulary/7ac65bf1a6387d35f1ade478906172a19311c7f9/complete.json#/10391,2021-standard-derived upstream new-4; not 2025 exam
zh-hsk4-00894,运气,yùn qi,[yùn qi] luck (good or bad),,general-and-abstract,zh-vocab-adapted,https://raw.githubusercontent.com/drkameleon/complete-hsk-vocabulary/7ac65bf1a6387d35f1ade478906172a19311c7f9/complete.json#/10393,2021-standard-derived upstream new-4; not 2025 exam
zh-hsk4-00895,运用,yùn yòng,[yùn yòng] to use; to put to use,,general-and-abstract,zh-vocab-adapted,https://raw.githubusercontent.com/drkameleon/complete-hsk-vocabulary/7ac65bf1a6387d35f1ade478906172a19311c7f9/complete.json#/10399,2021-standard-derived upstream new-4; not 2025 exam
zh-hsk4-00896,再三,zài sān,[zài sān] over and over again; again and again,,general-and-abstract,zh-vocab-adapted,https://raw.githubusercontent.com/drkameleon/complete-hsk-vocabulary/7ac65bf1a6387d35f1ade478906172a19311c7f9/complete.json#/10426,2021-standard-derived upstream new-4; not 2025 exam
zh-hsk4-00897,在乎,zài hu,[zài hu] to care about,,general-and-abstract,zh-vocab-adapted,https://raw.githubusercontent.com/drkameleon/complete-hsk-vocabulary/7ac65bf1a6387d35f1ade478906172a19311c7f9/complete.json#/10433,2021-standard-derived upstream new-4; not 2025 exam
zh-hsk4-00898,在于,zài yú,[zài yú] to be in; to lie in; to consist in; to depend on; to rest with,,general-and-abstract,zh-vocab-adapted,https://raw.githubusercontent.com/drkameleon/complete-hsk-vocabulary/7ac65bf1a6387d35f1ade478906172a19311c7f9/complete.json#/10438,2021-standard-derived upstream new-4; not 2025 exam
zh-hsk4-00899,赞成,zàn chéng,[zàn chéng] to approve; to endorse; (literary) to assist,,general-and-abstract,zh-vocab-adapted,https://raw.githubusercontent.com/drkameleon/complete-hsk-vocabulary/7ac65bf1a6387d35f1ade478906172a19311c7f9/complete.json#/10449,2021-standard-derived upstream new-4; not 2025 exam
zh-hsk4-00900,赞赏,zàn shǎng,[zàn shǎng] to admire; to praise; to appreciate,,general-and-abstract,zh-vocab-adapted,https://raw.githubusercontent.com/drkameleon/complete-hsk-vocabulary/7ac65bf1a6387d35f1ade478906172a19311c7f9/complete.json#/10451,2021-standard-derived upstream new-4; not 2025 exam
zh-hsk4-00901,赞助,zàn zhù,[zàn zhù] to support; to assist; to sponsor,,general-and-abstract,zh-vocab-adapted,https://raw.githubusercontent.com/drkameleon/complete-hsk-vocabulary/7ac65bf1a6387d35f1ade478906172a19311c7f9/complete.json#/10457,2021-standard-derived upstream new-4; not 2025 exam
zh-hsk4-00902,造型,zào xíng,[zào xíng] to model; to shape; appearance; style; design; form; pose,,general-and-abstract,zh-vocab-adapted,https://raw.githubusercontent.com/drkameleon/complete-hsk-vocabulary/7ac65bf1a6387d35f1ade478906172a19311c7f9/complete.json#/10488,2021-standard-derived upstream new-4; not 2025 exam
zh-hsk4-00903,战斗,zhàn dòu,[zhàn dòu] to fight; to engage in combat; struggle; battle,,general-and-abstract,zh-vocab-adapted,https://raw.githubusercontent.com/drkameleon/complete-hsk-vocabulary/7ac65bf1a6387d35f1ade478906172a19311c7f9/complete.json#/10559,2021-standard-derived upstream new-4; not 2025 exam
zh-hsk4-00904,战胜,zhàn shèng,[zhàn shèng] to prevail over; to defeat; to surmount,,general-and-abstract,zh-vocab-adapted,https://raw.githubusercontent.com/drkameleon/complete-hsk-vocabulary/7ac65bf1a6387d35f1ade478906172a19311c7f9/complete.json#/10561,2021-standard-derived upstream new-4; not 2025 exam
zh-hsk4-00905,战士,zhàn shì,[zhàn shì] fighter; soldier; warrior,,general-and-abstract,zh-vocab-adapted,https://raw.githubusercontent.com/drkameleon/complete-hsk-vocabulary/7ac65bf1a6387d35f1ade478906172a19311c7f9/complete.json#/10562,2021-standard-derived upstream new-4; not 2025 exam
zh-hsk4-00906,战争,zhàn zhēng,[zhàn zhēng] war; conflict,,general-and-abstract,zh-vocab-adapted,https://raw.githubusercontent.com/drkameleon/complete-hsk-vocabulary/7ac65bf1a6387d35f1ade478906172a19311c7f9/complete.json#/10566,2021-standard-derived upstream new-4; not 2025 exam
zh-hsk4-00907,长途,cháng tú,[cháng tú] long distance,,general-and-abstract,zh-vocab-adapted,https://raw.githubusercontent.com/drkameleon/complete-hsk-vocabulary/7ac65bf1a6387d35f1ade478906172a19311c7f9/complete.json#/10594,2021-standard-derived upstream new-4; not 2025 exam
zh-hsk4-00908,丈夫,zhàng fu,[zhàng fu] husband,,people-and-relationships,zh-vocab-adapted,https://raw.githubusercontent.com/drkameleon/complete-hsk-vocabulary/7ac65bf1a6387d35f1ade478906172a19311c7f9/complete.json#/10605,2021-standard-derived upstream new-4; not 2025 exam
zh-hsk4-00909,招呼,zhāo hu,[zhāo hu] to call out to; to greet; to say hello to; to inform; to take care of; to take care that one does not,,thought-and-communication,zh-vocab-adapted,https://raw.githubusercontent.com/drkameleon/complete-hsk-vocabulary/7ac65bf1a6387d35f1ade478906172a19311c7f9/complete.json#/10618,2021-standard-derived upstream new-4; not 2025 exam
zh-hsk4-00910,召开,zhào kāi,[zhào kāi] to convene (a conference or meeting); to convoke; to call together,,general-and-abstract,zh-vocab-adapted,https://raw.githubusercontent.com/drkameleon/complete-hsk-vocabulary/7ac65bf1a6387d35f1ade478906172a19311c7f9/complete.json#/10634,2021-standard-derived upstream new-4; not 2025 exam
zh-hsk4-00911,折,shé / zhē / zhé,"[shé] to snap; to break (a stick, a bone etc); (bound form) to sustain a loss (in business) / [zhē] to turn sth over; to turn upside down; to tip sth out (of a container) / [zhé] to break; to fracture; to snap; to suffer loss; to bend; to twist; to turn; to change direction; convinced; to convert into (currency); discount; rebate; tenth (in price); classifier for theatrical scenes; to fold; accounts book / [zhé] to fold",,food-and-shopping;travel-and-places;study-and-work,zh-vocab-adapted,https://raw.githubusercontent.com/drkameleon/complete-hsk-vocabulary/7ac65bf1a6387d35f1ade478906172a19311c7f9/complete.json#/10654,2021-standard-derived upstream new-4; not 2025 exam
zh-hsk4-00912,着火,zháo huǒ,[zháo huǒ] to catch fire,,general-and-abstract,zh-vocab-adapted,https://raw.githubusercontent.com/drkameleon/complete-hsk-vocabulary/7ac65bf1a6387d35f1ade478906172a19311c7f9/complete.json#/10676,2021-standard-derived upstream new-4; not 2025 exam
zh-hsk4-00913,着急,zháo jí,[zháo jí] to worry; to feel anxious; to feel a sense of urgency; to be in a hurry; Taiwan pr.,,thought-and-communication,zh-vocab-adapted,https://raw.githubusercontent.com/drkameleon/complete-hsk-vocabulary/7ac65bf1a6387d35f1ade478906172a19311c7f9/complete.json#/10677,2021-standard-derived upstream new-4; not 2025 exam
zh-hsk4-00914,著名,zhù míng,[zhù míng] famous; noted; well-known; celebrated,,general-and-abstract,zh-vocab-adapted,https://raw.githubusercontent.com/drkameleon/complete-hsk-vocabulary/7ac65bf1a6387d35f1ade478906172a19311c7f9/complete.json#/10688,2021-standard-derived upstream new-4; not 2025 exam
zh-hsk4-00915,著作,zhù zuò,[zhù zuò] to write; literary work; book; article; writings,,study-and-work,zh-vocab-adapted,https://raw.githubusercontent.com/drkameleon/complete-hsk-vocabulary/7ac65bf1a6387d35f1ade478906172a19311c7f9/complete.json#/10689,2021-standard-derived upstream new-4; not 2025 exam
zh-hsk4-00916,针,zhēn,[zhēn] needle; pin; injection; stitch / [zhēn] needle,,general-and-abstract,zh-vocab-adapted,https://raw.githubusercontent.com/drkameleon/complete-hsk-vocabulary/7ac65bf1a6387d35f1ade478906172a19311c7f9/complete.json#/10690,2021-standard-derived upstream new-4; not 2025 exam
zh-hsk4-00917,针对,zhēn duì,[zhēn duì] to target; to focus on; to be aimed at or against; in response to,,general-and-abstract,zh-vocab-adapted,https://raw.githubusercontent.com/drkameleon/complete-hsk-vocabulary/7ac65bf1a6387d35f1ade478906172a19311c7f9/complete.json#/10691,2021-standard-derived upstream new-4; not 2025 exam
zh-hsk4-00918,阵,zhèn,[zhèn] disposition of troops; wave; spate; burst; spell; short period of time; classifier for events or states of short duration,,time-and-quantity,zh-vocab-adapted,https://raw.githubusercontent.com/drkameleon/complete-hsk-vocabulary/7ac65bf1a6387d35f1ade478906172a19311c7f9/complete.json#/10720,2021-standard-derived upstream new-4; not 2025 exam
zh-hsk4-00919,争论,zhēng lùn,[zhēng lùn] to argue; to debate; to contend; argument; contention; controversy; debate,,general-and-abstract,zh-vocab-adapted,https://raw.githubusercontent.com/drkameleon/complete-hsk-vocabulary/7ac65bf1a6387d35f1ade478906172a19311c7f9/complete.json#/10742,2021-standard-derived upstream new-4; not 2025 exam
zh-hsk4-00920,征服,zhēng fú,[zhēng fú] to conquer; to subdue; to vanquish,,general-and-abstract,zh-vocab-adapted,https://raw.githubusercontent.com/drkameleon/complete-hsk-vocabulary/7ac65bf1a6387d35f1ade478906172a19311c7f9/complete.json#/10749,2021-standard-derived upstream new-4; not 2025 exam
zh-hsk4-00921,征求,zhēng qiú,"[zhēng qiú] to solicit; to seek; to request (opinions, feedback etc); to petition",,general-and-abstract,zh-vocab-adapted,https://raw.githubusercontent.com/drkameleon/complete-hsk-vocabulary/7ac65bf1a6387d35f1ade478906172a19311c7f9/complete.json#/10751,2021-standard-derived upstream new-4; not 2025 exam
zh-hsk4-00922,政府,zhèng fǔ,[zhèng fǔ] government,,society-and-public-life,zh-vocab-adapted,https://raw.githubusercontent.com/drkameleon/complete-hsk-vocabulary/7ac65bf1a6387d35f1ade478906172a19311c7f9/complete.json#/10803,2021-standard-derived upstream new-4; not 2025 exam
zh-hsk4-00923,政治,zhèng zhì,[zhèng zhì] politics; political,,general-and-abstract,zh-vocab-adapted,https://raw.githubusercontent.com/drkameleon/complete-hsk-vocabulary/7ac65bf1a6387d35f1ade478906172a19311c7f9/complete.json#/10805,2021-standard-derived upstream new-4; not 2025 exam
zh-hsk4-00924,之后,zhī hòu,[zhī hòu] after; behind; (at the beginning of a sentence) afterwards; since then,,general-and-abstract,zh-vocab-adapted,https://raw.githubusercontent.com/drkameleon/complete-hsk-vocabulary/7ac65bf1a6387d35f1ade478906172a19311c7f9/complete.json#/10809,2021-standard-derived upstream new-4; not 2025 exam
zh-hsk4-00925,之间,zhī jiān,[zhī jiān] (after a noun) between; among; amid,,general-and-abstract,zh-vocab-adapted,https://raw.githubusercontent.com/drkameleon/complete-hsk-vocabulary/7ac65bf1a6387d35f1ade478906172a19311c7f9/complete.json#/10810,2021-standard-derived upstream new-4; not 2025 exam
zh-hsk4-00926,之前,zhī qián,[zhī qián] before; prior to; ago; previously; beforehand,,general-and-abstract,zh-vocab-adapted,https://raw.githubusercontent.com/drkameleon/complete-hsk-vocabulary/7ac65bf1a6387d35f1ade478906172a19311c7f9/complete.json#/10813,2021-standard-derived upstream new-4; not 2025 exam
zh-hsk4-00927,之一,zhī yī,"[zhī yī] one of (sth); one out of a multitude; one (third, quarter, percent etc)",,general-and-abstract,zh-vocab-adapted,https://raw.githubusercontent.com/drkameleon/complete-hsk-vocabulary/7ac65bf1a6387d35f1ade478906172a19311c7f9/complete.json#/10817,2021-standard-derived upstream new-4; not 2025 exam
zh-hsk4-00928,植物,zhí wù,[zhí wù] plant; vegetation,,nature-and-technology,zh-vocab-adapted,https://raw.githubusercontent.com/drkameleon/complete-hsk-vocabulary/7ac65bf1a6387d35f1ade478906172a19311c7f9/complete.json#/10876,2021-standard-derived upstream new-4; not 2025 exam
zh-hsk4-00929,指挥,zhǐ huī,[zhǐ huī] to conduct; to command; to direct; conductor (of an orchestra),,general-and-abstract,zh-vocab-adapted,https://raw.githubusercontent.com/drkameleon/complete-hsk-vocabulary/7ac65bf1a6387d35f1ade478906172a19311c7f9/complete.json#/10901,2021-standard-derived upstream new-4; not 2025 exam
zh-hsk4-00930,制订,zhì dìng,[zhì dìng] to work out; to formulate,,study-and-work,zh-vocab-adapted,https://raw.githubusercontent.com/drkameleon/complete-hsk-vocabulary/7ac65bf1a6387d35f1ade478906172a19311c7f9/complete.json#/10928,2021-standard-derived upstream new-4; not 2025 exam
zh-hsk4-00931,治,zhì,[zhì] to rule; to govern; to manage; to control; to harness (a river); to treat (a disease); to wipe out (a pest); to punish; to research,,travel-and-places;health-and-body,zh-vocab-adapted,https://raw.githubusercontent.com/drkameleon/complete-hsk-vocabulary/7ac65bf1a6387d35f1ade478906172a19311c7f9/complete.json#/10937,2021-standard-derived upstream new-4; not 2025 exam
zh-hsk4-00932,治疗,zhì liáo,[zhì liáo] to treat (an illness); medical treatment; therapy,,health-and-body,zh-vocab-adapted,https://raw.githubusercontent.com/drkameleon/complete-hsk-vocabulary/7ac65bf1a6387d35f1ade478906172a19311c7f9/complete.json#/10941,2021-standard-derived upstream new-4; not 2025 exam
zh-hsk4-00933,质量,zhì liàng,[zhì liàng] quality; (physics) mass,,general-and-abstract,zh-vocab-adapted,https://raw.githubusercontent.com/drkameleon/complete-hsk-vocabulary/7ac65bf1a6387d35f1ade478906172a19311c7f9/complete.json#/10945,2021-standard-derived upstream new-4; not 2025 exam
zh-hsk4-00934,智力,zhì lì,[zhì lì] intelligence; intellect,,general-and-abstract,zh-vocab-adapted,https://raw.githubusercontent.com/drkameleon/complete-hsk-vocabulary/7ac65bf1a6387d35f1ade478906172a19311c7f9/complete.json#/10959,2021-standard-derived upstream new-4; not 2025 exam
zh-hsk4-00935,智能,zhì néng,"[zhì néng] intelligent; able; smart (phone, system, bomb etc)",,general-and-abstract,zh-vocab-adapted,https://raw.githubusercontent.com/drkameleon/complete-hsk-vocabulary/7ac65bf1a6387d35f1ade478906172a19311c7f9/complete.json#/10960,2021-standard-derived upstream new-4; not 2025 exam
zh-hsk4-00936,中奖,zhòng jiǎng,[zhòng jiǎng] to win a prize (in a lottery etc),,general-and-abstract,zh-vocab-adapted,https://raw.githubusercontent.com/drkameleon/complete-hsk-vocabulary/7ac65bf1a6387d35f1ade478906172a19311c7f9/complete.json#/10977,2021-standard-derived upstream new-4; not 2025 exam
zh-hsk4-00937,中介,zhōng jiè,[zhōng jiè] to act as intermediary; to link; intermediate; inter-; agency; agent,,general-and-abstract,zh-vocab-adapted,https://raw.githubusercontent.com/drkameleon/complete-hsk-vocabulary/7ac65bf1a6387d35f1ade478906172a19311c7f9/complete.json#/10978,2021-standard-derived upstream new-4; not 2025 exam
zh-hsk4-00938,种类,zhǒng lèi,[zhǒng lèi] kind; genus; type; category; variety; species; sort; class,,general-and-abstract,zh-vocab-adapted,https://raw.githubusercontent.com/drkameleon/complete-hsk-vocabulary/7ac65bf1a6387d35f1ade478906172a19311c7f9/complete.json#/11018,2021-standard-derived upstream new-4; not 2025 exam
zh-hsk4-00939,种植,zhòng zhí,[zhòng zhí] to plant; to grow (a crop); to cultivate,,nature-and-technology,zh-vocab-adapted,https://raw.githubusercontent.com/drkameleon/complete-hsk-vocabulary/7ac65bf1a6387d35f1ade478906172a19311c7f9/complete.json#/11019,2021-standard-derived upstream new-4; not 2025 exam
zh-hsk4-00940,重量,zhòng liàng,[zhòng liàng] weight,,general-and-abstract,zh-vocab-adapted,https://raw.githubusercontent.com/drkameleon/complete-hsk-vocabulary/7ac65bf1a6387d35f1ade478906172a19311c7f9/complete.json#/11038,2021-standard-derived upstream new-4; not 2025 exam
zh-hsk4-00941,逐步,zhú bù,[zhú bù] progressively; step by step,,general-and-abstract,zh-vocab-adapted,https://raw.githubusercontent.com/drkameleon/complete-hsk-vocabulary/7ac65bf1a6387d35f1ade478906172a19311c7f9/complete.json#/11079,2021-standard-derived upstream new-4; not 2025 exam
zh-hsk4-00942,逐渐,zhú jiàn,[zhú jiàn] gradually,,general-and-abstract,zh-vocab-adapted,https://raw.githubusercontent.com/drkameleon/complete-hsk-vocabulary/7ac65bf1a6387d35f1ade478906172a19311c7f9/complete.json#/11080,2021-standard-derived upstream new-4; not 2025 exam
zh-hsk4-00943,主题,zhǔ tí,[zhǔ tí] theme; subject,,general-and-abstract,zh-vocab-adapted,https://raw.githubusercontent.com/drkameleon/complete-hsk-vocabulary/7ac65bf1a6387d35f1ade478906172a19311c7f9/complete.json#/11100,2021-standard-derived upstream new-4; not 2025 exam
zh-hsk4-00944,主席,zhǔ xí,[zhǔ xí] chairperson; premier; chairman,,general-and-abstract,zh-vocab-adapted,https://raw.githubusercontent.com/drkameleon/complete-hsk-vocabulary/7ac65bf1a6387d35f1ade478906172a19311c7f9/complete.json#/11103,2021-standard-derived upstream new-4; not 2025 exam
zh-hsk4-00945,祝福,zhù fú,[zhù fú] blessings; to wish sb well,,general-and-abstract,zh-vocab-adapted,https://raw.githubusercontent.com/drkameleon/complete-hsk-vocabulary/7ac65bf1a6387d35f1ade478906172a19311c7f9/complete.json#/11140,2021-standard-derived upstream new-4; not 2025 exam
zh-hsk4-00946,抓紧,zhuā jǐn,[zhuā jǐn] to keep a firm grip on; to pay close attention to; to lose no time in (doing sth),,time-and-quantity,zh-vocab-adapted,https://raw.githubusercontent.com/drkameleon/complete-hsk-vocabulary/7ac65bf1a6387d35f1ade478906172a19311c7f9/complete.json#/11146,2021-standard-derived upstream new-4; not 2025 exam
zh-hsk4-00947,专心,zhuān xīn,[zhuān xīn] to focus one's attention; to concentrate on (doing sth),,general-and-abstract,zh-vocab-adapted,https://raw.githubusercontent.com/drkameleon/complete-hsk-vocabulary/7ac65bf1a6387d35f1ade478906172a19311c7f9/complete.json#/11160,2021-standard-derived upstream new-4; not 2025 exam
zh-hsk4-00948,转动,zhuǎn dòng / zhuàn dòng,[zhuǎn dòng] to turn sth around; to swivel / [zhuàn dòng] to rotate (about an axis); to revolve; to turn; to move in a circle; to gyrate,,general-and-abstract,zh-vocab-adapted,https://raw.githubusercontent.com/drkameleon/complete-hsk-vocabulary/7ac65bf1a6387d35f1ade478906172a19311c7f9/complete.json#/11174,2021-standard-derived upstream new-4; not 2025 exam
zh-hsk4-00949,转告,zhuǎn gào,[zhuǎn gào] to pass on; to communicate; to transmit,,general-and-abstract,zh-vocab-adapted,https://raw.githubusercontent.com/drkameleon/complete-hsk-vocabulary/7ac65bf1a6387d35f1ade478906172a19311c7f9/complete.json#/11175,2021-standard-derived upstream new-4; not 2025 exam
zh-hsk4-00950,转身,zhuǎn shēn,[zhuǎn shēn] (of a person) to turn round; to face about; (of a widow) to remarry (archaic),,general-and-abstract,zh-vocab-adapted,https://raw.githubusercontent.com/drkameleon/complete-hsk-vocabulary/7ac65bf1a6387d35f1ade478906172a19311c7f9/complete.json#/11181,2021-standard-derived upstream new-4; not 2025 exam
zh-hsk4-00951,转弯,zhuǎn wān,[zhuǎn wān] to turn; to go around a corner,,general-and-abstract,zh-vocab-adapted,https://raw.githubusercontent.com/drkameleon/complete-hsk-vocabulary/7ac65bf1a6387d35f1ade478906172a19311c7f9/complete.json#/11182,2021-standard-derived upstream new-4; not 2025 exam
zh-hsk4-00952,转移,zhuǎn yí,[zhuǎn yí] to shift; to relocate; to transfer; (fig.) to shift (attention); to change (the subject etc); (medicine) to metastasize,,health-and-body,zh-vocab-adapted,https://raw.githubusercontent.com/drkameleon/complete-hsk-vocabulary/7ac65bf1a6387d35f1ade478906172a19311c7f9/complete.json#/11187,2021-standard-derived upstream new-4; not 2025 exam
zh-hsk4-00953,装修,zhuāng xiū,[zhuāng xiū] to decorate; interior decoration; to fit up; to renovate,,general-and-abstract,zh-vocab-adapted,https://raw.githubusercontent.com/drkameleon/complete-hsk-vocabulary/7ac65bf1a6387d35f1ade478906172a19311c7f9/complete.json#/11205,2021-standard-derived upstream new-4; not 2025 exam
zh-hsk4-00954,装置,zhuāng zhì,[zhuāng zhì] to install; installation; equipment; system; unit; device,,general-and-abstract,zh-vocab-adapted,https://raw.githubusercontent.com/drkameleon/complete-hsk-vocabulary/7ac65bf1a6387d35f1ade478906172a19311c7f9/complete.json#/11206,2021-standard-derived upstream new-4; not 2025 exam
zh-hsk4-00955,追求,zhuī qiú,[zhuī qiú] to pursue (a goal etc) stubbornly; to seek after; to woo,,general-and-abstract,zh-vocab-adapted,https://raw.githubusercontent.com/drkameleon/complete-hsk-vocabulary/7ac65bf1a6387d35f1ade478906172a19311c7f9/complete.json#/11224,2021-standard-derived upstream new-4; not 2025 exam
zh-hsk4-00956,准时,zhǔn shí,[zhǔn shí] on time; punctual; on schedule,,time-and-quantity,zh-vocab-adapted,https://raw.githubusercontent.com/drkameleon/complete-hsk-vocabulary/7ac65bf1a6387d35f1ade478906172a19311c7f9/complete.json#/11235,2021-standard-derived upstream new-4; not 2025 exam
zh-hsk4-00957,资料,zī liào,[zī liào] material; resources; data; information; profile (Internet),,general-and-abstract,zh-vocab-adapted,https://raw.githubusercontent.com/drkameleon/complete-hsk-vocabulary/7ac65bf1a6387d35f1ade478906172a19311c7f9/complete.json#/11255,2021-standard-derived upstream new-4; not 2025 exam
zh-hsk4-00958,资源,Zī yuán / zī yuán,"[Zī yuán] Ziyuan county in Guilin, Guangxi / [zī yuán] natural resource (such as water or minerals); resource (such as manpower or tourism)",,general-and-abstract,zh-vocab-adapted,https://raw.githubusercontent.com/drkameleon/complete-hsk-vocabulary/7ac65bf1a6387d35f1ade478906172a19311c7f9/complete.json#/11258,2021-standard-derived upstream new-4; not 2025 exam
zh-hsk4-00959,字母,zì mǔ,[zì mǔ] letter (of the alphabet),,general-and-abstract,zh-vocab-adapted,https://raw.githubusercontent.com/drkameleon/complete-hsk-vocabulary/7ac65bf1a6387d35f1ade478906172a19311c7f9/complete.json#/11268,2021-standard-derived upstream new-4; not 2025 exam
zh-hsk4-00960,自,zì,[zì] self; oneself; from; since; naturally; surely,,general-and-abstract,zh-vocab-adapted,https://raw.githubusercontent.com/drkameleon/complete-hsk-vocabulary/7ac65bf1a6387d35f1ade478906172a19311c7f9/complete.json#/11272,2021-standard-derived upstream new-4; not 2025 exam
zh-hsk4-00961,自信,zì xìn,[zì xìn] to have confidence in oneself; self-confidence,,general-and-abstract,zh-vocab-adapted,https://raw.githubusercontent.com/drkameleon/complete-hsk-vocabulary/7ac65bf1a6387d35f1ade478906172a19311c7f9/complete.json#/11301,2021-standard-derived upstream new-4; not 2025 exam
zh-hsk4-00962,综合,zōng hé,[zōng hé] comprehensive; composite; synthesized; mixed; to sum up; to integrate; to synthesize,,general-and-abstract,zh-vocab-adapted,https://raw.githubusercontent.com/drkameleon/complete-hsk-vocabulary/7ac65bf1a6387d35f1ade478906172a19311c7f9/complete.json#/11325,2021-standard-derived upstream new-4; not 2025 exam
zh-hsk4-00963,总共,zǒng gòng,[zǒng gòng] altogether; in sum; in all; in total,,general-and-abstract,zh-vocab-adapted,https://raw.githubusercontent.com/drkameleon/complete-hsk-vocabulary/7ac65bf1a6387d35f1ade478906172a19311c7f9/complete.json#/11335,2021-standard-derived upstream new-4; not 2025 exam
zh-hsk4-00964,总理,zǒng lǐ,[zǒng lǐ] premier; prime minister,,general-and-abstract,zh-vocab-adapted,https://raw.githubusercontent.com/drkameleon/complete-hsk-vocabulary/7ac65bf1a6387d35f1ade478906172a19311c7f9/complete.json#/11341,2021-standard-derived upstream new-4; not 2025 exam
zh-hsk4-00965,总统,zǒng tǒng,[zǒng tǒng] president (of a country),,travel-and-places,zh-vocab-adapted,https://raw.githubusercontent.com/drkameleon/complete-hsk-vocabulary/7ac65bf1a6387d35f1ade478906172a19311c7f9/complete.json#/11347,2021-standard-derived upstream new-4; not 2025 exam
zh-hsk4-00966,总之,zǒng zhī,[zǒng zhī] in a word; in short; in brief,,general-and-abstract,zh-vocab-adapted,https://raw.githubusercontent.com/drkameleon/complete-hsk-vocabulary/7ac65bf1a6387d35f1ade478906172a19311c7f9/complete.json#/11348,2021-standard-derived upstream new-4; not 2025 exam
zh-hsk4-00967,阻止,zǔ zhǐ,[zǔ zhǐ] to prevent; to block,,general-and-abstract,zh-vocab-adapted,https://raw.githubusercontent.com/drkameleon/complete-hsk-vocabulary/7ac65bf1a6387d35f1ade478906172a19311c7f9/complete.json#/11387,2021-standard-derived upstream new-4; not 2025 exam
zh-hsk4-00968,嘴巴,zuǐ ba,[zuǐ ba] mouth; slap in the face,,general-and-abstract,zh-vocab-adapted,https://raw.githubusercontent.com/drkameleon/complete-hsk-vocabulary/7ac65bf1a6387d35f1ade478906172a19311c7f9/complete.json#/11407,2021-standard-derived upstream new-4; not 2025 exam
zh-hsk4-00969,最初,zuì chū,[zuì chū] first; primary; initial; original; at first; initially; originally,,general-and-abstract,zh-vocab-adapted,https://raw.githubusercontent.com/drkameleon/complete-hsk-vocabulary/7ac65bf1a6387d35f1ade478906172a19311c7f9/complete.json#/11410,2021-standard-derived upstream new-4; not 2025 exam
zh-hsk4-00970,作出,zuò chū,"[zuò chū] to put out; to come up with; to make (a choice, decision, proposal, response, comment etc); to issue (a permit, statement, explanation, apology, reassurance to the public etc); to draw (conclusion); to deliver (speech, judgment); to devise (explanation); to extract",,society-and-public-life,zh-vocab-adapted,https://raw.githubusercontent.com/drkameleon/complete-hsk-vocabulary/7ac65bf1a6387d35f1ade478906172a19311c7f9/complete.json#/11437,2021-standard-derived upstream new-4; not 2025 exam
zh-hsk4-00971,作为,zuò wéi,[zuò wéi] one's conduct; deed; activity; accomplishment; achievement; to act as; as (in the capacity of); qua; to view as; to look upon (sth as); to take sth to be,,general-and-abstract,zh-vocab-adapted,https://raw.githubusercontent.com/drkameleon/complete-hsk-vocabulary/7ac65bf1a6387d35f1ade478906172a19311c7f9/complete.json#/11444,2021-standard-derived upstream new-4; not 2025 exam
zh-hsk4-00972,做梦,zuò mèng,[zuò mèng] to dream; to have a dream; fig. illusion; fantasy; pipe dream,,general-and-abstract,zh-vocab-adapted,https://raw.githubusercontent.com/drkameleon/complete-hsk-vocabulary/7ac65bf1a6387d35f1ade478906172a19311c7f9/complete.json#/11466,2021-standard-derived upstream new-4; not 2025 exam
