id,target,reading,english,part_of_speech,topic,source_id,source_entry,level_basis
ja-n5-00001,会う,あう,1. to meet; to encounter; to see | 2. to have an accident; to have a bad experience [word usually written using kana alone],Godan verb with 'u' ending; intransitive verb,general-language,jmdict-waller,JMdict:1198180;waller-n5.csv:line-2,Community estimate: Waller via stephenmk; not an official JLPT word list
ja-n5-00002,青,あお,"1. blue; azure | 2. green (mostly in compound words and in ref. to fruits, plants and traffic lights) | 3. green light (traffic) [abbreviation] | 4. black (horse coat color) | 5. blue 5-point card [hanafuda; abbreviation] | 6. immature; unripe; young",noun (common) (futsuumeishi); nouns which may take the genitive case particle 'no'; prefix,general-language,jmdict-waller,JMdict:1381380;waller-n5.csv:line-3,Community estimate: Waller via stephenmk; not an official JLPT word list
ja-n5-00003,青い,あおい,"1. blue; azure | 2. green (mostly archaic or in ref. to fruits, vegetables and traffic lights) | 3. pale (facial color); gray; grey | 4. unripe; inexperienced",adjective (keiyoushi),general-language,jmdict-waller,JMdict:1381390;waller-n5.csv:line-4,Community estimate: Waller via stephenmk; not an official JLPT word list
ja-n5-00004,赤,あか,"1. red; crimson; scarlet | 2. red-containing colour (e.g. brown, pink, orange) | 3. Red (i.e. communist) [colloquial] | 4. red light (traffic) [abbreviation] | 5. red ink (i.e. in finance or proof-reading); (in) the red [abbreviation] | 6. complete; total; perfect; obvious | 7. copper [abbreviation] | 8. red 5-point card [hanafuda; abbreviation]",noun (common) (futsuumeishi); nouns which may take the genitive case particle 'no',general-language,jmdict-waller,JMdict:2013900;waller-n5.csv:line-5,Community estimate: Waller via stephenmk; not an official JLPT word list
ja-n5-00005,赤い,あかい,1. red; crimson; scarlet; vermilion | 2. Red; communist [colloquial],adjective (keiyoushi),general-language,jmdict-waller,JMdict:1383240;waller-n5.csv:line-6,Community estimate: Waller via stephenmk; not an official JLPT word list
ja-n5-00006,明い,あかるい,"1. light; bright; well-lit; well-lighted | 2. bright (colour) | 3. cheerful; bright; spirited; sunny (e.g. disposition) | 4. bright (future, prospects, etc.); rosy; encouraging; promising | 5. knowledgeable (about); familiar (with); well versed (in); well acquainted (with) | 6. fair (e.g. politics); clean; impartial",adjective (keiyoushi),general-language,jmdict-waller,JMdict:1532350;waller-n5.csv:line-7,Community estimate: Waller via stephenmk; not an official JLPT word list
ja-n5-00007,秋,あき,1. autumn; fall,noun (common) (futsuumeishi); adverb (fukushi),general-language,jmdict-waller,JMdict:1332650;waller-n5.csv:line-8,Community estimate: Waller via stephenmk; not an official JLPT word list
ja-n5-00008,開く,あく,"1. to open (e.g. doors) | 2. to open (e.g. business, etc.) | 3. to be empty | 4. to be vacant; to be available; to be free | 5. to be open (e.g. neckline, etc.) | 6. to have been opened (of one's eyes, mouth, etc.) | 7. to come to an end | 8. to open (one's eyes, mouth, etc.) | 9. to have a hole; to form a gap; to have an interval (between events)",Godan verb with 'ku' ending; intransitive verb; transitive verb,general-language,jmdict-waller,JMdict:1586270;waller-n5.csv:line-9,Community estimate: Waller via stephenmk; not an official JLPT word list
ja-n5-00009,開ける,あける,"1. to open (a door, etc.); to unwrap (e.g. parcel, package); to unlock | 2. to open (for business, etc.) | 3. to empty; to remove; to make space; to make room | 4. to move out; to clear out | 5. to be away from (e.g. one's house); to leave (temporarily) | 6. to dawn; to grow light | 7. to end (of a period, season) | 8. to begin (of the New Year) | 9. to leave (one's schedule) open; to make time (for) | 10. to make (a hole); to open up (a hole)",Ichidan verb; transitive verb; intransitive verb,home-and-daily-life,jmdict-waller,JMdict:1202450;waller-n5.csv:line-10,Community estimate: Waller via stephenmk; not an official JLPT word list
ja-n5-00010,上げる,あげる,"1. to raise; to elevate | 2. to move something (to a higher place); to put onto (e.g. a shelf) | 3. to increase (price, quality, status, etc.); to raise (a wage) | 4. to show someone (into a room); to let in (e.g. a guest) | 5. to give [polite (teineigo) language; word usually written using kana alone] | 6. to enrol (one's child in school); to enroll; to send (one's child; e.g. to college) | 7. to develop (talent, skill, etc.); to improve | 8. to earn (something desirable); to achieve (e.g. a good result); to obtain | 9. to promote (someone) | 10. to complete; to finish | 11. to make (a loud sound); to raise (one's voice) | 12. to raise (one's gaze); to lift up (one's face); to look up | 13. to do up (one's hair) | 14. to offer up (incense, a prayer, etc.) to the gods (or Buddha, etc.) | 15. to praise; to commend; to flatter | 16. to make do (with less expenses than expected); to cover expenses (with a given amount); to set costs | 17. to finish (one's studies); to complete (a lesson); to pass (e.g. a class) | 18. to upload (e.g. an image); to publish (on the internet); to post | 19. to raise someone's spirits; to cheer someone up; to enhance a mood [colloquial] | 20. (of the tide) to come in; to rise | 21. to increase (of market price); to rise (of stock prices) [finance] | 22. to vomit; to throw up | 23. to do for (the sake of someone else) [word usually written using kana alone; polite (teineigo) language] (after the -te form of a verb) | 24. to complete ... (after the -masu stem of a verb) | 25. to humbly do ... [humble (kenjougo) language] (after the -masu stem of a humble verb to increase the level of humility)",Ichidan verb; transitive verb; intransitive verb; auxiliary verb; suffix,general-language,jmdict-waller,JMdict:1352320;waller-n5.csv:line-11,Community estimate: Waller via stephenmk; not an official JLPT word list
ja-n5-00011,朝,あさ,1. morning | 2. breakfast,noun (common) (futsuumeishi); adverb (fukushi),time-and-quantity,jmdict-waller,JMdict:1428280;waller-n5.csv:line-12,Community estimate: Waller via stephenmk; not an official JLPT word list
ja-n5-00012,朝御飯,あさごはん,1. breakfast,noun (common) (futsuumeishi),general-language,jmdict-waller,JMdict:1586330;waller-n5.csv:line-13,Community estimate: Waller via stephenmk; not an official JLPT word list
ja-n5-00013,あさって,あさって,1. day after tomorrow | 2. wrong (e.g. direction),noun (common) (futsuumeishi); adverb (fukushi); nouns which may take the genitive case particle 'no',time-and-quantity,jmdict-waller,JMdict:1584640;waller-n5.csv:line-14,Community estimate: Waller via stephenmk; not an official JLPT word list
ja-n5-00014,足,あし,"1. foot; paw; arm (of an octopus, squid, etc.) | 2. leg | 3. gait | 4. pace | 5. lower radical of a kanji | 6. means of transportation; (one's) ride | 7. money; coin [colloquial]",noun (common) (futsuumeishi),health-and-body,jmdict-waller,JMdict:1404630;waller-n5.csv:line-15,Community estimate: Waller via stephenmk; not an official JLPT word list
ja-n5-00015,明日,あした,1. tomorrow,noun (common) (futsuumeishi); adverb (fukushi),general-language,jmdict-waller,JMdict:1584660;waller-n5.csv:line-16,Community estimate: Waller via stephenmk; not an official JLPT word list
ja-n5-00016,あそこ,あそこ,1. there; over there; that place; yonder; you-know-where [word usually written using kana alone] (place physically distant from both speaker and listener) | 2. genitals; private parts; nether regions [colloquial; word usually written using kana alone; euphemistic] | 3. that far; that much; that point [word usually written using kana alone] (something psychologically distant from both speaker and listener),pronoun; noun (common) (futsuumeishi),travel-and-places,jmdict-waller,JMdict:1000320;waller-n5.csv:line-17,Community estimate: Waller via stephenmk; not an official JLPT word list
ja-n5-00017,遊ぶ,あそぶ,"1. to play (games, sports); to enjoy oneself; to have a good time | 2. to mess about (with alcohol, gambling, philandery, etc.) | 3. to be idle; to do nothing; to be unused | 4. to meet up (with friends); to hang out | 5. to give oneself up (to gambling, drinking, etc.) | 6. to go to (for pleasure or for study) | 7. to tease (someone); to play (with) | 8. to intentionally throw a ball to lower the batter's concentration [baseball]",Godan verb with 'bu' ending; intransitive verb,time-and-quantity,jmdict-waller,JMdict:1542160;waller-n5.csv:line-18,Community estimate: Waller via stephenmk; not an official JLPT word list
ja-n5-00018,暖かい,あたたかい,1. warm; mild; (pleasantly) hot | 2. warm (of a colour); mellow | 3. having enough money,adjective (keiyoushi),general-language,jmdict-waller,JMdict:1586420;waller-n5.csv:line-19,Community estimate: Waller via stephenmk; not an official JLPT word list
ja-n5-00019,頭,あたま,1. head | 2. hair (on one's head) | 3. mind; brains; intellect | 4. leader; chief; boss; captain | 5. top; tip | 6. beginning; start | 7. head; person | 8. down payment; deposit [abbreviation] | 9. pair [mahjong; colloquial],noun (common) (futsuumeishi),health-and-body,jmdict-waller,JMdict:1582310;waller-n5.csv:line-20,Community estimate: Waller via stephenmk; not an official JLPT word list
ja-n5-00020,新しい,あたらしい,1. new; novel; fresh; recent; latest; up-to-date; modern,adjective (keiyoushi),general-language,jmdict-waller,JMdict:1361490;waller-n5.csv:line-21,Community estimate: Waller via stephenmk; not an official JLPT word list
ja-n5-00021,あちら,あちら,"1. that way; that direction; over there; yonder [word usually written using kana alone] (direction distant from both speaker and listener) | 2. that (one) [word usually written using kana alone] (something physically distant from both speaker and listener, or something not visible but known by both speaker and listener) | 3. that person [word usually written using kana alone] | 4. there; over there; foreign country (esp. a Western nation) [word usually written using kana alone] (place distant from both speaker and listener)",pronoun,travel-and-places,jmdict-waller,JMdict:1483185;waller-n5.csv:line-22,Community estimate: Waller via stephenmk; not an official JLPT word list
ja-n5-00022,暑い,あつい,"1. hot; warm; sultry; heated | 2. passionate; impassioned; burning (desire, etc.) | 3. on everybody's mind; on the radar; du jour; interested (gaze, etc.)",adjective (keiyoushi),general-language,jmdict-waller,JMdict:1343460;waller-n5.csv:line-23,Community estimate: Waller via stephenmk; not an official JLPT word list
ja-n5-00023,熱い,あつい,"1. hot (to the touch) | 2. passionate (feelings, etc.); ardent; hot (e.g. gaze) | 3. hot (e.g. temper) | 4. zealous; enthusiastic; fired up | 5. intense; severe; extreme | 6. hot (topic); of interest",adjective (keiyoushi),general-language,jmdict-waller,JMdict:1467720;waller-n5.csv:line-24,Community estimate: Waller via stephenmk; not an official JLPT word list
ja-n5-00024,厚い,あつい,1. thick; deep; heavy | 2. kind; cordial; hospitable; warm; faithful | 3. abundant,adjective (keiyoushi),general-language,jmdict-waller,JMdict:1275320;waller-n5.csv:line-25,Community estimate: Waller via stephenmk; not an official JLPT word list
ja-n5-00025,あっち,あっち,"1. that way; that direction; over there; yonder [word usually written using kana alone] (direction distant from both speaker and listener) | 2. that (one) [word usually written using kana alone] (something physically distant from both speaker and listener, or something not visible but known by both speaker and listener) | 3. that person [word usually written using kana alone] | 4. there; over there; foreign country (esp. a Western nation) [word usually written using kana alone] (place distant from both speaker and listener)",pronoun,travel-and-places,jmdict-waller,JMdict:1483185;waller-n5.csv:line-26,Community estimate: Waller via stephenmk; not an official JLPT word list
ja-n5-00026,後,あと,1. behind; rear | 2. after; later | 3. remainder; the rest | 4. more (e.g. five more minutes); left | 5. also; in addition | 6. descendant; successor; heir | 7. after one's death | 8. past; previous [archaic],noun (common) (futsuumeishi); nouns which may take the genitive case particle 'no'; adverb (fukushi),general-language,jmdict-waller,JMdict:1269320;waller-n5.csv:line-27,Community estimate: Waller via stephenmk; not an official JLPT word list
ja-n5-00027,貴方,あなた,"1. you [word usually written using kana alone] (trad. polite in ref. to someone of equal or lower status, now oft. regarded as rude or distant) | 2. dear; honey [familiar language; word usually written using kana alone] (used by wives addressing their husbands)",pronoun,general-language,jmdict-waller,JMdict:1223615;waller-n5.csv:line-28,Community estimate: Waller via stephenmk; not an official JLPT word list
ja-n5-00028,兄,あに,1. older brother; elder brother | 2. brother-in-law (spouse's older brother or older sister's husband),noun (common) (futsuumeishi),people-and-relationships,jmdict-waller,JMdict:1249900;waller-n5.csv:line-29,Community estimate: Waller via stephenmk; not an official JLPT word list
ja-n5-00029,姉,あね,1. older sister; elder sister,noun (common) (futsuumeishi),people-and-relationships,jmdict-waller,JMdict:1307630;waller-n5.csv:line-30,Community estimate: Waller via stephenmk; not an official JLPT word list
ja-n5-00030,あの,あの,1. say; well; um; er,interjection (kandoushi),general-language,jmdict-waller,JMdict:1000430;waller-n5.csv:line-31,Community estimate: Waller via stephenmk; not an official JLPT word list
ja-n5-00031,アパート,アパート,1. apartment building; apartment block; apartment house [abbreviation] | 2. apartment [abbreviation],noun (common) (futsuumeishi),home-and-daily-life,jmdict-waller,JMdict:1017760;waller-n5.csv:line-32,Community estimate: Waller via stephenmk; not an official JLPT word list
ja-n5-00032,あびる,あびる,"1. to dash over oneself (e.g. water); to take (e.g. shower); to bask in (e.g. the sun); to bathe in; to be flooded with (e.g. light); to be covered in | 2. to suffer (e.g. an attack); to draw (e.g. criticism, attention, praise); to have heaped upon; to be showered with",Ichidan verb; transitive verb,nature-and-science,jmdict-waller,JMdict:1547450;waller-n5.csv:line-33,Community estimate: Waller via stephenmk; not an official JLPT word list
ja-n5-00033,危ない,あぶない,1. dangerous; risky; hazardous; perilous; precarious | 2. in danger; in jeopardy; critical; grave; at risk | 3. uncertain; unreliable; insecure; unsteady; doubtful | 4. close (call); narrow (escape) | 5. sketchy; shady; dodgy [colloquial] | 6. look out!; watch out!; be careful!,adjective (keiyoushi); interjection (kandoushi),general-language,jmdict-waller,JMdict:1218380;waller-n5.csv:line-34,Community estimate: Waller via stephenmk; not an official JLPT word list
ja-n5-00034,甘い,あまい,1. sweet-tasting; sweet; sugary; sugared | 2. fragrant (smelling); sweet (music) | 3. lightly salted; light in salt; not spicy | 4. indulgent; lenient; soft (on); easy-going; generous | 5. naive; overly optimistic; simplistic | 6. half-hearted; not finished properly | 7. insufficient; not satisfactory; inadequate; loose | 8. mild | 9. tempting; enticing; luring,adjective (keiyoushi),general-language,jmdict-waller,JMdict:1213400;waller-n5.csv:line-35,Community estimate: Waller via stephenmk; not an official JLPT word list
ja-n5-00035,あまり,あまり,1. remainder; remnant; rest; balance; surplus; remains (of a meal); leftovers [word usually written using kana alone] | 2. (not) very; (not) much [word usually written using kana alone] (with neg. sentence) | 3. too much; excessively; overly [word usually written using kana alone] | 4. extreme; great; severe; tremendous; terrible | 5. not very good; so-so; mediocre [colloquial] | 6. more than; over,"noun (common) (futsuumeishi); nouns which may take the genitive case particle 'no'; adverb (fukushi); adjectival nouns or quasi-adjectives (keiyodoshi); noun, used as a suffix",food-and-dining,jmdict-waller,JMdict:1584930;waller-n5.csv:line-36,Community estimate: Waller via stephenmk; not an official JLPT word list
ja-n5-00036,雨,あめ,1. rain | 2. rainy day; rainy weather | 3. the November suit (in hanafuda),noun (common) (futsuumeishi),nature-and-science,jmdict-waller,JMdict:1171900;waller-n5.csv:line-37,Community estimate: Waller via stephenmk; not an official JLPT word list
ja-n5-00037,飴,あめ,"1. (hard) candy; toffee [food, cooking] | 2. rice-sugar; sugar made from the starch of rice, potatoes, etc. [food, cooking] | 3. amber; yellowish-brown [abbreviation]",noun (common) (futsuumeishi),food-and-dining,jmdict-waller,JMdict:1153520;waller-n5.csv:line-38,Community estimate: Waller via stephenmk; not an official JLPT word list
ja-n5-00038,洗う,あらう,1. to wash; to cleanse; to rinse | 2. to inquire into; to investigate | 3. to purify (one's heart) | 4. to lave (e.g. shore); to wash over (e.g. deck); to sweep,Godan verb with 'u' ending; transitive verb,home-and-daily-life,jmdict-waller,JMdict:1390930;waller-n5.csv:line-39,Community estimate: Waller via stephenmk; not an official JLPT word list
ja-n5-00039,有る,ある,1. to be; to exist; to live [word usually written using kana alone] (usu. of inanimate objects) | 2. to have [word usually written using kana alone] | 3. to be located [word usually written using kana alone] | 4. to be equipped with [word usually written using kana alone] | 5. to happen; to come about [word usually written using kana alone] | 6. to exist (in a completed state); to be (something unchanged in its current state) [word usually written using kana alone],Godan verb with 'ru' ending (irregular verb); intransitive verb; auxiliary verb,general-language,jmdict-waller,JMdict:1296400;waller-n5.csv:line-40,Community estimate: Waller via stephenmk; not an official JLPT word list
ja-n5-00040,歩く,あるく,1. to walk,Godan verb with 'ku' ending; intransitive verb,general-language,jmdict-waller,JMdict:1514320;waller-n5.csv:line-41,Community estimate: Waller via stephenmk; not an official JLPT word list
ja-n5-00041,あれ,あれ,"1. huh?; eh?; what?; oh; hey!; look!; listen! (indicates surprise, suspicion, etc.)",interjection (kandoushi),general-language,jmdict-waller,JMdict:2847612;waller-n5.csv:line-42,Community estimate: Waller via stephenmk; not an official JLPT word list
ja-n5-00042,いい,いい,"1. good; excellent; fine; nice; pleasant; agreeable | 2. sufficient; enough; ready; prepared | 3. profitable (deal, business offer, etc.); beneficial | 4. OK; all right; fine; no problem",adjective (keiyoushi) - yoi/ii class,general-language,jmdict-waller,JMdict:2820690;waller-n5.csv:line-43,Community estimate: Waller via stephenmk; not an official JLPT word list
ja-n5-00043,良い,よい,"1. good; excellent; fine; nice; pleasant; agreeable | 2. sufficient; enough; ready; prepared | 3. profitable (deal, business offer, etc.); beneficial | 4. OK; all right; fine; no problem | 5. easy to ... (after the -masu stem of a verb)",adjective (keiyoushi); suffix,general-language,jmdict-waller,JMdict:1605820;waller-n5.csv:line-44,Community estimate: Waller via stephenmk; not an official JLPT word list
ja-n5-00044,いいえ,いいえ,1. no | 2. you're welcome; not at all; don't mention it,interjection (kandoushi),general-language,jmdict-waller,JMdict:1583250;waller-n5.csv:line-45,Community estimate: Waller via stephenmk; not an official JLPT word list
ja-n5-00045,言う,いう,"1. to say; to utter; to declare | 2. to name; to call | 3. to go (e.g. ""the alarm went ping""); to make a noise",Godan verb with 'u' ending; transitive verb; intransitive verb,general-language,jmdict-waller,JMdict:1587040;waller-n5.csv:line-46,Community estimate: Waller via stephenmk; not an official JLPT word list
ja-n5-00046,家,いえ,1. house; residence; dwelling; home | 2. family; household | 3. lineage; family name,noun (common) (futsuumeishi),home-and-daily-life,jmdict-waller,JMdict:1191730;waller-n5.csv:line-47,Community estimate: Waller via stephenmk; not an official JLPT word list
ja-n5-00047,いかが,いかが,1. how; in what way; how about [word usually written using kana alone] | 2. questionable [word usually written using kana alone],adverb (fukushi); adjectival nouns or quasi-adjectives (keiyodoshi),general-language,jmdict-waller,JMdict:2845606;waller-n5.csv:line-48,Community estimate: Waller via stephenmk; not an official JLPT word list
ja-n5-00048,行く,いく,"1. to go; to move (towards); to head (towards); to leave (for) | 2. to move through; to travel across; to walk along (e.g. a road) | 3. to go (well, badly, etc.); to proceed; to turn out; to get along | 4. to do (in a particular way); to go (with; a choice); to try | 5. to pass (of time, seasons, etc.); to go by | 6. to stream; to flow | 7. to die; to pass away | 8. to reach (a stage, extent, age, etc.); to get to; to go (so far as ...) | 9. to reach (of information, instructions, wind, etc.); to arrive | 10. to continue ...; to go on ...; to (progress) steadily; to gradually ...; to progressively ... [word usually written using kana alone] | 11. to have an orgasm; to come; to cum [word usually written using kana alone; colloquial] | 12. to trip; to get high; to have a drug-induced hallucination [word usually written using kana alone; slang]",Godan verb - Iku/Yuku special class; intransitive verb; auxiliary verb,health-and-body,jmdict-waller,JMdict:1578850;waller-n5.csv:line-49,Community estimate: Waller via stephenmk; not an official JLPT word list
ja-n5-00049,いくつ,いくつ,1. how many [word usually written using kana alone] | 2. how old [word usually written using kana alone],adverb (fukushi),general-language,jmdict-waller,JMdict:1219960;waller-n5.csv:line-50,Community estimate: Waller via stephenmk; not an official JLPT word list
ja-n5-00050,いくら,いくら,"1. how much [word usually written using kana alone] | 2. something over; and something; -odd [word usually written using kana alone] (after a rounded number, esp. a sum of money) | 3. however (much); no matter how [word usually written using kana alone]","noun (common) (futsuumeishi); adverb (fukushi); noun, used as a suffix",general-language,jmdict-waller,JMdict:1219980;waller-n5.csv:line-51,Community estimate: Waller via stephenmk; not an official JLPT word list
ja-n5-00051,池,いけ,1. pond,noun (common) (futsuumeishi),general-language,jmdict-waller,JMdict:1421700;waller-n5.csv:line-52,Community estimate: Waller via stephenmk; not an official JLPT word list
ja-n5-00052,医者,いしゃ,1. doctor; physician,noun (common) (futsuumeishi),health-and-body,jmdict-waller,JMdict:1159980;waller-n5.csv:line-53,Community estimate: Waller via stephenmk; not an official JLPT word list
ja-n5-00053,いす,いす,1. chair; seat; stool; bench | 2. post; position; seat; office,noun (common) (futsuumeishi),general-language,jmdict-waller,JMdict:1157070;waller-n5.csv:line-54,Community estimate: Waller via stephenmk; not an official JLPT word list
ja-n5-00054,忙しい,いそがしい,1. busy; occupied; hectic | 2. restless; hurried; fidgety,adjective (keiyoushi),general-language,jmdict-waller,JMdict:1519290;waller-n5.csv:line-55,Community estimate: Waller via stephenmk; not an official JLPT word list
ja-n5-00055,痛い,いたい,1. painful; sore | 2. cringy; embarrassing [colloquial],adjective (keiyoushi),general-language,jmdict-waller,JMdict:1432680;waller-n5.csv:line-56,Community estimate: Waller via stephenmk; not an official JLPT word list
ja-n5-00056,一,いち,"1. one; 1 | 2. best | 3. first; foremost | 4. beginning; start | 5. a (single); one (of many) (before a noun) | 6. ace [card games] | 7. bottom string (on a shamisen, etc.)","numeric; prefix; nouns which may take the genitive case particle 'no'; suffix; noun (common) (futsuumeishi); noun, used as a prefix",general-language,jmdict-waller,JMdict:1160790;waller-n5.csv:line-57,Community estimate: Waller via stephenmk; not an official JLPT word list
ja-n5-00057,一日,いちにち,1. one day | 2. all day (long); the whole day; from morning till night | 3. first day of the month,noun (common) (futsuumeishi); adverb (fukushi),time-and-quantity,jmdict-waller,JMdict:1576260;waller-n5.csv:line-58,Community estimate: Waller via stephenmk; not an official JLPT word list
ja-n5-00058,いちばん,いちばん,1. number one; first; first place | 2. best; most | 3. game; round; bout | 4. as a test; as an experiment; by way of experiment; by way of trial; tentatively | 5. song (e.g. in noh); piece,noun (common) (futsuumeishi); nouns which may take the genitive case particle 'no'; adverb (fukushi),time-and-quantity,jmdict-waller,JMdict:1165970;waller-n5.csv:line-59,Community estimate: Waller via stephenmk; not an official JLPT word list
ja-n5-00059,何時,いつ,1. when; at what time; how soon [word usually written using kana alone] | 2. normal times; ordinary days [word usually written using kana alone; dated term],pronoun,time-and-quantity,jmdict-waller,JMdict:1188760;waller-n5.csv:line-60,Community estimate: Waller via stephenmk; not an official JLPT word list
ja-n5-00060,五日,いつか,1. 5th day of the month | 2. five days,noun (common) (futsuumeishi),time-and-quantity,jmdict-waller,JMdict:1268570;waller-n5.csv:line-61,Community estimate: Waller via stephenmk; not an official JLPT word list
ja-n5-00061,一緒,いっしょ,1. (doing) together | 2. one lump; one mixture; the same category | 3. the same; identical | 4. (at) the same time,noun (common) (futsuumeishi); nouns which may take the genitive case particle 'no',general-language,jmdict-waller,JMdict:1163400;waller-n5.csv:line-62,Community estimate: Waller via stephenmk; not an official JLPT word list
ja-n5-00062,五つ,いつつ,1. five | 2. five years of age | 3. eight o'clock (old time system),numeric; noun (common) (futsuumeishi),general-language,jmdict-waller,JMdict:1268070;waller-n5.csv:line-63,Community estimate: Waller via stephenmk; not an official JLPT word list
ja-n5-00063,いつも,いつも,1. always; all the time; at all times [word usually written using kana alone] | 2. never [word usually written using kana alone] (with neg. verb) | 3. usual; regular; habitual; customary [word usually written using kana alone],adverb (fukushi); nouns which may take the genitive case particle 'no'; noun (common) (futsuumeishi),time-and-quantity,jmdict-waller,JMdict:1188890;waller-n5.csv:line-64,Community estimate: Waller via stephenmk; not an official JLPT word list
ja-n5-00064,犬,いぬ,1. dog (Canis (lupus) familiaris); canine | 2. squealer; rat; snitch; informer; informant; spy [derogatory; word usually written using kana alone] | 3. loser; asshole [derogatory] | 4. counterfeit; inferior; useless; wasteful,"noun (common) (futsuumeishi); noun, used as a prefix",general-language,jmdict-waller,JMdict:1258330;waller-n5.csv:line-65,Community estimate: Waller via stephenmk; not an official JLPT word list
ja-n5-00065,今,いま,1. now; the present time; just now; soon; immediately | 2. another; more,noun (common) (futsuumeishi); nouns which may take the genitive case particle 'no'; adverb (fukushi),time-and-quantity,jmdict-waller,JMdict:1288850;waller-n5.csv:line-66,Community estimate: Waller via stephenmk; not an official JLPT word list
ja-n5-00066,意味,いみ,1. meaning; significance; sense,noun (common) (futsuumeishi); noun or participle which takes the aux. verb suru; transitive verb,general-language,jmdict-waller,JMdict:1156800;waller-n5.csv:line-67,Community estimate: Waller via stephenmk; not an official JLPT word list
ja-n5-00067,妹,いもうと,1. younger sister,noun (common) (futsuumeishi),people-and-relationships,jmdict-waller,JMdict:1524590;waller-n5.csv:line-68,Community estimate: Waller via stephenmk; not an official JLPT word list
ja-n5-00068,嫌,いや,1. disliking; not wanting; unwilling (to do); reluctant | 2. unpleasant; disagreeable; nasty; horrible; disgusting; undesirable; unwelcome | 3. no!; quit it!; stop! [word usually written using kana alone],adjectival nouns or quasi-adjectives (keiyodoshi); interjection (kandoushi),general-language,jmdict-waller,JMdict:1587610;waller-n5.csv:line-69,Community estimate: Waller via stephenmk; not an official JLPT word list
ja-n5-00069,入口,いりぐち,1. entrance; entry; gate; approach; mouth,noun (common) (futsuumeishi),health-and-body,jmdict-waller,JMdict:1582820;waller-n5.csv:line-70,Community estimate: Waller via stephenmk; not an official JLPT word list
ja-n5-00070,居る,いる,1. to be (of animate objects); to exist [word usually written using kana alone] | 2. to stay [word usually written using kana alone] | 3. to be ...-ing [word usually written using kana alone] (after the -te form of a verb; indicates continuing action) | 4. to have ...-ed; to be ...-ed [word usually written using kana alone] (after the -te form of a verb; indicates continuing state),Ichidan verb; intransitive verb; auxiliary verb,general-language,jmdict-waller,JMdict:1577980;waller-n5.csv:line-71,Community estimate: Waller via stephenmk; not an official JLPT word list
ja-n5-00071,要る,いる,1. to be needed; to be necessary; to be required; to be wanted; to need; to want [word usually written using kana alone],Godan verb with 'ru' ending; intransitive verb,general-language,jmdict-waller,JMdict:1546640;waller-n5.csv:line-72,Community estimate: Waller via stephenmk; not an official JLPT word list
ja-n5-00072,入れる,いれる,"1. to put in; to let in; to take in; to bring in; to insert; to install (e.g. software); to set (a jewel, etc.); to ink in (e.g. tattoo) | 2. to admit; to accept; to employ; to hire | 3. to accept; to comply; to grant; to adopt (a policy, etc.); to take (advice, etc.); to listen to; to pay attention to | 4. to include | 5. to pay (one's rent, etc.) | 6. to cast (a vote) | 7. to make (tea, coffee, etc.) | 8. to turn on (a switch, etc.) | 9. to send (a fax); to call",Ichidan verb; transitive verb,general-language,jmdict-waller,JMdict:1465610;waller-n5.csv:line-73,Community estimate: Waller via stephenmk; not an official JLPT word list
ja-n5-00073,色,いろ,"1. colour; color; hue; tint; tinge; shade | 2. complexion; skin colour; skin color | 3. look (on one's face); expression | 4. appearance; air; feeling | 5. personality; character | 6. tone (of one's voice, etc.); tune; sound; ring | 7. love; lust; sensuality; love affair | 8. lover; paramour | 9. beauty; sexiness; physical appeal | 10. kind; type; variety",noun (common) (futsuumeishi),general-language,jmdict-waller,JMdict:1357600;waller-n5.csv:line-74,Community estimate: Waller via stephenmk; not an official JLPT word list
ja-n5-00074,いろいろ,いろいろ,1. various; a variety of; all sorts of; many (different) [word usually written using kana alone] | 2. variously; in various ways; in many ways [word usually written using kana alone] | 3. various things; this and that [word usually written using kana alone],adjectival nouns or quasi-adjectives (keiyodoshi); nouns which may take the genitive case particle 'no'; adverb (fukushi); adverb taking the 'to' particle; noun (common) (futsuumeishi),general-language,jmdict-waller,JMdict:1587850;waller-n5.csv:line-75,Community estimate: Waller via stephenmk; not an official JLPT word list
ja-n5-00075,上,うえ,"1. above; over; up | 2. top; summit; upper part; head (e.g. of a staircase) | 3. surface; on (top of) | 4. the above (in a piece of writing); earlier part | 5. superior; better; higher (position, rank, etc.); upper (class) | 6. elder; older; senior | 7. with respect to ...; in terms of; as far as ... is concerned; when (e.g. drunk) | 8. besides ...; in addition to ...; on top of ...; as well as ... | 9. after ...; upon ...; on ...; with (e.g. full awareness); as a result of ... | 10. since ...; now that ...; because ... | 11. honorable; venerable; dear [honorific or respectful (sonkeigo) language] (after a person of higher status) | 12. emperor; sovereign; shogun; daimyo [archaic]",noun (common) (futsuumeishi); nouns which may take the genitive case particle 'no'; suffix,general-language,jmdict-waller,JMdict:1352130;waller-n5.csv:line-76,Community estimate: Waller via stephenmk; not an official JLPT word list
ja-n5-00076,後ろ,うしろ,1. back; behind; rear,noun (common) (futsuumeishi); nouns which may take the genitive case particle 'no',general-language,jmdict-waller,JMdict:1269410;waller-n5.csv:line-77,Community estimate: Waller via stephenmk; not an official JLPT word list
ja-n5-00077,薄い,うすい,"1. thin (of an object) | 2. pale; light; faint | 3. watery; thin; diluted | 4. weak (taste, etc.); little (affection, etc.); not much (of a presence) | 5. slim (probability, etc.); small | 6. sparse; patchy; scattered",adjective (keiyoushi),general-language,jmdict-waller,JMdict:1475480;waller-n5.csv:line-78,Community estimate: Waller via stephenmk; not an official JLPT word list
ja-n5-00078,歌,うた,1. song; singing | 2. classical Japanese poem (esp. tanka) | 3. modern poetry,noun (common) (futsuumeishi),general-language,jmdict-waller,JMdict:1193180;waller-n5.csv:line-79,Community estimate: Waller via stephenmk; not an official JLPT word list
ja-n5-00079,歌う,うたう,"1. to sing | 2. to sing of (love, beauty, etc.) in a poem; to express in the form of a poem; to recite (a poem)",Godan verb with 'u' ending; transitive verb; intransitive verb,general-language,jmdict-waller,JMdict:1588120;waller-n5.csv:line-80,Community estimate: Waller via stephenmk; not an official JLPT word list
ja-n5-00080,生まれる,うまれる,1. to be born,Ichidan verb; intransitive verb,general-language,jmdict-waller,JMdict:1378690;waller-n5.csv:line-81,Community estimate: Waller via stephenmk; not an official JLPT word list
ja-n5-00081,海,うみ,1. sea; ocean; waters,noun (common) (futsuumeishi),nature-and-science,jmdict-waller,JMdict:1201190;waller-n5.csv:line-82,Community estimate: Waller via stephenmk; not an official JLPT word list
ja-n5-00082,売る,うる,"1. to sell | 2. to betray; to sell out (one's friend, country, etc.) | 3. to make (oneself) known; to establish (a reputation) for oneself | 4. to pick (a fight, quarrel, etc.); to provoke; to force on someone",Godan verb with 'ru' ending; transitive verb,general-language,jmdict-waller,JMdict:1473950;waller-n5.csv:line-83,Community estimate: Waller via stephenmk; not an official JLPT word list
ja-n5-00083,煩い,うるさい,1. noisy; loud [word usually written using kana alone] | 2. annoying; troublesome; tiresome; persistent; importunate [word usually written using kana alone] | 3. fussy; finicky; picky; particular; nagging; fastidious; bossy [word usually written using kana alone] | 4. shut up; be quiet [word usually written using kana alone],adjective (keiyoushi); interjection (kandoushi),general-language,jmdict-waller,JMdict:1481920;waller-n5.csv:line-84,Community estimate: Waller via stephenmk; not an official JLPT word list
ja-n5-00084,上着,うわぎ,1. coat; jacket; outerwear | 2. top; upper-body garment,noun (common) (futsuumeishi),general-language,jmdict-waller,JMdict:1580340;waller-n5.csv:line-85,Community estimate: Waller via stephenmk; not an official JLPT word list
ja-n5-00085,絵,え,"1. picture; drawing; painting; sketch | 2. image (TV, film, etc.); picture; footage",noun (common) (futsuumeishi),general-language,jmdict-waller,JMdict:1202270;waller-n5.csv:line-86,Community estimate: Waller via stephenmk; not an official JLPT word list
ja-n5-00086,映画,えいが,1. movie; film; motion picture,noun (common) (futsuumeishi),general-language,jmdict-waller,JMdict:1173720;waller-n5.csv:line-87,Community estimate: Waller via stephenmk; not an official JLPT word list
ja-n5-00087,映画館,えいがかん,1. movie theatre; movie theater; cinema,noun (common) (futsuumeishi),general-language,jmdict-waller,JMdict:1173750;waller-n5.csv:line-88,Community estimate: Waller via stephenmk; not an official JLPT word list
ja-n5-00088,英語,えいご,1. English (language),noun (common) (futsuumeishi),study-work-and-communication,jmdict-waller,JMdict:1174420;waller-n5.csv:line-89,Community estimate: Waller via stephenmk; not an official JLPT word list
ja-n5-00089,ええ,ええ,1. yes; that is correct; right | 2. um; errr; well | 3. huh? | 4. grrr; gah; must I? | 5. good [Kansai-ben],interjection (kandoushi); noun or verb acting prenominally,general-language,jmdict-waller,JMdict:1001140;waller-n5.csv:line-90,Community estimate: Waller via stephenmk; not an official JLPT word list
ja-n5-00090,駅,えき,1. railway station; train station | 2. staging post on a highway (in pre-modern Japan) [historical term] | 3. counter for railway stations and bus stations,noun (common) (futsuumeishi); counter,travel-and-places,jmdict-waller,JMdict:1175140;waller-n5.csv:line-91,Community estimate: Waller via stephenmk; not an official JLPT word list
ja-n5-00091,エレベーター,エレベーター,1. elevator; lift | 2. elevator [aviation],noun (common) (futsuumeishi),general-language,jmdict-waller,JMdict:1030630;waller-n5.csv:line-92,Community estimate: Waller via stephenmk; not an official JLPT word list
ja-n5-00092,鉛筆,えんぴつ,1. (wooden) pencil,noun (common) (futsuumeishi),general-language,jmdict-waller,JMdict:1178590;waller-n5.csv:line-93,Community estimate: Waller via stephenmk; not an official JLPT word list
ja-n5-00093,おいしい,おいしい,"1. good(-tasting); nice; delicious; tasty [word usually written using kana alone] | 2. attractive (offer, opportunity, etc.); appealing; convenient; favorable; desirable; profitable [word usually written using kana alone]",adjective (keiyoushi),general-language,jmdict-waller,JMdict:1486650;waller-n5.csv:line-94,Community estimate: Waller via stephenmk; not an official JLPT word list
ja-n5-00094,多い,おおい,1. many; numerous; a lot | 2. large amount of; large quantity of; a lot; much | 3. frequent; common,adjective (keiyoushi),general-language,jmdict-waller,JMdict:1407460;waller-n5.csv:line-95,Community estimate: Waller via stephenmk; not an official JLPT word list
ja-n5-00095,大きい,おおきい,1. big; large; great | 2. loud | 3. extensive; spacious | 4. important; decisive; valuable | 5. older; grown-up,adjective (keiyoushi),general-language,jmdict-waller,JMdict:1588880;waller-n5.csv:line-96,Community estimate: Waller via stephenmk; not an official JLPT word list
ja-n5-00096,大きな,おおきな,1. big; large; great,pre-noun adjectival (rentaishi),general-language,jmdict-waller,JMdict:1412890;waller-n5.csv:line-97,Community estimate: Waller via stephenmk; not an official JLPT word list
ja-n5-00097,大勢,おおぜい,1. crowd of people; great number of people | 2. in great numbers,noun (common) (futsuumeishi); nouns which may take the genitive case particle 'no'; adverb (fukushi),time-and-quantity,jmdict-waller,JMdict:1414220;waller-n5.csv:line-98,Community estimate: Waller via stephenmk; not an official JLPT word list
ja-n5-00098,お母さん,おかあさん,1. mother; mom; mum; ma [honorific or respectful (sonkeigo) language] | 2. wife [honorific or respectful (sonkeigo) language] | 3. you (of an elderly person older than the speaker); she; her [familiar language],noun (common) (futsuumeishi); pronoun,people-and-relationships,jmdict-waller,JMdict:1002650;waller-n5.csv:line-99,Community estimate: Waller via stephenmk; not an official JLPT word list
ja-n5-00099,お菓子,おかし,1. confections; sweets; candy; cake,noun (common) (futsuumeishi),general-language,jmdict-waller,JMdict:1001710;waller-n5.csv:line-100,Community estimate: Waller via stephenmk; not an official JLPT word list
ja-n5-00100,お金,おかね,1. money [polite (teineigo) language],noun (common) (futsuumeishi),study-work-and-communication,jmdict-waller,JMdict:1001820;waller-n5.csv:line-101,Community estimate: Waller via stephenmk; not an official JLPT word list
ja-n5-00101,起きる,おきる,1. to get up; to rise; to blaze up (fire) | 2. to wake up; to be awake; to stay awake | 3. to occur (usu. of unfavourable incidents); to happen; to take place,Ichidan verb; intransitive verb,nature-and-science,jmdict-waller,JMdict:1223640;waller-n5.csv:line-102,Community estimate: Waller via stephenmk; not an official JLPT word list
ja-n5-00102,置く,おく,"1. to put; to place | 2. to leave (behind) | 3. to establish (an organization, a facility, a position, etc.); to set up | 4. to appoint (someone to a certain position); to hire; to employ | 5. to place (one's trust, one's faith, etc.); to bear (in mind, etc.) | 6. to put down a tool (e.g. a pen) hence stopping what one is doing with that tool | 7. to take in (boarders, etc.); to provide lodging in one's house | 8. to separate spatially or temporally | 9. to do something in advance [word usually written using kana alone] (after the -te form of a verb) | 10. to leave something in a certain state; to keep something in a certain state [word usually written using kana alone] (after the -te form of a verb)",Godan verb with 'ku' ending; transitive verb; auxiliary verb,travel-and-places,jmdict-waller,JMdict:1421850;waller-n5.csv:line-103,Community estimate: Waller via stephenmk; not an official JLPT word list
ja-n5-00103,奥さん,おくさん,1. wife; your wife; his wife; married lady; madam [honorific or respectful (sonkeigo) language],noun (common) (futsuumeishi),people-and-relationships,jmdict-waller,JMdict:1179330;waller-n5.csv:line-104,Community estimate: Waller via stephenmk; not an official JLPT word list
ja-n5-00104,お酒,おさけ,1. alcohol; sake [polite (teineigo) language],noun (common) (futsuumeishi),study-work-and-communication,jmdict-waller,JMdict:1329015;waller-n5.csv:line-105,Community estimate: Waller via stephenmk; not an official JLPT word list
ja-n5-00105,お皿,おさら,1. plate; dish,noun (common) (futsuumeishi),general-language,jmdict-waller,JMdict:1299685;waller-n5.csv:line-106,Community estimate: Waller via stephenmk; not an official JLPT word list
ja-n5-00106,おじいさん,おじいさん,1. grandfather [word usually written using kana alone] | 2. male senior-citizen; old man [word usually written using kana alone],noun (common) (futsuumeishi),general-language,jmdict-waller,JMdict:1002320;waller-n5.csv:line-107,Community estimate: Waller via stephenmk; not an official JLPT word list
ja-n5-00107,教える,おしえる,1. to teach; to instruct | 2. to tell; to inform; to show | 3. to preach,Ichidan verb; transitive verb,general-language,jmdict-waller,JMdict:1236900;waller-n5.csv:line-108,Community estimate: Waller via stephenmk; not an official JLPT word list
ja-n5-00108,おじさん,おじさん,1. uncle [honorific or respectful (sonkeigo) language; familiar language; word usually written using kana alone] | 2. old man; mister [familiar language; word usually written using kana alone] | 3. manybar goatfish (Parupeneus multifasciatus) [word usually written using kana alone],noun (common) (futsuumeishi),study-work-and-communication,jmdict-waller,JMdict:2261490;waller-n5.csv:line-109,Community estimate: Waller via stephenmk; not an official JLPT word list
ja-n5-00109,押す,おす,"1. to push; to thrust; to shove | 2. to press (down); to push (e.g. a button); to exert pressure on | 3. to stamp (e.g. one's name); to affix (a seal) | 4. to affix (e.g. gold leaf) | 5. to push (someone for something); to press; to put pressure on (someone) | 6. to overwhelm; to overpower; to put (someone) under pressure; to be superior to | 7. to push ahead (with a policy, plan, etc.); to proceed; to stick to | 8. to do ... in spite of ...; to defy; to brave; to push aside | 9. to make sure | 10. to fall behind schedule | 11. to push; to extend one's stones forward by pushing against opponent's stones [go (game)]",Godan verb with 'su' ending; transitive verb; intransitive verb,general-language,jmdict-waller,JMdict:1180470;waller-n5.csv:line-110,Community estimate: Waller via stephenmk; not an official JLPT word list
ja-n5-00110,遅い,おそい,1. slow | 2. late | 3. too late,adjective (keiyoushi),general-language,jmdict-waller,JMdict:1421970;waller-n5.csv:line-111,Community estimate: Waller via stephenmk; not an official JLPT word list
ja-n5-00111,お茶,おちゃ,1. tea (esp. green or barley) [polite (teineigo) language] | 2. tea break; teatime | 3. tea ceremony,noun (common) (futsuumeishi); noun or participle which takes the aux. verb suru; intransitive verb,food-and-dining,jmdict-waller,JMdict:1002430;waller-n5.csv:line-112,Community estimate: Waller via stephenmk; not an official JLPT word list
ja-n5-00112,お手洗い,おてあらい,1. toilet; restroom; lavatory; bathroom,noun (common) (futsuumeishi),general-language,jmdict-waller,JMdict:1002100;waller-n5.csv:line-113,Community estimate: Waller via stephenmk; not an official JLPT word list
ja-n5-00113,お父さん,おとうさん,1. father; dad; papa; pa; pop; daddy; dada [honorific or respectful (sonkeigo) language] | 2. husband [honorific or respectful (sonkeigo) language] | 3. you (of an elderly person older than the speaker); he; him [familiar language],noun (common) (futsuumeishi); pronoun,people-and-relationships,jmdict-waller,JMdict:1002590;waller-n5.csv:line-114,Community estimate: Waller via stephenmk; not an official JLPT word list
ja-n5-00114,弟,おとうと,1. younger brother; little brother; kid brother | 2. brother-in-law (spouse's younger brother or younger sister's husband),noun (common) (futsuumeishi),people-and-relationships,jmdict-waller,JMdict:1581930;waller-n5.csv:line-115,Community estimate: Waller via stephenmk; not an official JLPT word list
ja-n5-00115,男,おとこ,1. man; male | 2. fellow; guy; chap; bloke | 3. male lover; boyfriend; man | 4. manliness; manly honor; manly honour; manly reputation,"noun (common) (futsuumeishi); noun, used as a prefix",general-language,jmdict-waller,JMdict:1419990;waller-n5.csv:line-116,Community estimate: Waller via stephenmk; not an official JLPT word list
ja-n5-00116,男の子,おとこのこ,1. boy; son; baby boy | 2. young man,"expressions (phrases, clauses, etc.); noun (common) (futsuumeishi)",general-language,jmdict-waller,JMdict:1420010;waller-n5.csv:line-117,Community estimate: Waller via stephenmk; not an official JLPT word list
ja-n5-00117,一昨日,おととい,1. day before yesterday,noun (common) (futsuumeishi); adverb (fukushi),time-and-quantity,jmdict-waller,JMdict:1576050;waller-n5.csv:line-118,Community estimate: Waller via stephenmk; not an official JLPT word list
ja-n5-00118,一昨年,おととし,1. year before last,noun (common) (futsuumeishi); adverb (fukushi),time-and-quantity,jmdict-waller,JMdict:1576060;waller-n5.csv:line-119,Community estimate: Waller via stephenmk; not an official JLPT word list
ja-n5-00119,大人,おとな,1. adult; grown-up,noun (common) (futsuumeishi); nouns which may take the genitive case particle 'no'; adjectival nouns or quasi-adjectives (keiyodoshi),general-language,jmdict-waller,JMdict:1414170;waller-n5.csv:line-120,Community estimate: Waller via stephenmk; not an official JLPT word list
ja-n5-00120,おなか,おなか,1. belly; abdomen; stomach [polite (teineigo) language],noun (common) (futsuumeishi),study-work-and-communication,jmdict-waller,JMdict:1002610;waller-n5.csv:line-121,Community estimate: Waller via stephenmk; not an official JLPT word list
ja-n5-00121,同じ,おなじ,1. same; identical; equal; alike; equivalent | 2. anyway; in any case; if one must ...; if one has to ...; as long as ...,noun or verb acting prenominally; adjectival nouns or quasi-adjectives (keiyodoshi); adverb (fukushi),general-language,jmdict-waller,JMdict:1451750;waller-n5.csv:line-122,Community estimate: Waller via stephenmk; not an official JLPT word list
ja-n5-00122,お兄さん,おにいさん,1. older brother; elder brother [honorific or respectful (sonkeigo) language] | 2. young man; buddy; fella; laddie [familiar language] (oft. vocative),noun (common) (futsuumeishi),people-and-relationships,jmdict-waller,JMdict:1001830;waller-n5.csv:line-123,Community estimate: Waller via stephenmk; not an official JLPT word list
ja-n5-00123,お姉さん,おねえさん,1. older sister; elder sister [honorific or respectful (sonkeigo) language] | 2. young lady (vocative) | 3. miss | 4. ma'am | 5. older girl,noun (common) (futsuumeishi),people-and-relationships,jmdict-waller,JMdict:1001990;waller-n5.csv:line-124,Community estimate: Waller via stephenmk; not an official JLPT word list
ja-n5-00124,おばあさん,おばあさん,1. grandmother [word usually written using kana alone] | 2. old woman; female senior citizen [word usually written using kana alone],noun (common) (futsuumeishi),general-language,jmdict-waller,JMdict:1002330;waller-n5.csv:line-125,Community estimate: Waller via stephenmk; not an official JLPT word list
ja-n5-00125,伯母さん,おばさん,1. aunt [honorific or respectful (sonkeigo) language; familiar language; word usually written using kana alone],noun (common) (futsuumeishi),study-work-and-communication,jmdict-waller,JMdict:2261500;waller-n5.csv:line-126,Community estimate: Waller via stephenmk; not an official JLPT word list
ja-n5-00126,お風呂,おふろ,1. bath,noun (common) (futsuumeishi),home-and-daily-life,jmdict-waller,JMdict:2220600;waller-n5.csv:line-127,Community estimate: Waller via stephenmk; not an official JLPT word list
ja-n5-00127,お弁当,おべんとう,1. bento; Japanese box lunch,noun (common) (futsuumeishi),general-language,jmdict-waller,JMdict:1513065;waller-n5.csv:line-128,Community estimate: Waller via stephenmk; not an official JLPT word list
ja-n5-00128,覚える,おぼえる,1. to memorize; to memorise; to commit to memory; to learn by heart; to bear in mind; to remember | 2. to learn; to pick up; to acquire | 3. to feel | 4. to think; to regard,Ichidan verb; transitive verb,health-and-body,jmdict-waller,JMdict:1206050;waller-n5.csv:line-129,Community estimate: Waller via stephenmk; not an official JLPT word list
ja-n5-00129,おまわりさん,おまわりさん,1. police officer [familiar language; word usually written using kana alone],noun (common) (futsuumeishi),study-work-and-communication,jmdict-waller,JMdict:1002120;waller-n5.csv:line-130,Community estimate: Waller via stephenmk; not an official JLPT word list
ja-n5-00130,重い,おもい,"1. heavy; weighty | 2. heavy (feeling); depressed; gloomy; blue; uneasy | 3. slow; sluggish; lumbering; ponderous; clumsy | 4. important (position, responsibility, etc.); serious; grave | 5. serious (punishment, illness, etc.); severe; critical | 6. solid; established; dignified; sensible | 7. heavy (shape or stones); solid stones that must be defended rather than sacrificed, despite the high cost of doing so [go (game)]",adjective (keiyoushi),general-language,jmdict-waller,JMdict:1335750;waller-n5.csv:line-131,Community estimate: Waller via stephenmk; not an official JLPT word list
ja-n5-00131,おもしろい,おもしろい,1. interesting; fascinating; intriguing; enthralling | 2. amusing; funny; comical | 3. enjoyable; fun; entertaining; pleasant; agreeable | 4. good; satisfactory; favourable; desirable; encouraging (usu. in the negative),adjective (keiyoushi),general-language,jmdict-waller,JMdict:1533580;waller-n5.csv:line-132,Community estimate: Waller via stephenmk; not an official JLPT word list
ja-n5-00132,泳ぐ,およぐ,1. to swim | 2. to struggle through (a crowd) | 3. to make one's way through the world; to get along (in life) | 4. to totter; to lose one's balance,Godan verb with 'gu' ending; intransitive verb,general-language,jmdict-waller,JMdict:1174340;waller-n5.csv:line-133,Community estimate: Waller via stephenmk; not an official JLPT word list
ja-n5-00133,降りる,おりる,"1. to descend (e.g. a mountain); to go down; to come down | 2. to alight (e.g. from bus); to get off; to disembark; to dismount | 3. to step down; to retire; to give up; to quit; to fold | 4. to be granted; to be issued; to be given | 5. to form (of frost, dew, mist, etc.) | 6. to be passed (from the body; e.g. of a roundworm)",Ichidan verb; intransitive verb,nature-and-science,jmdict-waller,JMdict:1589500;waller-n5.csv:line-134,Community estimate: Waller via stephenmk; not an official JLPT word list
ja-n5-00134,終る,おわる,1. to end; to come to an end; to finish; to close; to be over | 2. to finish; to complete; to conclude | 3. to finish doing (after the -masu stem of a verb) | 4. to be past its (one's) prime [colloquial] | 5. to be awful; to be terrible; to suck; to be hopeless [colloquial],Godan verb with 'ru' ending; intransitive verb; transitive verb; suffix,general-language,jmdict-waller,JMdict:1589600;waller-n5.csv:line-135,Community estimate: Waller via stephenmk; not an official JLPT word list
ja-n5-00135,音楽,おんがく,1. music,noun (common) (futsuumeishi),general-language,jmdict-waller,JMdict:1183720;waller-n5.csv:line-136,Community estimate: Waller via stephenmk; not an official JLPT word list
ja-n5-00136,女,おんな,1. woman; female | 2. female lover; girlfriend; mistress; (someone's) woman,"noun (common) (futsuumeishi); noun, used as a prefix",general-language,jmdict-waller,JMdict:1344930;waller-n5.csv:line-137,Community estimate: Waller via stephenmk; not an official JLPT word list
ja-n5-00137,女の子,おんなのこ,1. girl; daughter; baby girl | 2. young woman,"expressions (phrases, clauses, etc.); noun (common) (futsuumeishi)",general-language,jmdict-waller,JMdict:1344970;waller-n5.csv:line-138,Community estimate: Waller via stephenmk; not an official JLPT word list
ja-n5-00138,外国,がいこく,1. foreign country,noun (common) (futsuumeishi); nouns which may take the genitive case particle 'no',travel-and-places,jmdict-waller,JMdict:1203620;waller-n5.csv:line-139,Community estimate: Waller via stephenmk; not an official JLPT word list
ja-n5-00139,外国人,がいこくじん,1. foreigner; foreign citizen; foreign national; alien; non-Japanese,noun (common) (futsuumeishi),general-language,jmdict-waller,JMdict:1203650;waller-n5.csv:line-140,Community estimate: Waller via stephenmk; not an official JLPT word list
ja-n5-00140,会社,かいしゃ,1. company; corporation; firm | 2. one's workplace,noun (common) (futsuumeishi),study-work-and-communication,jmdict-waller,JMdict:1198550;waller-n5.csv:line-141,Community estimate: Waller via stephenmk; not an official JLPT word list
ja-n5-00141,階段,かいだん,1. stairs; stairway; staircase,noun (common) (futsuumeishi),general-language,jmdict-waller,JMdict:1203090;waller-n5.csv:line-142,Community estimate: Waller via stephenmk; not an official JLPT word list
ja-n5-00142,買い物,かいもの,1. shopping; purchased goods,noun (common) (futsuumeishi); noun or participle which takes the aux. verb suru; intransitive verb,general-language,jmdict-waller,JMdict:1589730;waller-n5.csv:line-143,Community estimate: Waller via stephenmk; not an official JLPT word list
ja-n5-00143,買う,かう,"1. to buy; to purchase | 2. to value (highly); to think highly of; to have a high opinion of; to appreciate; to recognize | 3. to incur (someone's anger, displeasure, etc.); to elicit (e.g. sneers); to invite (e.g. scorn); to evoke; to arouse; to win (someone's favour) | 4. to accept; to take on; to take up | 5. to pay for (a prostitute, geisha, etc.)",Godan verb with 'u' ending; transitive verb,general-language,jmdict-waller,JMdict:1473740;waller-n5.csv:line-144,Community estimate: Waller via stephenmk; not an official JLPT word list
ja-n5-00144,返す,かえす,"1. to return (something); to restore; to put back | 2. to turn over; to turn upside down; to overturn | 3. to pay back; to retaliate; to reciprocate | 4. to respond (with); to retort; to reply; to say back | 5. to do ... back (e.g. speak back, throw back) (after the -masu stem of a verb) | 6. to do ... again; to do ... repeatedly (after the -masu stem of a verb)",Godan verb with 'su' ending; transitive verb; suffix,general-language,jmdict-waller,JMdict:1512130;waller-n5.csv:line-145,Community estimate: Waller via stephenmk; not an official JLPT word list
ja-n5-00145,帰る,かえる,"1. to return; to come home; to go home; to go back | 2. to leave (of a guest, customer, etc.) | 3. to get home; to get to home plate [baseball]",Godan verb with 'ru' ending; intransitive verb,home-and-daily-life,jmdict-waller,JMdict:1221270;waller-n5.csv:line-146,Community estimate: Waller via stephenmk; not an official JLPT word list
ja-n5-00146,掛かる,かかる,"1. to take (a resource, e.g. time or money) [word usually written using kana alone] | 2. to hang [word usually written using kana alone] | 3. to come into view; to arrive [word usually written using kana alone] | 4. to come under (a contract, a tax) [word usually written using kana alone] | 5. to start (engines, motors) [word usually written using kana alone] | 6. to attend; to deal with; to handle [word usually written using kana alone] | 7. to have started to; to be on the verge of [word usually written using kana alone] | 8. to overlap (e.g. information in a manual); to cover [word usually written using kana alone] | 9. to (come) at [word usually written using kana alone] | 10. to be fastened [word usually written using kana alone] | 11. to be covered (e.g. with dust, a table-cloth, etc.) [word usually written using kana alone] | 12. to be caught in [word usually written using kana alone] | 13. to get a call [word usually written using kana alone] | 14. to depend on [word usually written using kana alone] | 15. to begin (a task); to set about (doing); to get down to [word usually written using kana alone]",Godan verb with 'ru' ending; intransitive verb; auxiliary verb,time-and-quantity,jmdict-waller,JMdict:1207590;waller-n5.csv:line-147,Community estimate: Waller via stephenmk; not an official JLPT word list
ja-n5-00147,鍵,かぎ,"1. key | 2. lock | 3. key (to a problem, success, etc.); clue",noun (common) (futsuumeishi),general-language,jmdict-waller,JMdict:1260490;waller-n5.csv:line-148,Community estimate: Waller via stephenmk; not an official JLPT word list
ja-n5-00148,書く,かく,1. to write; to compose; to pen | 2. to draw; to paint,Godan verb with 'ku' ending; transitive verb,study-work-and-communication,jmdict-waller,JMdict:1343950;waller-n5.csv:line-149,Community estimate: Waller via stephenmk; not an official JLPT word list
ja-n5-00149,学生,がくせい,1. student (esp. a university student),noun (common) (futsuumeishi),study-work-and-communication,jmdict-waller,JMdict:1206900;waller-n5.csv:line-150,Community estimate: Waller via stephenmk; not an official JLPT word list
ja-n5-00150,掛ける,かける,"1. to hang up (e.g. a coat, a picture on the wall); to let hang; to suspend (from); to hoist (e.g. sail); to raise (e.g. flag) [word usually written using kana alone] | 2. to put on (e.g. a blanket); to put on top of; to cover; to lay; to spread [word usually written using kana alone] | 3. to put on (glasses, etc.); to wear (a necklace, etc.) [word usually written using kana alone] | 4. to make (a call) [word usually written using kana alone] | 5. to spend (time, money); to expend; to use [word usually written using kana alone] | 6. to pour (liquid) onto; to sprinkle (powder or spices) onto; to splash; to throw (e.g. water) onto [word usually written using kana alone] | 7. to turn on (an engine, radio, etc.); to set (a dial, alarm clock, etc.); to put on (a DVD, song, etc.); to use (a device, implement, etc.) [word usually written using kana alone] | 8. to cause (someone inconvenience, trouble, etc.); to burden (someone); to impose [word usually written using kana alone] | 9. to multiply (arithmetic operation) [mathematics; word usually written using kana alone] | 10. to secure (e.g. lock) [word usually written using kana alone] | 11. to take a seat; to sit; to rest (something on something else); to support (something on something else) [word usually written using kana alone] | 12. to bind [word usually written using kana alone] | 13. to wager; to bet; to risk; to stake; to gamble [word usually written using kana alone] | 14. to put an effect (spell, anaesthetic, etc.) on [word usually written using kana alone] | 15. to hold (a play, festival, etc.) [word usually written using kana alone] | 16. to hold an emotion for (pity, hope, etc.) [word usually written using kana alone] | 17. to argue (in court); to deliberate (in a meeting); to present (e.g. idea to a conference, etc.) [word usually written using kana alone] | 18. to increase further [word usually written using kana alone] | 19. to catch (in a trap, etc.) [word usually written using kana alone] | 20. to set atop [word usually written using kana alone] | 21. to erect (a makeshift building) [word usually written using kana alone] | 22. to apply (insurance) [word usually written using kana alone] | 23. to pun (on a word); to use (a word) as a pivot word; to play on words [word usually written using kana alone] | 24. to be partway doing ...; to begin (but not complete) ...; to be about to ... [word usually written using kana alone] (after -masu stem of verb) | 25. to address (someone); to direct (something, to someone); to do (something, to someone) [word usually written using kana alone] (after -masu stem of verb; indicates an action is being directed to someone)",Ichidan verb; transitive verb; suffix,general-language,jmdict-waller,JMdict:1207610;waller-n5.csv:line-151,Community estimate: Waller via stephenmk; not an official JLPT word list
ja-n5-00151,傘,かさ,1. umbrella; parasol | 2. something shaped like an umbrella or a conical hat; shade (of a lamp); mushroom cap; pileus,noun (common) (futsuumeishi),general-language,jmdict-waller,JMdict:1301940;waller-n5.csv:line-152,Community estimate: Waller via stephenmk; not an official JLPT word list
ja-n5-00152,貸す,かす,1. to lend; to loan | 2. to rent out; to hire out | 3. to hand (over); to give [colloquial],Godan verb with 'su' ending; transitive verb,general-language,jmdict-waller,JMdict:1411160;waller-n5.csv:line-153,Community estimate: Waller via stephenmk; not an official JLPT word list
ja-n5-00153,風,かぜ,1. wind; breeze; draught; draft | 2. manner; behaviour; behavior | 3. cold; influenza (irreg. kanji form),"noun (common) (futsuumeishi); noun, used as a prefix",nature-and-science,jmdict-waller,JMdict:1499720;waller-n5.csv:line-154,Community estimate: Waller via stephenmk; not an official JLPT word list
ja-n5-00154,風邪,かぜ,1. (common) cold; influenza; flu; ague; inflammatory respiratory system illness (in general),noun (common) (futsuumeishi),health-and-body,jmdict-waller,JMdict:1583720;waller-n5.csv:line-155,Community estimate: Waller via stephenmk; not an official JLPT word list
ja-n5-00155,家族,かぞく,1. family,noun (common) (futsuumeishi),people-and-relationships,jmdict-waller,JMdict:1192150;waller-n5.csv:line-156,Community estimate: Waller via stephenmk; not an official JLPT word list
ja-n5-00156,方,かた,"1. direction; way | 2. person; lady; gentleman [honorific or respectful (sonkeigo) language] | 3. method of; manner of; way of | 4. care of ... | 5. person in charge of ... | 6. side (e.g. ""on my mother's side"")","noun (common) (futsuumeishi); noun, used as a suffix",travel-and-places,jmdict-waller,JMdict:1516925;waller-n5.csv:line-157,Community estimate: Waller via stephenmk; not an official JLPT word list
ja-n5-00157,学校,がっこう,1. school,noun (common) (futsuumeishi),study-work-and-communication,jmdict-waller,JMdict:1206730;waller-n5.csv:line-158,Community estimate: Waller via stephenmk; not an official JLPT word list
ja-n5-00158,カップ,カップ,"1. cup (drinking vessel, measure, brassiere, prize, etc.)",noun (common) (futsuumeishi),general-language,jmdict-waller,JMdict:1037670;waller-n5.csv:line-159,Community estimate: Waller via stephenmk; not an official JLPT word list
ja-n5-00159,家庭,かてい,1. home; household; family; hearth,noun (common) (futsuumeishi),people-and-relationships,jmdict-waller,JMdict:1192280;waller-n5.csv:line-160,Community estimate: Waller via stephenmk; not an official JLPT word list
ja-n5-00160,角,かど,"1. corner; edge | 2. (street) corner; turning | 3. rough edges (of one's character, words, etc.); abrasiveness; harshness; sharpness",noun (common) (futsuumeishi),general-language,jmdict-waller,JMdict:1206110;waller-n5.csv:line-161,Community estimate: Waller via stephenmk; not an official JLPT word list
ja-n5-00161,鞄,かばん,1. bag; satchel; briefcase; basket [word usually written using kana alone],noun (common) (futsuumeishi),general-language,jmdict-waller,JMdict:1208910;waller-n5.csv:line-162,Community estimate: Waller via stephenmk; not an official JLPT word list
ja-n5-00162,花瓶,かびん,1. (flower) vase,noun (common) (futsuumeishi),general-language,jmdict-waller,JMdict:1194870;waller-n5.csv:line-163,Community estimate: Waller via stephenmk; not an official JLPT word list
ja-n5-00163,紙,かみ,1. paper,noun (common) (futsuumeishi),general-language,jmdict-waller,JMdict:1311530;waller-n5.csv:line-164,Community estimate: Waller via stephenmk; not an official JLPT word list
ja-n5-00164,カメラ,カメラ,1. camera,noun (common) (futsuumeishi),general-language,jmdict-waller,JMdict:1038350;waller-n5.csv:line-165,Community estimate: Waller via stephenmk; not an official JLPT word list
ja-n5-00165,火曜日,かようび,1. Tuesday,noun (common) (futsuumeishi); adverb (fukushi),general-language,jmdict-waller,JMdict:1194290;waller-n5.csv:line-166,Community estimate: Waller via stephenmk; not an official JLPT word list
ja-n5-00166,辛い,からい,1. spicy; hot | 2. salty | 3. harsh (criticism); severe (punishment); strict | 4. painful; bitter; difficult; tough,adjective (keiyoushi),general-language,jmdict-waller,JMdict:1365850;waller-n5.csv:line-167,Community estimate: Waller via stephenmk; not an official JLPT word list
ja-n5-00167,体,からだ,1. body | 2. torso; trunk | 3. build; physique; frame; figure | 4. health; constitution,noun (common) (futsuumeishi),health-and-body,jmdict-waller,JMdict:1409140;waller-n5.csv:line-168,Community estimate: Waller via stephenmk; not an official JLPT word list
ja-n5-00168,借りる,かりる,"1. to borrow | 2. to rent; to hire | 3. to make use of (another's help, wisdom, etc.); to obtain; to receive | 4. to use (for another purpose); to put to a different use",Ichidan verb; transitive verb,general-language,jmdict-waller,JMdict:1323560;waller-n5.csv:line-169,Community estimate: Waller via stephenmk; not an official JLPT word list
ja-n5-00169,軽い,かるい,"1. light (i.e. not heavy); feeling light (i.e. offering little resistance, moving easily) | 2. light (i.e. of foot); effortless; nimble; agile | 3. non-serious; minor; unimportant; trivial | 4. slight; small; gentle; soft; easy; lighthearted (e.g. joke) | 5. easy; simple | 6. indiscriminate | 7. light (shape or stones); stones that are not solid but can be used to sacrifice to gain something elsewhere [go (game)]",adjective (keiyoushi),thought-and-feeling,jmdict-waller,JMdict:1252560;waller-n5.csv:line-170,Community estimate: Waller via stephenmk; not an official JLPT word list
ja-n5-00170,カレー,カレー,"1. curry (esp. Japanese curry) [food, cooking] | 2. rice and curry [food, cooking; abbreviation]",noun (common) (futsuumeishi),food-and-dining,jmdict-waller,JMdict:1039140;waller-n5.csv:line-171,Community estimate: Waller via stephenmk; not an official JLPT word list
ja-n5-00171,カレンダー,カレンダー,1. calendar | 2. calender (machine for flattening things),noun (common) (futsuumeishi),general-language,jmdict-waller,JMdict:1039220;waller-n5.csv:line-172,Community estimate: Waller via stephenmk; not an official JLPT word list
ja-n5-00172,川,かわ,1. river; stream | 2. River; the ... river (suffix used with the names of rivers),noun (common) (futsuumeishi); suffix,nature-and-science,jmdict-waller,JMdict:1390020;waller-n5.csv:line-173,Community estimate: Waller via stephenmk; not an official JLPT word list
ja-n5-00174,かわいい,かわいい,1. cute; adorable; charming; lovely; pretty [word usually written using kana alone] | 2. dear; precious; darling; pet [word usually written using kana alone] | 3. innocent; childlike; childish; lovable [word usually written using kana alone] | 4. dainty; little; tiny [word usually written using kana alone] | 5. precious to oneself; dear (to one) [word usually written using kana alone; idiomatic expression],adjective (keiyoushi),general-language,jmdict-waller,JMdict:1577200;waller-n5.csv:line-175,Community estimate: Waller via stephenmk; not an official JLPT word list
ja-n5-00175,漢字,かんじ,1. kanji; Chinese character,noun (common) (futsuumeishi),general-language,jmdict-waller,JMdict:1213170;waller-n5.csv:line-176,Community estimate: Waller via stephenmk; not an official JLPT word list
ja-n5-00176,木,き,1. tree; shrub; bush | 2. wood; timber | 3. wooden clappers (signalling the beginning or end of a performance),noun (common) (futsuumeishi),general-language,jmdict-waller,JMdict:1534520;waller-n5.csv:line-177,Community estimate: Waller via stephenmk; not an official JLPT word list
ja-n5-00177,黄色,きいろ,1. yellow; amber,noun (common) (futsuumeishi); nouns which may take the genitive case particle 'no'; adjectival nouns or quasi-adjectives (keiyodoshi),general-language,jmdict-waller,JMdict:1576760;waller-n5.csv:line-178,Community estimate: Waller via stephenmk; not an official JLPT word list
ja-n5-00178,黄色い,きいろい,1. yellow | 2. high-pitched (voice); shrill,adjective (keiyoushi),general-language,jmdict-waller,JMdict:1182030;waller-n5.csv:line-179,Community estimate: Waller via stephenmk; not an official JLPT word list
ja-n5-00179,消える,きえる,"1. to disappear; to vanish; to go out of sight; to go away; to become lost | 2. to go out (of a fire, light, etc.); to die; to turn off (e.g. of a TV screen) | 3. to fade (of a feeling, impression, etc.); to vanish (e.g. of hope) | 4. to go away (e.g. of a smell, itchiness, sleepiness); to disappear; to fade away (e.g. of footsteps) | 5. to wear away (e.g. of an inscription); to rub out (of writing); to fade (e.g. of ink) | 6. to be lost (e.g. of a tradition); to die out; to disappear",Ichidan verb; intransitive verb,general-language,jmdict-waller,JMdict:1350040;waller-n5.csv:line-180,Community estimate: Waller via stephenmk; not an official JLPT word list
ja-n5-00180,聞く,きく,"1. to hear | 2. to listen (e.g. to music) | 3. to ask; to enquire; to query | 4. to hear about; to hear of; to learn of | 5. to follow (advice, order, etc.); to obey; to listen to; to comply with | 6. to hear (e.g. a plea); to grant (a request); to accept (e.g. an argument); to give consideration to | 7. to smell (esp. incense); to sample (a fragrance) | 8. to taste (alcohol); to try",Godan verb with 'ku' ending; transitive verb,general-language,jmdict-waller,JMdict:1591110;waller-n5.csv:line-181,Community estimate: Waller via stephenmk; not an official JLPT word list
ja-n5-00181,北,きた,1. north | 2. the North; northern territories | 3. North Korea [abbreviation] | 4. north wind [archaic],noun (common) (futsuumeishi),general-language,jmdict-waller,JMdict:1520670;waller-n5.csv:line-182,Community estimate: Waller via stephenmk; not an official JLPT word list
ja-n5-00182,ギター,ギター,1. guitar,noun (common) (futsuumeishi),general-language,jmdict-waller,JMdict:1042820;waller-n5.csv:line-183,Community estimate: Waller via stephenmk; not an official JLPT word list
ja-n5-00183,汚い,きたない,"1. dirty; filthy; foul; unclean | 2. disordered; messy; untidy; poor (e.g. handwriting) | 3. indecent (language, etc.); dirty; vulgar; coarse | 4. dastardly; mean; base; underhanded | 5. stingy; greedy",adjective (keiyoushi),general-language,jmdict-waller,JMdict:1178940;waller-n5.csv:line-184,Community estimate: Waller via stephenmk; not an official JLPT word list
ja-n5-00184,喫茶店,きっさてん,1. coffee shop; tearoom; coffee lounge; coffeehouse; cafe | 2. kissaten; traditional type of coffee shop with a retro atmosphere,noun (common) (futsuumeishi),food-and-dining,jmdict-waller,JMdict:1226440;waller-n5.csv:line-185,Community estimate: Waller via stephenmk; not an official JLPT word list
ja-n5-00185,切手,きって,1. stamp (postage) [abbreviation] | 2. merchandise certificate [abbreviation],noun (common) (futsuumeishi),general-language,jmdict-waller,JMdict:1385070;waller-n5.csv:line-186,Community estimate: Waller via stephenmk; not an official JLPT word list
ja-n5-00186,切符,きっぷ,1. ticket,noun (common) (futsuumeishi),general-language,jmdict-waller,JMdict:1385170;waller-n5.csv:line-187,Community estimate: Waller via stephenmk; not an official JLPT word list
ja-n5-00187,昨日,きのう,1. yesterday,noun (common) (futsuumeishi); adverb (fukushi),general-language,jmdict-waller,JMdict:1579260;waller-n5.csv:line-188,Community estimate: Waller via stephenmk; not an official JLPT word list
ja-n5-00188,九,きゅう,1. nine; 9,numeric,general-language,jmdict-waller,JMdict:1578150;waller-n5.csv:line-189,Community estimate: Waller via stephenmk; not an official JLPT word list
ja-n5-00189,九,く,1. nine; 9,numeric,general-language,jmdict-waller,JMdict:1578150;waller-n5.csv:line-190,Community estimate: Waller via stephenmk; not an official JLPT word list
ja-n5-00190,牛肉,ぎゅうにく,1. beef,noun (common) (futsuumeishi),general-language,jmdict-waller,JMdict:1231580;waller-n5.csv:line-191,Community estimate: Waller via stephenmk; not an official JLPT word list
ja-n5-00191,牛乳,ぎゅうにゅう,1. (cow's) milk,noun (common) (futsuumeishi),general-language,jmdict-waller,JMdict:1231590;waller-n5.csv:line-192,Community estimate: Waller via stephenmk; not an official JLPT word list
ja-n5-00192,今日,きょう,1. today; this day,noun (common) (futsuumeishi); adverb (fukushi),time-and-quantity,jmdict-waller,JMdict:1579110;waller-n5.csv:line-193,Community estimate: Waller via stephenmk; not an official JLPT word list
ja-n5-00193,教室,きょうしつ,1. classroom; lecture room | 2. department (in a university) | 3. class; lessons; course | 4. school (for a particular discipline); teaching establishment,noun (common) (futsuumeishi),home-and-daily-life,jmdict-waller,JMdict:1237150;waller-n5.csv:line-194,Community estimate: Waller via stephenmk; not an official JLPT word list
ja-n5-00194,兄弟,きょうだい,1. brothers and sisters; siblings | 2. half-siblings; step-siblings; siblings by marriage or adoption | 3. mate; friend [familiar language; male term or language],noun (common) (futsuumeishi),general-language,jmdict-waller,JMdict:1249960;waller-n5.csv:line-195,Community estimate: Waller via stephenmk; not an official JLPT word list
ja-n5-00195,去年,きょねん,1. last year,noun (common) (futsuumeishi); adverb (fukushi),time-and-quantity,jmdict-waller,JMdict:1231690;waller-n5.csv:line-196,Community estimate: Waller via stephenmk; not an official JLPT word list
ja-n5-00196,嫌い,きらい,1. disliking; hating; detesting | 2. tendency; smack (of); touch (of) [word usually written using kana alone] | 3. distinction; discrimination [word usually written using kana alone],adjectival nouns or quasi-adjectives (keiyodoshi); noun (common) (futsuumeishi),general-language,jmdict-waller,JMdict:1257240;waller-n5.csv:line-197,Community estimate: Waller via stephenmk; not an official JLPT word list
ja-n5-00197,切る,きる,"1. to cut; to cut through; to perform (surgery) | 2. to sever (connections, ties) | 3. to turn off (e.g. the light) | 4. to terminate (e.g. a conversation); to hang up (the phone); to disconnect | 5. to punch (a ticket); to tear off (a stub) | 6. to open (something sealed) | 7. to start | 8. to set (a limit); to do (something) in less or within a certain time; to issue (cheques, vouchers, etc.) | 9. to reduce; to decrease; to discount | 10. to shake off (water, etc.); to let drip-dry; to let drain | 11. to cross; to traverse | 12. to criticize sharply | 13. to act decisively; to do (something noticeable); to go first; to make (certain facial expressions, in kabuki) | 14. to turn (vehicle, steering wheel, etc.) | 15. to curl (a ball); to bend; to cut | 16. to shuffle (cards) | 17. to discard a tile [mahjong] | 18. to dismiss; to sack; to let go; to expel; to excommunicate | 19. to dig (a groove); to cut (a stencil, on a mimeograph) | 20. to trump | 21. to cut (the connection between two groups) [go (game)] | 22. to start a fire (with wood-wood friction or by striking a metal against stone) | 23. to draw (a shape) in the air (with a sword, etc.) | 24. to do completely; to finish doing (after the -masu stem of a verb) | 25. to be completely ...; to be totally ...; to be terribly ... (after the -masu stem of a verb) | 26. to do clearly; to do decisively; to do firmly (after the -masu stem of a verb)",Godan verb with 'ru' ending; transitive verb; suffix,general-language,jmdict-waller,JMdict:1384830;waller-n5.csv:line-198,Community estimate: Waller via stephenmk; not an official JLPT word list
ja-n5-00198,着る,きる,"1. to wear (from the shoulders down); to put on | 2. to take (the blame, responsibility); to bear",Ichidan verb; transitive verb,home-and-daily-life,jmdict-waller,JMdict:1423000;waller-n5.csv:line-199,Community estimate: Waller via stephenmk; not an official JLPT word list
ja-n5-00199,きれい,きれい,1. pretty; lovely; beautiful; fair | 2. clean; clear; pure; tidy; neat [word usually written using kana alone] | 3. completely; entirely [word usually written using kana alone],adjectival nouns or quasi-adjectives (keiyodoshi),general-language,jmdict-waller,JMdict:1591900;waller-n5.csv:line-200,Community estimate: Waller via stephenmk; not an official JLPT word list
ja-n5-00200,キロ,キロ,1. kilo-; 1000 | 2. kilogram; kilogramme [abbreviation] | 3. kilometre; kilometer [abbreviation] | 4. kilo-; 1024; 2^10 [computing],prefix; noun (common) (futsuumeishi),general-language,jmdict-waller,JMdict:1042610;waller-n5.csv:line-201,Community estimate: Waller via stephenmk; not an official JLPT word list
ja-n5-00201,キログラム,キログラム,1. kilogram; kilogramme [word usually written using kana alone],noun (common) (futsuumeishi),general-language,jmdict-waller,JMdict:1042620;waller-n5.csv:line-202,Community estimate: Waller via stephenmk; not an official JLPT word list
ja-n5-00202,キロメートル,キロメートル,1. kilometer; kilometre [word usually written using kana alone],noun (common) (futsuumeishi),general-language,jmdict-waller,JMdict:1042650;waller-n5.csv:line-203,Community estimate: Waller via stephenmk; not an official JLPT word list
ja-n5-00203,銀行,ぎんこう,1. bank; banking institution,noun (common) (futsuumeishi),general-language,jmdict-waller,JMdict:1243490;waller-n5.csv:line-204,Community estimate: Waller via stephenmk; not an official JLPT word list
ja-n5-00204,金曜日,きんようび,1. Friday,noun (common) (futsuumeishi); adverb (fukushi),general-language,jmdict-waller,JMdict:1243320;waller-n5.csv:line-205,Community estimate: Waller via stephenmk; not an official JLPT word list
ja-n5-00205,薬,くすり,"1. medicine; pharmaceuticals; (legal) drugs; pill; ointment; salve | 2. efficacious chemical (gunpowder, pesticide, etc.) | 3. (pottery) glaze | 4. (illegal) drug; narcotic | 5. small bribe",noun (common) (futsuumeishi),health-and-body,jmdict-waller,JMdict:1538160;waller-n5.csv:line-206,Community estimate: Waller via stephenmk; not an official JLPT word list
ja-n5-00206,ください,ください,1. please (give me) [word usually written using kana alone; honorific or respectful (sonkeigo) language] | 2. please (do for me) [word usually written using kana alone; honorific or respectful (sonkeigo) language] (after te-form of a verb or a noun prefixed with o- or go-),"expressions (phrases, clauses, etc.)",study-work-and-communication,jmdict-waller,JMdict:1184270;waller-n5.csv:line-207,Community estimate: Waller via stephenmk; not an official JLPT word list
ja-n5-00207,果物,くだもの,1. fruit,noun (common) (futsuumeishi),food-and-dining,jmdict-waller,JMdict:1193060;waller-n5.csv:line-208,Community estimate: Waller via stephenmk; not an official JLPT word list
ja-n5-00208,口,くち,"1. mouth | 2. opening; hole; gap; orifice | 3. mouth (of a bottle); spout; nozzle; mouthpiece | 4. gate; door; entrance; exit | 5. speaking; speech; talk (i.e. gossip) | 6. taste; palate | 7. mouth (to feed) | 8. opening (i.e. vacancy); available position | 9. invitation; summons | 10. kind; sort; type | 11. opening (i.e. beginning) | 12. counter for mouthfuls, shares (of money) and stove burners | 13. counter for swords, blades, etc.",noun (common) (futsuumeishi); suffix; counter,health-and-body,jmdict-waller,JMdict:1275640;waller-n5.csv:line-209,Community estimate: Waller via stephenmk; not an official JLPT word list
ja-n5-00209,靴,くつ,1. shoe; shoes; boots; footwear; footgear,noun (common) (futsuumeishi),general-language,jmdict-waller,JMdict:1246700;waller-n5.csv:line-210,Community estimate: Waller via stephenmk; not an official JLPT word list
ja-n5-00210,靴下,くつした,1. socks; sock; stockings; stocking,noun (common) (futsuumeishi),general-language,jmdict-waller,JMdict:1246740;waller-n5.csv:line-211,Community estimate: Waller via stephenmk; not an official JLPT word list
ja-n5-00211,国,くに,"1. country; state | 2. region | 3. national government; central government | 4. home (i.e. hometown, home country) | 5. province (of Japan) [historical term] | 6. land; earth [archaic]",noun (common) (futsuumeishi),travel-and-places,jmdict-waller,JMdict:1592250;waller-n5.csv:line-212,Community estimate: Waller via stephenmk; not an official JLPT word list
ja-n5-00212,曇り,くもり,"1. cloudiness; cloudy weather | 2. fog (on a mirror, glasses, etc.); cloud (e.g. in marble); blur; mist; shadow; dimness | 3. gloom; dejection",noun (common) (futsuumeishi),nature-and-science,jmdict-waller,JMdict:1592340;waller-n5.csv:line-213,Community estimate: Waller via stephenmk; not an official JLPT word list
ja-n5-00213,曇る,くもる,"1. to get cloudy; to cloud over; to become overcast | 2. to cloud up; to fog up; to mist up; to become dim | 3. to be gloomy; to be clouded (expression); to be downcast | 4. to look slightly downward (of a noh mask; indicating sadness, grief, etc.)",Godan verb with 'ru' ending; intransitive verb,general-language,jmdict-waller,JMdict:1457560;waller-n5.csv:line-214,Community estimate: Waller via stephenmk; not an official JLPT word list
ja-n5-00214,暗い,くらい,1. dark; gloomy; murky | 2. depressed; dispirited; down in the dumps; dark (mood) | 3. dark (in colour); dull | 4. ill-boding; dark (e.g. past); suspicious | 5. unlikely (to succeed); hopeless; unpromising | 6. unfamiliar (with); ignorant (of),adjective (keiyoushi),general-language,jmdict-waller,JMdict:1154330;waller-n5.csv:line-215,Community estimate: Waller via stephenmk; not an official JLPT word list
ja-n5-00215,クラス,クラス,1. class,noun (common) (futsuumeishi),general-language,jmdict-waller,JMdict:1044070;waller-n5.csv:line-216,Community estimate: Waller via stephenmk; not an official JLPT word list
ja-n5-00216,グラム,グラム,1. gram; gramme [word usually written using kana alone],noun (common) (futsuumeishi),general-language,jmdict-waller,JMdict:1046810;waller-n5.csv:line-217,Community estimate: Waller via stephenmk; not an official JLPT word list
ja-n5-00217,来る,くる,"1. to come (spatially or temporally); to approach; to arrive | 2. to come back; to do ... and come back [word usually written using kana alone] (after the -te form of a verb) | 3. to come to be; to become; to get; to grow; to continue [word usually written using kana alone] (after the -te form of a verb) | 4. to come from; to be caused by; to derive from | 5. to come to (e.g. ""when it comes to spinach ..."")",Kuru verb - special class; intransitive verb; auxiliary verb,general-language,jmdict-waller,JMdict:1547720;waller-n5.csv:line-218,Community estimate: Waller via stephenmk; not an official JLPT word list
ja-n5-00218,車,くるま,1. car; automobile; vehicle | 2. wheel; castor; caster,noun (common) (futsuumeishi),travel-and-places,jmdict-waller,JMdict:1323080;waller-n5.csv:line-219,Community estimate: Waller via stephenmk; not an official JLPT word list
ja-n5-00219,黒,くろ,1. black | 2. black stone [go (game)] | 3. guilt; guilty person,noun (common) (futsuumeishi); nouns which may take the genitive case particle 'no',general-language,jmdict-waller,JMdict:1287410;waller-n5.csv:line-220,Community estimate: Waller via stephenmk; not an official JLPT word list
ja-n5-00220,黒い,くろい,1. black | 2. dark; blackish; sun-tanned (skin) | 3. suspicious; criminal; illicit | 4. darkened and dirty; sooty; covered in dirt | 5. evil; wicked; black-hearted | 6. inauspicious; ill-boding; unlucky,adjective (keiyoushi),general-language,jmdict-waller,JMdict:1287420;waller-n5.csv:line-221,Community estimate: Waller via stephenmk; not an official JLPT word list
ja-n5-00221,警官,けいかん,1. police officer; policeman; constable,noun (common) (futsuumeishi),general-language,jmdict-waller,JMdict:1252330;waller-n5.csv:line-222,Community estimate: Waller via stephenmk; not an official JLPT word list
ja-n5-00222,今朝,けさ,1. this morning,noun (common) (futsuumeishi); adverb (fukushi),time-and-quantity,jmdict-waller,JMdict:1579100;waller-n5.csv:line-223,Community estimate: Waller via stephenmk; not an official JLPT word list
ja-n5-00223,消す,けす,"1. to erase; to rub out; to rub off; to cross out; to delete | 2. to turn off (a light, TV, heater, etc.); to switch off | 3. to extinguish (a fire, candle, etc.); to put out | 4. to remove (a smell, pain, etc.); to eliminate; to get rid of; to relieve (pain, anxiety, etc.); to neutralize (poison) | 5. to drown out (a sound); to deaden; to absorb; to muffle | 6. to kill; to murder; to bump off; to rub out [colloquial]",Godan verb with 'su' ending; transitive verb,general-language,jmdict-waller,JMdict:1350110;waller-n5.csv:line-224,Community estimate: Waller via stephenmk; not an official JLPT word list
ja-n5-00224,結構,けっこう,"1. splendid; nice; wonderful; delightful; lovely; excellent; fine | 2. sufficient; satisfactory; enough; fine; all right; OK | 3. not needing (any more of something); (already) having enough; fine (as in ""I'm fine""); no, thank you | 4. rather; quite; fairly; pretty; surprisingly; quite a bit; fairly well | 5. structure; construction; framework; architecture",adjectival nouns or quasi-adjectives (keiyodoshi); adverb (fukushi); noun (common) (futsuumeishi),general-language,jmdict-waller,JMdict:1254760;waller-n5.csv:line-225,Community estimate: Waller via stephenmk; not an official JLPT word list
ja-n5-00225,結婚,けっこん,1. marriage,noun (common) (futsuumeishi); noun or participle which takes the aux. verb suru; intransitive verb,general-language,jmdict-waller,JMdict:1254790;waller-n5.csv:line-226,Community estimate: Waller via stephenmk; not an official JLPT word list
ja-n5-00226,月曜日,げつようび,1. Monday,noun (common) (futsuumeishi); adverb (fukushi),general-language,jmdict-waller,JMdict:1255890;waller-n5.csv:line-227,Community estimate: Waller via stephenmk; not an official JLPT word list
ja-n5-00227,玄関,げんかん,1. entrance; front door; entryway; entranceway; entry hall; vestibule; porch; foyer; mud room,noun (common) (futsuumeishi),home-and-daily-life,jmdict-waller,JMdict:1263400;waller-n5.csv:line-228,Community estimate: Waller via stephenmk; not an official JLPT word list
ja-n5-00228,元気,げんき,1. lively; full of spirit; energetic; vigorous; vital; spirited | 2. healthy; well; fit; in good health,adjectival nouns or quasi-adjectives (keiyodoshi); noun (common) (futsuumeishi),general-language,jmdict-waller,JMdict:1260720;waller-n5.csv:line-229,Community estimate: Waller via stephenmk; not an official JLPT word list
ja-n5-00229,五,ご,1. five; 5,numeric,general-language,jmdict-waller,JMdict:1268060;waller-n5.csv:line-230,Community estimate: Waller via stephenmk; not an official JLPT word list
ja-n5-00230,公園,こうえん,1. (public) park,noun (common) (futsuumeishi),society-and-economy,jmdict-waller,JMdict:1273270;waller-n5.csv:line-231,Community estimate: Waller via stephenmk; not an official JLPT word list
ja-n5-00231,交差点,こうさてん,1. crossing; intersection,noun (common) (futsuumeishi),general-language,jmdict-waller,JMdict:1592970;waller-n5.csv:line-232,Community estimate: Waller via stephenmk; not an official JLPT word list
ja-n5-00232,紅茶,こうちゃ,1. black tea,noun (common) (futsuumeishi),food-and-dining,jmdict-waller,JMdict:1280770;waller-n5.csv:line-233,Community estimate: Waller via stephenmk; not an official JLPT word list
ja-n5-00233,交番,こうばん,"1. police box; koban; small neighborhood police station | 2. alternation | 3. alternating (current, stress, etc.) [physics]",noun (common) (futsuumeishi); noun or verb acting prenominally,travel-and-places,jmdict-waller,JMdict:1272500;waller-n5.csv:line-234,Community estimate: Waller via stephenmk; not an official JLPT word list
ja-n5-00234,声,こえ,1. voice | 2. singing (of a bird); chirping (of an insect); hoot | 3. voice; opinion (as expressed in words); view; wish; attitude; will | 4. sound | 5. sense (of something's arrival); feeling | 6. voice; voiced sound [linguistics],noun (common) (futsuumeishi),general-language,jmdict-waller,JMdict:1380440;waller-n5.csv:line-235,Community estimate: Waller via stephenmk; not an official JLPT word list
ja-n5-00235,コート,コート,1. coat | 2. coating,noun (common) (futsuumeishi),general-language,jmdict-waller,JMdict:1049000;waller-n5.csv:line-236,Community estimate: Waller via stephenmk; not an official JLPT word list
ja-n5-00236,コーヒー,コーヒー,1. coffee [word usually written using kana alone],noun (common) (futsuumeishi),food-and-dining,jmdict-waller,JMdict:1049180;waller-n5.csv:line-237,Community estimate: Waller via stephenmk; not an official JLPT word list
ja-n5-00237,此処,ここ,1. here; this place [word usually written using kana alone] | 2. this point; here; now [word usually written using kana alone] | 3. these past ... (e.g. three years); these last ... [word usually written using kana alone] (followed by a duration noun) | 4. the next ... (e.g. few days); these next ... [word usually written using kana alone] (followed by a duration noun),pronoun,travel-and-places,jmdict-waller,JMdict:1288810;waller-n5.csv:line-238,Community estimate: Waller via stephenmk; not an official JLPT word list
ja-n5-00238,午後,ごご,1. afternoon; p.m.,noun (common) (futsuumeishi); adverb (fukushi),general-language,jmdict-waller,JMdict:1268990;waller-n5.csv:line-239,Community estimate: Waller via stephenmk; not an official JLPT word list
ja-n5-00239,九日,ここのか,1. 9th day of the month | 2. nine days,noun (common) (futsuumeishi),time-and-quantity,jmdict-waller,JMdict:1243850;waller-n5.csv:line-240,Community estimate: Waller via stephenmk; not an official JLPT word list
ja-n5-00240,九つ,ここのつ,1. nine | 2. nine years of age | 3. twelve o'clock (old time system),numeric; noun (common) (futsuumeishi),general-language,jmdict-waller,JMdict:1243600;waller-n5.csv:line-241,Community estimate: Waller via stephenmk; not an official JLPT word list
ja-n5-00241,午前,ごぜん,1. morning; a.m.,noun (common) (futsuumeishi); adverb (fukushi),time-and-quantity,jmdict-waller,JMdict:1269060;waller-n5.csv:line-242,Community estimate: Waller via stephenmk; not an official JLPT word list
ja-n5-00242,答える,こたえる,1. to answer; to reply,Ichidan verb; intransitive verb,general-language,jmdict-waller,JMdict:1449540;waller-n5.csv:line-243,Community estimate: Waller via stephenmk; not an official JLPT word list
ja-n5-00243,こちら,こちら,1. this way; this direction [word usually written using kana alone] (direction close to the speaker or towards the speaker) | 2. here [word usually written using kana alone] (place close to the speaker or where the speaker is) | 3. this (one) [word usually written using kana alone] (something physically close to the speaker) | 4. I; me; we; us [word usually written using kana alone] | 5. this person [word usually written using kana alone] (someone physically close to the speaker and of equal or higher status),pronoun,travel-and-places,jmdict-waller,JMdict:1004500;waller-n5.csv:line-244,Community estimate: Waller via stephenmk; not an official JLPT word list
ja-n5-00244,此方,こっち,1. this way; this direction [word usually written using kana alone] (direction close to the speaker or towards the speaker) | 2. here [word usually written using kana alone] (place close to the speaker or where the speaker is) | 3. this (one) [word usually written using kana alone] (something physically close to the speaker) | 4. I; me; we; us [word usually written using kana alone],pronoun,travel-and-places,jmdict-waller,JMdict:1004500;waller-n5.csv:line-245,Community estimate: Waller via stephenmk; not an official JLPT word list
ja-n5-00245,コップ,コップ,1. cop; police officer [slang; rare term],noun (common) (futsuumeishi),general-language,jmdict-waller,JMdict:2846389;waller-n5.csv:line-246,Community estimate: Waller via stephenmk; not an official JLPT word list
ja-n5-00246,今年,ことし,1. this year,noun (common) (futsuumeishi); adverb (fukushi),time-and-quantity,jmdict-waller,JMdict:1579130;waller-n5.csv:line-247,Community estimate: Waller via stephenmk; not an official JLPT word list
ja-n5-00247,言葉,ことば,1. language; dialect | 2. word; phrase; expression; term | 3. speech; (manner of) speaking; (use of) language | 4. words; remark; statement; comment | 5. learning to speak; language acquisition,noun (common) (futsuumeishi),study-work-and-communication,jmdict-waller,JMdict:1264540;waller-n5.csv:line-248,Community estimate: Waller via stephenmk; not an official JLPT word list
ja-n5-00248,子供,こども,1. child; children,noun (common) (futsuumeishi),people-and-relationships,jmdict-waller,JMdict:1307850;waller-n5.csv:line-249,Community estimate: Waller via stephenmk; not an official JLPT word list
ja-n5-00249,此の,この,"1. this [word usually written using kana alone] (something or someone close to the speaker (including the speaker), or ideas expressed by the speaker) | 2. last (couple of years, etc.); these; past; this [word usually written using kana alone] (in ref. to a stretch of time or date) | 3. you (as in ""you liar"") [word usually written using kana alone] (emphatic, accusatory, insulting)",pre-noun adjectival (rentaishi),general-language,jmdict-waller,JMdict:1582920;waller-n5.csv:line-250,Community estimate: Waller via stephenmk; not an official JLPT word list
ja-n5-00250,御飯,ごはん,1. cooked rice | 2. meal,noun (common) (futsuumeishi),food-and-dining,jmdict-waller,JMdict:1270590;waller-n5.csv:line-251,Community estimate: Waller via stephenmk; not an official JLPT word list
ja-n5-00251,コピー,コピー,1. copy; photocopy | 2. book jacket blurb | 3. (advertising) slogan [abbreviation],noun (common) (futsuumeishi); noun or participle which takes the aux. verb suru; transitive verb,general-language,jmdict-waller,JMdict:1050590;waller-n5.csv:line-252,Community estimate: Waller via stephenmk; not an official JLPT word list
ja-n5-00252,困る,こまる,1. to be troubled; to have difficulty; to be in a fix; to be at a loss; to be stumped; to be embarrassed | 2. to be bothered; to be inconvenienced; to be annoyed | 3. to be badly off; to be hard up; to be in straitened circumstances,Godan verb with 'ru' ending; intransitive verb,general-language,jmdict-waller,JMdict:1289590;waller-n5.csv:line-253,Community estimate: Waller via stephenmk; not an official JLPT word list
ja-n5-00253,これ,これ,1. hey; oi; come on; look; listen (used to get the attention of one's equals or inferiors),interjection (kandoushi),general-language,jmdict-waller,JMdict:2216120;waller-n5.csv:line-254,Community estimate: Waller via stephenmk; not an official JLPT word list
ja-n5-00254,今月,こんげつ,1. this month,noun (common) (futsuumeishi); adverb (fukushi),time-and-quantity,jmdict-waller,JMdict:1289100;waller-n5.csv:line-255,Community estimate: Waller via stephenmk; not an official JLPT word list
ja-n5-00255,今週,こんしゅう,1. this week,noun (common) (futsuumeishi); adverb (fukushi),time-and-quantity,jmdict-waller,JMdict:1289220;waller-n5.csv:line-256,Community estimate: Waller via stephenmk; not an official JLPT word list
ja-n5-00256,こんな,こんな,"1. this sort of; this kind of; like this; such (about something or someone close to the speaker (including the speaker), or about ideas expressed by the speaker)",pre-noun adjectival (rentaishi),general-language,jmdict-waller,JMdict:1004880;waller-n5.csv:line-257,Community estimate: Waller via stephenmk; not an official JLPT word list
ja-n5-00257,今晩,こんばん,1. tonight; this evening,noun (common) (futsuumeishi); adverb (fukushi),general-language,jmdict-waller,JMdict:1289470;waller-n5.csv:line-258,Community estimate: Waller via stephenmk; not an official JLPT word list
ja-n5-00258,さあ,さあ,"1. come (on); come now; come along; here (used to urge or encourage others) | 2. all right; right; okay; now; here goes (indicates resolve) | 3. well; hmm; uh; let's see; I'm not sure (indicates uncertainty or hesitation) | 4. here; now; there (we go); ah; oh (said when something arrives, starts, finishes, etc.) | 5. about that, ...; actually, ... (used when interrupting someone)",interjection (kandoushi),general-language,jmdict-waller,JMdict:1005110;waller-n5.csv:line-259,Community estimate: Waller via stephenmk; not an official JLPT word list
ja-n5-00259,財布,さいふ,1. wallet; purse; coin purse; billfold; pocketbook,noun (common) (futsuumeishi),general-language,jmdict-waller,JMdict:1296970;waller-n5.csv:line-260,Community estimate: Waller via stephenmk; not an official JLPT word list
ja-n5-00260,魚,さかな,1. fish,noun (common) (futsuumeishi),food-and-dining,jmdict-waller,JMdict:1578010;waller-n5.csv:line-261,Community estimate: Waller via stephenmk; not an official JLPT word list
ja-n5-00261,先,さき,1. point; tip; end; nozzle | 2. head (of a line); front | 3. first; before; ahead (of) | 4. (the way) ahead; beyond | 5. future | 6. previous; prior; former; recent; last | 7. destination; address; place where you do something | 8. rest (e.g. of a story); continuation; remaining part | 9. the other party,"noun (common) (futsuumeishi); nouns which may take the genitive case particle 'no'; noun, used as a suffix",general-language,jmdict-waller,JMdict:1387210;waller-n5.csv:line-262,Community estimate: Waller via stephenmk; not an official JLPT word list
ja-n5-00262,咲く,さく,1. to bloom; to flower; to blossom; to open | 2. to rise up (of breaking waves) [archaic],Godan verb with 'ku' ending; intransitive verb,general-language,jmdict-waller,JMdict:1297210;waller-n5.csv:line-263,Community estimate: Waller via stephenmk; not an official JLPT word list
ja-n5-00263,作文,さくぶん,"1. writing (an essay, prose, etc.); composition | 2. formal writing with little real meaning",noun (common) (futsuumeishi); noun or participle which takes the aux. verb suru; intransitive verb,general-language,jmdict-waller,JMdict:1297960;waller-n5.csv:line-264,Community estimate: Waller via stephenmk; not an official JLPT word list
ja-n5-00264,差す,さす,"1. to shine | 2. to be visible | 3. to be tinged with | 4. to rise (of water levels); to flow in | 5. to be felt (i.e. as an emotion); to come over one | 6. to hold up (an umbrella, etc.); to put up; to raise | 7. to extend one's arm straight ahead (in dance) | 8. to insert; to put in | 9. to wear (a sword) in one's belt; to wear at one's side; to carry under one's arm | 10. to insert one's arm under an opponent's arm [sumo] | 11. to pole (a boat) | 12. to pour; to add (liquid); to serve (drinks) | 13. to put on (lipstick, etc.); to apply; to colour; to dye | 14. to light (a fire); to burn | 15. to shut; to close; to lock; to fasten | 16. to stop in the midst of; to leave undone (after the -masu stem of a verb)",Godan verb with 'su' ending; intransitive verb; transitive verb; suffix,general-language,jmdict-waller,JMdict:1291330;waller-n5.csv:line-265,Community estimate: Waller via stephenmk; not an official JLPT word list
ja-n5-00265,雑誌,ざっし,1. magazine; journal; periodical,noun (common) (futsuumeishi),general-language,jmdict-waller,JMdict:1299400;waller-n5.csv:line-266,Community estimate: Waller via stephenmk; not an official JLPT word list
ja-n5-00266,砂糖,さとう,1. sugar,noun (common) (futsuumeishi),general-language,jmdict-waller,JMdict:1291600;waller-n5.csv:line-267,Community estimate: Waller via stephenmk; not an official JLPT word list
ja-n5-00267,寒い,さむい,1. cold (e.g. weather) | 2. uninteresting (esp. joke); lame; dull; weak; corny,adjective (keiyoushi),nature-and-science,jmdict-waller,JMdict:1210360;waller-n5.csv:line-268,Community estimate: Waller via stephenmk; not an official JLPT word list
ja-n5-00268,さ来年,さらいねん,1. year after next,noun (common) (futsuumeishi); adverb (fukushi),time-and-quantity,jmdict-waller,JMdict:1293660;waller-n5.csv:line-269,Community estimate: Waller via stephenmk; not an official JLPT word list
ja-n5-00269,三,さん,1. three; 3,numeric,general-language,jmdict-waller,JMdict:1579350;waller-n5.csv:line-270,Community estimate: Waller via stephenmk; not an official JLPT word list
ja-n5-00270,散歩,さんぽ,1. walk; stroll,noun (common) (futsuumeishi); noun or participle which takes the aux. verb suru; intransitive verb,general-language,jmdict-waller,JMdict:1303620;waller-n5.csv:line-271,Community estimate: Waller via stephenmk; not an official JLPT word list
ja-n5-00271,四,し,1. four; 4,numeric,general-language,jmdict-waller,JMdict:1579470;waller-n5.csv:line-272,Community estimate: Waller via stephenmk; not an official JLPT word list
ja-n5-00272,四,よん,1. four; 4,numeric,general-language,jmdict-waller,JMdict:1579470;waller-n5.csv:line-273,Community estimate: Waller via stephenmk; not an official JLPT word list
ja-n5-00273,塩,しお,"1. salt; common salt; table salt; sodium chloride | 2. hardship; toil; trouble | 3. saltiness [food, cooking] | 4. cold; unwelcoming; indifferent [colloquial]","noun (common) (futsuumeishi); noun, used as a prefix",general-language,jmdict-waller,JMdict:1576630;waller-n5.csv:line-274,Community estimate: Waller via stephenmk; not an official JLPT word list
ja-n5-00274,然し,しかし,1. however; but [word usually written using kana alone],conjunction,general-language,jmdict-waller,JMdict:1505990;waller-n5.csv:line-275,Community estimate: Waller via stephenmk; not an official JLPT word list
ja-n5-00275,時間,じかん,1. time | 2. hour | 3. period; class; lesson,noun (common) (futsuumeishi),time-and-quantity,jmdict-waller,JMdict:1315920;waller-n5.csv:line-276,Community estimate: Waller via stephenmk; not an official JLPT word list
ja-n5-00276,仕事,しごと,1. work; job; labor; labour; business; task; assignment; occupation; employment | 2. work [physics],noun (common) (futsuumeishi); noun or participle which takes the aux. verb suru; intransitive verb,study-work-and-communication,jmdict-waller,JMdict:1304970;waller-n5.csv:line-277,Community estimate: Waller via stephenmk; not an official JLPT word list
ja-n5-00277,辞書,じしょ,1. dictionary; lexicon | 2. letter of resignation [archaic],noun (common) (futsuumeishi),general-language,jmdict-waller,JMdict:1318970;waller-n5.csv:line-278,Community estimate: Waller via stephenmk; not an official JLPT word list
ja-n5-00278,静か,しずか,1. quiet; silent | 2. slow; unhurried | 3. calm; peaceful,adjectival nouns or quasi-adjectives (keiyodoshi),general-language,jmdict-waller,JMdict:1381820;waller-n5.csv:line-279,Community estimate: Waller via stephenmk; not an official JLPT word list
ja-n5-00279,下,した,1. below; down; under; younger (e.g. daughter) | 2. bottom | 3. beneath; underneath | 4. just after; right after | 5. inferiority; one's inferior (i.e. one's junior) | 6. trade-in | 7. preliminary; preparatory,"noun (common) (futsuumeishi); nouns which may take the genitive case particle 'no'; noun, used as a prefix",general-language,jmdict-waller,JMdict:1184140;waller-n5.csv:line-280,Community estimate: Waller via stephenmk; not an official JLPT word list
ja-n5-00280,七,しち,1. seven,numeric,general-language,jmdict-waller,JMdict:1319210;waller-n5.csv:line-281,Community estimate: Waller via stephenmk; not an official JLPT word list
ja-n5-00281,七,なな,1. seven,numeric,general-language,jmdict-waller,JMdict:1319210;waller-n5.csv:line-282,Community estimate: Waller via stephenmk; not an official JLPT word list
ja-n5-00282,質問,しつもん,1. question; inquiry; enquiry,noun (common) (futsuumeishi); noun or participle which takes the aux. verb suru; transitive verb; intransitive verb; nouns which may take the genitive case particle 'no',general-language,jmdict-waller,JMdict:1320760;waller-n5.csv:line-283,Community estimate: Waller via stephenmk; not an official JLPT word list
ja-n5-00283,自転車,じてんしゃ,1. bicycle; bike,noun (common) (futsuumeishi),general-language,jmdict-waller,JMdict:1318290;waller-n5.csv:line-284,Community estimate: Waller via stephenmk; not an official JLPT word list
ja-n5-00284,自動車,じどうしゃ,1. car; automobile; motorcar; motor vehicle; auto,noun (common) (futsuumeishi),travel-and-places,jmdict-waller,JMdict:1318400;waller-n5.csv:line-285,Community estimate: Waller via stephenmk; not an official JLPT word list
ja-n5-00285,死ぬ,しぬ,1. to die; to pass away | 2. to lose spirit; to lose vigor; to look dead | 3. to cease; to stop,Godan verb with 'nu' ending; intransitive verb,general-language,jmdict-waller,JMdict:1310730;waller-n5.csv:line-286,Community estimate: Waller via stephenmk; not an official JLPT word list
ja-n5-00286,字引,じびき,1. dictionary,noun (common) (futsuumeishi),general-language,jmdict-waller,JMdict:1315140;waller-n5.csv:line-287,Community estimate: Waller via stephenmk; not an official JLPT word list
ja-n5-00287,自分,じぶん,1. myself; yourself; oneself; himself; herself | 2. I; me | 3. you [Kansai-ben],pronoun,general-language,jmdict-waller,JMdict:1318610;waller-n5.csv:line-288,Community estimate: Waller via stephenmk; not an official JLPT word list
ja-n5-00288,閉まる,しまる,1. to be shut; to close; to be closed | 2. to be locked | 3. to tighten; to be tightened | 4. to become sober; to become tense,Godan verb with 'ru' ending; intransitive verb,general-language,jmdict-waller,JMdict:1436560;waller-n5.csv:line-289,Community estimate: Waller via stephenmk; not an official JLPT word list
ja-n5-00289,閉める,しめる,1. to close; to shut,Ichidan verb; transitive verb,general-language,jmdict-waller,JMdict:1508590;waller-n5.csv:line-290,Community estimate: Waller via stephenmk; not an official JLPT word list
ja-n5-00290,締める,しめる,"1. to tie; to fasten; to tighten | 2. to wear (necktie, belt); to put on | 3. to total; to sum | 4. to be strict with | 5. to economize; to economise; to cut down on | 6. to salt; to marinate; to pickle; to make sushi adding a mixture of vinegar and salt | 7. to kill (fish, poultry, etc.) | 8. to strongly press (someone); to crack down on; to keep under strict control [colloquial]",Ichidan verb; transitive verb; intransitive verb,general-language,jmdict-waller,JMdict:1436570;waller-n5.csv:line-291,Community estimate: Waller via stephenmk; not an official JLPT word list
ja-n5-00291,じゃ,じゃ,1. then; well; so; well then,conjunction,general-language,jmdict-waller,JMdict:1005900;waller-n5.csv:line-292,Community estimate: Waller via stephenmk; not an official JLPT word list
ja-n5-00292,じゃあ,じゃあ,1. then; well; so; well then,conjunction,general-language,jmdict-waller,JMdict:1005900;waller-n5.csv:line-293,Community estimate: Waller via stephenmk; not an official JLPT word list
ja-n5-00293,写真,しゃしん,1. photograph; photo; picture; photography | 2. moving picture; movie [obsolete term; abbreviation],noun (common) (futsuumeishi),general-language,jmdict-waller,JMdict:1321900;waller-n5.csv:line-294,Community estimate: Waller via stephenmk; not an official JLPT word list
ja-n5-00294,シャツ,シャツ,1. shirt (undergarment); undershirt; singlet | 2. shirt (outerwear; usu. with collar and buttons),noun (common) (futsuumeishi),general-language,jmdict-waller,JMdict:1061520;waller-n5.csv:line-295,Community estimate: Waller via stephenmk; not an official JLPT word list
ja-n5-00295,シャワー,シャワー,1. shower,noun (common) (futsuumeishi),general-language,jmdict-waller,JMdict:1061820;waller-n5.csv:line-296,Community estimate: Waller via stephenmk; not an official JLPT word list
ja-n5-00296,十,じゅう,1. ten; 10,numeric,general-language,jmdict-waller,JMdict:1579840;waller-n5.csv:line-297,Community estimate: Waller via stephenmk; not an official JLPT word list
ja-n5-00297,十,とお,1. ten; 10 | 2. ten years of age,numeric; noun (common) (futsuumeishi),general-language,jmdict-waller,JMdict:1579840;waller-n5.csv:line-298,Community estimate: Waller via stephenmk; not an official JLPT word list
ja-n5-00298,授業,じゅぎょう,1. lesson; class; teaching; instruction; classwork; schoolwork,noun (common) (futsuumeishi); noun or participle which takes the aux. verb suru; intransitive verb,general-language,jmdict-waller,JMdict:1330290;waller-n5.csv:line-299,Community estimate: Waller via stephenmk; not an official JLPT word list
ja-n5-00299,宿題,しゅくだい,1. homework; assignment | 2. pending issue; unresolved problem; open question,noun (common) (futsuumeishi),general-language,jmdict-waller,JMdict:1337270;waller-n5.csv:line-300,Community estimate: Waller via stephenmk; not an official JLPT word list
ja-n5-00300,上手,じょうず,1. skillful; skilled; proficient; good (at); adept; clever | 2. flattery,adjectival nouns or quasi-adjectives (keiyodoshi); noun (common) (futsuumeishi),general-language,jmdict-waller,JMdict:1353320;waller-n5.csv:line-301,Community estimate: Waller via stephenmk; not an official JLPT word list
ja-n5-00301,丈夫,じょうぶ,1. healthy; robust; strong; solid; durable,adjectival nouns or quasi-adjectives (keiyodoshi),general-language,jmdict-waller,JMdict:1580480;waller-n5.csv:line-302,Community estimate: Waller via stephenmk; not an official JLPT word list
ja-n5-00302,しょうゆ,しょうゆ,1. soy sauce; soya sauce; shoyu,noun (common) (futsuumeishi),general-language,jmdict-waller,JMdict:1595020;waller-n5.csv:line-303,Community estimate: Waller via stephenmk; not an official JLPT word list
ja-n5-00303,食堂,しょくどう,1. dining room; dining hall; cafeteria; canteen; messroom | 2. restaurant; eatery; snack bar; diner,noun (common) (futsuumeishi),home-and-daily-life,jmdict-waller,JMdict:1358550;waller-n5.csv:line-304,Community estimate: Waller via stephenmk; not an official JLPT word list
ja-n5-00304,知る,しる,1. to know; to be aware (of); to be conscious (of); to learn (of); to find out; to discover | 2. to sense; to feel; to notice; to realize | 3. to understand; to comprehend; to grasp; to appreciate | 4. to remember; to be familiar with; to be acquainted with | 5. to experience; to go through; to know (e.g. hardship) | 6. to get acquainted with (a person); to get to know | 7. to have to do with; to be concerned with; to be one's concern; to be one's responsibility (usu. with neg. sentence),Godan verb with 'ru' ending; transitive verb,general-language,jmdict-waller,JMdict:1420470;waller-n5.csv:line-305,Community estimate: Waller via stephenmk; not an official JLPT word list
ja-n5-00305,白,しろ,"1. white | 2. innocence; innocent person | 3. blank space | 4. white stone [go (game)] | 5. white dragon tile [mahjong] | 6. skewered grilled pig intestine [food, cooking]",noun (common) (futsuumeishi); nouns which may take the genitive case particle 'no',general-language,jmdict-waller,JMdict:1474900;waller-n5.csv:line-306,Community estimate: Waller via stephenmk; not an official JLPT word list
ja-n5-00306,白い,しろい,1. white | 2. blank (e.g. paper); uncolored; unmarked; spotless; immaculate | 3. innocent; not guilty; pure | 4. bright; vivid [archaic] | 5. inexperienced; naive; unrefined [archaic],adjective (keiyoushi),general-language,jmdict-waller,JMdict:1474910;waller-n5.csv:line-307,Community estimate: Waller via stephenmk; not an official JLPT word list
ja-n5-00307,新聞,しんぶん,1. newspaper,noun (common) (futsuumeishi),general-language,jmdict-waller,JMdict:1362360;waller-n5.csv:line-308,Community estimate: Waller via stephenmk; not an official JLPT word list
ja-n5-00308,水曜日,すいようび,1. Wednesday,noun (common) (futsuumeishi); adverb (fukushi),general-language,jmdict-waller,JMdict:1372190;waller-n5.csv:line-309,Community estimate: Waller via stephenmk; not an official JLPT word list
ja-n5-00309,吸う,すう,"1. to breathe in; to inhale; to smoke (a cigarette, etc.) | 2. to suck; to sip; to slurp | 3. to absorb; to soak up | 4. to kiss",Godan verb with 'u' ending; transitive verb,general-language,jmdict-waller,JMdict:1228260;waller-n5.csv:line-310,Community estimate: Waller via stephenmk; not an official JLPT word list
ja-n5-00310,スカート,スカート,1. skirt,noun (common) (futsuumeishi),general-language,jmdict-waller,JMdict:1067470;waller-n5.csv:line-311,Community estimate: Waller via stephenmk; not an official JLPT word list
ja-n5-00311,好き,すき,1. liking; being fond of; to one's liking; to one's taste; preferred; favourite | 2. liking (romantically); being in love with; beloved | 3. faddism; eccentricity | 4. as one likes; as it suits one | 5. lecherous; lustful; salacious,adjectival nouns or quasi-adjectives (keiyodoshi); noun (common) (futsuumeishi),food-and-dining,jmdict-waller,JMdict:1277450;waller-n5.csv:line-312,Community estimate: Waller via stephenmk; not an official JLPT word list
ja-n5-00312,少ない,すくない,1. few; little; small (amount); low; scarce; insufficient; seldom; rare,adjective (keiyoushi),general-language,jmdict-waller,JMdict:1348910;waller-n5.csv:line-313,Community estimate: Waller via stephenmk; not an official JLPT word list
ja-n5-00313,すぐに,すぐに,1. immediately; right away; at once; instantly [word usually written using kana alone],adverb (fukushi),general-language,jmdict-waller,JMdict:1430620;waller-n5.csv:line-314,Community estimate: Waller via stephenmk; not an official JLPT word list
ja-n5-00314,少し,すこし,1. a little; a bit; a small amount; a few; some; slightly; somewhat | 2. a little while; a short time; a moment; a minute | 3. a little way; a short distance,adverb (fukushi),general-language,jmdict-waller,JMdict:1348870;waller-n5.csv:line-315,Community estimate: Waller via stephenmk; not an official JLPT word list
ja-n5-00315,涼しい,すずしい,1. cool; refreshing | 2. clear (e.g. eyes); bright | 3. clear; distinct | 4. composed (facial expression); unruffled; unconcerned | 5. pure; upright; innocent [archaic],adjective (keiyoushi),general-language,jmdict-waller,JMdict:1554370;waller-n5.csv:line-316,Community estimate: Waller via stephenmk; not an official JLPT word list
ja-n5-00316,ストーブ,ストーブ,1. (room) heater; stove,noun (common) (futsuumeishi),home-and-daily-life,jmdict-waller,JMdict:1070790;waller-n5.csv:line-317,Community estimate: Waller via stephenmk; not an official JLPT word list
ja-n5-00317,スプーン,スプーン,1. spoon | 2. spoon lure [fishing],noun (common) (futsuumeishi),general-language,jmdict-waller,JMdict:1072590;waller-n5.csv:line-318,Community estimate: Waller via stephenmk; not an official JLPT word list
ja-n5-00318,スポーツ,スポーツ,1. sport; sports,noun (common) (futsuumeishi),general-language,jmdict-waller,JMdict:1073210;waller-n5.csv:line-319,Community estimate: Waller via stephenmk; not an official JLPT word list
ja-n5-00319,ズボン,ズボン,1. trousers; pants [word usually written using kana alone],noun (common) (futsuumeishi),general-language,jmdict-waller,JMdict:1074260;waller-n5.csv:line-320,Community estimate: Waller via stephenmk; not an official JLPT word list
ja-n5-00320,住む,すむ,1. to live (of humans); to reside; to inhabit; to dwell; to abide,Godan verb with 'mu' ending; intransitive verb,general-language,jmdict-waller,JMdict:1334040;waller-n5.csv:line-321,Community estimate: Waller via stephenmk; not an official JLPT word list
ja-n5-00321,スリッパ,スリッパ,1. slipper; slippers,noun (common) (futsuumeishi),general-language,jmdict-waller,JMdict:1073900;waller-n5.csv:line-322,Community estimate: Waller via stephenmk; not an official JLPT word list
ja-n5-00322,為る,する,"1. to do; to carry out; to perform [word usually written using kana alone] | 2. to cause to become; to make (into); to turn (into) [word usually written using kana alone] | 3. to serve as; to act as; to work as [word usually written using kana alone] | 4. to wear (clothes, a facial expression, etc.) [word usually written using kana alone] | 5. to judge as being; to view as being; to think of as; to treat as; to use as [word usually written using kana alone] | 6. to decide on; to choose [word usually written using kana alone] | 7. to be sensed (of a smell, noise, etc.) [word usually written using kana alone] | 8. to be (in a state, condition, etc.) [word usually written using kana alone] | 9. to be worth; to cost [word usually written using kana alone] | 10. to pass (of time); to elapse [word usually written using kana alone] | 11. to place, or raise, person A to a post or status B [word usually written using kana alone] | 12. to transform A to B; to make A into B; to exchange A for B [word usually written using kana alone] | 13. to make use of A for B; to view A as B; to handle A as if it were B [word usually written using kana alone] | 14. to feel A about B [word usually written using kana alone] | 15. verbalizing suffix (applies to nouns noted in this dictionary with the part of speech ""vs"") [word usually written using kana alone] | 16. creates a humble verb (after a noun prefixed with ""o"" or ""go"") [word usually written using kana alone] | 17. to be just about to; to be just starting to; to try to; to attempt to [word usually written using kana alone]",suru verb - included; intransitive verb; transitive verb; suffix; auxiliary verb,general-language,jmdict-waller,JMdict:1157170;waller-n5.csv:line-323,Community estimate: Waller via stephenmk; not an official JLPT word list
ja-n5-00323,座る,すわる,1. to sit (down); to have a seat; to be seated; to kneel (on the floor) | 2. to assume (a position); to take on (a duty); to occupy (a post),Godan verb with 'ru' ending; intransitive verb,general-language,jmdict-waller,JMdict:1291800;waller-n5.csv:line-324,Community estimate: Waller via stephenmk; not an official JLPT word list
ja-n5-00324,背,せ,1. back | 2. reverse; rear side; back (e.g. of a chair); spine (of a book) | 3. height; stature | 4. ridge (of a mountain),noun (common) (futsuumeishi),general-language,jmdict-waller,JMdict:2147990;waller-n5.csv:line-325,Community estimate: Waller via stephenmk; not an official JLPT word list
ja-n5-00325,生徒,せいと,1. pupil; student; schoolchild,noun (common) (futsuumeishi),study-work-and-communication,jmdict-waller,JMdict:1379380;waller-n5.csv:line-326,Community estimate: Waller via stephenmk; not an official JLPT word list
ja-n5-00326,セーター,セーター,1. sweater; jumper,noun (common) (futsuumeishi),general-language,jmdict-waller,JMdict:1074270;waller-n5.csv:line-327,Community estimate: Waller via stephenmk; not an official JLPT word list
ja-n5-00327,せっけん,せっけん,1. soap,noun (common) (futsuumeishi),general-language,jmdict-waller,JMdict:1382590;waller-n5.csv:line-328,Community estimate: Waller via stephenmk; not an official JLPT word list
ja-n5-00328,背広,せびろ,"1. business suit (poss. from ""civil clothes"" or ""Savile Row"")",noun (common) (futsuumeishi),home-and-daily-life,jmdict-waller,JMdict:1472740;waller-n5.csv:line-329,Community estimate: Waller via stephenmk; not an official JLPT word list
ja-n5-00329,狭い,せまい,1. narrow; confined; small; cramped | 2. limited; narrow-minded; confining,adjective (keiyoushi),general-language,jmdict-waller,JMdict:1237680;waller-n5.csv:line-330,Community estimate: Waller via stephenmk; not an official JLPT word list
ja-n5-00330,ゼロ,ゼロ,1. zero; 0; nought; nil (〇 used with kanji numerals) | 2. nothing; zilch [word usually written using kana alone],noun (common) (futsuumeishi),general-language,jmdict-waller,JMdict:2839962;waller-n5.csv:line-331,Community estimate: Waller via stephenmk; not an official JLPT word list
ja-n5-00331,千,せん,"1. thousand; 1,000",numeric,general-language,jmdict-waller,JMdict:1388740;waller-n5.csv:line-332,Community estimate: Waller via stephenmk; not an official JLPT word list
ja-n5-00332,先月,せんげつ,1. last month,noun (common) (futsuumeishi); adverb (fukushi),time-and-quantity,jmdict-waller,JMdict:1387500;waller-n5.csv:line-333,Community estimate: Waller via stephenmk; not an official JLPT word list
ja-n5-00333,先週,せんしゅう,1. last week; the week before,noun (common) (futsuumeishi); adverb (fukushi),time-and-quantity,jmdict-waller,JMdict:1387870;waller-n5.csv:line-334,Community estimate: Waller via stephenmk; not an official JLPT word list
ja-n5-00334,先生,せんせい,"1. teacher; instructor; master | 2. sensei; title or form of address for a teacher, master, doctor, lawyer, etc. [honorific or respectful (sonkeigo) language] | 3. intimate or teasing form of address [familiar language; jocular, humorous term] | 4. one's elder [archaic] (orig. meaning)","noun (common) (futsuumeishi); noun, used as a suffix",study-work-and-communication,jmdict-waller,JMdict:1387990;waller-n5.csv:line-335,Community estimate: Waller via stephenmk; not an official JLPT word list
ja-n5-00335,洗濯,せんたく,"1. washing; laundry | 2. relaxation; rejuvenation; melting away (of worries, fatigue, etc.)",noun (common) (futsuumeishi); noun or participle which takes the aux. verb suru; transitive verb,general-language,jmdict-waller,JMdict:1390980;waller-n5.csv:line-336,Community estimate: Waller via stephenmk; not an official JLPT word list
ja-n5-00336,全部,ぜんぶ,1. all; entire; whole; altogether,noun (common) (futsuumeishi); nouns which may take the genitive case particle 'no'; adverb (fukushi),general-language,jmdict-waller,JMdict:1396130;waller-n5.csv:line-337,Community estimate: Waller via stephenmk; not an official JLPT word list
ja-n5-00337,掃除,そうじ,1. cleaning; sweeping; dusting; scrubbing,noun (common) (futsuumeishi); noun or participle which takes the aux. verb suru; transitive verb,general-language,jmdict-waller,JMdict:1399790;waller-n5.csv:line-338,Community estimate: Waller via stephenmk; not an official JLPT word list
ja-n5-00338,そうして,そうして,1. and; like that [word usually written using kana alone],conjunction,general-language,jmdict-waller,JMdict:1612860;waller-n5.csv:line-339,Community estimate: Waller via stephenmk; not an official JLPT word list
ja-n5-00339,そして,そして,1. and; and then; thus; and now; and finally [word usually written using kana alone],conjunction,general-language,jmdict-waller,JMdict:1006730;waller-n5.csv:line-340,Community estimate: Waller via stephenmk; not an official JLPT word list
ja-n5-00340,其処,そこ,1. there (place relatively near listener) [word usually written using kana alone] | 2. there (place just mentioned); that place [word usually written using kana alone] | 3. then (of some incident just spoken of); that (of point just raised) [word usually written using kana alone] | 4. you [archaic],pronoun,travel-and-places,jmdict-waller,JMdict:1006670;waller-n5.csv:line-341,Community estimate: Waller via stephenmk; not an official JLPT word list
ja-n5-00341,そちら,そちら,"1. that way; that direction [word usually written using kana alone] (direction distant from the speaker, close to the listener) | 2. there [word usually written using kana alone] (place distant from the speaker, close to the listener) | 3. that (one) [word usually written using kana alone] (something close to the listener) | 4. you; your family; your company [word usually written using kana alone] | 5. that person [word usually written using kana alone] (someone close to the listener)",pronoun,travel-and-places,jmdict-waller,JMdict:1006780;waller-n5.csv:line-342,Community estimate: Waller via stephenmk; not an official JLPT word list
ja-n5-00342,そっち,そっち,"1. that way; that direction [word usually written using kana alone] (direction distant from the speaker, close to the listener) | 2. there [word usually written using kana alone] (place distant from the speaker, close to the listener) | 3. that (one) [word usually written using kana alone] (something close to the listener) | 4. you; your family; your company [word usually written using kana alone] | 5. that person [word usually written using kana alone] (someone close to the listener)",pronoun,travel-and-places,jmdict-waller,JMdict:1006780;waller-n5.csv:line-343,Community estimate: Waller via stephenmk; not an official JLPT word list
ja-n5-00343,外,そと,"1. outside; exterior | 2. the open (air) | 3. other place; somewhere else; outside one's group (family, company, etc.)",noun (common) (futsuumeishi),general-language,jmdict-waller,JMdict:1203250;waller-n5.csv:line-344,Community estimate: Waller via stephenmk; not an official JLPT word list
ja-n5-00344,其の,その,"1. that; the [word usually written using kana alone] (something or someone distant from the speaker, close to the listener; actions of the listener, or ideas expressed or understood by the listener) | 2. part (as in ""part two"") [word usually written using kana alone] (preceding a number) | 3. um ...; er ...; uh ...",pre-noun adjectival (rentaishi); interjection (kandoushi),general-language,jmdict-waller,JMdict:1006830;waller-n5.csv:line-345,Community estimate: Waller via stephenmk; not an official JLPT word list
ja-n5-00345,側,そば,1. (place) near by; (place) close by; (place) right next to; the side (of something); beside; vicinity; proximity; neighbourhood (neighborhood) [word usually written using kana alone] | 2. as soon as; right after [word usually written using kana alone],noun (common) (futsuumeishi),travel-and-places,jmdict-waller,JMdict:1403830;waller-n5.csv:line-346,Community estimate: Waller via stephenmk; not an official JLPT word list
ja-n5-00346,空,そら,1. sky; the air; the heavens | 2. weather | 3. far-off place; distant place | 4. state of mind; feeling | 5. (from) memory; (by) heart | 6. falsehood; lie | 7. somehow; vaguely (before an adjective) | 8. fake (before a noun or a verb),"noun (common) (futsuumeishi); noun, used as a prefix",general-language,jmdict-waller,JMdict:1245290;waller-n5.csv:line-347,Community estimate: Waller via stephenmk; not an official JLPT word list
ja-n5-00347,それ,それ,1. there!; look! (used to call someone's attention to something) | 2. go on!; right!; here goes! (used to stir someone to action or fire oneself up),interjection (kandoushi),general-language,jmdict-waller,JMdict:2216210;waller-n5.csv:line-348,Community estimate: Waller via stephenmk; not an official JLPT word list
ja-n5-00348,それから,それから,1. and then; after that,"expressions (phrases, clauses, etc.)",general-language,jmdict-waller,JMdict:1006980;waller-n5.csv:line-349,Community estimate: Waller via stephenmk; not an official JLPT word list
ja-n5-00349,それでは,それでは,"1. well, ...; right, ...; now, ... (used to end a conversation or introduce a remark) | 2. so; then | 3. that way (would mean ...); if that is the case; in that case | 4. bye then","conjunction; expressions (phrases, clauses, etc.); interjection (kandoushi)",general-language,jmdict-waller,JMdict:1406050;waller-n5.csv:line-350,Community estimate: Waller via stephenmk; not an official JLPT word list
ja-n5-00350,大学,だいがく,1. university; college | 2. former imperial university of Japan (established under the ritsuryō system for the training of government administrators) [historical term; abbreviation] | 3. the Great Learning (one of the Four Books),noun (common) (futsuumeishi),study-work-and-communication,jmdict-waller,JMdict:1413240;waller-n5.csv:line-351,Community estimate: Waller via stephenmk; not an official JLPT word list
ja-n5-00351,大使館,たいしかん,1. embassy,noun (common) (futsuumeishi),general-language,jmdict-waller,JMdict:1413890;waller-n5.csv:line-352,Community estimate: Waller via stephenmk; not an official JLPT word list
ja-n5-00352,大丈夫,だいじょうぶ,1. safe; secure; sound; problem-free; without fear; all right; alright; OK; okay | 2. certainly; surely; undoubtedly | 3. no thanks; I'm good; that's alright [colloquial] | 4. great man; fine figure of a man [archaic],adjectival nouns or quasi-adjectives (keiyodoshi); adverb (fukushi); interjection (kandoushi); noun (common) (futsuumeishi),thought-and-feeling,jmdict-waller,JMdict:1414150;waller-n5.csv:line-353,Community estimate: Waller via stephenmk; not an official JLPT word list
ja-n5-00353,大好き,だいすき,1. liking very much; loving (something or someone); adoring; being very fond of,adjectival nouns or quasi-adjectives (keiyodoshi),general-language,jmdict-waller,JMdict:1413660;waller-n5.csv:line-354,Community estimate: Waller via stephenmk; not an official JLPT word list
ja-n5-00354,大切,たいせつ,1. important; significant; serious; crucial | 2. precious; valuable; dear; cherished; beloved | 3. careful,adjectival nouns or quasi-adjectives (keiyodoshi),general-language,jmdict-waller,JMdict:1414340;waller-n5.csv:line-355,Community estimate: Waller via stephenmk; not an official JLPT word list
ja-n5-00355,台所,だいどころ,1. kitchen | 2. financial situation; finances,noun (common) (futsuumeishi),general-language,jmdict-waller,JMdict:1412640;waller-n5.csv:line-356,Community estimate: Waller via stephenmk; not an official JLPT word list
ja-n5-00356,大変,たいへん,1. very; greatly; terribly; awfully | 2. immense; enormous; great | 3. serious; grave; dreadful; terrible | 4. difficult; hard; challenging | 5. major incident; disaster [archaic],adverb (fukushi); adjectival nouns or quasi-adjectives (keiyodoshi); noun (common) (futsuumeishi),general-language,jmdict-waller,JMdict:1415000;waller-n5.csv:line-357,Community estimate: Waller via stephenmk; not an official JLPT word list
ja-n5-00357,高い,たかい,"1. high; tall | 2. expensive; high-priced | 3. high (level); above average (in degree, quality, etc.) | 4. loud | 5. high-pitched; shrill",adjective (keiyoushi),general-language,jmdict-waller,JMdict:1283190;waller-n5.csv:line-358,Community estimate: Waller via stephenmk; not an official JLPT word list
ja-n5-00358,たくさん,たくさん,1. a lot; lots; plenty; many; a large number; much; a great deal; a good deal [word usually written using kana alone] | 2. enough; sufficient [word usually written using kana alone] | 3. enough; too many; too much [word usually written using kana alone],"nouns which may take the genitive case particle 'no'; adjectival nouns or quasi-adjectives (keiyodoshi); noun (common) (futsuumeishi); adverb (fukushi); noun, used as a suffix",time-and-quantity,jmdict-waller,JMdict:1415870;waller-n5.csv:line-359,Community estimate: Waller via stephenmk; not an official JLPT word list
ja-n5-00359,タクシー,タクシー,1. taxi,noun (common) (futsuumeishi),general-language,jmdict-waller,JMdict:1076190;waller-n5.csv:line-360,Community estimate: Waller via stephenmk; not an official JLPT word list
ja-n5-00360,出す,だす,"1. to take out; to get out | 2. to put out; to reveal; to show | 3. to submit (e.g. thesis); to turn in | 4. to publish; to make public | 5. to send (e.g. letter) | 6. to produce (a sound); to start (fire) | 7. to serve (food) | 8. ... out (e.g. to jump out, to carry out) (after the -masu stem of a verb) | 9. to begin ...; to start to ...; to burst into ... (after the -masu stem of a verb)",Godan verb with 'su' ending; transitive verb; suffix,general-language,jmdict-waller,JMdict:1338180;waller-n5.csv:line-361,Community estimate: Waller via stephenmk; not an official JLPT word list
ja-n5-00361,立つ,たつ,"1. to stand (up); to rise; to get to one's feet; to stand on end (e.g. of hairs); to stick up | 2. to stand (in a position; of a person, tree, building, etc.); to be situated (in, on) | 3. to be (in difficulties, the lead, etc.); to put oneself (in a position or situation); to take up (a position, post, etc.); to position oneself | 4. to leave (to do something) | 5. to depart (on a journey, trip, etc.); to leave; to set off; to start | 6. to get stuck (into; of an arrow, thorn etc.); to pierce | 7. to develop (of a haze, waves, etc.); to form (of steam, bubbles, etc.); to appear (of a rainbow, clouds, etc.); to rise (of smoke, waves, etc.); to begin to blow (of a wind, breeze, etc.) | 8. to spread (of a rumour, reputation, etc.); to be become widely known | 9. to stand (for election); to run | 10. to take action; to act; to rise (up); to rouse oneself | 11. to have an erection; to become erect (e.g. of nipples) [colloquial] | 12. to be established (of a policy, plan, objective, etc.); to be formed | 13. to be valid (of an argument, logic, etc.); to hold up; to hold water; to stand up (e.g. of evidence); to be logical; to be reasonable | 14. to be sustained (of a living, business, etc.); to be maintained; to survive; to be preserved (of one's reputation, honour, etc.); to be saved | 15. to start (of a season); to begin | 16. to be held (of a market) | 17. to shut (of a door, shoji, etc.); to be shut; to be closed | 18. to be (the result of a division)",Godan verb with 'tsu' ending; intransitive verb,general-language,jmdict-waller,JMdict:1597040;waller-n5.csv:line-362,Community estimate: Waller via stephenmk; not an official JLPT word list
ja-n5-00362,縦,たて,1. the vertical; height | 2. front-to-back; length | 3. north-to-south | 4. vertical (relationship); hierarchy | 5. (weaving) warp,noun (common) (futsuumeishi); nouns which may take the genitive case particle 'no',general-language,jmdict-waller,JMdict:1335640;waller-n5.csv:line-363,Community estimate: Waller via stephenmk; not an official JLPT word list
ja-n5-00363,建物,たてもの,1. building,noun (common) (futsuumeishi),general-language,jmdict-waller,JMdict:1257540;waller-n5.csv:line-364,Community estimate: Waller via stephenmk; not an official JLPT word list
ja-n5-00364,楽しい,たのしい,1. enjoyable; fun; pleasant; happy; delightful,adjective (keiyoushi),thought-and-feeling,jmdict-waller,JMdict:1207240;waller-n5.csv:line-365,Community estimate: Waller via stephenmk; not an official JLPT word list
ja-n5-00365,頼む,たのむ,1. to request; to beg; to ask | 2. to call; to order; to reserve | 3. to entrust to | 4. to rely on | 5. please; please do; help me out here [colloquial],Godan verb with 'mu' ending; transitive verb; interjection (kandoushi),general-language,jmdict-waller,JMdict:1548370;waller-n5.csv:line-366,Community estimate: Waller via stephenmk; not an official JLPT word list
ja-n5-00366,たばこ,たばこ,1. tobacco; cigarette; cigar [word usually written using kana alone] | 2. tobacco plant (Nicotiana tabacum) [word usually written using kana alone],noun (common) (futsuumeishi),general-language,jmdict-waller,JMdict:1597150;waller-n5.csv:line-367,Community estimate: Waller via stephenmk; not an official JLPT word list
ja-n5-00367,多分,たぶん,1. probably; likely; perhaps; maybe | 2. a lot of; much; many; considerable; large (amount); generous,adverb (fukushi); nouns which may take the genitive case particle 'no'; adjectival nouns or quasi-adjectives (keiyodoshi),general-language,jmdict-waller,JMdict:1407980;waller-n5.csv:line-368,Community estimate: Waller via stephenmk; not an official JLPT word list
ja-n5-00368,食べ物,たべもの,1. food,noun (common) (futsuumeishi),food-and-dining,jmdict-waller,JMdict:1358340;waller-n5.csv:line-369,Community estimate: Waller via stephenmk; not an official JLPT word list
ja-n5-00369,食べる,たべる,1. to eat | 2. to live on (e.g. a salary); to live off; to subsist on,Ichidan verb; transitive verb,food-and-dining,jmdict-waller,JMdict:1358280;waller-n5.csv:line-370,Community estimate: Waller via stephenmk; not an official JLPT word list
ja-n5-00370,卵,たまご,"1. eggs; egg; spawn; roe | 2. (hen's) egg | 3. a ... in the making; future (lawyer, doctor, etc.); budding ... | 4. beginning; origin; infancy",noun (common) (futsuumeishi),general-language,jmdict-waller,JMdict:1549140;waller-n5.csv:line-371,Community estimate: Waller via stephenmk; not an official JLPT word list
ja-n5-00371,誰,だれ,1. who,pronoun,general-language,jmdict-waller,JMdict:1416830;waller-n5.csv:line-372,Community estimate: Waller via stephenmk; not an official JLPT word list
ja-n5-00372,誰か,だれか,1. someone; somebody,pronoun,general-language,jmdict-waller,JMdict:1416840;waller-n5.csv:line-373,Community estimate: Waller via stephenmk; not an official JLPT word list
ja-n5-00373,誕生日,たんじょうび,1. birthday,noun (common) (futsuumeishi),general-language,jmdict-waller,JMdict:1419110;waller-n5.csv:line-374,Community estimate: Waller via stephenmk; not an official JLPT word list
ja-n5-00374,だんだん,だんだん,1. thank you (Izumo dialect),interjection (kandoushi),general-language,jmdict-waller,JMdict:2546180;waller-n5.csv:line-375,Community estimate: Waller via stephenmk; not an official JLPT word list
ja-n5-00375,小さい,ちいさい,"1. small; little; tiny | 2. slight; below average (in degree, amount, etc.); minor; small | 3. low (e.g. sound); soft (e.g. voice) | 4. unimportant; petty; insignificant; trifling; trivial | 5. young; juvenile",adjective (keiyoushi),general-language,jmdict-waller,JMdict:1347750;waller-n5.csv:line-376,Community estimate: Waller via stephenmk; not an official JLPT word list
ja-n5-00376,小さな,ちいさな,1. small; little; tiny,pre-noun adjectival (rentaishi),general-language,jmdict-waller,JMdict:2136180;waller-n5.csv:line-377,Community estimate: Waller via stephenmk; not an official JLPT word list
ja-n5-00377,近い,ちかい,1. near; close; short (distance) | 2. close (in time); soon | 3. close (relationship); friendly; intimate | 4. closely related | 5. similar; almost the same; close to; nearly,adjective (keiyoushi),general-language,jmdict-waller,JMdict:1242130;waller-n5.csv:line-378,Community estimate: Waller via stephenmk; not an official JLPT word list
ja-n5-00378,違う,ちがう,1. to differ (from); to be different; to be distinct; to be unlike; to vary; to disagree (with) | 2. to be wrong; to be incorrect; to be mistaken | 3. to become abnormal; to go wrong | 4. isn't it?; wasn't it? [Kansai-ben],"Godan verb with 'u' ending; intransitive verb; expressions (phrases, clauses, etc.)",general-language,jmdict-waller,JMdict:1158880;waller-n5.csv:line-379,Community estimate: Waller via stephenmk; not an official JLPT word list
ja-n5-00379,近く,ちかく,"1. near; neighbourhood; neighborhood; vicinity | 2. nearly (e.g. ""it took nearly one year""); close to | 3. shortly; soon","noun (common) (futsuumeishi); nouns which may take the genitive case particle 'no'; adverb (fukushi); noun, used as a suffix",general-language,jmdict-waller,JMdict:1242160;waller-n5.csv:line-380,Community estimate: Waller via stephenmk; not an official JLPT word list
ja-n5-00380,地下鉄,ちかてつ,1. subway; metro; underground (railway) [abbreviation],noun (common) (futsuumeishi),general-language,jmdict-waller,JMdict:1420900;waller-n5.csv:line-381,Community estimate: Waller via stephenmk; not an official JLPT word list
ja-n5-00381,地図,ちず,1. map; atlas; chart; plan,noun (common) (futsuumeishi),general-language,jmdict-waller,JMdict:1421290;waller-n5.csv:line-382,Community estimate: Waller via stephenmk; not an official JLPT word list
ja-n5-00382,茶色,ちゃいろ,1. brown; light brown; tawny,noun (common) (futsuumeishi); nouns which may take the genitive case particle 'no',general-language,jmdict-waller,JMdict:1422720;waller-n5.csv:line-383,Community estimate: Waller via stephenmk; not an official JLPT word list
ja-n5-00383,ちゃわん,ちゃわん,1. rice bowl; tea cup; teacup,noun (common) (futsuumeishi),food-and-dining,jmdict-waller,JMdict:1597530;waller-n5.csv:line-384,Community estimate: Waller via stephenmk; not an official JLPT word list
ja-n5-00384,丁度,ちょうど,1. exactly; precisely; just; right; opportunely; fortunately [word usually written using kana alone] | 2. just (like); as if; as though [word usually written using kana alone],adverb (fukushi),general-language,jmdict-waller,JMdict:1427340;waller-n5.csv:line-385,Community estimate: Waller via stephenmk; not an official JLPT word list
ja-n5-00385,ちょっと,ちょっと,"1. a little; a bit; slightly [word usually written using kana alone] | 2. just a minute; for a moment; briefly [word usually written using kana alone] | 3. somewhat; rather; fairly; pretty; quite [word usually written using kana alone] | 4. (not) easily; (not) readily [word usually written using kana alone] (before a verb in negative form) | 5. hey!; come on; excuse me [word usually written using kana alone] | 6. thanks, but no; not feasible; not possible [word usually written using kana alone] | 7. a little more than (a week, month, etc.); slightly more than [colloquial; word usually written using kana alone] (after an amount)","adverb (fukushi); interjection (kandoushi); expressions (phrases, clauses, etc.); suffix",general-language,jmdict-waller,JMdict:1163940;waller-n5.csv:line-386,Community estimate: Waller via stephenmk; not an official JLPT word list
ja-n5-00386,一日,ついたち,1. first day of the month; the first of the month,noun (common) (futsuumeishi),time-and-quantity,jmdict-waller,JMdict:2225040;waller-n5.csv:line-387,Community estimate: Waller via stephenmk; not an official JLPT word list
ja-n5-00387,使う,つかう,"1. to use (a tool, method, etc.); to make use of; to put to use | 2. to use (a person, animal, puppet, etc.); to employ; to handle; to manage; to manipulate | 3. to use (time, money, etc.); to spend; to consume | 4. to use (language); to speak",Godan verb with 'u' ending; transitive verb,general-language,jmdict-waller,JMdict:1305990;waller-n5.csv:line-388,Community estimate: Waller via stephenmk; not an official JLPT word list
ja-n5-00388,疲れる,つかれる,1. to get tired; to tire; to get fatigued; to become exhausted; to grow weary | 2. to become worn out (of a well-used object) | 3. to starve [archaic],Ichidan verb; intransitive verb,general-language,jmdict-waller,JMdict:1483740;waller-n5.csv:line-389,Community estimate: Waller via stephenmk; not an official JLPT word list
ja-n5-00389,次,つぎ,1. next; following; subsequent | 2. stage; station,noun (common) (futsuumeishi); nouns which may take the genitive case particle 'no',general-language,jmdict-waller,JMdict:1316380;waller-n5.csv:line-390,Community estimate: Waller via stephenmk; not an official JLPT word list
ja-n5-00390,着く,つく,1. to arrive at; to reach | 2. to sit on; to sit at (e.g. the table),Godan verb with 'ku' ending; intransitive verb,general-language,jmdict-waller,JMdict:1422970;waller-n5.csv:line-391,Community estimate: Waller via stephenmk; not an official JLPT word list
ja-n5-00391,机,つくえ,1. desk,noun (common) (futsuumeishi),general-language,jmdict-waller,JMdict:1220210;waller-n5.csv:line-392,Community estimate: Waller via stephenmk; not an official JLPT word list
ja-n5-00392,作る,つくる,"1. to make; to produce; to manufacture; to build; to construct | 2. to prepare (food); to brew (alcohol) | 3. to raise; to grow; to cultivate; to train | 4. to till | 5. to draw up (a document); to make out; to prepare; to write | 6. to create (an artistic work, etc.); to compose | 7. to coin (a phrase); to organize; to organise; to establish; to found | 8. to have (a child) | 9. to make up (one's face, etc.) | 10. to fabricate (an excuse, etc.) | 11. to give a (false) appearance; to feign (a smile, etc.); to put on a show of emotion | 12. to form (a line, etc.) | 13. to set (a record) | 14. to commit (a sin, etc.)",Godan verb with 'ru' ending; transitive verb,general-language,jmdict-waller,JMdict:1597890;waller-n5.csv:line-393,Community estimate: Waller via stephenmk; not an official JLPT word list
ja-n5-00393,付ける,つける,1. to attach; to join; to connect; to add; to append; to affix; to stick; to glue; to fasten; to sew on; to apply (ointment); to put against [word usually written using kana alone] | 2. to furnish (a house with) [word usually written using kana alone] | 3. to wear; to put on [word usually written using kana alone] | 4. to keep a diary; to make an entry [word usually written using kana alone] | 5. to appraise; to set (a price) [word usually written using kana alone] | 6. to allot; to budget; to assign [word usually written using kana alone] | 7. to bring alongside [word usually written using kana alone] | 8. to place (under guard or doctor) [word usually written using kana alone] | 9. to follow (someone); to shadow; to tail; to stalk [word usually written using kana alone] | 10. to load; to give (courage to) [word usually written using kana alone] | 11. to keep (an eye on) [word usually written using kana alone] | 12. to establish (relations or understanding) [word usually written using kana alone] | 13. to turn on (a light) [word usually written using kana alone] | 14. to produce flowers (of a plant); to produce fruit [word usually written using kana alone] | 15. to attach; to play an attachment [go (game); word usually written using kana alone] | 16. to do intensely; to do fiercely; to do strongly [word usually written using kana alone] (after -masu stem of verb) | 17. to be used to (doing); to be accustomed to [word usually written using kana alone] (after -masu stem of verb),Ichidan verb; transitive verb; suffix,general-language,jmdict-waller,JMdict:1495770;waller-n5.csv:line-394,Community estimate: Waller via stephenmk; not an official JLPT word list
ja-n5-00394,勤める,つとめる,"1. to work (for, at, in); to be employed (at); to serve (as) | 2. to finish (a term); to serve (e.g. a sentence); to serve out (e.g. an apprenticeship) | 3. to conduct (a ceremony); to perform (a Buddhist memorial service) | 4. to pratice (Buddhist teachings); to study (Buddhism)",Ichidan verb; transitive verb; intransitive verb,study-work-and-communication,jmdict-waller,JMdict:1240825;waller-n5.csv:line-395,Community estimate: Waller via stephenmk; not an official JLPT word list
ja-n5-00395,つまらない,つまらない,1. dull; uninteresting; boring; tedious [word usually written using kana alone] | 2. insignificant; unimportant; trifling; trivial; worthless [word usually written using kana alone] | 3. absurd; foolish; silly; stupid [word usually written using kana alone] | 4. useless; pointless; disappointing [word usually written using kana alone],adjective (keiyoushi),general-language,jmdict-waller,JMdict:1008190;waller-n5.csv:line-396,Community estimate: Waller via stephenmk; not an official JLPT word list
ja-n5-00396,冷たい,つめたい,1. cold (to the touch); chilly; icy; freezing | 2. (emotionally) cold; coldhearted; unfeeling; indifferent; unfriendly; distant,adjective (keiyoushi),general-language,jmdict-waller,JMdict:1556730;waller-n5.csv:line-397,Community estimate: Waller via stephenmk; not an official JLPT word list
ja-n5-00397,強い,つよい,1. strong; potent; competent; domineering; tough | 2. strong; brawny; powerful; healthy; rugged | 3. good (at); skilled; knowledgeable | 4. being able to handle; know how to deal (with); durable (against); resistant (to); resilient | 5. firm; rigid; solid | 6. intense; strong; fierce; high | 7. dependable; trustworthy,adjective (keiyoushi),general-language,jmdict-waller,JMdict:1236070;waller-n5.csv:line-398,Community estimate: Waller via stephenmk; not an official JLPT word list
ja-n5-00398,手,て,"1. hand; arm | 2. forepaw; foreleg [colloquial] | 3. handle | 4. hand; worker; help | 5. trouble; care; effort | 6. means; way; trick; move; technique; workmanship | 7. hand; handwriting | 8. kind; type; sort | 9. one's hands; one's possession | 10. ability to cope | 11. hand (of cards) | 12. direction | 13. move (in go, shogi, etc.)","noun (common) (futsuumeishi); noun, used as a suffix; counter",health-and-body,jmdict-waller,JMdict:1327190;waller-n5.csv:line-399,Community estimate: Waller via stephenmk; not an official JLPT word list
ja-n5-00399,テープ,テープ,1. tape,noun (common) (futsuumeishi),general-language,jmdict-waller,JMdict:1078750;waller-n5.csv:line-400,Community estimate: Waller via stephenmk; not an official JLPT word list
ja-n5-00400,テーブル,テーブル,1. table,noun (common) (futsuumeishi),general-language,jmdict-waller,JMdict:1078630;waller-n5.csv:line-401,Community estimate: Waller via stephenmk; not an official JLPT word list
ja-n5-00401,テープレコーダー,テープレコーダー,1. tape recorder,noun (common) (futsuumeishi),general-language,jmdict-waller,JMdict:1078810;waller-n5.csv:line-402,Community estimate: Waller via stephenmk; not an official JLPT word list
ja-n5-00402,出かける,でかける,1. to go out (e.g. on an excursion or outing); to leave; to depart; to start; to set out | 2. to be about to leave; to be just going out,Ichidan verb; intransitive verb,general-language,jmdict-waller,JMdict:1598550;waller-n5.csv:line-403,Community estimate: Waller via stephenmk; not an official JLPT word list
ja-n5-00403,手紙,てがみ,1. letter; note,noun (common) (futsuumeishi),study-work-and-communication,jmdict-waller,JMdict:1327720;waller-n5.csv:line-404,Community estimate: Waller via stephenmk; not an official JLPT word list
ja-n5-00404,出来る,できる,"1. to be able to do; to be possible; to be permitted (to do) [word usually written using kana alone] | 2. to be good at; to do well; to be proficient (in); to be capable [word usually written using kana alone] | 3. to come into existence; to form; to appear; to come up (of a matter); to be born; to make (a friend); to get (a girlfriend, free time, etc.) [word usually written using kana alone] | 4. to be made; to be built; to be constructed; to be formed; to be established; to be set up [word usually written using kana alone] | 5. to be finished; to be completed; to be done; to be ready [word usually written using kana alone] | 6. to grow (of a crop); to be produced [word usually written using kana alone] | 7. to be mature and well-balanced; to be of fine character [word usually written using kana alone] | 8. to be by nature; to be born ... [word usually written using kana alone] | 9. to become (sexually) involved (with); to become intimate (with); to take up (with someone) [word usually written using kana alone; colloquial] | 10. to get pregnant [word usually written using kana alone; colloquial]",Ichidan verb; intransitive verb,general-language,jmdict-waller,JMdict:1340450;waller-n5.csv:line-405,Community estimate: Waller via stephenmk; not an official JLPT word list
ja-n5-00405,出口,でぐち,1. exit; way out | 2. outlet; vent,noun (common) (futsuumeishi),general-language,jmdict-waller,JMdict:1338850;waller-n5.csv:line-406,Community estimate: Waller via stephenmk; not an official JLPT word list
ja-n5-00406,テスト,テスト,"1. test (of ability, knowledge, etc.); exam; examination; quiz | 2. test (of performance, quality, etc.); trial | 3. rehearsal",noun (common) (futsuumeishi); noun or participle which takes the aux. verb suru; transitive verb,general-language,jmdict-waller,JMdict:1079760;waller-n5.csv:line-407,Community estimate: Waller via stephenmk; not an official JLPT word list
ja-n5-00407,では,では,1. then; well; so; well then | 2. bye then | 3. at; in; by; with; using | 4. if not ...; unless ... [archaic] (after a -nai stem),"conjunction; interjection (kandoushi); expressions (phrases, clauses, etc.)",general-language,jmdict-waller,JMdict:1008450;waller-n5.csv:line-408,Community estimate: Waller via stephenmk; not an official JLPT word list
ja-n5-00408,デパート,デパート,1. department store [abbreviation] | 2. department [abbreviation],noun (common) (futsuumeishi),general-language,jmdict-waller,JMdict:1083590;waller-n5.csv:line-409,Community estimate: Waller via stephenmk; not an official JLPT word list
ja-n5-00409,でも,でも,"1. but; however; though; nevertheless; still; yet; even so; also; as well | 2. even | 3. however; no matter how; even if; even though | 4. ... or something | 5. either ... or ...; neither ... nor ... | 6. pseudo-; quack; in-name-only (before an occupation, etc.) | 7. for lack of anything better to do (before an occupation, etc.)",conjunction; particle; prefix,general-language,jmdict-waller,JMdict:1008460;waller-n5.csv:line-410,Community estimate: Waller via stephenmk; not an official JLPT word list
ja-n5-00410,出る,でる,"1. to leave; to exit; to go out; to come out; to get out | 2. to leave (on a journey); to depart; to start out; to set out | 3. to move forward | 4. to come to; to get to; to lead to; to reach | 5. to appear; to come out; to emerge; to surface; to come forth; to turn up; to be found; to be detected; to be discovered; to be exposed; to show; to be exhibited; to be on display | 6. to appear (in print); to be published; to be announced; to be issued; to be listed; to come out | 7. to attend; to participate; to take part; to enter (an event); to play in; to perform | 8. to be stated; to be expressed; to come up; to be brought up; to be raised | 9. to sell | 10. to exceed; to go over | 11. to stick out; to protrude | 12. to break out; to occur; to start; to originate | 13. to be produced | 14. to come from; to be derived from | 15. to be given; to get; to receive; to be offered; to be provided; to be presented; to be submitted; to be handed in; to be turned in; to be paid | 16. to answer (phone, door, etc.); to get | 17. to assume (an attitude); to act; to behave | 18. to pick up (speed, etc.); to gain | 19. to flow (e.g. tears); to run; to bleed | 20. to graduate | 21. to ejaculate; to cum [vulgar expression or word]",Ichidan verb; intransitive verb,general-language,jmdict-waller,JMdict:1338240;waller-n5.csv:line-411,Community estimate: Waller via stephenmk; not an official JLPT word list
ja-n5-00411,テレビ,テレビ,1. television; TV [abbreviation] | 2. TV program; TV programme; TV broadcast,noun (common) (futsuumeishi),general-language,jmdict-waller,JMdict:1080510;waller-n5.csv:line-412,Community estimate: Waller via stephenmk; not an official JLPT word list
ja-n5-00412,天気,てんき,1. weather | 2. fair weather; fine weather,noun (common) (futsuumeishi),nature-and-science,jmdict-waller,JMdict:1438690;waller-n5.csv:line-413,Community estimate: Waller via stephenmk; not an official JLPT word list
ja-n5-00413,電気,でんき,1. electricity | 2. (electric) light,noun (common) (futsuumeishi),general-language,jmdict-waller,JMdict:1443000;waller-n5.csv:line-414,Community estimate: Waller via stephenmk; not an official JLPT word list
ja-n5-00414,電車,でんしゃ,1. train; electric train,noun (common) (futsuumeishi),travel-and-places,jmdict-waller,JMdict:1443530;waller-n5.csv:line-415,Community estimate: Waller via stephenmk; not an official JLPT word list
ja-n5-00415,電話,でんわ,1. telephone call; phone call | 2. telephone (device); phone [abbreviation],noun (common) (futsuumeishi); noun or participle which takes the aux. verb suru; transitive verb; intransitive verb,general-language,jmdict-waller,JMdict:1443840;waller-n5.csv:line-416,Community estimate: Waller via stephenmk; not an official JLPT word list
ja-n5-00416,戸,と,1. door (esp. Japanese-style) | 2. shutter; window shutter | 3. entrance (to a home) [archaic] | 4. narrows [archaic],noun (common) (futsuumeishi),home-and-daily-life,jmdict-waller,JMdict:1266970;waller-n5.csv:line-417,Community estimate: Waller via stephenmk; not an official JLPT word list
ja-n5-00417,ドア,ドア,1. door,noun (common) (futsuumeishi),home-and-daily-life,jmdict-waller,JMdict:1087820;waller-n5.csv:line-418,Community estimate: Waller via stephenmk; not an official JLPT word list
ja-n5-00418,トイレ,トイレ,1. toilet; restroom; bathroom; lavatory [abbreviation] | 2. going to the toilet; relieving oneself,noun (common) (futsuumeishi),general-language,jmdict-waller,JMdict:1084810;waller-n5.csv:line-419,Community estimate: Waller via stephenmk; not an official JLPT word list
ja-n5-00419,如何,どう,1. how; in what way; how about [word usually written using kana alone],adverb (fukushi),general-language,jmdict-waller,JMdict:1008910;waller-n5.csv:line-420,Community estimate: Waller via stephenmk; not an official JLPT word list
ja-n5-00420,どうして,どうして,1. how; in what way; by what means [word usually written using kana alone] | 2. why; for what reason; for what purpose; what for [word usually written using kana alone] | 3. cannot possibly [word usually written using kana alone] | 4. no way [word usually written using kana alone],adverb (fukushi); interjection (kandoushi),general-language,jmdict-waller,JMdict:1466940;waller-n5.csv:line-421,Community estimate: Waller via stephenmk; not an official JLPT word list
ja-n5-00421,どうぞ,どうぞ,1. please; kindly; pray; I beg (of you) | 2. by all means; certainly; of course; (go) ahead; (feel) free (to); (you are) welcome (to); please (help yourself to) (when giving permission or accepting a request) | 3. here you are (when handing something to someone) | 4. to give [children's language],adverb (fukushi); noun or participle which takes the aux. verb suru,general-language,jmdict-waller,JMdict:1189130;waller-n5.csv:line-422,Community estimate: Waller via stephenmk; not an official JLPT word list
ja-n5-00422,動物,どうぶつ,1. animal,noun (common) (futsuumeishi),nature-and-science,jmdict-waller,JMdict:1451470;waller-n5.csv:line-423,Community estimate: Waller via stephenmk; not an official JLPT word list
ja-n5-00423,どうも,どうも,"1. thank you; thanks [abbreviation] | 2. much (thanks); very (sorry); quite (regret) | 3. quite; really; mostly | 4. somehow | 5. in spite of oneself; try as one might; no matter how hard one may try (to, not to) | 6. greetings; hello; goodbye",interjection (kandoushi); adverb (fukushi),general-language,jmdict-waller,JMdict:1009000;waller-n5.csv:line-424,Community estimate: Waller via stephenmk; not an official JLPT word list
ja-n5-00424,遠い,とおい,"1. far; distant; far away; a long way off; in the distance | 2. distant (past); remote (in time); remote; far-removed (in time) | 3. distant (relationship or kinship); having little to do (with someone) | 4. far (from something else in quality, degree, etc.); not similar; way off | 5. hard (of hearing) | 6. nearsighted",adjective (keiyoushi),general-language,jmdict-waller,JMdict:1177800;waller-n5.csv:line-425,Community estimate: Waller via stephenmk; not an official JLPT word list
ja-n5-00425,十日,とおか,1. 10th day of the month | 2. ten days,noun (common) (futsuumeishi),time-and-quantity,jmdict-waller,JMdict:1335000;waller-n5.csv:line-426,Community estimate: Waller via stephenmk; not an official JLPT word list
ja-n5-00426,時々,ときどき,1. sometimes; occasionally; at times; from time to time; now and then; once in a while; at intervals | 2. seasonal; of the season; appropriate (for the season or occasion),adverb (fukushi); nouns which may take the genitive case particle 'no'; noun (common) (futsuumeishi),time-and-quantity,jmdict-waller,JMdict:1598680;waller-n5.csv:line-427,Community estimate: Waller via stephenmk; not an official JLPT word list
ja-n5-00427,時計,とけい,1. clock; watch; timepiece,noun (common) (futsuumeishi),general-language,jmdict-waller,JMdict:1316140;waller-n5.csv:line-428,Community estimate: Waller via stephenmk; not an official JLPT word list
ja-n5-00428,どこ,どこ,"1. where; what place [word usually written using kana alone] | 2. how much (long, far); what extent [word usually written using kana alone]",pronoun,travel-and-places,jmdict-waller,JMdict:1577140;waller-n5.csv:line-429,Community estimate: Waller via stephenmk; not an official JLPT word list
ja-n5-00429,所,ところ,1. place; spot; scene; site | 2. address [word usually written using kana alone] | 3. district; area; locality [word usually written using kana alone] | 4. one's house [word usually written using kana alone] | 5. point; aspect; side; facet [word usually written using kana alone] | 6. passage (in text); part [word usually written using kana alone] | 7. space; room [word usually written using kana alone] | 8. thing; matter [word usually written using kana alone] | 9. whereupon; as a result [word usually written using kana alone] (after the plain past form of a verb) | 10. about to; on the verge of [word usually written using kana alone] (after present form of a verb) | 11. was just doing; was in the process of doing; have just done; just finished doing [word usually written using kana alone] (after past form of a verb) | 12. approximately; around; about [word usually written using kana alone],noun (common) (futsuumeishi); adverb (fukushi); suffix,travel-and-places,jmdict-waller,JMdict:1343100;waller-n5.csv:line-430,Community estimate: Waller via stephenmk; not an official JLPT word list
ja-n5-00430,年,とし,1. year | 2. age; years | 3. past one's prime; old age,noun (common) (futsuumeishi),time-and-quantity,jmdict-waller,JMdict:1468060;waller-n5.csv:line-431,Community estimate: Waller via stephenmk; not an official JLPT word list
ja-n5-00431,図書館,としょかん,1. library,noun (common) (futsuumeishi),general-language,jmdict-waller,JMdict:1370420;waller-n5.csv:line-432,Community estimate: Waller via stephenmk; not an official JLPT word list
ja-n5-00432,どちら,どちら,1. which way; which direction; where [word usually written using kana alone] | 2. which one (esp. of two alternatives) [word usually written using kana alone] | 3. who [word usually written using kana alone],pronoun,travel-and-places,jmdict-waller,JMdict:1189360;waller-n5.csv:line-433,Community estimate: Waller via stephenmk; not an official JLPT word list
ja-n5-00433,どっち,どっち,1. which way; which direction; where [word usually written using kana alone] | 2. which one (esp. of two alternatives) [word usually written using kana alone] | 3. who [word usually written using kana alone],pronoun,travel-and-places,jmdict-waller,JMdict:1189360;waller-n5.csv:line-434,Community estimate: Waller via stephenmk; not an official JLPT word list
ja-n5-00434,とても,とても,1. very; awfully; exceedingly [word usually written using kana alone] | 2. (not) at all; by no means; simply (cannot) [word usually written using kana alone] (before a negative form),adverb (fukushi),general-language,jmdict-waller,JMdict:1008630;waller-n5.csv:line-435,Community estimate: Waller via stephenmk; not an official JLPT word list
ja-n5-00435,どなた,どなた,1. who [word usually written using kana alone; honorific or respectful (sonkeigo) language],pronoun,study-work-and-communication,jmdict-waller,JMdict:1189370;waller-n5.csv:line-436,Community estimate: Waller via stephenmk; not an official JLPT word list
ja-n5-00436,隣,となり,1. next (to); adjoining; adjacent | 2. house next door; neighbouring house; next-door neighbour; next-door neighbor,nouns which may take the genitive case particle 'no'; noun (common) (futsuumeishi),general-language,jmdict-waller,JMdict:1555830;waller-n5.csv:line-437,Community estimate: Waller via stephenmk; not an official JLPT word list
ja-n5-00437,何の,どの,1. which; what (way) [word usually written using kana alone],pre-noun adjectival (rentaishi),general-language,jmdict-waller,JMdict:1920240;waller-n5.csv:line-438,Community estimate: Waller via stephenmk; not an official JLPT word list
ja-n5-00438,飛ぶ,とぶ,"1. to fly; to soar | 2. to jump; to leap; to spring; to bound; to hop | 3. to spatter; to scatter; to splash; to fly (e.g. of sparks) | 4. to hurry; to rush | 5. to flee; to run off; to escape | 6. to disappear; to vanish; to fade; to thin out | 7. to break off; to come off; to fall off; to blow (of a fuse) | 8. to be sent out (of an order); to fly (of false rumours, catcalls, etc.) | 9. to come flying (of a punch, kick, etc.) | 10. to be missing (of a page, stitch, etc.); to skip; to jump (e.g. of a conversation)",Godan verb with 'bu' ending; intransitive verb,general-language,jmdict-waller,JMdict:1429700;waller-n5.csv:line-439,Community estimate: Waller via stephenmk; not an official JLPT word list
ja-n5-00439,止まる,とまる,"1. to stop (moving); to come to a stop | 2. to stop (doing, working, being supplied); to come to a halt; to cease; to be stopped; to be suspended | 3. to alight; to perch on",Godan verb with 'ru' ending; intransitive verb,general-language,jmdict-waller,JMdict:1310620;waller-n5.csv:line-440,Community estimate: Waller via stephenmk; not an official JLPT word list
ja-n5-00440,友達,ともだち,1. friend; companion,noun (common) (futsuumeishi),people-and-relationships,jmdict-waller,JMdict:1540170;waller-n5.csv:line-441,Community estimate: Waller via stephenmk; not an official JLPT word list
ja-n5-00441,土曜日,どようび,1. Saturday,noun (common) (futsuumeishi); adverb (fukushi),general-language,jmdict-waller,JMdict:1445590;waller-n5.csv:line-442,Community estimate: Waller via stephenmk; not an official JLPT word list
ja-n5-00442,鳥,とり,1. bird | 2. bird meat (esp. chicken meat); fowl; poultry,noun (common) (futsuumeishi),general-language,jmdict-waller,JMdict:1430250;waller-n5.csv:line-443,Community estimate: Waller via stephenmk; not an official JLPT word list
ja-n5-00443,とり肉,とりにく,1. chicken meat,noun (common) (futsuumeishi),food-and-dining,jmdict-waller,JMdict:1253020;waller-n5.csv:line-444,Community estimate: Waller via stephenmk; not an official JLPT word list
ja-n5-00444,取る,とる,"1. to take; to pick up; to grab; to catch; to hold | 2. to pass; to hand; to give | 3. to get; to obtain; to acquire; to win; to receive; to earn; to take (e.g. a vacation) | 4. to adopt (a method, proposal, etc.); to take (a measure, attitude, etc.); to choose | 5. to remove; to get rid of; to take off | 6. to take away; to steal; to rob | 7. to eat; to have (e.g. lunch); to take (e.g. vitamins) | 8. to pick (e.g. flowers); to gather; to extract (e.g. juice); to catch (e.g. fish); to harvest (a crop) | 9. to take up (time, space); to occupy; to spare; to set aside | 10. to secure; to reserve; to save; to put aside; to keep | 11. to take (e.g. a joke); to interpret; to understand; to make out; to grasp | 12. to record; to take down | 13. to subscribe to (e.g. a newspaper); to take; to buy; to get | 14. to order; to have delivered | 15. to charge; to fine; to take (tax) | 16. to take (e.g. a wife); to take on (e.g. an apprentice); to adopt; to accept | 17. to take control of; to take (the rudder) | 18. to compete (in sumo, cards, etc.); to play",Godan verb with 'ru' ending; transitive verb,general-language,jmdict-waller,JMdict:1326980;waller-n5.csv:line-445,Community estimate: Waller via stephenmk; not an official JLPT word list
ja-n5-00445,撮る,とる,1. to take (a photograph) | 2. to record (audio or video); to film; to shoot,Godan verb with 'ru' ending; transitive verb,general-language,jmdict-waller,JMdict:1298790;waller-n5.csv:line-446,Community estimate: Waller via stephenmk; not an official JLPT word list
ja-n5-00446,どれ,どれ,1. which (of three or more) [word usually written using kana alone] | 2. well; now; c'mon [word usually written using kana alone],pronoun; interjection (kandoushi),general-language,jmdict-waller,JMdict:1009290;waller-n5.csv:line-447,Community estimate: Waller via stephenmk; not an official JLPT word list
ja-n5-00447,ナイフ,ナイフ,1. knife,noun (common) (futsuumeishi),general-language,jmdict-waller,JMdict:1089890;waller-n5.csv:line-448,Community estimate: Waller via stephenmk; not an official JLPT word list
ja-n5-00448,中,なか,"1. inside; interior | 2. among; within | 3. middle; center; centre | 4. during; while; middle; midst; amid | 5. interval; gap | 6. mean; average | 7. second (of three, e.g. sons, volumes); middle | 8. medium grade; medium quality | 9. red-light district [archaic]",noun (common) (futsuumeishi); adverb (fukushi); nouns which may take the genitive case particle 'no',general-language,jmdict-waller,JMdict:1423310;waller-n5.csv:line-449,Community estimate: Waller via stephenmk; not an official JLPT word list
ja-n5-00449,長い,ながい,"1. long (distance, length) | 2. long (time); protracted; prolonged",adjective (keiyoushi),general-language,jmdict-waller,JMdict:1429750;waller-n5.csv:line-450,Community estimate: Waller via stephenmk; not an official JLPT word list
ja-n5-00450,鳴く,なく,"1. to make sound (of an animal); to call; to cry; to whine; to sing; to chirp | 2. to make a meld call (e.g. pung, kong) [mahjong]",Godan verb with 'ku' ending; intransitive verb,nature-and-science,jmdict-waller,JMdict:1532870;waller-n5.csv:line-451,Community estimate: Waller via stephenmk; not an official JLPT word list
ja-n5-00451,無くす,なくす,1. to lose (something) [word usually written using kana alone] | 2. to get rid of; to eliminate; to remove; to eradicate; to abolish [word usually written using kana alone],Godan verb with 'su' ending; transitive verb,general-language,jmdict-waller,JMdict:1529530;waller-n5.csv:line-452,Community estimate: Waller via stephenmk; not an official JLPT word list
ja-n5-00452,なぜ,なぜ,1. why; how; for what reason [word usually written using kana alone],adverb (fukushi),thought-and-feeling,jmdict-waller,JMdict:1577120;waller-n5.csv:line-453,Community estimate: Waller via stephenmk; not an official JLPT word list
ja-n5-00453,夏,なつ,1. summer,noun (common) (futsuumeishi); adverb (fukushi),general-language,jmdict-waller,JMdict:1191320;waller-n5.csv:line-454,Community estimate: Waller via stephenmk; not an official JLPT word list
ja-n5-00454,夏休み,なつやすみ,1. summer vacation; summer holiday,noun (common) (futsuumeishi),general-language,jmdict-waller,JMdict:1191420;waller-n5.csv:line-455,Community estimate: Waller via stephenmk; not an official JLPT word list
ja-n5-00455,など,など,1. et cetera; etc.; and the like; and so forth [word usually written using kana alone] | 2. or something [word usually written using kana alone] (after an approximate quote or vague suggestion) | 3. the likes of [word usually written using kana alone] (lessening the significance or value of the previous word) | 4. for example; for instance; for one [word usually written using kana alone],particle,general-language,jmdict-waller,JMdict:1582300;waller-n5.csv:line-456,Community estimate: Waller via stephenmk; not an official JLPT word list
ja-n5-00456,七つ,ななつ,1. seven | 2. seven years of age | 3. four o'clock (old time system),numeric; noun (common) (futsuumeishi),general-language,jmdict-waller,JMdict:1319220;waller-n5.csv:line-457,Community estimate: Waller via stephenmk; not an official JLPT word list
ja-n5-00457,七日,なのか,1. 7th day of the month | 2. seven days,noun (common) (futsuumeishi),time-and-quantity,jmdict-waller,JMdict:1579630;waller-n5.csv:line-458,Community estimate: Waller via stephenmk; not an official JLPT word list
ja-n5-00458,名前,なまえ,1. name | 2. given name; first name,noun (common) (futsuumeishi),general-language,jmdict-waller,JMdict:1531710;waller-n5.csv:line-459,Community estimate: Waller via stephenmk; not an official JLPT word list
ja-n5-00459,習う,ならう,1. to take lessons in; to be taught; to learn (from a teacher); to study (under a teacher); to get training in,Godan verb with 'u' ending; transitive verb,study-work-and-communication,jmdict-waller,JMdict:1333070;waller-n5.csv:line-460,Community estimate: Waller via stephenmk; not an official JLPT word list
ja-n5-00460,並ぶ,ならぶ,1. to line up; to stand in a line | 2. to rival; to match; to equal,Godan verb with 'bu' ending; intransitive verb,general-language,jmdict-waller,JMdict:1508380;waller-n5.csv:line-461,Community estimate: Waller via stephenmk; not an official JLPT word list
ja-n5-00461,並べる,ならべる,1. to line up; to set up; to arrange in a line | 2. to enumerate; to itemize | 3. to be equal (to); to compare well (with); to be as good (as),Ichidan verb; transitive verb,general-language,jmdict-waller,JMdict:1508390;waller-n5.csv:line-462,Community estimate: Waller via stephenmk; not an official JLPT word list
ja-n5-00462,なる,なる,1. to become; to get; to grow; to turn; to reach; to attain [word usually written using kana alone] | 2. to result in; to turn out; to end up; to prove (to be) [word usually written using kana alone] | 3. to consist of; to be composed of; to be made up of [word usually written using kana alone] | 4. to be completed; to be realized; to succeed; to be attained; to be accomplished [word usually written using kana alone] | 5. to change (into); to turn (into); to transform [word usually written using kana alone] | 6. to come (to do); to begin (to do); to grow (to do) [word usually written using kana alone] | 7. to come to; to amount to; to add up to; to make [word usually written using kana alone] | 8. to play (the part of); to act as [word usually written using kana alone] | 9. to be used for; to be useful for; to serve as [word usually written using kana alone] | 10. to be promoted [shogi] | 11. to do ... [honorific or respectful (sonkeigo) language; word usually written using kana alone],Godan verb with 'ru' ending; intransitive verb; auxiliary verb,general-language,jmdict-waller,JMdict:1375610;waller-n5.csv:line-463,Community estimate: Waller via stephenmk; not an official JLPT word list
ja-n5-00463,何,なん,1. what | 2. how many (followed by a counter) | 3. many; a lot of | 4. several; a few; some,pronoun; prefix,general-language,jmdict-waller,JMdict:2846738;waller-n5.csv:line-464,Community estimate: Waller via stephenmk; not an official JLPT word list
ja-n5-00464,何,なに,"1. what | 2. you-know-what; that thing | 3. whatsit; whachamacallit; what's-his-name; what's-her-name | 4. penis; (one's) thing; dick [colloquial; word usually written using kana alone] | 5. (not) at all; (not) in the slightest (with neg. sentence) | 6. what?; huh? (indicates surprise) | 7. hey!; come on! (indicates anger or irritability) | 8. oh, no (it's fine); why (it's nothing); oh (certainly not) (used to dismiss someone's worries, concerns, etc.)",pronoun; noun (common) (futsuumeishi); adverb (fukushi); interjection (kandoushi),general-language,jmdict-waller,JMdict:1577100;waller-n5.csv:line-465,Community estimate: Waller via stephenmk; not an official JLPT word list
ja-n5-00465,二,に,1. two; 2,numeric,general-language,jmdict-waller,JMdict:1461140;waller-n5.csv:line-466,Community estimate: Waller via stephenmk; not an official JLPT word list
ja-n5-00466,賑やか,にぎやか,"1. bustling; busy; crowded; lively; prosperous; thriving | 2. lively (party, voices, etc.); loud; noisy; merry; cheerful",adjectival nouns or quasi-adjectives (keiyodoshi),general-language,jmdict-waller,JMdict:1463480;waller-n5.csv:line-467,Community estimate: Waller via stephenmk; not an official JLPT word list
ja-n5-00467,肉,にく,1. flesh | 2. meat | 3. flesh (of a fruit); pulp | 4. the physical body (as opposed to the spirit); flesh | 5. thickness | 6. content; substance; flesh | 7. ink pad,noun (common) (futsuumeishi),general-language,jmdict-waller,JMdict:1463520;waller-n5.csv:line-468,Community estimate: Waller via stephenmk; not an official JLPT word list
ja-n5-00468,西,にし,1. west,noun (common) (futsuumeishi),general-language,jmdict-waller,JMdict:1380840;waller-n5.csv:line-469,Community estimate: Waller via stephenmk; not an official JLPT word list
ja-n5-00469,日曜日,にちようび,1. Sunday,noun (common) (futsuumeishi); adverb (fukushi),general-language,jmdict-waller,JMdict:1464900;waller-n5.csv:line-470,Community estimate: Waller via stephenmk; not an official JLPT word list
ja-n5-00470,荷物,にもつ,"1. luggage; baggage; package | 2. burden | 3. payload (of a packet, cell, etc.)",noun (common) (futsuumeishi),general-language,jmdict-waller,JMdict:1195430;waller-n5.csv:line-471,Community estimate: Waller via stephenmk; not an official JLPT word list
ja-n5-00471,ニュース,ニュース,1. news,noun (common) (futsuumeishi),general-language,jmdict-waller,JMdict:1091500;waller-n5.csv:line-472,Community estimate: Waller via stephenmk; not an official JLPT word list
ja-n5-00472,庭,にわ,1. garden; yard; courtyard | 2. field (of action); area,noun (common) (futsuumeishi),general-language,jmdict-waller,JMdict:1436130;waller-n5.csv:line-473,Community estimate: Waller via stephenmk; not an official JLPT word list
ja-n5-00473,脱ぐ,ぬぐ,"1. to take off (clothes, shoes, etc.); to undress",Godan verb with 'gu' ending; transitive verb,home-and-daily-life,jmdict-waller,JMdict:1416400;waller-n5.csv:line-474,Community estimate: Waller via stephenmk; not an official JLPT word list
ja-n5-00474,温い,ぬるい,1. lukewarm; tepid [word usually written using kana alone] | 2. lenient [word usually written using kana alone],adjective (keiyoushi),general-language,jmdict-waller,JMdict:1183300;waller-n5.csv:line-475,Community estimate: Waller via stephenmk; not an official JLPT word list
ja-n5-00475,ネクタイ,ネクタイ,1. tie; necktie,noun (common) (futsuumeishi),general-language,jmdict-waller,JMdict:1092820;waller-n5.csv:line-476,Community estimate: Waller via stephenmk; not an official JLPT word list
ja-n5-00476,猫,ねこ,"1. cat (esp. the domestic cat, Felis catus); feline | 2. shamisen | 3. geisha | 4. wheelbarrow [abbreviation] | 5. clay bed-warmer [abbreviation] | 6. bottom (submissive partner of a homosexual relationship) [word usually written using kana alone; slang]",noun (common) (futsuumeishi),general-language,jmdict-waller,JMdict:1467640;waller-n5.csv:line-477,Community estimate: Waller via stephenmk; not an official JLPT word list
ja-n5-00477,寝る,ねる,"1. to sleep (lying down) | 2. to go to bed; to lie in bed | 3. to lie down | 4. to sleep (with someone, i.e. have intercourse) | 5. to lie flat (e.g. of hair) | 6. to lie idle (of funds, stock, etc.) | 7. to ferment (of soy sauce, miso, etc.)",Ichidan verb; intransitive verb,home-and-daily-life,jmdict-waller,JMdict:1360010;waller-n5.csv:line-478,Community estimate: Waller via stephenmk; not an official JLPT word list
ja-n5-00478,ノート,ノート,1. notebook; copy-book; exercise book [abbreviation] | 2. note; noting down | 3. (musical) note | 4. laptop (computer); notebook (computer) [abbreviation],noun (common) (futsuumeishi); noun or participle which takes the aux. verb suru; transitive verb,study-work-and-communication,jmdict-waller,JMdict:1093450;waller-n5.csv:line-479,Community estimate: Waller via stephenmk; not an official JLPT word list
ja-n5-00479,登る,のぼる,1. to ascend; to go up; to climb,Godan verb with 'ru' ending; intransitive verb,general-language,jmdict-waller,JMdict:1352570;waller-n5.csv:line-480,Community estimate: Waller via stephenmk; not an official JLPT word list
ja-n5-00480,飲み物,のみもの,1. drink; beverage,noun (common) (futsuumeishi),food-and-dining,jmdict-waller,JMdict:1600430;waller-n5.csv:line-481,Community estimate: Waller via stephenmk; not an official JLPT word list
ja-n5-00481,飲む,のむ,"1. to drink; to swallow; to take (medicine) | 2. to smoke (tobacco) | 3. to swallow up; to engulf (usu. in the passive) | 4. to suppress (one's anger, bitter feelings, etc.); to keep down; to hold back; to swallow (one's tears); to catch (one's breath) | 5. to accept (a demand, conditions, etc.); to agree to | 6. to make light of (someone); to think nothing of; to overwhelm; to overawe | 7. to carry (a concealed dagger, etc.); to conceal (up one's sleeve, etc.)",Godan verb with 'mu' ending; transitive verb,food-and-dining,jmdict-waller,JMdict:1169870;waller-n5.csv:line-482,Community estimate: Waller via stephenmk; not an official JLPT word list
ja-n5-00482,乗る,のる,"1. to get on (train, plane, bus, ship, etc.); to get in; to board; to take; to embark | 2. to get on (e.g. a footstool); to step on; to jump on; to sit on; to mount | 3. to reach; to go over; to pass | 4. to follow; to stay (on track); to go with (the times, etc.) | 5. to take part; to participate; to join | 6. to get into the swing (and sing, dance, etc.) | 7. to be deceived; to be taken in | 8. to be carried; to be spread; to be scattered | 9. to stick; to attach; to take; to go on",Godan verb with 'ru' ending; intransitive verb,travel-and-places,jmdict-waller,JMdict:1355120;waller-n5.csv:line-483,Community estimate: Waller via stephenmk; not an official JLPT word list
ja-n5-00483,歯,は,"1. tooth; teeth | 2. tooth (of a comb, saw, etc.); cog | 3. support (of a geta)",noun (common) (futsuumeishi),general-language,jmdict-waller,JMdict:1313000;waller-n5.csv:line-484,Community estimate: Waller via stephenmk; not an official JLPT word list
ja-n5-00484,パーティー,パーティー,"1. party (social gathering) | 2. party (group of people participating in an activity, esp. mountain climbing) | 3. (political) party",noun (common) (futsuumeishi),general-language,jmdict-waller,JMdict:1100760;waller-n5.csv:line-485,Community estimate: Waller via stephenmk; not an official JLPT word list
ja-n5-00485,はい,はい,1. yes; that is correct [polite (teineigo) language] | 2. understood; I see; OK; okay | 3. present; here (as a response to a roll call) | 4. pardon?; what's that?; come again? [colloquial] (with rising intonation) | 5. now; here; here you go (used when calling for someone's attention or when handing something to someone) | 6. giddy-up; giddap,interjection (kandoushi),study-work-and-communication,jmdict-waller,JMdict:1010080;waller-n5.csv:line-486,Community estimate: Waller via stephenmk; not an official JLPT word list
ja-n5-00486,灰皿,はいざら,1. ashtray,noun (common) (futsuumeishi),general-language,jmdict-waller,JMdict:1201940;waller-n5.csv:line-487,Community estimate: Waller via stephenmk; not an official JLPT word list
ja-n5-00487,入る,はいる,"1. to enter; to come in; to go in; to get in; to arrive | 2. to join (a club, company, etc.); to enter (a university, the army, etc.); to enroll (in); to go into (e.g. politics); to get into | 3. to be contained (in); to be included (in); to be inside (e.g. a box); to come under (a heading); to belong (in a category) | 4. to (be able to) fit (in a container, building, etc.); to be (able to be) held; to be (able to be) accommodated | 5. to be introduced; to be brought in; to be installed | 6. to be received; to be obtained | 7. to be scored (of points); to be won (of votes) | 8. to turn on; to start functioning; to start working | 9. to enter (a month, season, etc.); to reach (e.g. a climax); to get to (e.g. the main topic); to enter into (e.g. negotiations); to start (doing); to begin | 10. to form (of a crack, fissure, etc.); to develop | 11. to be put in (of effort, spirit, feeling, etc.); to be applied (e.g. of strength) | 12. to be ready (of tea, coffee, etc.); to be made | 13. to enter the body (of alcohol); to become drunk",Godan verb with 'ru' ending; intransitive verb,general-language,jmdict-waller,JMdict:1465590;waller-n5.csv:line-488,Community estimate: Waller via stephenmk; not an official JLPT word list
ja-n5-00488,葉書,はがき,1. postcard [abbreviation; word usually written using kana alone] | 2. memo; note; card [word usually written using kana alone],noun (common) (futsuumeishi),general-language,jmdict-waller,JMdict:1546590;waller-n5.csv:line-489,Community estimate: Waller via stephenmk; not an official JLPT word list
ja-n5-00489,履く,はく,"1. to put on (lower-body clothing, e.g. pants, skirt, footwear); to wear | 2. to affix (a sword to one's hip) | 3. to affix (a bowstring to a bow) [archaic]",Godan verb with 'ku' ending; transitive verb,health-and-body,jmdict-waller,JMdict:1607260;waller-n5.csv:line-490,Community estimate: Waller via stephenmk; not an official JLPT word list
ja-n5-00490,箱,はこ,"1. box; case; chest; package; pack; crate | 2. car (of a train, etc.) | 3. shamisen case; shamisen | 4. public building; community building [colloquial] | 5. man who carries a geisha's shamisen [archaic] | 6. receptacle for human waste; feces (faeces) [archaic] | 7. counter for boxes (or boxed objects)",noun (common) (futsuumeishi); suffix; counter,general-language,jmdict-waller,JMdict:1585650;waller-n5.csv:line-491,Community estimate: Waller via stephenmk; not an official JLPT word list
ja-n5-00491,橋,はし,1. bridge,noun (common) (futsuumeishi),general-language,jmdict-waller,JMdict:1237410;waller-n5.csv:line-492,Community estimate: Waller via stephenmk; not an official JLPT word list
ja-n5-00492,箸,はし,1. chopsticks,noun (common) (futsuumeishi),general-language,jmdict-waller,JMdict:1476410;waller-n5.csv:line-493,Community estimate: Waller via stephenmk; not an official JLPT word list
ja-n5-00493,始まる,はじまる,1. to begin; to start; to commence | 2. to happen (again); to begin (anew) | 3. to date (from); to originate (in),Godan verb with 'ru' ending; intransitive verb,general-language,jmdict-waller,JMdict:1307500;waller-n5.csv:line-494,Community estimate: Waller via stephenmk; not an official JLPT word list
ja-n5-00494,初め,はじめ,"1. beginning; start; outset; opening | 2. first (in line, etc.) | 3. origin | 4. such as ...; not to mention ... [word usually written using kana alone]",noun (common) (futsuumeishi); adverb (fukushi),general-language,jmdict-waller,JMdict:1342540;waller-n5.csv:line-495,Community estimate: Waller via stephenmk; not an official JLPT word list
ja-n5-00496,初めて,はじめて,1. for the first time | 2. only after ... is it ...; only when ... do you ...; not until ... do you ... (after the -te form of a verb) | 3. first time; (one's) first [colloquial],adverb (fukushi); nouns which may take the genitive case particle 'no'; noun (common) (futsuumeishi),time-and-quantity,jmdict-waller,JMdict:1342550;waller-n5.csv:line-497,Community estimate: Waller via stephenmk; not an official JLPT word list
ja-n5-00497,走る,はしる,"1. to run | 2. to run (of a vehicle); to drive; to travel; to move; to sail | 3. to rush (to); to dash; to race | 4. to retreat; to flee; to defect (to) | 5. to run away; to abscond; to elope | 6. to flash (of lightning); to streak; to shoot (through; e.g. of pain); to run (through); to flare; to flit (e.g. across one's face); to spread quickly (of news, shock, etc.) | 7. to go (e.g. bad, to extremes); to become; to turn; to take to (e.g. crime); to get carried away by (e.g. one's emotions); to get involved in; to get wrapped up in | 8. to run (through; of a road, street, etc.); to extend (e.g. of a mountain range); to stretch; to lie",Godan verb with 'ru' ending; intransitive verb,general-language,jmdict-waller,JMdict:1402540;waller-n5.csv:line-498,Community estimate: Waller via stephenmk; not an official JLPT word list
ja-n5-00498,バス,バス,1. bus | 2. bus [computing],noun (common) (futsuumeishi),travel-and-places,jmdict-waller,JMdict:1098390;waller-n5.csv:line-499,Community estimate: Waller via stephenmk; not an official JLPT word list
ja-n5-00499,バター,バター,1. butter,noun (common) (futsuumeishi),general-language,jmdict-waller,JMdict:1098620;waller-n5.csv:line-500,Community estimate: Waller via stephenmk; not an official JLPT word list
ja-n5-00500,二十歳,はたち,1. 20 years old,noun (common) (futsuumeishi),general-language,jmdict-waller,JMdict:1600790;waller-n5.csv:line-501,Community estimate: Waller via stephenmk; not an official JLPT word list
ja-n5-00501,働く,はたらく,1. to work; to labor; to labour | 2. to function; to operate; to be effective; to work (i.e. ... works); to come into play | 3. to commit (e.g. a crime); to perpetrate; to do; to act; to practise; to practice | 4. to be conjugated [linguistics],Godan verb with 'ku' ending; intransitive verb,study-work-and-communication,jmdict-waller,JMdict:1451150;waller-n5.csv:line-502,Community estimate: Waller via stephenmk; not an official JLPT word list
ja-n5-00502,八,はち,1. eight; 8,numeric,general-language,jmdict-waller,JMdict:1583090;waller-n5.csv:line-503,Community estimate: Waller via stephenmk; not an official JLPT word list
ja-n5-00503,二十日,はつか,1. 20th day of the month | 2. 20 days,noun (common) (futsuumeishi),time-and-quantity,jmdict-waller,JMdict:1600850;waller-n5.csv:line-504,Community estimate: Waller via stephenmk; not an official JLPT word list
ja-n5-00504,花,はな,1. flower; blossom; bloom; petal | 2. cherry blossom | 3. beauty | 4. blooming (esp. of cherry blossoms) | 5. ikebana | 6. hanafuda [hanafuda; abbreviation] | 7. (the) best | 8. glorious; lovely,noun (common) (futsuumeishi); nouns which may take the genitive case particle 'no',general-language,jmdict-waller,JMdict:1194500;waller-n5.csv:line-505,Community estimate: Waller via stephenmk; not an official JLPT word list
ja-n5-00505,鼻,はな,1. nose,noun (common) (futsuumeishi),health-and-body,jmdict-waller,JMdict:1486720;waller-n5.csv:line-506,Community estimate: Waller via stephenmk; not an official JLPT word list
ja-n5-00506,話,はなし,1. talk; speech; chat; conversation | 2. topic; subject | 3. discussions; negotiation; argument | 4. rumor; talk; hearsay | 5. tale; story; fable | 6. circumstances; particulars,noun (common) (futsuumeishi),general-language,jmdict-waller,JMdict:1600900;waller-n5.csv:line-507,Community estimate: Waller via stephenmk; not an official JLPT word list
ja-n5-00507,話す,はなす,1. to talk; to speak; to converse; to chat | 2. to tell; to explain; to narrate; to mention; to describe; to discuss | 3. to speak (a language),Godan verb with 'su' ending; transitive verb,study-work-and-communication,jmdict-waller,JMdict:1562350;waller-n5.csv:line-508,Community estimate: Waller via stephenmk; not an official JLPT word list
ja-n5-00508,早い,はやい,1. fast; quick; rapid; swift; speedy; brisk; prompt | 2. early; soon; earlier than usual | 3. premature; too soon; too early | 4. easy; simple; quick; fast | 5. as soon as ...; the moment ...; the instant ...,adjective (keiyoushi),general-language,jmdict-waller,JMdict:1404975;waller-n5.csv:line-509,Community estimate: Waller via stephenmk; not an official JLPT word list
ja-n5-00510,春,はる,1. spring; springtime | 2. New Year | 3. prime (of life); height (of one's prosperity); heyday | 4. adolescence; puberty | 5. sexuality; sexual desire,noun (common) (futsuumeishi); adverb (fukushi),general-language,jmdict-waller,JMdict:1341000;waller-n5.csv:line-511,Community estimate: Waller via stephenmk; not an official JLPT word list
ja-n5-00511,貼る,はる,"1. to stick; to paste; to affix | 2. to stretch; to spread; to strain; to tighten; to put up (e.g. a tent) | 3. to form (e.g. ice on a pond) | 4. to fill; to swell | 5. to stick out; to push out | 6. to post (a link, etc. online) | 7. to be expensive | 8. to keep a watch on; to be on the lookout | 9. to slap | 10. to span; to generate [mathematics]",Godan verb with 'ru' ending; transitive verb; intransitive verb,general-language,jmdict-waller,JMdict:1427900;waller-n5.csv:line-512,Community estimate: Waller via stephenmk; not an official JLPT word list
ja-n5-00512,晴れ,はれ,1. clear weather; fine weather | 2. formal; ceremonial; public | 3. cleared of suspicion,noun (common) (futsuumeishi); nouns which may take the genitive case particle 'no',nature-and-science,jmdict-waller,JMdict:1376460;waller-n5.csv:line-513,Community estimate: Waller via stephenmk; not an official JLPT word list
ja-n5-00513,晴れる,はれる,1. to clear up; to clear away; to be sunny; to stop raining | 2. to refresh (e.g. spirits) | 3. to be cleared (e.g. of a suspicion) | 4. to be dispelled; to be banished,Ichidan verb; intransitive verb,general-language,jmdict-waller,JMdict:1376470;waller-n5.csv:line-514,Community estimate: Waller via stephenmk; not an official JLPT word list
ja-n5-00514,半,はん,"1. half; semi-; partial | 2. half-past | 3. odd number | 4. han (unit of land area, approx. 595.8 m^2) [archaic]","noun, used as a prefix; noun (common) (futsuumeishi); noun, used as a suffix",general-language,jmdict-waller,JMdict:1478750;waller-n5.csv:line-515,Community estimate: Waller via stephenmk; not an official JLPT word list
ja-n5-00515,晩,ばん,1. evening; night | 2. dinner; evening meal [abbreviation] | 3. counter for nights,noun (common) (futsuumeishi); adverb (fukushi); counter,time-and-quantity,jmdict-waller,JMdict:1482110;waller-n5.csv:line-516,Community estimate: Waller via stephenmk; not an official JLPT word list
ja-n5-00516,パン,パン,1. bread; (sweet) pastry | 2. staff of life; one's bread,noun (common) (futsuumeishi),general-language,jmdict-waller,JMdict:1103090;waller-n5.csv:line-517,Community estimate: Waller via stephenmk; not an official JLPT word list
ja-n5-00517,ハンカチ,ハンカチ,1. handkerchief [abbreviation],noun (common) (futsuumeishi),general-language,jmdict-waller,JMdict:1096420;waller-n5.csv:line-518,Community estimate: Waller via stephenmk; not an official JLPT word list
ja-n5-00518,番号,ばんごう,1. number; series of digits,noun (common) (futsuumeishi),time-and-quantity,jmdict-waller,JMdict:1482290;waller-n5.csv:line-519,Community estimate: Waller via stephenmk; not an official JLPT word list
ja-n5-00519,晩御飯,ばんごはん,1. dinner; evening meal,noun (common) (futsuumeishi),food-and-dining,jmdict-waller,JMdict:1601340;waller-n5.csv:line-520,Community estimate: Waller via stephenmk; not an official JLPT word list
ja-n5-00520,半分,はんぶん,1. half,adverb (fukushi); noun (common) (futsuumeishi),general-language,jmdict-waller,JMdict:1479890;waller-n5.csv:line-521,Community estimate: Waller via stephenmk; not an official JLPT word list
ja-n5-00521,東,ひがし,1. east,noun (common) (futsuumeishi),general-language,jmdict-waller,JMdict:1447440;waller-n5.csv:line-522,Community estimate: Waller via stephenmk; not an official JLPT word list
ja-n5-00522,引く,ひく,"1. to pull; to tug; to lead (e.g. a horse) | 2. to draw (attention, sympathy, etc.); to attract (e.g. interest) | 3. to draw back (e.g. one's hand); to draw in (one's chin, stomach, etc.); to pull in | 4. to draw (a card, mahjong tile, etc.) | 5. to draw (a line, plan, etc.) | 6. to catch (a cold) | 7. to play (a stringed or keyboard instrument) | 8. to look up (in a dictionary, phone book, etc.); to consult; to check | 9. to haul; to pull (vehicles) | 10. to subtract; to deduct | 11. to recede; to ebb; to fade | 12. to be descend from; to inherit (a characteristic) | 13. to quote; to cite; to raise (as evidence) | 14. to lay on (electricity, gas, etc.); to install (e.g. a telephone); to supply (e.g. water) | 15. to hold (e.g. a note) | 16. to apply (e.g. lipstick); to oil (e.g. a pan); to wax (e.g. a floor) | 17. to move back; to draw back; to recede; to fall back; to retreat | 18. to lessen; to subside; to ebb; to go down (e.g. of swelling) | 19. to resign; to retire; to quit | 20. to be put off (by someone's words or behaviour); to be turned off; to recoil (in disgust, etc.); to cringe [colloquial] | 21. to draw back; to pull back; to retreat [go (game)]",Godan verb with 'ku' ending; transitive verb; intransitive verb,general-language,jmdict-waller,JMdict:1169250;waller-n5.csv:line-523,Community estimate: Waller via stephenmk; not an official JLPT word list
ja-n5-00523,弾く,ひく,1. to play (a stringed or keyboard instrument),Godan verb with 'ku' ending; transitive verb,general-language,jmdict-waller,JMdict:1419370;waller-n5.csv:line-524,Community estimate: Waller via stephenmk; not an official JLPT word list
ja-n5-00524,低い,ひくい,"1. low (rank, degree, value, content, quality, etc.) | 2. low (position); close to the ground | 3. short (height) | 4. deep (voice); in a low key; low (volume)",adjective (keiyoushi),general-language,jmdict-waller,JMdict:1434180;waller-n5.csv:line-525,Community estimate: Waller via stephenmk; not an official JLPT word list
ja-n5-00525,飛行機,ひこうき,1. airplane; aeroplane; plane; aircraft,noun (common) (futsuumeishi),general-language,jmdict-waller,JMdict:1485470;waller-n5.csv:line-526,Community estimate: Waller via stephenmk; not an official JLPT word list
ja-n5-00526,左,ひだり,1. left; left-hand side | 2. left hand | 3. the left (wing); leftist | 4. fondness for alcohol; drinker,noun (common) (futsuumeishi); nouns which may take the genitive case particle 'no',health-and-body,jmdict-waller,JMdict:1290800;waller-n5.csv:line-527,Community estimate: Waller via stephenmk; not an official JLPT word list
ja-n5-00527,人,ひと,1. person; someone; somebody | 2. human beings; mankind; man; people; humans | 3. human (Homo sapiens) [word usually written using kana alone] | 4. (other) people; others | 5. character; personality; nature | 6. capable person; competent person; suitable person; right person | 7. adult; grown-up | 8. I; me; one (used when rebuking or criticizing someone),noun (common) (futsuumeishi),people-and-relationships,jmdict-waller,JMdict:1580640;waller-n5.csv:line-528,Community estimate: Waller via stephenmk; not an official JLPT word list
ja-n5-00528,一つ,ひとつ,"1. one | 2. for one thing (often used in itemized lists) | 3. only (after a noun) | 4. (not) even (with a verb in negative form) | 5. just (e.g. ""just try it"") | 6. some kind of; one type of",numeric; noun (common) (futsuumeishi); adverb (fukushi); nouns which may take the genitive case particle 'no',general-language,jmdict-waller,JMdict:1160820;waller-n5.csv:line-529,Community estimate: Waller via stephenmk; not an official JLPT word list
ja-n5-00529,一月,ひとつき,1. one month,noun (common) (futsuumeishi),time-and-quantity,jmdict-waller,JMdict:1162130;waller-n5.csv:line-530,Community estimate: Waller via stephenmk; not an official JLPT word list
ja-n5-00530,一人,ひとり,1. one person | 2. being alone; being by oneself | 3. being single; being unmarried | 4. by oneself; alone | 5. just; only; simply [word usually written using kana alone] (with neg. sentence),noun (common) (futsuumeishi); adverb (fukushi),people-and-relationships,jmdict-waller,JMdict:1576150;waller-n5.csv:line-531,Community estimate: Waller via stephenmk; not an official JLPT word list
ja-n5-00531,暇,ひま,1. spare time; free time; leisure | 2. time (it takes to do something); time required | 3. time off; leave; vacation; holiday | 4. dismissal; firing; severance; divorce | 5. free; not busy; unoccupied; idle | 6. slow (business); slack; dull | 7. to be free; to be not busy; to be available; to be doing nothing [colloquial],noun (common) (futsuumeishi); adjectival nouns or quasi-adjectives (keiyodoshi); noun or participle which takes the aux. verb suru; intransitive verb,time-and-quantity,jmdict-waller,JMdict:1577280;waller-n5.csv:line-532,Community estimate: Waller via stephenmk; not an official JLPT word list
ja-n5-00532,百,ひゃく,1. hundred; 100,numeric,general-language,jmdict-waller,JMdict:1488000;waller-n5.csv:line-533,Community estimate: Waller via stephenmk; not an official JLPT word list
ja-n5-00533,病院,びょういん,1. hospital; clinic; doctor's office; doctor's surgery; infirmary,noun (common) (futsuumeishi),health-and-body,jmdict-waller,JMdict:1490220;waller-n5.csv:line-534,Community estimate: Waller via stephenmk; not an official JLPT word list
ja-n5-00534,病気,びょうき,"1. illness (usu. excluding minor ailments, e.g. common cold); disease; sickness | 2. bad habit; bad behaviour; weakness; failing | 3. crazy; insane; disturbed; sick in the head [colloquial]",noun (common) (futsuumeishi); nouns which may take the genitive case particle 'no',health-and-body,jmdict-waller,JMdict:1490230;waller-n5.csv:line-535,Community estimate: Waller via stephenmk; not an official JLPT word list
ja-n5-00535,昼,ひる,1. noon; midday | 2. daytime | 3. lunch,noun (common) (futsuumeishi); adverb (fukushi),general-language,jmdict-waller,JMdict:1426250;waller-n5.csv:line-536,Community estimate: Waller via stephenmk; not an official JLPT word list
ja-n5-00536,昼御飯,ひるごはん,1. lunch; midday meal,noun (common) (futsuumeishi),food-and-dining,jmdict-waller,JMdict:1602340;waller-n5.csv:line-537,Community estimate: Waller via stephenmk; not an official JLPT word list
ja-n5-00537,広い,ひろい,1. spacious; vast; wide,adjective (keiyoushi),general-language,jmdict-waller,JMdict:1278410;waller-n5.csv:line-538,Community estimate: Waller via stephenmk; not an official JLPT word list
ja-n5-00538,フィルム,フィルム,1. film,noun (common) (futsuumeishi),general-language,jmdict-waller,JMdict:1109380;waller-n5.csv:line-539,Community estimate: Waller via stephenmk; not an official JLPT word list
ja-n5-00539,封筒,ふうとう,1. envelope,noun (common) (futsuumeishi),general-language,jmdict-waller,JMdict:1499690;waller-n5.csv:line-540,Community estimate: Waller via stephenmk; not an official JLPT word list
ja-n5-00540,プール,プール,"1. (swimming) pool | 2. pool (cue sport) | 3. pooling (money, resources, etc.) | 4. pool (price ring) [economics]",noun (common) (futsuumeishi); noun or participle which takes the aux. verb suru; transitive verb,general-language,jmdict-waller,JMdict:1115150;waller-n5.csv:line-541,Community estimate: Waller via stephenmk; not an official JLPT word list
ja-n5-00541,フォーク,フォーク,1. fork | 2. forkball [baseball; abbreviation],noun (common) (futsuumeishi),general-language,jmdict-waller,JMdict:1110110;waller-n5.csv:line-542,Community estimate: Waller via stephenmk; not an official JLPT word list
ja-n5-00542,吹く,ふく,"1. to blow (of the wind) | 2. to blow (one's breath); to breathe out; to blow on (hot tea, candles, etc.); to puff | 3. to play (a wind instrument); to blow (a whistle, trumpet, etc.); to whistle (a tune) | 4. to emit (smoke, fire, etc.); to spout; to spew; to puff out | 5. to sprout; to put forth (buds) | 6. to appear (on the surface); to form; to be coated with (powder, rust, etc.) | 7. to burst out laughing; to burst into laughter [slang] | 8. to brag; to talk big | 9. to smelt; to mint",Godan verb with 'ku' ending; intransitive verb; transitive verb,nature-and-science,jmdict-waller,JMdict:1370760;waller-n5.csv:line-543,Community estimate: Waller via stephenmk; not an official JLPT word list
ja-n5-00543,服,ふく,"1. clothes (esp. Western clothes); clothing; dress; costume; suit; outfit | 2. counter for doses of medicine, gulps of tea, puffs of a cigarette, etc.","noun (common) (futsuumeishi); noun, used as a suffix; counter",home-and-daily-life,jmdict-waller,JMdict:1500940;waller-n5.csv:line-544,Community estimate: Waller via stephenmk; not an official JLPT word list
ja-n5-00544,二つ,ふたつ,1. two,numeric,general-language,jmdict-waller,JMdict:1461160;waller-n5.csv:line-545,Community estimate: Waller via stephenmk; not an official JLPT word list
ja-n5-00545,豚肉,ぶたにく,1. pork,noun (common) (futsuumeishi),general-language,jmdict-waller,JMdict:1457440;waller-n5.csv:line-546,Community estimate: Waller via stephenmk; not an official JLPT word list
ja-n5-00546,二人,ふたり,1. two persons; two people; pair; couple,noun (common) (futsuumeishi),people-and-relationships,jmdict-waller,JMdict:1582670;waller-n5.csv:line-547,Community estimate: Waller via stephenmk; not an official JLPT word list
ja-n5-00547,二日,ふつか,1. 2nd day of the month | 2. two days,noun (common) (futsuumeishi),time-and-quantity,jmdict-waller,JMdict:1462900;waller-n5.csv:line-548,Community estimate: Waller via stephenmk; not an official JLPT word list
ja-n5-00548,太い,ふとい,1. fat; thick | 2. deep (of a voice); thick; sonorous | 3. daring; shameless; brazen; audacious,adjective (keiyoushi),general-language,jmdict-waller,JMdict:1408180;waller-n5.csv:line-549,Community estimate: Waller via stephenmk; not an official JLPT word list
ja-n5-00549,冬,ふゆ,1. winter,noun (common) (futsuumeishi); adverb (fukushi),general-language,jmdict-waller,JMdict:1446070;waller-n5.csv:line-550,Community estimate: Waller via stephenmk; not an official JLPT word list
ja-n5-00550,降る,ふる,"1. to fall (of rain, snow, ash, etc.); to come down | 2. to form (of frost) | 3. to beam down (of sunlight or moonlight); to pour in | 4. to visit (of luck, misfortune, etc.); to come; to arrive",Godan verb with 'ru' ending; intransitive verb,nature-and-science,jmdict-waller,JMdict:1282790;waller-n5.csv:line-551,Community estimate: Waller via stephenmk; not an official JLPT word list
ja-n5-00551,古い,ふるい,"1. old; aged; ancient; antiquated; antique; timeworn (of things, not people) | 2. long; since long ago; time-honored | 3. of the distant past; long-ago | 4. stale; threadbare; hackneyed; corny | 5. old-fashioned; outmoded; out-of-date",adjective (keiyoushi),people-and-relationships,jmdict-waller,JMdict:1265070;waller-n5.csv:line-552,Community estimate: Waller via stephenmk; not an official JLPT word list
ja-n5-00552,風呂,ふろ,"1. bath; bathing; bathtub; bathroom | 2. bathhouse; public bath | 3. room for drying lacquerware | 4. base (wooden joint connecting the blade of a hoe, spade, etc., to the handle)",noun (common) (futsuumeishi),home-and-daily-life,jmdict-waller,JMdict:1500100;waller-n5.csv:line-553,Community estimate: Waller via stephenmk; not an official JLPT word list
ja-n5-00553,文章,ぶんしょう,1. writing; composition; essay; article; passage; prose; (writing) style | 2. sentence,noun (common) (futsuumeishi),general-language,jmdict-waller,JMdict:1505470;waller-n5.csv:line-554,Community estimate: Waller via stephenmk; not an official JLPT word list
ja-n5-00554,ページ,ページ,1. page [word usually written using kana alone] | 2. nth page; page ... [word usually written using kana alone],"noun (common) (futsuumeishi); counter; noun, used as a suffix",general-language,jmdict-waller,JMdict:1120410;waller-n5.csv:line-555,Community estimate: Waller via stephenmk; not an official JLPT word list
ja-n5-00555,下手,へた,1. unskillful; poor; awkward | 2. imprudent; untactful,adjectival nouns or quasi-adjectives (keiyodoshi); noun (common) (futsuumeishi),general-language,jmdict-waller,JMdict:1185200;waller-n5.csv:line-556,Community estimate: Waller via stephenmk; not an official JLPT word list
ja-n5-00556,ベッド,ベッド,1. bed,noun (common) (futsuumeishi),general-language,jmdict-waller,JMdict:1119650;waller-n5.csv:line-557,Community estimate: Waller via stephenmk; not an official JLPT word list
ja-n5-00557,ペット,ペット,1. pet | 2. trumpet [abbreviation],noun (common) (futsuumeishi),general-language,jmdict-waller,JMdict:1120990;waller-n5.csv:line-558,Community estimate: Waller via stephenmk; not an official JLPT word list
ja-n5-00558,部屋,へや,1. room; chamber | 2. apartment; flat; pad | 3. stable [sumo; abbreviation],noun (common) (futsuumeishi),home-and-daily-life,jmdict-waller,JMdict:1499320;waller-n5.csv:line-559,Community estimate: Waller via stephenmk; not an official JLPT word list
ja-n5-00559,辺,へん,1. area; vicinity; region | 2. side; edge [mathematics] | 3. circumstances,noun (common) (futsuumeishi),general-language,jmdict-waller,JMdict:1512070;waller-n5.csv:line-560,Community estimate: Waller via stephenmk; not an official JLPT word list
ja-n5-00560,ペン,ペン,1. pen,noun (common) (futsuumeishi),general-language,jmdict-waller,JMdict:1121380;waller-n5.csv:line-561,Community estimate: Waller via stephenmk; not an official JLPT word list
ja-n5-00561,勉強,べんきょう,1. study | 2. diligence; working hard | 3. experience; knowledge; lesson (for the future) | 4. discount; price reduction,noun (common) (futsuumeishi); noun or participle which takes the aux. verb suru; transitive verb; intransitive verb,study-work-and-communication,jmdict-waller,JMdict:1512670;waller-n5.csv:line-562,Community estimate: Waller via stephenmk; not an official JLPT word list
ja-n5-00562,便利,べんり,1. convenient; handy; useful,adjectival nouns or quasi-adjectives (keiyodoshi),general-language,jmdict-waller,JMdict:1512610;waller-n5.csv:line-563,Community estimate: Waller via stephenmk; not an official JLPT word list
ja-n5-00563,帽子,ぼうし,1. hat; cap | 2. cap (move) [go (game); word usually written using kana alone],noun (common) (futsuumeishi); noun or participle which takes the aux. verb suru; intransitive verb,general-language,jmdict-waller,JMdict:1519170;waller-n5.csv:line-564,Community estimate: Waller via stephenmk; not an official JLPT word list
ja-n5-00564,ボールペン,ボールペン,1. ball-point pen,noun (common) (futsuumeishi),general-language,jmdict-waller,JMdict:1123590;waller-n5.csv:line-565,Community estimate: Waller via stephenmk; not an official JLPT word list
ja-n5-00565,ほか,ほか,"1. another place; some other place; somewhere else; outside | 2. another (person or thing); other; different; something else; someone else; the rest; et al. | 3. beyond (one's expectations, imagination, etc.); outside [word usually written using kana alone] | 4. except; but; other than; apart from | 5. besides; in addition to; as well as; on top of",noun (common) (futsuumeishi); nouns which may take the genitive case particle 'no'; adverb (fukushi),travel-and-places,jmdict-waller,JMdict:1203260;waller-n5.csv:line-566,Community estimate: Waller via stephenmk; not an official JLPT word list
ja-n5-00566,ポケット,ポケット,1. pocket,noun (common) (futsuumeishi),general-language,jmdict-waller,JMdict:1124970;waller-n5.csv:line-567,Community estimate: Waller via stephenmk; not an official JLPT word list
ja-n5-00567,欲しい,ほしい,"1. wanting (to have); desiring; wishing for | 2. I want (you, them, etc.) to (do) [word usually written using kana alone] (after the -te form of a verb)",adjective (keiyoushi); auxiliary adjective,general-language,jmdict-waller,JMdict:1547330;waller-n5.csv:line-568,Community estimate: Waller via stephenmk; not an official JLPT word list
ja-n5-00568,ポスト,ポスト,"1. postbox; mailbox; mail box; pillar box | 2. post; position | 3. post (e.g. goalpost) | 4. post (on a blog, social media, etc.) [Internet] | 5. post- (e.g. post-Cold War)",noun (common) (futsuumeishi); noun or participle which takes the aux. verb suru; transitive verb; noun or verb acting prenominally,general-language,jmdict-waller,JMdict:1125150;waller-n5.csv:line-569,Community estimate: Waller via stephenmk; not an official JLPT word list
ja-n5-00569,細い,ほそい,1. thin; slender; fine | 2. unlucky [slang] (billiards slang),adjective (keiyoushi),general-language,jmdict-waller,JMdict:1295510;waller-n5.csv:line-570,Community estimate: Waller via stephenmk; not an official JLPT word list
ja-n5-00570,ボタン,ボタン,1. tree peony (Paeonia suffruticosa); moutan [word usually written using kana alone],noun (common) (futsuumeishi),general-language,jmdict-waller,JMdict:1182880;waller-n5.csv:line-571,Community estimate: Waller via stephenmk; not an official JLPT word list
ja-n5-00571,ホテル,ホテル,1. hotel,noun (common) (futsuumeishi),travel-and-places,jmdict-waller,JMdict:1122650;waller-n5.csv:line-572,Community estimate: Waller via stephenmk; not an official JLPT word list
ja-n5-00572,本,ほん,"1. book; volume; script | 2. this; present; current; ... in question; ... at issue | 3. main; head; principal | 4. real; genuine; regular; proper | 5. counter for long, thin objects (sticks, tubes, strings, bottles, pillars, rivers, rail lines, etc.) | 6. counter for films, TV shows, etc. | 7. counter for telephone calls, letters, and emails | 8. counter for goals, home runs, etc. [sports] | 9. counter for rounds or points (in judo, kendo, etc.) [martial arts]",noun (common) (futsuumeishi); prefix; counter,study-work-and-communication,jmdict-waller,JMdict:1522150;waller-n5.csv:line-573,Community estimate: Waller via stephenmk; not an official JLPT word list
ja-n5-00573,本棚,ほんだな,1. bookshelves; bookshelf; bookcase,noun (common) (futsuumeishi),general-language,jmdict-waller,JMdict:1522980;waller-n5.csv:line-574,Community estimate: Waller via stephenmk; not an official JLPT word list
ja-n5-00574,本当,ほんとう,1. truth; reality; actuality; fact | 2. proper; right; correct; official | 3. genuine; authentic; real; natural; veritable,noun (common) (futsuumeishi); nouns which may take the genitive case particle 'no'; adjectival nouns or quasi-adjectives (keiyodoshi),general-language,jmdict-waller,JMdict:1523060;waller-n5.csv:line-575,Community estimate: Waller via stephenmk; not an official JLPT word list
ja-n5-00575,毎朝,まいあさ,1. every morning,noun (common) (futsuumeishi); adverb (fukushi),time-and-quantity,jmdict-waller,JMdict:1524700;waller-n5.csv:line-576,Community estimate: Waller via stephenmk; not an official JLPT word list
ja-n5-00576,毎月,まいげつ,1. every month; each month; monthly,adverb (fukushi); noun (common) (futsuumeishi),time-and-quantity,jmdict-waller,JMdict:1584350;waller-n5.csv:line-577,Community estimate: Waller via stephenmk; not an official JLPT word list
ja-n5-00577,毎月,まいつき,1. every month; each month; monthly,adverb (fukushi); noun (common) (futsuumeishi),time-and-quantity,jmdict-waller,JMdict:1584350;waller-n5.csv:line-578,Community estimate: Waller via stephenmk; not an official JLPT word list
ja-n5-00578,毎週,まいしゅう,1. every week,noun (common) (futsuumeishi); adverb (fukushi),time-and-quantity,jmdict-waller,JMdict:1524690;waller-n5.csv:line-579,Community estimate: Waller via stephenmk; not an official JLPT word list
ja-n5-00579,毎日,まいにち,1. every day; daily,noun (common) (futsuumeishi); adverb (fukushi),time-and-quantity,jmdict-waller,JMdict:1524720;waller-n5.csv:line-580,Community estimate: Waller via stephenmk; not an official JLPT word list
ja-n5-00580,毎年,まいねん,1. every year; yearly; annually,adverb (fukushi); noun (common) (futsuumeishi),time-and-quantity,jmdict-waller,JMdict:1584360;waller-n5.csv:line-581,Community estimate: Waller via stephenmk; not an official JLPT word list
ja-n5-00581,毎年,まいとし,1. every year; yearly; annually,adverb (fukushi); noun (common) (futsuumeishi),time-and-quantity,jmdict-waller,JMdict:1584360;waller-n5.csv:line-582,Community estimate: Waller via stephenmk; not an official JLPT word list
ja-n5-00582,毎晩,まいばん,1. every night,noun (common) (futsuumeishi); adverb (fukushi),time-and-quantity,jmdict-waller,JMdict:1524730;waller-n5.csv:line-583,Community estimate: Waller via stephenmk; not an official JLPT word list
ja-n5-00583,前,まえ,"1. in front (of); before (e.g. a building) | 2. before; earlier; previously; prior; ago; (minutes) to (the hour) | 3. (the) front; frontal part; fore; head (e.g. of a line) | 4. forward; ahead | 5. (in the) presence (of); in front (of someone) | 6. previous (e.g. page); prior (e.g. engagement); first (e.g. half); former (e.g. example) | 7. portion; helping (after a noun or the -masu stem of a verb) | 8. front (of one's body or clothing); breast (of a coat, kimono, etc.) | 9. privates; private parts | 10. criminal record; previous conviction; (a) prior [colloquial]",noun (common) (futsuumeishi); nouns which may take the genitive case particle 'no'; adverb (fukushi); suffix,general-language,jmdict-waller,JMdict:1392580;waller-n5.csv:line-584,Community estimate: Waller via stephenmk; not an official JLPT word list
ja-n5-00584,曲る,まがる,1. to bend; to curve; to warp; to wind; to twist | 2. to turn | 3. to be awry; to be askew; to be crooked,Godan verb with 'ru' ending; intransitive verb,nature-and-science,jmdict-waller,JMdict:1239730;waller-n5.csv:line-585,Community estimate: Waller via stephenmk; not an official JLPT word list
ja-n5-00585,不味い,まずい,1. bad(-tasting); unpalatable; unsavoury; unsavory; awful; terrible; unpleasant [word usually written using kana alone] | 2. poor; unskillful; unskilful; bungling; clumsy [word usually written using kana alone] | 3. ugly; unattractive; homely; plain [word usually written using kana alone] | 4. awkward; problematic; troublesome; unfavorable; unfavourable; unwise [word usually written using kana alone] | 5. oh no; uh-oh; this is bad [word usually written using kana alone],adjective (keiyoushi); interjection (kandoushi),general-language,jmdict-waller,JMdict:1495000;waller-n5.csv:line-586,Community estimate: Waller via stephenmk; not an official JLPT word list
ja-n5-00586,又,また,"1. again; once more; once again; another time; some other time [word usually written using kana alone] | 2. also; too; as well; likewise [word usually written using kana alone] | 3. on the other hand; while [word usually written using kana alone] | 4. and; in addition; besides; moreover; furthermore [word usually written using kana alone] | 5. or; otherwise [word usually written using kana alone] | 6. really; how; (what, why) on earth [word usually written using kana alone] (expresses surprise, shock, doubt, etc.) | 7. some time (in the future) [word usually written using kana alone; Kansai-ben] | 8. indirect",adverb (fukushi); conjunction; prefix,time-and-quantity,jmdict-waller,JMdict:1524930;waller-n5.csv:line-587,Community estimate: Waller via stephenmk; not an official JLPT word list
ja-n5-00587,まだ,まだ,1. still; as yet; only [word usually written using kana alone] | 2. (not) yet [word usually written using kana alone] (with verb in the negative) | 3. more; (more) still [word usually written using kana alone] | 4. at least; comparatively; relatively [word usually written using kana alone] | 5. unfinished; incomplete; not yet done [word usually written using kana alone],adverb (fukushi); adjectival nouns or quasi-adjectives (keiyodoshi),general-language,jmdict-waller,JMdict:1527110;waller-n5.csv:line-588,Community estimate: Waller via stephenmk; not an official JLPT word list
ja-n5-00588,町,まち,1. town; block; neighbourhood; neighborhood | 2. street; road,noun (common) (futsuumeishi),travel-and-places,jmdict-waller,JMdict:1603990;waller-n5.csv:line-589,Community estimate: Waller via stephenmk; not an official JLPT word list
ja-n5-00589,待つ,まつ,1. to wait | 2. to await; to look forward to; to anticipate | 3. to depend on; to need (usu. in negative form),Godan verb with 'tsu' ending; transitive verb; intransitive verb,general-language,jmdict-waller,JMdict:1410590;waller-n5.csv:line-590,Community estimate: Waller via stephenmk; not an official JLPT word list
ja-n5-00590,まっすぐ,まっすぐ,1. straight (ahead); direct; upright; erect [word usually written using kana alone] | 2. straightforward; honest; frank [word usually written using kana alone],adjectival nouns or quasi-adjectives (keiyodoshi); adverb (fukushi); noun (common) (futsuumeishi),general-language,jmdict-waller,JMdict:1580600;waller-n5.csv:line-591,Community estimate: Waller via stephenmk; not an official JLPT word list
ja-n5-00591,マッチ,マッチ,1. match (contest) | 2. matching (with); going well (with),noun (common) (futsuumeishi); noun or participle which takes the aux. verb suru; intransitive verb,general-language,jmdict-waller,JMdict:2784220;waller-n5.csv:line-592,Community estimate: Waller via stephenmk; not an official JLPT word list
ja-n5-00592,窓,まど,1. window,noun (common) (futsuumeishi),home-and-daily-life,jmdict-waller,JMdict:1401400;waller-n5.csv:line-593,Community estimate: Waller via stephenmk; not an official JLPT word list
ja-n5-00593,丸い,まるい,1. round; circular; spherical | 2. curved; smooth | 3. harmonious; calm; peaceful; amiable; amicable,adjective (keiyoushi),general-language,jmdict-waller,JMdict:1604230;waller-n5.csv:line-594,Community estimate: Waller via stephenmk; not an official JLPT word list
ja-n5-00595,万,まん,"1. 10,000; ten thousand | 2. myriad",numeric; noun (common) (futsuumeishi); nouns which may take the genitive case particle 'no',general-language,jmdict-waller,JMdict:1584460;waller-n5.csv:line-596,Community estimate: Waller via stephenmk; not an official JLPT word list
ja-n5-00596,万年筆,まんねんひつ,1. fountain pen,noun (common) (futsuumeishi),general-language,jmdict-waller,JMdict:1526360;waller-n5.csv:line-597,Community estimate: Waller via stephenmk; not an official JLPT word list
ja-n5-00597,磨く,みがく,"1. to polish; to shine; to burnish; to scour; to scrub; to brush (teeth); to grind (e.g. a lens) | 2. to refine (a skill, etc.); to improve; to hone; to polish (up); to cultivate (one's character)",Godan verb with 'ku' ending; transitive verb,general-language,jmdict-waller,JMdict:1523940;waller-n5.csv:line-598,Community estimate: Waller via stephenmk; not an official JLPT word list
ja-n5-00598,右,みぎ,1. right; right-hand side | 2. right hand | 3. the above (in a piece of vertical writing); above-mentioned | 4. the right (wing); rightist | 5. the better (of two),noun (common) (futsuumeishi); nouns which may take the genitive case particle 'no',health-and-body,jmdict-waller,JMdict:1171010;waller-n5.csv:line-599,Community estimate: Waller via stephenmk; not an official JLPT word list
ja-n5-00599,短い,みじかい,1. short | 2. brief,adjective (keiyoushi),general-language,jmdict-waller,JMdict:1418620;waller-n5.csv:line-600,Community estimate: Waller via stephenmk; not an official JLPT word list
ja-n5-00600,水,みず,1. water (esp. cool or cold) | 2. fluid (esp. in an animal tissue); liquid | 3. flood; floodwaters | 4. water offered to wrestlers just prior to a bout [sumo] | 5. break granted to wrestlers engaged in a prolonged bout [sumo],noun (common) (futsuumeishi),nature-and-science,jmdict-waller,JMdict:1371260;waller-n5.csv:line-601,Community estimate: Waller via stephenmk; not an official JLPT word list
ja-n5-00601,店,みせ,1. store; shop; establishment; restaurant,noun (common) (futsuumeishi),food-and-dining,jmdict-waller,JMdict:1582120;waller-n5.csv:line-602,Community estimate: Waller via stephenmk; not an official JLPT word list
ja-n5-00602,見せる,みせる,"1. to show; to display | 2. to make (something or someone) look ...; to present an appearance of ... | 3. to make (something) worth watching; to be entertaining | 4. to have (something) looked at (by a specialist); to have (an antique, etc.) appraised | 5. to have (an injury, person, etc.) looked at (by a doctor); to take (someone) to a doctor | 6. to make a show of (doing); to do in a conspicuous manner; to do in view of others (after the -te form of a verb) | 7. to resolve to do; to do at any cost; to show others that one will ... (after the -te form of a verb)",Ichidan verb; transitive verb; auxiliary verb,general-language,jmdict-waller,JMdict:1259210;waller-n5.csv:line-603,Community estimate: Waller via stephenmk; not an official JLPT word list
ja-n5-00603,道,みち,"1. road; path; street; lane; passage | 2. route; way | 3. distance; journey | 4. road (e.g. to victory); course | 5. way (of living, proper conduct, etc.); moral principles | 6. teachings (esp. Confucian or Buddhist); dogma | 7. field (e.g. of medicine); subject; speciality | 8. means; way; method",noun (common) (futsuumeishi),travel-and-places,jmdict-waller,JMdict:1454080;waller-n5.csv:line-604,Community estimate: Waller via stephenmk; not an official JLPT word list
ja-n5-00604,三日,みっか,1. 3rd day of the month | 2. three days,noun (common) (futsuumeishi),time-and-quantity,jmdict-waller,JMdict:1301330;waller-n5.csv:line-605,Community estimate: Waller via stephenmk; not an official JLPT word list
ja-n5-00605,三つ,みっつ,1. three | 2. three years of age,numeric; noun (common) (futsuumeishi),general-language,jmdict-waller,JMdict:1299740;waller-n5.csv:line-606,Community estimate: Waller via stephenmk; not an official JLPT word list
ja-n5-00606,緑,みどり,1. green | 2. greenery; verdure,noun (common) (futsuumeishi); nouns which may take the genitive case particle 'no',general-language,jmdict-waller,JMdict:1555300;waller-n5.csv:line-607,Community estimate: Waller via stephenmk; not an official JLPT word list
ja-n5-00607,皆さん,みなさん,1. all; everyone; everybody [honorific or respectful (sonkeigo) language],noun (common) (futsuumeishi),study-work-and-communication,jmdict-waller,JMdict:1202170;waller-n5.csv:line-608,Community estimate: Waller via stephenmk; not an official JLPT word list
ja-n5-00608,南,みなみ,1. south,noun (common) (futsuumeishi),general-language,jmdict-waller,JMdict:1459870;waller-n5.csv:line-609,Community estimate: Waller via stephenmk; not an official JLPT word list
ja-n5-00609,耳,みみ,"1. ear | 2. hearing | 3. ear (for music, etc.) | 4. edge; crust; heel (of bread or cheese); selvedge (of woven fabric); selvage | 5. ear (of a pot, jug, etc.); handle",noun (common) (futsuumeishi),health-and-body,jmdict-waller,JMdict:1317170;waller-n5.csv:line-610,Community estimate: Waller via stephenmk; not an official JLPT word list
ja-n5-00610,見る,みる,"1. to see; to look; to watch; to view; to observe | 2. to examine; to look over; to assess; to check; to judge | 3. to look after; to attend to; to take care of; to keep an eye on | 4. to experience; to meet with (misfortune, success, etc.) | 5. to try ...; to have a go at ...; to give ... a try [word usually written using kana alone] (after the -te form of a verb) | 6. to see (that) ...; to find (that) ... [word usually written using kana alone]",Ichidan verb; transitive verb; auxiliary verb,general-language,jmdict-waller,JMdict:1259290;waller-n5.csv:line-611,Community estimate: Waller via stephenmk; not an official JLPT word list
ja-n5-00612,みんな,みんな,1. everyone; everybody; all [word usually written using kana alone] | 2. everything; all [word usually written using kana alone],noun (common) (futsuumeishi); pronoun; adverb (fukushi),general-language,jmdict-waller,JMdict:1202150;waller-n5.csv:line-613,Community estimate: Waller via stephenmk; not an official JLPT word list
ja-n5-00613,六日,むいか,1. 6th day of the month | 2. six days,noun (common) (futsuumeishi),time-and-quantity,jmdict-waller,JMdict:1561470;waller-n5.csv:line-614,Community estimate: Waller via stephenmk; not an official JLPT word list
ja-n5-00614,向こう,むこう,"1. opposite side; other side | 2. over there; ahead; beyond; (in the) distance; far away; far off | 3. destination; there (somewhere distant, esp. abroad) | 4. the other party; the other side | 5. from now; next (e.g. two weeks); coming ...; from ... onwards",noun (common) (futsuumeishi),general-language,jmdict-waller,JMdict:1277140;waller-n5.csv:line-615,Community estimate: Waller via stephenmk; not an official JLPT word list
ja-n5-00615,難しい,むずかしい,"1. difficult; hard; troublesome; complicated; serious (disease, problem, etc.) | 2. impossible; unfeasible [euphemistic] | 3. fussy; particular; fastidious; hard to please; displeased | 4. gloomy; glum; sullen; serious (look) | 5. dirty; unclean; filthy; detestable [archaic] | 6. unpleasant; uncomfortable; creepy; spooky [archaic]",adjective (keiyoushi),health-and-body,jmdict-waller,JMdict:1460850;waller-n5.csv:line-616,Community estimate: Waller via stephenmk; not an official JLPT word list
ja-n5-00616,六つ,むっつ,1. six | 2. six years of age | 3. six o'clock (old time system),numeric; noun (common) (futsuumeishi),general-language,jmdict-waller,JMdict:1585315;waller-n5.csv:line-617,Community estimate: Waller via stephenmk; not an official JLPT word list
ja-n5-00617,村,むら,1. village,noun (common) (futsuumeishi),travel-and-places,jmdict-waller,JMdict:1406820;waller-n5.csv:line-618,Community estimate: Waller via stephenmk; not an official JLPT word list
ja-n5-00618,目,め,"1. eye; eyeball | 2. eyesight; sight; vision | 3. look; stare; gaze; glance | 4. notice; attention; observation; eyes (of the world, public, etc.) | 5. an experience | 6. viewpoint | 7. discrimination; discernment; judgement; eye (e.g. for quality) | 8. (an) appearance | 9. chance (of success); possibility (of a good result) | 10. spacing (between crossed strands of a net, mesh, etc.); opening; stitch; texture; weave | 11. grain (of wood, paper) | 12. eye (of a storm, needle, etc.) | 13. intersection (on a go board); square (on a chessboard) | 14. dot (on a dice); pip; rolled number | 15. graduation; division (of a scale) | 16. tooth (of a saw, comb, etc.) | 17. ordinal number suffix | 18. somewhat; -ish [word usually written using kana alone] (after adjective stem) | 19. point (e.g. of change) (after -masu stem of verb)",noun (common) (futsuumeishi); suffix,health-and-body,jmdict-waller,JMdict:1604890;waller-n5.csv:line-619,Community estimate: Waller via stephenmk; not an official JLPT word list
ja-n5-00619,メートル,メートル,1. metre (unit of length); meter [word usually written using kana alone] | 2. meter; gauge [word usually written using kana alone],noun (common) (futsuumeishi),general-language,jmdict-waller,JMdict:1132570;waller-n5.csv:line-620,Community estimate: Waller via stephenmk; not an official JLPT word list
ja-n5-00620,眼鏡,めがね,1. glasses; eyeglasses; spectacles [word usually written using kana alone] | 2. judgment; judgement; discrimination; discernment; insight | 3. four-eyes [word usually written using kana alone; derogatory],noun (common) (futsuumeishi),general-language,jmdict-waller,JMdict:1577670;waller-n5.csv:line-621,Community estimate: Waller via stephenmk; not an official JLPT word list
ja-n5-00621,もう,もう,1. already; yet; by now; now; (not) any more; (not) any longer | 2. soon; shortly; before long; presently | 3. further; more; again; another; the other | 4. jeez; geez; gee; boy; come on; damn; seriously (used to strengthen expression of an emotion (often exasperation)) | 5. truly; really; extremely,adverb (fukushi); interjection (kandoushi),general-language,jmdict-waller,JMdict:1012480;waller-n5.csv:line-622,Community estimate: Waller via stephenmk; not an official JLPT word list
ja-n5-00622,もう一度,もういちど,1. once more; again,"expressions (phrases, clauses, etc.); adverb (fukushi)",general-language,jmdict-waller,JMdict:2005860;waller-n5.csv:line-623,Community estimate: Waller via stephenmk; not an official JLPT word list
ja-n5-00623,木曜日,もくようび,1. Thursday,noun (common) (futsuumeishi); adverb (fukushi),general-language,jmdict-waller,JMdict:1534890;waller-n5.csv:line-624,Community estimate: Waller via stephenmk; not an official JLPT word list
ja-n5-00624,持つ,もつ,"1. to hold (in one's hand); to take; to carry | 2. to possess; to have; to own | 3. to maintain; to keep | 4. to last; to be durable; to keep; to survive | 5. to take charge of; to be in charge of | 6. to hold (meeting, etc.); to have (opportunity, etc.) | 7. to have ""it""; to have that special something; to be blessed with good luck [colloquial]",Godan verb with 'tsu' ending; transitive verb; intransitive verb,health-and-body,jmdict-waller,JMdict:1315720;waller-n5.csv:line-625,Community estimate: Waller via stephenmk; not an official JLPT word list
ja-n5-00625,もっと,もっと,1. (some) more; even more; longer; further,adverb (fukushi),general-language,jmdict-waller,JMdict:1012620;waller-n5.csv:line-626,Community estimate: Waller via stephenmk; not an official JLPT word list
ja-n5-00626,物,もの,"1. thing; object; article; stuff; substance | 2. one's things; possessions; property; belongings | 3. things; something; anything; everything; nothing | 4. quality | 5. reason; the way of things | 6. used to emphasize emotion, judgment, etc.; used to indicate a common occurrence in the past (after a verb in past tense); used to indicate a general tendency; used to indicate something that should happen [word usually written using kana alone] | 7. item classified as ...; item related to ...; work in the genre of ... [word usually written using kana alone] | 8. cause of ...; cause for ... | 9. somehow; somewhat; for some reason | 10. really; truly","noun (common) (futsuumeishi); noun, used as a suffix; prefix",general-language,jmdict-waller,JMdict:1502390;waller-n5.csv:line-627,Community estimate: Waller via stephenmk; not an official JLPT word list
ja-n5-00627,門,もん,1. gate | 2. branch of learning based on the teachings of a single master; school | 3. phylum; division [biology] | 4. counter for cannons,"noun (common) (futsuumeishi); noun, used as a suffix; counter",general-language,jmdict-waller,JMdict:1584800;waller-n5.csv:line-628,Community estimate: Waller via stephenmk; not an official JLPT word list
ja-n5-00628,問題,もんだい,"1. question (e.g. on a test); problem | 2. problem (e.g. societal, political); question; issue; subject (e.g. of research); case; matter | 3. question (i.e. doubt) | 4. public discussion; controversy | 5. trouble; problem; inconvenience; difficulty",noun (common) (futsuumeishi),general-language,jmdict-waller,JMdict:1536010;waller-n5.csv:line-629,Community estimate: Waller via stephenmk; not an official JLPT word list
ja-n5-00629,八百屋,やおや,1. greengrocer; fruit and vegetable shop | 2. jack of all trades [colloquial],noun (common) (futsuumeishi),food-and-dining,jmdict-waller,JMdict:1476960;waller-n5.csv:line-630,Community estimate: Waller via stephenmk; not an official JLPT word list
ja-n5-00630,野菜,やさい,1. vegetable | 2. marijuana; cannabis [slang],noun (common) (futsuumeishi),food-and-dining,jmdict-waller,JMdict:1537370;waller-n5.csv:line-631,Community estimate: Waller via stephenmk; not an official JLPT word list
ja-n5-00631,易しい,やさしい,1. easy; plain; simple [word usually written using kana alone],adjective (keiyoushi),general-language,jmdict-waller,JMdict:1157000;waller-n5.csv:line-632,Community estimate: Waller via stephenmk; not an official JLPT word list
ja-n5-00632,安い,やすい,1. cheap; inexpensive | 2. calm; peaceful; quiet,adjective (keiyoushi),general-language,jmdict-waller,JMdict:1153670;waller-n5.csv:line-633,Community estimate: Waller via stephenmk; not an official JLPT word list
ja-n5-00633,休み,やすみ,1. rest; recess; respite | 2. vacation; holiday; absence; suspension | 3. dormancy (of a silkworm prior to moulting),noun (common) (futsuumeishi),general-language,jmdict-waller,JMdict:1227500;waller-n5.csv:line-634,Community estimate: Waller via stephenmk; not an official JLPT word list
ja-n5-00634,休む,やすむ,1. to be absent; to take a day off | 2. to rest; to have a break | 3. to go to bed; to (lie down to) sleep; to turn in; to retire | 4. to stop doing some ongoing activity for a time; to suspend business,Godan verb with 'mu' ending; intransitive verb,time-and-quantity,jmdict-waller,JMdict:1227560;waller-n5.csv:line-635,Community estimate: Waller via stephenmk; not an official JLPT word list
ja-n5-00635,八つ,やっつ,1. eight | 2. eight years of age | 3. two o'clock (old time system),numeric; noun (common) (futsuumeishi),general-language,jmdict-waller,JMdict:1583095;waller-n5.csv:line-636,Community estimate: Waller via stephenmk; not an official JLPT word list
ja-n5-00636,山,やま,1. mountain; hill | 2. mine | 3. (mountain) forest | 4. heap; pile; stack; mountain | 5. protruding or high part of an object; crown (of a hat); thread (of a screw); tread (of a tire) | 6. climax; peak; critical point | 7. guess; speculation; gamble | 8. (criminal) case; crime [slang; word usually written using kana alone] | 9. mountain climbing; mountaineering | 10. festival float (esp. one mounted with a decorative halberd) | 11. deck (from which players draw cards); draw pile; stock [card games] | 12. wall; wall tile [mahjong] | 13. wild (before the name of a plant or animal),"noun (common) (futsuumeishi); counter; noun, used as a prefix",nature-and-science,jmdict-waller,JMdict:1302680;waller-n5.csv:line-637,Community estimate: Waller via stephenmk; not an official JLPT word list
ja-n5-00637,遣る,やる,"1. to do; to undertake; to perform; to play (a game); to study [word usually written using kana alone; colloquial] | 2. to send; to dispatch; to despatch [word usually written using kana alone] | 3. to put; to move; to turn (one's head, glance, etc.) [word usually written using kana alone] | 4. to give (esp. to someone of equal or lower status); to let have; to present; to bestow; to confer [word usually written using kana alone] | 5. to make (a vehicle) go faster [word usually written using kana alone] | 6. to run (a business); to keep; to be engaged in; to practice (law, medicine, etc.); to practise [word usually written using kana alone] | 7. to have (food, drink, etc.); to eat; to drink; to smoke [word usually written using kana alone] | 8. to hold (a performance); to perform; to show [word usually written using kana alone] | 9. to ease (one's mind) [word usually written using kana alone] | 10. to harm; to injure; to kill [colloquial; word usually written using kana alone] | 11. to have sex; to fuck; to bang [word usually written using kana alone; slang; vulgar expression or word] | 12. to live; to get by; to get along [word usually written using kana alone] | 13. to do ... completely [word usually written using kana alone] (after the -masu stem of a verb, often in the negative) | 14. to do ... broadly; to do ... to a great distance [word usually written using kana alone] (after the -masu stem of a verb) | 15. to do ... for (someone of equal or lower status); to do ... to [word usually written using kana alone] (after the -te form of a verb; sometimes with negative nuance) | 16. to make active efforts to ... [word usually written using kana alone] (after the -te form of a verb) | 17. to suffer from (an illness); to experience (a medical condition); to be afflicted with [word usually written using kana alone]",Godan verb with 'ru' ending; transitive verb; intransitive verb; suffix; auxiliary verb,study-work-and-communication,jmdict-waller,JMdict:1012980;waller-n5.csv:line-638,Community estimate: Waller via stephenmk; not an official JLPT word list
ja-n5-00638,夕方,ゆうがた,1. early evening (usu. from 3pm to 6pm); dusk,noun (common) (futsuumeishi); adverb (fukushi),general-language,jmdict-waller,JMdict:1542790;waller-n5.csv:line-639,Community estimate: Waller via stephenmk; not an official JLPT word list
ja-n5-00639,夕飯,ゆうはん,1. evening meal; dinner; supper,noun (common) (futsuumeishi),food-and-dining,jmdict-waller,JMdict:1584910;waller-n5.csv:line-640,Community estimate: Waller via stephenmk; not an official JLPT word list
ja-n5-00640,郵便局,ゆうびんきょく,1. post office,noun (common) (futsuumeishi),general-language,jmdict-waller,JMdict:1542430;waller-n5.csv:line-641,Community estimate: Waller via stephenmk; not an official JLPT word list
ja-n5-00641,昨夜,ゆうべ,1. last night; yesterday evening,noun (common) (futsuumeishi); adverb (fukushi),time-and-quantity,jmdict-waller,JMdict:1542640;waller-n5.csv:line-642,Community estimate: Waller via stephenmk; not an official JLPT word list
ja-n5-00642,有名,ゆうめい,1. famous; well-known,adjectival nouns or quasi-adjectives (keiyodoshi),general-language,jmdict-waller,JMdict:1541620;waller-n5.csv:line-643,Community estimate: Waller via stephenmk; not an official JLPT word list
ja-n5-00643,雪,ゆき,1. snow; snowfall,noun (common) (futsuumeishi),nature-and-science,jmdict-waller,JMdict:1386500;waller-n5.csv:line-644,Community estimate: Waller via stephenmk; not an official JLPT word list
ja-n5-00644,行く,ゆく,"1. to go; to move (towards); to head (towards); to leave (for) | 2. to move through; to travel across; to walk along (e.g. a road) | 3. to go (well, badly, etc.); to proceed; to turn out; to get along | 4. to do (in a particular way); to go (with; a choice); to try | 5. to pass (of time, seasons, etc.); to go by | 6. to stream; to flow | 7. to die; to pass away | 8. to reach (a stage, extent, age, etc.); to get to; to go (so far as ...) | 9. to reach (of information, instructions, wind, etc.); to arrive | 10. to continue ...; to go on ...; to (progress) steadily; to gradually ...; to progressively ... [word usually written using kana alone] | 11. to have an orgasm; to come; to cum [word usually written using kana alone; colloquial] | 12. to trip; to get high; to have a drug-induced hallucination [word usually written using kana alone; slang]",Godan verb - Iku/Yuku special class; intransitive verb; auxiliary verb,health-and-body,jmdict-waller,JMdict:1578850;waller-n5.csv:line-645,Community estimate: Waller via stephenmk; not an official JLPT word list
ja-n5-00645,ゆっくり,ゆっくり,1. slowly; unhurriedly; without haste; leisurely; at one's leisure [onomatopoeic or mimetic word] | 2. easily (e.g. in time); well; sufficiently; amply; with time to spare [onomatopoeic or mimetic word] | 3. well (e.g. sleep); comfortably [onomatopoeic or mimetic word],adverb (fukushi); adverb taking the 'to' particle; noun or participle which takes the aux. verb suru,general-language,jmdict-waller,JMdict:1013050;waller-n5.csv:line-646,Community estimate: Waller via stephenmk; not an official JLPT word list
ja-n5-00646,八日,ようか,1. 8th day of the month | 2. eight days,noun (common) (futsuumeishi),time-and-quantity,jmdict-waller,JMdict:1476920;waller-n5.csv:line-647,Community estimate: Waller via stephenmk; not an official JLPT word list
ja-n5-00647,洋服,ようふく,1. Western-style clothes (cf. traditional Japanese clothes),noun (common) (futsuumeishi),home-and-daily-life,jmdict-waller,JMdict:1546020;waller-n5.csv:line-648,Community estimate: Waller via stephenmk; not an official JLPT word list
ja-n5-00648,良く,よく,1. nicely; properly; well; skillfully; skilfully [word usually written using kana alone] | 2. frequently; often [word usually written using kana alone] | 3. I'm glad that you ...; thank you for ... [word usually written using kana alone] | 4. (you have) quite the nerve to; I don't know how you can ... [word usually written using kana alone],adverb (fukushi),general-language,jmdict-waller,JMdict:1605870;waller-n5.csv:line-649,Community estimate: Waller via stephenmk; not an official JLPT word list
ja-n5-00649,横,よこ,"1. horizontal (as opposed to vertical) | 2. side-to-side (as opposed to front-to-back); width; breadth | 3. side (of a box, etc.) | 4. beside; aside; next to | 5. unconnected",noun (common) (futsuumeishi),general-language,jmdict-waller,JMdict:1180570;waller-n5.csv:line-650,Community estimate: Waller via stephenmk; not an official JLPT word list
ja-n5-00650,四日,よっか,1. 4th day of the month | 2. four days,noun (common) (futsuumeishi),time-and-quantity,jmdict-waller,JMdict:1307320;waller-n5.csv:line-651,Community estimate: Waller via stephenmk; not an official JLPT word list
ja-n5-00651,四つ,よっつ,1. four; 4 | 2. four years of age | 3. ten o'clock (in the old time system) | 4. burakumin [derogatory] (likely from cows and pigs having four feet) | 5. cross grips [sumo; abbreviation],numeric; noun (common) (futsuumeishi),general-language,jmdict-waller,JMdict:1307040;waller-n5.csv:line-652,Community estimate: Waller via stephenmk; not an official JLPT word list
ja-n5-00652,呼ぶ,よぶ,"1. to call out (to); to call; to invoke | 2. to summon (a doctor, etc.) | 3. to invite | 4. to designate; to name; to brand | 5. to garner (support, etc.); to gather | 6. to take as one's wife [archaic]",Godan verb with 'bu' ending; transitive verb,general-language,jmdict-waller,JMdict:1266440;waller-n5.csv:line-653,Community estimate: Waller via stephenmk; not an official JLPT word list
ja-n5-00653,読む,よむ,"1. to read | 2. to recite (e.g. a sutra); to chant | 3. to predict; to guess; to forecast; to read (someone's thoughts); to see (e.g. into someone's heart); to divine | 4. to pronounce; to read (e.g. a kanji) | 5. to decipher; to read (a meter, graph, music, etc.); to tell (the time) | 6. to count; to estimate (now mostly used in idioms) | 7. to read (a kanji) with its native Japanese reading",Godan verb with 'mu' ending; transitive verb,study-work-and-communication,jmdict-waller,JMdict:1456360;waller-n5.csv:line-654,Community estimate: Waller via stephenmk; not an official JLPT word list
ja-n5-00654,夜,よる,1. night; evening | 2. dinner,noun (common) (futsuumeishi); adverb (fukushi),time-and-quantity,jmdict-waller,JMdict:1536350;waller-n5.csv:line-655,Community estimate: Waller via stephenmk; not an official JLPT word list
ja-n5-00655,弱い,よわい,1. weak; frail; delicate; tender; unskilled; weak (wine),adjective (keiyoushi),general-language,jmdict-waller,JMdict:1324520;waller-n5.csv:line-656,Community estimate: Waller via stephenmk; not an official JLPT word list
ja-n5-00656,来月,らいげつ,1. next month,noun (common) (futsuumeishi); adverb (fukushi),time-and-quantity,jmdict-waller,JMdict:1547900;waller-n5.csv:line-657,Community estimate: Waller via stephenmk; not an official JLPT word list
ja-n5-00657,来週,らいしゅう,1. next week,noun (common) (futsuumeishi); adverb (fukushi),time-and-quantity,jmdict-waller,JMdict:1548010;waller-n5.csv:line-658,Community estimate: Waller via stephenmk; not an official JLPT word list
ja-n5-00658,来年,らいねん,1. next year,noun (common) (futsuumeishi); adverb (fukushi),time-and-quantity,jmdict-waller,JMdict:1548220;waller-n5.csv:line-659,Community estimate: Waller via stephenmk; not an official JLPT word list
ja-n5-00659,ラジオ,ラジオ,1. radio,noun (common) (futsuumeishi),general-language,jmdict-waller,JMdict:1138860;waller-n5.csv:line-660,Community estimate: Waller via stephenmk; not an official JLPT word list
ja-n5-00660,ラジカセ,ラジカセ,1. radio-cassette player [abbreviation],noun (common) (futsuumeishi),general-language,jmdict-waller,JMdict:1138960;waller-n5.csv:line-661,Community estimate: Waller via stephenmk; not an official JLPT word list
ja-n5-00661,ラジオカセット,ラジオカセット,1. radio-cassette; tape recorder,noun (common) (futsuumeishi),general-language,jmdict-waller,JMdict:1138900;waller-n5.csv:line-662,Community estimate: Waller via stephenmk; not an official JLPT word list
ja-n5-00662,立派,りっぱ,1. splendid; fine; handsome; elegant; imposing; prominent; impressive | 2. praiseworthy; creditable; worthy | 3. legal; legitimate; lawful | 4. undeniable (e.g. crime); indisputable; solid,adjectival nouns or quasi-adjectives (keiyodoshi),general-language,jmdict-waller,JMdict:1551790;waller-n5.csv:line-663,Community estimate: Waller via stephenmk; not an official JLPT word list
ja-n5-00663,留学生,りゅうがくせい,1. overseas student; exchange student,noun (common) (futsuumeishi),study-work-and-communication,jmdict-waller,JMdict:1552750;waller-n5.csv:line-664,Community estimate: Waller via stephenmk; not an official JLPT word list
ja-n5-00664,両親,りょうしん,1. parents; both parents,noun (common) (futsuumeishi),general-language,jmdict-waller,JMdict:1602710;waller-n5.csv:line-665,Community estimate: Waller via stephenmk; not an official JLPT word list
ja-n5-00665,料理,りょうり,1. cooking; cookery; cuisine; food; dish | 2. dealing with (skillfully); handling (well); managing,noun (common) (futsuumeishi); noun or participle which takes the aux. verb suru; transitive verb,food-and-dining,jmdict-waller,JMdict:1554310;waller-n5.csv:line-666,Community estimate: Waller via stephenmk; not an official JLPT word list
ja-n5-00666,旅行,りょこう,1. travel; trip; journey; excursion; tour,noun (common) (futsuumeishi); noun or participle which takes the aux. verb suru; intransitive verb,travel-and-places,jmdict-waller,JMdict:1553170;waller-n5.csv:line-667,Community estimate: Waller via stephenmk; not an official JLPT word list
ja-n5-00667,零,れい,1. zero; nought,noun (common) (futsuumeishi),general-language,jmdict-waller,JMdict:1557630;waller-n5.csv:line-668,Community estimate: Waller via stephenmk; not an official JLPT word list
ja-n5-00668,冷蔵庫,れいぞうこ,1. refrigerator; fridge,noun (common) (futsuumeishi),general-language,jmdict-waller,JMdict:1557110;waller-n5.csv:line-669,Community estimate: Waller via stephenmk; not an official JLPT word list
ja-n5-00669,レコード,レコード,1. (phonograph) record | 2. record (esp. in sports) | 3. record (data structure) [computing],noun (common) (futsuumeishi),general-language,jmdict-waller,JMdict:1144940;waller-n5.csv:line-670,Community estimate: Waller via stephenmk; not an official JLPT word list
ja-n5-00670,レストラン,レストラン,1. restaurant (esp. Western-style),noun (common) (futsuumeishi),food-and-dining,jmdict-waller,JMdict:1145310;waller-n5.csv:line-671,Community estimate: Waller via stephenmk; not an official JLPT word list
ja-n5-00671,練習,れんしゅう,1. practice; training; drill; (an) exercise; workout,noun (common) (futsuumeishi); noun or participle which takes the aux. verb suru; transitive verb,general-language,jmdict-waller,JMdict:1559160;waller-n5.csv:line-672,Community estimate: Waller via stephenmk; not an official JLPT word list
ja-n5-00672,廊下,ろうか,1. corridor; hallway; passageway,noun (common) (futsuumeishi),general-language,jmdict-waller,JMdict:1560670;waller-n5.csv:line-673,Community estimate: Waller via stephenmk; not an official JLPT word list
ja-n5-00673,六,ろく,1. six; 6,numeric,general-language,jmdict-waller,JMdict:1585310;waller-n5.csv:line-674,Community estimate: Waller via stephenmk; not an official JLPT word list
ja-n5-00674,ワイシャツ,ワイシャツ,1. (formal) shirt; dress shirt; business shirt; button-up shirt [word usually written using kana alone],noun (common) (futsuumeishi),study-work-and-communication,jmdict-waller,JMdict:1148640;waller-n5.csv:line-675,Community estimate: Waller via stephenmk; not an official JLPT word list
ja-n5-00675,若い,わかい,1. young; youthful | 2. immature; green | 3. low (number); small,adjective (keiyoushi),general-language,jmdict-waller,JMdict:1324300;waller-n5.csv:line-676,Community estimate: Waller via stephenmk; not an official JLPT word list
ja-n5-00676,分かる,わかる,1. to understand; to comprehend; to grasp; to see; to get; to follow [word usually written using kana alone] | 2. to become clear; to be known; to be discovered; to be realized (realised); to be found out; to make sense [word usually written using kana alone] | 3. I know!; I think so too!,Godan verb with 'ru' ending; intransitive verb; interjection (kandoushi),thought-and-feeling,jmdict-waller,JMdict:1606560;waller-n5.csv:line-677,Community estimate: Waller via stephenmk; not an official JLPT word list
ja-n5-00677,忘れる,わすれる,1. to forget; to leave carelessly; to be forgetful of; to forget about; to forget (an article),Ichidan verb; transitive verb,general-language,jmdict-waller,JMdict:1519210;waller-n5.csv:line-678,Community estimate: Waller via stephenmk; not an official JLPT word list
ja-n5-00678,私,わたくし,"1. I; me | 2. personal (affairs, etc.); private | 3. selfishness; partiality | 4. secrecy; confidentiality",pronoun; nouns which may take the genitive case particle 'no'; noun (common) (futsuumeishi),general-language,jmdict-waller,JMdict:2842390;waller-n5.csv:line-679,Community estimate: Waller via stephenmk; not an official JLPT word list
ja-n5-00679,私,わたし,1. I; me (slightly formal or feminine),pronoun,general-language,jmdict-waller,JMdict:1311110;waller-n5.csv:line-680,Community estimate: Waller via stephenmk; not an official JLPT word list
ja-n5-00680,渡す,わたす,1. to ferry across (e.g. a river); to carry across; to traverse | 2. to lay across; to build across | 3. to hand over; to hand in; to pass; to give; to transfer,Godan verb with 'su' ending; transitive verb,nature-and-science,jmdict-waller,JMdict:1444610;waller-n5.csv:line-681,Community estimate: Waller via stephenmk; not an official JLPT word list
ja-n5-00681,渡る,わたる,1. to cross over; to go across | 2. to extend; to cover; to range; to span [word usually written using kana alone],Godan verb with 'ru' ending; intransitive verb,general-language,jmdict-waller,JMdict:1444680;waller-n5.csv:line-682,Community estimate: Waller via stephenmk; not an official JLPT word list
ja-n5-00682,悪い,わるい,1. bad; poor; undesirable | 2. poor (quality); inferior; insufficient | 3. evil; sinful | 4. ugly; not beautiful | 5. at fault; to blame; in the wrong | 6. bad (at doing something) | 7. unprofitable; unbeneficial | 8. sorry; (my) bad; unforgivable,adjective (keiyoushi); interjection (kandoushi),general-language,jmdict-waller,JMdict:1151260;waller-n5.csv:line-683,Community estimate: Waller via stephenmk; not an official JLPT word list
ja-n5-00683,より,より,1. than | 2. rather than; instead of; over; above | 3. from; out of; since; at; on (and after) | 4. except; but; other than | 5. more,particle; adverb (fukushi),general-language,jmdict-waller,JMdict:1013190;waller-n5.csv:line-684,Community estimate: Waller via stephenmk; not an official JLPT word list
ja-n5-00684,方,ほう,"1. direction; way; side; area (in a particular direction) | 2. side (of an argument, etc.); one's part | 3. type; category | 4. field (of study, etc.) | 5. indicates one side of a comparison | 6. way; method; manner; means | 7. length (of each side of a square)",noun (common) (futsuumeishi),travel-and-places,jmdict-waller,JMdict:1516930;waller-n5.csv:line-685,Community estimate: Waller via stephenmk; not an official JLPT word list
