id,target,reading,english,part_of_speech,topic,source_id,source_entry,level_basis
ko-nikl-25524,가게,,A place where products are displayed and sold on a small scale.,noun,economy > commercial places,nikl-2024-mirror,https://huggingface.co/datasets/binjang/NIKL-korean-english-dictionary/resolve/3b4cfd2126debfd5440cade3ef6c2a3c20cf7cf9/2024_01.csv#record=25524,NIKL source band: beginner; project heuristic TOPIK 1: core-spelling/basic-life-category rule; not an official per-grade list
ko-nikl-25527,가격,,A value amount for something that is for sale.,noun,economy > financial instruments,nikl-2024-mirror,https://huggingface.co/datasets/binjang/NIKL-korean-english-dictionary/resolve/3b4cfd2126debfd5440cade3ef6c2a3c20cf7cf9/2024_01.csv#record=25527,NIKL source band: beginner; project heuristic TOPIK 1: core-spelling/basic-life-category rule; not an official per-grade list
ko-nikl-25562,가구,,"Objects used in a house such as a bed, chest, table, etc.",noun,housing > household goods,nikl-2024-mirror,https://huggingface.co/datasets/binjang/NIKL-korean-english-dictionary/resolve/3b4cfd2126debfd5440cade3ef6c2a3c20cf7cf9/2024_01.csv#record=25562,NIKL source band: beginner; project heuristic TOPIK 1: core-spelling/basic-life-category rule; not an official per-grade list
ko-nikl-25572,가까이,,Not far. / Almost reaching a standard. / Intimately.,adverb,concepts > location and direction,nikl-2024-mirror,https://huggingface.co/datasets/binjang/NIKL-korean-english-dictionary/resolve/3b4cfd2126debfd5440cade3ef6c2a3c20cf7cf9/2024_01.csv#record=25572,NIKL source band: beginner; project heuristic TOPIK 1: core-spelling/basic-life-category rule; not an official per-grade list
ko-nikl-25571,가까이,,A state of being not far. / A state of almost reaching a standard.,noun,concepts > location and direction,nikl-2024-mirror,https://huggingface.co/datasets/binjang/NIKL-korean-english-dictionary/resolve/3b4cfd2126debfd5440cade3ef6c2a3c20cf7cf9/2024_01.csv#record=25571,NIKL source band: beginner; project heuristic TOPIK 1: core-spelling/basic-life-category rule; not an official per-grade list
ko-nikl-25574,가깝다,,Not far from a certain location. / Very intimate with each other. / Nearly amounting to a certain number. / Almost similar to something in quality or state. / Not distant in time. / Not distant in kinship.,descriptive verb,concepts > location and direction,nikl-2024-mirror,https://huggingface.co/datasets/binjang/NIKL-korean-english-dictionary/resolve/3b4cfd2126debfd5440cade3ef6c2a3c20cf7cf9/2024_01.csv#record=25574,NIKL source band: beginner; project heuristic TOPIK 1: core-spelling/basic-life-category rule; not an official per-grade list
ko-nikl-25576,가끔,,Once in a while.,adverb,concepts > frequency,nikl-2024-mirror,https://huggingface.co/datasets/binjang/NIKL-korean-english-dictionary/resolve/3b4cfd2126debfd5440cade3ef6c2a3c20cf7cf9/2024_01.csv#record=25576,NIKL source band: beginner; project heuristic TOPIK 1: core-spelling/basic-life-category rule; not an official per-grade list
ko-nikl-25603,가다,,"To move from one place to another place. / For ships, planes, cars, etc., to travel to or from a specific place. / To move to attend a certain meeting that has a specific purpose. / To move to a certain place with a specific purpose. / To become a member of a certain group or organization. / To transfer to another place to undertake a specific work. / For objects, rights, etc., to belong to someone. / For one's attention or gaze to be drawn to a certain object. / For words, news, etc., to be known or delivered. / To move toward a certain state or situation. / To reach a certain level or degree. / To reach a certain point of time or a place. / For a certain phenomenon or state to be maintained. / To travel through a certain route. / To move to another place to do a certain task. / To head for or lead to a certain place. / To disappear and become invisible. / For a certain task or job to move forward. / For good or harm to be done to someone or something. / For harm to be done to someone's health. / For certain work to require a lot of effort / For lines, wrinkles, scratches, etc., to be formed. / To come to think of or understand a certain thing. / To be applied to a certain object. / For efforts or force to reach a certain object. / For time to pass or flow. / For machines, etc., to work or operate. / To go bad or spoil. / For stains or spots to be easily removed. / To lose one's senses, being shocked or affected by something. / To hear a signal sound indicating connection in communication. / To continue to be in a certain state. / For a person to die.",verb,people > physical actions,nikl-2024-mirror,https://huggingface.co/datasets/binjang/NIKL-korean-english-dictionary/resolve/3b4cfd2126debfd5440cade3ef6c2a3c20cf7cf9/2024_01.csv#record=25603,NIKL source band: beginner; project heuristic TOPIK 1: core-spelling/basic-life-category rule; not an official per-grade list
ko-nikl-25757,가방,,"A container for storing a person's belongings, which can be held with a hand or hung on a shoulder.",noun,clothing and appearance > hats shoes and accessories,nikl-2024-mirror,https://huggingface.co/datasets/binjang/NIKL-korean-english-dictionary/resolve/3b4cfd2126debfd5440cade3ef6c2a3c20cf7cf9/2024_01.csv#record=25757,NIKL source band: beginner; project heuristic TOPIK 1: core-spelling/basic-life-category rule; not an official per-grade list
ko-nikl-25820,가수,,A person whose job it is to sing.,noun,social life > occupations,nikl-2024-mirror,https://huggingface.co/datasets/binjang/NIKL-korean-english-dictionary/resolve/3b4cfd2126debfd5440cade3ef6c2a3c20cf7cf9/2024_01.csv#record=25820,NIKL source band: beginner; project heuristic TOPIK 1: core-spelling/basic-life-category rule; not an official per-grade list
ko-nikl-25831,가슴,,"The front part of a human or animal's body, between the neck and the abdomen. / The part of clothes that covers the front part of one's body, between the neck and the abdomen. / One's mind or emotion. / Human heart or lungs. / The chest of a woman.",noun,people > body parts,nikl-2024-mirror,https://huggingface.co/datasets/binjang/NIKL-korean-english-dictionary/resolve/3b4cfd2126debfd5440cade3ef6c2a3c20cf7cf9/2024_01.csv#record=25831,NIKL source band: beginner; project heuristic TOPIK 1: core-spelling/basic-life-category rule; not an official per-grade list
ko-nikl-25932,가운데,,A point that is almost equally distant from all ends of an object or within a space. / A point or space between two sides. / A state of being within a certain range of things. / The period during which a certain act or state continues.,noun,concepts > location and direction,nikl-2024-mirror,https://huggingface.co/datasets/binjang/NIKL-korean-english-dictionary/resolve/3b4cfd2126debfd5440cade3ef6c2a3c20cf7cf9/2024_01.csv#record=25932,NIKL source band: beginner; project heuristic TOPIK 1: core-spelling/basic-life-category rule; not an official per-grade list
ko-nikl-25934,가위,,"A tool for cutting paper, fabric, hair, etc. / In the scissors-paper-stone game, the act of holding out the index and middle fingers alone; or such a hand.",noun,education > learning materials,nikl-2024-mirror,https://huggingface.co/datasets/binjang/NIKL-korean-english-dictionary/resolve/3b4cfd2126debfd5440cade3ef6c2a3c20cf7cf9/2024_01.csv#record=25934,NIKL source band: beginner; project heuristic TOPIK 1: core-spelling/basic-life-category rule; not an official per-grade list
ko-nikl-25942,가을,,One of four seasons which comes between summer and winter.,noun,concepts > time,nikl-2024-mirror,https://huggingface.co/datasets/binjang/NIKL-korean-english-dictionary/resolve/3b4cfd2126debfd5440cade3ef6c2a3c20cf7cf9/2024_01.csv#record=25942,NIKL source band: beginner; project heuristic TOPIK 1: core-spelling/basic-life-category rule; not an official per-grade list
ko-nikl-25966,가장,,In a way that is better than any other.,adverb,concepts > sequence,nikl-2024-mirror,https://huggingface.co/datasets/binjang/NIKL-korean-english-dictionary/resolve/3b4cfd2126debfd5440cade3ef6c2a3c20cf7cf9/2024_01.csv#record=25966,NIKL source band: beginner; project heuristic TOPIK 1: core-spelling/basic-life-category rule; not an official per-grade list
ko-nikl-25998,가져가다,,To move an object from one place to another place. / To bring along an object. / To steal another person's object and make it one's own. / To lead to a certain condition or a result.,verb,social life > social activities,nikl-2024-mirror,https://huggingface.co/datasets/binjang/NIKL-korean-english-dictionary/resolve/3b4cfd2126debfd5440cade3ef6c2a3c20cf7cf9/2024_01.csv#record=25998,NIKL source band: beginner; project heuristic TOPIK 1: core-spelling/basic-life-category rule; not an official per-grade list
ko-nikl-26000,가져오다,,To bring an object from one place to another place. / To bring along an object. / To generate a certain condition or a result.,verb,social life > social activities,nikl-2024-mirror,https://huggingface.co/datasets/binjang/NIKL-korean-english-dictionary/resolve/3b4cfd2126debfd5440cade3ef6c2a3c20cf7cf9/2024_01.csv#record=26000,NIKL source band: beginner; project heuristic TOPIK 1: core-spelling/basic-life-category rule; not an official per-grade list
ko-nikl-26001,가족,,"A group of people who mainly live together in the same house and are related by marriage or as parents, children, siblings, etc., or the members of such a group.",noun,daily life > family relationships,nikl-2024-mirror,https://huggingface.co/datasets/binjang/NIKL-korean-english-dictionary/resolve/3b4cfd2126debfd5440cade3ef6c2a3c20cf7cf9/2024_01.csv#record=26001,NIKL source band: beginner; project heuristic TOPIK 1: core-spelling/basic-life-category rule; not an official per-grade list
ko-nikl-26023,가지,,A bound noun used to indicate the type of a thing.,bound noun,concepts > counters,nikl-2024-mirror,https://huggingface.co/datasets/binjang/NIKL-korean-english-dictionary/resolve/3b4cfd2126debfd5440cade3ef6c2a3c20cf7cf9/2024_01.csv#record=26023,NIKL source band: beginner; project heuristic TOPIK 1: core-spelling/basic-life-category rule; not an official per-grade list
ko-nikl-26248,간식,,Food that one eats between meals.,noun,food > dishes,nikl-2024-mirror,https://huggingface.co/datasets/binjang/NIKL-korean-english-dictionary/resolve/3b4cfd2126debfd5440cade3ef6c2a3c20cf7cf9/2024_01.csv#record=26248,NIKL source band: beginner; project heuristic TOPIK 1: core-spelling/basic-life-category rule; not an official per-grade list
ko-nikl-26266,간장,,"Salty, black liquid used to flavor food.",noun,food > ingredients,nikl-2024-mirror,https://huggingface.co/datasets/binjang/NIKL-korean-english-dictionary/resolve/3b4cfd2126debfd5440cade3ef6c2a3c20cf7cf9/2024_01.csv#record=26266,NIKL source band: beginner; project heuristic TOPIK 1: core-spelling/basic-life-category rule; not an official per-grade list
ko-nikl-26344,간호사,,A person whose job it is to assist doctors in taking care of patients at hospitals.,noun,social life > occupations,nikl-2024-mirror,https://huggingface.co/datasets/binjang/NIKL-korean-english-dictionary/resolve/3b4cfd2126debfd5440cade3ef6c2a3c20cf7cf9/2024_01.csv#record=26344,NIKL source band: beginner; project heuristic TOPIK 1: core-spelling/basic-life-category rule; not an official per-grade list
ko-nikl-26388,갈비,,"Short ribs of cows, pigs, chickens, etc., and the flesh attached to these bones, used as an ingredient for food; or food made from these bones and their flesh. / Several bow-shaped bones attached to both sides of the spine which surround the heart and lungs. / (teasing) A very skinny, bony person.",noun,food > ingredients,nikl-2024-mirror,https://huggingface.co/datasets/binjang/NIKL-korean-english-dictionary/resolve/3b4cfd2126debfd5440cade3ef6c2a3c20cf7cf9/2024_01.csv#record=26388,NIKL source band: beginner; project heuristic TOPIK 1: core-spelling/basic-life-category rule; not an official per-grade list
ko-nikl-26392,갈비탕,,"A soup, made by boiling galbi, short ribs of beef, for long hours.",noun,food > dishes,nikl-2024-mirror,https://huggingface.co/datasets/binjang/NIKL-korean-english-dictionary/resolve/3b4cfd2126debfd5440cade3ef6c2a3c20cf7cf9/2024_01.csv#record=26392,NIKL source band: beginner; project heuristic TOPIK 1: core-spelling/basic-life-category rule; not an official per-grade list
ko-nikl-26394,갈색,,"The color of a fallen leaf, similar to dark yellow.",noun,concepts > colors,nikl-2024-mirror,https://huggingface.co/datasets/binjang/NIKL-korean-english-dictionary/resolve/3b4cfd2126debfd5440cade3ef6c2a3c20cf7cf9/2024_01.csv#record=26394,NIKL source band: beginner; project heuristic TOPIK 1: core-spelling/basic-life-category rule; not an official per-grade list
ko-nikl-26397,갈아입다,,To take off one's clothes and put on other clothes.,verb,clothing and appearance > dressing,nikl-2024-mirror,https://huggingface.co/datasets/binjang/NIKL-korean-english-dictionary/resolve/3b4cfd2126debfd5440cade3ef6c2a3c20cf7cf9/2024_01.csv#record=26397,NIKL source band: beginner; project heuristic TOPIK 1: core-spelling/basic-life-category rule; not an official per-grade list
ko-nikl-26399,갈아타다,,To get off from a vehicle and get on another.,verb,social life > travel actions,nikl-2024-mirror,https://huggingface.co/datasets/binjang/NIKL-korean-english-dictionary/resolve/3b4cfd2126debfd5440cade3ef6c2a3c20cf7cf9/2024_01.csv#record=26399,NIKL source band: beginner; project heuristic TOPIK 1: core-spelling/basic-life-category rule; not an official per-grade list
ko-nikl-26417,감,,"An orange-colored, round or roundish flat fruit, which is astringent when unripe but sweet when ripe.",noun,food > fruit,nikl-2024-mirror,https://huggingface.co/datasets/binjang/NIKL-korean-english-dictionary/resolve/3b4cfd2126debfd5440cade3ef6c2a3c20cf7cf9/2024_01.csv#record=26417,NIKL source band: beginner; project heuristic TOPIK 1: core-spelling/basic-life-category rule; not an official per-grade list
ko-nikl-26446,감기,,"A contagious disease that generally comes with symptoms such as coughing, runny nose, headache and chills.",noun,daily life > illness and symptoms,nikl-2024-mirror,https://huggingface.co/datasets/binjang/NIKL-korean-english-dictionary/resolve/3b4cfd2126debfd5440cade3ef6c2a3c20cf7cf9/2024_01.csv#record=26446,NIKL source band: beginner; project heuristic TOPIK 1: core-spelling/basic-life-category rule; not an official per-grade list
ko-nikl-26456,감다,,To wash one's hair or body with water.,verb,daily life > daily routines,nikl-2024-mirror,https://huggingface.co/datasets/binjang/NIKL-korean-english-dictionary/resolve/3b4cfd2126debfd5440cade3ef6c2a3c20cf7cf9/2024_01.csv#record=26456,NIKL source band: beginner; project heuristic TOPIK 1: core-spelling/basic-life-category rule; not an official per-grade list
ko-nikl-26568,감자,,A ball-shaped stem growing underground with pale yellow flesh and light brown skin.,noun,food > vegetables,nikl-2024-mirror,https://huggingface.co/datasets/binjang/NIKL-korean-english-dictionary/resolve/3b4cfd2126debfd5440cade3ef6c2a3c20cf7cf9/2024_01.csv#record=26568,NIKL source band: beginner; project heuristic TOPIK 1: core-spelling/basic-life-category rule; not an official per-grade list
ko-nikl-26660,값,,"The amount of money for which an item was sold, indicating its value in the marketplace. / Money changing hands in a transaction. / The compensation for a service that has been rendered. / A certain number or value. / In mathematics, a number or the result of a calculation. / The value or importance of something. / The value or reason that motivates the pursuit of a certain thing. / A term referring to a price, payment, or expense. / A term referring to a number. / A term used to indicate the speaker assumes or accepts the preceding statement, while making it manifest that it is not related to or does not affect the following statement.",noun,economy > financial instruments,nikl-2024-mirror,https://huggingface.co/datasets/binjang/NIKL-korean-english-dictionary/resolve/3b4cfd2126debfd5440cade3ef6c2a3c20cf7cf9/2024_01.csv#record=26660,NIKL source band: beginner; project heuristic TOPIK 1: core-spelling/basic-life-category rule; not an official per-grade list
ko-nikl-26900,같이,,With each other. / With something or someone. / Uniformly in situations or behavior.,adverb,general / source uncategorized,nikl-2024-mirror,https://huggingface.co/datasets/binjang/NIKL-korean-english-dictionary/resolve/3b4cfd2126debfd5440cade3ef6c2a3c20cf7cf9/2024_01.csv#record=26900,NIKL source band: beginner; project heuristic TOPIK 1: core-spelling/basic-life-category rule; not an official per-grade list
ko-nikl-26923,개,,A bound noun that serves as a unit for counting the number of objects that are available as a single piece.,bound noun,concepts > counters,nikl-2024-mirror,https://huggingface.co/datasets/binjang/NIKL-korean-english-dictionary/resolve/3b4cfd2126debfd5440cade3ef6c2a3c20cf7cf9/2024_01.csv#record=26923,NIKL source band: beginner; project heuristic TOPIK 1: core-spelling/basic-life-category rule; not an official per-grade list
ko-nikl-26905,개,,"An animal raised as a pet or hunting companion, because it has a good sense of hearing and smell, is intelligent, and makes a good companion to humans. / (insulting) A very bad person who is subhuman.",noun,plants and animals > animals,nikl-2024-mirror,https://huggingface.co/datasets/binjang/NIKL-korean-english-dictionary/resolve/3b4cfd2126debfd5440cade3ef6c2a3c20cf7cf9/2024_01.csv#record=26905,NIKL source band: beginner; project heuristic TOPIK 1: core-spelling/basic-life-category rule; not an official per-grade list
ko-nikl-27109,개월,,A bound noun that serves as a unit for counting the number of months.,bound noun,concepts > counters,nikl-2024-mirror,https://huggingface.co/datasets/binjang/NIKL-korean-english-dictionary/resolve/3b4cfd2126debfd5440cade3ef6c2a3c20cf7cf9/2024_01.csv#record=27109,NIKL source band: beginner; project heuristic TOPIK 1: core-spelling/basic-life-category rule; not an official per-grade list
ko-nikl-27326,거기,,A pronoun used to indicate a place close to the listener. / A pronoun used to indicate the previously-mentioned place. / A pronoun used to indicate the previously-mentioned object. / (disparaging) You.,pronoun,concepts > demonstratives,nikl-2024-mirror,https://huggingface.co/datasets/binjang/NIKL-korean-english-dictionary/resolve/3b4cfd2126debfd5440cade3ef6c2a3c20cf7cf9/2024_01.csv#record=27326,NIKL source band: beginner; project heuristic TOPIK 1: core-spelling/basic-life-category rule; not an official per-grade list
ko-nikl-27395,거리,,"A road, street, etc., for pedestrians or cars.",noun,social life > transport facilities,nikl-2024-mirror,https://huggingface.co/datasets/binjang/NIKL-korean-english-dictionary/resolve/3b4cfd2126debfd5440cade3ef6c2a3c20cf7cf9/2024_01.csv#record=27395,NIKL source band: beginner; project heuristic TOPIK 1: core-spelling/basic-life-category rule; not an official per-grade list
ko-nikl-27398,거리,,The extent of space between two objects or places that are apart from each other. / The distance that can be traveled in a certain amount of time. / The level of closeness or separation felt between individuals. / The gap between two compared objects.,noun,concepts > location and direction,nikl-2024-mirror,https://huggingface.co/datasets/binjang/NIKL-korean-english-dictionary/resolve/3b4cfd2126debfd5440cade3ef6c2a3c20cf7cf9/2024_01.csv#record=27398,NIKL source band: beginner; project heuristic TOPIK 1: core-spelling/basic-life-category rule; not an official per-grade list
ko-nikl-27476,거실,,"The central room in a western house, where family members spend time together or talk with visitors.",noun,housing > parts of a home,nikl-2024-mirror,https://huggingface.co/datasets/binjang/NIKL-korean-english-dictionary/resolve/3b4cfd2126debfd5440cade3ef6c2a3c20cf7cf9/2024_01.csv#record=27476,NIKL source band: beginner; project heuristic TOPIK 1: core-spelling/basic-life-category rule; not an official per-grade list
ko-nikl-27480,거울,,"A thin, flat object reflecting the appearance of an object or person. / (figurative) Something disclosing or showing a certain fact as it is. / Something to benchmark or that gives a lesson.",noun,housing > household goods,nikl-2024-mirror,https://huggingface.co/datasets/binjang/NIKL-korean-english-dictionary/resolve/3b4cfd2126debfd5440cade3ef6c2a3c20cf7cf9/2024_01.csv#record=27480,NIKL source band: beginner; project heuristic TOPIK 1: core-spelling/basic-life-category rule; not an official per-grade list
ko-nikl-27563,건강,,A state of body and mind that is robust with no illness.,noun,people > physical condition,nikl-2024-mirror,https://huggingface.co/datasets/binjang/NIKL-korean-english-dictionary/resolve/3b4cfd2126debfd5440cade3ef6c2a3c20cf7cf9/2024_01.csv#record=27563,NIKL source band: beginner; project heuristic TOPIK 1: core-spelling/basic-life-category rule; not an official per-grade list
ko-nikl-27580,건너가다,,"To move from one place to another across a river, bridge, road, etc. / To move from here to there.",verb,social life > travel actions,nikl-2024-mirror,https://huggingface.co/datasets/binjang/NIKL-korean-english-dictionary/resolve/3b4cfd2126debfd5440cade3ef6c2a3c20cf7cf9/2024_01.csv#record=27580,NIKL source band: beginner; project heuristic TOPIK 1: core-spelling/basic-life-category rule; not an official per-grade list
ko-nikl-27581,건너다,,"To cross or pass through something to move over to the opposite side of it. / For words or rumors to be delivered to another person. / To omit a certain step, turn, etc., and go over to the next one.",verb,social life > travel actions,nikl-2024-mirror,https://huggingface.co/datasets/binjang/NIKL-korean-english-dictionary/resolve/3b4cfd2126debfd5440cade3ef6c2a3c20cf7cf9/2024_01.csv#record=27581,NIKL source band: beginner; project heuristic TOPIK 1: core-spelling/basic-life-category rule; not an official per-grade list
ko-nikl-27590,건너편,,"The side on the opposite side, across something.",noun,social life > transport facilities,nikl-2024-mirror,https://huggingface.co/datasets/binjang/NIKL-korean-english-dictionary/resolve/3b4cfd2126debfd5440cade3ef6c2a3c20cf7cf9/2024_01.csv#record=27590,NIKL source band: beginner; project heuristic TOPIK 1: core-spelling/basic-life-category rule; not an official per-grade list
ko-nikl-27690,걷다,,"To lift one's feet, one foot at a time, from the ground and change their positions. / To move toward a certain direction. / To engage in a certain profession.",verb,people > physical actions,nikl-2024-mirror,https://huggingface.co/datasets/binjang/NIKL-korean-english-dictionary/resolve/3b4cfd2126debfd5440cade3ef6c2a3c20cf7cf9/2024_01.csv#record=27690,NIKL source band: beginner; project heuristic TOPIK 1: core-spelling/basic-life-category rule; not an official per-grade list
ko-nikl-27729,걸음,,"The act of moving legs and feet forward one after the other. / The act of visiting a certain place. / (figurative) An act, activity, or decision. / The unit for counting the movement of two feet.",noun,daily life > daily routines,nikl-2024-mirror,https://huggingface.co/datasets/binjang/NIKL-korean-english-dictionary/resolve/3b4cfd2126debfd5440cade3ef6c2a3c20cf7cf9/2024_01.csv#record=27729,NIKL source band: beginner; project heuristic TOPIK 1: core-spelling/basic-life-category rule; not an official per-grade list
ko-nikl-27808,검은색,,A very dark color like a night sky with no light.,noun,concepts > colors,nikl-2024-mirror,https://huggingface.co/datasets/binjang/NIKL-korean-english-dictionary/resolve/3b4cfd2126debfd5440cade3ef6c2a3c20cf7cf9/2024_01.csv#record=27808,NIKL source band: beginner; project heuristic TOPIK 1: core-spelling/basic-life-category rule; not an official per-grade list
ko-nikl-27811,검정,,A very dark color like a night sky with no light.,noun,concepts > colors,nikl-2024-mirror,https://huggingface.co/datasets/binjang/NIKL-korean-english-dictionary/resolve/3b4cfd2126debfd5440cade3ef6c2a3c20cf7cf9/2024_01.csv#record=27811,NIKL source band: beginner; project heuristic TOPIK 1: core-spelling/basic-life-category rule; not an official per-grade list
ko-nikl-27854,겉,,The outer part of an object that has an inside and an outside. / An outer appearance or phenomenon.,noun,concepts > location and direction,nikl-2024-mirror,https://huggingface.co/datasets/binjang/NIKL-korean-english-dictionary/resolve/3b4cfd2126debfd5440cade3ef6c2a3c20cf7cf9/2024_01.csv#record=27854,NIKL source band: beginner; project heuristic TOPIK 1: core-spelling/basic-life-category rule; not an official per-grade list
ko-nikl-27962,겨울,,"One of four seasons which is the coldest, and comes between fall and spring.",noun,concepts > time,nikl-2024-mirror,https://huggingface.co/datasets/binjang/NIKL-korean-english-dictionary/resolve/3b4cfd2126debfd5440cade3ef6c2a3c20cf7cf9/2024_01.csv#record=27962,NIKL source band: beginner; project heuristic TOPIK 1: core-spelling/basic-life-category rule; not an official per-grade list
ko-nikl-28539,경찰,,The act of keeping order in society and protecting people and property from crimes; or a government agency in charge of such tasks. / A government employee whose job it is to keep order in society and protect people and property from crimes.,noun,politics and administration > judicial and policing actors,nikl-2024-mirror,https://huggingface.co/datasets/binjang/NIKL-korean-english-dictionary/resolve/3b4cfd2126debfd5440cade3ef6c2a3c20cf7cf9/2024_01.csv#record=28539,NIKL source band: beginner; project heuristic TOPIK 1: core-spelling/basic-life-category rule; not an official per-grade list
ko-nikl-28625,계단,,"A structure consisting of a series of parallel rungs arranged diagonally, used for climbing up or down. / A procedure that one has to go through to achieve a certain goal. / A unit for counting the number of steps, which consist of a series of parallel rungs arranged diagonally, used for climbing up or down.",noun,housing > parts of a home,nikl-2024-mirror,https://huggingface.co/datasets/binjang/NIKL-korean-english-dictionary/resolve/3b4cfd2126debfd5440cade3ef6c2a3c20cf7cf9/2024_01.csv#record=28625,NIKL source band: beginner; project heuristic TOPIK 1: core-spelling/basic-life-category rule; not an official per-grade list
ko-nikl-28629,계란,,A chicken egg.,noun,food > ingredients,nikl-2024-mirror,https://huggingface.co/datasets/binjang/NIKL-korean-english-dictionary/resolve/3b4cfd2126debfd5440cade3ef6c2a3c20cf7cf9/2024_01.csv#record=28629,NIKL source band: beginner; project heuristic TOPIK 1: core-spelling/basic-life-category rule; not an official per-grade list
ko-nikl-28670,계속,,Continually without interruption. / In the manner of beginning something again after interruption.,adverb,concepts > time,nikl-2024-mirror,https://huggingface.co/datasets/binjang/NIKL-korean-english-dictionary/resolve/3b4cfd2126debfd5440cade3ef6c2a3c20cf7cf9/2024_01.csv#record=28670,NIKL source band: beginner; project heuristic TOPIK 1: core-spelling/basic-life-category rule; not an official per-grade list
ko-nikl-28669,계속,,The act of going on without interruption. / The act of restarting something after an interruption.,noun,concepts > time,nikl-2024-mirror,https://huggingface.co/datasets/binjang/NIKL-korean-english-dictionary/resolve/3b4cfd2126debfd5440cade3ef6c2a3c20cf7cf9/2024_01.csv#record=28669,NIKL source band: beginner; project heuristic TOPIK 1: core-spelling/basic-life-category rule; not an official per-grade list
ko-nikl-28704,계절,,"One of four divisions of a year distinguished by natural phenomena, which are spring, summer, fall, and winter. / The peak time for a certain phenomenon or the appropriate time for doing a certain thing.",noun,concepts > time,nikl-2024-mirror,https://huggingface.co/datasets/binjang/NIKL-korean-english-dictionary/resolve/3b4cfd2126debfd5440cade3ef6c2a3c20cf7cf9/2024_01.csv#record=28704,NIKL source band: beginner; project heuristic TOPIK 1: core-spelling/basic-life-category rule; not an official per-grade list
ko-nikl-28767,고개,,"A word referring to one's head, including the neck.",noun,people > body parts,nikl-2024-mirror,https://huggingface.co/datasets/binjang/NIKL-korean-english-dictionary/resolve/3b4cfd2126debfd5440cade3ef6c2a3c20cf7cf9/2024_01.csv#record=28767,NIKL source band: beginner; project heuristic TOPIK 1: core-spelling/basic-life-category rule; not an official per-grade list
ko-nikl-28821,고기,,The flesh of animals that is eaten as food. / Fish that is eaten as food.,noun,food > ingredients,nikl-2024-mirror,https://huggingface.co/datasets/binjang/NIKL-korean-english-dictionary/resolve/3b4cfd2126debfd5440cade3ef6c2a3c20cf7cf9/2024_01.csv#record=28821,NIKL source band: beginner; project heuristic TOPIK 1: core-spelling/basic-life-category rule; not an official per-grade list
ko-nikl-28903,고등학생,,A student who goes to high school.,noun,education > teachers and learners,nikl-2024-mirror,https://huggingface.co/datasets/binjang/NIKL-korean-english-dictionary/resolve/3b4cfd2126debfd5440cade3ef6c2a3c20cf7cf9/2024_01.csv#record=28903,NIKL source band: beginner; project heuristic TOPIK 1: core-spelling/basic-life-category rule; not an official per-grade list
ko-nikl-29001,고맙다,,Pleased and wanting to return a favor to someone.,descriptive verb,people > emotions,nikl-2024-mirror,https://huggingface.co/datasets/binjang/NIKL-korean-english-dictionary/resolve/3b4cfd2126debfd5440cade3ef6c2a3c20cf7cf9/2024_01.csv#record=29001,NIKL source band: beginner; project heuristic TOPIK 1: core-spelling/basic-life-category rule; not an official per-grade list
ko-nikl-29006,고모,,A word used to refer to or address the sister of one's father.,noun,daily life > family relationships,nikl-2024-mirror,https://huggingface.co/datasets/binjang/NIKL-korean-english-dictionary/resolve/3b4cfd2126debfd5440cade3ef6c2a3c20cf7cf9/2024_01.csv#record=29006,NIKL source band: beginner; project heuristic TOPIK 1: core-spelling/basic-life-category rule; not an official per-grade list
ko-nikl-29143,고속버스,,A bus that usually uses the freeway and travels a long distance at high speed.,noun,social life > transport,nikl-2024-mirror,https://huggingface.co/datasets/binjang/NIKL-korean-english-dictionary/resolve/3b4cfd2126debfd5440cade3ef6c2a3c20cf7cf9/2024_01.csv#record=29143,NIKL source band: beginner; project heuristic TOPIK 1: core-spelling/basic-life-category rule; not an official per-grade list
ko-nikl-29475,곧,,Quickly without delay. / Before long. / That is to say; put differently. / Nothing less than.,adverb,concepts > time,nikl-2024-mirror,https://huggingface.co/datasets/binjang/NIKL-korean-english-dictionary/resolve/3b4cfd2126debfd5440cade3ef6c2a3c20cf7cf9/2024_01.csv#record=29475,NIKL source band: beginner; project heuristic TOPIK 1: core-spelling/basic-life-category rule; not an official per-grade list
ko-nikl-29615,공,,"A round object about the size just right for holding, passing or kicking, used for play or sports games.",noun,daily life > leisure equipment,nikl-2024-mirror,https://huggingface.co/datasets/binjang/NIKL-korean-english-dictionary/resolve/3b4cfd2126debfd5440cade3ef6c2a3c20cf7cf9/2024_01.csv#record=29615,NIKL source band: beginner; project heuristic TOPIK 1: core-spelling/basic-life-category rule; not an official per-grade list
ko-nikl-30005,공책,,A book of blank or lined paper to write or draw on.,noun,education > learning materials,nikl-2024-mirror,https://huggingface.co/datasets/binjang/NIKL-korean-english-dictionary/resolve/3b4cfd2126debfd5440cade3ef6c2a3c20cf7cf9/2024_01.csv#record=30005,NIKL source band: beginner; project heuristic TOPIK 1: core-spelling/basic-life-category rule; not an official per-grade list
ko-nikl-30047,공항,,A place for airplanes to land and take off.,noun,social life > transport facilities,nikl-2024-mirror,https://huggingface.co/datasets/binjang/NIKL-korean-english-dictionary/resolve/3b4cfd2126debfd5440cade3ef6c2a3c20cf7cf9/2024_01.csv#record=30047,NIKL source band: beginner; project heuristic TOPIK 1: core-spelling/basic-life-category rule; not an official per-grade list
ko-nikl-30062,공휴일,,A day of rest such as a national holiday as determined by a nation.,noun,concepts > time,nikl-2024-mirror,https://huggingface.co/datasets/binjang/NIKL-korean-english-dictionary/resolve/3b4cfd2126debfd5440cade3ef6c2a3c20cf7cf9/2024_01.csv#record=30062,NIKL source band: beginner; project heuristic TOPIK 1: core-spelling/basic-life-category rule; not an official per-grade list
ko-nikl-30077,과거,,"A time that has passed / A past incident or life. / A lexical form indicating that the event, action or state denoted precedes the present moment of speech or a certain point of temporal reference.",noun,concepts > time,nikl-2024-mirror,https://huggingface.co/datasets/binjang/NIKL-korean-english-dictionary/resolve/3b4cfd2126debfd5440cade3ef6c2a3c20cf7cf9/2024_01.csv#record=30077,NIKL source band: beginner; project heuristic TOPIK 1: core-spelling/basic-life-category rule; not an official per-grade list
ko-nikl-30184,과일,,"Edible fruit that grows on the stem or branch of a tree, such as apples, pears, grapes, chestnuts, etc.",noun,food > fruit,nikl-2024-mirror,https://huggingface.co/datasets/binjang/NIKL-korean-english-dictionary/resolve/3b4cfd2126debfd5440cade3ef6c2a3c20cf7cf9/2024_01.csv#record=30184,NIKL source band: beginner; project heuristic TOPIK 1: core-spelling/basic-life-category rule; not an official per-grade list
ko-nikl-30194,과자,,"Snacks baked or fried by mixing milk, sugar, etc., into flour or rice powder.",noun,food > dishes,nikl-2024-mirror,https://huggingface.co/datasets/binjang/NIKL-korean-english-dictionary/resolve/3b4cfd2126debfd5440cade3ef6c2a3c20cf7cf9/2024_01.csv#record=30194,NIKL source band: beginner; project heuristic TOPIK 1: core-spelling/basic-life-category rule; not an official per-grade list
ko-nikl-30548,괜찮다,,Fairly good. / Having no particular problems. / Being allowed because there is nothing to worry about or no problems.,descriptive verb,people > emotions,nikl-2024-mirror,https://huggingface.co/datasets/binjang/NIKL-korean-english-dictionary/resolve/3b4cfd2126debfd5440cade3ef6c2a3c20cf7cf9/2024_01.csv#record=30548,NIKL source band: beginner; project heuristic TOPIK 1: core-spelling/basic-life-category rule; not an official per-grade list
ko-nikl-30604,교과서,,"A book made to teach a certain subject in school. / (figurative) A book, work or fact which is exemplary.",noun,education > learning materials,nikl-2024-mirror,https://huggingface.co/datasets/binjang/NIKL-korean-english-dictionary/resolve/3b4cfd2126debfd5440cade3ef6c2a3c20cf7cf9/2024_01.csv#record=30604,NIKL source band: beginner; project heuristic TOPIK 1: core-spelling/basic-life-category rule; not an official per-grade list
ko-nikl-30656,교사,,"A person with teaching qualifications who teaches students in a kindergarten, elementary school, middle school, high school, etc.",noun,education > teachers and learners,nikl-2024-mirror,https://huggingface.co/datasets/binjang/NIKL-korean-english-dictionary/resolve/3b4cfd2126debfd5440cade3ef6c2a3c20cf7cf9/2024_01.csv#record=30656,NIKL source band: beginner; project heuristic TOPIK 1: core-spelling/basic-life-category rule; not an official per-grade list
ko-nikl-30665,교수,,An act of teaching students. / A person who researches and teaches in colleges; or such a position.,noun,education > teachers and learners,nikl-2024-mirror,https://huggingface.co/datasets/binjang/NIKL-korean-english-dictionary/resolve/3b4cfd2126debfd5440cade3ef6c2a3c20cf7cf9/2024_01.csv#record=30665,NIKL source band: beginner; project heuristic TOPIK 1: core-spelling/basic-life-category rule; not an official per-grade list
ko-nikl-30679,교실,,"In a kindergarten, elementary school, and secondary school, a room where a teacher teaches students. / A gathering for learning something.",noun,education > school facilities,nikl-2024-mirror,https://huggingface.co/datasets/binjang/NIKL-korean-english-dictionary/resolve/3b4cfd2126debfd5440cade3ef6c2a3c20cf7cf9/2024_01.csv#record=30679,NIKL source band: beginner; project heuristic TOPIK 1: core-spelling/basic-life-category rule; not an official per-grade list
ko-nikl-30773,교통,,"The act of carrying passengers or cargo by using vehicles such as cars, trains, ships, airplanes, etc. / The act of coming and going; or the act of exchanging news or information with one another. / Two countries establishing ties and having exchanges.",noun,social life > travel actions,nikl-2024-mirror,https://huggingface.co/datasets/binjang/NIKL-korean-english-dictionary/resolve/3b4cfd2126debfd5440cade3ef6c2a3c20cf7cf9/2024_01.csv#record=30773,NIKL source band: beginner; project heuristic TOPIK 1: core-spelling/basic-life-category rule; not an official per-grade list
ko-nikl-30780,교통사고,,An accident between a car or train crashing into another vehicle or with a pedestrian.,noun,social life > travel actions,nikl-2024-mirror,https://huggingface.co/datasets/binjang/NIKL-korean-english-dictionary/resolve/3b4cfd2126debfd5440cade3ef6c2a3c20cf7cf9/2024_01.csv#record=30780,NIKL source band: beginner; project heuristic TOPIK 1: core-spelling/basic-life-category rule; not an official per-grade list
ko-nikl-30832,구,,Of the number nine. / Totaling nine when counted from the start.,determiner,concepts > numbers,nikl-2024-mirror,https://huggingface.co/datasets/binjang/NIKL-korean-english-dictionary/resolve/3b4cfd2126debfd5440cade3ef6c2a3c20cf7cf9/2024_01.csv#record=30832,NIKL source band: beginner; project heuristic TOPIK 1: core-spelling/basic-life-category rule; not an official per-grade list
ko-nikl-30831,구,,The number that is the sum of eight and one.,numeral,concepts > numbers,nikl-2024-mirror,https://huggingface.co/datasets/binjang/NIKL-korean-english-dictionary/resolve/3b4cfd2126debfd5440cade3ef6c2a3c20cf7cf9/2024_01.csv#record=30831,NIKL source band: beginner; project heuristic TOPIK 1: core-spelling/basic-life-category rule; not an official per-grade list
ko-nikl-30901,구두,,"Dress shoes made of leather or synthetic leather, worn with a suit.",noun,clothing and appearance > hats shoes and accessories,nikl-2024-mirror,https://huggingface.co/datasets/binjang/NIKL-korean-english-dictionary/resolve/3b4cfd2126debfd5440cade3ef6c2a3c20cf7cf9/2024_01.csv#record=30901,NIKL source band: beginner; project heuristic TOPIK 1: core-spelling/basic-life-category rule; not an official per-grade list
ko-nikl-30934,구름,,A mass of liquid droplets or tiny ice pieces floating in the sky.,noun,nature > weather and climate,nikl-2024-mirror,https://huggingface.co/datasets/binjang/NIKL-korean-english-dictionary/resolve/3b4cfd2126debfd5440cade3ef6c2a3c20cf7cf9/2024_01.csv#record=30934,NIKL source band: beginner; project heuristic TOPIK 1: core-spelling/basic-life-category rule; not an official per-grade list
ko-nikl-31077,구십,,Being the number ninety. / Being in the ninetieth place.,determiner,concepts > numbers,nikl-2024-mirror,https://huggingface.co/datasets/binjang/NIKL-korean-english-dictionary/resolve/3b4cfd2126debfd5440cade3ef6c2a3c20cf7cf9/2024_01.csv#record=31077,NIKL source band: beginner; project heuristic TOPIK 1: core-spelling/basic-life-category rule; not an official per-grade list
ko-nikl-31076,구십,,The number that is the product of nine times ten.,numeral,concepts > numbers,nikl-2024-mirror,https://huggingface.co/datasets/binjang/NIKL-korean-english-dictionary/resolve/3b4cfd2126debfd5440cade3ef6c2a3c20cf7cf9/2024_01.csv#record=31076,NIKL source band: beginner; project heuristic TOPIK 1: core-spelling/basic-life-category rule; not an official per-grade list
ko-nikl-31102,구월,,"The ninth month of a year, out of twelve months.",noun,concepts > time,nikl-2024-mirror,https://huggingface.co/datasets/binjang/NIKL-korean-english-dictionary/resolve/3b4cfd2126debfd5440cade3ef6c2a3c20cf7cf9/2024_01.csv#record=31102,NIKL source band: beginner; project heuristic TOPIK 1: core-spelling/basic-life-category rule; not an official per-grade list
ko-nikl-31215,국,,"A dish made by boiling meat, fish or vegetables in a lot of water. / In a dish like a soup or jjigae, stew, liquid left after solid ingredients have been taken out.",noun,food > dishes,nikl-2024-mirror,https://huggingface.co/datasets/binjang/NIKL-korean-english-dictionary/resolve/3b4cfd2126debfd5440cade3ef6c2a3c20cf7cf9/2024_01.csv#record=31215,NIKL source band: beginner; project heuristic TOPIK 1: core-spelling/basic-life-category rule; not an official per-grade list
ko-nikl-31317,국수,,"Food made by kneading wheat flour, buckwheat, potatoes, etc. and cutting the dough into long thin strips with a knife, machine, or by hand, or a dish made by boiling this.",noun,food > dishes,nikl-2024-mirror,https://huggingface.co/datasets/binjang/NIKL-korean-english-dictionary/resolve/3b4cfd2126debfd5440cade3ef6c2a3c20cf7cf9/2024_01.csv#record=31317,NIKL source band: beginner; project heuristic TOPIK 1: core-spelling/basic-life-category rule; not an official per-grade list
ko-nikl-31581,굽다,,"To cook food over a fire. / To make charcoal by burning wood. / To heat earthen bricks, pottery, etc., so that they are hardened. / To make salt from seawater by exposing it to the sun or putting it over a fire. / To record information on an empty compact disc.",verb,food > eating and cooking,nikl-2024-mirror,https://huggingface.co/datasets/binjang/NIKL-korean-english-dictionary/resolve/3b4cfd2126debfd5440cade3ef6c2a3c20cf7cf9/2024_01.csv#record=31581,NIKL source band: beginner; project heuristic TOPIK 1: core-spelling/basic-life-category rule; not an official per-grade list
ko-nikl-31647,권,,"A bound noun that serves as a unit for counting the number of books or notebooks. / A bound noun used to indicate the ordinal number of a volume, as in a series of books. / A bound noun that serves as a unit for distinguishing books based on their contents, particularly in old books. / A bound noun that serves as a unit for counting 20 sheets of hanji, traditional Korean paper as one set / A bound noun that serves as a unit for indicating the length of the roll of film of a movie.",bound noun,concepts > counters,nikl-2024-mirror,https://huggingface.co/datasets/binjang/NIKL-korean-english-dictionary/resolve/3b4cfd2126debfd5440cade3ef6c2a3c20cf7cf9/2024_01.csv#record=31647,NIKL source band: beginner; project heuristic TOPIK 1: core-spelling/basic-life-category rule; not an official per-grade list
ko-nikl-31707,귀,,"The part of a human or animal's body that hears sounds, located on both sides of the head. / The brim of one's outer ear that is exposed outside. / A corner of an object that has sharp angles. / The end of a collar of a jacket, etc. / Either end of a pocket. / The hole of a needle through which thread passes to sew something. / A handle attached to lift hangari, pot, or a bowl, etc. / The ability to hear a certain sound or language.",noun,people > body parts,nikl-2024-mirror,https://huggingface.co/datasets/binjang/NIKL-korean-english-dictionary/resolve/3b4cfd2126debfd5440cade3ef6c2a3c20cf7cf9/2024_01.csv#record=31707,NIKL source band: beginner; project heuristic TOPIK 1: core-spelling/basic-life-category rule; not an official per-grade list
ko-nikl-31730,귀걸이,,Accessories for the ears.,noun,clothing and appearance > hats shoes and accessories,nikl-2024-mirror,https://huggingface.co/datasets/binjang/NIKL-korean-english-dictionary/resolve/3b4cfd2126debfd5440cade3ef6c2a3c20cf7cf9/2024_01.csv#record=31730,NIKL source band: beginner; project heuristic TOPIK 1: core-spelling/basic-life-category rule; not an official per-grade list
ko-nikl-31926,귤,,"A sweet-and-sour, orange-colored, round fruit of a tangerine tree, whose skin is peeled before eating.",noun,food > fruit,nikl-2024-mirror,https://huggingface.co/datasets/binjang/NIKL-korean-english-dictionary/resolve/3b4cfd2126debfd5440cade3ef6c2a3c20cf7cf9/2024_01.csv#record=31926,NIKL source band: beginner; project heuristic TOPIK 1: core-spelling/basic-life-category rule; not an official per-grade list
ko-nikl-31929,그,,A term referring to something near the listener or what the listener is thinking. / A term referring to something mentioned earlier. / A term referring to something uncertain or what the speaker does not want to specify.,determiner,concepts > demonstratives,nikl-2024-mirror,https://huggingface.co/datasets/binjang/NIKL-korean-english-dictionary/resolve/3b4cfd2126debfd5440cade3ef6c2a3c20cf7cf9/2024_01.csv#record=31929,NIKL source band: beginner; project heuristic TOPIK 1: core-spelling/basic-life-category rule; not an official per-grade list
ko-nikl-31927,그,,A pronoun used to indicate people who are not the speaker or listener. / A pronoun used to indicate the previously-mentioned object or something the listener has in mind.,pronoun,concepts > demonstratives,nikl-2024-mirror,https://huggingface.co/datasets/binjang/NIKL-korean-english-dictionary/resolve/3b4cfd2126debfd5440cade3ef6c2a3c20cf7cf9/2024_01.csv#record=31927,NIKL source band: beginner; project heuristic TOPIK 1: core-spelling/basic-life-category rule; not an official per-grade list
ko-nikl-31936,그거,,A pronoun used to indicate something close to the listener or something the listener has in mind. / A pronoun used to indicate the previously-mentioned object. / (disparaging) The person. / (endearing) The child.,pronoun,concepts > demonstratives,nikl-2024-mirror,https://huggingface.co/datasets/binjang/NIKL-korean-english-dictionary/resolve/3b4cfd2126debfd5440cade3ef6c2a3c20cf7cf9/2024_01.csv#record=31936,NIKL source band: beginner; project heuristic TOPIK 1: core-spelling/basic-life-category rule; not an official per-grade list
ko-nikl-31940,그것,,"A pronoun used to indicate something close to the listener, or something the listener has in mind. / A pronoun used to indicate the previously-mentioned object. / (disparaging) The person. / (endearing) The child.",pronoun,concepts > demonstratives,nikl-2024-mirror,https://huggingface.co/datasets/binjang/NIKL-korean-english-dictionary/resolve/3b4cfd2126debfd5440cade3ef6c2a3c20cf7cf9/2024_01.csv#record=31940,NIKL source band: beginner; project heuristic TOPIK 1: core-spelling/basic-life-category rule; not an official per-grade list
ko-nikl-31945,그곳,,A pronoun used to indicate somewhere that is close to the listener. / A pronoun used to indicate the previously-mentioned place.,pronoun,concepts > demonstratives,nikl-2024-mirror,https://huggingface.co/datasets/binjang/NIKL-korean-english-dictionary/resolve/3b4cfd2126debfd5440cade3ef6c2a3c20cf7cf9/2024_01.csv#record=31945,NIKL source band: beginner; project heuristic TOPIK 1: core-spelling/basic-life-category rule; not an official per-grade list
ko-nikl-31955,그날,,The day mentioned earlier.,noun,concepts > time,nikl-2024-mirror,https://huggingface.co/datasets/binjang/NIKL-korean-english-dictionary/resolve/3b4cfd2126debfd5440cade3ef6c2a3c20cf7cf9/2024_01.csv#record=31955,NIKL source band: beginner; project heuristic TOPIK 1: core-spelling/basic-life-category rule; not an official per-grade list
ko-nikl-31973,그동안,,"The previously-mentioned period, or a certain period of time before one sees or contacts someone again.",noun,concepts > time,nikl-2024-mirror,https://huggingface.co/datasets/binjang/NIKL-korean-english-dictionary/resolve/3b4cfd2126debfd5440cade3ef6c2a3c20cf7cf9/2024_01.csv#record=31973,NIKL source band: beginner; project heuristic TOPIK 1: core-spelling/basic-life-category rule; not an official per-grade list
ko-nikl-31980,그때,,The previously-mentioned time.,noun,concepts > time,nikl-2024-mirror,https://huggingface.co/datasets/binjang/NIKL-korean-english-dictionary/resolve/3b4cfd2126debfd5440cade3ef6c2a3c20cf7cf9/2024_01.csv#record=31980,NIKL source band: beginner; project heuristic TOPIK 1: core-spelling/basic-life-category rule; not an official per-grade list
ko-nikl-31984,그래,,"An exclamation used when giving a positive answer that means 'I'll do so', 'Yes, it is', or 'I see.' / An exclamation used to indicate that the speaker marvels at or is slightly surprised by the words of the other party. / An exclamation used to emphasize something by asking about it again.",interjection,general / source uncategorized,nikl-2024-mirror,https://huggingface.co/datasets/binjang/NIKL-korean-english-dictionary/resolve/3b4cfd2126debfd5440cade3ef6c2a3c20cf7cf9/2024_01.csv#record=31984,NIKL source band: beginner; project heuristic TOPIK 1: core-spelling/basic-life-category rule; not an official per-grade list
ko-nikl-31989,그래서,,A word used when the preceding statement is the basis for the following statement.,adverb,concepts > connectives,nikl-2024-mirror,https://huggingface.co/datasets/binjang/NIKL-korean-english-dictionary/resolve/3b4cfd2126debfd5440cade3ef6c2a3c20cf7cf9/2024_01.csv#record=31989,NIKL source band: beginner; project heuristic TOPIK 1: core-spelling/basic-life-category rule; not an official per-grade list
ko-nikl-32003,그러니까,,"For that reason, or therefore. / In other words, or put differently. / To begin with.",adverb,concepts > connectives,nikl-2024-mirror,https://huggingface.co/datasets/binjang/NIKL-korean-english-dictionary/resolve/3b4cfd2126debfd5440cade3ef6c2a3c20cf7cf9/2024_01.csv#record=32003,NIKL source band: beginner; project heuristic TOPIK 1: core-spelling/basic-life-category rule; not an official per-grade list
ko-nikl-32008,그러면,,A conjunctive adverb used when the following statement is conditional upon the preceding one. / A conjunction used when accepting the preceding statement or bulding on it to make a new claim.,adverb,concepts > connectives,nikl-2024-mirror,https://huggingface.co/datasets/binjang/NIKL-korean-english-dictionary/resolve/3b4cfd2126debfd5440cade3ef6c2a3c20cf7cf9/2024_01.csv#record=32008,NIKL source band: beginner; project heuristic TOPIK 1: core-spelling/basic-life-category rule; not an official per-grade list
ko-nikl-32021,그런,,"A state, appearance, characteristic, etc. being as such.",determiner,concepts > demonstratives,nikl-2024-mirror,https://huggingface.co/datasets/binjang/NIKL-korean-english-dictionary/resolve/3b4cfd2126debfd5440cade3ef6c2a3c20cf7cf9/2024_01.csv#record=32021,NIKL source band: beginner; project heuristic TOPIK 1: core-spelling/basic-life-category rule; not an official per-grade list
ko-nikl-32033,그럼,,An exclamation used when the speaker gives an answer meaning that something is absolutely right.,interjection,general / source uncategorized,nikl-2024-mirror,https://huggingface.co/datasets/binjang/NIKL-korean-english-dictionary/resolve/3b4cfd2126debfd5440cade3ef6c2a3c20cf7cf9/2024_01.csv#record=32033,NIKL source band: beginner; project heuristic TOPIK 1: core-spelling/basic-life-category rule; not an official per-grade list
ko-nikl-32042,그렇다,,"A state, appearance, characteristic, etc. being as such. / Not changed much. / Not good, nor satisfactory.",descriptive verb,concepts > demonstratives,nikl-2024-mirror,https://huggingface.co/datasets/binjang/NIKL-korean-english-dictionary/resolve/3b4cfd2126debfd5440cade3ef6c2a3c20cf7cf9/2024_01.csv#record=32042,NIKL source band: beginner; project heuristic TOPIK 1: core-spelling/basic-life-category rule; not an official per-grade list
ko-nikl-32051,그렇지만,,A word used to say something opposed to the preceding statement; although it is true.,adverb,concepts > connectives,nikl-2024-mirror,https://huggingface.co/datasets/binjang/NIKL-korean-english-dictionary/resolve/3b4cfd2126debfd5440cade3ef6c2a3c20cf7cf9/2024_01.csv#record=32051,NIKL source band: beginner; project heuristic TOPIK 1: core-spelling/basic-life-category rule; not an official per-grade list
ko-nikl-32064,그리고,,A word used to connect the preceding statement with the following one.,adverb,concepts > connectives,nikl-2024-mirror,https://huggingface.co/datasets/binjang/NIKL-korean-english-dictionary/resolve/3b4cfd2126debfd5440cade3ef6c2a3c20cf7cf9/2024_01.csv#record=32064,NIKL source band: beginner; project heuristic TOPIK 1: core-spelling/basic-life-category rule; not an official per-grade list
ko-nikl-32117,그분,,(very polite form) The person.,pronoun,concepts > personal reference,nikl-2024-mirror,https://huggingface.co/datasets/binjang/NIKL-korean-english-dictionary/resolve/3b4cfd2126debfd5440cade3ef6c2a3c20cf7cf9/2024_01.csv#record=32117,NIKL source band: beginner; project heuristic TOPIK 1: core-spelling/basic-life-category rule; not an official per-grade list
ko-nikl-32140,그저께,,On the day before yesterday; two days ago.,adverb,concepts > time,nikl-2024-mirror,https://huggingface.co/datasets/binjang/NIKL-korean-english-dictionary/resolve/3b4cfd2126debfd5440cade3ef6c2a3c20cf7cf9/2024_01.csv#record=32140,NIKL source band: beginner; project heuristic TOPIK 1: core-spelling/basic-life-category rule; not an official per-grade list
ko-nikl-32139,그저께,,"The day before yesterday; that is, two days before today.",noun,concepts > time,nikl-2024-mirror,https://huggingface.co/datasets/binjang/NIKL-korean-english-dictionary/resolve/3b4cfd2126debfd5440cade3ef6c2a3c20cf7cf9/2024_01.csv#record=32139,NIKL source band: beginner; project heuristic TOPIK 1: core-spelling/basic-life-category rule; not an official per-grade list
ko-nikl-32149,그쪽,,A pronoun used to indicate a place or direction close to the listener. / A pronoun used to indicate a place or direction that the speaker and listener already know. / A pronoun used to indicate a person who the speaker and listener already know. / A pronoun used to indicate the listener or listeners. / A pronoun used to indicate many people including the listener.,pronoun,concepts > demonstratives,nikl-2024-mirror,https://huggingface.co/datasets/binjang/NIKL-korean-english-dictionary/resolve/3b4cfd2126debfd5440cade3ef6c2a3c20cf7cf9/2024_01.csv#record=32149,NIKL source band: beginner; project heuristic TOPIK 1: core-spelling/basic-life-category rule; not an official per-grade list
ko-nikl-32152,그치다,,"For a continuing matter, movement, phenomenon, etc., to cease. / To discontinue a continuing matter, movement, phenomenon, etc. / To come to stay in a certain state or level without making progress any more.",verb,nature > weather and climate,nikl-2024-mirror,https://huggingface.co/datasets/binjang/NIKL-korean-english-dictionary/resolve/3b4cfd2126debfd5440cade3ef6c2a3c20cf7cf9/2024_01.csv#record=32152,NIKL source band: beginner; project heuristic TOPIK 1: core-spelling/basic-life-category rule; not an official per-grade list
ko-nikl-32332,근처,,"A spot close to a certain place, object, or a person.",noun,concepts > location and direction,nikl-2024-mirror,https://huggingface.co/datasets/binjang/NIKL-korean-english-dictionary/resolve/3b4cfd2126debfd5440cade3ef6c2a3c20cf7cf9/2024_01.csv#record=32332,NIKL source band: beginner; project heuristic TOPIK 1: core-spelling/basic-life-category rule; not an official per-grade list
ko-nikl-32361,글쎄,,An exclamation used when showing an uncertain attitude toward someone's question or demand. / An exclamation used when the speaker emphasizes or persists with his/her idea or opinion.,interjection,general / source uncategorized,nikl-2024-mirror,https://huggingface.co/datasets/binjang/NIKL-korean-english-dictionary/resolve/3b4cfd2126debfd5440cade3ef6c2a3c20cf7cf9/2024_01.csv#record=32361,NIKL source band: beginner; project heuristic TOPIK 1: core-spelling/basic-life-category rule; not an official per-grade list
ko-nikl-32363,글쎄요,,An exclamation used when showing an uncertain attitude toward someone's question or demand.,interjection,general / source uncategorized,nikl-2024-mirror,https://huggingface.co/datasets/binjang/NIKL-korean-english-dictionary/resolve/3b4cfd2126debfd5440cade3ef6c2a3c20cf7cf9/2024_01.csv#record=32363,NIKL source band: beginner; project heuristic TOPIK 1: core-spelling/basic-life-category rule; not an official per-grade list
ko-nikl-32433,금방,,A short time ago. / At any minute now. / Before long; shortly / In the manner of taking a short time.,adverb,concepts > time,nikl-2024-mirror,https://huggingface.co/datasets/binjang/NIKL-korean-english-dictionary/resolve/3b4cfd2126debfd5440cade3ef6c2a3c20cf7cf9/2024_01.csv#record=32433,NIKL source band: beginner; project heuristic TOPIK 1: core-spelling/basic-life-category rule; not an official per-grade list
ko-nikl-32467,금요일,,The fifth day from Monday in a week.,noun,concepts > time,nikl-2024-mirror,https://huggingface.co/datasets/binjang/NIKL-korean-english-dictionary/resolve/3b4cfd2126debfd5440cade3ef6c2a3c20cf7cf9/2024_01.csv#record=32467,NIKL source band: beginner; project heuristic TOPIK 1: core-spelling/basic-life-category rule; not an official per-grade list
ko-nikl-32613,급하다,,Having to do something quickly. / Very quick and in a hurry without time to spare. / Not able to bear or wait for something. / Critically ill. / Lacking patience. / Being on a slant or steep slope. / Flowing or going very fast.,descriptive verb,concepts > time,nikl-2024-mirror,https://huggingface.co/datasets/binjang/NIKL-korean-english-dictionary/resolve/3b4cfd2126debfd5440cade3ef6c2a3c20cf7cf9/2024_01.csv#record=32613,NIKL source band: beginner; project heuristic TOPIK 1: core-spelling/basic-life-category rule; not an official per-grade list
ko-nikl-32658,기간,,The gap from a certain time to another time.,noun,concepts > time,nikl-2024-mirror,https://huggingface.co/datasets/binjang/NIKL-korean-english-dictionary/resolve/3b4cfd2126debfd5440cade3ef6c2a3c20cf7cf9/2024_01.csv#record=32658,NIKL source band: beginner; project heuristic TOPIK 1: core-spelling/basic-life-category rule; not an official per-grade list
ko-nikl-32751,기다리다,,To spend time until a person or time comes or a certain event is realized.,verb,social life > social activities,nikl-2024-mirror,https://huggingface.co/datasets/binjang/NIKL-korean-english-dictionary/resolve/3b4cfd2126debfd5440cade3ef6c2a3c20cf7cf9/2024_01.csv#record=32751,NIKL source band: beginner; project heuristic TOPIK 1: core-spelling/basic-life-category rule; not an official per-grade list
ko-nikl-32805,기름,,"Slippery liquid, burning easily and does not mix with water. / Black liquid, used as fuel for cars or factories, which is produced underground. / Slippery liquid, applied on a machine or tool, to make it work smoothly. / Slippery substance secreted from the face or skin.",noun,food > ingredients,nikl-2024-mirror,https://huggingface.co/datasets/binjang/NIKL-korean-english-dictionary/resolve/3b4cfd2126debfd5440cade3ef6c2a3c20cf7cf9/2024_01.csv#record=32805,NIKL source band: beginner; project heuristic TOPIK 1: core-spelling/basic-life-category rule; not an official per-grade list
ko-nikl-32915,기숙사,,A facility provided by a school or company for students or employees to sleep in and have meals.,noun,education > school facilities,nikl-2024-mirror,https://huggingface.co/datasets/binjang/NIKL-korean-english-dictionary/resolve/3b4cfd2126debfd5440cade3ef6c2a3c20cf7cf9/2024_01.csv#record=32915,NIKL source band: beginner; project heuristic TOPIK 1: core-spelling/basic-life-category rule; not an official per-grade list
ko-nikl-32987,기온,,Atmospheric temperature.,noun,nature > weather and climate,nikl-2024-mirror,https://huggingface.co/datasets/binjang/NIKL-korean-english-dictionary/resolve/3b4cfd2126debfd5440cade3ef6c2a3c20cf7cf9/2024_01.csv#record=32987,NIKL source band: beginner; project heuristic TOPIK 1: core-spelling/basic-life-category rule; not an official per-grade list
ko-nikl-33043,기자,,"A person whose job it is to do research, write or edit articles for newspapers, magazines, broadcasts, etc.",noun,social life > occupations,nikl-2024-mirror,https://huggingface.co/datasets/binjang/NIKL-korean-english-dictionary/resolve/3b4cfd2126debfd5440cade3ef6c2a3c20cf7cf9/2024_01.csv#record=33043,NIKL source band: beginner; project heuristic TOPIK 1: core-spelling/basic-life-category rule; not an official per-grade list
ko-nikl-33093,기차,,"A lengthy series of vehicles that carry people or goods and run on a railroad, usually by the power of diesel fuel or electric power.",noun,social life > transport,nikl-2024-mirror,https://huggingface.co/datasets/binjang/NIKL-korean-english-dictionary/resolve/3b4cfd2126debfd5440cade3ef6c2a3c20cf7cf9/2024_01.csv#record=33093,NIKL source band: beginner; project heuristic TOPIK 1: core-spelling/basic-life-category rule; not an official per-grade list
ko-nikl-33097,기차역,,A place to get on or off a train.,noun,social life > transport facilities,nikl-2024-mirror,https://huggingface.co/datasets/binjang/NIKL-korean-english-dictionary/resolve/3b4cfd2126debfd5440cade3ef6c2a3c20cf7cf9/2024_01.csv#record=33097,NIKL source band: beginner; project heuristic TOPIK 1: core-spelling/basic-life-category rule; not an official per-grade list
ko-nikl-33098,기차표,,A ticket bought to ride a train.,noun,social life > travel actions,nikl-2024-mirror,https://huggingface.co/datasets/binjang/NIKL-korean-english-dictionary/resolve/3b4cfd2126debfd5440cade3ef6c2a3c20cf7cf9/2024_01.csv#record=33098,NIKL source band: beginner; project heuristic TOPIK 1: core-spelling/basic-life-category rule; not an official per-grade list
ko-nikl-33169,기회,,Perfect timing or appropriate occasion in which one can do something. / Time to spare for diverting one's thoughts or turning one's mind from one thing to another.,noun,concepts > time,nikl-2024-mirror,https://huggingface.co/datasets/binjang/NIKL-korean-english-dictionary/resolve/3b4cfd2126debfd5440cade3ef6c2a3c20cf7cf9/2024_01.csv#record=33169,NIKL source band: beginner; project heuristic TOPIK 1: core-spelling/basic-life-category rule; not an official per-grade list
ko-nikl-33215,길,,A long stretch of ground space with a fixed width meant for people or cars to travel along. / A fixed path in the sea or in the air that a ship or airplane travels regularly. / An intermediate place that is traveled to before reaching a destination. / The process of a person's living or a society's development over time. / The act of moving toward the ideals of an individual or a society. / The duty or responsibility required for someone in a certain qualification or title. / A method to do a certain thing. / The moment right after a certain act is completed. / The middle stage of going to a certain place. / A term used to indicate a course or the middle of something.,noun,social life > transport facilities,nikl-2024-mirror,https://huggingface.co/datasets/binjang/NIKL-korean-english-dictionary/resolve/3b4cfd2126debfd5440cade3ef6c2a3c20cf7cf9/2024_01.csv#record=33215,NIKL source band: beginner; project heuristic TOPIK 1: core-spelling/basic-life-category rule; not an official per-grade list
ko-nikl-33239,길다,,"Two ends of an object being far apart. / The time from a certain moment to the next moment being long. / A piece of writing being long and containing lots of words. / A sound, sigh, etc. lasting long.",descriptive verb,concepts > shape,nikl-2024-mirror,https://huggingface.co/datasets/binjang/NIKL-korean-english-dictionary/resolve/3b4cfd2126debfd5440cade3ef6c2a3c20cf7cf9/2024_01.csv#record=33239,NIKL source band: beginner; project heuristic TOPIK 1: core-spelling/basic-life-category rule; not an official per-grade list
ko-nikl-33276,김,,"A black food made by taking seaweed from the warm, clean ocean and spreading and drying it in a thin, square shape.",noun,food > ingredients,nikl-2024-mirror,https://huggingface.co/datasets/binjang/NIKL-korean-english-dictionary/resolve/3b4cfd2126debfd5440cade3ef6c2a3c20cf7cf9/2024_01.csv#record=33276,NIKL source band: beginner; project heuristic TOPIK 1: core-spelling/basic-life-category rule; not an official per-grade list
ko-nikl-33281,김밥,,A dish made by rolling rice and various other ingredients in dried laver seaweed and cutting them into bite-size slices.,noun,food > dishes,nikl-2024-mirror,https://huggingface.co/datasets/binjang/NIKL-korean-english-dictionary/resolve/3b4cfd2126debfd5440cade3ef6c2a3c20cf7cf9/2024_01.csv#record=33281,NIKL source band: beginner; project heuristic TOPIK 1: core-spelling/basic-life-category rule; not an official per-grade list
ko-nikl-33289,김치,,"A staple of the Korean diet made by salting vegetables such as kimchi cabbages, white radishes, etc., and seasoning and fermenting them.",noun,food > dishes,nikl-2024-mirror,https://huggingface.co/datasets/binjang/NIKL-korean-english-dictionary/resolve/3b4cfd2126debfd5440cade3ef6c2a3c20cf7cf9/2024_01.csv#record=33289,NIKL source band: beginner; project heuristic TOPIK 1: core-spelling/basic-life-category rule; not an official per-grade list
ko-nikl-33294,김치찌개,,"Jjigae, stew, made by boiling kimchi and other ingredients such as meat, etc.",noun,food > dishes,nikl-2024-mirror,https://huggingface.co/datasets/binjang/NIKL-korean-english-dictionary/resolve/3b4cfd2126debfd5440cade3ef6c2a3c20cf7cf9/2024_01.csv#record=33294,NIKL source band: beginner; project heuristic TOPIK 1: core-spelling/basic-life-category rule; not an official per-grade list
ko-nikl-33362,까만색,,A dark black color like a night sky with no light.,noun,concepts > colors,nikl-2024-mirror,https://huggingface.co/datasets/binjang/NIKL-korean-english-dictionary/resolve/3b4cfd2126debfd5440cade3ef6c2a3c20cf7cf9/2024_01.csv#record=33362,NIKL source band: beginner; project heuristic TOPIK 1: core-spelling/basic-life-category rule; not an official per-grade list
ko-nikl-33363,까맣다,,Deep-black like the night sky devoid of light. / Very far-off in distance or time. / Remembering or knowing nothing. / Too many to count. / The skin darkening due to a shock or illness.,descriptive verb,concepts > colors,nikl-2024-mirror,https://huggingface.co/datasets/binjang/NIKL-korean-english-dictionary/resolve/3b4cfd2126debfd5440cade3ef6c2a3c20cf7cf9/2024_01.csv#record=33363,NIKL source band: beginner; project heuristic TOPIK 1: core-spelling/basic-life-category rule; not an official per-grade list
ko-nikl-33517,깨끗하다,,"Not dirty. / A color, etc. being clear, not dull. / Well-arranged and neat. / Having a taste or feel that gives freshness. / Having no vestiges or traces left. / Not dwelling on or clinging to certain things and having no disappointment or dissatisfaction. / Experiencing no side effects after an illness or physical suffering. / One's behavior or mind being fair, clear, and upright. / One's mind or facial expression being innocent, not fierce or harsh.",descriptive verb,housing > housing conditions,nikl-2024-mirror,https://huggingface.co/datasets/binjang/NIKL-korean-english-dictionary/resolve/3b4cfd2126debfd5440cade3ef6c2a3c20cf7cf9/2024_01.csv#record=33517,NIKL source band: beginner; project heuristic TOPIK 1: core-spelling/basic-life-category rule; not an official per-grade list
ko-nikl-33521,깨다,,"To wake up from a drunk state and come to one's original, clear senses. / For one's consciousness or mind to be open in order to get spiritual or intellectual light. / To wake up from a sleeping state and come to one's senses; to do something in such a way.",verb,daily life > daily routines,nikl-2024-mirror,https://huggingface.co/datasets/binjang/NIKL-korean-english-dictionary/resolve/3b4cfd2126debfd5440cade3ef6c2a3c20cf7cf9/2024_01.csv#record=33521,NIKL source band: beginner; project heuristic TOPIK 1: core-spelling/basic-life-category rule; not an official per-grade list
ko-nikl-33596,껌,,Food one chews for a long time to enjoy its sweet flavor and then spit out.,noun,food > dishes,nikl-2024-mirror,https://huggingface.co/datasets/binjang/NIKL-korean-english-dictionary/resolve/3b4cfd2126debfd5440cade3ef6c2a3c20cf7cf9/2024_01.csv#record=33596,NIKL source band: beginner; project heuristic TOPIK 1: core-spelling/basic-life-category rule; not an official per-grade list
ko-nikl-33802,꽃병,,A bottle used to hold flowers.,noun,housing > household goods,nikl-2024-mirror,https://huggingface.co/datasets/binjang/NIKL-korean-english-dictionary/resolve/3b4cfd2126debfd5440cade3ef6c2a3c20cf7cf9/2024_01.csv#record=33802,NIKL source band: beginner; project heuristic TOPIK 1: core-spelling/basic-life-category rule; not an official per-grade list
ko-nikl-33855,꾸다,,"To see, hear, and feel in a dream as if it were real.",verb,daily life > daily routines,nikl-2024-mirror,https://huggingface.co/datasets/binjang/NIKL-korean-english-dictionary/resolve/3b4cfd2126debfd5440cade3ef6c2a3c20cf7cf9/2024_01.csv#record=33855,NIKL source band: beginner; project heuristic TOPIK 1: core-spelling/basic-life-category rule; not an official per-grade list
ko-nikl-33926,꿈,,"A mental phenomenon during one's sleep, in which one sees, hears, and feels just as if one is awake. / A wish or goal one wants to accomplish in the future. / A vain expectation or thought about something, whose possibility is extremely low or none.",noun,daily life > daily routines,nikl-2024-mirror,https://huggingface.co/datasets/binjang/NIKL-korean-english-dictionary/resolve/3b4cfd2126debfd5440cade3ef6c2a3c20cf7cf9/2024_01.csv#record=33926,NIKL source band: beginner; project heuristic TOPIK 1: core-spelling/basic-life-category rule; not an official per-grade list
ko-nikl-33982,끄다,,"To stop a fire from burning. / To cut off the path where the power that moves the electricity or machine goes through and stop the electric appliance, etc., from working. / To settle a debt, urgent matter, etc.",verb,housing > housework,nikl-2024-mirror,https://huggingface.co/datasets/binjang/NIKL-korean-english-dictionary/resolve/3b4cfd2126debfd5440cade3ef6c2a3c20cf7cf9/2024_01.csv#record=33982,NIKL source band: beginner; project heuristic TOPIK 1: core-spelling/basic-life-category rule; not an official per-grade list
ko-nikl-34042,끓다,,For liquid to become very hot and bubble. / To become extremely hot. / For the growling sound in the stomach made when one is sick or is having trouble with digestion. / To make sounds while breathing because of phlegm in one's throat. / For a feeling or emotion to surge. / To be swarmed with a large number of people or things.,verb,food > eating and cooking,nikl-2024-mirror,https://huggingface.co/datasets/binjang/NIKL-korean-english-dictionary/resolve/3b4cfd2126debfd5440cade3ef6c2a3c20cf7cf9/2024_01.csv#record=34042,NIKL source band: beginner; project heuristic TOPIK 1: core-spelling/basic-life-category rule; not an official per-grade list
ko-nikl-34045,끓이다,,To heat up liquid to such a high temperature that it bubbles and boils. / To put in some food in water or liquid and heat it up to make food. / To worry or be anxious about something that a strong feeling arises.,verb,food > eating and cooking,nikl-2024-mirror,https://huggingface.co/datasets/binjang/NIKL-korean-english-dictionary/resolve/3b4cfd2126debfd5440cade3ef6c2a3c20cf7cf9/2024_01.csv#record=34045,NIKL source band: beginner; project heuristic TOPIK 1: core-spelling/basic-life-category rule; not an official per-grade list
ko-nikl-34068,끝나다,,"For something to be completed until the end. / For a certain period to be over. / For a certain place to come to an end. / To finish one's task of the day at one's school, workplace, etc. / For a relationship to come to an end. / For a conversation or task to fail with the result that there is no need to try anymore. / To lose hope completely. / For something to end with something.",verb,general / source uncategorized,nikl-2024-mirror,https://huggingface.co/datasets/binjang/NIKL-korean-english-dictionary/resolve/3b4cfd2126debfd5440cade3ef6c2a3c20cf7cf9/2024_01.csv#record=34068,NIKL source band: beginner; project heuristic TOPIK 1: core-spelling/basic-life-category rule; not an official per-grade list
ko-nikl-34101,끼다,,To put something inside a gap and tighten it to prevent it from falling out. / To thread or stick something in to prevent it from falling out. / To link fingers or arms together. / To keep something by one's side or keep it close. / To have a certain place on the side. / For a period to include a certain time or date. / To add or overlap several things. / To borrow or use another person's power.,verb,clothing and appearance > dressing,nikl-2024-mirror,https://huggingface.co/datasets/binjang/NIKL-korean-english-dictionary/resolve/3b4cfd2126debfd5440cade3ef6c2a3c20cf7cf9/2024_01.csv#record=34101,NIKL source band: beginner; project heuristic TOPIK 1: core-spelling/basic-life-category rule; not an official per-grade list
ko-nikl-34135,나,,A pronoun used to indicate oneself to a friend or a younger person.,pronoun,concepts > personal reference,nikl-2024-mirror,https://huggingface.co/datasets/binjang/NIKL-korean-english-dictionary/resolve/3b4cfd2126debfd5440cade3ef6c2a3c20cf7cf9/2024_01.csv#record=34135,NIKL source band: beginner; project heuristic TOPIK 1: core-spelling/basic-life-category rule; not an official per-grade list
ko-nikl-34144,나가다,,"To move from the inside to the outside of an area or space. / To move forward. / For objects, etc., to be made and spread across the society. / For something to be revealed or become known through media sources. / For words, facts, rumors, etc., to become known. / To go into action in a new place, area, etc. / To go to work at a certain place. / To go to a place with a purpose. / To attend a meeting, participate in a sports game, or run for a candidate in an election, etc. / To leave or get out of an area, space, or a place that one belonged to. / To do something or maintain a certain attitude. / For a price, weight, etc., to reach a certain extent. / For money, objects, etc., to be given or spent. / For clothes, shoes, socks, etc., to be worn out or torn. / For an object, etc., to be broken or for one's body part to be hurt. / To lose one's consciousness or mind. / To recover from an illness such as a cold, etc. / For the contract of a house, room, etc., on sale to be completed. / For the electricity to be cut off or an electric light to go off. / For an object with a blade to work well. / For an object to be sold well. / To go to do something. / To move from where one lived to another place. / For something to be proceeded to a certain extent.",verb,general / source uncategorized,nikl-2024-mirror,https://huggingface.co/datasets/binjang/NIKL-korean-english-dictionary/resolve/3b4cfd2126debfd5440cade3ef6c2a3c20cf7cf9/2024_01.csv#record=34144,NIKL source band: beginner; project heuristic TOPIK 1: core-spelling/basic-life-category rule; not an official per-grade list
ko-nikl-34176,나라,,A social organization of people with a territory and sovereign rights. / A dream world or imaginary world.,noun,concepts > regions,nikl-2024-mirror,https://huggingface.co/datasets/binjang/NIKL-korean-english-dictionary/resolve/3b4cfd2126debfd5440cade3ef6c2a3c20cf7cf9/2024_01.csv#record=34176,NIKL source band: beginner; project heuristic TOPIK 1: core-spelling/basic-life-category rule; not an official per-grade list
ko-nikl-34250,나쁘다,,Not good. / Not pleasing or feeling bad. / Morally wrong. / Harmful to health. / A situation or timing being unsuitable for doing something. / Hard to do something.,descriptive verb,general / source uncategorized,nikl-2024-mirror,https://huggingface.co/datasets/binjang/NIKL-korean-english-dictionary/resolve/3b4cfd2126debfd5440cade3ef6c2a3c20cf7cf9/2024_01.csv#record=34250,NIKL source band: beginner; project heuristic TOPIK 1: core-spelling/basic-life-category rule; not an official per-grade list
ko-nikl-34268,나오다,,"To come out. / To come surging out of something. / To visit a place for a certain purpose. / For writings, pictures, stories, etc., to appear in a newspaper, magazine, broadcast, etc. / To advance into a certain field and begin to work. / For a new product to come out on the market. / To come to work in a group or company where one belongs. / To make one's appearance in a place. / For liquid, air, etc., to flow out. / For something to be found or turn up. / For a product to be made or for a certain figure to appear. / To emerge from a certain source. / To get out of a certain place and leave. / To stop working for and leave a group or company where one belongs. / To show a certain attitude toward someone. / For a result to come out after something is finished. / For a wage, allowance, etc., to be paid, or for tax, etc., to be imposed. / For a document of notifying, requesting for something, etc., to be delivered. / For food, etc., to be arranged for someone to eat. / For a destination to come into view. / For money, etc., to be provided enough to pay for something. / To listen to or watch a broadcast. / For a certain part of something to jut out. / For emotions to be expressed or for physiological phenomenon to appear. / To finish a certain course at an educational institution and graudate. / To come to a place for a certain purpose. / For something to be mentioned or for comments, etc., to be made.",verb,people > physical actions,nikl-2024-mirror,https://huggingface.co/datasets/binjang/NIKL-korean-english-dictionary/resolve/3b4cfd2126debfd5440cade3ef6c2a3c20cf7cf9/2024_01.csv#record=34268,NIKL source band: beginner; project heuristic TOPIK 1: core-spelling/basic-life-category rule; not an official per-grade list
ko-nikl-34271,나이,,"The number of years a person, animal, or plant has lived since birth.",noun,general / source uncategorized,nikl-2024-mirror,https://huggingface.co/datasets/binjang/NIKL-korean-english-dictionary/resolve/3b4cfd2126debfd5440cade3ef6c2a3c20cf7cf9/2024_01.csv#record=34271,NIKL source band: beginner; project heuristic TOPIK 1: core-spelling/basic-life-category rule; not an official per-grade list
ko-nikl-34318,나흘,,The four days. / The fourth day of the month.,noun,concepts > time,nikl-2024-mirror,https://huggingface.co/datasets/binjang/NIKL-korean-english-dictionary/resolve/3b4cfd2126debfd5440cade3ef6c2a3c20cf7cf9/2024_01.csv#record=34318,NIKL source band: beginner; project heuristic TOPIK 1: core-spelling/basic-life-category rule; not an official per-grade list
ko-nikl-34520,날,,A bound noun meaning one day as a unit.,bound noun,concepts > counters,nikl-2024-mirror,https://huggingface.co/datasets/binjang/NIKL-korean-english-dictionary/resolve/3b4cfd2126debfd5440cade3ef6c2a3c20cf7cf9/2024_01.csv#record=34520,NIKL source band: beginner; project heuristic TOPIK 1: core-spelling/basic-life-category rule; not an official per-grade list
ko-nikl-34510,날,,"The period of twenty-four hours, from midnight to the midnight the next day. / The period of day when there is daylight. / The state of daily weather conditions such as rain, cloud, wind, temperature, etc. / A day fixed for a certain purpose. / A certain season or period. / A word used to indicate the meaning of an &quot;occasion&quot;.",noun,concepts > counters,nikl-2024-mirror,https://huggingface.co/datasets/binjang/NIKL-korean-english-dictionary/resolve/3b4cfd2126debfd5440cade3ef6c2a3c20cf7cf9/2024_01.csv#record=34510,NIKL source band: beginner; project heuristic TOPIK 1: core-spelling/basic-life-category rule; not an official per-grade list
ko-nikl-34559,날씨,,"The daily temperature or the conditions of rain, clouds, wind, fog, etc., in the atmosphere.",noun,nature > weather and climate,nikl-2024-mirror,https://huggingface.co/datasets/binjang/NIKL-korean-english-dictionary/resolve/3b4cfd2126debfd5440cade3ef6c2a3c20cf7cf9/2024_01.csv#record=34559,NIKL source band: beginner; project heuristic TOPIK 1: core-spelling/basic-life-category rule; not an official per-grade list
ko-nikl-34574,날짜,,The number of days. / The day set for doing something. / A day of the month in a certain year.,noun,concepts > time,nikl-2024-mirror,https://huggingface.co/datasets/binjang/NIKL-korean-english-dictionary/resolve/3b4cfd2126debfd5440cade3ef6c2a3c20cf7cf9/2024_01.csv#record=34574,NIKL source band: beginner; project heuristic TOPIK 1: core-spelling/basic-life-category rule; not an official per-grade list
ko-nikl-34622,남동생,,A brother who is younger.,noun,daily life > family relationships,nikl-2024-mirror,https://huggingface.co/datasets/binjang/NIKL-korean-english-dictionary/resolve/3b4cfd2126debfd5440cade3ef6c2a3c20cf7cf9/2024_01.csv#record=34622,NIKL source band: beginner; project heuristic TOPIK 1: core-spelling/basic-life-category rule; not an official per-grade list
ko-nikl-34683,남쪽,,"One of the four points of the compass, the direction which S points to. / Another term for South Korea, used to differentiate it from North Korea.",noun,concepts > location and direction,nikl-2024-mirror,https://huggingface.co/datasets/binjang/NIKL-korean-english-dictionary/resolve/3b4cfd2126debfd5440cade3ef6c2a3c20cf7cf9/2024_01.csv#record=34683,NIKL source band: beginner; project heuristic TOPIK 1: core-spelling/basic-life-category rule; not an official per-grade list
ko-nikl-34693,남편,,The man of a married couple.,noun,daily life > family relationships,nikl-2024-mirror,https://huggingface.co/datasets/binjang/NIKL-korean-english-dictionary/resolve/3b4cfd2126debfd5440cade3ef6c2a3c20cf7cf9/2024_01.csv#record=34693,NIKL source band: beginner; project heuristic TOPIK 1: core-spelling/basic-life-category rule; not an official per-grade list
ko-nikl-34703,남학생,,A student who is male.,noun,education > teachers and learners,nikl-2024-mirror,https://huggingface.co/datasets/binjang/NIKL-korean-english-dictionary/resolve/3b4cfd2126debfd5440cade3ef6c2a3c20cf7cf9/2024_01.csv#record=34703,NIKL source band: beginner; project heuristic TOPIK 1: core-spelling/basic-life-category rule; not an official per-grade list
ko-nikl-34778,낮,,"The time from sunrise to sunset. / The time from past noon to before nightfall. / The time of a day during which the sun is highest in the sky, around twelve o'clock in the afternoon.",noun,concepts > time,nikl-2024-mirror,https://huggingface.co/datasets/binjang/NIKL-korean-english-dictionary/resolve/3b4cfd2126debfd5440cade3ef6c2a3c20cf7cf9/2024_01.csv#record=34778,NIKL source band: beginner; project heuristic TOPIK 1: core-spelling/basic-life-category rule; not an official per-grade list
ko-nikl-34783,낮다,,"The length from top to bottom being short. / The temperature, humidity, pressure, etc., being lower than normal. / The quality, level, ability, or value being lower than the average. / A person's status or position being lower than the average. / A sound being at a low pitch, or its number of vibrations being small.",descriptive verb,concepts > shape,nikl-2024-mirror,https://huggingface.co/datasets/binjang/NIKL-korean-english-dictionary/resolve/3b4cfd2126debfd5440cade3ef6c2a3c20cf7cf9/2024_01.csv#record=34783,NIKL source band: beginner; project heuristic TOPIK 1: core-spelling/basic-life-category rule; not an official per-grade list
ko-nikl-34790,낮잠,,A sleep in the daytime.,noun,daily life > daily routines,nikl-2024-mirror,https://huggingface.co/datasets/binjang/NIKL-korean-english-dictionary/resolve/3b4cfd2126debfd5440cade3ef6c2a3c20cf7cf9/2024_01.csv#record=34790,NIKL source band: beginner; project heuristic TOPIK 1: core-spelling/basic-life-category rule; not an official per-grade list
ko-nikl-34824,내,,"I, in the subject form used before the subject particle.",pronoun,concepts > personal reference,nikl-2024-mirror,https://huggingface.co/datasets/binjang/NIKL-korean-english-dictionary/resolve/3b4cfd2126debfd5440cade3ef6c2a3c20cf7cf9/2024_01.csv#record=34824,NIKL source band: beginner; project heuristic TOPIK 1: core-spelling/basic-life-category rule; not an official per-grade list
ko-nikl-34852,내년,,The year coming after this year.,noun,concepts > time,nikl-2024-mirror,https://huggingface.co/datasets/binjang/NIKL-korean-english-dictionary/resolve/3b4cfd2126debfd5440cade3ef6c2a3c20cf7cf9/2024_01.csv#record=34852,NIKL source band: beginner; project heuristic TOPIK 1: core-spelling/basic-life-category rule; not an official per-grade list
ko-nikl-34899,내리다,,"To snow, rain, etc. / For darkness, fog, etc., to become thick or spread widely. / To lose weight or for swelling to go down. / To touch a certain spot, after coming outside from a vehicle. / For an airplane, etc., to make a stop when it reaches the ground. / To step on the ground from a vehicle or to come out of it. / To pull something up to a lower place or downward, or to hang it loose. / To make a judgment or decision on a certain issue. / To move something that is above downward. / To move something that is above to a lower spot. / To sieve or sift powder, etc., through a sifter. / For a price, number, grade, etc., to fall or decrease, or to make this happen. / For food that was eaten to be digested, or make this happen. / For a wall, curtain, etc., to move from up downward, or make this happen. / For a root to stretch underground, or make this happen. / For a superior to give an award or punishment to a subordinate, or make this happen. / To notify an order, direction, etc., or make this happen.",verb,social life > travel actions,nikl-2024-mirror,https://huggingface.co/datasets/binjang/NIKL-korean-english-dictionary/resolve/3b4cfd2126debfd5440cade3ef6c2a3c20cf7cf9/2024_01.csv#record=34899,NIKL source band: beginner; project heuristic TOPIK 1: core-spelling/basic-life-category rule; not an official per-grade list
ko-nikl-35011,내일,,On the day after today.,adverb,concepts > time,nikl-2024-mirror,https://huggingface.co/datasets/binjang/NIKL-korean-english-dictionary/resolve/3b4cfd2126debfd5440cade3ef6c2a3c20cf7cf9/2024_01.csv#record=35011,NIKL source band: beginner; project heuristic TOPIK 1: core-spelling/basic-life-category rule; not an official per-grade list
ko-nikl-35010,내일,,The day after today. / The days ahead.,noun,concepts > time,nikl-2024-mirror,https://huggingface.co/datasets/binjang/NIKL-korean-english-dictionary/resolve/3b4cfd2126debfd5440cade3ef6c2a3c20cf7cf9/2024_01.csv#record=35010,NIKL source band: beginner; project heuristic TOPIK 1: core-spelling/basic-life-category rule; not an official per-grade list
ko-nikl-35116,냉면,,"A dish made by putting noodles in naengguk, cold soup, kimchitguk, kimchi soup, or mixing gochujang, red chili paste, seasoning, etc.",noun,food > dishes,nikl-2024-mirror,https://huggingface.co/datasets/binjang/NIKL-korean-english-dictionary/resolve/3b4cfd2126debfd5440cade3ef6c2a3c20cf7cf9/2024_01.csv#record=35116,NIKL source band: beginner; project heuristic TOPIK 1: core-spelling/basic-life-category rule; not an official per-grade list
ko-nikl-35134,냉장고,,A box-shaped machine used to store food at a low temperature in order to keep it cold or to prevent it from going bad.,noun,housing > household goods,nikl-2024-mirror,https://huggingface.co/datasets/binjang/NIKL-korean-english-dictionary/resolve/3b4cfd2126debfd5440cade3ef6c2a3c20cf7cf9/2024_01.csv#record=35134,NIKL source band: beginner; project heuristic TOPIK 1: core-spelling/basic-life-category rule; not an official per-grade list
ko-nikl-35196,너,,A pronoun used to indicate the listener when he/she is the same age or younger.,pronoun,concepts > personal reference,nikl-2024-mirror,https://huggingface.co/datasets/binjang/NIKL-korean-english-dictionary/resolve/3b4cfd2126debfd5440cade3ef6c2a3c20cf7cf9/2024_01.csv#record=35196,NIKL source band: beginner; project heuristic TOPIK 1: core-spelling/basic-life-category rule; not an official per-grade list
ko-nikl-35224,너무,,To an excessive degree.,adverb,concepts > degree,nikl-2024-mirror,https://huggingface.co/datasets/binjang/NIKL-korean-english-dictionary/resolve/3b4cfd2126debfd5440cade3ef6c2a3c20cf7cf9/2024_01.csv#record=35224,NIKL source band: beginner; project heuristic TOPIK 1: core-spelling/basic-life-category rule; not an official per-grade list
ko-nikl-35255,너희,,A pronoun used to indicate the listeners when they are the same age or younger. / A pronoun used to indicate many people when listeners of the same age or younger are included.,pronoun,concepts > personal reference,nikl-2024-mirror,https://huggingface.co/datasets/binjang/NIKL-korean-english-dictionary/resolve/3b4cfd2126debfd5440cade3ef6c2a3c20cf7cf9/2024_01.csv#record=35255,NIKL source band: beginner; project heuristic TOPIK 1: core-spelling/basic-life-category rule; not an official per-grade list
ko-nikl-35310,넘다,,"To come to go beyond a certain time, period, range, etc. / To go over a higher place. / To go across a boundary. / To come to go beyond a certain standard or limit. / To go through difficulties and then move on. / To jump over the other side of something. / For a certain place to be filled beyond its limit, causing its contents to flow over. / To go beyond or be more than something was.",verb,concepts > time,nikl-2024-mirror,https://huggingface.co/datasets/binjang/NIKL-korean-english-dictionary/resolve/3b4cfd2126debfd5440cade3ef6c2a3c20cf7cf9/2024_01.csv#record=35310,NIKL source band: beginner; project heuristic TOPIK 1: core-spelling/basic-life-category rule; not an official per-grade list
ko-nikl-35343,네,,Being the number four.,determiner,concepts > numbers,nikl-2024-mirror,https://huggingface.co/datasets/binjang/NIKL-korean-english-dictionary/resolve/3b4cfd2126debfd5440cade3ef6c2a3c20cf7cf9/2024_01.csv#record=35343,NIKL source band: beginner; project heuristic TOPIK 1: core-spelling/basic-life-category rule; not an official per-grade list
ko-nikl-35345,네,,An exclamation uttered when the speaker answers the call of his/her elder. / An exclamation uttered when the speaker affirmatively answers the call or order of his/her superior. / An exclamation uttered when the speaker asks again what his/her superior said. / An exclamation uttered when the speaker pesters his/her elder for something.,interjection,general / source uncategorized,nikl-2024-mirror,https://huggingface.co/datasets/binjang/NIKL-korean-english-dictionary/resolve/3b4cfd2126debfd5440cade3ef6c2a3c20cf7cf9/2024_01.csv#record=35345,NIKL source band: beginner; project heuristic TOPIK 1: core-spelling/basic-life-category rule; not an official per-grade list
ko-nikl-35341,네,,"You, in the subject form used before the subject particle.",pronoun,concepts > personal reference,nikl-2024-mirror,https://huggingface.co/datasets/binjang/NIKL-korean-english-dictionary/resolve/3b4cfd2126debfd5440cade3ef6c2a3c20cf7cf9/2024_01.csv#record=35341,NIKL source band: beginner; project heuristic TOPIK 1: core-spelling/basic-life-category rule; not an official per-grade list
ko-nikl-35370,넥타이,,"A long, narrow cloth tied around the collar of a dress shirt, when a man puts on a suit.",noun,clothing and appearance > hats shoes and accessories,nikl-2024-mirror,https://huggingface.co/datasets/binjang/NIKL-korean-english-dictionary/resolve/3b4cfd2126debfd5440cade3ef6c2a3c20cf7cf9/2024_01.csv#record=35370,NIKL source band: beginner; project heuristic TOPIK 1: core-spelling/basic-life-category rule; not an official per-grade list
ko-nikl-35372,넷,,The number that is the sum of three and one.,numeral,concepts > numbers,nikl-2024-mirror,https://huggingface.co/datasets/binjang/NIKL-korean-english-dictionary/resolve/3b4cfd2126debfd5440cade3ef6c2a3c20cf7cf9/2024_01.csv#record=35372,NIKL source band: beginner; project heuristic TOPIK 1: core-spelling/basic-life-category rule; not an official per-grade list
ko-nikl-35374,넷째,,The fourth number in a sequence.,numeral,concepts > sequence,nikl-2024-mirror,https://huggingface.co/datasets/binjang/NIKL-korean-english-dictionary/resolve/3b4cfd2126debfd5440cade3ef6c2a3c20cf7cf9/2024_01.csv#record=35374,NIKL source band: beginner; project heuristic TOPIK 1: core-spelling/basic-life-category rule; not an official per-grade list
ko-nikl-35380,년,,A bound noun that serves as a unit for counting the number of years.,bound noun,concepts > counters,nikl-2024-mirror,https://huggingface.co/datasets/binjang/NIKL-korean-english-dictionary/resolve/3b4cfd2126debfd5440cade3ef6c2a3c20cf7cf9/2024_01.csv#record=35380,NIKL source band: beginner; project heuristic TOPIK 1: core-spelling/basic-life-category rule; not an official per-grade list
ko-nikl-35422,노란색,,The color of a chick or banana.,noun,concepts > colors,nikl-2024-mirror,https://huggingface.co/datasets/binjang/NIKL-korean-english-dictionary/resolve/3b4cfd2126debfd5440cade3ef6c2a3c20cf7cf9/2024_01.csv#record=35422,NIKL source band: beginner; project heuristic TOPIK 1: core-spelling/basic-life-category rule; not an official per-grade list
ko-nikl-35425,노랗다,,Having color like that of a banana or lemon. / Having a pale face with a yellowish complexion due to malnutrition and disease.,descriptive verb,concepts > colors,nikl-2024-mirror,https://huggingface.co/datasets/binjang/NIKL-korean-english-dictionary/resolve/3b4cfd2126debfd5440cade3ef6c2a3c20cf7cf9/2024_01.csv#record=35425,NIKL source band: beginner; project heuristic TOPIK 1: core-spelling/basic-life-category rule; not an official per-grade list
ko-nikl-35426,노래,,"A composition created by setting rhythmical lyrics to music; or the act of singing such a piece of music. / A bird or bug's making a musical sound; or such a sound. / The act of expressing one's thoughts or feelings in a rhythmical language, such as a poem; or such a work of art. / The act of pestering to get something by saying certain words repeatedly.",noun,daily life > leisure activities,nikl-2024-mirror,https://huggingface.co/datasets/binjang/NIKL-korean-english-dictionary/resolve/3b4cfd2126debfd5440cade3ef6c2a3c20cf7cf9/2024_01.csv#record=35426,NIKL source band: beginner; project heuristic TOPIK 1: core-spelling/basic-life-category rule; not an official per-grade list
ko-nikl-35555,노트,,"A book made by binding pieces of white or lined paper for writing or drawing pictures. / The act of jotting down a brief summary of some details, or such jottings.",noun,education > learning materials,nikl-2024-mirror,https://huggingface.co/datasets/binjang/NIKL-korean-english-dictionary/resolve/3b4cfd2126debfd5440cade3ef6c2a3c20cf7cf9/2024_01.csv#record=35555,NIKL source band: beginner; project heuristic TOPIK 1: core-spelling/basic-life-category rule; not an official per-grade list
ko-nikl-35585,녹색,,The color of grass or tree leaves. / The state of being conscious and helpful with regard to ecologically friendly living.,noun,concepts > colors,nikl-2024-mirror,https://huggingface.co/datasets/binjang/NIKL-korean-english-dictionary/resolve/3b4cfd2126debfd5440cade3ef6c2a3c20cf7cf9/2024_01.csv#record=35585,NIKL source band: beginner; project heuristic TOPIK 1: core-spelling/basic-life-category rule; not an official per-grade list
ko-nikl-35604,녹차,,"A tea plant's green leaves picked and dried in the sun, or tea made of the leaves.",noun,food > drinks,nikl-2024-mirror,https://huggingface.co/datasets/binjang/NIKL-korean-english-dictionary/resolve/3b4cfd2126debfd5440cade3ef6c2a3c20cf7cf9/2024_01.csv#record=35604,NIKL source band: beginner; project heuristic TOPIK 1: core-spelling/basic-life-category rule; not an official per-grade list
ko-nikl-35672,놀다,,"To have a good time while playing. / To stay in an unemployed or unoccupied state without an occupation or a regular job. / Take a break from work for a certain period of time. / To leave goods, facilities, money, etc., unused. / For a fixed thing to be loosened and then move. / For a fetus to move in its mother's womb. / To get around here and there. / For a certain part of the body to move. / To spend time indulging in drinking, chasing women, gambling, etc. / To behave badly. / To stay around a certain place. / To make fun of others and boss them around. / To act in a way that the speaker disapproves of. / To hang out with like-minded people. / To act without thinking, or to show a reckless attitude. / To behave so; in such a manner. / To display one's talent for people to watch as a form of entertainment. / To play a game or do a fun activity. / To do a certain act or play a role that interrupts someone or something else.",verb,daily life > leisure activities,nikl-2024-mirror,https://huggingface.co/datasets/binjang/NIKL-korean-english-dictionary/resolve/3b4cfd2126debfd5440cade3ef6c2a3c20cf7cf9/2024_01.csv#record=35672,NIKL source band: beginner; project heuristic TOPIK 1: core-spelling/basic-life-category rule; not an official per-grade list
ko-nikl-15283,높다,,"The length from bottom to top being long. / The space from bottom to top being large. / The temperature, humidity, pressure, etc., being higher than normal. / The quality, level, ability, or value being higher than the average. / A price or rate being higher than the average. / Someone's status or position being higher than the average. / A sound being at a high pitch or its number of vibrations being large. / Someone's name or fame being widely known. / The force of someone or something being great and powerful. / An opinion being more predominant than others. / One's dream or ideal being grand and ambitious. / A sound being strong. / The probability or possibility of something happening being higher than that of another thing happening.",descriptive verb,concepts > shape,nikl-2024-mirror,https://huggingface.co/datasets/binjang/NIKL-korean-english-dictionary/resolve/3b4cfd2126debfd5440cade3ef6c2a3c20cf7cf9/2024_01.csv#record=15283,NIKL source band: beginner; project heuristic TOPIK 1: core-spelling/basic-life-category rule; not an official per-grade list
ko-nikl-15334,누구,,A pronoun used to indicate a person that one does not know. / A pronoun used to indicate a random person. / A pronoun used to indicate a person whose name does not have to be necessarily disclosed.,pronoun,concepts > questions,nikl-2024-mirror,https://huggingface.co/datasets/binjang/NIKL-korean-english-dictionary/resolve/3b4cfd2126debfd5440cade3ef6c2a3c20cf7cf9/2024_01.csv#record=15334,NIKL source band: beginner; project heuristic TOPIK 1: core-spelling/basic-life-category rule; not an official per-grade list
ko-nikl-15345,누나,,A word used by a male to refer to or address his female siblings or cousins older than himself. / A word of endearment used by a man to refer to or address a young woman who is older than him.,noun,daily life > family relationships,nikl-2024-mirror,https://huggingface.co/datasets/binjang/NIKL-korean-english-dictionary/resolve/3b4cfd2126debfd5440cade3ef6c2a3c20cf7cf9/2024_01.csv#record=15345,NIKL source band: beginner; project heuristic TOPIK 1: core-spelling/basic-life-category rule; not an official per-grade list
ko-nikl-15420,눈,,The sensory organ on the face of a person or animal that can see an object when stimulated by the light. / The ability of an eye that can tell the existence or shape of an object. / The ability to judge by seeing an object. / The facial expression or attitude when seeing an object. / The path or direction of people's gaze. / The center of a typhoon.,noun,people > body parts,nikl-2024-mirror,https://huggingface.co/datasets/binjang/NIKL-korean-english-dictionary/resolve/3b4cfd2126debfd5440cade3ef6c2a3c20cf7cf9/2024_01.csv#record=15420,NIKL source band: beginner; project heuristic TOPIK 1: core-spelling/basic-life-category rule; not an official per-grade list
ko-nikl-15508,눈,,Tiny white cotton-like pieces of ice forming and falling as the moisture in the atmosphere becomes frozen.,noun,nature > weather and climate,nikl-2024-mirror,https://huggingface.co/datasets/binjang/NIKL-korean-english-dictionary/resolve/3b4cfd2126debfd5440cade3ef6c2a3c20cf7cf9/2024_01.csv#record=15508,NIKL source band: beginner; project heuristic TOPIK 1: core-spelling/basic-life-category rule; not an official per-grade list
ko-nikl-15644,눕다,,For a person or animal to lie with the back or flank horizontally to touch a certain place. / To not be able to get up because one is sick.,verb,daily life > daily routines,nikl-2024-mirror,https://huggingface.co/datasets/binjang/NIKL-korean-english-dictionary/resolve/3b4cfd2126debfd5440cade3ef6c2a3c20cf7cf9/2024_01.csv#record=15644,NIKL source band: beginner; project heuristic TOPIK 1: core-spelling/basic-life-category rule; not an official per-grade list
ko-nikl-15725,느리다,,Taking a long time to do something. / Taking a long time for something to happen. / Being in a mild situation or condition. / Not quick-tempered. / A speech or sound being made slowly and thus being long and drawn-out.,descriptive verb,concepts > speed,nikl-2024-mirror,https://huggingface.co/datasets/binjang/NIKL-korean-english-dictionary/resolve/3b4cfd2126debfd5440cade3ef6c2a3c20cf7cf9/2024_01.csv#record=15725,NIKL source band: beginner; project heuristic TOPIK 1: core-spelling/basic-life-category rule; not an official per-grade list
ko-nikl-15962,늦다,,"Later than a point in time that serves as the baseline. / Being past the right time, or being past the peak of something. / Slow in speed.",descriptive verb,concepts > time,nikl-2024-mirror,https://huggingface.co/datasets/binjang/NIKL-korean-english-dictionary/resolve/3b4cfd2126debfd5440cade3ef6c2a3c20cf7cf9/2024_01.csv#record=15962,NIKL source band: beginner; project heuristic TOPIK 1: core-spelling/basic-life-category rule; not an official per-grade list
ko-nikl-15961,늦다,,To be later than the set time.,verb,concepts > time,nikl-2024-mirror,https://huggingface.co/datasets/binjang/NIKL-korean-english-dictionary/resolve/3b4cfd2126debfd5440cade3ef6c2a3c20cf7cf9/2024_01.csv#record=15961,NIKL source band: beginner; project heuristic TOPIK 1: core-spelling/basic-life-category rule; not an official per-grade list
ko-nikl-16008,다,,"With nothing left over or missing. / Nearly close to the limit in terms of the degree of behavior or state. / The word meaning 'unexpectedly' that expresses a slight surprise, admiration, sarcasm, etc. / Without any use or benefit. / (ironic) The word meaning 'very,' or 'completely' relating to some future plan that seems totally implausible.",adverb,concepts > quantity,nikl-2024-mirror,https://huggingface.co/datasets/binjang/NIKL-korean-english-dictionary/resolve/3b4cfd2126debfd5440cade3ef6c2a3c20cf7cf9/2024_01.csv#record=16008,NIKL source band: beginner; project heuristic TOPIK 1: core-spelling/basic-life-category rule; not an official per-grade list
ko-nikl-16006,다,,Everything without anything left out or missing. / The best or greatest conceivable.,noun,concepts > quantity,nikl-2024-mirror,https://huggingface.co/datasets/binjang/NIKL-korean-english-dictionary/resolve/3b4cfd2126debfd5440cade3ef6c2a3c20cf7cf9/2024_01.csv#record=16006,NIKL source band: beginner; project heuristic TOPIK 1: core-spelling/basic-life-category rule; not an official per-grade list
ko-nikl-16057,다녀오다,,To go to a certain place and then return from it. / To go somewhere to do something and come back.,verb,daily life > daily routines,nikl-2024-mirror,https://huggingface.co/datasets/binjang/NIKL-korean-english-dictionary/resolve/3b4cfd2126debfd5440cade3ef6c2a3c20cf7cf9/2024_01.csv#record=16057,NIKL source band: beginner; project heuristic TOPIK 1: core-spelling/basic-life-category rule; not an official per-grade list
ko-nikl-16079,다니다,,"To constantly go to a place. / To drop in a place because of something. / To come and go to an institution such as a workplace, school, etc., on a regular basis. / To come and go to places. / To pass by a place. / For a transportation mode to come and go through a fixed route. / To come and go with a purpose.",verb,daily life > daily routines,nikl-2024-mirror,https://huggingface.co/datasets/binjang/NIKL-korean-english-dictionary/resolve/3b4cfd2126debfd5440cade3ef6c2a3c20cf7cf9/2024_01.csv#record=16079,NIKL source band: beginner; project heuristic TOPIK 1: core-spelling/basic-life-category rule; not an official per-grade list
ko-nikl-16133,다리,,"A body part attached to the bottom of the torso of a person or animal that is used to walk or run. / A part attached to the bottom of an item to support something or prevent it from touching the ground directly. / An organ attached to the head of a squid, octopus, etc., that is used to swim or catch prey. / A part attached to the each side of the front of an eyeglass frame that sits on the ear.",noun,people > body parts,nikl-2024-mirror,https://huggingface.co/datasets/binjang/NIKL-korean-english-dictionary/resolve/3b4cfd2126debfd5440cade3ef6c2a3c20cf7cf9/2024_01.csv#record=16133,NIKL source band: beginner; project heuristic TOPIK 1: core-spelling/basic-life-category rule; not an official per-grade list
ko-nikl-16135,다리,,"A facility that connects both sides to allow a person or animal to cross a river, a sea, a road, a valley, etc. / A step or process that one goes through in the middle of something. / (figurative) A person or object that plays a role in connecting two people, etc.",noun,social life > transport facilities,nikl-2024-mirror,https://huggingface.co/datasets/binjang/NIKL-korean-english-dictionary/resolve/3b4cfd2126debfd5440cade3ef6c2a3c20cf7cf9/2024_01.csv#record=16135,NIKL source band: beginner; project heuristic TOPIK 1: core-spelling/basic-life-category rule; not an official per-grade list
ko-nikl-16186,다섯,,Of the number that is the sum of four and one.,determiner,concepts > numbers,nikl-2024-mirror,https://huggingface.co/datasets/binjang/NIKL-korean-english-dictionary/resolve/3b4cfd2126debfd5440cade3ef6c2a3c20cf7cf9/2024_01.csv#record=16186,NIKL source band: beginner; project heuristic TOPIK 1: core-spelling/basic-life-category rule; not an official per-grade list
ko-nikl-16185,다섯,,The number that is the sum of four and one.,numeral,concepts > numbers,nikl-2024-mirror,https://huggingface.co/datasets/binjang/NIKL-korean-english-dictionary/resolve/3b4cfd2126debfd5440cade3ef6c2a3c20cf7cf9/2024_01.csv#record=16185,NIKL source band: beginner; project heuristic TOPIK 1: core-spelling/basic-life-category rule; not an official per-grade list
ko-nikl-16189,다섯째,,The fifth number in a sequence.,numeral,concepts > sequence,nikl-2024-mirror,https://huggingface.co/datasets/binjang/NIKL-korean-english-dictionary/resolve/3b4cfd2126debfd5440cade3ef6c2a3c20cf7cf9/2024_01.csv#record=16189,NIKL source band: beginner; project heuristic TOPIK 1: core-spelling/basic-life-category rule; not an official per-grade list
ko-nikl-16209,다시,,"Repeatedly with the same words or behavior. / To do or begin once more by changing the method, goal, etc. / In resumption of what has been suspended. / Once more in the future. / Back to the previous state. / Anew starting from scratch. / Additionally in the future.",adverb,general / source uncategorized,nikl-2024-mirror,https://huggingface.co/datasets/binjang/NIKL-korean-english-dictionary/resolve/3b4cfd2126debfd5440cade3ef6c2a3c20cf7cf9/2024_01.csv#record=16209,NIKL source band: beginner; project heuristic TOPIK 1: core-spelling/basic-life-category rule; not an official per-grade list
ko-nikl-16240,다음날,,An undecided day in the future.,noun,concepts > time,nikl-2024-mirror,https://huggingface.co/datasets/binjang/NIKL-korean-english-dictionary/resolve/3b4cfd2126debfd5440cade3ef6c2a3c20cf7cf9/2024_01.csv#record=16240,NIKL source band: beginner; project heuristic TOPIK 1: core-spelling/basic-life-category rule; not an official per-grade list
ko-nikl-16250,다이어트,,An act of eating while controlling the kinds and amount of food for health or beauty.,noun,daily life > daily routines,nikl-2024-mirror,https://huggingface.co/datasets/binjang/NIKL-korean-english-dictionary/resolve/3b4cfd2126debfd5440cade3ef6c2a3c20cf7cf9/2024_01.csv#record=16250,NIKL source band: beginner; project heuristic TOPIK 1: core-spelling/basic-life-category rule; not an official per-grade list
ko-nikl-16300,닦다,,"To rub to eliminate dirty things. / To wash something clean. / To remove moisture. / To make a road, etc., by making the ground even and hard. / To pursue learning or learn and master a technique. / To refine one's behavior or mind. / To build a foundation or basis for something.",verb,daily life > daily routines,nikl-2024-mirror,https://huggingface.co/datasets/binjang/NIKL-korean-english-dictionary/resolve/3b4cfd2126debfd5440cade3ef6c2a3c20cf7cf9/2024_01.csv#record=16300,NIKL source band: beginner; project heuristic TOPIK 1: core-spelling/basic-life-category rule; not an official per-grade list
ko-nikl-16534,닫다,,"To close something that is opened, such as the door, lid, drawer, etc., by moving it back to its original position. / To close business for the day. / To stop operating a company. / To shut one's mouth tight.",verb,general / source uncategorized,nikl-2024-mirror,https://huggingface.co/datasets/binjang/NIKL-korean-english-dictionary/resolve/3b4cfd2126debfd5440cade3ef6c2a3c20cf7cf9/2024_01.csv#record=16534,NIKL source band: beginner; project heuristic TOPIK 1: core-spelling/basic-life-category rule; not an official per-grade list
ko-nikl-16542,달,,A bound noun that serves as a unit for counting one of 12 divisions of a year.,bound noun,concepts > counters,nikl-2024-mirror,https://huggingface.co/datasets/binjang/NIKL-korean-english-dictionary/resolve/3b4cfd2126debfd5440cade3ef6c2a3c20cf7cf9/2024_01.csv#record=16542,NIKL source band: beginner; project heuristic TOPIK 1: core-spelling/basic-life-category rule; not an official per-grade list
ko-nikl-16539,달,,"A bright, round celestial body that apprears in the sky at night. / A period in a year divided by twelve.",noun,concepts > counters,nikl-2024-mirror,https://huggingface.co/datasets/binjang/NIKL-korean-english-dictionary/resolve/3b4cfd2126debfd5440cade3ef6c2a3c20cf7cf9/2024_01.csv#record=16539,NIKL source band: beginner; project heuristic TOPIK 1: core-spelling/basic-life-category rule; not an official per-grade list
ko-nikl-16546,달걀,,An egg laid by a hen.,noun,food > ingredients,nikl-2024-mirror,https://huggingface.co/datasets/binjang/NIKL-korean-english-dictionary/resolve/3b4cfd2126debfd5440cade3ef6c2a3c20cf7cf9/2024_01.csv#record=16546,NIKL source band: beginner; project heuristic TOPIK 1: core-spelling/basic-life-category rule; not an official per-grade list
ko-nikl-16599,달력,,"Paper or a booklet with months, days, days of week, seasonal divisions, dates of events, etc., printed in sequence by date.",noun,housing > household goods,nikl-2024-mirror,https://huggingface.co/datasets/binjang/NIKL-korean-english-dictionary/resolve/3b4cfd2126debfd5440cade3ef6c2a3c20cf7cf9/2024_01.csv#record=16599,NIKL source band: beginner; project heuristic TOPIK 1: core-spelling/basic-life-category rule; not an official per-grade list
ko-nikl-16647,닭고기,,The flesh of a chicken used for food.,noun,food > ingredients,nikl-2024-mirror,https://huggingface.co/datasets/binjang/NIKL-korean-english-dictionary/resolve/3b4cfd2126debfd5440cade3ef6c2a3c20cf7cf9/2024_01.csv#record=16647,NIKL source band: beginner; project heuristic TOPIK 1: core-spelling/basic-life-category rule; not an official per-grade list
ko-nikl-16684,담배,,"A plant whose leaves are dried and processed for making a cigar. / A roll of fine slices of dried tobacco leaves, which is made for smoking.",noun,food > dishes,nikl-2024-mirror,https://huggingface.co/datasets/binjang/NIKL-korean-english-dictionary/resolve/3b4cfd2126debfd5440cade3ef6c2a3c20cf7cf9/2024_01.csv#record=16684,NIKL source band: beginner; project heuristic TOPIK 1: core-spelling/basic-life-category rule; not an official per-grade list
ko-nikl-16872,대,,"A bound noun that serves as a unit for counting the number of cars, planes, musical instruments, machines, etc.",bound noun,concepts > counters,nikl-2024-mirror,https://huggingface.co/datasets/binjang/NIKL-korean-english-dictionary/resolve/3b4cfd2126debfd5440cade3ef6c2a3c20cf7cf9/2024_01.csv#record=16872,NIKL source band: beginner; project heuristic TOPIK 1: core-spelling/basic-life-category rule; not an official per-grade list
ko-nikl-17372,대학생,,A student attending college.,noun,education > teachers and learners,nikl-2024-mirror,https://huggingface.co/datasets/binjang/NIKL-korean-english-dictionary/resolve/3b4cfd2126debfd5440cade3ef6c2a3c20cf7cf9/2024_01.csv#record=17372,NIKL source band: beginner; project heuristic TOPIK 1: core-spelling/basic-life-category rule; not an official per-grade list
ko-nikl-17414,댁,,"(polite form) When a listener is on equal terms with or younger than the speaker, or a term that addresses that person.",pronoun,general / source uncategorized,nikl-2024-mirror,https://huggingface.co/datasets/binjang/NIKL-korean-english-dictionary/resolve/3b4cfd2126debfd5440cade3ef6c2a3c20cf7cf9/2024_01.csv#record=17414,NIKL source band: beginner; project heuristic TOPIK 1: core-spelling/basic-life-category rule; not an official per-grade list
ko-nikl-17430,더,,In a continuous addition. / More or higher than something being compared or a certain threshold.,adverb,concepts > quantity,nikl-2024-mirror,https://huggingface.co/datasets/binjang/NIKL-korean-english-dictionary/resolve/3b4cfd2126debfd5440cade3ef6c2a3c20cf7cf9/2024_01.csv#record=17430,NIKL source band: beginner; project heuristic TOPIK 1: core-spelling/basic-life-category rule; not an official per-grade list
ko-nikl-17633,덥다,,For one's body to feel that the air is hot and the temperature high. / Something being warm.,descriptive verb,nature > weather and climate,nikl-2024-mirror,https://huggingface.co/datasets/binjang/NIKL-korean-english-dictionary/resolve/3b4cfd2126debfd5440cade3ef6c2a3c20cf7cf9/2024_01.csv#record=17633,NIKL source band: beginner; project heuristic TOPIK 1: core-spelling/basic-life-category rule; not an official per-grade list
ko-nikl-17730,도,,A bound noun that serves as a unit for measuring temperature. / A bound noun that serves as a unit for measuring angles. / A bound noun that serves as a unit for indicating tones in music. / A bound noun that serves as a unit for indicating latitude or longitude. / A bound noun that serves as a unit indicating the proportion of alcohol contained in a liquor.,bound noun,concepts > counters,nikl-2024-mirror,https://huggingface.co/datasets/binjang/NIKL-korean-english-dictionary/resolve/3b4cfd2126debfd5440cade3ef6c2a3c20cf7cf9/2024_01.csv#record=17730,NIKL source band: beginner; project heuristic TOPIK 1: core-spelling/basic-life-category rule; not an official per-grade list
ko-nikl-17901,도서관,,A facility with lots of books and materials for people to borrow and read or study.,noun,education > school facilities,nikl-2024-mirror,https://huggingface.co/datasets/binjang/NIKL-korean-english-dictionary/resolve/3b4cfd2126debfd5440cade3ef6c2a3c20cf7cf9/2024_01.csv#record=17901,NIKL source band: beginner; project heuristic TOPIK 1: core-spelling/basic-life-category rule; not an official per-grade list
ko-nikl-17939,도와주다,,"To help someone with something, or give support.",verb,social life > social activities,nikl-2024-mirror,https://huggingface.co/datasets/binjang/NIKL-korean-english-dictionary/resolve/3b4cfd2126debfd5440cade3ef6c2a3c20cf7cf9/2024_01.csv#record=17939,NIKL source band: beginner; project heuristic TOPIK 1: core-spelling/basic-life-category rule; not an official per-grade list
ko-nikl-17982,도착,,The act of reaching a destination.,noun,social life > travel actions,nikl-2024-mirror,https://huggingface.co/datasets/binjang/NIKL-korean-english-dictionary/resolve/3b4cfd2126debfd5440cade3ef6c2a3c20cf7cf9/2024_01.csv#record=17982,NIKL source band: beginner; project heuristic TOPIK 1: core-spelling/basic-life-category rule; not an official per-grade list
ko-nikl-18163,돈,,A coin or bill that is exchanged when trading goods or labor. / A cost incurred for buying goods or doing something. / Property or wealth.,noun,economy > financial instruments,nikl-2024-mirror,https://huggingface.co/datasets/binjang/NIKL-korean-english-dictionary/resolve/3b4cfd2126debfd5440cade3ef6c2a3c20cf7cf9/2024_01.csv#record=18163,NIKL source band: beginner; project heuristic TOPIK 1: core-spelling/basic-life-category rule; not an official per-grade list
ko-nikl-18175,돈가스,,"Thick slices of pork seasoned, coated with bread crumbs, and fried in oil.",noun,food > dishes,nikl-2024-mirror,https://huggingface.co/datasets/binjang/NIKL-korean-english-dictionary/resolve/3b4cfd2126debfd5440cade3ef6c2a3c20cf7cf9/2024_01.csv#record=18175,NIKL source band: beginner; project heuristic TOPIK 1: core-spelling/basic-life-category rule; not an official per-grade list
ko-nikl-18259,돌아오다,,"To come again to where one was before or to be in such a state. / To be one's turn to do something. / To receive something as one's own. / To come the long way. / To have lost the original state of something and to achieve it again. / For the time that is repeated in regular intervals to come back. / To move around a location as if to draw a circle, or to pass by a curved path. / To come back from the opposite direction from which one came.",verb,general / source uncategorized,nikl-2024-mirror,https://huggingface.co/datasets/binjang/NIKL-korean-english-dictionary/resolve/3b4cfd2126debfd5440cade3ef6c2a3c20cf7cf9/2024_01.csv#record=18259,NIKL source band: beginner; project heuristic TOPIK 1: core-spelling/basic-life-category rule; not an official per-grade list
ko-nikl-18448,동생,,A word used to refer to or address a person who is younger than oneself among one's siblings or relatives. / A word used to refer to or address a younger person than oneself in a friendly manner.,noun,daily life > family relationships,nikl-2024-mirror,https://huggingface.co/datasets/binjang/NIKL-korean-english-dictionary/resolve/3b4cfd2126debfd5440cade3ef6c2a3c20cf7cf9/2024_01.csv#record=18448,NIKL source band: beginner; project heuristic TOPIK 1: core-spelling/basic-life-category rule; not an official per-grade list
ko-nikl-18468,동시,,A state of being at the same time. / A state in which two or more facts coexist.,noun,concepts > time,nikl-2024-mirror,https://huggingface.co/datasets/binjang/NIKL-korean-english-dictionary/resolve/3b4cfd2126debfd5440cade3ef6c2a3c20cf7cf9/2024_01.csv#record=18468,NIKL source band: beginner; project heuristic TOPIK 1: core-spelling/basic-life-category rule; not an official per-grade list
ko-nikl-18478,동안,,The period from one time to another.,noun,concepts > time,nikl-2024-mirror,https://huggingface.co/datasets/binjang/NIKL-korean-english-dictionary/resolve/3b4cfd2126debfd5440cade3ef6c2a3c20cf7cf9/2024_01.csv#record=18478,NIKL source band: beginner; project heuristic TOPIK 1: core-spelling/basic-life-category rule; not an official per-grade list
ko-nikl-18568,동쪽,,"One of the four points of the compass, the direction in which the sun rises.",noun,concepts > location and direction,nikl-2024-mirror,https://huggingface.co/datasets/binjang/NIKL-korean-english-dictionary/resolve/3b4cfd2126debfd5440cade3ef6c2a3c20cf7cf9/2024_01.csv#record=18568,NIKL source band: beginner; project heuristic TOPIK 1: core-spelling/basic-life-category rule; not an official per-grade list
ko-nikl-18621,돼지고기,,The meat of pigs eaten as food.,noun,food > ingredients,nikl-2024-mirror,https://huggingface.co/datasets/binjang/NIKL-korean-english-dictionary/resolve/3b4cfd2126debfd5440cade3ef6c2a3c20cf7cf9/2024_01.csv#record=18621,NIKL source band: beginner; project heuristic TOPIK 1: core-spelling/basic-life-category rule; not an official per-grade list
ko-nikl-18691,된장,,"Sauce or paste, made by fermenting soybeans after the beans are first used to make soy sauce.",noun,food > ingredients,nikl-2024-mirror,https://huggingface.co/datasets/binjang/NIKL-korean-english-dictionary/resolve/3b4cfd2126debfd5440cade3ef6c2a3c20cf7cf9/2024_01.csv#record=18691,NIKL source band: beginner; project heuristic TOPIK 1: core-spelling/basic-life-category rule; not an official per-grade list
ko-nikl-18693,된장찌개,,"Jjigae, stew, made by boiling fermented doenjang, soybean paste, with scallions, zucchini, bean curd, etc., added to water.",noun,food > dishes,nikl-2024-mirror,https://huggingface.co/datasets/binjang/NIKL-korean-english-dictionary/resolve/3b4cfd2126debfd5440cade3ef6c2a3c20cf7cf9/2024_01.csv#record=18693,NIKL source band: beginner; project heuristic TOPIK 1: core-spelling/basic-life-category rule; not an official per-grade list
ko-nikl-18696,두,,Two,determiner,concepts > numbers,nikl-2024-mirror,https://huggingface.co/datasets/binjang/NIKL-korean-english-dictionary/resolve/3b4cfd2126debfd5440cade3ef6c2a3c20cf7cf9/2024_01.csv#record=18696,NIKL source band: beginner; project heuristic TOPIK 1: core-spelling/basic-life-category rule; not an official per-grade list
ko-nikl-18780,두부,,"A white, soft food made by grinding beans.",noun,food > ingredients,nikl-2024-mirror,https://huggingface.co/datasets/binjang/NIKL-korean-english-dictionary/resolve/3b4cfd2126debfd5440cade3ef6c2a3c20cf7cf9/2024_01.csv#record=18780,NIKL source band: beginner; project heuristic TOPIK 1: core-spelling/basic-life-category rule; not an official per-grade list
ko-nikl-18787,두세,,Two or three.,determiner,concepts > numbers,nikl-2024-mirror,https://huggingface.co/datasets/binjang/NIKL-korean-english-dictionary/resolve/3b4cfd2126debfd5440cade3ef6c2a3c20cf7cf9/2024_01.csv#record=18787,NIKL source band: beginner; project heuristic TOPIK 1: core-spelling/basic-life-category rule; not an official per-grade list
ko-nikl-18823,둘,,The cardinal number equal to the sum of 1 + 1.,numeral,concepts > numbers,nikl-2024-mirror,https://huggingface.co/datasets/binjang/NIKL-korean-english-dictionary/resolve/3b4cfd2126debfd5440cade3ef6c2a3c20cf7cf9/2024_01.csv#record=18823,NIKL source band: beginner; project heuristic TOPIK 1: core-spelling/basic-life-category rule; not an official per-grade list
ko-nikl-18843,둘째,,One that is next in order after the first.,numeral,concepts > sequence,nikl-2024-mirror,https://huggingface.co/datasets/binjang/NIKL-korean-english-dictionary/resolve/3b4cfd2126debfd5440cade3ef6c2a3c20cf7cf9/2024_01.csv#record=18843,NIKL source band: beginner; project heuristic TOPIK 1: core-spelling/basic-life-category rule; not an official per-grade list
ko-nikl-18870,뒤,,The direction that is opposite of the one that someone or something is facing. / A time or turn that comes next or later. / A part that is not exposed or revealed. / The last part of a job. / Something that is preceded by something else. / A force that helps a person do something. / The trace or result of something / Hard feelings that remain pent up. / (euphemism) The feces of a human. / (euphemism) A butt.,noun,concepts > time,nikl-2024-mirror,https://huggingface.co/datasets/binjang/NIKL-korean-english-dictionary/resolve/3b4cfd2126debfd5440cade3ef6c2a3c20cf7cf9/2024_01.csv#record=18870,NIKL source band: beginner; project heuristic TOPIK 1: core-spelling/basic-life-category rule; not an official per-grade list
ko-nikl-18969,뒤쪽,,The opposite side of the direction that one is facing.,noun,concepts > location and direction,nikl-2024-mirror,https://huggingface.co/datasets/binjang/NIKL-korean-english-dictionary/resolve/3b4cfd2126debfd5440cade3ef6c2a3c20cf7cf9/2024_01.csv#record=18969,NIKL source band: beginner; project heuristic TOPIK 1: core-spelling/basic-life-category rule; not an official per-grade list
ko-nikl-19089,드디어,,In the state of something that one has eagerly waited for being achieved eventually ; in the end.,adverb,concepts > time,nikl-2024-mirror,https://huggingface.co/datasets/binjang/NIKL-korean-english-dictionary/resolve/3b4cfd2126debfd5440cade3ef6c2a3c20cf7cf9/2024_01.csv#record=19089,NIKL source band: beginner; project heuristic TOPIK 1: core-spelling/basic-life-category rule; not an official per-grade list
ko-nikl-19164,듣다,,"To sense a sound with ears. / To listen carefully with strained ears to others' words or sounds. / To follow what others say. / For a machine, equipment, etc., to operate normally. / To receive a certain news or story from others orally. / To get scolded or praised usually by an elder. / To understand or regard something as a certain thing or in a certain way. / For something such as a medicine to take effect.",verb,people > physical actions,nikl-2024-mirror,https://huggingface.co/datasets/binjang/NIKL-korean-english-dictionary/resolve/3b4cfd2126debfd5440cade3ef6c2a3c20cf7cf9/2024_01.csv#record=19164,NIKL source band: beginner; project heuristic TOPIK 1: core-spelling/basic-life-category rule; not an official per-grade list
ko-nikl-19253,들어가다,,"To go inside from outside. / For the hardware of utilities such as electricity, water, etc., to be installed. / For a new state or period to start. / For money, effort, resources, etc., to be spent on a certain project. / To be inserted in something. / To be permeated to the inside. / For something to be delivered or owned by another person, organization, etc. / To become a member of a certain group. / To be included in a certain range or to meet a standard. / For certain content to be understood and kept in memory. / For the surface of an object to become sunken. / For a clear phenomenon to disappear. / To get to know a field of study or obtain knowledge, etc. / For clothes, shoes, etc., to fit one's body.",verb,people > physical actions,nikl-2024-mirror,https://huggingface.co/datasets/binjang/NIKL-korean-english-dictionary/resolve/3b4cfd2126debfd5440cade3ef6c2a3c20cf7cf9/2024_01.csv#record=19253,NIKL source band: beginner; project heuristic TOPIK 1: core-spelling/basic-life-category rule; not an official per-grade list
ko-nikl-19263,들어오다,,"To move inside from outside within a certain range. / To gain something such as income. / For thoughts, culture or technology to be transmitted from the outside in. / For facilities such as electricity or water supply to be built or provided. / To become a member of a certain group or organization. / To be included within a certain range or standard. / For something to be given to or acquired by someone or a certain organization. / For a certain content to be understood and remembered. / For news, rumor, demand, etc. to be heard or reported.",verb,people > physical actions,nikl-2024-mirror,https://huggingface.co/datasets/binjang/NIKL-korean-english-dictionary/resolve/3b4cfd2126debfd5440cade3ef6c2a3c20cf7cf9/2024_01.csv#record=19263,NIKL source band: beginner; project heuristic TOPIK 1: core-spelling/basic-life-category rule; not an official per-grade list
ko-nikl-19324,등,,The part that is opposite the chest and belly on the body of a human or animal. / The bulging upper or outer part of an object.,noun,people > body parts,nikl-2024-mirror,https://huggingface.co/datasets/binjang/NIKL-korean-english-dictionary/resolve/3b4cfd2126debfd5440cade3ef6c2a3c20cf7cf9/2024_01.csv#record=19324,NIKL source band: beginner; project heuristic TOPIK 1: core-spelling/basic-life-category rule; not an official per-grade list
ko-nikl-19488,따뜻하다,,"Being an appropriate, pleasant temperature, which is not too high. / In a loving and comfortable state of mind, having such emotions or attitude, or being in such an atmosphere, etc.",descriptive verb,nature > weather and climate,nikl-2024-mirror,https://huggingface.co/datasets/binjang/NIKL-korean-english-dictionary/resolve/3b4cfd2126debfd5440cade3ef6c2a3c20cf7cf9/2024_01.csv#record=19488,NIKL source band: beginner; project heuristic TOPIK 1: core-spelling/basic-life-category rule; not an official per-grade list
ko-nikl-19558,딸,,A female child in relation to her parents.,noun,daily life > family relationships,nikl-2024-mirror,https://huggingface.co/datasets/binjang/NIKL-korean-english-dictionary/resolve/3b4cfd2126debfd5440cade3ef6c2a3c20cf7cf9/2024_01.csv#record=19558,NIKL source band: beginner; project heuristic TOPIK 1: core-spelling/basic-life-category rule; not an official per-grade list
ko-nikl-19561,딸기,,"A perennial plant that stretches its stems on the ground and bears a red fruit with seeds stuck on the outside, or the fruit.",noun,food > fruit,nikl-2024-mirror,https://huggingface.co/datasets/binjang/NIKL-korean-english-dictionary/resolve/3b4cfd2126debfd5440cade3ef6c2a3c20cf7cf9/2024_01.csv#record=19561,NIKL source band: beginner; project heuristic TOPIK 1: core-spelling/basic-life-category rule; not an official per-grade list
ko-nikl-19621,때,,"A certain moment or part of time. / The time for having a meal. / A perfect time for doing something. / The time when a certain phenomenon or event occurs. / A state of being in a certain case. / A state of being during a certain period. / A season subdivided according to a change in climate, such as spring, summer, fall, and winter.",noun,concepts > time,nikl-2024-mirror,https://huggingface.co/datasets/binjang/NIKL-korean-english-dictionary/resolve/3b4cfd2126debfd5440cade3ef6c2a3c20cf7cf9/2024_01.csv#record=19621,NIKL source band: beginner; project heuristic TOPIK 1: core-spelling/basic-life-category rule; not an official per-grade list
ko-nikl-19710,떡,,"A dish made by steaming or boiling grain powder such as injeolmi, rice cake coated with red bean powder or soy bean powder, and songpyeon, half-moon-shaped rice cake, etc. / (figurative) Hair that is matted due to lack of washing, etc.",noun,food > dishes,nikl-2024-mirror,https://huggingface.co/datasets/binjang/NIKL-korean-english-dictionary/resolve/3b4cfd2126debfd5440cade3ef6c2a3c20cf7cf9/2024_01.csv#record=19710,NIKL source band: beginner; project heuristic TOPIK 1: core-spelling/basic-life-category rule; not an official per-grade list
ko-nikl-19723,떡국,,"A dish made by cutting garaetteok, rice cake stick, into thin slices and boiling them in clear broth.",noun,food > dishes,nikl-2024-mirror,https://huggingface.co/datasets/binjang/NIKL-korean-english-dictionary/resolve/3b4cfd2126debfd5440cade3ef6c2a3c20cf7cf9/2024_01.csv#record=19723,NIKL source band: beginner; project heuristic TOPIK 1: core-spelling/basic-life-category rule; not an official per-grade list
ko-nikl-19729,떡볶이,,"Boiled rice cake with seasoning, made by boiling garaetteok, rice cake stick, vegetables, seasonings such as soy sauce, gochujang, red chili paste, etc.",noun,food > dishes,nikl-2024-mirror,https://huggingface.co/datasets/binjang/NIKL-korean-english-dictionary/resolve/3b4cfd2126debfd5440cade3ef6c2a3c20cf7cf9/2024_01.csv#record=19729,NIKL source band: beginner; project heuristic TOPIK 1: core-spelling/basic-life-category rule; not an official per-grade list
ko-nikl-19775,또,,In the manner of happening or behaving again. / In addition to that. / Although. / But possibly. / Not only that. / An adverb used when connecting words. / An adverb used to indicate one's surprise or relief. / An adverb used when denying the preceding statement or considering it strange.,adverb,general / source uncategorized,nikl-2024-mirror,https://huggingface.co/datasets/binjang/NIKL-korean-english-dictionary/resolve/3b4cfd2126debfd5440cade3ef6c2a3c20cf7cf9/2024_01.csv#record=19775,NIKL source band: beginner; project heuristic TOPIK 1: core-spelling/basic-life-category rule; not an official per-grade list
ko-nikl-19776,또는,,If it is not.,adverb,general / source uncategorized,nikl-2024-mirror,https://huggingface.co/datasets/binjang/NIKL-korean-english-dictionary/resolve/3b4cfd2126debfd5440cade3ef6c2a3c20cf7cf9/2024_01.csv#record=19776,NIKL source band: beginner; project heuristic TOPIK 1: core-spelling/basic-life-category rule; not an official per-grade list
ko-nikl-19888,뛰다,,To move forward in quick steps. / To work with a certain qualification. / (slang) To run away. / To be active in doing something. / To run and pass somewhere. / To work by busily going around several work places.,verb,people > physical actions,nikl-2024-mirror,https://huggingface.co/datasets/binjang/NIKL-korean-english-dictionary/resolve/3b4cfd2126debfd5440cade3ef6c2a3c20cf7cf9/2024_01.csv#record=19888,NIKL source band: beginner; project heuristic TOPIK 1: core-spelling/basic-life-category rule; not an official per-grade list
ko-nikl-19915,뜨겁다,,"(temperature) High. / (body temperature) high / Feeling blushed due to shame or embarrassment. / (figurative) Intense and strong in feeling, passion, etc.",descriptive verb,concepts > temperature,nikl-2024-mirror,https://huggingface.co/datasets/binjang/NIKL-korean-english-dictionary/resolve/3b4cfd2126debfd5440cade3ef6c2a3c20cf7cf9/2024_01.csv#record=19915,NIKL source band: beginner; project heuristic TOPIK 1: core-spelling/basic-life-category rule; not an official per-grade list
ko-nikl-20055,라디오,,"In a broadcasting station, the act of sending sounds through a radio wave to enable a person with a receiving device to listen to them; or such a broadcast. / A mechanical device that receives radio waves from a broadcasting station, and then converts them into sounds.",noun,housing > household goods,nikl-2024-mirror,https://huggingface.co/datasets/binjang/NIKL-korean-english-dictionary/resolve/3b4cfd2126debfd5440cade3ef6c2a3c20cf7cf9/2024_01.csv#record=20055,NIKL source band: beginner; project heuristic TOPIK 1: core-spelling/basic-life-category rule; not an official per-grade list
ko-nikl-20058,라면,,An easy-to-cook instant noodle dish made by just boiling previously-fried dry noodles and adding powdered soup to them.,noun,food > dishes,nikl-2024-mirror,https://huggingface.co/datasets/binjang/NIKL-korean-english-dictionary/resolve/3b4cfd2126debfd5440cade3ef6c2a3c20cf7cf9/2024_01.csv#record=20058,NIKL source band: beginner; project heuristic TOPIK 1: core-spelling/basic-life-category rule; not an official per-grade list
ko-nikl-20141,레스토랑,,A restaurant that sells western food.,noun,food > food venues,nikl-2024-mirror,https://huggingface.co/datasets/binjang/NIKL-korean-english-dictionary/resolve/3b4cfd2126debfd5440cade3ef6c2a3c20cf7cf9/2024_01.csv#record=20141,NIKL source band: beginner; project heuristic TOPIK 1: core-spelling/basic-life-category rule; not an official per-grade list
ko-nikl-35783,마당,,"A flat, empty land attached to a house. / A place where a certain thing occurs.",noun,housing > parts of a home,nikl-2024-mirror,https://huggingface.co/datasets/binjang/NIKL-korean-english-dictionary/resolve/3b4cfd2126debfd5440cade3ef6c2a3c20cf7cf9/2024_01.csv#record=35783,NIKL source band: beginner; project heuristic TOPIK 1: core-spelling/basic-life-category rule; not an official per-grade list
ko-nikl-35824,마리,,"A bound noun that serves as a unit for counting the number of animals, fish, bugs, etc.",bound noun,concepts > counters,nikl-2024-mirror,https://huggingface.co/datasets/binjang/NIKL-korean-english-dictionary/resolve/3b4cfd2126debfd5440cade3ef6c2a3c20cf7cf9/2024_01.csv#record=35824,NIKL source band: beginner; project heuristic TOPIK 1: core-spelling/basic-life-category rule; not an official per-grade list
ko-nikl-35856,마시다,,"To make liquid such as water, etc., pass down one's throat. / To breathe in air, gas or smell through one's mouth or nostrils.",verb,food > eating and cooking,nikl-2024-mirror,https://huggingface.co/datasets/binjang/NIKL-korean-english-dictionary/resolve/3b4cfd2126debfd5440cade3ef6c2a3c20cf7cf9/2024_01.csv#record=35856,NIKL source band: beginner; project heuristic TOPIK 1: core-spelling/basic-life-category rule; not an official per-grade list
ko-nikl-35961,마흔,,Being a number equaling ten times four.,determiner,concepts > numbers,nikl-2024-mirror,https://huggingface.co/datasets/binjang/NIKL-korean-english-dictionary/resolve/3b4cfd2126debfd5440cade3ef6c2a3c20cf7cf9/2024_01.csv#record=35961,NIKL source band: beginner; project heuristic TOPIK 1: core-spelling/basic-life-category rule; not an official per-grade list
ko-nikl-35960,마흔,,The number that is the product of four times ten.,numeral,concepts > numbers,nikl-2024-mirror,https://huggingface.co/datasets/binjang/NIKL-korean-english-dictionary/resolve/3b4cfd2126debfd5440cade3ef6c2a3c20cf7cf9/2024_01.csv#record=35960,NIKL source band: beginner; project heuristic TOPIK 1: core-spelling/basic-life-category rule; not an official per-grade list
ko-nikl-35977,막걸리,,"A unique Korean white alcoholic drink made from rice, which tastes a little thick.",noun,food > drinks,nikl-2024-mirror,https://huggingface.co/datasets/binjang/NIKL-korean-english-dictionary/resolve/3b4cfd2126debfd5440cade3ef6c2a3c20cf7cf9/2024_01.csv#record=35977,NIKL source band: beginner; project heuristic TOPIK 1: core-spelling/basic-life-category rule; not an official per-grade list
ko-nikl-36023,막히다,,"For a road, passage, hole, etc., to be made impassable. / For the front of something to be blocked or encircled, so that nobody can see its inner area. / For a certain work to stop progressing as a difficult problem emerges. / For something or what one is about to do to be stopped. / For something in a part of one's body to become impassable. / For cars to not run easily because there are many cars on the road. / To act inflexibly and stubbornly.",verb,social life > travel actions,nikl-2024-mirror,https://huggingface.co/datasets/binjang/NIKL-korean-english-dictionary/resolve/3b4cfd2126debfd5440cade3ef6c2a3c20cf7cf9/2024_01.csv#record=36023,NIKL source band: beginner; project heuristic TOPIK 1: core-spelling/basic-life-category rule; not an official per-grade list
ko-nikl-36033,만,,Of the number that is the product of ten times one thousand.,determiner,concepts > numbers,nikl-2024-mirror,https://huggingface.co/datasets/binjang/NIKL-korean-english-dictionary/resolve/3b4cfd2126debfd5440cade3ef6c2a3c20cf7cf9/2024_01.csv#record=36033,NIKL source band: beginner; project heuristic TOPIK 1: core-spelling/basic-life-category rule; not an official per-grade list
ko-nikl-36031,만,,"The cardinal number equal to 10 X 1,000.",numeral,concepts > numbers,nikl-2024-mirror,https://huggingface.co/datasets/binjang/NIKL-korean-english-dictionary/resolve/3b4cfd2126debfd5440cade3ef6c2a3c20cf7cf9/2024_01.csv#record=36031,NIKL source band: beginner; project heuristic TOPIK 1: core-spelling/basic-life-category rule; not an official per-grade list
ko-nikl-36050,만나다,,"For a line, road, river, etc. to adjoin or be connected with each other. / For one of two to go or come and be face to face with the other. / To face a fact or object in front of one's eyes. / To go through something. / To be struck by rain, snow, wind on one's way to somewhere. / To be in a certain time or gain an opportunity. / To meet someone accidently on one's way somewhere. / To discover something accidently on one's way somewhere. / To have a certain relationship with someone based on a connection.",verb,social life > social activities,nikl-2024-mirror,https://huggingface.co/datasets/binjang/NIKL-korean-english-dictionary/resolve/3b4cfd2126debfd5440cade3ef6c2a3c20cf7cf9/2024_01.csv#record=36050,NIKL source band: beginner; project heuristic TOPIK 1: core-spelling/basic-life-category rule; not an official per-grade list
ko-nikl-36064,만두,,"Dumplings, made by kneading and pressing flour and wrapping minced meat, vegetables, etc., with the dough.",noun,food > dishes,nikl-2024-mirror,https://huggingface.co/datasets/binjang/NIKL-korean-english-dictionary/resolve/3b4cfd2126debfd5440cade3ef6c2a3c20cf7cf9/2024_01.csv#record=36064,NIKL source band: beginner; project heuristic TOPIK 1: core-spelling/basic-life-category rule; not an official per-grade list
ko-nikl-36068,만들다,,"To create something that did not exist, using one's power or skill. / To write or edit pieces of writing and publish them in a book. / To form a new state. / To compose a piece of writing or song. / To make law, regulations, etc. / To organize an institution or organization. / To prepare money or work. / To make time, etc., by any means. / To make a scar, etc. / To cause or scheme trouble, an incident etc. / To newly complete a movie, play, etc., and release it. / To make something into something. / To nurture someone and make him/her a certain person. / To change a person, object, phenomenon, etc., somehow.",verb,general / source uncategorized,nikl-2024-mirror,https://huggingface.co/datasets/binjang/NIKL-korean-english-dictionary/resolve/3b4cfd2126debfd5440cade3ef6c2a3c20cf7cf9/2024_01.csv#record=36068,NIKL source band: beginner; project heuristic TOPIK 1: core-spelling/basic-life-category rule; not an official per-grade list
ko-nikl-36198,많다,,"A number, amount, etc., exceeding a certain standard.",descriptive verb,concepts > quantity,nikl-2024-mirror,https://huggingface.co/datasets/binjang/NIKL-korean-english-dictionary/resolve/3b4cfd2126debfd5440cade3ef6c2a3c20cf7cf9/2024_01.csv#record=36198,NIKL source band: beginner; project heuristic TOPIK 1: core-spelling/basic-life-category rule; not an official per-grade list
ko-nikl-36200,많이,,"In a state in which a number, amount, degree, etc., are larger than a certain standard.",adverb,concepts > quantity,nikl-2024-mirror,https://huggingface.co/datasets/binjang/NIKL-korean-english-dictionary/resolve/3b4cfd2126debfd5440cade3ef6c2a3c20cf7cf9/2024_01.csv#record=36200,NIKL source band: beginner; project heuristic TOPIK 1: core-spelling/basic-life-category rule; not an official per-grade list
ko-nikl-36279,말,,A bound noun meaning the end of a certain period.,bound noun,concepts > time,nikl-2024-mirror,https://huggingface.co/datasets/binjang/NIKL-korean-english-dictionary/resolve/3b4cfd2126debfd5440cade3ef6c2a3c20cf7cf9/2024_01.csv#record=36279,NIKL source band: beginner; project heuristic TOPIK 1: core-spelling/basic-life-category rule; not an official per-grade list
ko-nikl-36416,맑다,,"Clean and free of something dirty and filthy. / (for the weather) Fine without clouds or mist. / (for a sound, etc) Bright and clear. / (for the mind) Clear and not murky. / (for the heart) Innocent and pure.",descriptive verb,nature > weather and climate,nikl-2024-mirror,https://huggingface.co/datasets/binjang/NIKL-korean-english-dictionary/resolve/3b4cfd2126debfd5440cade3ef6c2a3c20cf7cf9/2024_01.csv#record=36416,NIKL source band: beginner; project heuristic TOPIK 1: core-spelling/basic-life-category rule; not an official per-grade list
ko-nikl-36442,맛없다,,The taste of food being not good.,descriptive verb,food > tastes,nikl-2024-mirror,https://huggingface.co/datasets/binjang/NIKL-korean-english-dictionary/resolve/3b4cfd2126debfd5440cade3ef6c2a3c20cf7cf9/2024_01.csv#record=36442,NIKL source band: beginner; project heuristic TOPIK 1: core-spelling/basic-life-category rule; not an official per-grade list
ko-nikl-36444,맛있다,,Tasting good.,descriptive verb,food > tastes,nikl-2024-mirror,https://huggingface.co/datasets/binjang/NIKL-korean-english-dictionary/resolve/3b4cfd2126debfd5440cade3ef6c2a3c20cf7cf9/2024_01.csv#record=36444,NIKL source band: beginner; project heuristic TOPIK 1: core-spelling/basic-life-category rule; not an official per-grade list
ko-nikl-36609,매년,,Every year.,adverb,concepts > time,nikl-2024-mirror,https://huggingface.co/datasets/binjang/NIKL-korean-english-dictionary/resolve/3b4cfd2126debfd5440cade3ef6c2a3c20cf7cf9/2024_01.csv#record=36609,NIKL source band: beginner; project heuristic TOPIK 1: core-spelling/basic-life-category rule; not an official per-grade list
ko-nikl-36608,매년,,Each and every year.,noun,concepts > time,nikl-2024-mirror,https://huggingface.co/datasets/binjang/NIKL-korean-english-dictionary/resolve/3b4cfd2126debfd5440cade3ef6c2a3c20cf7cf9/2024_01.csv#record=36608,NIKL source band: beginner; project heuristic TOPIK 1: core-spelling/basic-life-category rule; not an official per-grade list
ko-nikl-36612,매다,,"To tie two ends of a cord or rope not to fall apart. / To wrap or tie one's body with a long belt or rope. / To tie someone or something with a rope, cord, etc., so that he/she/it does not disappear or run away. / To tie and fix something with a string, cord, rope, etc., to prevent it from falling off. / (figurative) To not be able to leave a place and stay where one belongs.",verb,clothing and appearance > dressing,nikl-2024-mirror,https://huggingface.co/datasets/binjang/NIKL-korean-english-dictionary/resolve/3b4cfd2126debfd5440cade3ef6c2a3c20cf7cf9/2024_01.csv#record=36612,NIKL source band: beginner; project heuristic TOPIK 1: core-spelling/basic-life-category rule; not an official per-grade list
ko-nikl-36615,매달,,Each month.,adverb,concepts > time,nikl-2024-mirror,https://huggingface.co/datasets/binjang/NIKL-korean-english-dictionary/resolve/3b4cfd2126debfd5440cade3ef6c2a3c20cf7cf9/2024_01.csv#record=36615,NIKL source band: beginner; project heuristic TOPIK 1: core-spelling/basic-life-category rule; not an official per-grade list
ko-nikl-36614,매달,,Each and every month.,noun,concepts > time,nikl-2024-mirror,https://huggingface.co/datasets/binjang/NIKL-korean-english-dictionary/resolve/3b4cfd2126debfd5440cade3ef6c2a3c20cf7cf9/2024_01.csv#record=36614,NIKL source band: beginner; project heuristic TOPIK 1: core-spelling/basic-life-category rule; not an official per-grade list
ko-nikl-36687,매일,,Every day without exceptions.,adverb,concepts > time,nikl-2024-mirror,https://huggingface.co/datasets/binjang/NIKL-korean-english-dictionary/resolve/3b4cfd2126debfd5440cade3ef6c2a3c20cf7cf9/2024_01.csv#record=36687,NIKL source band: beginner; project heuristic TOPIK 1: core-spelling/basic-life-category rule; not an official per-grade list
ko-nikl-36686,매일,,Every single day.,noun,concepts > time,nikl-2024-mirror,https://huggingface.co/datasets/binjang/NIKL-korean-english-dictionary/resolve/3b4cfd2126debfd5440cade3ef6c2a3c20cf7cf9/2024_01.csv#record=36686,NIKL source band: beginner; project heuristic TOPIK 1: core-spelling/basic-life-category rule; not an official per-grade list
ko-nikl-36706,매주,,Each week.,adverb,concepts > time,nikl-2024-mirror,https://huggingface.co/datasets/binjang/NIKL-korean-english-dictionary/resolve/3b4cfd2126debfd5440cade3ef6c2a3c20cf7cf9/2024_01.csv#record=36706,NIKL source band: beginner; project heuristic TOPIK 1: core-spelling/basic-life-category rule; not an official per-grade list
ko-nikl-36705,매주,,Each and every week.,noun,concepts > time,nikl-2024-mirror,https://huggingface.co/datasets/binjang/NIKL-korean-english-dictionary/resolve/3b4cfd2126debfd5440cade3ef6c2a3c20cf7cf9/2024_01.csv#record=36705,NIKL source band: beginner; project heuristic TOPIK 1: core-spelling/basic-life-category rule; not an official per-grade list
ko-nikl-36755,맥주,,"A foamy alcoholic beverage made by adding water, bitter taste, and yeast to, most commonly, malted barley.",noun,food > drinks,nikl-2024-mirror,https://huggingface.co/datasets/binjang/NIKL-korean-english-dictionary/resolve/3b4cfd2126debfd5440cade3ef6c2a3c20cf7cf9/2024_01.csv#record=36755,NIKL source band: beginner; project heuristic TOPIK 1: core-spelling/basic-life-category rule; not an official per-grade list
ko-nikl-36851,머리,,A part of the human or animal body above the neck that includes the face and hair. / An ability to think and judge. / The hair on the head. / The leader of a group. / (figurative) The front or top of something. / (figurative) The start or beginning of an affair. / (figurative) The time when something is about to begin. / A side or periphery. / (figurative) A round or stage of an affair. / A round white or black part of a note.,noun,people > body parts,nikl-2024-mirror,https://huggingface.co/datasets/binjang/NIKL-korean-english-dictionary/resolve/3b4cfd2126debfd5440cade3ef6c2a3c20cf7cf9/2024_01.csv#record=36851,NIKL source band: beginner; project heuristic TOPIK 1: core-spelling/basic-life-category rule; not an official per-grade list
ko-nikl-36909,머리카락,,Each and every hair.,noun,people > body parts,nikl-2024-mirror,https://huggingface.co/datasets/binjang/NIKL-korean-english-dictionary/resolve/3b4cfd2126debfd5440cade3ef6c2a3c20cf7cf9/2024_01.csv#record=36909,NIKL source band: beginner; project heuristic TOPIK 1: core-spelling/basic-life-category rule; not an official per-grade list
ko-nikl-36950,먹다,,"To put food into one's mouth and take it in one's stomach. / To drink liquid. / To put medicine into one's mouth and swallow it. / To smoke a cigarette or take drugs. / To inhale gas. / To bear a certain emotion or feeling. / To become a certain age or increase in age. / To feel fear or shock. / To be criticized, scolded or rebuked by others. / (slang) To take a bribe. / To take and own profit or gain. / To absorb water or moisture. / To take a certain position or grade, or gain a certain score. / To lose points in a sports game. / (slang) Have sexual intercourse with a woman. / To be beaten by others. / To take the possessions or money of others in a wrongful way. / To be subject to a restriction or measure. / To experience a certain life or culture. / To stay or work in a certain place. / For a tool with a blade to work well. / To permeate well or spread out evenly. / For an insect or germs to spread. / For money or an object to be spent or used. / To grow older.",verb,food > eating and cooking,nikl-2024-mirror,https://huggingface.co/datasets/binjang/NIKL-korean-english-dictionary/resolve/3b4cfd2126debfd5440cade3ef6c2a3c20cf7cf9/2024_01.csv#record=36950,NIKL source band: beginner; project heuristic TOPIK 1: core-spelling/basic-life-category rule; not an official per-grade list
ko-nikl-36984,먼저,,Being or happening before something else in time or order.,adverb,concepts > sequence,nikl-2024-mirror,https://huggingface.co/datasets/binjang/NIKL-korean-english-dictionary/resolve/3b4cfd2126debfd5440cade3ef6c2a3c20cf7cf9/2024_01.csv#record=36984,NIKL source band: beginner; project heuristic TOPIK 1: core-spelling/basic-life-category rule; not an official per-grade list
ko-nikl-36983,먼저,,The state of being in advance in time or order.,noun,concepts > sequence,nikl-2024-mirror,https://huggingface.co/datasets/binjang/NIKL-korean-english-dictionary/resolve/3b4cfd2126debfd5440cade3ef6c2a3c20cf7cf9/2024_01.csv#record=36983,NIKL source band: beginner; project heuristic TOPIK 1: core-spelling/basic-life-category rule; not an official per-grade list
ko-nikl-37002,멀리,,Quite distantly in time or space.,adverb,concepts > location and direction,nikl-2024-mirror,https://huggingface.co/datasets/binjang/NIKL-korean-english-dictionary/resolve/3b4cfd2126debfd5440cade3ef6c2a3c20cf7cf9/2024_01.csv#record=37002,NIKL source band: beginner; project heuristic TOPIK 1: core-spelling/basic-life-category rule; not an official per-grade list
ko-nikl-37056,메뉴,,"A board on which the kinds of food and their prices that a restaurant offers are written. / The types of dishes comprising a meal. / In a machine like a computer or mobile phone, etc., a list of operational options which enables one to select a command or function.",noun,general / source uncategorized,nikl-2024-mirror,https://huggingface.co/datasets/binjang/NIKL-korean-english-dictionary/resolve/3b4cfd2126debfd5440cade3ef6c2a3c20cf7cf9/2024_01.csv#record=37056,NIKL source band: beginner; project heuristic TOPIK 1: core-spelling/basic-life-category rule; not an official per-grade list
ko-nikl-37110,며칠,,A certain date of the month. / Some days.,noun,concepts > questions,nikl-2024-mirror,https://huggingface.co/datasets/binjang/NIKL-korean-english-dictionary/resolve/3b4cfd2126debfd5440cade3ef6c2a3c20cf7cf9/2024_01.csv#record=37110,NIKL source band: beginner; project heuristic TOPIK 1: core-spelling/basic-life-category rule; not an official per-grade list
ko-nikl-37199,명,,A bound noun that serves as a unit for counting the number of persons.,bound noun,concepts > counters,nikl-2024-mirror,https://huggingface.co/datasets/binjang/NIKL-korean-english-dictionary/resolve/3b4cfd2126debfd5440cade3ef6c2a3c20cf7cf9/2024_01.csv#record=37199,NIKL source band: beginner; project heuristic TOPIK 1: core-spelling/basic-life-category rule; not an official per-grade list
ko-nikl-37356,몇,,"An indefinite, small number of. / A phrase used when the speaker asks about the number of things or people.",determiner,concepts > questions,nikl-2024-mirror,https://huggingface.co/datasets/binjang/NIKL-korean-english-dictionary/resolve/3b4cfd2126debfd5440cade3ef6c2a3c20cf7cf9/2024_01.csv#record=37356,NIKL source band: beginner; project heuristic TOPIK 1: core-spelling/basic-life-category rule; not an official per-grade list
ko-nikl-37355,몇,,An unknown number that is not big. / An expression used to ask an unknown number.,numeral,concepts > questions,nikl-2024-mirror,https://huggingface.co/datasets/binjang/NIKL-korean-english-dictionary/resolve/3b4cfd2126debfd5440cade3ef6c2a3c20cf7cf9/2024_01.csv#record=37355,NIKL source band: beginner; project heuristic TOPIK 1: core-spelling/basic-life-category rule; not an official per-grade list
ko-nikl-37411,모두,,Everyone or everything without exception. / With all added up.,adverb,concepts > numbers,nikl-2024-mirror,https://huggingface.co/datasets/binjang/NIKL-korean-english-dictionary/resolve/3b4cfd2126debfd5440cade3ef6c2a3c20cf7cf9/2024_01.csv#record=37411,NIKL source band: beginner; project heuristic TOPIK 1: core-spelling/basic-life-category rule; not an official per-grade list
ko-nikl-37410,모두,,Everything without anything missing or remaining.,noun,concepts > numbers,nikl-2024-mirror,https://huggingface.co/datasets/binjang/NIKL-korean-english-dictionary/resolve/3b4cfd2126debfd5440cade3ef6c2a3c20cf7cf9/2024_01.csv#record=37410,NIKL source band: beginner; project heuristic TOPIK 1: core-spelling/basic-life-category rule; not an official per-grade list
ko-nikl-37414,모든,,All without exception or without anything or anyone left.,determiner,concepts > numbers,nikl-2024-mirror,https://huggingface.co/datasets/binjang/NIKL-korean-english-dictionary/resolve/3b4cfd2126debfd5440cade3ef6c2a3c20cf7cf9/2024_01.csv#record=37414,NIKL source band: beginner; project heuristic TOPIK 1: core-spelling/basic-life-category rule; not an official per-grade list
ko-nikl-37429,모레,,On the next day of tomorrow.,adverb,concepts > time,nikl-2024-mirror,https://huggingface.co/datasets/binjang/NIKL-korean-english-dictionary/resolve/3b4cfd2126debfd5440cade3ef6c2a3c20cf7cf9/2024_01.csv#record=37429,NIKL source band: beginner; project heuristic TOPIK 1: core-spelling/basic-life-category rule; not an official per-grade list
ko-nikl-37428,모레,,The day following tomorrow.,noun,concepts > time,nikl-2024-mirror,https://huggingface.co/datasets/binjang/NIKL-korean-english-dictionary/resolve/3b4cfd2126debfd5440cade3ef6c2a3c20cf7cf9/2024_01.csv#record=37428,NIKL source band: beginner; project heuristic TOPIK 1: core-spelling/basic-life-category rule; not an official per-grade list
ko-nikl-37433,모르다,,"To have no knowledge or understanding of a person, object or fact. / To not have certain knowledge, function or skill. / To have no experience of doing something. / To disregard everything except for a certain thing. / To say something by guessing or assuming something one is not sure of. / To be incredible beyond description. / To not care. / To do or say something without even realizing it. / To not feel. / To fail to do something one should.",verb,people > cognition,nikl-2024-mirror,https://huggingface.co/datasets/binjang/NIKL-korean-english-dictionary/resolve/3b4cfd2126debfd5440cade3ef6c2a3c20cf7cf9/2024_01.csv#record=37433,NIKL source band: beginner; project heuristic TOPIK 1: core-spelling/basic-life-category rule; not an official per-grade list
ko-nikl-37512,모자,,"An object worn on the head in order to be polite or to keep out the cold or heat, etc.",noun,clothing and appearance > hats shoes and accessories,nikl-2024-mirror,https://huggingface.co/datasets/binjang/NIKL-korean-english-dictionary/resolve/3b4cfd2126debfd5440cade3ef6c2a3c20cf7cf9/2024_01.csv#record=37512,NIKL source band: beginner; project heuristic TOPIK 1: core-spelling/basic-life-category rule; not an official per-grade list
ko-nikl-37560,목,,"The narrow part of the human or animal body that connects the head and the torso. / A deep opening inside the neck that leads to other parts inside the body. / The sound that comes out of the throat. / The part of an object that looks similar to the neck of an animal. / A place or street that is in a good location for business. / A narrow, important route or path for escape to which there is no alternative.",noun,people > body parts,nikl-2024-mirror,https://huggingface.co/datasets/binjang/NIKL-korean-english-dictionary/resolve/3b4cfd2126debfd5440cade3ef6c2a3c20cf7cf9/2024_01.csv#record=37560,NIKL source band: beginner; project heuristic TOPIK 1: core-spelling/basic-life-category rule; not an official per-grade list
ko-nikl-37586,목걸이,,"A piece of jewelry with a string of jewels, etc., worn around the neck.",noun,clothing and appearance > hats shoes and accessories,nikl-2024-mirror,https://huggingface.co/datasets/binjang/NIKL-korean-english-dictionary/resolve/3b4cfd2126debfd5440cade3ef6c2a3c20cf7cf9/2024_01.csv#record=37586,NIKL source band: beginner; project heuristic TOPIK 1: core-spelling/basic-life-category rule; not an official per-grade list
ko-nikl-37604,목도리,,An article of clothing worn around the neck to keep out the cold.,noun,clothing and appearance > hats shoes and accessories,nikl-2024-mirror,https://huggingface.co/datasets/binjang/NIKL-korean-english-dictionary/resolve/3b4cfd2126debfd5440cade3ef6c2a3c20cf7cf9/2024_01.csv#record=37604,NIKL source band: beginner; project heuristic TOPIK 1: core-spelling/basic-life-category rule; not an official per-grade list
ko-nikl-37640,목요일,,The fourth day of a week starting from Monday.,noun,concepts > time,nikl-2024-mirror,https://huggingface.co/datasets/binjang/NIKL-korean-english-dictionary/resolve/3b4cfd2126debfd5440cade3ef6c2a3c20cf7cf9/2024_01.csv#record=37640,NIKL source band: beginner; project heuristic TOPIK 1: core-spelling/basic-life-category rule; not an official per-grade list
ko-nikl-37641,목욕,,The act of washing the whole body with water.,noun,daily life > daily routines,nikl-2024-mirror,https://huggingface.co/datasets/binjang/NIKL-korean-english-dictionary/resolve/3b4cfd2126debfd5440cade3ef6c2a3c20cf7cf9/2024_01.csv#record=37641,NIKL source band: beginner; project heuristic TOPIK 1: core-spelling/basic-life-category rule; not an official per-grade list
ko-nikl-37645,목욕탕,,A facility or room for washing the whole body with water.,noun,housing > parts of a home,nikl-2024-mirror,https://huggingface.co/datasets/binjang/NIKL-korean-english-dictionary/resolve/3b4cfd2126debfd5440cade3ef6c2a3c20cf7cf9/2024_01.csv#record=37645,NIKL source band: beginner; project heuristic TOPIK 1: core-spelling/basic-life-category rule; not an official per-grade list
ko-nikl-37750,몸,,"The entire length of the human or animal body from the head to the feet, or its state. / The fundamental part of an object. / A status or a person of such status.",noun,people > body parts,nikl-2024-mirror,https://huggingface.co/datasets/binjang/NIKL-korean-english-dictionary/resolve/3b4cfd2126debfd5440cade3ef6c2a3c20cf7cf9/2024_01.csv#record=37750,NIKL source band: beginner; project heuristic TOPIK 1: core-spelling/basic-life-category rule; not an official per-grade list
ko-nikl-37811,못,,"The word that negates the action represented by the verb. / In a manner of not reaching a certain level or state or complying with a standard, or insufficiently.",adverb,general / source uncategorized,nikl-2024-mirror,https://huggingface.co/datasets/binjang/NIKL-korean-english-dictionary/resolve/3b4cfd2126debfd5440cade3ef6c2a3c20cf7cf9/2024_01.csv#record=37811,NIKL source band: beginner; project heuristic TOPIK 1: core-spelling/basic-life-category rule; not an official per-grade list
ko-nikl-37890,무,,"A white, forearm-sized vegetable that features feather-like leaves on its roots, used for making kimchi, etc.",noun,food > vegetables,nikl-2024-mirror,https://huggingface.co/datasets/binjang/NIKL-korean-english-dictionary/resolve/3b4cfd2126debfd5440cade3ef6c2a3c20cf7cf9/2024_01.csv#record=37890,NIKL source band: beginner; project heuristic TOPIK 1: core-spelling/basic-life-category rule; not an official per-grade list
ko-nikl-38020,무릎,,"The round, protruded part between the thigh and the calf.",noun,people > body parts,nikl-2024-mirror,https://huggingface.co/datasets/binjang/NIKL-korean-english-dictionary/resolve/3b4cfd2126debfd5440cade3ef6c2a3c20cf7cf9/2024_01.csv#record=38020,NIKL source band: beginner; project heuristic TOPIK 1: core-spelling/basic-life-category rule; not an official per-grade list
ko-nikl-38105,무슨,,"An expression used to ask about a business, subject or object that one is not sure of or does not exactly know. / An adjective used to refer to something unspecified. / An adjective used to emphasize one's dissatisfaction with something unexpected. / An adjective used to emphasize one's objection.",determiner,concepts > questions,nikl-2024-mirror,https://huggingface.co/datasets/binjang/NIKL-korean-english-dictionary/resolve/3b4cfd2126debfd5440cade3ef6c2a3c20cf7cf9/2024_01.csv#record=38105,NIKL source band: beginner; project heuristic TOPIK 1: core-spelling/basic-life-category rule; not an official per-grade list
ko-nikl-38146,무엇,,A word indicating an unknown fact or thing. / Anything; something,pronoun,concepts > questions,nikl-2024-mirror,https://huggingface.co/datasets/binjang/NIKL-korean-english-dictionary/resolve/3b4cfd2126debfd5440cade3ef6c2a3c20cf7cf9/2024_01.csv#record=38146,NIKL source band: beginner; project heuristic TOPIK 1: core-spelling/basic-life-category rule; not an official per-grade list
ko-nikl-38354,문,,An openable structure through which people go in and come out of a place; or put in or take out things. / A process that one must go through to achieve his/her goal.,noun,housing > parts of a home,nikl-2024-mirror,https://huggingface.co/datasets/binjang/NIKL-korean-english-dictionary/resolve/3b4cfd2126debfd5440cade3ef6c2a3c20cf7cf9/2024_01.csv#record=38354,NIKL source band: beginner; project heuristic TOPIK 1: core-spelling/basic-life-category rule; not an official per-grade list
ko-nikl-38465,문제,,"A question that demands an answer. / A matter that is the subject of a debate, discussion, or research. / A difficult matter that is awkward or difficult to solve. / A tiresome matter or trouble. / A matter that is related to something or an object.",noun,general / source uncategorized,nikl-2024-mirror,https://huggingface.co/datasets/binjang/NIKL-korean-english-dictionary/resolve/3b4cfd2126debfd5440cade3ef6c2a3c20cf7cf9/2024_01.csv#record=38465,NIKL source band: beginner; project heuristic TOPIK 1: core-spelling/basic-life-category rule; not an official per-grade list
ko-nikl-38551,물,,"A liquid that constitutes rivers, lakes, oceans, underground reservoirs, etc., a pure form of which is colorless, orderless, tasteless and transparent. / A lake, river, sea, etc. / Sea water whose level goes up and down periodically due to the gravitational pull of the moon, sun, etc. / The sap of a tree or the juice of a fruit. / (figurative) An experience or influence from a place, organization or object.",noun,food > drinks,nikl-2024-mirror,https://huggingface.co/datasets/binjang/NIKL-korean-english-dictionary/resolve/3b4cfd2126debfd5440cade3ef6c2a3c20cf7cf9/2024_01.csv#record=38551,NIKL source band: beginner; project heuristic TOPIK 1: core-spelling/basic-life-category rule; not an official per-grade list
ko-nikl-38773,뭐,,"A pronoun used to refer to a fact or object that one does not know of. / A pronoun used to refer to a subject that does not need to be specified or named. / A word used when the speaker is surprised at, laments, or regrets an unexpected thing or situation that happened, and emphasizes it.",pronoun,concepts > questions,nikl-2024-mirror,https://huggingface.co/datasets/binjang/NIKL-korean-english-dictionary/resolve/3b4cfd2126debfd5440cade3ef6c2a3c20cf7cf9/2024_01.csv#record=38773,NIKL source band: beginner; project heuristic TOPIK 1: core-spelling/basic-life-category rule; not an official per-grade list
ko-nikl-38849,미래,,"Time to come. / The act of indicating an event, action or state that comes into being after the present moment of speech or any other point of reference in time.",noun,concepts > time,nikl-2024-mirror,https://huggingface.co/datasets/binjang/NIKL-korean-english-dictionary/resolve/3b4cfd2126debfd5440cade3ef6c2a3c20cf7cf9/2024_01.csv#record=38849,NIKL source band: beginner; project heuristic TOPIK 1: core-spelling/basic-life-category rule; not an official per-grade list
ko-nikl-38867,미리,,Before something happens.,adverb,concepts > time,nikl-2024-mirror,https://huggingface.co/datasets/binjang/NIKL-korean-english-dictionary/resolve/3b4cfd2126debfd5440cade3ef6c2a3c20cf7cf9/2024_01.csv#record=38867,NIKL source band: beginner; project heuristic TOPIK 1: core-spelling/basic-life-category rule; not an official per-grade list
ko-nikl-38960,미역국,,Soup that is made with seaweed.,noun,food > dishes,nikl-2024-mirror,https://huggingface.co/datasets/binjang/NIKL-korean-english-dictionary/resolve/3b4cfd2126debfd5440cade3ef6c2a3c20cf7cf9/2024_01.csv#record=38960,NIKL source band: beginner; project heuristic TOPIK 1: core-spelling/basic-life-category rule; not an official per-grade list
ko-nikl-39011,미터,,A bound noun used as a unit of length.,bound noun,concepts > counters,nikl-2024-mirror,https://huggingface.co/datasets/binjang/NIKL-korean-english-dictionary/resolve/3b4cfd2126debfd5440cade3ef6c2a3c20cf7cf9/2024_01.csv#record=39011,NIKL source band: beginner; project heuristic TOPIK 1: core-spelling/basic-life-category rule; not an official per-grade list
ko-nikl-39151,밀가루,,Powder made by grinding wheat.,noun,food > ingredients,nikl-2024-mirror,https://huggingface.co/datasets/binjang/NIKL-korean-english-dictionary/resolve/3b4cfd2126debfd5440cade3ef6c2a3c20cf7cf9/2024_01.csv#record=39151,NIKL source band: beginner; project heuristic TOPIK 1: core-spelling/basic-life-category rule; not an official per-grade list
ko-nikl-39248,밑,,"The lower part of something. / An age, degree, status, etc., that is smaller or lower. / The state of being under a certain power, clout or influence. / The basis or foundation of something. / (slang) The anus or female genitalia. / A part that forms the bottom or lower part of something.",noun,concepts > location and direction,nikl-2024-mirror,https://huggingface.co/datasets/binjang/NIKL-korean-english-dictionary/resolve/3b4cfd2126debfd5440cade3ef6c2a3c20cf7cf9/2024_01.csv#record=39248,NIKL source band: beginner; project heuristic TOPIK 1: core-spelling/basic-life-category rule; not an official per-grade list
ko-nikl-39298,바깥,,The area outside. / The outside of a building where all sides and sky are not covered.,noun,concepts > location and direction,nikl-2024-mirror,https://huggingface.co/datasets/binjang/NIKL-korean-english-dictionary/resolve/3b4cfd2126debfd5440cade3ef6c2a3c20cf7cf9/2024_01.csv#record=39298,NIKL source band: beginner; project heuristic TOPIK 1: core-spelling/basic-life-category rule; not an official per-grade list
ko-nikl-39310,바나나,,"A long, curved tropical fruit which has yellow skin and soft, sweet white flesh, and peels easily.",noun,food > fruit,nikl-2024-mirror,https://huggingface.co/datasets/binjang/NIKL-korean-english-dictionary/resolve/3b4cfd2126debfd5440cade3ef6c2a3c20cf7cf9/2024_01.csv#record=39310,NIKL source band: beginner; project heuristic TOPIK 1: core-spelling/basic-life-category rule; not an official per-grade list
ko-nikl-39329,바닥,,"A broad, flat part that comprises the bottom of a space. / The bottom part of an object. / A region, place or field. / The bottom part of a building's inside space. / The deepest and most fundamental part that is invisible from the outside. / The state of stock prices that have declined significantly and stay extremely low.",noun,housing > parts of a home,nikl-2024-mirror,https://huggingface.co/datasets/binjang/NIKL-korean-english-dictionary/resolve/3b4cfd2126debfd5440cade3ef6c2a3c20cf7cf9/2024_01.csv#record=39329,NIKL source band: beginner; project heuristic TOPIK 1: core-spelling/basic-life-category rule; not an official per-grade list
ko-nikl-39374,바람,,"The movement of air that is caused by changes in atmospheric pressure or by a human or machine. / The air that is pumped into a hollow space such as the interior of a ball or tube. / The act of being secretly in love with someone of the opposite sex. / A short fad, atmosphere or ideological trend in society. / (slang) A disease that causes diziness, fainting, covulsion, etc., followed by paralysis. / The act of exaggerating something. / An unstable position that is susceptible to criticism or influence. / The act of inciting someone else to do something that he/she had no intention of doing. / (figurative) A mind that is carried away or a thought that has occurred. / The quality of being very quick.",noun,nature > weather and climate,nikl-2024-mirror,https://huggingface.co/datasets/binjang/NIKL-korean-english-dictionary/resolve/3b4cfd2126debfd5440cade3ef6c2a3c20cf7cf9/2024_01.csv#record=39374,NIKL source band: beginner; project heuristic TOPIK 1: core-spelling/basic-life-category rule; not an official per-grade list
ko-nikl-39401,바로,,"In a straight line without being curved or crooked. / As it is without falsity or fabrication. / In the manner of following the logic, principle, etc., of something. / In keeping with a certain method, standard, etc. / Immediately without delay. / Very closely in time or space. / Nothing else but.",adverb,concepts > shape,nikl-2024-mirror,https://huggingface.co/datasets/binjang/NIKL-korean-english-dictionary/resolve/3b4cfd2126debfd5440cade3ef6c2a3c20cf7cf9/2024_01.csv#record=39401,NIKL source band: beginner; project heuristic TOPIK 1: core-spelling/basic-life-category rule; not an official per-grade list
ko-nikl-39429,바쁘다,,Having no time to do other things because one has many things to do or has little time. / Being in a hurry. / Having no time to do other things because one is occupied with one thing. / Having little time between a certain act and another act.,descriptive verb,daily life > life circumstances,nikl-2024-mirror,https://huggingface.co/datasets/binjang/NIKL-korean-english-dictionary/resolve/3b4cfd2126debfd5440cade3ef6c2a3c20cf7cf9/2024_01.csv#record=39429,NIKL source band: beginner; project heuristic TOPIK 1: core-spelling/basic-life-category rule; not an official per-grade list
ko-nikl-39468,바지,,Clothes worn over the lower part of one's body with the upper part in one whole and the lower part divided into two so that one can put one's legs in each.,noun,clothing and appearance > types of clothing,nikl-2024-mirror,https://huggingface.co/datasets/binjang/NIKL-korean-english-dictionary/resolve/3b4cfd2126debfd5440cade3ef6c2a3c20cf7cf9/2024_01.csv#record=39468,NIKL source band: beginner; project heuristic TOPIK 1: core-spelling/basic-life-category rule; not an official per-grade list
ko-nikl-39559,밖,,The side beyond a line or boundary. / The external side or part of something. / The part that goes beyond a certain range or limit. / A space not enclosed by something. / A word indicating that no alternative exists to the state or action referred to by the preceding content.,noun,concepts > location and direction,nikl-2024-mirror,https://huggingface.co/datasets/binjang/NIKL-korean-english-dictionary/resolve/3b4cfd2126debfd5440cade3ef6c2a3c20cf7cf9/2024_01.csv#record=39559,NIKL source band: beginner; project heuristic TOPIK 1: core-spelling/basic-life-category rule; not an official per-grade list
ko-nikl-39563,반,,"A group of people organized for a specific purpose. / A group of students in the same school year, divided by section. / The unit for counting the number of class sections. / The smallest local administrative unit under 'tong' or village.",noun,education > school facilities,nikl-2024-mirror,https://huggingface.co/datasets/binjang/NIKL-korean-english-dictionary/resolve/3b4cfd2126debfd5440cade3ef6c2a3c20cf7cf9/2024_01.csv#record=39563,NIKL source band: beginner; project heuristic TOPIK 1: core-spelling/basic-life-category rule; not an official per-grade list
ko-nikl-39571,반갑다,,Joyful and happy as one meets a person that one missed.,descriptive verb,people > emotions,nikl-2024-mirror,https://huggingface.co/datasets/binjang/NIKL-korean-english-dictionary/resolve/3b4cfd2126debfd5440cade3ef6c2a3c20cf7cf9/2024_01.csv#record=39571,NIKL source band: beginner; project heuristic TOPIK 1: core-spelling/basic-life-category rule; not an official per-grade list
ko-nikl-39593,반대,,"A state in which something is completely different from another thing in its shape, position, direction, quality, etc. / The state of being against a certain behavior, opinion, etc., without following it.",noun,concepts > location and direction,nikl-2024-mirror,https://huggingface.co/datasets/binjang/NIKL-korean-english-dictionary/resolve/3b4cfd2126debfd5440cade3ef6c2a3c20cf7cf9/2024_01.csv#record=39593,NIKL source band: beginner; project heuristic TOPIK 1: core-spelling/basic-life-category rule; not an official per-grade list
ko-nikl-39652,반바지,,Short trousers that end at the knee or above.,noun,clothing and appearance > types of clothing,nikl-2024-mirror,https://huggingface.co/datasets/binjang/NIKL-korean-english-dictionary/resolve/3b4cfd2126debfd5440cade3ef6c2a3c20cf7cf9/2024_01.csv#record=39652,NIKL source band: beginner; project heuristic TOPIK 1: core-spelling/basic-life-category rule; not an official per-grade list
ko-nikl-39754,반지,,A round accessory for wearing on one's finger.,noun,clothing and appearance > hats shoes and accessories,nikl-2024-mirror,https://huggingface.co/datasets/binjang/NIKL-korean-english-dictionary/resolve/3b4cfd2126debfd5440cade3ef6c2a3c20cf7cf9/2024_01.csv#record=39754,NIKL source band: beginner; project heuristic TOPIK 1: core-spelling/basic-life-category rule; not an official per-grade list
ko-nikl-39774,반찬,,Food to eat with rice when having a meal.,noun,food > dishes,nikl-2024-mirror,https://huggingface.co/datasets/binjang/NIKL-korean-english-dictionary/resolve/3b4cfd2126debfd5440cade3ef6c2a3c20cf7cf9/2024_01.csv#record=39774,NIKL source band: beginner; project heuristic TOPIK 1: core-spelling/basic-life-category rule; not an official per-grade list
ko-nikl-39813,받다,,"To take something that someone else has given or sent. / To collect money or an item that someone else gives. / To be affected or influenced by someone else's behavior or psychological action. / To get a score or degree. / To buy in large quantity to resell to a number of people. / To catch with a hand something that falls from the sky or comes toward oneself. / To be affected by a situation. / To receive or be exposed to light, wind, etc. / To receive or respond to an action such as a request, application, inquiry, attack, signal, etc. / To have a decision or ruling imposed on oneself. / To be generous to a person when he/she acts like a baby or behaves strangely after drinking alcohol. / To receive or let in a person. / To be shot by a gun or hit by a sword, etc. / To sing or speak right after someone else speaks as kind of response. / To help a woman deliver a baby. / To collect the seed of a plant or the egg of an animal. / To purchase an alcoholic beverage, etc. / To let something that flows or falls into a container, etc. / For a color or shape to go well with something. / For food, etc. to be agreeable. / For makeup to stay. / To look better in a photo than in real life.",verb,social life > social activities,nikl-2024-mirror,https://huggingface.co/datasets/binjang/NIKL-korean-english-dictionary/resolve/3b4cfd2126debfd5440cade3ef6c2a3c20cf7cf9/2024_01.csv#record=39813,NIKL source band: beginner; project heuristic TOPIK 1: core-spelling/basic-life-category rule; not an official per-grade list
ko-nikl-39832,발,,"The bottom most part of a human's or animal's leg. / A short part that sticks out to support the bottom of a piece of furniture, etc., for balance. / (figurative) Walk / The unit of counting steps.",noun,people > body parts,nikl-2024-mirror,https://huggingface.co/datasets/binjang/NIKL-korean-english-dictionary/resolve/3b4cfd2126debfd5440cade3ef6c2a3c20cf7cf9/2024_01.csv#record=39832,NIKL source band: beginner; project heuristic TOPIK 1: core-spelling/basic-life-category rule; not an official per-grade list
ko-nikl-39869,발가락,,The front end part of one's foot that is divided into five sections.,noun,people > body parts,nikl-2024-mirror,https://huggingface.co/datasets/binjang/NIKL-korean-english-dictionary/resolve/3b4cfd2126debfd5440cade3ef6c2a3c20cf7cf9/2024_01.csv#record=39869,NIKL source band: beginner; project heuristic TOPIK 1: core-spelling/basic-life-category rule; not an official per-grade list
ko-nikl-39977,발바닥,,The flat underside of the foot that touches the ground when one is standing or walking.,noun,people > body parts,nikl-2024-mirror,https://huggingface.co/datasets/binjang/NIKL-korean-english-dictionary/resolve/3b4cfd2126debfd5440cade3ef6c2a3c20cf7cf9/2024_01.csv#record=39977,NIKL source band: beginner; project heuristic TOPIK 1: core-spelling/basic-life-category rule; not an official per-grade list
ko-nikl-40179,밤,,The period of dark hours from sunset to sunrise the next day.,noun,concepts > time,nikl-2024-mirror,https://huggingface.co/datasets/binjang/NIKL-korean-english-dictionary/resolve/3b4cfd2126debfd5440cade3ef6c2a3c20cf7cf9/2024_01.csv#record=40179,NIKL source band: beginner; project heuristic TOPIK 1: core-spelling/basic-life-category rule; not an official per-grade list
ko-nikl-40223,밥,,A dish made by boiling rice and other grains until the water has cooked away. / Food that is eaten at particular times of the day. / Food that animals eat. / Something that one should take possession of. / (figurative) Someone who is used or sacrificed by someone else.,noun,food > dishes,nikl-2024-mirror,https://huggingface.co/datasets/binjang/NIKL-korean-english-dictionary/resolve/3b4cfd2126debfd5440cade3ef6c2a3c20cf7cf9/2024_01.csv#record=40223,NIKL source band: beginner; project heuristic TOPIK 1: core-spelling/basic-life-category rule; not an official per-grade list
ko-nikl-40271,방,,A space enclosed by walls for residential or business purposes.,noun,housing > parts of a home,nikl-2024-mirror,https://huggingface.co/datasets/binjang/NIKL-korean-english-dictionary/resolve/3b4cfd2126debfd5440cade3ef6c2a3c20cf7cf9/2024_01.csv#record=40271,NIKL source band: beginner; project heuristic TOPIK 1: core-spelling/basic-life-category rule; not an official per-grade list
ko-nikl-40296,방금,,Just before the time of speaking. / Just at the time of speaking. / Right after the time of speaking.,adverb,concepts > time,nikl-2024-mirror,https://huggingface.co/datasets/binjang/NIKL-korean-english-dictionary/resolve/3b4cfd2126debfd5440cade3ef6c2a3c20cf7cf9/2024_01.csv#record=40296,NIKL source band: beginner; project heuristic TOPIK 1: core-spelling/basic-life-category rule; not an official per-grade list
ko-nikl-40295,방금,,The moment before one speaks. / The moment when one is speaking. / The moment after one has spoken.,noun,concepts > time,nikl-2024-mirror,https://huggingface.co/datasets/binjang/NIKL-korean-english-dictionary/resolve/3b4cfd2126debfd5440cade3ef6c2a3c20cf7cf9/2024_01.csv#record=40295,NIKL source band: beginner; project heuristic TOPIK 1: core-spelling/basic-life-category rule; not an official per-grade list
ko-nikl-40334,방문,,A door attached to the entrance of a room so that it can be opened or closed.,noun,housing > parts of a home,nikl-2024-mirror,https://huggingface.co/datasets/binjang/NIKL-korean-english-dictionary/resolve/3b4cfd2126debfd5440cade3ef6c2a3c20cf7cf9/2024_01.csv#record=40334,NIKL source band: beginner; project heuristic TOPIK 1: core-spelling/basic-life-category rule; not an official per-grade list
ko-nikl-40479,방학,,"A fixed period of suspension of classes after one semester of school, or such a period.",noun,general / source uncategorized,nikl-2024-mirror,https://huggingface.co/datasets/binjang/NIKL-korean-english-dictionary/resolve/3b4cfd2126debfd5440cade3ef6c2a3c20cf7cf9/2024_01.csv#record=40479,NIKL source band: beginner; project heuristic TOPIK 1: core-spelling/basic-life-category rule; not an official per-grade list
ko-nikl-40494,방향,,A side facing a certain spot or direction. / A direction toward which a certain thing advances to reach a goal.,noun,concepts > location and direction,nikl-2024-mirror,https://huggingface.co/datasets/binjang/NIKL-korean-english-dictionary/resolve/3b4cfd2126debfd5440cade3ef6c2a3c20cf7cf9/2024_01.csv#record=40494,NIKL source band: beginner; project heuristic TOPIK 1: core-spelling/basic-life-category rule; not an official per-grade list
ko-nikl-40520,배,,"The part between the chest and legs on the human or animal body. / The place where the digestive organs, such as the stomach and intestines, are located in the human or animal body. / The part in the female body where a baby is conceived. / The middle part of something. / The unit of counting the number of times an animal bears offspring or lays eggs.",noun,people > body parts,nikl-2024-mirror,https://huggingface.co/datasets/binjang/NIKL-korean-english-dictionary/resolve/3b4cfd2126debfd5440cade3ef6c2a3c20cf7cf9/2024_01.csv#record=40520,NIKL source band: beginner; project heuristic TOPIK 1: core-spelling/basic-life-category rule; not an official per-grade list
ko-nikl-40531,배,,"A means of transportation that travels on the water, carrying people or goods.",noun,social life > transport,nikl-2024-mirror,https://huggingface.co/datasets/binjang/NIKL-korean-english-dictionary/resolve/3b4cfd2126debfd5440cade3ef6c2a3c20cf7cf9/2024_01.csv#record=40531,NIKL source band: beginner; project heuristic TOPIK 1: core-spelling/basic-life-category rule; not an official per-grade list
ko-nikl-40532,배,,"A round sweet juicy fruit with yellow skin and white insides, which is produced in the fall.",noun,food > fruit,nikl-2024-mirror,https://huggingface.co/datasets/binjang/NIKL-korean-english-dictionary/resolve/3b4cfd2126debfd5440cade3ef6c2a3c20cf7cf9/2024_01.csv#record=40532,NIKL source band: beginner; project heuristic TOPIK 1: core-spelling/basic-life-category rule; not an official per-grade list
ko-nikl-40533,배,,A state of being twice as much in number or amount. / The unit indicating the number of instances by which a certain number or amount is multiplied,noun,concepts > counters,nikl-2024-mirror,https://huggingface.co/datasets/binjang/NIKL-korean-english-dictionary/resolve/3b4cfd2126debfd5440cade3ef6c2a3c20cf7cf9/2024_01.csv#record=40533,NIKL source band: beginner; project heuristic TOPIK 1: core-spelling/basic-life-category rule; not an official per-grade list
ko-nikl-40664,배우,,"A person who acts the part of a character in a movie, play, drama, etc.",noun,culture > cultural participants,nikl-2024-mirror,https://huggingface.co/datasets/binjang/NIKL-korean-english-dictionary/resolve/3b4cfd2126debfd5440cade3ef6c2a3c20cf7cf9/2024_01.csv#record=40664,NIKL source band: beginner; project heuristic TOPIK 1: core-spelling/basic-life-category rule; not an official per-grade list
ko-nikl-40665,배우다,,To obtain new knowledge. / To learn a new skill. / To imitate someone's behavior or attitude. / To find out something through an experience. / To have a new habit or practice.,verb,education > teaching and learning,nikl-2024-mirror,https://huggingface.co/datasets/binjang/NIKL-korean-english-dictionary/resolve/3b4cfd2126debfd5440cade3ef6c2a3c20cf7cf9/2024_01.csv#record=40665,NIKL source band: beginner; project heuristic TOPIK 1: core-spelling/basic-life-category rule; not an official per-grade list
ko-nikl-40691,배추,,"A long, green vegetable with yellowish white insides, of which the round leaves are grown overlapping each other, mainly used to make kimchi.",noun,food > vegetables,nikl-2024-mirror,https://huggingface.co/datasets/binjang/NIKL-korean-english-dictionary/resolve/3b4cfd2126debfd5440cade3ef6c2a3c20cf7cf9/2024_01.csv#record=40691,NIKL source band: beginner; project heuristic TOPIK 1: core-spelling/basic-life-category rule; not an official per-grade list
ko-nikl-40738,백,,Of the number that is the product of ten times ten.,determiner,concepts > numbers,nikl-2024-mirror,https://huggingface.co/datasets/binjang/NIKL-korean-english-dictionary/resolve/3b4cfd2126debfd5440cade3ef6c2a3c20cf7cf9/2024_01.csv#record=40738,NIKL source band: beginner; project heuristic TOPIK 1: core-spelling/basic-life-category rule; not an official per-grade list
ko-nikl-40737,백,,The number that is the product of ten times ten.,numeral,concepts > numbers,nikl-2024-mirror,https://huggingface.co/datasets/binjang/NIKL-korean-english-dictionary/resolve/3b4cfd2126debfd5440cade3ef6c2a3c20cf7cf9/2024_01.csv#record=40737,NIKL source band: beginner; project heuristic TOPIK 1: core-spelling/basic-life-category rule; not an official per-grade list
ko-nikl-40758,백만,,Being the number that is the product of one hundred times ten thousand.,determiner,concepts > numbers,nikl-2024-mirror,https://huggingface.co/datasets/binjang/NIKL-korean-english-dictionary/resolve/3b4cfd2126debfd5440cade3ef6c2a3c20cf7cf9/2024_01.csv#record=40758,NIKL source band: beginner; project heuristic TOPIK 1: core-spelling/basic-life-category rule; not an official per-grade list
ko-nikl-40757,백만,,The number that is the product of one hundred times ten thousand.,numeral,concepts > numbers,nikl-2024-mirror,https://huggingface.co/datasets/binjang/NIKL-korean-english-dictionary/resolve/3b4cfd2126debfd5440cade3ef6c2a3c20cf7cf9/2024_01.csv#record=40757,NIKL source band: beginner; project heuristic TOPIK 1: core-spelling/basic-life-category rule; not an official per-grade list
ko-nikl-40908,버릇,,A quality or action that has become accustomed to one's body because of repetition for a long period of time. / Manners that one needs to keep when dealing with a senior.,noun,daily life > daily routines,nikl-2024-mirror,https://huggingface.co/datasets/binjang/NIKL-korean-english-dictionary/resolve/3b4cfd2126debfd5440cade3ef6c2a3c20cf7cf9/2024_01.csv#record=40908,NIKL source band: beginner; project heuristic TOPIK 1: core-spelling/basic-life-category rule; not an official per-grade list
ko-nikl-40930,버스,,A large vehicle designed to carry passengers along a fixed route for a fare.,noun,social life > transport,nikl-2024-mirror,https://huggingface.co/datasets/binjang/NIKL-korean-english-dictionary/resolve/3b4cfd2126debfd5440cade3ef6c2a3c20cf7cf9/2024_01.csv#record=40930,NIKL source band: beginner; project heuristic TOPIK 1: core-spelling/basic-life-category rule; not an official per-grade list
ko-nikl-40947,번,,A bound noun used to indicate the sequence of a task. / A bound noun that serves as a unit for counting the frequency of a task. / A bound noun indicating the number assigned to a person or thing.,bound noun,concepts > counters,nikl-2024-mirror,https://huggingface.co/datasets/binjang/NIKL-korean-english-dictionary/resolve/3b4cfd2126debfd5440cade3ef6c2a3c20cf7cf9/2024_01.csv#record=40947,NIKL source band: beginner; project heuristic TOPIK 1: core-spelling/basic-life-category rule; not an official per-grade list
ko-nikl-41029,번째,,A bound noun indicating the order or frequency of something.,bound noun,concepts > counters,nikl-2024-mirror,https://huggingface.co/datasets/binjang/NIKL-korean-english-dictionary/resolve/3b4cfd2126debfd5440cade3ef6c2a3c20cf7cf9/2024_01.csv#record=41029,NIKL source band: beginner; project heuristic TOPIK 1: core-spelling/basic-life-category rule; not an official per-grade list
ko-nikl-41043,번호,,A numeral given to distinguish something from another or show a fixed order.,noun,concepts > counters,nikl-2024-mirror,https://huggingface.co/datasets/binjang/NIKL-korean-english-dictionary/resolve/3b4cfd2126debfd5440cade3ef6c2a3c20cf7cf9/2024_01.csv#record=41043,NIKL source band: beginner; project heuristic TOPIK 1: core-spelling/basic-life-category rule; not an official per-grade list
ko-nikl-41054,벌,,"A bound noun that serves as a unit for counting the number of clothes. / A bound noun that serves as a unit for counting the number of groups of two or more pieces of clothing, dishes, etc.",bound noun,concepts > counters,nikl-2024-mirror,https://huggingface.co/datasets/binjang/NIKL-korean-english-dictionary/resolve/3b4cfd2126debfd5440cade3ef6c2a3c20cf7cf9/2024_01.csv#record=41054,NIKL source band: beginner; project heuristic TOPIK 1: core-spelling/basic-life-category rule; not an official per-grade list
ko-nikl-41097,벌써,,More quickly than one thought. / Already a long time ago.,adverb,concepts > time,nikl-2024-mirror,https://huggingface.co/datasets/binjang/NIKL-korean-english-dictionary/resolve/3b4cfd2126debfd5440cade3ef6c2a3c20cf7cf9/2024_01.csv#record=41097,NIKL source band: beginner; project heuristic TOPIK 1: core-spelling/basic-life-category rule; not an official per-grade list
ko-nikl-05255,벗다,,"To have an object, clothes, etc., taken off one's body. / To have the bag, luggage, etc., that has been put over one's back taken off one's body. / For an animal to change into new slough, skin, hair, etc. / To become free from one's duty, obligations, job title, etc. / To be freed from false accusation or misunderstanding. / To eliminate hatred, distrust, etc. / To not bear a difficult position or situation, painful state, etc. / To correct and get rid of an immature attitude, bad habit, etc. / (figurative) To resign from a position or job title.",verb,clothing and appearance > dressing,nikl-2024-mirror,https://huggingface.co/datasets/binjang/NIKL-korean-english-dictionary/resolve/3b4cfd2126debfd5440cade3ef6c2a3c20cf7cf9/2024_01.csv#record=5255,NIKL source band: beginner; project heuristic TOPIK 1: core-spelling/basic-life-category rule; not an official per-grade list
ko-nikl-05361,벽,,Any of the parts that enclose a room or house. / (figurative) A reality or situation that is hard to overcome. / (figurative) The state of a relationship or exchange being severed or discontinued.,noun,housing > parts of a home,nikl-2024-mirror,https://huggingface.co/datasets/binjang/NIKL-korean-english-dictionary/resolve/3b4cfd2126debfd5440cade3ef6c2a3c20cf7cf9/2024_01.csv#record=5361,NIKL source band: beginner; project heuristic TOPIK 1: core-spelling/basic-life-category rule; not an official per-grade list
ko-nikl-05566,병,,The abnormal state of a living organism's body that hinders normal activities and causes pain. / The word meaning 'illness.' / A deep-rooted mistake or flaw.,noun,daily life > illness and symptoms,nikl-2024-mirror,https://huggingface.co/datasets/binjang/NIKL-korean-english-dictionary/resolve/3b4cfd2126debfd5440cade3ef6c2a3c20cf7cf9/2024_01.csv#record=5566,NIKL source band: beginner; project heuristic TOPIK 1: core-spelling/basic-life-category rule; not an official per-grade list
ko-nikl-05569,병,,"A container with a long, narrow neck, used mainly for holding liquid or powder. / A unit for counting the number of containers holding liquid or powder, etc. / A word usually attached to another noun, meaning a 'container for holding something.'",noun,concepts > counters,nikl-2024-mirror,https://huggingface.co/datasets/binjang/NIKL-korean-english-dictionary/resolve/3b4cfd2126debfd5440cade3ef6c2a3c20cf7cf9/2024_01.csv#record=5569,NIKL source band: beginner; project heuristic TOPIK 1: core-spelling/basic-life-category rule; not an official per-grade list
ko-nikl-05623,병원,,A place equipped with facilities where doctors and nurses care for the sick.,noun,daily life > health facilities,nikl-2024-mirror,https://huggingface.co/datasets/binjang/NIKL-korean-english-dictionary/resolve/3b4cfd2126debfd5440cade3ef6c2a3c20cf7cf9/2024_01.csv#record=5623,NIKL source band: beginner; project heuristic TOPIK 1: core-spelling/basic-life-category rule; not an official per-grade list
ko-nikl-05696,보내다,,"To make a person, goods, etc., go somewhere else. / To send someone on a certain mission or for a specific purpose. / To marry off someone. / To have someone belong to an organization. / To express one's feelings so that the other person can know. / To have someone leave. / To have time pass. / To die and part with someone. / To have someone participate in a sports game, gathering, etc. / To have content conveyed.",verb,social life > social activities,nikl-2024-mirror,https://huggingface.co/datasets/binjang/NIKL-korean-english-dictionary/resolve/3b4cfd2126debfd5440cade3ef6c2a3c20cf7cf9/2024_01.csv#record=5696,NIKL source band: beginner; project heuristic TOPIK 1: core-spelling/basic-life-category rule; not an official per-grade list
ko-nikl-05708,보다,,"More than, when compared to something.",adverb,concepts > degree,nikl-2024-mirror,https://huggingface.co/datasets/binjang/NIKL-korean-english-dictionary/resolve/3b4cfd2126debfd5440cade3ef6c2a3c20cf7cf9/2024_01.csv#record=5708,NIKL source band: beginner; project heuristic TOPIK 1: core-spelling/basic-life-category rule; not an official per-grade list
ko-nikl-05699,보다,,"To perceive with eyes the existence or appearance of an object. / To enjoy or appreciate an object with eyes. / To read and understand the words, pictures and symbols in a book, newspaper, map, etc. / To inspect an object to understand its content or state. / To meet a person for a purpose. / To watch out for or take care of something. / To perceive and assess an incident or situation. / To try to predict the future or fate by fortune-telling and etc. / To take a test to assess one's knowledge or ability. / To work on or handle a task. / To achieve certain results. / To prepare a dining table, spleeping place, etc. / (euphemism) To defecate or urinate. / To have as a new family member. / To suffer, experience or gain something. / For a doctor to examine a patient. / To receive and read a newspaper or magazine regularly. / To eat a small amount to distinguish a flavor. / To reveal and talk about somone else's shortcomings, etc. / To notice someone else's shortcomings or weaknesses. / To see if it's the right opportunity, moment or time. / To take a careful look at something before deciding to buy it. / To purchase something at a market. / To judge based on evidence. / To direct one's action towards something. / To take into account someone else's situation. / To desire or depend on. / To meet a person. / To attend a service at a Christian church. / To evaluate or assess.",verb,education > teaching and learning,nikl-2024-mirror,https://huggingface.co/datasets/binjang/NIKL-korean-english-dictionary/resolve/3b4cfd2126debfd5440cade3ef6c2a3c20cf7cf9/2024_01.csv#record=5699,NIKL source band: beginner; project heuristic TOPIK 1: core-spelling/basic-life-category rule; not an official per-grade list
ko-nikl-05727,보라색,,A mixed color of red and blue.,noun,concepts > colors,nikl-2024-mirror,https://huggingface.co/datasets/binjang/NIKL-korean-english-dictionary/resolve/3b4cfd2126debfd5440cade3ef6c2a3c20cf7cf9/2024_01.csv#record=5727,NIKL source band: beginner; project heuristic TOPIK 1: core-spelling/basic-life-category rule; not an official per-grade list
ko-nikl-05887,보통,,"Generally, or normally.",adverb,general / source uncategorized,nikl-2024-mirror,https://huggingface.co/datasets/binjang/NIKL-korean-english-dictionary/resolve/3b4cfd2126debfd5440cade3ef6c2a3c20cf7cf9/2024_01.csv#record=5887,NIKL source band: beginner; project heuristic TOPIK 1: core-spelling/basic-life-category rule; not an official per-grade list
ko-nikl-05885,보통,,"The quality of being common and ordinary as opposed to extraordinary, or being average as opposed to excellent or sub-par.",noun,general / source uncategorized,nikl-2024-mirror,https://huggingface.co/datasets/binjang/NIKL-korean-english-dictionary/resolve/3b4cfd2126debfd5440cade3ef6c2a3c20cf7cf9/2024_01.csv#record=5885,NIKL source band: beginner; project heuristic TOPIK 1: core-spelling/basic-life-category rule; not an official per-grade list
ko-nikl-06060,볶다,,"To drain most of water from ingredients, put them in a frying pan, and cook them over heat while stirring continuously. / To irritate another person by pressing him/her annoyingly. / (slang) To get a perm to make hair curly.",verb,food > eating and cooking,nikl-2024-mirror,https://huggingface.co/datasets/binjang/NIKL-korean-english-dictionary/resolve/3b4cfd2126debfd5440cade3ef6c2a3c20cf7cf9/2024_01.csv#record=6060,NIKL source band: beginner; project heuristic TOPIK 1: core-spelling/basic-life-category rule; not an official per-grade list
ko-nikl-06063,볶음밥,,A dish made by stir-frying rice with sliced vegetables or meat in oil.,noun,food > dishes,nikl-2024-mirror,https://huggingface.co/datasets/binjang/NIKL-korean-english-dictionary/resolve/3b4cfd2126debfd5440cade3ef6c2a3c20cf7cf9/2024_01.csv#record=6063,NIKL source band: beginner; project heuristic TOPIK 1: core-spelling/basic-life-category rule; not an official per-grade list
ko-nikl-06185,볼펜,,A writing instrument which disperses ink by using the rotation of a small metal ball at its point when it moves.,noun,education > learning materials,nikl-2024-mirror,https://huggingface.co/datasets/binjang/NIKL-korean-english-dictionary/resolve/3b4cfd2126debfd5440cade3ef6c2a3c20cf7cf9/2024_01.csv#record=6185,NIKL source band: beginner; project heuristic TOPIK 1: core-spelling/basic-life-category rule; not an official per-grade list
ko-nikl-06189,봄,,The season between winter and summer. / (figurative) A time of new hope after a period of difficulties and hardships. / (figurative) The best time of one's life.,noun,concepts > time,nikl-2024-mirror,https://huggingface.co/datasets/binjang/NIKL-korean-english-dictionary/resolve/3b4cfd2126debfd5440cade3ef6c2a3c20cf7cf9/2024_01.csv#record=6189,NIKL source band: beginner; project heuristic TOPIK 1: core-spelling/basic-life-category rule; not an official per-grade list
ko-nikl-06261,봉투,,"A bag made of paper, into which a letter, document, etc., are put.",noun,education > learning materials,nikl-2024-mirror,https://huggingface.co/datasets/binjang/NIKL-korean-english-dictionary/resolve/3b4cfd2126debfd5440cade3ef6c2a3c20cf7cf9/2024_01.csv#record=6261,NIKL source band: beginner; project heuristic TOPIK 1: core-spelling/basic-life-category rule; not an official per-grade list
ko-nikl-06440,부모님,,"(polite form) Someone's parents, including one's own.",noun,daily life > family relationships,nikl-2024-mirror,https://huggingface.co/datasets/binjang/NIKL-korean-english-dictionary/resolve/3b4cfd2126debfd5440cade3ef6c2a3c20cf7cf9/2024_01.csv#record=6440,NIKL source band: beginner; project heuristic TOPIK 1: core-spelling/basic-life-category rule; not an official per-grade list
ko-nikl-06444,부부,,Husband and wife.,noun,daily life > family relationships,nikl-2024-mirror,https://huggingface.co/datasets/binjang/NIKL-korean-english-dictionary/resolve/3b4cfd2126debfd5440cade3ef6c2a3c20cf7cf9/2024_01.csv#record=6444,NIKL source band: beginner; project heuristic TOPIK 1: core-spelling/basic-life-category rule; not an official per-grade list
ko-nikl-06536,부엌,,"An area in a house where meal-related work such as cooking, dishwashing, etc., is done.",noun,food > food venues,nikl-2024-mirror,https://huggingface.co/datasets/binjang/NIKL-korean-english-dictionary/resolve/3b4cfd2126debfd5440cade3ef6c2a3c20cf7cf9/2024_01.csv#record=6536,NIKL source band: beginner; project heuristic TOPIK 1: core-spelling/basic-life-category rule; not an official per-grade list
ko-nikl-06563,부인,,(polite form) Another man's wife.,noun,daily life > family relationships,nikl-2024-mirror,https://huggingface.co/datasets/binjang/NIKL-korean-english-dictionary/resolve/3b4cfd2126debfd5440cade3ef6c2a3c20cf7cf9/2024_01.csv#record=6563,NIKL source band: beginner; project heuristic TOPIK 1: core-spelling/basic-life-category rule; not an official per-grade list
ko-nikl-06791,북쪽,,"One of the four points of the compass, the direction that N points to. / Another term for North Korea, used to differentiate it from South Korea.",noun,concepts > location and direction,nikl-2024-mirror,https://huggingface.co/datasets/binjang/NIKL-korean-english-dictionary/resolve/3b4cfd2126debfd5440cade3ef6c2a3c20cf7cf9/2024_01.csv#record=6791,NIKL source band: beginner; project heuristic TOPIK 1: core-spelling/basic-life-category rule; not an official per-grade list
ko-nikl-06802,분,,A bound noun that is an honorific term of addressing another person. / A bound noun that is an honorific form of a unit for counting the number of persons.,bound noun,concepts > counters,nikl-2024-mirror,https://huggingface.co/datasets/binjang/NIKL-korean-english-dictionary/resolve/3b4cfd2126debfd5440cade3ef6c2a3c20cf7cf9/2024_01.csv#record=6802,NIKL source band: beginner; project heuristic TOPIK 1: core-spelling/basic-life-category rule; not an official per-grade list
ko-nikl-06807,분,,"A bound noun indicating a unit of time, which is one-sixtieth of an hour.",bound noun,concepts > counters,nikl-2024-mirror,https://huggingface.co/datasets/binjang/NIKL-korean-english-dictionary/resolve/3b4cfd2126debfd5440cade3ef6c2a3c20cf7cf9/2024_01.csv#record=6807,NIKL source band: beginner; project heuristic TOPIK 1: core-spelling/basic-life-category rule; not an official per-grade list
ko-nikl-06909,분식,,Food made of flour.,noun,food > dishes,nikl-2024-mirror,https://huggingface.co/datasets/binjang/NIKL-korean-english-dictionary/resolve/3b4cfd2126debfd5440cade3ef6c2a3c20cf7cf9/2024_01.csv#record=6909,NIKL source band: beginner; project heuristic TOPIK 1: core-spelling/basic-life-category rule; not an official per-grade list
ko-nikl-06995,분홍색,,A mixed color of white and red.,noun,concepts > colors,nikl-2024-mirror,https://huggingface.co/datasets/binjang/NIKL-korean-english-dictionary/resolve/3b4cfd2126debfd5440cade3ef6c2a3c20cf7cf9/2024_01.csv#record=6995,NIKL source band: beginner; project heuristic TOPIK 1: core-spelling/basic-life-category rule; not an official per-grade list
ko-nikl-07002,불,,The act of a substance burning while emitting light and heat. / A calamity or disaster where houses or possessions are burnt. / A substance that gives out light and drives out darkness. / (figurative) A passionate and strong feeling like a burning flame.,noun,housing > housework,nikl-2024-mirror,https://huggingface.co/datasets/binjang/NIKL-korean-english-dictionary/resolve/3b4cfd2126debfd5440cade3ef6c2a3c20cf7cf9/2024_01.csv#record=7002,NIKL source band: beginner; project heuristic TOPIK 1: core-spelling/basic-life-category rule; not an official per-grade list
ko-nikl-07059,불고기,,barbequed beef: Traditional Korean food made by roasting seasoned slices of pork or beef.,noun,food > dishes,nikl-2024-mirror,https://huggingface.co/datasets/binjang/NIKL-korean-english-dictionary/resolve/3b4cfd2126debfd5440cade3ef6c2a3c20cf7cf9/2024_01.csv#record=7059,NIKL source band: beginner; project heuristic TOPIK 1: core-spelling/basic-life-category rule; not an official per-grade list
ko-nikl-07387,붉다,,The color of something being like that of blood or a ripe chili pepper.,descriptive verb,concepts > colors,nikl-2024-mirror,https://huggingface.co/datasets/binjang/NIKL-korean-english-dictionary/resolve/3b4cfd2126debfd5440cade3ef6c2a3c20cf7cf9/2024_01.csv#record=7387,NIKL source band: beginner; project heuristic TOPIK 1: core-spelling/basic-life-category rule; not an official per-grade list
ko-nikl-07427,블라우스,,A billowy shirt worn by women with a smooth texture.,noun,clothing and appearance > types of clothing,nikl-2024-mirror,https://huggingface.co/datasets/binjang/NIKL-korean-english-dictionary/resolve/3b4cfd2126debfd5440cade3ef6c2a3c20cf7cf9/2024_01.csv#record=7427,NIKL source band: beginner; project heuristic TOPIK 1: core-spelling/basic-life-category rule; not an official per-grade list
ko-nikl-07431,비,,"Water drops generated from cloud-forming vapors high in the sky that get cold, condense, and fall.",noun,nature > weather and climate,nikl-2024-mirror,https://huggingface.co/datasets/binjang/NIKL-korean-english-dictionary/resolve/3b4cfd2126debfd5440cade3ef6c2a3c20cf7cf9/2024_01.csv#record=7431,NIKL source band: beginner; project heuristic TOPIK 1: core-spelling/basic-life-category rule; not an official per-grade list
ko-nikl-07473,비누,,A substance that one uses for removing dirt on the body or clothing by lathering with water.,noun,housing > household goods,nikl-2024-mirror,https://huggingface.co/datasets/binjang/NIKL-korean-english-dictionary/resolve/3b4cfd2126debfd5440cade3ef6c2a3c20cf7cf9/2024_01.csv#record=7473,NIKL source band: beginner; project heuristic TOPIK 1: core-spelling/basic-life-category rule; not an official per-grade list
ko-nikl-07535,비빔밥,,"Rice topped with sliced meat, mushrooms, eggs, namul, seasoned vegetables, some seasonings, etc., of which all the ingredients are stirred before eating.",noun,food > dishes,nikl-2024-mirror,https://huggingface.co/datasets/binjang/NIKL-korean-english-dictionary/resolve/3b4cfd2126debfd5440cade3ef6c2a3c20cf7cf9/2024_01.csv#record=7535,NIKL source band: beginner; project heuristic TOPIK 1: core-spelling/basic-life-category rule; not an official per-grade list
ko-nikl-07564,비싸다,,"The price of an object or the cost to do something being higher than the average. / Arrogant, not readily accepting someone's request. / A cost for something exceeding the average level. / The value of something being higher than the average.",descriptive verb,economy > economic conditions,nikl-2024-mirror,https://huggingface.co/datasets/binjang/NIKL-korean-english-dictionary/resolve/3b4cfd2126debfd5440cade3ef6c2a3c20cf7cf9/2024_01.csv#record=7564,NIKL source band: beginner; project heuristic TOPIK 1: core-spelling/basic-life-category rule; not an official per-grade list
ko-nikl-07700,비행기,,A flying vehicle that carries passengers and cargo.,noun,social life > transport,nikl-2024-mirror,https://huggingface.co/datasets/binjang/NIKL-korean-english-dictionary/resolve/3b4cfd2126debfd5440cade3ef6c2a3c20cf7cf9/2024_01.csv#record=7700,NIKL source band: beginner; project heuristic TOPIK 1: core-spelling/basic-life-category rule; not an official per-grade list
ko-nikl-07856,빠르다,,Taking a short time to accomplish certain actions. / The time taken to move from one place to another place being short. / The time taken for something to be achieved being short. / Something being ahead of another thing in time. / More time being needed to do something.,descriptive verb,concepts > speed,nikl-2024-mirror,https://huggingface.co/datasets/binjang/NIKL-korean-english-dictionary/resolve/3b4cfd2126debfd5440cade3ef6c2a3c20cf7cf9/2024_01.csv#record=7856,NIKL source band: beginner; project heuristic TOPIK 1: core-spelling/basic-life-category rule; not an official per-grade list
ko-nikl-07885,빨간색,,"A red color like that of blood, or a ripe apple or red pepper.",noun,concepts > colors,nikl-2024-mirror,https://huggingface.co/datasets/binjang/NIKL-korean-english-dictionary/resolve/3b4cfd2126debfd5440cade3ef6c2a3c20cf7cf9/2024_01.csv#record=7885,NIKL source band: beginner; project heuristic TOPIK 1: core-spelling/basic-life-category rule; not an official per-grade list
ko-nikl-07887,빨갛다,,Brightly deep red like the color of blood or a ripe chili pepper.,descriptive verb,concepts > colors,nikl-2024-mirror,https://huggingface.co/datasets/binjang/NIKL-korean-english-dictionary/resolve/3b4cfd2126debfd5440cade3ef6c2a3c20cf7cf9/2024_01.csv#record=7887,NIKL source band: beginner; project heuristic TOPIK 1: core-spelling/basic-life-category rule; not an official per-grade list
ko-nikl-07891,빨다,,"To put clothes, etc., in water and rub them with one's hands, or remove dirt on them by using a washing machine.",verb,housing > housework,nikl-2024-mirror,https://huggingface.co/datasets/binjang/NIKL-korean-english-dictionary/resolve/3b4cfd2126debfd5440cade3ef6c2a3c20cf7cf9/2024_01.csv#record=7891,NIKL source band: beginner; project heuristic TOPIK 1: core-spelling/basic-life-category rule; not an official per-grade list
ko-nikl-07894,빨래,,"An act of washing dirty clothes, cloths, etc., in water. / Something that must be washed or that have already been washed.",noun,housing > housework,nikl-2024-mirror,https://huggingface.co/datasets/binjang/NIKL-korean-english-dictionary/resolve/3b4cfd2126debfd5440cade3ef6c2a3c20cf7cf9/2024_01.csv#record=7894,NIKL source band: beginner; project heuristic TOPIK 1: core-spelling/basic-life-category rule; not an official per-grade list
ko-nikl-07903,빨리,,In a short duration of time.,adverb,concepts > speed,nikl-2024-mirror,https://huggingface.co/datasets/binjang/NIKL-korean-english-dictionary/resolve/3b4cfd2126debfd5440cade3ef6c2a3c20cf7cf9/2024_01.csv#record=7903,NIKL source band: beginner; project heuristic TOPIK 1: core-spelling/basic-life-category rule; not an official per-grade list
ko-nikl-07920,빵,,Food made by baking or steaming fermented dough. / (figurative) Food needed for living.,noun,food > dishes,nikl-2024-mirror,https://huggingface.co/datasets/binjang/NIKL-korean-english-dictionary/resolve/3b4cfd2126debfd5440cade3ef6c2a3c20cf7cf9/2024_01.csv#record=7920,NIKL source band: beginner; project heuristic TOPIK 1: core-spelling/basic-life-category rule; not an official per-grade list
ko-nikl-07927,빵집,,A shop that bakes and sells bread.,noun,food > food venues,nikl-2024-mirror,https://huggingface.co/datasets/binjang/NIKL-korean-english-dictionary/resolve/3b4cfd2126debfd5440cade3ef6c2a3c20cf7cf9/2024_01.csv#record=7927,NIKL source band: beginner; project heuristic TOPIK 1: core-spelling/basic-life-category rule; not an official per-grade list
ko-nikl-07936,빼다,,"To take out something that is inside or lodged in something else. / To remove or take away a part from the whole. / To roll something into a long shape. / To withdraw savings or get back the deposit. / To vacate a leased residence like a rented home. / To cause the air, water, wind, etc., contained in a place to come out. / To remove a stain or smudge by washing or rinsing. / To cause power, energy, etc., in the body to disappear. / To reduce fat, weight, etc. / To stretch out one's neck or tongue. / To speak or sing by stretching out the word or note. / To inherit exactly the same appearance, characteristics, etc.",verb,concepts > numbers,nikl-2024-mirror,https://huggingface.co/datasets/binjang/NIKL-korean-english-dictionary/resolve/3b4cfd2126debfd5440cade3ef6c2a3c20cf7cf9/2024_01.csv#record=7936,NIKL source band: beginner; project heuristic TOPIK 1: core-spelling/basic-life-category rule; not an official per-grade list
ko-nikl-08151,사,,Being number four. / Constituting number four in a series.,determiner,concepts > numbers,nikl-2024-mirror,https://huggingface.co/datasets/binjang/NIKL-korean-english-dictionary/resolve/3b4cfd2126debfd5440cade3ef6c2a3c20cf7cf9/2024_01.csv#record=8151,NIKL source band: beginner; project heuristic TOPIK 1: core-spelling/basic-life-category rule; not an official per-grade list
ko-nikl-08149,사,,The number that is the sum of three and one.,numeral,concepts > numbers,nikl-2024-mirror,https://huggingface.co/datasets/binjang/NIKL-korean-english-dictionary/resolve/3b4cfd2126debfd5440cade3ef6c2a3c20cf7cf9/2024_01.csv#record=8149,NIKL source band: beginner; project heuristic TOPIK 1: core-spelling/basic-life-category rule; not an official per-grade list
ko-nikl-08166,사거리,,A place where four roads meet.,noun,social life > transport facilities,nikl-2024-mirror,https://huggingface.co/datasets/binjang/NIKL-korean-english-dictionary/resolve/3b4cfd2126debfd5440cade3ef6c2a3c20cf7cf9/2024_01.csv#record=8166,NIKL source band: beginner; project heuristic TOPIK 1: core-spelling/basic-life-category rule; not an official per-grade list
ko-nikl-08174,사계절,,"Four seasons that are spring, summer, fall, and winter.",noun,concepts > time,nikl-2024-mirror,https://huggingface.co/datasets/binjang/NIKL-korean-english-dictionary/resolve/3b4cfd2126debfd5440cade3ef6c2a3c20cf7cf9/2024_01.csv#record=8174,NIKL source band: beginner; project heuristic TOPIK 1: core-spelling/basic-life-category rule; not an official per-grade list
ko-nikl-08175,사고,,An unfortunate affair that happens unexpectedly. / A bad thing that does harm to others or causes a problem,noun,social life > travel actions,nikl-2024-mirror,https://huggingface.co/datasets/binjang/NIKL-korean-english-dictionary/resolve/3b4cfd2126debfd5440cade3ef6c2a3c20cf7cf9/2024_01.csv#record=8175,NIKL source band: beginner; project heuristic TOPIK 1: core-spelling/basic-life-category rule; not an official per-grade list
ko-nikl-08183,사과,,A round-shaped sweet and sour fruit with red skin.,noun,food > fruit,nikl-2024-mirror,https://huggingface.co/datasets/binjang/NIKL-korean-english-dictionary/resolve/3b4cfd2126debfd5440cade3ef6c2a3c20cf7cf9/2024_01.csv#record=8183,NIKL source band: beginner; project heuristic TOPIK 1: core-spelling/basic-life-category rule; not an official per-grade list
ko-nikl-08234,사다,,"To get ownership of an item, right, etc., by paying for it. / To recognize the value of a person or work. / To pay someone to get help from him/her. / To cause someone to develop certain feelings. / To pay for someone's food after you both ate together.",verb,economy > economic activities,nikl-2024-mirror,https://huggingface.co/datasets/binjang/NIKL-korean-english-dictionary/resolve/3b4cfd2126debfd5440cade3ef6c2a3c20cf7cf9/2024_01.csv#record=8234,NIKL source band: beginner; project heuristic TOPIK 1: core-spelling/basic-life-category rule; not an official per-grade list
ko-nikl-08256,사람,,"A being that is capable of thinking, makes and uses languages and tools and lives by forming a society with others. / A person who belongs to a region, family, organization, etc. / A being that has certain qualifications or character. / The personality or character of a person. / The word that is used to refer to or call a person that one feels close to. / The word that refers to an unspecified person other than oneself. / An extraordinary person. / A worker or a person hired to work on a project or assignment. / The unit of counting the number of people.",noun,people > types of people,nikl-2024-mirror,https://huggingface.co/datasets/binjang/NIKL-korean-english-dictionary/resolve/3b4cfd2126debfd5440cade3ef6c2a3c20cf7cf9/2024_01.csv#record=8256,NIKL source band: beginner; project heuristic TOPIK 1: core-spelling/basic-life-category rule; not an official per-grade list
ko-nikl-08432,사십,,Being number forty. / Constituting number forty in a series.,determiner,concepts > numbers,nikl-2024-mirror,https://huggingface.co/datasets/binjang/NIKL-korean-english-dictionary/resolve/3b4cfd2126debfd5440cade3ef6c2a3c20cf7cf9/2024_01.csv#record=8432,NIKL source band: beginner; project heuristic TOPIK 1: core-spelling/basic-life-category rule; not an official per-grade list
ko-nikl-08431,사십,,The number that is the product of four times ten.,numeral,concepts > numbers,nikl-2024-mirror,https://huggingface.co/datasets/binjang/NIKL-korean-english-dictionary/resolve/3b4cfd2126debfd5440cade3ef6c2a3c20cf7cf9/2024_01.csv#record=8431,NIKL source band: beginner; project heuristic TOPIK 1: core-spelling/basic-life-category rule; not an official per-grade list
ko-nikl-08467,사월,,"The fourth month of a year, out of twelve months.",noun,concepts > time,nikl-2024-mirror,https://huggingface.co/datasets/binjang/NIKL-korean-english-dictionary/resolve/3b4cfd2126debfd5440cade3ef6c2a3c20cf7cf9/2024_01.csv#record=8467,NIKL source band: beginner; project heuristic TOPIK 1: core-spelling/basic-life-category rule; not an official per-grade list
ko-nikl-08489,사이,,"The distance or space between one object and another, or between one place and another. / The period between one point in time and another. / Time or leisure to do something. / A mutual relationship or the degree of emotional bond in a relationship.",noun,concepts > location and direction,nikl-2024-mirror,https://huggingface.co/datasets/binjang/NIKL-korean-english-dictionary/resolve/3b4cfd2126debfd5440cade3ef6c2a3c20cf7cf9/2024_01.csv#record=8489,NIKL source band: beginner; project heuristic TOPIK 1: core-spelling/basic-life-category rule; not an official per-grade list
ko-nikl-08491,사이다,,A soft drink made by mixing soda with sweetened water.,noun,food > drinks,nikl-2024-mirror,https://huggingface.co/datasets/binjang/NIKL-korean-english-dictionary/resolve/3b4cfd2126debfd5440cade3ef6c2a3c20cf7cf9/2024_01.csv#record=8491,NIKL source band: beginner; project heuristic TOPIK 1: core-spelling/basic-life-category rule; not an official per-grade list
ko-nikl-08522,사전,,"A book that lists a number of words in a certain order, and explains their pronunciation, meaning, origin, usage, etc.",noun,education > learning materials,nikl-2024-mirror,https://huggingface.co/datasets/binjang/NIKL-korean-english-dictionary/resolve/3b4cfd2126debfd5440cade3ef6c2a3c20cf7cf9/2024_01.csv#record=8522,NIKL source band: beginner; project heuristic TOPIK 1: core-spelling/basic-life-category rule; not an official per-grade list
ko-nikl-08557,사진,,"An image of a certain object recorded by a camera, and then produced in a print format, in a file on the computer, etc. to preserve it for a long period of time.",noun,culture > arts,nikl-2024-mirror,https://huggingface.co/datasets/binjang/NIKL-korean-english-dictionary/resolve/3b4cfd2126debfd5440cade3ef6c2a3c20cf7cf9/2024_01.csv#record=8557,NIKL source band: beginner; project heuristic TOPIK 1: core-spelling/basic-life-category rule; not an official per-grade list
ko-nikl-08587,사탕,,"A bite-sized, hard and sweet confection made by boiling Korean liquid sweetener, yeot or sugar.",noun,food > dishes,nikl-2024-mirror,https://huggingface.co/datasets/binjang/NIKL-korean-english-dictionary/resolve/3b4cfd2126debfd5440cade3ef6c2a3c20cf7cf9/2024_01.csv#record=8587,NIKL source band: beginner; project heuristic TOPIK 1: core-spelling/basic-life-category rule; not an official per-grade list
ko-nikl-08653,사흘,,Three days. / The third day of the month.,noun,concepts > time,nikl-2024-mirror,https://huggingface.co/datasets/binjang/NIKL-korean-english-dictionary/resolve/3b4cfd2126debfd5440cade3ef6c2a3c20cf7cf9/2024_01.csv#record=8653,NIKL source band: beginner; project heuristic TOPIK 1: core-spelling/basic-life-category rule; not an official per-grade list
ko-nikl-08818,살,,A bound noun that serves as a unit for counting years of age.,bound noun,concepts > counters,nikl-2024-mirror,https://huggingface.co/datasets/binjang/NIKL-korean-english-dictionary/resolve/3b4cfd2126debfd5440cade3ef6c2a3c20cf7cf9/2024_01.csv#record=8818,NIKL source band: beginner; project heuristic TOPIK 1: core-spelling/basic-life-category rule; not an official per-grade list
ko-nikl-08808,살,,"The tender part of the human or animal body that covers the bones. / The tender part contained inside the shell of a crab, a clam, etc. / The part other than the seed under the skin of a fruit or plant. / The outer surface of human or animal flesh. / The part other than the fat, tendons, bones, etc., of an animal or fish.",noun,people > body parts,nikl-2024-mirror,https://huggingface.co/datasets/binjang/NIKL-korean-english-dictionary/resolve/3b4cfd2126debfd5440cade3ef6c2a3c20cf7cf9/2024_01.csv#record=8808,NIKL source band: beginner; project heuristic TOPIK 1: core-spelling/basic-life-category rule; not an official per-grade list
ko-nikl-08832,살다,,"To be alive. / For a person to lead a life. / For fire to keep burning without going out. / For the original color or feature to show clearly. / For someone's character or vigor to show clearly. / For something to linger in one's mind without disappearing. / For a thing or system to function well. / To not be caught by the person who is 'it' or opponent in a game or play. / For a piece of writing, speech or phenomenon to remain effective. / To reside or stay in a certain place. / To work in a position or possess a certain status. / To lead a certain style of life. / To marry and live with someone.",verb,daily life > life events,nikl-2024-mirror,https://huggingface.co/datasets/binjang/NIKL-korean-english-dictionary/resolve/3b4cfd2126debfd5440cade3ef6c2a3c20cf7cf9/2024_01.csv#record=8832,NIKL source band: beginner; project heuristic TOPIK 1: core-spelling/basic-life-category rule; not an official per-grade list
ko-nikl-08918,삼,,Being the number three. / Being in third place.,determiner,concepts > numbers,nikl-2024-mirror,https://huggingface.co/datasets/binjang/NIKL-korean-english-dictionary/resolve/3b4cfd2126debfd5440cade3ef6c2a3c20cf7cf9/2024_01.csv#record=8918,NIKL source band: beginner; project heuristic TOPIK 1: core-spelling/basic-life-category rule; not an official per-grade list
ko-nikl-08917,삼,,The number that is the sum of two and one.,numeral,concepts > numbers,nikl-2024-mirror,https://huggingface.co/datasets/binjang/NIKL-korean-english-dictionary/resolve/3b4cfd2126debfd5440cade3ef6c2a3c20cf7cf9/2024_01.csv#record=8917,NIKL source band: beginner; project heuristic TOPIK 1: core-spelling/basic-life-category rule; not an official per-grade list
ko-nikl-08926,삼거리,,A place where a road is divided into three ways.,noun,social life > transport facilities,nikl-2024-mirror,https://huggingface.co/datasets/binjang/NIKL-korean-english-dictionary/resolve/3b4cfd2126debfd5440cade3ef6c2a3c20cf7cf9/2024_01.csv#record=8926,NIKL source band: beginner; project heuristic TOPIK 1: core-spelling/basic-life-category rule; not an official per-grade list
ko-nikl-08927,삼겹살,,"A fleshy part of pork belly, featuring three layers of fat and flesh, grilled pork belly, a Korea dish made from the meat.",noun,food > ingredients,nikl-2024-mirror,https://huggingface.co/datasets/binjang/NIKL-korean-english-dictionary/resolve/3b4cfd2126debfd5440cade3ef6c2a3c20cf7cf9/2024_01.csv#record=8927,NIKL source band: beginner; project heuristic TOPIK 1: core-spelling/basic-life-category rule; not an official per-grade list
ko-nikl-08929,삼계탕,,"A dish made by boiling down a young chicken stuffed with ginseng, sticky rice, jujubes, etc.",noun,food > dishes,nikl-2024-mirror,https://huggingface.co/datasets/binjang/NIKL-korean-english-dictionary/resolve/3b4cfd2126debfd5440cade3ef6c2a3c20cf7cf9/2024_01.csv#record=8929,NIKL source band: beginner; project heuristic TOPIK 1: core-spelling/basic-life-category rule; not an official per-grade list
ko-nikl-08961,삼십,,Being the number thirty. / Being in thirtieth place.,determiner,concepts > numbers,nikl-2024-mirror,https://huggingface.co/datasets/binjang/NIKL-korean-english-dictionary/resolve/3b4cfd2126debfd5440cade3ef6c2a3c20cf7cf9/2024_01.csv#record=8961,NIKL source band: beginner; project heuristic TOPIK 1: core-spelling/basic-life-category rule; not an official per-grade list
ko-nikl-08960,삼십,,The number that is the product of three times ten.,numeral,concepts > numbers,nikl-2024-mirror,https://huggingface.co/datasets/binjang/NIKL-korean-english-dictionary/resolve/3b4cfd2126debfd5440cade3ef6c2a3c20cf7cf9/2024_01.csv#record=8960,NIKL source band: beginner; project heuristic TOPIK 1: core-spelling/basic-life-category rule; not an official per-grade list
ko-nikl-08967,삼월,,"The third month of a year, out of twelve months.",noun,concepts > time,nikl-2024-mirror,https://huggingface.co/datasets/binjang/NIKL-korean-english-dictionary/resolve/3b4cfd2126debfd5440cade3ef6c2a3c20cf7cf9/2024_01.csv#record=8967,NIKL source band: beginner; project heuristic TOPIK 1: core-spelling/basic-life-category rule; not an official per-grade list
ko-nikl-08986,삼촌,,A word used to refer to or address a brother of one's father or mother.,noun,daily life > family relationships,nikl-2024-mirror,https://huggingface.co/datasets/binjang/NIKL-korean-english-dictionary/resolve/3b4cfd2126debfd5440cade3ef6c2a3c20cf7cf9/2024_01.csv#record=8986,NIKL source band: beginner; project heuristic TOPIK 1: core-spelling/basic-life-category rule; not an official per-grade list
ko-nikl-09218,상자,,"A square container made of wood or paper, etc., designed to hold things. / The unit for counting the number of boxes containing things.",noun,concepts > counters,nikl-2024-mirror,https://huggingface.co/datasets/binjang/NIKL-korean-english-dictionary/resolve/3b4cfd2126debfd5440cade3ef6c2a3c20cf7cf9/2024_01.csv#record=9218,NIKL source band: beginner; project heuristic TOPIK 1: core-spelling/basic-life-category rule; not an official per-grade list
ko-nikl-09256,상추,,"A green vegetable with a wrinkled, broad leaf, usually eaten by making wraps.",noun,food > vegetables,nikl-2024-mirror,https://huggingface.co/datasets/binjang/NIKL-korean-english-dictionary/resolve/3b4cfd2126debfd5440cade3ef6c2a3c20cf7cf9/2024_01.csv#record=9256,NIKL source band: beginner; project heuristic TOPIK 1: core-spelling/basic-life-category rule; not an official per-grade list
ko-nikl-09354,새벽,,The time around sunrise. / A time in the very early morning hours. / The start of something or the beginning of a new age.,noun,concepts > time,nikl-2024-mirror,https://huggingface.co/datasets/binjang/NIKL-korean-english-dictionary/resolve/3b4cfd2126debfd5440cade3ef6c2a3c20cf7cf9/2024_01.csv#record=9354,NIKL source band: beginner; project heuristic TOPIK 1: core-spelling/basic-life-category rule; not an official per-grade list
ko-nikl-09415,새해,,The year that has begun.,noun,concepts > time,nikl-2024-mirror,https://huggingface.co/datasets/binjang/NIKL-korean-english-dictionary/resolve/3b4cfd2126debfd5440cade3ef6c2a3c20cf7cf9/2024_01.csv#record=9415,NIKL source band: beginner; project heuristic TOPIK 1: core-spelling/basic-life-category rule; not an official per-grade list
ko-nikl-09417,색,,"An object's color such as red, yellow, blue, etc., or brightness or darkness, which are decided by light. / A characteristic that differs from that of an ordinary person or object. / A sexual relationship with a woman. / A word that means &quot;color.&quot;",noun,concepts > colors,nikl-2024-mirror,https://huggingface.co/datasets/binjang/NIKL-korean-english-dictionary/resolve/3b4cfd2126debfd5440cade3ef6c2a3c20cf7cf9/2024_01.csv#record=9417,NIKL source band: beginner; project heuristic TOPIK 1: core-spelling/basic-life-category rule; not an official per-grade list
ko-nikl-09419,색깔,,A sheen or color an object takes on when exposed to light. / A distinctive character or penchant of thought.,noun,concepts > colors,nikl-2024-mirror,https://huggingface.co/datasets/binjang/NIKL-korean-english-dictionary/resolve/3b4cfd2126debfd5440cade3ef6c2a3c20cf7cf9/2024_01.csv#record=9419,NIKL source band: beginner; project heuristic TOPIK 1: core-spelling/basic-life-category rule; not an official per-grade list
ko-nikl-09449,샌드위치,,"Food made by putting vegetables, meat, egg, cheese, etc., between two pieces of bread. / (figurative) A state of being stuck between persons or things, etc., unable to move.",noun,food > dishes,nikl-2024-mirror,https://huggingface.co/datasets/binjang/NIKL-korean-english-dictionary/resolve/3b4cfd2126debfd5440cade3ef6c2a3c20cf7cf9/2024_01.csv#record=9449,NIKL source band: beginner; project heuristic TOPIK 1: core-spelling/basic-life-category rule; not an official per-grade list
ko-nikl-09582,생선,,Fresh fish that has just been caught for food.,noun,food > ingredients,nikl-2024-mirror,https://huggingface.co/datasets/binjang/NIKL-korean-english-dictionary/resolve/3b4cfd2126debfd5440cade3ef6c2a3c20cf7cf9/2024_01.csv#record=9582,NIKL source band: beginner; project heuristic TOPIK 1: core-spelling/basic-life-category rule; not an official per-grade list
ko-nikl-09606,생일,,The day a person was born.,noun,daily life > family events,nikl-2024-mirror,https://huggingface.co/datasets/binjang/NIKL-korean-english-dictionary/resolve/3b4cfd2126debfd5440cade3ef6c2a3c20cf7cf9/2024_01.csv#record=9606,NIKL source band: beginner; project heuristic TOPIK 1: core-spelling/basic-life-category rule; not an official per-grade list
ko-nikl-09672,샤워,,The act of washing the body with a nozzle that sprays water like rain.,noun,daily life > daily routines,nikl-2024-mirror,https://huggingface.co/datasets/binjang/NIKL-korean-english-dictionary/resolve/3b4cfd2126debfd5440cade3ef6c2a3c20cf7cf9/2024_01.csv#record=9672,NIKL source band: beginner; project heuristic TOPIK 1: core-spelling/basic-life-category rule; not an official per-grade list
ko-nikl-09716,서너,,Approximately three or four.,determiner,concepts > numbers,nikl-2024-mirror,https://huggingface.co/datasets/binjang/NIKL-korean-english-dictionary/resolve/3b4cfd2126debfd5440cade3ef6c2a3c20cf7cf9/2024_01.csv#record=9716,NIKL source band: beginner; project heuristic TOPIK 1: core-spelling/basic-life-category rule; not an official per-grade list
ko-nikl-09720,서다,,"For a human or animal to place his/her feet on the ground and assume an upright position. / For something droopy to be straightened upward. / For one's mind to be made up as a plan, sense of resolve, confidence, etc. emerges. / For something blunt to become sharp. / For an order, system, discipline, etc., to be established or restored properly. / For a baby to be conceived in the womb. / For a crease or wrinkle to form distinctively. / For a production machine, etc., to stop operating. / For the penis to become erect. / For an obect, building, etc., to stay in an upright position. / For a building or facility to be constructed. / For a nation, organization, etc., to be established for the first time. / To stop while going from one place to another. / To be in a situation or position. / For a market, contest of ssireum, a traditional Korean wrestling, etc., to be open. / For a phenomenon or shape to appear. / For one's face, etc., to be saved. / To assume and play a role. / To form a line.",verb,people > physical actions,nikl-2024-mirror,https://huggingface.co/datasets/binjang/NIKL-korean-english-dictionary/resolve/3b4cfd2126debfd5440cade3ef6c2a3c20cf7cf9/2024_01.csv#record=9720,NIKL source band: beginner; project heuristic TOPIK 1: core-spelling/basic-life-category rule; not an official per-grade list
ko-nikl-09729,서랍,,"A box that keeps objects made to slide in and out of a desk, closet, etc.",noun,housing > household goods,nikl-2024-mirror,https://huggingface.co/datasets/binjang/NIKL-korean-english-dictionary/resolve/3b4cfd2126debfd5440cade3ef6c2a3c20cf7cf9/2024_01.csv#record=9729,NIKL source band: beginner; project heuristic TOPIK 1: core-spelling/basic-life-category rule; not an official per-grade list
ko-nikl-09743,서른,,Being a number equaling ten times three.,determiner,concepts > numbers,nikl-2024-mirror,https://huggingface.co/datasets/binjang/NIKL-korean-english-dictionary/resolve/3b4cfd2126debfd5440cade3ef6c2a3c20cf7cf9/2024_01.csv#record=9743,NIKL source band: beginner; project heuristic TOPIK 1: core-spelling/basic-life-category rule; not an official per-grade list
ko-nikl-09742,서른,,The number that is the product of three times ten.,numeral,concepts > numbers,nikl-2024-mirror,https://huggingface.co/datasets/binjang/NIKL-korean-english-dictionary/resolve/3b4cfd2126debfd5440cade3ef6c2a3c20cf7cf9/2024_01.csv#record=9742,NIKL source band: beginner; project heuristic TOPIK 1: core-spelling/basic-life-category rule; not an official per-grade list
ko-nikl-09851,서점,,A store that sells books.,noun,education > school facilities,nikl-2024-mirror,https://huggingface.co/datasets/binjang/NIKL-korean-english-dictionary/resolve/3b4cfd2126debfd5440cade3ef6c2a3c20cf7cf9/2024_01.csv#record=9851,NIKL source band: beginner; project heuristic TOPIK 1: core-spelling/basic-life-category rule; not an official per-grade list
ko-nikl-09858,서쪽,,One of the four geographic directions in which the sun sets.,noun,concepts > location and direction,nikl-2024-mirror,https://huggingface.co/datasets/binjang/NIKL-korean-english-dictionary/resolve/3b4cfd2126debfd5440cade3ef6c2a3c20cf7cf9/2024_01.csv#record=9858,NIKL source band: beginner; project heuristic TOPIK 1: core-spelling/basic-life-category rule; not an official per-grade list
ko-nikl-09926,섞다,,To put two or more things together in one container or place. / To say or do something while saying or doing something else.,verb,food > eating and cooking,nikl-2024-mirror,https://huggingface.co/datasets/binjang/NIKL-korean-english-dictionary/resolve/3b4cfd2126debfd5440cade3ef6c2a3c20cf7cf9/2024_01.csv#record=9926,NIKL source band: beginner; project heuristic TOPIK 1: core-spelling/basic-life-category rule; not an official per-grade list
ko-nikl-10011,선물,,"The act of giving an object to another person in order to show thanks or celebrate something, or the object itself.",noun,social life > social activities,nikl-2024-mirror,https://huggingface.co/datasets/binjang/NIKL-korean-english-dictionary/resolve/3b4cfd2126debfd5440cade3ef6c2a3c20cf7cf9/2024_01.csv#record=10011,NIKL source band: beginner; project heuristic TOPIK 1: core-spelling/basic-life-category rule; not an official per-grade list
ko-nikl-10048,선생님,,(polite form) A person who teaches students. / A word attached in front of a person's family name or occupation to address him/her politely. / (polite form) A word used to refer to an aged person respectfully.,noun,education > teachers and learners,nikl-2024-mirror,https://huggingface.co/datasets/binjang/NIKL-korean-english-dictionary/resolve/3b4cfd2126debfd5440cade3ef6c2a3c20cf7cf9/2024_01.csv#record=10048,NIKL source band: beginner; project heuristic TOPIK 1: core-spelling/basic-life-category rule; not an official per-grade list
ko-nikl-10052,선선하다,,"Gentle and cool, when one feels a little cold. / One's personality or attitude being cool and generous, not picky.",descriptive verb,nature > weather and climate,nikl-2024-mirror,https://huggingface.co/datasets/binjang/NIKL-korean-english-dictionary/resolve/3b4cfd2126debfd5440cade3ef6c2a3c20cf7cf9/2024_01.csv#record=10052,NIKL source band: beginner; project heuristic TOPIK 1: core-spelling/basic-life-category rule; not an official per-grade list
ko-nikl-10058,선수,,"A person chosen as a representative in a sports game, or a person whose job is to play a sports game. / (figurative) A person who does a certain thing very well or frequently.",noun,social life > occupations,nikl-2024-mirror,https://huggingface.co/datasets/binjang/NIKL-korean-english-dictionary/resolve/3b4cfd2126debfd5440cade3ef6c2a3c20cf7cf9/2024_01.csv#record=10058,NIKL source band: beginner; project heuristic TOPIK 1: core-spelling/basic-life-category rule; not an official per-grade list
ko-nikl-10167,선풍기,,A device used to beat the heat by making wind with electric power.,noun,housing > household goods,nikl-2024-mirror,https://huggingface.co/datasets/binjang/NIKL-korean-english-dictionary/resolve/3b4cfd2126debfd5440cade3ef6c2a3c20cf7cf9/2024_01.csv#record=10167,NIKL source band: beginner; project heuristic TOPIK 1: core-spelling/basic-life-category rule; not an official per-grade list
ko-nikl-00003,설거지,,The act of washing and putting away the dishes after eating.,noun,housing > housework,nikl-2024-mirror,https://huggingface.co/datasets/binjang/NIKL-korean-english-dictionary/resolve/3b4cfd2126debfd5440cade3ef6c2a3c20cf7cf9/2024_01.csv#record=3,NIKL source band: beginner; project heuristic TOPIK 1: core-spelling/basic-life-category rule; not an official per-grade list
ko-nikl-00015,설날,,"One of the national holidays in Korea; on January 1 by the lunar calendar, families and relatives gather to hold an ancestral ritual called charye and the young perform sebae, a traditional Korean bow, to their elders; people have tteokguk, sliced rice cake soup, and enjoy folk games such as yunnori, a traditional Korean family board game, as well as neolttwigi, riding a standing see-saw, and yeonnalligi, kiteflying.",noun,concepts > time,nikl-2024-mirror,https://huggingface.co/datasets/binjang/NIKL-korean-english-dictionary/resolve/3b4cfd2126debfd5440cade3ef6c2a3c20cf7cf9/2024_01.csv#record=15,NIKL source band: beginner; project heuristic TOPIK 1: core-spelling/basic-life-category rule; not an official per-grade list
ko-nikl-00025,설렁탕,,"Soup made by boiling cow heads, intestines, bones, feet, etc., thoroughly, or the soup with rice in it.",noun,food > dishes,nikl-2024-mirror,https://huggingface.co/datasets/binjang/NIKL-korean-english-dictionary/resolve/3b4cfd2126debfd5440cade3ef6c2a3c20cf7cf9/2024_01.csv#record=25,NIKL source band: beginner; project heuristic TOPIK 1: core-spelling/basic-life-category rule; not an official per-grade list
ko-nikl-00083,설탕,,White powder that dissolves easily in water and is used to sweeten food.,noun,food > ingredients,nikl-2024-mirror,https://huggingface.co/datasets/binjang/NIKL-korean-english-dictionary/resolve/3b4cfd2126debfd5440cade3ef6c2a3c20cf7cf9/2024_01.csv#record=83,NIKL source band: beginner; project heuristic TOPIK 1: core-spelling/basic-life-category rule; not an official per-grade list
ko-nikl-00360,세,,A bound noun that serves as a unit for counting years of age.,bound noun,concepts > counters,nikl-2024-mirror,https://huggingface.co/datasets/binjang/NIKL-korean-english-dictionary/resolve/3b4cfd2126debfd5440cade3ef6c2a3c20cf7cf9/2024_01.csv#record=360,NIKL source band: beginner; project heuristic TOPIK 1: core-spelling/basic-life-category rule; not an official per-grade list
ko-nikl-00354,세,,Amounting to three in number.,determiner,concepts > numbers,nikl-2024-mirror,https://huggingface.co/datasets/binjang/NIKL-korean-english-dictionary/resolve/3b4cfd2126debfd5440cade3ef6c2a3c20cf7cf9/2024_01.csv#record=354,NIKL source band: beginner; project heuristic TOPIK 1: core-spelling/basic-life-category rule; not an official per-grade list
ko-nikl-00476,세수,,The act of washing one's hands or face with water.,noun,daily life > daily routines,nikl-2024-mirror,https://huggingface.co/datasets/binjang/NIKL-korean-english-dictionary/resolve/3b4cfd2126debfd5440cade3ef6c2a3c20cf7cf9/2024_01.csv#record=476,NIKL source band: beginner; project heuristic TOPIK 1: core-spelling/basic-life-category rule; not an official per-grade list
ko-nikl-00528,세탁,,"An act of washing dirty clothes, etc. / An act of changing the usage or source of money, the history of a person, etc.",noun,housing > housework,nikl-2024-mirror,https://huggingface.co/datasets/binjang/NIKL-korean-english-dictionary/resolve/3b4cfd2126debfd5440cade3ef6c2a3c20cf7cf9/2024_01.csv#record=528,NIKL source band: beginner; project heuristic TOPIK 1: core-spelling/basic-life-category rule; not an official per-grade list
ko-nikl-00529,세탁기,,A machine that does the laundry.,noun,housing > household goods,nikl-2024-mirror,https://huggingface.co/datasets/binjang/NIKL-korean-english-dictionary/resolve/3b4cfd2126debfd5440cade3ef6c2a3c20cf7cf9/2024_01.csv#record=529,NIKL source band: beginner; project heuristic TOPIK 1: core-spelling/basic-life-category rule; not an official per-grade list
ko-nikl-00550,센티미터,,A length unit.,bound noun,concepts > counters,nikl-2024-mirror,https://huggingface.co/datasets/binjang/NIKL-korean-english-dictionary/resolve/3b4cfd2126debfd5440cade3ef6c2a3c20cf7cf9/2024_01.csv#record=550,NIKL source band: beginner; project heuristic TOPIK 1: core-spelling/basic-life-category rule; not an official per-grade list
ko-nikl-00561,셋,,Amounting to one added with two,numeral,concepts > numbers,nikl-2024-mirror,https://huggingface.co/datasets/binjang/NIKL-korean-english-dictionary/resolve/3b4cfd2126debfd5440cade3ef6c2a3c20cf7cf9/2024_01.csv#record=561,NIKL source band: beginner; project heuristic TOPIK 1: core-spelling/basic-life-category rule; not an official per-grade list
ko-nikl-00567,셋째,,The third number in a sequence.,numeral,concepts > sequence,nikl-2024-mirror,https://huggingface.co/datasets/binjang/NIKL-korean-english-dictionary/resolve/3b4cfd2126debfd5440cade3ef6c2a3c20cf7cf9/2024_01.csv#record=567,NIKL source band: beginner; project heuristic TOPIK 1: core-spelling/basic-life-category rule; not an official per-grade list
ko-nikl-00616,소고기,,"Meat from cow, bull or ox.",noun,food > ingredients,nikl-2024-mirror,https://huggingface.co/datasets/binjang/NIKL-korean-english-dictionary/resolve/3b4cfd2126debfd5440cade3ef6c2a3c20cf7cf9/2024_01.csv#record=616,NIKL source band: beginner; project heuristic TOPIK 1: core-spelling/basic-life-category rule; not an official per-grade list
ko-nikl-00631,소금,,A white powder that tastes saline. / (figurative) An indispensable person.,noun,food > ingredients,nikl-2024-mirror,https://huggingface.co/datasets/binjang/NIKL-korean-english-dictionary/resolve/3b4cfd2126debfd5440cade3ef6c2a3c20cf7cf9/2024_01.csv#record=631,NIKL source band: beginner; project heuristic TOPIK 1: core-spelling/basic-life-category rule; not an official per-grade list
ko-nikl-00912,소주,,"A Korean liquor distilled with grains, sweet potatoes, etc. / A liquor made from alcohol mixed with water and spices.",noun,food > drinks,nikl-2024-mirror,https://huggingface.co/datasets/binjang/NIKL-korean-english-dictionary/resolve/3b4cfd2126debfd5440cade3ef6c2a3c20cf7cf9/2024_01.csv#record=912,NIKL source band: beginner; project heuristic TOPIK 1: core-spelling/basic-life-category rule; not an official per-grade list
ko-nikl-00955,소파,,"A long, soft chair that one can sit on and rest one's back against.",noun,housing > household goods,nikl-2024-mirror,https://huggingface.co/datasets/binjang/NIKL-korean-english-dictionary/resolve/3b4cfd2126debfd5440cade3ef6c2a3c20cf7cf9/2024_01.csv#record=955,NIKL source band: beginner; project heuristic TOPIK 1: core-spelling/basic-life-category rule; not an official per-grade list
ko-nikl-00993,속,,"The inside part of an object that is covered with a coat or skin. / The interior part of something that is enclosed. / The interior of the abdomen or stomach in the human body. / A manner or attitude towards a person or thing. / A mind or thought that one carries. / The inside or middle of a phenomenon, situation or affair. / The substance of a hidden affair. / The power or intelligence to tell right from wrong, or the attitude of acting in an independent manner.",noun,concepts > location and direction,nikl-2024-mirror,https://huggingface.co/datasets/binjang/NIKL-korean-english-dictionary/resolve/3b4cfd2126debfd5440cade3ef6c2a3c20cf7cf9/2024_01.csv#record=993,NIKL source band: beginner; project heuristic TOPIK 1: core-spelling/basic-life-category rule; not an official per-grade list
ko-nikl-01098,속옷,,Clothes worn directly on top of the body inside the outer clothing.,noun,clothing and appearance > types of clothing,nikl-2024-mirror,https://huggingface.co/datasets/binjang/NIKL-korean-english-dictionary/resolve/3b4cfd2126debfd5440cade3ef6c2a3c20cf7cf9/2024_01.csv#record=1098,NIKL source band: beginner; project heuristic TOPIK 1: core-spelling/basic-life-category rule; not an official per-grade list
ko-nikl-01127,손,,"A body part connected at the end of the wrist that is used to touch or grab something. / The end of the human hand that is divided into five parts. / A working person. / The power, efforts or skills needed for a job. / Controlling authority or influence.",noun,people > body parts,nikl-2024-mirror,https://huggingface.co/datasets/binjang/NIKL-korean-english-dictionary/resolve/3b4cfd2126debfd5440cade3ef6c2a3c20cf7cf9/2024_01.csv#record=1127,NIKL source band: beginner; project heuristic TOPIK 1: core-spelling/basic-life-category rule; not an official per-grade list
ko-nikl-01193,손녀,,The daughter of one's son or daughter.,noun,daily life > family relationships,nikl-2024-mirror,https://huggingface.co/datasets/binjang/NIKL-korean-english-dictionary/resolve/3b4cfd2126debfd5440cade3ef6c2a3c20cf7cf9/2024_01.csv#record=1193,NIKL source band: beginner; project heuristic TOPIK 1: core-spelling/basic-life-category rule; not an official per-grade list
ko-nikl-01213,손바닥,,The inside of the hand as opposed to the back of the hand.,noun,people > body parts,nikl-2024-mirror,https://huggingface.co/datasets/binjang/NIKL-korean-english-dictionary/resolve/3b4cfd2126debfd5440cade3ef6c2a3c20cf7cf9/2024_01.csv#record=1213,NIKL source band: beginner; project heuristic TOPIK 1: core-spelling/basic-life-category rule; not an official per-grade list
ko-nikl-01240,손수건,,"A small, thin towel that one carries to use.",noun,clothing and appearance > hats shoes and accessories,nikl-2024-mirror,https://huggingface.co/datasets/binjang/NIKL-korean-english-dictionary/resolve/3b4cfd2126debfd5440cade3ef6c2a3c20cf7cf9/2024_01.csv#record=1240,NIKL source band: beginner; project heuristic TOPIK 1: core-spelling/basic-life-category rule; not an official per-grade list
ko-nikl-01393,송편,,"Tteok, rice cake, made by putting in different grains such as adzuki beans, beans, sesame, etc., inside a rice powder dough, working it into a half-moon shape and steaming it on pine needles.",noun,food > dishes,nikl-2024-mirror,https://huggingface.co/datasets/binjang/NIKL-korean-english-dictionary/resolve/3b4cfd2126debfd5440cade3ef6c2a3c20cf7cf9/2024_01.csv#record=1393,NIKL source band: beginner; project heuristic TOPIK 1: core-spelling/basic-life-category rule; not an official per-grade list
ko-nikl-01498,수,,A set of numerals used for counting the number of countable things. / A grammatical concept allowing nouns or pronouns to indicate that the entities they refer to are single or multiple.,noun,concepts > numbers,nikl-2024-mirror,https://huggingface.co/datasets/binjang/NIKL-korean-english-dictionary/resolve/3b4cfd2126debfd5440cade3ef6c2a3c20cf7cf9/2024_01.csv#record=1498,NIKL source band: beginner; project heuristic TOPIK 1: core-spelling/basic-life-category rule; not an official per-grade list
ko-nikl-01519,수건,,"A cloth used to wipe the water off the body, face and hand.",noun,housing > household goods,nikl-2024-mirror,https://huggingface.co/datasets/binjang/NIKL-korean-english-dictionary/resolve/3b4cfd2126debfd5440cade3ef6c2a3c20cf7cf9/2024_01.csv#record=1519,NIKL source band: beginner; project heuristic TOPIK 1: core-spelling/basic-life-category rule; not an official per-grade list
ko-nikl-01693,수박,,"A big, green, round fruit with blackish blue stripes on it which contains red, watery flesh.",noun,food > fruit,nikl-2024-mirror,https://huggingface.co/datasets/binjang/NIKL-korean-english-dictionary/resolve/3b4cfd2126debfd5440cade3ef6c2a3c20cf7cf9/2024_01.csv#record=1693,NIKL source band: beginner; project heuristic TOPIK 1: core-spelling/basic-life-category rule; not an official per-grade list
ko-nikl-01845,수업,,A teacher teaching a student certain studies or skills.,noun,education > teaching and learning,nikl-2024-mirror,https://huggingface.co/datasets/binjang/NIKL-korean-english-dictionary/resolve/3b4cfd2126debfd5440cade3ef6c2a3c20cf7cf9/2024_01.csv#record=1845,NIKL source band: beginner; project heuristic TOPIK 1: core-spelling/basic-life-category rule; not an official per-grade list
ko-nikl-01857,수영,,Swimming in the water.,noun,daily life > leisure activities,nikl-2024-mirror,https://huggingface.co/datasets/binjang/NIKL-korean-english-dictionary/resolve/3b4cfd2126debfd5440cade3ef6c2a3c20cf7cf9/2024_01.csv#record=1857,NIKL source band: beginner; project heuristic TOPIK 1: core-spelling/basic-life-category rule; not an official per-grade list
ko-nikl-01858,수영복,,Clothes worn when swimming.,noun,clothing and appearance > types of clothing,nikl-2024-mirror,https://huggingface.co/datasets/binjang/NIKL-korean-english-dictionary/resolve/3b4cfd2126debfd5440cade3ef6c2a3c20cf7cf9/2024_01.csv#record=1858,NIKL source band: beginner; project heuristic TOPIK 1: core-spelling/basic-life-category rule; not an official per-grade list
ko-nikl-01859,수영장,,A place equipped with facilities so that people can enjoy swimming or participate in swimming competitions.,noun,clothing and appearance > types of clothing,nikl-2024-mirror,https://huggingface.co/datasets/binjang/NIKL-korean-english-dictionary/resolve/3b4cfd2126debfd5440cade3ef6c2a3c20cf7cf9/2024_01.csv#record=1859,NIKL source band: beginner; project heuristic TOPIK 1: core-spelling/basic-life-category rule; not an official per-grade list
ko-nikl-01867,수요일,,The third day of a week that starts from Monday.,noun,concepts > time,nikl-2024-mirror,https://huggingface.co/datasets/binjang/NIKL-korean-english-dictionary/resolve/3b4cfd2126debfd5440cade3ef6c2a3c20cf7cf9/2024_01.csv#record=1867,NIKL source band: beginner; project heuristic TOPIK 1: core-spelling/basic-life-category rule; not an official per-grade list
ko-nikl-02000,수첩,,A small notebook carried around to write things down in a simple manner when necessary.,noun,education > learning materials,nikl-2024-mirror,https://huggingface.co/datasets/binjang/NIKL-korean-english-dictionary/resolve/3b4cfd2126debfd5440cade3ef6c2a3c20cf7cf9/2024_01.csv#record=2000,NIKL source band: beginner; project heuristic TOPIK 1: core-spelling/basic-life-category rule; not an official per-grade list
ko-nikl-02145,숙제,,An assignment given to students to do after class for a review or preview. / A problem that needs to be contemplated or solved.,noun,education > teaching and learning,nikl-2024-mirror,https://huggingface.co/datasets/binjang/NIKL-korean-english-dictionary/resolve/3b4cfd2126debfd5440cade3ef6c2a3c20cf7cf9/2024_01.csv#record=2145,NIKL source band: beginner; project heuristic TOPIK 1: core-spelling/basic-life-category rule; not an official per-grade list
ko-nikl-02183,순두부찌개,,"Jjigae, stew, made by boiling soft tofu.",noun,food > dishes,nikl-2024-mirror,https://huggingface.co/datasets/binjang/NIKL-korean-english-dictionary/resolve/3b4cfd2126debfd5440cade3ef6c2a3c20cf7cf9/2024_01.csv#record=2183,NIKL source band: beginner; project heuristic TOPIK 1: core-spelling/basic-life-category rule; not an official per-grade list
ko-nikl-02265,숟가락,,"A tool with a round, concave part and a long handle used to scoop up rice, soup, etc. / A unit used to count the amount of food such as rice, etc., one can scoop up with a spoon.",noun,concepts > counters,nikl-2024-mirror,https://huggingface.co/datasets/binjang/NIKL-korean-english-dictionary/resolve/3b4cfd2126debfd5440cade3ef6c2a3c20cf7cf9/2024_01.csv#record=2265,NIKL source band: beginner; project heuristic TOPIK 1: core-spelling/basic-life-category rule; not an official per-grade list
ko-nikl-02269,술,,"A beverage that contains alcoholic ingredients so that one gets drunk if one drinks it, such as beer, soju, Korean distilled liquor, etc.",noun,food > drinks,nikl-2024-mirror,https://huggingface.co/datasets/binjang/NIKL-korean-english-dictionary/resolve/3b4cfd2126debfd5440cade3ef6c2a3c20cf7cf9/2024_01.csv#record=2269,NIKL source band: beginner; project heuristic TOPIK 1: core-spelling/basic-life-category rule; not an official per-grade list
ko-nikl-02307,술집,,A place that sells alcohol.,noun,food > food venues,nikl-2024-mirror,https://huggingface.co/datasets/binjang/NIKL-korean-english-dictionary/resolve/3b4cfd2126debfd5440cade3ef6c2a3c20cf7cf9/2024_01.csv#record=2307,NIKL source band: beginner; project heuristic TOPIK 1: core-spelling/basic-life-category rule; not an official per-grade list
ko-nikl-02356,숫자,,"A word indicating numbers. / The quantity of something expressed in numbers or statistics, etc. / The number of persons or things.",noun,concepts > numbers,nikl-2024-mirror,https://huggingface.co/datasets/binjang/NIKL-korean-english-dictionary/resolve/3b4cfd2126debfd5440cade3ef6c2a3c20cf7cf9/2024_01.csv#record=2356,NIKL source band: beginner; project heuristic TOPIK 1: core-spelling/basic-life-category rule; not an official per-grade list
ko-nikl-02389,쉬다,,To relax oneself to relieve one's fatigue. / To stay or stop for a while. / For the movement of something to stop for a moment. / To discontinue what one is doing for a moment; to make someone discontinue what he/she is doing for a moment. / To be away from work or school. / To go out of office or stay without working for a long time.,verb,daily life > leisure activities,nikl-2024-mirror,https://huggingface.co/datasets/binjang/NIKL-korean-english-dictionary/resolve/3b4cfd2126debfd5440cade3ef6c2a3c20cf7cf9/2024_01.csv#record=2389,NIKL source band: beginner; project heuristic TOPIK 1: core-spelling/basic-life-category rule; not an official per-grade list
ko-nikl-02390,쉬다,,To breathe in and out air through the nose or mouth.,verb,people > physical actions,nikl-2024-mirror,https://huggingface.co/datasets/binjang/NIKL-korean-english-dictionary/resolve/3b4cfd2126debfd5440cade3ef6c2a3c20cf7cf9/2024_01.csv#record=2390,NIKL source band: beginner; project heuristic TOPIK 1: core-spelling/basic-life-category rule; not an official per-grade list
ko-nikl-02398,쉰,,The number that is the product of five times ten.,determiner,concepts > numbers,nikl-2024-mirror,https://huggingface.co/datasets/binjang/NIKL-korean-english-dictionary/resolve/3b4cfd2126debfd5440cade3ef6c2a3c20cf7cf9/2024_01.csv#record=2398,NIKL source band: beginner; project heuristic TOPIK 1: core-spelling/basic-life-category rule; not an official per-grade list
ko-nikl-02397,쉰,,The number that is the product of five times ten.,numeral,concepts > numbers,nikl-2024-mirror,https://huggingface.co/datasets/binjang/NIKL-korean-english-dictionary/resolve/3b4cfd2126debfd5440cade3ef6c2a3c20cf7cf9/2024_01.csv#record=2397,NIKL source band: beginner; project heuristic TOPIK 1: core-spelling/basic-life-category rule; not an official per-grade list
ko-nikl-02402,쉽다,,Not hard or difficult to do. / Not hard to encounter or witness. / Having a lot of possibility.,descriptive verb,people > abilities,nikl-2024-mirror,https://huggingface.co/datasets/binjang/NIKL-korean-english-dictionary/resolve/3b4cfd2126debfd5440cade3ef6c2a3c20cf7cf9/2024_01.csv#record=2402,NIKL source band: beginner; project heuristic TOPIK 1: core-spelling/basic-life-category rule; not an official per-grade list
ko-nikl-02434,스무,,Being the number twenty.,determiner,concepts > numbers,nikl-2024-mirror,https://huggingface.co/datasets/binjang/NIKL-korean-english-dictionary/resolve/3b4cfd2126debfd5440cade3ef6c2a3c20cf7cf9/2024_01.csv#record=2434,NIKL source band: beginner; project heuristic TOPIK 1: core-spelling/basic-life-category rule; not an official per-grade list
ko-nikl-02436,스물,,The number that is the product of two times ten.,numeral,concepts > numbers,nikl-2024-mirror,https://huggingface.co/datasets/binjang/NIKL-korean-english-dictionary/resolve/3b4cfd2126debfd5440cade3ef6c2a3c20cf7cf9/2024_01.csv#record=2436,NIKL source band: beginner; project heuristic TOPIK 1: core-spelling/basic-life-category rule; not an official per-grade list
ko-nikl-02448,스웨터,,A thick upper garment knit with yarn.,noun,clothing and appearance > types of clothing,nikl-2024-mirror,https://huggingface.co/datasets/binjang/NIKL-korean-english-dictionary/resolve/3b4cfd2126debfd5440cade3ef6c2a3c20cf7cf9/2024_01.csv#record=2448,NIKL source band: beginner; project heuristic TOPIK 1: core-spelling/basic-life-category rule; not an official per-grade list
ko-nikl-02457,스카프,,"A long, thin piece of fabric put on the head or wrapped around the neck for warmth or fashion.",noun,clothing and appearance > hats shoes and accessories,nikl-2024-mirror,https://huggingface.co/datasets/binjang/NIKL-korean-english-dictionary/resolve/3b4cfd2126debfd5440cade3ef6c2a3c20cf7cf9/2024_01.csv#record=2457,NIKL source band: beginner; project heuristic TOPIK 1: core-spelling/basic-life-category rule; not an official per-grade list
ko-nikl-02512,스파게티,,"A dish made with long, thin Italian noodles.",noun,food > dishes,nikl-2024-mirror,https://huggingface.co/datasets/binjang/NIKL-korean-english-dictionary/resolve/3b4cfd2126debfd5440cade3ef6c2a3c20cf7cf9/2024_01.csv#record=2512,NIKL source band: beginner; project heuristic TOPIK 1: core-spelling/basic-life-category rule; not an official per-grade list
ko-nikl-02561,습관,,A mode of behavior naturally learned through repetition.,noun,daily life > daily routines,nikl-2024-mirror,https://huggingface.co/datasets/binjang/NIKL-korean-english-dictionary/resolve/3b4cfd2126debfd5440cade3ef6c2a3c20cf7cf9/2024_01.csv#record=2561,NIKL source band: beginner; project heuristic TOPIK 1: core-spelling/basic-life-category rule; not an official per-grade list
ko-nikl-02671,시,,A bound noun indicating one of 24 hours of a day. / A bound noun meaning the time or case in which a certain event occurs.,bound noun,concepts > counters,nikl-2024-mirror,https://huggingface.co/datasets/binjang/NIKL-korean-english-dictionary/resolve/3b4cfd2126debfd5440cade3ef6c2a3c20cf7cf9/2024_01.csv#record=2671,NIKL source band: beginner; project heuristic TOPIK 1: core-spelling/basic-life-category rule; not an official per-grade list
ko-nikl-02667,시,,The time when a person was born.,noun,concepts > counters,nikl-2024-mirror,https://huggingface.co/datasets/binjang/NIKL-korean-english-dictionary/resolve/3b4cfd2126debfd5440cade3ef6c2a3c20cf7cf9/2024_01.csv#record=2667,NIKL source band: beginner; project heuristic TOPIK 1: core-spelling/basic-life-category rule; not an official per-grade list
ko-nikl-02696,시간,,A bound noun indicating one of the 24 hours in a day.,bound noun,concepts > counters,nikl-2024-mirror,https://huggingface.co/datasets/binjang/NIKL-korean-english-dictionary/resolve/3b4cfd2126debfd5440cade3ef6c2a3c20cf7cf9/2024_01.csv#record=2696,NIKL source band: beginner; project heuristic TOPIK 1: core-spelling/basic-life-category rule; not an official per-grade list
ko-nikl-02694,시간,,"The amount of time from one point to another. / A time when one is supposed to do something, or a particular time of day. / Spare time that one can use to do something. / An interval from the time something starts to the time it ends. / Time that passes naturally.",noun,concepts > counters,nikl-2024-mirror,https://huggingface.co/datasets/binjang/NIKL-korean-english-dictionary/resolve/3b4cfd2126debfd5440cade3ef6c2a3c20cf7cf9/2024_01.csv#record=2694,NIKL source band: beginner; project heuristic TOPIK 1: core-spelling/basic-life-category rule; not an official per-grade list
ko-nikl-02705,시계,,A machine that shows the time.,noun,housing > household goods,nikl-2024-mirror,https://huggingface.co/datasets/binjang/NIKL-korean-english-dictionary/resolve/3b4cfd2126debfd5440cade3ef6c2a3c20cf7cf9/2024_01.csv#record=2705,NIKL source band: beginner; project heuristic TOPIK 1: core-spelling/basic-life-category rule; not an official per-grade list
ko-nikl-02880,시어머니,,The mother of one's husband.,noun,daily life > family relationships,nikl-2024-mirror,https://huggingface.co/datasets/binjang/NIKL-korean-english-dictionary/resolve/3b4cfd2126debfd5440cade3ef6c2a3c20cf7cf9/2024_01.csv#record=2880,NIKL source band: beginner; project heuristic TOPIK 1: core-spelling/basic-life-category rule; not an official per-grade list
ko-nikl-02899,시월,,The tenth month among the twelve months of a year.,noun,concepts > numbers,nikl-2024-mirror,https://huggingface.co/datasets/binjang/NIKL-korean-english-dictionary/resolve/3b4cfd2126debfd5440cade3ef6c2a3c20cf7cf9/2024_01.csv#record=2899,NIKL source band: beginner; project heuristic TOPIK 1: core-spelling/basic-life-category rule; not an official per-grade list
ko-nikl-02917,시장,,"A place for selling and buying a variety of products. / The abstract space where products, goods, and service, etc., are traded.",noun,economy > commercial places,nikl-2024-mirror,https://huggingface.co/datasets/binjang/NIKL-korean-english-dictionary/resolve/3b4cfd2126debfd5440cade3ef6c2a3c20cf7cf9/2024_01.csv#record=2917,NIKL source band: beginner; project heuristic TOPIK 1: core-spelling/basic-life-category rule; not an official per-grade list
ko-nikl-02982,시키다,,"To make a person do something. / To order food, alcohol, beverages, etc. / To make somebody play a certain role.",verb,food > eating and cooking,nikl-2024-mirror,https://huggingface.co/datasets/binjang/NIKL-korean-english-dictionary/resolve/3b4cfd2126debfd5440cade3ef6c2a3c20cf7cf9/2024_01.csv#record=2982,NIKL source band: beginner; project heuristic TOPIK 1: core-spelling/basic-life-category rule; not an official per-grade list
ko-nikl-03004,시험,,"The act of testing and evaluating knowledge or capabilities through a particular process involving problems, questions, actual performance, etc. / The act of actually doing something and evaluating the results before implementing a plan or method. / The act of sizing up a person to figuring out what his/her character is like, or a lure or enticement to that end.",noun,education > teaching and learning,nikl-2024-mirror,https://huggingface.co/datasets/binjang/NIKL-korean-english-dictionary/resolve/3b4cfd2126debfd5440cade3ef6c2a3c20cf7cf9/2024_01.csv#record=3004,NIKL source band: beginner; project heuristic TOPIK 1: core-spelling/basic-life-category rule; not an official per-grade list
ko-nikl-03024,식구,,A group of people who mainly live together in the same house. / (figurative) A group of people working together in the same organization.,noun,daily life > family relationships,nikl-2024-mirror,https://huggingface.co/datasets/binjang/NIKL-korean-english-dictionary/resolve/3b4cfd2126debfd5440cade3ef6c2a3c20cf7cf9/2024_01.csv#record=3024,NIKL source band: beginner; project heuristic TOPIK 1: core-spelling/basic-life-category rule; not an official per-grade list
ko-nikl-03030,식당,,A place for eating meals within a building. / A store where food is made and served.,noun,food > food venues,nikl-2024-mirror,https://huggingface.co/datasets/binjang/NIKL-korean-english-dictionary/resolve/3b4cfd2126debfd5440cade3ef6c2a3c20cf7cf9/2024_01.csv#record=3030,NIKL source band: beginner; project heuristic TOPIK 1: core-spelling/basic-life-category rule; not an official per-grade list
ko-nikl-03051,식빵,,"Square-shaped, plain bread for eating.",noun,food > dishes,nikl-2024-mirror,https://huggingface.co/datasets/binjang/NIKL-korean-english-dictionary/resolve/3b4cfd2126debfd5440cade3ef6c2a3c20cf7cf9/2024_01.csv#record=3051,NIKL source band: beginner; project heuristic TOPIK 1: core-spelling/basic-life-category rule; not an official per-grade list
ko-nikl-03052,식사,,"The act of eating food daily at a certain time such as breakfast, lunch and dinner, or such food.",noun,food > eating and cooking,nikl-2024-mirror,https://huggingface.co/datasets/binjang/NIKL-korean-english-dictionary/resolve/3b4cfd2126debfd5440cade3ef6c2a3c20cf7cf9/2024_01.csv#record=3052,NIKL source band: beginner; project heuristic TOPIK 1: core-spelling/basic-life-category rule; not an official per-grade list
ko-nikl-03083,식초,,A liquid seasoning that tastes sour made by fermenting raw ingredients.,noun,food > ingredients,nikl-2024-mirror,https://huggingface.co/datasets/binjang/NIKL-korean-english-dictionary/resolve/3b4cfd2126debfd5440cade3ef6c2a3c20cf7cf9/2024_01.csv#record=3083,NIKL source band: beginner; project heuristic TOPIK 1: core-spelling/basic-life-category rule; not an official per-grade list
ko-nikl-03086,식탁,,A table on which food is set to be eaten.,noun,housing > household goods,nikl-2024-mirror,https://huggingface.co/datasets/binjang/NIKL-korean-english-dictionary/resolve/3b4cfd2126debfd5440cade3ef6c2a3c20cf7cf9/2024_01.csv#record=3086,NIKL source band: beginner; project heuristic TOPIK 1: core-spelling/basic-life-category rule; not an official per-grade list
ko-nikl-03090,식품,,Food that people eat.,noun,food > ingredients,nikl-2024-mirror,https://huggingface.co/datasets/binjang/NIKL-korean-english-dictionary/resolve/3b4cfd2126debfd5440cade3ef6c2a3c20cf7cf9/2024_01.csv#record=3090,NIKL source band: beginner; project heuristic TOPIK 1: core-spelling/basic-life-category rule; not an official per-grade list
ko-nikl-03145,신다,,"To put one's feet into a pair of shoes, socks, etc., and cover the whole or a part of the feet with them.",verb,clothing and appearance > dressing,nikl-2024-mirror,https://huggingface.co/datasets/binjang/NIKL-korean-english-dictionary/resolve/3b4cfd2126debfd5440cade3ef6c2a3c20cf7cf9/2024_01.csv#record=3145,NIKL source band: beginner; project heuristic TOPIK 1: core-spelling/basic-life-category rule; not an official per-grade list
ko-nikl-03184,신발,,An object worn in order to protect one's feet when standing or walking.,noun,clothing and appearance > hats shoes and accessories,nikl-2024-mirror,https://huggingface.co/datasets/binjang/NIKL-korean-english-dictionary/resolve/3b4cfd2126debfd5440cade3ef6c2a3c20cf7cf9/2024_01.csv#record=3184,NIKL source band: beginner; project heuristic TOPIK 1: core-spelling/basic-life-category rule; not an official per-grade list
ko-nikl-03355,신호등,,"The device directing the passage of cars or passengers on a road, with colored lights.",noun,social life > travel actions,nikl-2024-mirror,https://huggingface.co/datasets/binjang/NIKL-korean-english-dictionary/resolve/3b4cfd2126debfd5440cade3ef6c2a3c20cf7cf9/2024_01.csv#record=3355,NIKL source band: beginner; project heuristic TOPIK 1: core-spelling/basic-life-category rule; not an official per-grade list
ko-nikl-03591,싫어하다,,To not like or want something.,verb,people > emotions,nikl-2024-mirror,https://huggingface.co/datasets/binjang/NIKL-korean-english-dictionary/resolve/3b4cfd2126debfd5440cade3ef6c2a3c20cf7cf9/2024_01.csv#record=3591,NIKL source band: beginner; project heuristic TOPIK 1: core-spelling/basic-life-category rule; not an official per-grade list
ko-nikl-03700,십,,Amounting to ten. / Being the ordinal number for ten.,determiner,concepts > numbers,nikl-2024-mirror,https://huggingface.co/datasets/binjang/NIKL-korean-english-dictionary/resolve/3b4cfd2126debfd5440cade3ef6c2a3c20cf7cf9/2024_01.csv#record=3700,NIKL source band: beginner; project heuristic TOPIK 1: core-spelling/basic-life-category rule; not an official per-grade list
ko-nikl-03699,십,,The number that is the sum of nine and one.,numeral,concepts > numbers,nikl-2024-mirror,https://huggingface.co/datasets/binjang/NIKL-korean-english-dictionary/resolve/3b4cfd2126debfd5440cade3ef6c2a3c20cf7cf9/2024_01.csv#record=3699,NIKL source band: beginner; project heuristic TOPIK 1: core-spelling/basic-life-category rule; not an official per-grade list
ko-nikl-03709,십만,,Being ten times the number of ten thousand.,determiner,concepts > numbers,nikl-2024-mirror,https://huggingface.co/datasets/binjang/NIKL-korean-english-dictionary/resolve/3b4cfd2126debfd5440cade3ef6c2a3c20cf7cf9/2024_01.csv#record=3709,NIKL source band: beginner; project heuristic TOPIK 1: core-spelling/basic-life-category rule; not an official per-grade list
ko-nikl-03708,십만,,Ten times the number of ten thousand.,numeral,concepts > numbers,nikl-2024-mirror,https://huggingface.co/datasets/binjang/NIKL-korean-english-dictionary/resolve/3b4cfd2126debfd5440cade3ef6c2a3c20cf7cf9/2024_01.csv#record=3708,NIKL source band: beginner; project heuristic TOPIK 1: core-spelling/basic-life-category rule; not an official per-grade list
ko-nikl-03719,십이월,,"The last month of a year, out of twelve months.",noun,concepts > time,nikl-2024-mirror,https://huggingface.co/datasets/binjang/NIKL-korean-english-dictionary/resolve/3b4cfd2126debfd5440cade3ef6c2a3c20cf7cf9/2024_01.csv#record=3719,NIKL source band: beginner; project heuristic TOPIK 1: core-spelling/basic-life-category rule; not an official per-grade list
ko-nikl-03724,십일월,,"The eleventh month of a year, out of twelve months.",noun,concepts > time,nikl-2024-mirror,https://huggingface.co/datasets/binjang/NIKL-korean-english-dictionary/resolve/3b4cfd2126debfd5440cade3ef6c2a3c20cf7cf9/2024_01.csv#record=3724,NIKL source band: beginner; project heuristic TOPIK 1: core-spelling/basic-life-category rule; not an official per-grade list
ko-nikl-03760,싸다,,Lower than usual in price. / Worthy of being in a bad situation as what one did does not warrant any sympahty or pity.,descriptive verb,economy > economic conditions,nikl-2024-mirror,https://huggingface.co/datasets/binjang/NIKL-korean-english-dictionary/resolve/3b4cfd2126debfd5440cade3ef6c2a3c20cf7cf9/2024_01.csv#record=3760,NIKL source band: beginner; project heuristic TOPIK 1: core-spelling/basic-life-category rule; not an official per-grade list
ko-nikl-03758,싸다,,"To wrap an object or person with paper, fabric, etc. / To hide or block an object or person by surrounding it/him/her. / To pack an object with a box, string, fabric, etc., in order to move it somewhere.",verb,general / source uncategorized,nikl-2024-mirror,https://huggingface.co/datasets/binjang/NIKL-korean-english-dictionary/resolve/3b4cfd2126debfd5440cade3ef6c2a3c20cf7cf9/2024_01.csv#record=3758,NIKL source band: beginner; project heuristic TOPIK 1: core-spelling/basic-life-category rule; not an official per-grade list
ko-nikl-03806,쌀쌀하다,,The weather being cold to a degree that one feels a bit cold. / One's personality or attitude being cold and cold-hearted.,descriptive verb,nature > weather and climate,nikl-2024-mirror,https://huggingface.co/datasets/binjang/NIKL-korean-english-dictionary/resolve/3b4cfd2126debfd5440cade3ef6c2a3c20cf7cf9/2024_01.csv#record=3806,NIKL source band: beginner; project heuristic TOPIK 1: core-spelling/basic-life-category rule; not an official per-grade list
ko-nikl-03866,썰다,,"To cut something into several pieces by pressing a knife, saw, etc., downwards and moving the blade forwards and backwards.",verb,food > eating and cooking,nikl-2024-mirror,https://huggingface.co/datasets/binjang/NIKL-korean-english-dictionary/resolve/3b4cfd2126debfd5440cade3ef6c2a3c20cf7cf9/2024_01.csv#record=3866,NIKL source band: beginner; project heuristic TOPIK 1: core-spelling/basic-life-category rule; not an official per-grade list
ko-nikl-03921,쓰다,,Tasting like medicine. / Being troubled and distressed due to something that bothers someone.,descriptive verb,food > tastes,nikl-2024-mirror,https://huggingface.co/datasets/binjang/NIKL-korean-english-dictionary/resolve/3b4cfd2126debfd5440cade3ef6c2a3c20cf7cf9/2024_01.csv#record=3921,NIKL source band: beginner; project heuristic TOPIK 1: core-spelling/basic-life-category rule; not an official per-grade list
ko-nikl-03918,쓰다,,"To write some letters by drawing strokes on paper with a writing instrument such as a pencil, pen, etc. / To express one's thoughts, feelings, etc., by writing them on paper, etc. / To draw up a document of a certain form such as an application, contract, etc. / To write notes of a song that has come across one's mind on a musical note.",verb,social life > speech acts,nikl-2024-mirror,https://huggingface.co/datasets/binjang/NIKL-korean-english-dictionary/resolve/3b4cfd2126debfd5440cade3ef6c2a3c20cf7cf9/2024_01.csv#record=3918,NIKL source band: beginner; project heuristic TOPIK 1: core-spelling/basic-life-category rule; not an official per-grade list
ko-nikl-03919,쓰다,,"To cover one's head with a hat, wig, etc. / To hang something on one's face or cover one's face with it. / To be in a state of all of one's body being coated with dust, powder, etc. / To hold an umbrella, parasol, etc., over one's head. / To be blamed for or wrongly accused of a crime.",verb,clothing and appearance > dressing,nikl-2024-mirror,https://huggingface.co/datasets/binjang/NIKL-korean-english-dictionary/resolve/3b4cfd2126debfd5440cade3ef6c2a3c20cf7cf9/2024_01.csv#record=3919,NIKL source band: beginner; project heuristic TOPIK 1: core-spelling/basic-life-category rule; not an official per-grade list
ko-nikl-03920,쓰다,,"To take a certain material, tool, method, etc., to do something. / To give someone a certain amount of money and have him/her work. / To give someone a certain position or task and have him/her work. / To give someone a party or pay the bill for him/her. / To put time or money into something. / To put one's energies or efforts into doing something. / To strongly demand something unreasonable. / To move a part of the body properly. / To make use of a certain building or place for a certain period of time. / To use a certain language or certain words. / To be in a reasonable or right state.",verb,general / source uncategorized,nikl-2024-mirror,https://huggingface.co/datasets/binjang/NIKL-korean-english-dictionary/resolve/3b4cfd2126debfd5440cade3ef6c2a3c20cf7cf9/2024_01.csv#record=3920,NIKL source band: beginner; project heuristic TOPIK 1: core-spelling/basic-life-category rule; not an official per-grade list
ko-nikl-03930,쓰레기,,"Dust swept away, or something that has been thrown away or to discarded. / (disparaging) A morally corrupt person.",noun,housing > housework,nikl-2024-mirror,https://huggingface.co/datasets/binjang/NIKL-korean-english-dictionary/resolve/3b4cfd2126debfd5440cade3ef6c2a3c20cf7cf9/2024_01.csv#record=3930,NIKL source band: beginner; project heuristic TOPIK 1: core-spelling/basic-life-category rule; not an official per-grade list
ko-nikl-03933,쓰레기통,,A can used to contain or keep garbage.,noun,housing > household goods,nikl-2024-mirror,https://huggingface.co/datasets/binjang/NIKL-korean-english-dictionary/resolve/3b4cfd2126debfd5440cade3ef6c2a3c20cf7cf9/2024_01.csv#record=3933,NIKL source band: beginner; project heuristic TOPIK 1: core-spelling/basic-life-category rule; not an official per-grade list
ko-nikl-04002,씹다,,For a person or animal to cut food into small bits or grind it into a soft state with the teeth. / (slang) To criticize or disparage someone's behavior or remark. / To think over someone's remark.,verb,food > eating and cooking,nikl-2024-mirror,https://huggingface.co/datasets/binjang/NIKL-korean-english-dictionary/resolve/3b4cfd2126debfd5440cade3ef6c2a3c20cf7cf9/2024_01.csv#record=4002,NIKL source band: beginner; project heuristic TOPIK 1: core-spelling/basic-life-category rule; not an official per-grade list
ko-nikl-04006,씻다,,"To clean something by removing dirt or grime. / To wipe away something that clings to the surface. / To clear someone of something bad such as a false charge, misunderstanding, guilt, mistake, etc. / To completely remove a current bad situation.",verb,daily life > daily routines,nikl-2024-mirror,https://huggingface.co/datasets/binjang/NIKL-korean-english-dictionary/resolve/3b4cfd2126debfd5440cade3ef6c2a3c20cf7cf9/2024_01.csv#record=4006,NIKL source band: beginner; project heuristic TOPIK 1: core-spelling/basic-life-category rule; not an official per-grade list
ko-nikl-04012,아,,"An exclamation uttered when the speaker expresses his/her surprise, embarrassment, impatience, or urgency. / An exclamation uttered when the speaker expresses his/her delight or excitement. / An exclamation uttered when the speaker expresses the feelings of worry, anxiety, regret, or lamentation. / An exclamation uttered before the speaker begins his/her words when he/she talks to someone or attracts someone's attention. / An exclamation uttered when the speaker realizes something he/she did not know.",interjection,general / source uncategorized,nikl-2024-mirror,https://huggingface.co/datasets/binjang/NIKL-korean-english-dictionary/resolve/3b4cfd2126debfd5440cade3ef6c2a3c20cf7cf9/2024_01.csv#record=4012,NIKL source band: beginner; project heuristic TOPIK 1: core-spelling/basic-life-category rule; not an official per-grade list
ko-nikl-04035,아까,,A minute ago.,adverb,concepts > time,nikl-2024-mirror,https://huggingface.co/datasets/binjang/NIKL-korean-english-dictionary/resolve/3b4cfd2126debfd5440cade3ef6c2a3c20cf7cf9/2024_01.csv#record=4035,NIKL source band: beginner; project heuristic TOPIK 1: core-spelling/basic-life-category rule; not an official per-grade list
ko-nikl-04034,아까,,A little while ago.,noun,concepts > time,nikl-2024-mirror,https://huggingface.co/datasets/binjang/NIKL-korean-english-dictionary/resolve/3b4cfd2126debfd5440cade3ef6c2a3c20cf7cf9/2024_01.csv#record=4034,NIKL source band: beginner; project heuristic TOPIK 1: core-spelling/basic-life-category rule; not an official per-grade list
ko-nikl-04043,아나운서,,"A person who professionally broadcasts news, sports game, ceremonies, etc.",noun,social life > occupations,nikl-2024-mirror,https://huggingface.co/datasets/binjang/NIKL-korean-english-dictionary/resolve/3b4cfd2126debfd5440cade3ef6c2a3c20cf7cf9/2024_01.csv#record=4043,NIKL source band: beginner; project heuristic TOPIK 1: core-spelling/basic-life-category rule; not an official per-grade list
ko-nikl-04047,아내,,The man's female partner in marriage.,noun,daily life > family relationships,nikl-2024-mirror,https://huggingface.co/datasets/binjang/NIKL-korean-english-dictionary/resolve/3b4cfd2126debfd5440cade3ef6c2a3c20cf7cf9/2024_01.csv#record=4047,NIKL source band: beginner; project heuristic TOPIK 1: core-spelling/basic-life-category rule; not an official per-grade list
ko-nikl-04057,아니,,"An exclamation uttered when the speaker gives a negative answer to the question asked by his/her junior or someone of a similar age or position. / An exclamation uttered when the speaker is surprised, impressed, has doubts, or feels that something is strange.",interjection,general / source uncategorized,nikl-2024-mirror,https://huggingface.co/datasets/binjang/NIKL-korean-english-dictionary/resolve/3b4cfd2126debfd5440cade3ef6c2a3c20cf7cf9/2024_01.csv#record=4057,NIKL source band: beginner; project heuristic TOPIK 1: core-spelling/basic-life-category rule; not an official per-grade list
ko-nikl-04067,아니요,,An exclamation uttered when the speaker gives a negative answer to the question of his/her elder or superior.,interjection,general / source uncategorized,nikl-2024-mirror,https://huggingface.co/datasets/binjang/NIKL-korean-english-dictionary/resolve/3b4cfd2126debfd5440cade3ef6c2a3c20cf7cf9/2024_01.csv#record=4067,NIKL source band: beginner; project heuristic TOPIK 1: core-spelling/basic-life-category rule; not an official per-grade list
ko-nikl-04087,아들,,One's male child.,noun,daily life > family relationships,nikl-2024-mirror,https://huggingface.co/datasets/binjang/NIKL-korean-english-dictionary/resolve/3b4cfd2126debfd5440cade3ef6c2a3c20cf7cf9/2024_01.csv#record=4087,NIKL source band: beginner; project heuristic TOPIK 1: core-spelling/basic-life-category rule; not an official per-grade list
ko-nikl-04101,아래,,"A lower position than a certain standard. / The lower part in social status, age, position, etc. / A range which a condition affects or something influences. / A part following the present sentence in a piece of writing, etc.",noun,concepts > location and direction,nikl-2024-mirror,https://huggingface.co/datasets/binjang/NIKL-korean-english-dictionary/resolve/3b4cfd2126debfd5440cade3ef6c2a3c20cf7cf9/2024_01.csv#record=4101,NIKL source band: beginner; project heuristic TOPIK 1: core-spelling/basic-life-category rule; not an official per-grade list
ko-nikl-04158,아무,,"An unconjugation adjective used to refer to a certain, unspecified person or thing. / Not any.",determiner,concepts > questions,nikl-2024-mirror,https://huggingface.co/datasets/binjang/NIKL-korean-english-dictionary/resolve/3b4cfd2126debfd5440cade3ef6c2a3c20cf7cf9/2024_01.csv#record=4158,NIKL source band: beginner; project heuristic TOPIK 1: core-spelling/basic-life-category rule; not an official per-grade list
ko-nikl-04157,아무,,A pronoun referring to an unspecified person. / A pronoun referring to a certain person instead of mentioning his/her name.,pronoun,concepts > questions,nikl-2024-mirror,https://huggingface.co/datasets/binjang/NIKL-korean-english-dictionary/resolve/3b4cfd2126debfd5440cade3ef6c2a3c20cf7cf9/2024_01.csv#record=4157,NIKL source band: beginner; project heuristic TOPIK 1: core-spelling/basic-life-category rule; not an official per-grade list
ko-nikl-04160,아무것,,Something that is not definite. / A little bit or part of something.,noun,concepts > questions,nikl-2024-mirror,https://huggingface.co/datasets/binjang/NIKL-korean-english-dictionary/resolve/3b4cfd2126debfd5440cade3ef6c2a3c20cf7cf9/2024_01.csv#record=4160,NIKL source band: beginner; project heuristic TOPIK 1: core-spelling/basic-life-category rule; not an official per-grade list
ko-nikl-04182,아버지,,"A word used to refer to or address the man who has procreated as the male parent. / A word used to refer to or address a man who has a child regarding his child. / A word used to refer to or address one's husband by adding the child's name. / A word used to refer to or address a man similar in age to the the man who has procreated as the male parent in an affectionate manner. / (figurative) A person who achieved or completed something for the first time in history. / (affectionate) In Christianity, God",noun,daily life > family relationships,nikl-2024-mirror,https://huggingface.co/datasets/binjang/NIKL-korean-english-dictionary/resolve/3b4cfd2126debfd5440cade3ef6c2a3c20cf7cf9/2024_01.csv#record=4182,NIKL source band: beginner; project heuristic TOPIK 1: core-spelling/basic-life-category rule; not an official per-grade list
ko-nikl-04193,아빠,,"A word used to refer to or address a father in an informal situation. / A word used to refer to or address a man who has a child for something regarding his child, usually attached to the child's name.",noun,daily life > family relationships,nikl-2024-mirror,https://huggingface.co/datasets/binjang/NIKL-korean-english-dictionary/resolve/3b4cfd2126debfd5440cade3ef6c2a3c20cf7cf9/2024_01.csv#record=4193,NIKL source band: beginner; project heuristic TOPIK 1: core-spelling/basic-life-category rule; not an official per-grade list
ko-nikl-04242,아이,,A young person. / (impolite form) One's child / A baby that has yet to be born or has just been born.,noun,people > types of people,nikl-2024-mirror,https://huggingface.co/datasets/binjang/NIKL-korean-english-dictionary/resolve/3b4cfd2126debfd5440cade3ef6c2a3c20cf7cf9/2024_01.csv#record=4242,NIKL source band: beginner; project heuristic TOPIK 1: core-spelling/basic-life-category rule; not an official per-grade list
ko-nikl-04259,아이스크림,,"A smooth ice snack, made by freezing the mixture of sugar, milk, fruit juice, etc.",noun,food > dishes,nikl-2024-mirror,https://huggingface.co/datasets/binjang/NIKL-korean-english-dictionary/resolve/3b4cfd2126debfd5440cade3ef6c2a3c20cf7cf9/2024_01.csv#record=4259,NIKL source band: beginner; project heuristic TOPIK 1: core-spelling/basic-life-category rule; not an official per-grade list
ko-nikl-04272,아주,,"To a degree much greater than normal. / In a state in which it is impossible to change or do something because a certain action, etc., has already been done completely. / not even a little or totally",adverb,concepts > degree,nikl-2024-mirror,https://huggingface.co/datasets/binjang/NIKL-korean-english-dictionary/resolve/3b4cfd2126debfd5440cade3ef6c2a3c20cf7cf9/2024_01.csv#record=4272,NIKL source band: beginner; project heuristic TOPIK 1: core-spelling/basic-life-category rule; not an official per-grade list
ko-nikl-04284,아직,,"An adverb used to indicate that more time is needed to reach a certain state, or that something or a certain state has not ended, but is going on.",adverb,concepts > time,nikl-2024-mirror,https://huggingface.co/datasets/binjang/NIKL-korean-english-dictionary/resolve/3b4cfd2126debfd5440cade3ef6c2a3c20cf7cf9/2024_01.csv#record=4284,NIKL source band: beginner; project heuristic TOPIK 1: core-spelling/basic-life-category rule; not an official per-grade list
ko-nikl-04296,아침,,The hours between dawn and the time when the sun is up and daily activities start. / The meal one has in the morning.,noun,concepts > time,nikl-2024-mirror,https://huggingface.co/datasets/binjang/NIKL-korean-english-dictionary/resolve/3b4cfd2126debfd5440cade3ef6c2a3c20cf7cf9/2024_01.csv#record=4296,NIKL source band: beginner; project heuristic TOPIK 1: core-spelling/basic-life-category rule; not an official per-grade list
ko-nikl-04315,아프다,,Feeling pain or suffering due to an injury or illness. / Feeling fatigue or suffering from overuse of a body part. / Troubled by something difficult or complicated. / Feeling pain in the heart due to sadness or a lingering attachment.,descriptive verb,people > senses,nikl-2024-mirror,https://huggingface.co/datasets/binjang/NIKL-korean-english-dictionary/resolve/3b4cfd2126debfd5440cade3ef6c2a3c20cf7cf9/2024_01.csv#record=4315,NIKL source band: beginner; project heuristic TOPIK 1: core-spelling/basic-life-category rule; not an official per-grade list
ko-nikl-04322,아홉,,Related to the number equal to eight plus one.,determiner,concepts > numbers,nikl-2024-mirror,https://huggingface.co/datasets/binjang/NIKL-korean-english-dictionary/resolve/3b4cfd2126debfd5440cade3ef6c2a3c20cf7cf9/2024_01.csv#record=4322,NIKL source band: beginner; project heuristic TOPIK 1: core-spelling/basic-life-category rule; not an official per-grade list
ko-nikl-04320,아홉,,The cardinal number equal to 8 + 1.,numeral,concepts > numbers,nikl-2024-mirror,https://huggingface.co/datasets/binjang/NIKL-korean-english-dictionary/resolve/3b4cfd2126debfd5440cade3ef6c2a3c20cf7cf9/2024_01.csv#record=4320,NIKL source band: beginner; project heuristic TOPIK 1: core-spelling/basic-life-category rule; not an official per-grade list
ko-nikl-04330,아흔,,Being the number that is the product of nine times ten.,determiner,concepts > numbers,nikl-2024-mirror,https://huggingface.co/datasets/binjang/NIKL-korean-english-dictionary/resolve/3b4cfd2126debfd5440cade3ef6c2a3c20cf7cf9/2024_01.csv#record=4330,NIKL source band: beginner; project heuristic TOPIK 1: core-spelling/basic-life-category rule; not an official per-grade list
ko-nikl-04329,아흔,,The number that is the product of nine times ten.,numeral,concepts > numbers,nikl-2024-mirror,https://huggingface.co/datasets/binjang/NIKL-korean-english-dictionary/resolve/3b4cfd2126debfd5440cade3ef6c2a3c20cf7cf9/2024_01.csv#record=4329,NIKL source band: beginner; project heuristic TOPIK 1: core-spelling/basic-life-category rule; not an official per-grade list
ko-nikl-04399,안,,An adverb that has the meaning of negation or opposite.,adverb,general / source uncategorized,nikl-2024-mirror,https://huggingface.co/datasets/binjang/NIKL-korean-english-dictionary/resolve/3b4cfd2126debfd5440cade3ef6c2a3c20cf7cf9/2024_01.csv#record=4399,NIKL source band: beginner; project heuristic TOPIK 1: core-spelling/basic-life-category rule; not an official per-grade list
ko-nikl-04398,안,,"The side that faces the center from the circumference of an object or space; such a part. / A degree that does not exceed a certain standard or limit. / The room used by the lady of the house. / A fabric used for lining clothes. / A woman who got married to and became the spouse of a man. / A territory that is under the control of a group, country, etc.",noun,concepts > location and direction,nikl-2024-mirror,https://huggingface.co/datasets/binjang/NIKL-korean-english-dictionary/resolve/3b4cfd2126debfd5440cade3ef6c2a3c20cf7cf9/2024_01.csv#record=4398,NIKL source band: beginner; project heuristic TOPIK 1: core-spelling/basic-life-category rule; not an official per-grade list
ko-nikl-04403,안개,,"The phenomenon where water vapor comes together to form tiny, misty droplets that float close to the ground.",noun,nature > weather and climate,nikl-2024-mirror,https://huggingface.co/datasets/binjang/NIKL-korean-english-dictionary/resolve/3b4cfd2126debfd5440cade3ef6c2a3c20cf7cf9/2024_01.csv#record=4403,NIKL source band: beginner; project heuristic TOPIK 1: core-spelling/basic-life-category rule; not an official per-grade list
ko-nikl-04409,안경,,An instrument that one wears over the eyes to proctect them or to supplement his/her eyesight for better vision.,noun,clothing and appearance > hats shoes and accessories,nikl-2024-mirror,https://huggingface.co/datasets/binjang/NIKL-korean-english-dictionary/resolve/3b4cfd2126debfd5440cade3ef6c2a3c20cf7cf9/2024_01.csv#record=4409,NIKL source band: beginner; project heuristic TOPIK 1: core-spelling/basic-life-category rule; not an official per-grade list
ko-nikl-04431,안녕,,A salutation uttered when the speaker meets or parts from his/her friend or junior.,interjection,daily life > life circumstances,nikl-2024-mirror,https://huggingface.co/datasets/binjang/NIKL-korean-english-dictionary/resolve/3b4cfd2126debfd5440cade3ef6c2a3c20cf7cf9/2024_01.csv#record=4431,NIKL source band: beginner; project heuristic TOPIK 1: core-spelling/basic-life-category rule; not an official per-grade list
ko-nikl-04502,안전,,"Having no worry of falling into danger or becoming the victim of an accident, or this state.",noun,social life > travel actions,nikl-2024-mirror,https://huggingface.co/datasets/binjang/NIKL-korean-english-dictionary/resolve/3b4cfd2126debfd5440cade3ef6c2a3c20cf7cf9/2024_01.csv#record=4502,NIKL source band: beginner; project heuristic TOPIK 1: core-spelling/basic-life-category rule; not an official per-grade list
ko-nikl-04541,안쪽,,The side facing inward; or the part inside of something. / The extent of not reaching a certain quantity or standard.,noun,concepts > location and direction,nikl-2024-mirror,https://huggingface.co/datasets/binjang/NIKL-korean-english-dictionary/resolve/3b4cfd2126debfd5440cade3ef6c2a3c20cf7cf9/2024_01.csv#record=4541,NIKL source band: beginner; project heuristic TOPIK 1: core-spelling/basic-life-category rule; not an official per-grade list
ko-nikl-04559,앉다,,"To place one's weight on the bottocks and put his/her body on an object or on the floor with his/her upper body in an upright position. / For a flying animal, airplane, ect., to land on a certain place and put its body on another object. / For a building, house, etc., to position itself in a direction or place. / To occupy a status or position. / For small particles such as the dust in the air to land and be deposited on something else. / For something to cover or stain an object. / To be not enthusiastic about doing something and remain aloof from it.",verb,people > physical actions,nikl-2024-mirror,https://huggingface.co/datasets/binjang/NIKL-korean-english-dictionary/resolve/3b4cfd2126debfd5440cade3ef6c2a3c20cf7cf9/2024_01.csv#record=4559,NIKL source band: beginner; project heuristic TOPIK 1: core-spelling/basic-life-category rule; not an official per-grade list
ko-nikl-04578,알다,,"To have information or knowledge about an object or situation through education, experience, thoughts, etc. / To realize or feel a fact or situation through awareness or senses. / To realize or feel a psychological state in one's mind. / To decide or judge on one's own what to do and how. / To have the ability or skills to do something. / To be involved or interested in something. / To realize the positive aspects of something that one did not know well previously and try to get closer to it. / To value someone or something. / To respond affirmatively to an order or request, agreeing to do as one has been told. / To have met someone before or get along with him/her as an acquaintance. / To consider or assume something or someone as being of a certain quality. / To consider or assume a fact as being of a certain quality.",verb,people > cognition,nikl-2024-mirror,https://huggingface.co/datasets/binjang/NIKL-korean-english-dictionary/resolve/3b4cfd2126debfd5440cade3ef6c2a3c20cf7cf9/2024_01.csv#record=4578,NIKL source band: beginner; project heuristic TOPIK 1: core-spelling/basic-life-category rule; not an official per-grade list
ko-nikl-04763,앞,,The direction or place one is facing. / The beginning part of an order or queue. / A time that has alreay passed. / A time to come. / The frontal part of the body or an object. / A duty given or assumed in accordance with a certain sequence. / The state of being in an environment or condition. / The word meaning 'to.',noun,concepts > location and direction,nikl-2024-mirror,https://huggingface.co/datasets/binjang/NIKL-korean-english-dictionary/resolve/3b4cfd2126debfd5440cade3ef6c2a3c20cf7cf9/2024_01.csv#record=4763,NIKL source band: beginner; project heuristic TOPIK 1: core-spelling/basic-life-category rule; not an official per-grade list
ko-nikl-04934,야,,"An exclamation uttered when the speaker is surprised or glad. / An exclamation used when an adult calls out to a child, or when persons of similar age call out to each other.",interjection,general / source uncategorized,nikl-2024-mirror,https://huggingface.co/datasets/binjang/NIKL-korean-english-dictionary/resolve/3b4cfd2126debfd5440cade3ef6c2a3c20cf7cf9/2024_01.csv#record=4934,NIKL source band: beginner; project heuristic TOPIK 1: core-spelling/basic-life-category rule; not an official per-grade list
ko-nikl-05007,야채,,"A plant cultivated in the field, whose leaves, stems, or fruits are mostly edible.",noun,food > vegetables,nikl-2024-mirror,https://huggingface.co/datasets/binjang/NIKL-korean-english-dictionary/resolve/3b4cfd2126debfd5440cade3ef6c2a3c20cf7cf9/2024_01.csv#record=5007,NIKL source band: beginner; project heuristic TOPIK 1: core-spelling/basic-life-category rule; not an official per-grade list
ko-nikl-05024,약,,An unconjugation adjective used to indicate that a quantity is close to a certain number.,determiner,general / source uncategorized,nikl-2024-mirror,https://huggingface.co/datasets/binjang/NIKL-korean-english-dictionary/resolve/3b4cfd2126debfd5440cade3ef6c2a3c20cf7cf9/2024_01.csv#record=5024,NIKL source band: beginner; project heuristic TOPIK 1: core-spelling/basic-life-category rule; not an official per-grade list
ko-nikl-05020,약,,"A substance orally administered, applied or injected to treat or prevent an illness, wound, etc. / A substance that is used to get rid of harmful insects, animals or plants. / A substance that is applied to an item to make it look shiny. / (figurative) A narcotic drug or alcoholic beverage. / A small item that produces an electric current and is used to power cameras, radios, lanterns, etc. / (figurative) Something that is beneficial or helpful to the body or mind.",noun,daily life > medicines,nikl-2024-mirror,https://huggingface.co/datasets/binjang/NIKL-korean-english-dictionary/resolve/3b4cfd2126debfd5440cade3ef6c2a3c20cf7cf9/2024_01.csv#record=5020,NIKL source band: beginner; project heuristic TOPIK 1: core-spelling/basic-life-category rule; not an official per-grade list
ko-nikl-05032,약국,,A place where pharmacists prepare or sell medicine.,noun,daily life > health facilities,nikl-2024-mirror,https://huggingface.co/datasets/binjang/NIKL-korean-english-dictionary/resolve/3b4cfd2126debfd5440cade3ef6c2a3c20cf7cf9/2024_01.csv#record=5032,NIKL source band: beginner; project heuristic TOPIK 1: core-spelling/basic-life-category rule; not an official per-grade list
ko-nikl-05043,약사,,A person who prepares and sells medicine as an occupation.,noun,social life > occupations,nikl-2024-mirror,https://huggingface.co/datasets/binjang/NIKL-korean-english-dictionary/resolve/3b4cfd2126debfd5440cade3ef6c2a3c20cf7cf9/2024_01.csv#record=5043,NIKL source band: beginner; project heuristic TOPIK 1: core-spelling/basic-life-category rule; not an official per-grade list
ko-nikl-05049,약속,,"An act of agreeing with someone to do a certain thing, or details of such an agreement.",noun,social life > social activities,nikl-2024-mirror,https://huggingface.co/datasets/binjang/NIKL-korean-english-dictionary/resolve/3b4cfd2126debfd5440cade3ef6c2a3c20cf7cf9/2024_01.csv#record=5049,NIKL source band: beginner; project heuristic TOPIK 1: core-spelling/basic-life-category rule; not an official per-grade list
ko-nikl-46150,양말,,"A thing made of thread or cloth, worn on the foot to cover it or protect it from cold.",noun,clothing and appearance > hats shoes and accessories,nikl-2024-mirror,https://huggingface.co/datasets/binjang/NIKL-korean-english-dictionary/resolve/3b4cfd2126debfd5440cade3ef6c2a3c20cf7cf9/2024_01.csv#record=46150,NIKL source band: beginner; project heuristic TOPIK 1: core-spelling/basic-life-category rule; not an official per-grade list
ko-nikl-46163,양복,,A man's western-style formal dress.,noun,clothing and appearance > types of clothing,nikl-2024-mirror,https://huggingface.co/datasets/binjang/NIKL-korean-english-dictionary/resolve/3b4cfd2126debfd5440cade3ef6c2a3c20cf7cf9/2024_01.csv#record=46163,NIKL source band: beginner; project heuristic TOPIK 1: core-spelling/basic-life-category rule; not an official per-grade list
ko-nikl-46195,양식,,"A western-style dish such as soup, steak, etc.",noun,food > dishes,nikl-2024-mirror,https://huggingface.co/datasets/binjang/NIKL-korean-english-dictionary/resolve/3b4cfd2126debfd5440cade3ef6c2a3c20cf7cf9/2024_01.csv#record=46195,NIKL source band: beginner; project heuristic TOPIK 1: core-spelling/basic-life-category rule; not an official per-grade list
ko-nikl-46246,양치질,,An act of brushing one's teeth and rinsing one's mouth with water.,noun,daily life > daily routines,nikl-2024-mirror,https://huggingface.co/datasets/binjang/NIKL-korean-english-dictionary/resolve/3b4cfd2126debfd5440cade3ef6c2a3c20cf7cf9/2024_01.csv#record=46246,NIKL source band: beginner; project heuristic TOPIK 1: core-spelling/basic-life-category rule; not an official per-grade list
ko-nikl-46276,어,,"An exclamation uttered when the speaker expresses his/her surprise, embarrassment, impatience, or urgency. / An exclamation uttered when the speaker expresses his/her delight or excitement. / An exclamation uttered when the speaker expresses the feelings of worry, anxiety, regret, or lamentation. / An exclamation uttered before the speaker begins his/her words when he/she talks to someone or attracts someone's attention. / An exclamation uttered when the speaker realizes something he/she did not know. / An exclamation uttered when the speaker begins to talk in hesitation.",interjection,general / source uncategorized,nikl-2024-mirror,https://huggingface.co/datasets/binjang/NIKL-korean-english-dictionary/resolve/3b4cfd2126debfd5440cade3ef6c2a3c20cf7cf9/2024_01.csv#record=46276,NIKL source band: beginner; project heuristic TOPIK 1: core-spelling/basic-life-category rule; not an official per-grade list
ko-nikl-46295,어깨,,The body part between the lower end of the neck and the upper end of the arm. / The part between the sleeve seam and the collar. / (slang) A gangster who uses force or violence.,noun,people > body parts,nikl-2024-mirror,https://huggingface.co/datasets/binjang/NIKL-korean-english-dictionary/resolve/3b4cfd2126debfd5440cade3ef6c2a3c20cf7cf9/2024_01.csv#record=46295,NIKL source band: beginner; project heuristic TOPIK 1: core-spelling/basic-life-category rule; not an official per-grade list
ko-nikl-46322,어느,,"Asking for particular something or someone within a number of things. / Meaning a thing, person, time, place, etc., that is not certain or does not need to be specified. / Whatever / Certain or a little, or the word that is used to ask about a degree, number or amount.",determiner,concepts > questions,nikl-2024-mirror,https://huggingface.co/datasets/binjang/NIKL-korean-english-dictionary/resolve/3b4cfd2126debfd5440cade3ef6c2a3c20cf7cf9/2024_01.csv#record=46322,NIKL source band: beginner; project heuristic TOPIK 1: core-spelling/basic-life-category rule; not an official per-grade list
ko-nikl-46352,어디,,"The word that means a place which one does not know. / The word that means a place which one does not specify to the listener. / The word that means a place which is not definite or impossible to specify. / The word that means something which is hard to pinpoint. / The word that means an amount, scope, place, etc., is really extraordinary. / The word that means there is no other possibility at all.",pronoun,concepts > questions,nikl-2024-mirror,https://huggingface.co/datasets/binjang/NIKL-korean-english-dictionary/resolve/3b4cfd2126debfd5440cade3ef6c2a3c20cf7cf9/2024_01.csv#record=46352,NIKL source band: beginner; project heuristic TOPIK 1: core-spelling/basic-life-category rule; not an official per-grade list
ko-nikl-46359,어떠하다,,"Being such in one's thoughts, feelings, state, situation, etc.",descriptive verb,concepts > questions,nikl-2024-mirror,https://huggingface.co/datasets/binjang/NIKL-korean-english-dictionary/resolve/3b4cfd2126debfd5440cade3ef6c2a3c20cf7cf9/2024_01.csv#record=46359,NIKL source band: beginner; project heuristic TOPIK 1: core-spelling/basic-life-category rule; not an official per-grade list
ko-nikl-46361,어떤,,"A word used when asking what characteristic, content, personality, quality, shape, etc., a person or object has. / A word used when asking what is being chosen among several given people or things. / A word used to indirectly refer to a subject which does not need to be mentioned. / A word used to refer to a subject without setting limits to it.",determiner,concepts > questions,nikl-2024-mirror,https://huggingface.co/datasets/binjang/NIKL-korean-english-dictionary/resolve/3b4cfd2126debfd5440cade3ef6c2a3c20cf7cf9/2024_01.csv#record=46361,NIKL source band: beginner; project heuristic TOPIK 1: core-spelling/basic-life-category rule; not an official per-grade list
ko-nikl-46362,어떻다,,"Being such in one's thoughts, feelings, state, situation, etc.",descriptive verb,concepts > questions,nikl-2024-mirror,https://huggingface.co/datasets/binjang/NIKL-korean-english-dictionary/resolve/3b4cfd2126debfd5440cade3ef6c2a3c20cf7cf9/2024_01.csv#record=46362,NIKL source band: beginner; project heuristic TOPIK 1: core-spelling/basic-life-category rule; not an official per-grade list
ko-nikl-46370,어렵다,,Very complicated or hard to do. / Being in serious trouble or suffering great hardship. / Not easy to understand some words or a piece of writing. / Hard to make a living because one is poor. / Fastidious and not well-rounded in personality. / Low in possibility. / Awkward and cautious because one feels distant to someone else.,descriptive verb,people > abilities,nikl-2024-mirror,https://huggingface.co/datasets/binjang/NIKL-korean-english-dictionary/resolve/3b4cfd2126debfd5440cade3ef6c2a3c20cf7cf9/2024_01.csv#record=46370,NIKL source band: beginner; project heuristic TOPIK 1: core-spelling/basic-life-category rule; not an official per-grade list
ko-nikl-46417,어머니,,"A word used to refer to or address the woman who has given birth to you. / A word used to refer to or address a woman who has a child regarding her child. / A word used to refer to or address the woman whom a person treats as though she gave birth to him/her. / A word used to refer to or address a woman similar in age to another who gave birth to one child in an affectionate manner. / (figurative) A person or figure that loves, takes care of, and cares about someone else like her own child. / A word used to refer to or address the mother of one's husband in an affectionate manner. / (figurative) The origin of something.",noun,daily life > family relationships,nikl-2024-mirror,https://huggingface.co/datasets/binjang/NIKL-korean-english-dictionary/resolve/3b4cfd2126debfd5440cade3ef6c2a3c20cf7cf9/2024_01.csv#record=46417,NIKL source band: beginner; project heuristic TOPIK 1: core-spelling/basic-life-category rule; not an official per-grade list
ko-nikl-46419,어머님,,(honorific) A word used to refer to or address the woman who has procreated as the female parent. / (honorific) A word used to refer to or address a woman who has a child regarding her child. / (honorific) A word used to refer to or address the woman whom a person treats as though she gave birth to him/her. / (honorific) A word used to refer to or address a woman similar in age to the woman who procreated oneself as the female parent in an affectionate manner. / (honorific) A word used to refer to or address one's husband's mother in an affectionate manner. / (honorific) A word used to refer to or address one's wife's mother in an affectionate manner.,noun,daily life > family relationships,nikl-2024-mirror,https://huggingface.co/datasets/binjang/NIKL-korean-english-dictionary/resolve/3b4cfd2126debfd5440cade3ef6c2a3c20cf7cf9/2024_01.csv#record=46419,NIKL source band: beginner; project heuristic TOPIK 1: core-spelling/basic-life-category rule; not an official per-grade list
ko-nikl-46454,어서,,A word used to hurry someone to work or do something quickly. / A word used to welcome someone or eagerly ask someone to do something. / Quickly without delay.,adverb,concepts > time,nikl-2024-mirror,https://huggingface.co/datasets/binjang/NIKL-korean-english-dictionary/resolve/3b4cfd2126debfd5440cade3ef6c2a3c20cf7cf9/2024_01.csv#record=46454,NIKL source band: beginner; project heuristic TOPIK 1: core-spelling/basic-life-category rule; not an official per-grade list
ko-nikl-46526,어제,,On the day before today.,adverb,concepts > time,nikl-2024-mirror,https://huggingface.co/datasets/binjang/NIKL-korean-english-dictionary/resolve/3b4cfd2126debfd5440cade3ef6c2a3c20cf7cf9/2024_01.csv#record=46526,NIKL source band: beginner; project heuristic TOPIK 1: core-spelling/basic-life-category rule; not an official per-grade list
ko-nikl-46521,어제,,The day before the present day. / The time that has gone by.,noun,concepts > time,nikl-2024-mirror,https://huggingface.co/datasets/binjang/NIKL-korean-english-dictionary/resolve/3b4cfd2126debfd5440cade3ef6c2a3c20cf7cf9/2024_01.csv#record=46521,NIKL source band: beginner; project heuristic TOPIK 1: core-spelling/basic-life-category rule; not an official per-grade list
ko-nikl-46528,어젯밤,,The previous night.,noun,concepts > time,nikl-2024-mirror,https://huggingface.co/datasets/binjang/NIKL-korean-english-dictionary/resolve/3b4cfd2126debfd5440cade3ef6c2a3c20cf7cf9/2024_01.csv#record=46528,NIKL source band: beginner; project heuristic TOPIK 1: core-spelling/basic-life-category rule; not an official per-grade list
ko-nikl-46608,억,,The number that is the product of ten thousand times ten thousand.,determiner,concepts > numbers,nikl-2024-mirror,https://huggingface.co/datasets/binjang/NIKL-korean-english-dictionary/resolve/3b4cfd2126debfd5440cade3ef6c2a3c20cf7cf9/2024_01.csv#record=46608,NIKL source band: beginner; project heuristic TOPIK 1: core-spelling/basic-life-category rule; not an official per-grade list
ko-nikl-46607,억,,The number that is the product of ten thousand times ten thousand.,numeral,concepts > numbers,nikl-2024-mirror,https://huggingface.co/datasets/binjang/NIKL-korean-english-dictionary/resolve/3b4cfd2126debfd5440cade3ef6c2a3c20cf7cf9/2024_01.csv#record=46607,NIKL source band: beginner; project heuristic TOPIK 1: core-spelling/basic-life-category rule; not an official per-grade list
ko-nikl-46648,언니,,A word used only by a female to refer to or address her female siblings or cousins older than herself. / A word used only by a female to refer to or address another female older than herself endearingly.,noun,daily life > family relationships,nikl-2024-mirror,https://huggingface.co/datasets/binjang/NIKL-korean-english-dictionary/resolve/3b4cfd2126debfd5440cade3ef6c2a3c20cf7cf9/2024_01.csv#record=46648,NIKL source band: beginner; project heuristic TOPIK 1: core-spelling/basic-life-category rule; not an official per-grade list
ko-nikl-46682,언제,,At some time one does not know. / At some time in the future that is not decided. / At any time; whenever.,adverb,concepts > questions,nikl-2024-mirror,https://huggingface.co/datasets/binjang/NIKL-korean-english-dictionary/resolve/3b4cfd2126debfd5440cade3ef6c2a3c20cf7cf9/2024_01.csv#record=46682,NIKL source band: beginner; project heuristic TOPIK 1: core-spelling/basic-life-category rule; not an official per-grade list
ko-nikl-46681,언제,,Some time that one does not know. / The time of the past. / Some indefinite time.,pronoun,concepts > questions,nikl-2024-mirror,https://huggingface.co/datasets/binjang/NIKL-korean-english-dictionary/resolve/3b4cfd2126debfd5440cade3ef6c2a3c20cf7cf9/2024_01.csv#record=46681,NIKL source band: beginner; project heuristic TOPIK 1: core-spelling/basic-life-category rule; not an official per-grade list
ko-nikl-46683,언제나,,Every time; invariably without changing with time. / At what time. / At any time.,adverb,concepts > time,nikl-2024-mirror,https://huggingface.co/datasets/binjang/NIKL-korean-english-dictionary/resolve/3b4cfd2126debfd5440cade3ef6c2a3c20cf7cf9/2024_01.csv#record=46683,NIKL source band: beginner; project heuristic TOPIK 1: core-spelling/basic-life-category rule; not an official per-grade list
ko-nikl-46708,얼굴,,"The front part of the head that has the eyes, nose and mouth. / The overall appearance or look of the front part of the head. / One's reputation, honor, dignitiy and good name that is widely known to people around him/her. / The look on one's face that represents the state of his/her mind. / A figure that engages in a certain activity. / Something that is representative of an object or well depicts its true nature.",noun,people > body parts,nikl-2024-mirror,https://huggingface.co/datasets/binjang/NIKL-korean-english-dictionary/resolve/3b4cfd2126debfd5440cade3ef6c2a3c20cf7cf9/2024_01.csv#record=46708,NIKL source band: beginner; project heuristic TOPIK 1: core-spelling/basic-life-category rule; not an official per-grade list
ko-nikl-46742,얼마,,"A number, amount, price, and degree that one does not know exactly. / A number, amount, price, or degree that has not been specified. / A small number, amount, degree, or low price that one does not need to specify.",noun,concepts > questions,nikl-2024-mirror,https://huggingface.co/datasets/binjang/NIKL-korean-english-dictionary/resolve/3b4cfd2126debfd5440cade3ef6c2a3c20cf7cf9/2024_01.csv#record=46742,NIKL source band: beginner; project heuristic TOPIK 1: core-spelling/basic-life-category rule; not an official per-grade list
ko-nikl-46758,얼음,,Frozen and hardened water. / A state in which a part of one's body is frozen and numb. / (figurative) An atmosphere or relation that is not good and very cold.,noun,food > ingredients,nikl-2024-mirror,https://huggingface.co/datasets/binjang/NIKL-korean-english-dictionary/resolve/3b4cfd2126debfd5440cade3ef6c2a3c20cf7cf9/2024_01.csv#record=46758,NIKL source band: beginner; project heuristic TOPIK 1: core-spelling/basic-life-category rule; not an official per-grade list
ko-nikl-46789,엄마,,"A word used to refer to or address one's mother in an informal situation. / A word used to refer to or address a woman with a child regarding her child, usually attached to the child's name.",noun,daily life > family relationships,nikl-2024-mirror,https://huggingface.co/datasets/binjang/NIKL-korean-english-dictionary/resolve/3b4cfd2126debfd5440cade3ef6c2a3c20cf7cf9/2024_01.csv#record=46789,NIKL source band: beginner; project heuristic TOPIK 1: core-spelling/basic-life-category rule; not an official per-grade list
ko-nikl-46845,없다,,"(for a person or thing to be) Not existent in reality. / (for a fact or phenomenon to be) Not existent in reality. / (for an affair or symptom to be) Not occurring / (for something to be) Not much in quantity. / Poor due to lack of money, assets, etc. / (for something to be) Not possible. / (for a person, thing, phenomenon, etc. to be) Not occupying a spot or space at a certain location. / (for a human or animal to be) Not staying or living in a certain place. / Very scarce. / Not included within a certain scope. / Not having something or not possessing a credential, ability, etc. / Not having a person with whom one is in a certain relation. / (for something to be) Not occurring to someone. / Unable to materialize due to a reason or a lack of possibility. / Lacking distinction between top and bottom, left and right, higher and lower statuses, etc.",descriptive verb,general / source uncategorized,nikl-2024-mirror,https://huggingface.co/datasets/binjang/NIKL-korean-english-dictionary/resolve/3b4cfd2126debfd5440cade3ef6c2a3c20cf7cf9/2024_01.csv#record=46845,NIKL source band: beginner; project heuristic TOPIK 1: core-spelling/basic-life-category rule; not an official per-grade list
ko-nikl-46871,엉덩이,,The fleshy part between the waist and thigh that touches the floor when one is sitting.,noun,people > body parts,nikl-2024-mirror,https://huggingface.co/datasets/binjang/NIKL-korean-english-dictionary/resolve/3b4cfd2126debfd5440cade3ef6c2a3c20cf7cf9/2024_01.csv#record=46871,NIKL source band: beginner; project heuristic TOPIK 1: core-spelling/basic-life-category rule; not an official per-grade list
ko-nikl-46950,에어컨,,A device that generates cool air and controls humidity.,noun,housing > household goods,nikl-2024-mirror,https://huggingface.co/datasets/binjang/NIKL-korean-english-dictionary/resolve/3b4cfd2126debfd5440cade3ef6c2a3c20cf7cf9/2024_01.csv#record=46950,NIKL source band: beginner; project heuristic TOPIK 1: core-spelling/basic-life-category rule; not an official per-grade list
ko-nikl-46982,엘리베이터,,A device that transports people or freight between floors by using motive power.,noun,housing > parts of a home,nikl-2024-mirror,https://huggingface.co/datasets/binjang/NIKL-korean-english-dictionary/resolve/3b4cfd2126debfd5440cade3ef6c2a3c20cf7cf9/2024_01.csv#record=46982,NIKL source band: beginner; project heuristic TOPIK 1: core-spelling/basic-life-category rule; not an official per-grade list
ko-nikl-47023,여기,,A pronoun used to indicate a place close to the speaker. / A pronoun used to indicate the previously-mentioned object.,pronoun,concepts > demonstratives,nikl-2024-mirror,https://huggingface.co/datasets/binjang/NIKL-korean-english-dictionary/resolve/3b4cfd2126debfd5440cade3ef6c2a3c20cf7cf9/2024_01.csv#record=47023,NIKL source band: beginner; project heuristic TOPIK 1: core-spelling/basic-life-category rule; not an official per-grade list
ko-nikl-47026,여기저기,,A variety of places or locations that are not clearly specified.,noun,concepts > location and direction,nikl-2024-mirror,https://huggingface.co/datasets/binjang/NIKL-korean-english-dictionary/resolve/3b4cfd2126debfd5440cade3ef6c2a3c20cf7cf9/2024_01.csv#record=47026,NIKL source band: beginner; project heuristic TOPIK 1: core-spelling/basic-life-category rule; not an official per-grade list
ko-nikl-47043,여덟,,The number that is the sum of seven and one.,determiner,concepts > numbers,nikl-2024-mirror,https://huggingface.co/datasets/binjang/NIKL-korean-english-dictionary/resolve/3b4cfd2126debfd5440cade3ef6c2a3c20cf7cf9/2024_01.csv#record=47043,NIKL source band: beginner; project heuristic TOPIK 1: core-spelling/basic-life-category rule; not an official per-grade list
ko-nikl-47042,여덟,,The number that is the sum of seven and one.,numeral,concepts > numbers,nikl-2024-mirror,https://huggingface.co/datasets/binjang/NIKL-korean-english-dictionary/resolve/3b4cfd2126debfd5440cade3ef6c2a3c20cf7cf9/2024_01.csv#record=47042,NIKL source band: beginner; project heuristic TOPIK 1: core-spelling/basic-life-category rule; not an official per-grade list
ko-nikl-47052,여동생,,A sister who is younger than oneself.,noun,daily life > family relationships,nikl-2024-mirror,https://huggingface.co/datasets/binjang/NIKL-korean-english-dictionary/resolve/3b4cfd2126debfd5440cade3ef6c2a3c20cf7cf9/2024_01.csv#record=47052,NIKL source band: beginner; project heuristic TOPIK 1: core-spelling/basic-life-category rule; not an official per-grade list
ko-nikl-47058,여든,,The number that is the product of eight times ten.,determiner,concepts > numbers,nikl-2024-mirror,https://huggingface.co/datasets/binjang/NIKL-korean-english-dictionary/resolve/3b4cfd2126debfd5440cade3ef6c2a3c20cf7cf9/2024_01.csv#record=47058,NIKL source band: beginner; project heuristic TOPIK 1: core-spelling/basic-life-category rule; not an official per-grade list
ko-nikl-47057,여든,,The number that is the product of eight times ten.,numeral,concepts > numbers,nikl-2024-mirror,https://huggingface.co/datasets/binjang/NIKL-korean-english-dictionary/resolve/3b4cfd2126debfd5440cade3ef6c2a3c20cf7cf9/2024_01.csv#record=47057,NIKL source band: beginner; project heuristic TOPIK 1: core-spelling/basic-life-category rule; not an official per-grade list
ko-nikl-47060,여러,,A large number of.,determiner,concepts > numbers,nikl-2024-mirror,https://huggingface.co/datasets/binjang/NIKL-korean-english-dictionary/resolve/3b4cfd2126debfd5440cade3ef6c2a3c20cf7cf9/2024_01.csv#record=47060,NIKL source band: beginner; project heuristic TOPIK 1: core-spelling/basic-life-category rule; not an official per-grade list
ko-nikl-47062,여러분,,A pronoun used to respectfully address multiple listeners.,pronoun,concepts > personal reference,nikl-2024-mirror,https://huggingface.co/datasets/binjang/NIKL-korean-english-dictionary/resolve/3b4cfd2126debfd5440cade3ef6c2a3c20cf7cf9/2024_01.csv#record=47062,NIKL source band: beginner; project heuristic TOPIK 1: core-spelling/basic-life-category rule; not an official per-grade list
ko-nikl-47067,여름,,One of four seasons which is hot and comes between spring and fall.,noun,concepts > time,nikl-2024-mirror,https://huggingface.co/datasets/binjang/NIKL-korean-english-dictionary/resolve/3b4cfd2126debfd5440cade3ef6c2a3c20cf7cf9/2024_01.csv#record=47067,NIKL source band: beginner; project heuristic TOPIK 1: core-spelling/basic-life-category rule; not an official per-grade list
ko-nikl-47088,여보세요,,An exclamation used to call another person who is nearby. / An exclamation used to call the other person on the phone.,interjection,general / source uncategorized,nikl-2024-mirror,https://huggingface.co/datasets/binjang/NIKL-korean-english-dictionary/resolve/3b4cfd2126debfd5440cade3ef6c2a3c20cf7cf9/2024_01.csv#record=47088,NIKL source band: beginner; project heuristic TOPIK 1: core-spelling/basic-life-category rule; not an official per-grade list
ko-nikl-47110,여섯,,The number that is the sum of five and one.,determiner,concepts > numbers,nikl-2024-mirror,https://huggingface.co/datasets/binjang/NIKL-korean-english-dictionary/resolve/3b4cfd2126debfd5440cade3ef6c2a3c20cf7cf9/2024_01.csv#record=47110,NIKL source band: beginner; project heuristic TOPIK 1: core-spelling/basic-life-category rule; not an official per-grade list
ko-nikl-47109,여섯,,The number that is the sum of five and one.,numeral,concepts > numbers,nikl-2024-mirror,https://huggingface.co/datasets/binjang/NIKL-korean-english-dictionary/resolve/3b4cfd2126debfd5440cade3ef6c2a3c20cf7cf9/2024_01.csv#record=47109,NIKL source band: beginner; project heuristic TOPIK 1: core-spelling/basic-life-category rule; not an official per-grade list
ko-nikl-47213,여학생,,A student who is female.,noun,education > teachers and learners,nikl-2024-mirror,https://huggingface.co/datasets/binjang/NIKL-korean-english-dictionary/resolve/3b4cfd2126debfd5440cade3ef6c2a3c20cf7cf9/2024_01.csv#record=47213,NIKL source band: beginner; project heuristic TOPIK 1: core-spelling/basic-life-category rule; not an official per-grade list
ko-nikl-47215,여행,,"The act of going away from home, and visiting other places or foreign countries and doing sightseeing.",noun,daily life > leisure activities,nikl-2024-mirror,https://huggingface.co/datasets/binjang/NIKL-korean-english-dictionary/resolve/3b4cfd2126debfd5440cade3ef6c2a3c20cf7cf9/2024_01.csv#record=47215,NIKL source band: beginner; project heuristic TOPIK 1: core-spelling/basic-life-category rule; not an official per-grade list
ko-nikl-47229,역,,A place where a train departs and arrives.,noun,social life > transport facilities,nikl-2024-mirror,https://huggingface.co/datasets/binjang/NIKL-korean-english-dictionary/resolve/3b4cfd2126debfd5440cade3ef6c2a3c20cf7cf9/2024_01.csv#record=47229,NIKL source band: beginner; project heuristic TOPIK 1: core-spelling/basic-life-category rule; not an official per-grade list
ko-nikl-47426,연말,,The year's end.,noun,concepts > time,nikl-2024-mirror,https://huggingface.co/datasets/binjang/NIKL-korean-english-dictionary/resolve/3b4cfd2126debfd5440cade3ef6c2a3c20cf7cf9/2024_01.csv#record=47426,NIKL source band: beginner; project heuristic TOPIK 1: core-spelling/basic-life-category rule; not an official per-grade list
ko-nikl-47589,연필,,An implement used to write or draw by putting thin and long black lead in a wooden stick.,noun,education > learning materials,nikl-2024-mirror,https://huggingface.co/datasets/binjang/NIKL-korean-english-dictionary/resolve/3b4cfd2126debfd5440cade3ef6c2a3c20cf7cf9/2024_01.csv#record=47589,NIKL source band: beginner; project heuristic TOPIK 1: core-spelling/basic-life-category rule; not an official per-grade list
ko-nikl-47616,연휴,,More than two holidays in a row; the holidays.,noun,concepts > time,nikl-2024-mirror,https://huggingface.co/datasets/binjang/NIKL-korean-english-dictionary/resolve/3b4cfd2126debfd5440cade3ef6c2a3c20cf7cf9/2024_01.csv#record=47616,NIKL source band: beginner; project heuristic TOPIK 1: core-spelling/basic-life-category rule; not an official per-grade list
ko-nikl-47621,열,,Equal to 9 + 1.,determiner,concepts > numbers,nikl-2024-mirror,https://huggingface.co/datasets/binjang/NIKL-korean-english-dictionary/resolve/3b4cfd2126debfd5440cade3ef6c2a3c20cf7cf9/2024_01.csv#record=47621,NIKL source band: beginner; project heuristic TOPIK 1: core-spelling/basic-life-category rule; not an official per-grade list
ko-nikl-47631,열,,A hot sensation that occurs when one is sick. / An energy that causes something to become hot. / The devotion that one gives to something. / The state of being furious or agitated.,noun,daily life > illness and symptoms,nikl-2024-mirror,https://huggingface.co/datasets/binjang/NIKL-korean-english-dictionary/resolve/3b4cfd2126debfd5440cade3ef6c2a3c20cf7cf9/2024_01.csv#record=47631,NIKL source band: beginner; project heuristic TOPIK 1: core-spelling/basic-life-category rule; not an official per-grade list
ko-nikl-47617,열,,The cardinal number equal to 9 + 1.,numeral,concepts > numbers,nikl-2024-mirror,https://huggingface.co/datasets/binjang/NIKL-korean-english-dictionary/resolve/3b4cfd2126debfd5440cade3ef6c2a3c20cf7cf9/2024_01.csv#record=47617,NIKL source band: beginner; project heuristic TOPIK 1: core-spelling/basic-life-category rule; not an official per-grade list
ko-nikl-47651,열다,,"To open or unlock something closed or locked. / To begin a meeting or conference. / To begin business for the day. / To begin operating a store, company, etc. / To provide the most important opportunity or condition for something. / To open one's heart to another or accept his/her mind. / To disclose something to someone or begin talking to him/her.",verb,general / source uncategorized,nikl-2024-mirror,https://huggingface.co/datasets/binjang/NIKL-korean-english-dictionary/resolve/3b4cfd2126debfd5440cade3ef6c2a3c20cf7cf9/2024_01.csv#record=47651,NIKL source band: beginner; project heuristic TOPIK 1: core-spelling/basic-life-category rule; not an official per-grade list
ko-nikl-47692,열쇠,,A device for locking or opening a lock. / (figurative) An important piece of information or an object that helps resolve a case or problem.,noun,housing > household goods,nikl-2024-mirror,https://huggingface.co/datasets/binjang/NIKL-korean-english-dictionary/resolve/3b4cfd2126debfd5440cade3ef6c2a3c20cf7cf9/2024_01.csv#record=47692,NIKL source band: beginner; project heuristic TOPIK 1: core-spelling/basic-life-category rule; not an official per-grade list
ko-nikl-47714,열차,,A railroad or subway train made of a series of cars linked serially.,noun,social life > transport,nikl-2024-mirror,https://huggingface.co/datasets/binjang/NIKL-korean-english-dictionary/resolve/3b4cfd2126debfd5440cade3ef6c2a3c20cf7cf9/2024_01.csv#record=47714,NIKL source band: beginner; project heuristic TOPIK 1: core-spelling/basic-life-category rule; not an official per-grade list
ko-nikl-47722,열흘,,Ten days / The tenth date counted from the first date of each month.,noun,concepts > time,nikl-2024-mirror,https://huggingface.co/datasets/binjang/NIKL-korean-english-dictionary/resolve/3b4cfd2126debfd5440cade3ef6c2a3c20cf7cf9/2024_01.csv#record=47722,NIKL source band: beginner; project heuristic TOPIK 1: core-spelling/basic-life-category rule; not an official per-grade list
ko-nikl-47791,영,,The number that indicates no value. / A state of not scoring a single point in a sports game or on a test.,noun,general / source uncategorized,nikl-2024-mirror,https://huggingface.co/datasets/binjang/NIKL-korean-english-dictionary/resolve/3b4cfd2126debfd5440cade3ef6c2a3c20cf7cf9/2024_01.csv#record=47791,NIKL source band: beginner; project heuristic TOPIK 1: core-spelling/basic-life-category rule; not an official per-grade list
ko-nikl-47862,영어,,"The most widely used language in the world, spoken in the UK and the US.",noun,social life > language,nikl-2024-mirror,https://huggingface.co/datasets/binjang/NIKL-korean-english-dictionary/resolve/3b4cfd2126debfd5440cade3ef6c2a3c20cf7cf9/2024_01.csv#record=47862,NIKL source band: beginner; project heuristic TOPIK 1: core-spelling/basic-life-category rule; not an official per-grade list
ko-nikl-47912,영화,,A composite art which captures moving objects on film with a certain message and then shows it on a screen by using a projector.,noun,culture > popular culture,nikl-2024-mirror,https://huggingface.co/datasets/binjang/NIKL-korean-english-dictionary/resolve/3b4cfd2126debfd5440cade3ef6c2a3c20cf7cf9/2024_01.csv#record=47912,NIKL source band: beginner; project heuristic TOPIK 1: core-spelling/basic-life-category rule; not an official per-grade list
ko-nikl-47923,옆,,The right or left side of something. / The space immediately next to or near something.,noun,concepts > location and direction,nikl-2024-mirror,https://huggingface.co/datasets/binjang/NIKL-korean-english-dictionary/resolve/3b4cfd2126debfd5440cade3ef6c2a3c20cf7cf9/2024_01.csv#record=47923,NIKL source band: beginner; project heuristic TOPIK 1: core-spelling/basic-life-category rule; not an official per-grade list
ko-nikl-47938,예,,An exclamation uttered when the speaker answers the call of his/her elder. / An exclamation uttered when the speaker affirmatively answers the call or order of his/her senior or superior. / An exclamation uttered when the speaker asks again what his/her elder said. / An exclamation uttered when the speaker pesters his/her elder to do something.,interjection,general / source uncategorized,nikl-2024-mirror,https://huggingface.co/datasets/binjang/NIKL-korean-english-dictionary/resolve/3b4cfd2126debfd5440cade3ef6c2a3c20cf7cf9/2024_01.csv#record=47938,NIKL source band: beginner; project heuristic TOPIK 1: core-spelling/basic-life-category rule; not an official per-grade list
ko-nikl-47995,예쁘다,,"The appearance of someone or something looking good and beautiful. / One's behavior, movements, way of speaking, etc., being lovely and cute. / A child making one feel satisfied because he/she behaves correctly and does what he/she is told.",descriptive verb,people > appearance,nikl-2024-mirror,https://huggingface.co/datasets/binjang/NIKL-korean-english-dictionary/resolve/3b4cfd2126debfd5440cade3ef6c2a3c20cf7cf9/2024_01.csv#record=47995,NIKL source band: beginner; project heuristic TOPIK 1: core-spelling/basic-life-category rule; not an official per-grade list
ko-nikl-48018,예순,,The number that is the product of six times ten.,determiner,concepts > numbers,nikl-2024-mirror,https://huggingface.co/datasets/binjang/NIKL-korean-english-dictionary/resolve/3b4cfd2126debfd5440cade3ef6c2a3c20cf7cf9/2024_01.csv#record=48018,NIKL source band: beginner; project heuristic TOPIK 1: core-spelling/basic-life-category rule; not an official per-grade list
ko-nikl-48017,예순,,The number that is the product of six times ten.,numeral,concepts > numbers,nikl-2024-mirror,https://huggingface.co/datasets/binjang/NIKL-korean-english-dictionary/resolve/3b4cfd2126debfd5440cade3ef6c2a3c20cf7cf9/2024_01.csv#record=48017,NIKL source band: beginner; project heuristic TOPIK 1: core-spelling/basic-life-category rule; not an official per-grade list
ko-nikl-48085,옛날,,A time that is far back from the present. / A time that passed.,noun,concepts > time,nikl-2024-mirror,https://huggingface.co/datasets/binjang/NIKL-korean-english-dictionary/resolve/3b4cfd2126debfd5440cade3ef6c2a3c20cf7cf9/2024_01.csv#record=48085,NIKL source band: beginner; project heuristic TOPIK 1: core-spelling/basic-life-category rule; not an official per-grade list
ko-nikl-48098,오,,Being the number five. / Being in fifth place.,determiner,concepts > numbers,nikl-2024-mirror,https://huggingface.co/datasets/binjang/NIKL-korean-english-dictionary/resolve/3b4cfd2126debfd5440cade3ef6c2a3c20cf7cf9/2024_01.csv#record=48098,NIKL source band: beginner; project heuristic TOPIK 1: core-spelling/basic-life-category rule; not an official per-grade list
ko-nikl-48097,오,,The number that is the sum of four and one.,numeral,concepts > numbers,nikl-2024-mirror,https://huggingface.co/datasets/binjang/NIKL-korean-english-dictionary/resolve/3b4cfd2126debfd5440cade3ef6c2a3c20cf7cf9/2024_01.csv#record=48097,NIKL source band: beginner; project heuristic TOPIK 1: core-spelling/basic-life-category rule; not an official per-grade list
ko-nikl-48124,오늘,,The day that is passing at the present time.,adverb,concepts > time,nikl-2024-mirror,https://huggingface.co/datasets/binjang/NIKL-korean-english-dictionary/resolve/3b4cfd2126debfd5440cade3ef6c2a3c20cf7cf9/2024_01.csv#record=48124,NIKL source band: beginner; project heuristic TOPIK 1: core-spelling/basic-life-category rule; not an official per-grade list
ko-nikl-48123,오늘,,The day that is passing at the present time. / The present; the current period.,noun,concepts > time,nikl-2024-mirror,https://huggingface.co/datasets/binjang/NIKL-korean-english-dictionary/resolve/3b4cfd2126debfd5440cade3ef6c2a3c20cf7cf9/2024_01.csv#record=48123,NIKL source band: beginner; project heuristic TOPIK 1: core-spelling/basic-life-category rule; not an official per-grade list
ko-nikl-48128,오다,,"For something to move from another place to here. / To belong to an organization for employment, study, etc. / For a means of transportation to run toward a destination. / For a thing or right to be transferred to someone. / For attention, spotlight, etc., to be concentrated to someone. / For news, correspondence, etc., to be heard by someone. / For electricity to be conducted to produce illumination or cause an electric shock. / For luck, reward, or opportuntity to materialize. / For something to be felt or recalled by someone. / To reach a place that one wants to go to. / For a state to occur in someone or something / To move from another place to here to attend a gathering that has a certain purpose. / For an unhealthy symptom to appear. / For the length or depth to reach or get to a certain degree. / To reach a certain time or period. / For something to be slanted toward a side. / For the rain, snow, etc., to fall, or for a cold spell to arrive. / For an illness, drowsiness, etc., to appear or occur. / For a time, season, etc., to come. / For something to occur due to a certain cause. / For something to be passed from one place to another. / To pass a path to move toward here. / To move from another place to here for a purpose or business.",verb,people > physical actions,nikl-2024-mirror,https://huggingface.co/datasets/binjang/NIKL-korean-english-dictionary/resolve/3b4cfd2126debfd5440cade3ef6c2a3c20cf7cf9/2024_01.csv#record=48128,NIKL source band: beginner; project heuristic TOPIK 1: core-spelling/basic-life-category rule; not an official per-grade list
ko-nikl-48173,오래,,For a long time.,adverb,concepts > time,nikl-2024-mirror,https://huggingface.co/datasets/binjang/NIKL-korean-english-dictionary/resolve/3b4cfd2126debfd5440cade3ef6c2a3c20cf7cf9/2024_01.csv#record=48173,NIKL source band: beginner; project heuristic TOPIK 1: core-spelling/basic-life-category rule; not an official per-grade list
ko-nikl-48175,오래간만,,A state in which a long time has passed since something happened.,noun,concepts > time,nikl-2024-mirror,https://huggingface.co/datasets/binjang/NIKL-korean-english-dictionary/resolve/3b4cfd2126debfd5440cade3ef6c2a3c20cf7cf9/2024_01.csv#record=48175,NIKL source band: beginner; project heuristic TOPIK 1: core-spelling/basic-life-category rule; not an official per-grade list
ko-nikl-48179,오래되다,,Marked by a long duration of time since the start or formation of something.,descriptive verb,concepts > time,nikl-2024-mirror,https://huggingface.co/datasets/binjang/NIKL-korean-english-dictionary/resolve/3b4cfd2126debfd5440cade3ef6c2a3c20cf7cf9/2024_01.csv#record=48179,NIKL source band: beginner; project heuristic TOPIK 1: core-spelling/basic-life-category rule; not an official per-grade list
ko-nikl-48183,오랜만,,A state in which a long time has passed since something happened.,noun,concepts > time,nikl-2024-mirror,https://huggingface.co/datasets/binjang/NIKL-korean-english-dictionary/resolve/3b4cfd2126debfd5440cade3ef6c2a3c20cf7cf9/2024_01.csv#record=48183,NIKL source band: beginner; project heuristic TOPIK 1: core-spelling/basic-life-category rule; not an official per-grade list
ko-nikl-48184,오랫동안,,For a very long time.,noun,concepts > time,nikl-2024-mirror,https://huggingface.co/datasets/binjang/NIKL-korean-english-dictionary/resolve/3b4cfd2126debfd5440cade3ef6c2a3c20cf7cf9/2024_01.csv#record=48184,NIKL source band: beginner; project heuristic TOPIK 1: core-spelling/basic-life-category rule; not an official per-grade list
ko-nikl-48185,오렌지,,"An orange-colored, round fruit which is juicy and has thick skin.",noun,food > fruit,nikl-2024-mirror,https://huggingface.co/datasets/binjang/NIKL-korean-english-dictionary/resolve/3b4cfd2126debfd5440cade3ef6c2a3c20cf7cf9/2024_01.csv#record=48185,NIKL source band: beginner; project heuristic TOPIK 1: core-spelling/basic-life-category rule; not an official per-grade list
ko-nikl-48199,오른손,,The hand on the right side.,noun,people > body parts,nikl-2024-mirror,https://huggingface.co/datasets/binjang/NIKL-korean-english-dictionary/resolve/3b4cfd2126debfd5440cade3ef6c2a3c20cf7cf9/2024_01.csv#record=48199,NIKL source band: beginner; project heuristic TOPIK 1: core-spelling/basic-life-category rule; not an official per-grade list
ko-nikl-48201,오른쪽,,The east-facing side from the vantage point of someone who is facing north.,noun,concepts > location and direction,nikl-2024-mirror,https://huggingface.co/datasets/binjang/NIKL-korean-english-dictionary/resolve/3b4cfd2126debfd5440cade3ef6c2a3c20cf7cf9/2024_01.csv#record=48201,NIKL source band: beginner; project heuristic TOPIK 1: core-spelling/basic-life-category rule; not an official per-grade list
ko-nikl-48250,오빠,,A word used only by a girl to refer to or address her male siblings or cousins older than herself. / A word used only by a girl to refer to or address endearingly another male who is older than she.,noun,daily life > family relationships,nikl-2024-mirror,https://huggingface.co/datasets/binjang/NIKL-korean-english-dictionary/resolve/3b4cfd2126debfd5440cade3ef6c2a3c20cf7cf9/2024_01.csv#record=48250,NIKL source band: beginner; project heuristic TOPIK 1: core-spelling/basic-life-category rule; not an official per-grade list
ko-nikl-48267,오십,,Being the number fifty. / Being in fiftieth place.,determiner,concepts > numbers,nikl-2024-mirror,https://huggingface.co/datasets/binjang/NIKL-korean-english-dictionary/resolve/3b4cfd2126debfd5440cade3ef6c2a3c20cf7cf9/2024_01.csv#record=48267,NIKL source band: beginner; project heuristic TOPIK 1: core-spelling/basic-life-category rule; not an official per-grade list
ko-nikl-48266,오십,,The number that is the product of five times ten.,numeral,concepts > numbers,nikl-2024-mirror,https://huggingface.co/datasets/binjang/NIKL-korean-english-dictionary/resolve/3b4cfd2126debfd5440cade3ef6c2a3c20cf7cf9/2024_01.csv#record=48266,NIKL source band: beginner; project heuristic TOPIK 1: core-spelling/basic-life-category rule; not an official per-grade list
ko-nikl-48288,오월,,The fifth month in a year.,noun,concepts > time,nikl-2024-mirror,https://huggingface.co/datasets/binjang/NIKL-korean-english-dictionary/resolve/3b4cfd2126debfd5440cade3ef6c2a3c20cf7cf9/2024_01.csv#record=48288,NIKL source band: beginner; project heuristic TOPIK 1: core-spelling/basic-life-category rule; not an official per-grade list
ko-nikl-48289,오이,,"A plant which has yellow flowers and long, oval-shaped, green fruits in summer, or its fruit.",noun,food > vegetables,nikl-2024-mirror,https://huggingface.co/datasets/binjang/NIKL-korean-english-dictionary/resolve/3b4cfd2126debfd5440cade3ef6c2a3c20cf7cf9/2024_01.csv#record=48289,NIKL source band: beginner; project heuristic TOPIK 1: core-spelling/basic-life-category rule; not an official per-grade list
ko-nikl-48308,오전,,The time from morning to noon. / The time from 12 a.m. to 12 p.m.,noun,concepts > time,nikl-2024-mirror,https://huggingface.co/datasets/binjang/NIKL-korean-english-dictionary/resolve/3b4cfd2126debfd5440cade3ef6c2a3c20cf7cf9/2024_01.csv#record=48308,NIKL source band: beginner; project heuristic TOPIK 1: core-spelling/basic-life-category rule; not an official per-grade list
ko-nikl-48351,오후,,The duration from noon to the time when the sun goes down. / The time from noon to 12 a.m.,noun,concepts > time,nikl-2024-mirror,https://huggingface.co/datasets/binjang/NIKL-korean-english-dictionary/resolve/3b4cfd2126debfd5440cade3ef6c2a3c20cf7cf9/2024_01.csv#record=48351,NIKL source band: beginner; project heuristic TOPIK 1: core-spelling/basic-life-category rule; not an official per-grade list
ko-nikl-48477,올해,,The current year.,noun,concepts > time,nikl-2024-mirror,https://huggingface.co/datasets/binjang/NIKL-korean-english-dictionary/resolve/3b4cfd2126debfd5440cade3ef6c2a3c20cf7cf9/2024_01.csv#record=48477,NIKL source band: beginner; project heuristic TOPIK 1: core-spelling/basic-life-category rule; not an official per-grade list
ko-nikl-48499,옷,,"An item that one wears to cover his/her body, protect himself/herself from cold, heat, etc., and look fashionable. / Something that is put or attached on a food.",noun,clothing and appearance > types of clothing,nikl-2024-mirror,https://huggingface.co/datasets/binjang/NIKL-korean-english-dictionary/resolve/3b4cfd2126debfd5440cade3ef6c2a3c20cf7cf9/2024_01.csv#record=48499,NIKL source band: beginner; project heuristic TOPIK 1: core-spelling/basic-life-category rule; not an official per-grade list
ko-nikl-48504,옷걸이,,An object on which clothes can be hung.,noun,housing > household goods,nikl-2024-mirror,https://huggingface.co/datasets/binjang/NIKL-korean-english-dictionary/resolve/3b4cfd2126debfd5440cade3ef6c2a3c20cf7cf9/2024_01.csv#record=48504,NIKL source band: beginner; project heuristic TOPIK 1: core-spelling/basic-life-category rule; not an official per-grade list
ko-nikl-48513,옷장,,A piece of furniture for storing clothes.,noun,housing > household goods,nikl-2024-mirror,https://huggingface.co/datasets/binjang/NIKL-korean-english-dictionary/resolve/3b4cfd2126debfd5440cade3ef6c2a3c20cf7cf9/2024_01.csv#record=48513,NIKL source band: beginner; project heuristic TOPIK 1: core-spelling/basic-life-category rule; not an official per-grade list
ko-nikl-48547,와,,An exclamation uttered when something pleasant happens unexpectedly. / An exclamation that several people shout vigorously. / An exclamation uttered to soothe and stop a cow or horse.,interjection,general / source uncategorized,nikl-2024-mirror,https://huggingface.co/datasets/binjang/NIKL-korean-english-dictionary/resolve/3b4cfd2126debfd5440cade3ef6c2a3c20cf7cf9/2024_01.csv#record=48547,NIKL source band: beginner; project heuristic TOPIK 1: core-spelling/basic-life-category rule; not an official per-grade list
ko-nikl-48564,와이셔츠,,"A shirt with a collar and sleeves, which is worn under a suit jacket.",noun,clothing and appearance > types of clothing,nikl-2024-mirror,https://huggingface.co/datasets/binjang/NIKL-korean-english-dictionary/resolve/3b4cfd2126debfd5440cade3ef6c2a3c20cf7cf9/2024_01.csv#record=48564,NIKL source band: beginner; project heuristic TOPIK 1: core-spelling/basic-life-category rule; not an official per-grade list
ko-nikl-48724,왜,,For what reason; how come.,adverb,concepts > questions,nikl-2024-mirror,https://huggingface.co/datasets/binjang/NIKL-korean-english-dictionary/resolve/3b4cfd2126debfd5440cade3ef6c2a3c20cf7cf9/2024_01.csv#record=48724,NIKL source band: beginner; project heuristic TOPIK 1: core-spelling/basic-life-category rule; not an official per-grade list
ko-nikl-48731,왜냐하면,,For the reason that.,adverb,general / source uncategorized,nikl-2024-mirror,https://huggingface.co/datasets/binjang/NIKL-korean-english-dictionary/resolve/3b4cfd2126debfd5440cade3ef6c2a3c20cf7cf9/2024_01.csv#record=48731,NIKL source band: beginner; project heuristic TOPIK 1: core-spelling/basic-life-category rule; not an official per-grade list
ko-nikl-48874,외출,,"An act of going outside of your home, company, etc. to do something else.",noun,daily life > daily routines,nikl-2024-mirror,https://huggingface.co/datasets/binjang/NIKL-korean-english-dictionary/resolve/3b4cfd2126debfd5440cade3ef6c2a3c20cf7cf9/2024_01.csv#record=48874,NIKL source band: beginner; project heuristic TOPIK 1: core-spelling/basic-life-category rule; not an official per-grade list
ko-nikl-48908,왼손,,A left hand,noun,people > body parts,nikl-2024-mirror,https://huggingface.co/datasets/binjang/NIKL-korean-english-dictionary/resolve/3b4cfd2126debfd5440cade3ef6c2a3c20cf7cf9/2024_01.csv#record=48908,NIKL source band: beginner; project heuristic TOPIK 1: core-spelling/basic-life-category rule; not an official per-grade list
ko-nikl-48910,왼쪽,,The side of someone facing west when he/she turns toward the north.,noun,concepts > location and direction,nikl-2024-mirror,https://huggingface.co/datasets/binjang/NIKL-korean-english-dictionary/resolve/3b4cfd2126debfd5440cade3ef6c2a3c20cf7cf9/2024_01.csv#record=48910,NIKL source band: beginner; project heuristic TOPIK 1: core-spelling/basic-life-category rule; not an official per-grade list
ko-nikl-48987,요리,,An act of making food. / Food made with well-prepared ingredients. / (slang) An act of managing something or someone skillfully as one wants.,noun,food > eating and cooking,nikl-2024-mirror,https://huggingface.co/datasets/binjang/NIKL-korean-english-dictionary/resolve/3b4cfd2126debfd5440cade3ef6c2a3c20cf7cf9/2024_01.csv#record=48987,NIKL source band: beginner; project heuristic TOPIK 1: core-spelling/basic-life-category rule; not an official per-grade list
ko-nikl-48991,요리사,,A person who cooks as an occupation.,noun,social life > occupations,nikl-2024-mirror,https://huggingface.co/datasets/binjang/NIKL-korean-english-dictionary/resolve/3b4cfd2126debfd5440cade3ef6c2a3c20cf7cf9/2024_01.csv#record=48991,NIKL source band: beginner; project heuristic TOPIK 1: core-spelling/basic-life-category rule; not an official per-grade list
ko-nikl-49048,요일,,Each of the seven days that constitute one week.,noun,concepts > time,nikl-2024-mirror,https://huggingface.co/datasets/binjang/NIKL-korean-english-dictionary/resolve/3b4cfd2126debfd5440cade3ef6c2a3c20cf7cf9/2024_01.csv#record=49048,NIKL source band: beginner; project heuristic TOPIK 1: core-spelling/basic-life-category rule; not an official per-grade list
ko-nikl-49060,요즘,,A period from a while ago to the present.,noun,concepts > time,nikl-2024-mirror,https://huggingface.co/datasets/binjang/NIKL-korean-english-dictionary/resolve/3b4cfd2126debfd5440cade3ef6c2a3c20cf7cf9/2024_01.csv#record=49060,NIKL source band: beginner; project heuristic TOPIK 1: core-spelling/basic-life-category rule; not an official per-grade list
ko-nikl-49227,우동,,"Thick stripes of noodles, or a soup made by boiling them.",noun,food > dishes,nikl-2024-mirror,https://huggingface.co/datasets/binjang/NIKL-korean-english-dictionary/resolve/3b4cfd2126debfd5440cade3ef6c2a3c20cf7cf9/2024_01.csv#record=49227,NIKL source band: beginner; project heuristic TOPIK 1: core-spelling/basic-life-category rule; not an official per-grade list
ko-nikl-49275,우리,,"A pronoun used when the speaker refers to himself/herself and the listener or listeners, or a group of people including the speaker and listener or listeners. / A pronoun used when the speaker refers to several people including himself/herself while speaking to a person senior to himself/herself. / we: A pronoun used when the speaker intimately refers to something related to him/her while speaking to the person junior to himself/herself.",pronoun,concepts > personal reference,nikl-2024-mirror,https://huggingface.co/datasets/binjang/NIKL-korean-english-dictionary/resolve/3b4cfd2126debfd5440cade3ef6c2a3c20cf7cf9/2024_01.csv#record=49275,NIKL source band: beginner; project heuristic TOPIK 1: core-spelling/basic-life-category rule; not an official per-grade list
ko-nikl-49309,우산,,"An implement that folds out like a canopy on a rod, which one holds over one's head as a cover from rain.",noun,clothing and appearance > hats shoes and accessories,nikl-2024-mirror,https://huggingface.co/datasets/binjang/NIKL-korean-english-dictionary/resolve/3b4cfd2126debfd5440cade3ef6c2a3c20cf7cf9/2024_01.csv#record=49309,NIKL source band: beginner; project heuristic TOPIK 1: core-spelling/basic-life-category rule; not an official per-grade list
ko-nikl-49381,우유,,"The milk of a cow; a white liquid used to produce ice cream, butter, cheese, etc.",noun,food > drinks,nikl-2024-mirror,https://huggingface.co/datasets/binjang/NIKL-korean-english-dictionary/resolve/3b4cfd2126debfd5440cade3ef6c2a3c20cf7cf9/2024_01.csv#record=49381,NIKL source band: beginner; project heuristic TOPIK 1: core-spelling/basic-life-category rule; not an official per-grade list
ko-nikl-49412,우체국,,"A public institution whose work involves delivering letters and packages, or managing monetary deposits, etc.",noun,politics and administration > public institutions,nikl-2024-mirror,https://huggingface.co/datasets/binjang/NIKL-korean-english-dictionary/resolve/3b4cfd2126debfd5440cade3ef6c2a3c20cf7cf9/2024_01.csv#record=49412,NIKL source band: beginner; project heuristic TOPIK 1: core-spelling/basic-life-category rule; not an official per-grade list
ko-nikl-49456,운동,,The act of moving one's body in order to train it or improve one's health. / An activity for achieving a certain goal. / The act of competing with others in some abilities or skills by moving one's body according to certain rules and methods. / The activity or movement of an object that changes through time.,noun,daily life > leisure activities,nikl-2024-mirror,https://huggingface.co/datasets/binjang/NIKL-korean-english-dictionary/resolve/3b4cfd2126debfd5440cade3ef6c2a3c20cf7cf9/2024_01.csv#record=49456,NIKL source band: beginner; project heuristic TOPIK 1: core-spelling/basic-life-category rule; not an official per-grade list
ko-nikl-49465,운동복,,The clothes worn when doing an exercise.,noun,clothing and appearance > types of clothing,nikl-2024-mirror,https://huggingface.co/datasets/binjang/NIKL-korean-english-dictionary/resolve/3b4cfd2126debfd5440cade3ef6c2a3c20cf7cf9/2024_01.csv#record=49465,NIKL source band: beginner; project heuristic TOPIK 1: core-spelling/basic-life-category rule; not an official per-grade list
ko-nikl-49472,운동화,,Shoes worn when doing an exercise.,noun,clothing and appearance > hats shoes and accessories,nikl-2024-mirror,https://huggingface.co/datasets/binjang/NIKL-korean-english-dictionary/resolve/3b4cfd2126debfd5440cade3ef6c2a3c20cf7cf9/2024_01.csv#record=49472,NIKL source band: beginner; project heuristic TOPIK 1: core-spelling/basic-life-category rule; not an official per-grade list
ko-nikl-49517,운전,,The act of moving and handling a machine or car.,noun,social life > travel actions,nikl-2024-mirror,https://huggingface.co/datasets/binjang/NIKL-korean-english-dictionary/resolve/3b4cfd2126debfd5440cade3ef6c2a3c20cf7cf9/2024_01.csv#record=49517,NIKL source band: beginner; project heuristic TOPIK 1: core-spelling/basic-life-category rule; not an official per-grade list
ko-nikl-49524,운전사,,"A person whose occupation is to operate a machine or car, etc.",noun,social life > occupations,nikl-2024-mirror,https://huggingface.co/datasets/binjang/NIKL-korean-english-dictionary/resolve/3b4cfd2126debfd5440cade3ef6c2a3c20cf7cf9/2024_01.csv#record=49524,NIKL source band: beginner; project heuristic TOPIK 1: core-spelling/basic-life-category rule; not an official per-grade list
ko-nikl-49668,원,,A Korean monetary unit.,bound noun,concepts > counters,nikl-2024-mirror,https://huggingface.co/datasets/binjang/NIKL-korean-english-dictionary/resolve/3b4cfd2126debfd5440cade3ef6c2a3c20cf7cf9/2024_01.csv#record=49668,NIKL source band: beginner; project heuristic TOPIK 1: core-spelling/basic-life-category rule; not an official per-grade list
ko-nikl-49828,원피스,,A woman's outer garment made of one piece.,noun,clothing and appearance > types of clothing,nikl-2024-mirror,https://huggingface.co/datasets/binjang/NIKL-korean-english-dictionary/resolve/3b4cfd2126debfd5440cade3ef6c2a3c20cf7cf9/2024_01.csv#record=49828,NIKL source band: beginner; project heuristic TOPIK 1: core-spelling/basic-life-category rule; not an official per-grade list
ko-nikl-49842,월,,A unit used for counting months..,bound noun,concepts > counters,nikl-2024-mirror,https://huggingface.co/datasets/binjang/NIKL-korean-english-dictionary/resolve/3b4cfd2126debfd5440cade3ef6c2a3c20cf7cf9/2024_01.csv#record=49842,NIKL source band: beginner; project heuristic TOPIK 1: core-spelling/basic-life-category rule; not an official per-grade list
ko-nikl-49840,월,,A period of a month.,noun,concepts > counters,nikl-2024-mirror,https://huggingface.co/datasets/binjang/NIKL-korean-english-dictionary/resolve/3b4cfd2126debfd5440cade3ef6c2a3c20cf7cf9/2024_01.csv#record=49840,NIKL source band: beginner; project heuristic TOPIK 1: core-spelling/basic-life-category rule; not an official per-grade list
ko-nikl-49885,월요일,,The first day of a week.,noun,concepts > time,nikl-2024-mirror,https://huggingface.co/datasets/binjang/NIKL-korean-english-dictionary/resolve/3b4cfd2126debfd5440cade3ef6c2a3c20cf7cf9/2024_01.csv#record=49885,NIKL source band: beginner; project heuristic TOPIK 1: core-spelling/basic-life-category rule; not an official per-grade list
ko-nikl-49905,위,,"A higher position than a certain standard; a higher position than the middle. / The top of a long or tall thing, or a place close to the top. / The outside or flat surface of something. / The higher part in social status, position, etc. / The state of being older. / The state of being higher in a grade, degree, quality, etc. / A part mentioned before the present sentence in a piece of writing, etc. / A part from which the waters of a river, etc., flow. / The state of preceding in time. / The bounds or range defined by a certain condition, etc. / Something in addition to something that exists already.",noun,concepts > location and direction,nikl-2024-mirror,https://huggingface.co/datasets/binjang/NIKL-korean-english-dictionary/resolve/3b4cfd2126debfd5440cade3ef6c2a3c20cf7cf9/2024_01.csv#record=49905,NIKL source band: beginner; project heuristic TOPIK 1: core-spelling/basic-life-category rule; not an official per-grade list
ko-nikl-50027,위쪽,,A upper place or upward direction.,noun,concepts > location and direction,nikl-2024-mirror,https://huggingface.co/datasets/binjang/NIKL-korean-english-dictionary/resolve/3b4cfd2126debfd5440cade3ef6c2a3c20cf7cf9/2024_01.csv#record=50027,NIKL source band: beginner; project heuristic TOPIK 1: core-spelling/basic-life-category rule; not an official per-grade list
ko-nikl-50038,위치,,The state of having taken up space in a place; such space. / A position or role that one occupies or plays in society.,noun,concepts > location and direction,nikl-2024-mirror,https://huggingface.co/datasets/binjang/NIKL-korean-english-dictionary/resolve/3b4cfd2126debfd5440cade3ef6c2a3c20cf7cf9/2024_01.csv#record=50038,NIKL source band: beginner; project heuristic TOPIK 1: core-spelling/basic-life-category rule; not an official per-grade list
ko-nikl-50057,위험,,A state of not being safe due to the possibility of suffering loss or being hurt; or such a state.,noun,social life > travel actions,nikl-2024-mirror,https://huggingface.co/datasets/binjang/NIKL-korean-english-dictionary/resolve/3b4cfd2126debfd5440cade3ef6c2a3c20cf7cf9/2024_01.csv#record=50057,NIKL source band: beginner; project heuristic TOPIK 1: core-spelling/basic-life-category rule; not an official per-grade list
ko-nikl-50203,유리,,"The material used to make windows, mirrors, etc., that is transparent, hard, and easily broken.",noun,housing > housework,nikl-2024-mirror,https://huggingface.co/datasets/binjang/NIKL-korean-english-dictionary/resolve/3b4cfd2126debfd5440cade3ef6c2a3c20cf7cf9/2024_01.csv#record=50203,NIKL source band: beginner; project heuristic TOPIK 1: core-spelling/basic-life-category rule; not an official per-grade list
ko-nikl-50343,유월,,"The sixth month of a year, out of twelve months.",noun,concepts > time,nikl-2024-mirror,https://huggingface.co/datasets/binjang/NIKL-korean-english-dictionary/resolve/3b4cfd2126debfd5440cade3ef6c2a3c20cf7cf9/2024_01.csv#record=50343,NIKL source band: beginner; project heuristic TOPIK 1: core-spelling/basic-life-category rule; not an official per-grade list
ko-nikl-50451,유학생,,A student who stays abroad and studies.,noun,education > teachers and learners,nikl-2024-mirror,https://huggingface.co/datasets/binjang/NIKL-korean-english-dictionary/resolve/3b4cfd2126debfd5440cade3ef6c2a3c20cf7cf9/2024_01.csv#record=50451,NIKL source band: beginner; project heuristic TOPIK 1: core-spelling/basic-life-category rule; not an official per-grade list
ko-nikl-50499,육,,Being the number six. / Being in sixth place.,determiner,concepts > numbers,nikl-2024-mirror,https://huggingface.co/datasets/binjang/NIKL-korean-english-dictionary/resolve/3b4cfd2126debfd5440cade3ef6c2a3c20cf7cf9/2024_01.csv#record=50499,NIKL source band: beginner; project heuristic TOPIK 1: core-spelling/basic-life-category rule; not an official per-grade list
ko-nikl-50498,육,,The number that is the sum of five and one.,numeral,concepts > numbers,nikl-2024-mirror,https://huggingface.co/datasets/binjang/NIKL-korean-english-dictionary/resolve/3b4cfd2126debfd5440cade3ef6c2a3c20cf7cf9/2024_01.csv#record=50498,NIKL source band: beginner; project heuristic TOPIK 1: core-spelling/basic-life-category rule; not an official per-grade list
ko-nikl-50509,육교,,A bridge built over a road or railroad so that people can cross it.,noun,social life > transport facilities,nikl-2024-mirror,https://huggingface.co/datasets/binjang/NIKL-korean-english-dictionary/resolve/3b4cfd2126debfd5440cade3ef6c2a3c20cf7cf9/2024_01.csv#record=50509,NIKL source band: beginner; project heuristic TOPIK 1: core-spelling/basic-life-category rule; not an official per-grade list
ko-nikl-50532,육십,,Being the number sixty. / Being in sixtieth place.,determiner,concepts > numbers,nikl-2024-mirror,https://huggingface.co/datasets/binjang/NIKL-korean-english-dictionary/resolve/3b4cfd2126debfd5440cade3ef6c2a3c20cf7cf9/2024_01.csv#record=50532,NIKL source band: beginner; project heuristic TOPIK 1: core-spelling/basic-life-category rule; not an official per-grade list
ko-nikl-50531,육십,,The number that is the product of six times ten.,numeral,concepts > numbers,nikl-2024-mirror,https://huggingface.co/datasets/binjang/NIKL-korean-english-dictionary/resolve/3b4cfd2126debfd5440cade3ef6c2a3c20cf7cf9/2024_01.csv#record=50531,NIKL source band: beginner; project heuristic TOPIK 1: core-spelling/basic-life-category rule; not an official per-grade list
ko-nikl-50982,은행,,An institute that keeps and manages the money people have deposited and lends it to those who need it. / The institution that collects and keeps things that are suddenly needed or not easily obtained and gives them to those who need them.,noun,economy > commercial places,nikl-2024-mirror,https://huggingface.co/datasets/binjang/NIKL-korean-english-dictionary/resolve/3b4cfd2126debfd5440cade3ef6c2a3c20cf7cf9/2024_01.csv#record=50982,NIKL source band: beginner; project heuristic TOPIK 1: core-spelling/basic-life-category rule; not an official per-grade list
ko-nikl-51071,음,,An exclamation uttered when the speaker agrees with the other party's words. / An exclamation uttered when the speaker does not like something or feels anxious about it. / An exclamation uttered when the speaker cannot believe something.,interjection,general / source uncategorized,nikl-2024-mirror,https://huggingface.co/datasets/binjang/NIKL-korean-english-dictionary/resolve/3b4cfd2126debfd5440cade3ef6c2a3c20cf7cf9/2024_01.csv#record=51071,NIKL source band: beginner; project heuristic TOPIK 1: core-spelling/basic-life-category rule; not an official per-grade list
ko-nikl-51091,음료,,Water or all kinds of liquid that one can drink like water.,noun,food > drinks,nikl-2024-mirror,https://huggingface.co/datasets/binjang/NIKL-korean-english-dictionary/resolve/3b4cfd2126debfd5440cade3ef6c2a3c20cf7cf9/2024_01.csv#record=51091,NIKL source band: beginner; project heuristic TOPIK 1: core-spelling/basic-life-category rule; not an official per-grade list
ko-nikl-51092,음료수,,Water that one can drink. / Liquid that one drinks because of one's thirst or its good flavor.,noun,food > drinks,nikl-2024-mirror,https://huggingface.co/datasets/binjang/NIKL-korean-english-dictionary/resolve/3b4cfd2126debfd5440cade3ef6c2a3c20cf7cf9/2024_01.csv#record=51092,NIKL source band: beginner; project heuristic TOPIK 1: core-spelling/basic-life-category rule; not an official per-grade list
ko-nikl-51116,음식,,A dish such as steamed rice or soup that a person eats at a meal. / Everything that humans eat or drink.,noun,food > dishes,nikl-2024-mirror,https://huggingface.co/datasets/binjang/NIKL-korean-english-dictionary/resolve/3b4cfd2126debfd5440cade3ef6c2a3c20cf7cf9/2024_01.csv#record=51116,NIKL source band: beginner; project heuristic TOPIK 1: core-spelling/basic-life-category rule; not an official per-grade list
ko-nikl-51121,음식점,,A business cooking and selling food.,noun,food > food venues,nikl-2024-mirror,https://huggingface.co/datasets/binjang/NIKL-korean-english-dictionary/resolve/3b4cfd2126debfd5440cade3ef6c2a3c20cf7cf9/2024_01.csv#record=51121,NIKL source band: beginner; project heuristic TOPIK 1: core-spelling/basic-life-category rule; not an official per-grade list
ko-nikl-51122,음악,,"A field of art, in which one expresses one's thoughts or emotions by using one's voice or a musical instrument to make sounds with beats and melody.",noun,culture > music,nikl-2024-mirror,https://huggingface.co/datasets/binjang/NIKL-korean-english-dictionary/resolve/3b4cfd2126debfd5440cade3ef6c2a3c20cf7cf9/2024_01.csv#record=51122,NIKL source band: beginner; project heuristic TOPIK 1: core-spelling/basic-life-category rule; not an official per-grade list
ko-nikl-51173,응,,"An exclamation uttered when the speaker answers someone's call. / An exclamation uttered when the speaker gives an affirmative answer to someone's question, order, etc. / An exclamation uttered when the speaker asks what the other party said. / An exclamation uttered when the speaker urges someone to answer or act quickly. / An exclamation uttered when the speaker complains because he/she does not like someone's words or behavior.",interjection,general / source uncategorized,nikl-2024-mirror,https://huggingface.co/datasets/binjang/NIKL-korean-english-dictionary/resolve/3b4cfd2126debfd5440cade3ef6c2a3c20cf7cf9/2024_01.csv#record=51173,NIKL source band: beginner; project heuristic TOPIK 1: core-spelling/basic-life-category rule; not an official per-grade list
ko-nikl-10319,의사,,A person with the relevant qualifications whose job it is to examine and cure patients.,noun,social life > occupations,nikl-2024-mirror,https://huggingface.co/datasets/binjang/NIKL-korean-english-dictionary/resolve/3b4cfd2126debfd5440cade3ef6c2a3c20cf7cf9/2024_01.csv#record=10319,NIKL source band: beginner; project heuristic TOPIK 1: core-spelling/basic-life-category rule; not an official per-grade list
ko-nikl-10377,의자,,An apparatus made for a person to sit with his/her hip and thighs placed on it.,noun,housing > household goods,nikl-2024-mirror,https://huggingface.co/datasets/binjang/NIKL-korean-english-dictionary/resolve/3b4cfd2126debfd5440cade3ef6c2a3c20cf7cf9/2024_01.csv#record=10377,NIKL source band: beginner; project heuristic TOPIK 1: core-spelling/basic-life-category rule; not an official per-grade list
ko-nikl-10440,이,,The word that is used to refer to a person who is close to the speaker or something that the speaker is thinking of. / A word that is used to refer to something which was just mentioned.,determiner,concepts > demonstratives,nikl-2024-mirror,https://huggingface.co/datasets/binjang/NIKL-korean-english-dictionary/resolve/3b4cfd2126debfd5440cade3ef6c2a3c20cf7cf9/2024_01.csv#record=10440,NIKL source band: beginner; project heuristic TOPIK 1: core-spelling/basic-life-category rule; not an official per-grade list
ko-nikl-10444,이,,Being the number two. / Being the second number in a sequence.,determiner,concepts > numbers,nikl-2024-mirror,https://huggingface.co/datasets/binjang/NIKL-korean-english-dictionary/resolve/3b4cfd2126debfd5440cade3ef6c2a3c20cf7cf9/2024_01.csv#record=10444,NIKL source band: beginner; project heuristic TOPIK 1: core-spelling/basic-life-category rule; not an official per-grade list
ko-nikl-10426,이,,"A part in the human or animal mouth that is used to bite something or chew food. / The sharp, jagged part of a tool. / An indented part of a tool or machine that fits into a part of another tool or machine.",noun,people > body parts,nikl-2024-mirror,https://huggingface.co/datasets/binjang/NIKL-korean-english-dictionary/resolve/3b4cfd2126debfd5440cade3ef6c2a3c20cf7cf9/2024_01.csv#record=10426,NIKL source band: beginner; project heuristic TOPIK 1: core-spelling/basic-life-category rule; not an official per-grade list
ko-nikl-10443,이,,The number that is the sum of one and one.,numeral,concepts > numbers,nikl-2024-mirror,https://huggingface.co/datasets/binjang/NIKL-korean-english-dictionary/resolve/3b4cfd2126debfd5440cade3ef6c2a3c20cf7cf9/2024_01.csv#record=10443,NIKL source band: beginner; project heuristic TOPIK 1: core-spelling/basic-life-category rule; not an official per-grade list
ko-nikl-10438,이,,A pronoun used to indicate something near the speaker or what the speaker is thinking. / A pronoun referring to something mentioned in the immediately preceding sentence. / A pronoun referring to &quot;this person.&quot;,pronoun,concepts > demonstratives,nikl-2024-mirror,https://huggingface.co/datasets/binjang/NIKL-korean-english-dictionary/resolve/3b4cfd2126debfd5440cade3ef6c2a3c20cf7cf9/2024_01.csv#record=10438,NIKL source band: beginner; project heuristic TOPIK 1: core-spelling/basic-life-category rule; not an official per-grade list
ko-nikl-10452,이거,,A pronoun that is used to refer to something that is close to the speaker or that the speaker is thinking of. / A pronoun that refers to the previously-mentioned object. / (disparaging) This person. / (endearing) This child.,pronoun,concepts > demonstratives,nikl-2024-mirror,https://huggingface.co/datasets/binjang/NIKL-korean-english-dictionary/resolve/3b4cfd2126debfd5440cade3ef6c2a3c20cf7cf9/2024_01.csv#record=10452,NIKL source band: beginner; project heuristic TOPIK 1: core-spelling/basic-life-category rule; not an official per-grade list
ko-nikl-10453,이것,,The word that refers to something that is close to the speaker or something that the speaker is thinking of. / A word that refers to something which was just mentioned. / (disparaging) This person / (endearing) This kid.,pronoun,concepts > demonstratives,nikl-2024-mirror,https://huggingface.co/datasets/binjang/NIKL-korean-english-dictionary/resolve/3b4cfd2126debfd5440cade3ef6c2a3c20cf7cf9/2024_01.csv#record=10453,NIKL source band: beginner; project heuristic TOPIK 1: core-spelling/basic-life-category rule; not an official per-grade list
ko-nikl-10460,이곳,,A pronoun used to indicate a place close to the speaker. / A pronoun used to indicate the previously-mentioned place.,pronoun,concepts > demonstratives,nikl-2024-mirror,https://huggingface.co/datasets/binjang/NIKL-korean-english-dictionary/resolve/3b4cfd2126debfd5440cade3ef6c2a3c20cf7cf9/2024_01.csv#record=10460,NIKL source band: beginner; project heuristic TOPIK 1: core-spelling/basic-life-category rule; not an official per-grade list
ko-nikl-10497,이날,,The day that has just been mentioned.,noun,concepts > time,nikl-2024-mirror,https://huggingface.co/datasets/binjang/NIKL-korean-english-dictionary/resolve/3b4cfd2126debfd5440cade3ef6c2a3c20cf7cf9/2024_01.csv#record=10497,NIKL source band: beginner; project heuristic TOPIK 1: core-spelling/basic-life-category rule; not an official per-grade list
ko-nikl-10549,이따가,,After a while.,adverb,concepts > time,nikl-2024-mirror,https://huggingface.co/datasets/binjang/NIKL-korean-english-dictionary/resolve/3b4cfd2126debfd5440cade3ef6c2a3c20cf7cf9/2024_01.csv#record=10549,NIKL source band: beginner; project heuristic TOPIK 1: core-spelling/basic-life-category rule; not an official per-grade list
ko-nikl-10554,이때,,Just now; the time mentioned in the very previous moment.,noun,concepts > time,nikl-2024-mirror,https://huggingface.co/datasets/binjang/NIKL-korean-english-dictionary/resolve/3b4cfd2126debfd5440cade3ef6c2a3c20cf7cf9/2024_01.csv#record=10554,NIKL source band: beginner; project heuristic TOPIK 1: core-spelling/basic-life-category rule; not an official per-grade list
ko-nikl-10599,이런,,"A state, shape, nature, etc., being like this.",determiner,concepts > demonstratives,nikl-2024-mirror,https://huggingface.co/datasets/binjang/NIKL-korean-english-dictionary/resolve/3b4cfd2126debfd5440cade3ef6c2a3c20cf7cf9/2024_01.csv#record=10599,NIKL source band: beginner; project heuristic TOPIK 1: core-spelling/basic-life-category rule; not an official per-grade list
ko-nikl-10610,이렇다,,"(for a state, appearance, nature to be) Like this.",descriptive verb,concepts > demonstratives,nikl-2024-mirror,https://huggingface.co/datasets/binjang/NIKL-korean-english-dictionary/resolve/3b4cfd2126debfd5440cade3ef6c2a3c20cf7cf9/2024_01.csv#record=10610,NIKL source band: beginner; project heuristic TOPIK 1: core-spelling/basic-life-category rule; not an official per-grade list
ko-nikl-10644,이르다,,Preceding or earlier than a point in time that serves as the baseline.,descriptive verb,concepts > time,nikl-2024-mirror,https://huggingface.co/datasets/binjang/NIKL-korean-english-dictionary/resolve/3b4cfd2126debfd5440cade3ef6c2a3c20cf7cf9/2024_01.csv#record=10644,NIKL source band: beginner; project heuristic TOPIK 1: core-spelling/basic-life-category rule; not an official per-grade list
ko-nikl-10647,이름,,"A word used to refer to or address an animal, object, phenomenon, etc., to distinguish it from others. / A word used with the family name to refer to or address a specific person. / The combination of the family and given names that is used to refer to or address a specific person. / A word that is used to refer to or address a person, organization, etc., for the purpose of officially announcing an action they took. / The reputation that is known to the world. / A word that encapsulates someone's appearance, personality, behavior, etc., used to refer to or address him/her. / The recognition of one's excellence by others and resulting honor. / Something that one presents as an excuse or cause when he/she wants to engage in an undertaking. / Authority or power that one depends on for support.",noun,general / source uncategorized,nikl-2024-mirror,https://huggingface.co/datasets/binjang/NIKL-korean-english-dictionary/resolve/3b4cfd2126debfd5440cade3ef6c2a3c20cf7cf9/2024_01.csv#record=10647,NIKL source band: beginner; project heuristic TOPIK 1: core-spelling/basic-life-category rule; not an official per-grade list
ko-nikl-10673,이마,,The part of the face from the hairline to the eyebrows. / The topmost part of an object that serves as its front.,noun,people > body parts,nikl-2024-mirror,https://huggingface.co/datasets/binjang/NIKL-korean-english-dictionary/resolve/3b4cfd2126debfd5440cade3ef6c2a3c20cf7cf9/2024_01.csv#record=10673,NIKL source band: beginner; project heuristic TOPIK 1: core-spelling/basic-life-category rule; not an official per-grade list
ko-nikl-10697,이모,,A word used to refer to or address one's mother's sister.,noun,daily life > family relationships,nikl-2024-mirror,https://huggingface.co/datasets/binjang/NIKL-korean-english-dictionary/resolve/3b4cfd2126debfd5440cade3ef6c2a3c20cf7cf9/2024_01.csv#record=10697,NIKL source band: beginner; project heuristic TOPIK 1: core-spelling/basic-life-category rule; not an official per-grade list
ko-nikl-10711,이미,,In a state in which something was done before the present.,adverb,concepts > time,nikl-2024-mirror,https://huggingface.co/datasets/binjang/NIKL-korean-english-dictionary/resolve/3b4cfd2126debfd5440cade3ef6c2a3c20cf7cf9/2024_01.csv#record=10711,NIKL source band: beginner; project heuristic TOPIK 1: core-spelling/basic-life-category rule; not an official per-grade list
ko-nikl-10727,이번,,"A turn soon to come, or one that just passed.",noun,concepts > time,nikl-2024-mirror,https://huggingface.co/datasets/binjang/NIKL-korean-english-dictionary/resolve/3b4cfd2126debfd5440cade3ef6c2a3c20cf7cf9/2024_01.csv#record=10727,NIKL source band: beginner; project heuristic TOPIK 1: core-spelling/basic-life-category rule; not an official per-grade list
ko-nikl-10744,이분,,(very polite form) This person.,pronoun,concepts > personal reference,nikl-2024-mirror,https://huggingface.co/datasets/binjang/NIKL-korean-english-dictionary/resolve/3b4cfd2126debfd5440cade3ef6c2a3c20cf7cf9/2024_01.csv#record=10744,NIKL source band: beginner; project heuristic TOPIK 1: core-spelling/basic-life-category rule; not an official per-grade list
ko-nikl-10748,이불,,"Something made of fabric, etc., to cover a person's body when sleeping.",noun,housing > household goods,nikl-2024-mirror,https://huggingface.co/datasets/binjang/NIKL-korean-english-dictionary/resolve/3b4cfd2126debfd5440cade3ef6c2a3c20cf7cf9/2024_01.csv#record=10748,NIKL source band: beginner; project heuristic TOPIK 1: core-spelling/basic-life-category rule; not an official per-grade list
ko-nikl-10829,이십,,Being the number twenty. / Being in twentieth place.,determiner,concepts > numbers,nikl-2024-mirror,https://huggingface.co/datasets/binjang/NIKL-korean-english-dictionary/resolve/3b4cfd2126debfd5440cade3ef6c2a3c20cf7cf9/2024_01.csv#record=10829,NIKL source band: beginner; project heuristic TOPIK 1: core-spelling/basic-life-category rule; not an official per-grade list
ko-nikl-10828,이십,,The number that is the product of two times ten.,numeral,concepts > numbers,nikl-2024-mirror,https://huggingface.co/datasets/binjang/NIKL-korean-english-dictionary/resolve/3b4cfd2126debfd5440cade3ef6c2a3c20cf7cf9/2024_01.csv#record=10828,NIKL source band: beginner; project heuristic TOPIK 1: core-spelling/basic-life-category rule; not an official per-grade list
ko-nikl-10884,이월,,"The second month of a year, out of twelve months.",noun,concepts > time,nikl-2024-mirror,https://huggingface.co/datasets/binjang/NIKL-korean-english-dictionary/resolve/3b4cfd2126debfd5440cade3ef6c2a3c20cf7cf9/2024_01.csv#record=10884,NIKL source band: beginner; project heuristic TOPIK 1: core-spelling/basic-life-category rule; not an official per-grade list
ko-nikl-10930,이제,,At this moment of speaking. / From now on. / Reaching this time.,adverb,concepts > time,nikl-2024-mirror,https://huggingface.co/datasets/binjang/NIKL-korean-english-dictionary/resolve/3b4cfd2126debfd5440cade3ef6c2a3c20cf7cf9/2024_01.csv#record=10930,NIKL source band: beginner; project heuristic TOPIK 1: core-spelling/basic-life-category rule; not an official per-grade list
ko-nikl-10929,이제,,This moment being spoken of. / The present.,noun,concepts > time,nikl-2024-mirror,https://huggingface.co/datasets/binjang/NIKL-korean-english-dictionary/resolve/3b4cfd2126debfd5440cade3ef6c2a3c20cf7cf9/2024_01.csv#record=10929,NIKL source band: beginner; project heuristic TOPIK 1: core-spelling/basic-life-category rule; not an official per-grade list
ko-nikl-10967,이쪽,,A pronoun used to indicate a place or direction close to the speaker. / A pronoun used to indicate the speaker himself/herself or several people including the speaker himself/herself. / A pronoun used to indicate a person or people who is or are close to the speaker. / A pronoun used to indicate several people including a person close to the speaker.,pronoun,concepts > location and direction,nikl-2024-mirror,https://huggingface.co/datasets/binjang/NIKL-korean-english-dictionary/resolve/3b4cfd2126debfd5440cade3ef6c2a3c20cf7cf9/2024_01.csv#record=10967,NIKL source band: beginner; project heuristic TOPIK 1: core-spelling/basic-life-category rule; not an official per-grade list
ko-nikl-11002,이틀,,Two days. / The second day of each month.,noun,concepts > time,nikl-2024-mirror,https://huggingface.co/datasets/binjang/NIKL-korean-english-dictionary/resolve/3b4cfd2126debfd5440cade3ef6c2a3c20cf7cf9/2024_01.csv#record=11002,NIKL source band: beginner; project heuristic TOPIK 1: core-spelling/basic-life-category rule; not an official per-grade list
ko-nikl-11031,익다,,"For a fruit or seed to become ripe. / For raw meat, vegetables, grains, etc., to be changed in taste and characteristics after being heated. / For kimchi, alcoholic bevarage, jang, Korean sauce, etc., to be deliciously fermented. / For the skin to turn red after being exposed to a fire or sunshine for a long time or coming in contact with something hot. / For a thing, timing, atmosphere, etc., to become sufficiently ready or appropriate.",verb,food > eating and cooking,nikl-2024-mirror,https://huggingface.co/datasets/binjang/NIKL-korean-english-dictionary/resolve/3b4cfd2126debfd5440cade3ef6c2a3c20cf7cf9/2024_01.csv#record=11031,NIKL source band: beginner; project heuristic TOPIK 1: core-spelling/basic-life-category rule; not an official per-grade list
ko-nikl-11151,인분,,A bound noun that serves as a unit for measuring a quantity as a portion per person.,bound noun,concepts > counters,nikl-2024-mirror,https://huggingface.co/datasets/binjang/NIKL-korean-english-dictionary/resolve/3b4cfd2126debfd5440cade3ef6c2a3c20cf7cf9/2024_01.csv#record=11151,NIKL source band: beginner; project heuristic TOPIK 1: core-spelling/basic-life-category rule; not an official per-grade list
ko-nikl-11167,인삼,,"A perennial, araliaceous plant and medicinal herb that has edible roots; or its roots.",noun,food > ingredients,nikl-2024-mirror,https://huggingface.co/datasets/binjang/NIKL-korean-english-dictionary/resolve/3b4cfd2126debfd5440cade3ef6c2a3c20cf7cf9/2024_01.csv#record=11167,NIKL source band: beginner; project heuristic TOPIK 1: core-spelling/basic-life-category rule; not an official per-grade list
ko-nikl-11338,일,,A bound noun that serves as a unit for counting the number of days or referring to a date.,bound noun,concepts > counters,nikl-2024-mirror,https://huggingface.co/datasets/binjang/NIKL-korean-english-dictionary/resolve/3b4cfd2126debfd5440cade3ef6c2a3c20cf7cf9/2024_01.csv#record=11338,NIKL source band: beginner; project heuristic TOPIK 1: core-spelling/basic-life-category rule; not an official per-grade list
ko-nikl-11340,일,,Amounting to one. / Corresponding to the first one in a sequence.,determiner,concepts > numbers,nikl-2024-mirror,https://huggingface.co/datasets/binjang/NIKL-korean-english-dictionary/resolve/3b4cfd2126debfd5440cade3ef6c2a3c20cf7cf9/2024_01.csv#record=11340,NIKL source band: beginner; project heuristic TOPIK 1: core-spelling/basic-life-category rule; not an official per-grade list
ko-nikl-11334,일,,"An activity that uses one's body or mind in order to achieve something; the object of such an activity. / Something that one wants to realize with a certain plan and intention. / A certain situation or fact. / A certain act that one did. / A problem or thing that one should resolve or deal with. / One's circumstances or situation. / An experience that one had in the past. / A word referring to a certain motion or state. / (euphemism) Urination and defecation, or sexual relationship between a man and a woman. / A state in which one should behave in such a way.",noun,general / source uncategorized,nikl-2024-mirror,https://huggingface.co/datasets/binjang/NIKL-korean-english-dictionary/resolve/3b4cfd2126debfd5440cade3ef6c2a3c20cf7cf9/2024_01.csv#record=11334,NIKL source band: beginner; project heuristic TOPIK 1: core-spelling/basic-life-category rule; not an official per-grade list
ko-nikl-11337,일,,A period of one day.,noun,concepts > counters,nikl-2024-mirror,https://huggingface.co/datasets/binjang/NIKL-korean-english-dictionary/resolve/3b4cfd2126debfd5440cade3ef6c2a3c20cf7cf9/2024_01.csv#record=11337,NIKL source band: beginner; project heuristic TOPIK 1: core-spelling/basic-life-category rule; not an official per-grade list
ko-nikl-11339,일,,The first number when counting numbers from one.,numeral,concepts > numbers,nikl-2024-mirror,https://huggingface.co/datasets/binjang/NIKL-korean-english-dictionary/resolve/3b4cfd2126debfd5440cade3ef6c2a3c20cf7cf9/2024_01.csv#record=11339,NIKL source band: beginner; project heuristic TOPIK 1: core-spelling/basic-life-category rule; not an official per-grade list
ko-nikl-11373,일곱,,Being the number that is the sum of six and one.,determiner,concepts > numbers,nikl-2024-mirror,https://huggingface.co/datasets/binjang/NIKL-korean-english-dictionary/resolve/3b4cfd2126debfd5440cade3ef6c2a3c20cf7cf9/2024_01.csv#record=11373,NIKL source band: beginner; project heuristic TOPIK 1: core-spelling/basic-life-category rule; not an official per-grade list
ko-nikl-11372,일곱,,The number that is the sum of six and one.,numeral,concepts > numbers,nikl-2024-mirror,https://huggingface.co/datasets/binjang/NIKL-korean-english-dictionary/resolve/3b4cfd2126debfd5440cade3ef6c2a3c20cf7cf9/2024_01.csv#record=11372,NIKL source band: beginner; project heuristic TOPIK 1: core-spelling/basic-life-category rule; not an official per-grade list
ko-nikl-11401,일기,,"A writing that records one's personal daily experiences, thought, feelings, etc.",noun,daily life > daily routines,nikl-2024-mirror,https://huggingface.co/datasets/binjang/NIKL-korean-english-dictionary/resolve/3b4cfd2126debfd5440cade3ef6c2a3c20cf7cf9/2024_01.csv#record=11401,NIKL source band: beginner; project heuristic TOPIK 1: core-spelling/basic-life-category rule; not an official per-grade list
ko-nikl-11488,일본,,"An island country located in East Asia, known for its advanced manufacturing and electronic industries, and high economic standard; the official language is Japanese and the capital is Tokyo.",noun,concepts > regions,nikl-2024-mirror,https://huggingface.co/datasets/binjang/NIKL-korean-english-dictionary/resolve/3b4cfd2126debfd5440cade3ef6c2a3c20cf7cf9/2024_01.csv#record=11488,NIKL source band: beginner; project heuristic TOPIK 1: core-spelling/basic-life-category rule; not an official per-grade list
ko-nikl-11533,일식,,Ethnic foods that have originated in Japan.,noun,food > dishes,nikl-2024-mirror,https://huggingface.co/datasets/binjang/NIKL-korean-english-dictionary/resolve/3b4cfd2126debfd5440cade3ef6c2a3c20cf7cf9/2024_01.csv#record=11533,NIKL source band: beginner; project heuristic TOPIK 1: core-spelling/basic-life-category rule; not an official per-grade list
ko-nikl-11535,일식집,,A restaurant that sells Japanese dishes.,noun,food > food venues,nikl-2024-mirror,https://huggingface.co/datasets/binjang/NIKL-korean-english-dictionary/resolve/3b4cfd2126debfd5440cade3ef6c2a3c20cf7cf9/2024_01.csv#record=11535,NIKL source band: beginner; project heuristic TOPIK 1: core-spelling/basic-life-category rule; not an official per-grade list
ko-nikl-11542,일어나다,,"To sit after lying down or stand after sitting. / To wake up. / For a matter, incident, etc., to happen. / For a certain emotion or mind to occur to oneself. / For something that was weak or did not exist to flourish or become strong. / To take action with all one's physical and mental strength in order to achieve something. / To soar up or swell. / For a certain phenomenon to happen to nature, a person, etc. / For a certain sound to be heard. / For a certain phenomenon to appear in a society. / To recover from an illness.",verb,daily life > daily routines,nikl-2024-mirror,https://huggingface.co/datasets/binjang/NIKL-korean-english-dictionary/resolve/3b4cfd2126debfd5440cade3ef6c2a3c20cf7cf9/2024_01.csv#record=11542,NIKL source band: beginner; project heuristic TOPIK 1: core-spelling/basic-life-category rule; not an official per-grade list
ko-nikl-11550,일요일,,The last day of a week starting from Monday.,noun,concepts > time,nikl-2024-mirror,https://huggingface.co/datasets/binjang/NIKL-korean-english-dictionary/resolve/3b4cfd2126debfd5440cade3ef6c2a3c20cf7cf9/2024_01.csv#record=11550,NIKL source band: beginner; project heuristic TOPIK 1: core-spelling/basic-life-category rule; not an official per-grade list
ko-nikl-11561,일월,,"The first month of a year, out of twelve months.",noun,concepts > time,nikl-2024-mirror,https://huggingface.co/datasets/binjang/NIKL-korean-english-dictionary/resolve/3b4cfd2126debfd5440cade3ef6c2a3c20cf7cf9/2024_01.csv#record=11561,NIKL source band: beginner; project heuristic TOPIK 1: core-spelling/basic-life-category rule; not an official per-grade list
ko-nikl-11606,일주일,,"Seven days from Monday to Sunday, or one week.",noun,concepts > time,nikl-2024-mirror,https://huggingface.co/datasets/binjang/NIKL-korean-english-dictionary/resolve/3b4cfd2126debfd5440cade3ef6c2a3c20cf7cf9/2024_01.csv#record=11606,NIKL source band: beginner; project heuristic TOPIK 1: core-spelling/basic-life-category rule; not an official per-grade list
ko-nikl-11614,일찍,,Before the specified time. / Earlier than something or someone.,adverb,concepts > time,nikl-2024-mirror,https://huggingface.co/datasets/binjang/NIKL-korean-english-dictionary/resolve/3b4cfd2126debfd5440cade3ef6c2a3c20cf7cf9/2024_01.csv#record=11614,NIKL source band: beginner; project heuristic TOPIK 1: core-spelling/basic-life-category rule; not an official per-grade list
ko-nikl-11662,일흔,,Being a number equaling ten times seven.,determiner,concepts > numbers,nikl-2024-mirror,https://huggingface.co/datasets/binjang/NIKL-korean-english-dictionary/resolve/3b4cfd2126debfd5440cade3ef6c2a3c20cf7cf9/2024_01.csv#record=11662,NIKL source band: beginner; project heuristic TOPIK 1: core-spelling/basic-life-category rule; not an official per-grade list
ko-nikl-11661,일흔,,The number that is the product of seven times ten.,numeral,concepts > numbers,nikl-2024-mirror,https://huggingface.co/datasets/binjang/NIKL-korean-english-dictionary/resolve/3b4cfd2126debfd5440cade3ef6c2a3c20cf7cf9/2024_01.csv#record=11661,NIKL source band: beginner; project heuristic TOPIK 1: core-spelling/basic-life-category rule; not an official per-grade list
ko-nikl-11667,읽다,,"To see written words or letters, and utter them as they are pronounced. / To read written words and know their meaning. / To read a work of a writer. / To understand what a picture, sign, or sound indicates. / To understand the nature or characteristic of a certain object or situation. / To look at someone's facial expression or acts and then know how he/she feels. / In the game of go or janggi, Korean chess, to think about a move or guess the move of the other party. / To grasp the data of a computer. / To interpret a certain writing or remark in a particular way.",verb,social life > speech acts,nikl-2024-mirror,https://huggingface.co/datasets/binjang/NIKL-korean-english-dictionary/resolve/3b4cfd2126debfd5440cade3ef6c2a3c20cf7cf9/2024_01.csv#record=11667,NIKL source band: beginner; project heuristic TOPIK 1: core-spelling/basic-life-category rule; not an official per-grade list
ko-nikl-11724,입,,A bodily organ extending from the lips to the throat that one uses to eat and make sounds. / The red and soft flesh that surrounds the opening of the mouth. / The number of people who eat. / (figurative) Words that a person utters. / The word that indicates the amount of food a person can eat in one bite.,noun,people > body parts,nikl-2024-mirror,https://huggingface.co/datasets/binjang/NIKL-korean-english-dictionary/resolve/3b4cfd2126debfd5440cade3ef6c2a3c20cf7cf9/2024_01.csv#record=11724,NIKL source band: beginner; project heuristic TOPIK 1: core-spelling/basic-life-category rule; not an official per-grade list
ko-nikl-11785,입구,,A passage or gate through which one enters a certain place.,noun,social life > transport facilities,nikl-2024-mirror,https://huggingface.co/datasets/binjang/NIKL-korean-english-dictionary/resolve/3b4cfd2126debfd5440cade3ef6c2a3c20cf7cf9/2024_01.csv#record=11785,NIKL source band: beginner; project heuristic TOPIK 1: core-spelling/basic-life-category rule; not an official per-grade list
ko-nikl-11794,입다,,"To hang or drape clothes on or around one's body. / To experience something bad, such as a loss, injury, damage, etc. / To be favored with or benefit by something.",verb,clothing and appearance > dressing,nikl-2024-mirror,https://huggingface.co/datasets/binjang/NIKL-korean-english-dictionary/resolve/3b4cfd2126debfd5440cade3ef6c2a3c20cf7cf9/2024_01.csv#record=11794,NIKL source band: beginner; project heuristic TOPIK 1: core-spelling/basic-life-category rule; not an official per-grade list
ko-nikl-11859,입술,,The red and soft flesh that surrounds the opening of the mouth.,noun,people > body parts,nikl-2024-mirror,https://huggingface.co/datasets/binjang/NIKL-korean-english-dictionary/resolve/3b4cfd2126debfd5440cade3ef6c2a3c20cf7cf9/2024_01.csv#record=11859,NIKL source band: beginner; project heuristic TOPIK 1: core-spelling/basic-life-category rule; not an official per-grade list
ko-nikl-11948,있다,,"A person, an animal, an object, etc., being in existence. / A fact or a phenomenon being existent. / Something being planned to be realized or happen. / Having enough or a lot of property. / Having an ability to do something. / The possibility of something happening or something actually happening. / A word used when emphasizing or confirming a certain object or fact. / Something occupying a certain place or space and existing there. / A person or animal staying or living in a certain place. / A person working for a certain company. / Being in a certain situation, level, stage, etc. / A person, object, etc., being included in something. / Having a certain object, qualification, ability, etc. / Having a person with whom one has a certain relation. / Something happening to someone. / A word used when having the preceding noun as the subject of conversation or discussion. / A person being in a certain social status or playing a certain role. / A reason, possibility, etc., being established.",descriptive verb,general / source uncategorized,nikl-2024-mirror,https://huggingface.co/datasets/binjang/NIKL-korean-english-dictionary/resolve/3b4cfd2126debfd5440cade3ef6c2a3c20cf7cf9/2024_01.csv#record=11948,NIKL source band: beginner; project heuristic TOPIK 1: core-spelling/basic-life-category rule; not an official per-grade list
ko-nikl-11947,있다,,For a person or animal to remain in a certain place without leaving or getting out of it. / To keep working for a company. / For a person or animal to maintain a certain state. / For some time to pass.,verb,general / source uncategorized,nikl-2024-mirror,https://huggingface.co/datasets/binjang/NIKL-korean-english-dictionary/resolve/3b4cfd2126debfd5440cade3ef6c2a3c20cf7cf9/2024_01.csv#record=11947,NIKL source band: beginner; project heuristic TOPIK 1: core-spelling/basic-life-category rule; not an official per-grade list
ko-nikl-12081,자다,,"To be in the state of taking a rest for a period of time with one's eyes closed and mental activities suspended. / For a piece of machinery such as a clock to stop working. / For something inflated to be pressed and become flat. / For a thing, etc. to remain unused and not serve its original purpose. / For a man and a woman to engage in sexual intercourse.",verb,daily life > daily routines,nikl-2024-mirror,https://huggingface.co/datasets/binjang/NIKL-korean-english-dictionary/resolve/3b4cfd2126debfd5440cade3ef6c2a3c20cf7cf9/2024_01.csv#record=12081,NIKL source band: beginner; project heuristic TOPIK 1: core-spelling/basic-life-category rule; not an official per-grade list
ko-nikl-12101,자동차,,A vehicle which moves its wheels by the power of its engine in order to run on roads.,noun,social life > transport,nikl-2024-mirror,https://huggingface.co/datasets/binjang/NIKL-korean-english-dictionary/resolve/3b4cfd2126debfd5440cade3ef6c2a3c20cf7cf9/2024_01.csv#record=12101,NIKL source band: beginner; project heuristic TOPIK 1: core-spelling/basic-life-category rule; not an official per-grade list
ko-nikl-12129,자리,,"A space that is occupied by someone or something. / A spot on a human body or an object where a mark is left after it underwent a change. / A place where a person can sit. / A position or status in an organization. / A place where one works. / The right person to marry. / The place where people are gathered on a certain occasion, or such occasion. / The number of numerals that form a figure. / In math, the position of a number.",noun,concepts > location and direction,nikl-2024-mirror,https://huggingface.co/datasets/binjang/NIKL-korean-english-dictionary/resolve/3b4cfd2126debfd5440cade3ef6c2a3c20cf7cf9/2024_01.csv#record=12129,NIKL source band: beginner; project heuristic TOPIK 1: core-spelling/basic-life-category rule; not an official per-grade list
ko-nikl-12252,자식,,"A son and a daugther, a son or daughter. / (endearing) A small child.",noun,daily life > family relationships,nikl-2024-mirror,https://huggingface.co/datasets/binjang/NIKL-korean-english-dictionary/resolve/3b4cfd2126debfd5440cade3ef6c2a3c20cf7cf9/2024_01.csv#record=12252,NIKL source band: beginner; project heuristic TOPIK 1: core-spelling/basic-life-category rule; not an official per-grade list
ko-nikl-12261,자신,,The person himself/herself. / (emphasizing form) The very person mentioned in the preceding word.,noun,concepts > personal reference,nikl-2024-mirror,https://huggingface.co/datasets/binjang/NIKL-korean-english-dictionary/resolve/3b4cfd2126debfd5440cade3ef6c2a3c20cf7cf9/2024_01.csv#record=12261,NIKL source band: beginner; project heuristic TOPIK 1: core-spelling/basic-life-category rule; not an official per-grade list
ko-nikl-12345,자장면,,"A dish made by making sauce by stir-frying chopped meat, vegetables, etc., with Chinese soybean paste and then mixing noodles with the sauce.",noun,food > dishes,nikl-2024-mirror,https://huggingface.co/datasets/binjang/NIKL-korean-english-dictionary/resolve/3b4cfd2126debfd5440cade3ef6c2a3c20cf7cf9/2024_01.csv#record=12345,NIKL source band: beginner; project heuristic TOPIK 1: core-spelling/basic-life-category rule; not an official per-grade list
ko-nikl-12350,자전거,,"A vehicle that is moved by a person riding on it, who rolls its wheels by pushing pedals with his/her feet.",noun,social life > transport,nikl-2024-mirror,https://huggingface.co/datasets/binjang/NIKL-korean-english-dictionary/resolve/3b4cfd2126debfd5440cade3ef6c2a3c20cf7cf9/2024_01.csv#record=12350,NIKL source band: beginner; project heuristic TOPIK 1: core-spelling/basic-life-category rule; not an official per-grade list
ko-nikl-12369,자주,,In the state of something being repeated at short intervals.,adverb,concepts > frequency,nikl-2024-mirror,https://huggingface.co/datasets/binjang/NIKL-korean-english-dictionary/resolve/3b4cfd2126debfd5440cade3ef6c2a3c20cf7cf9/2024_01.csv#record=12369,NIKL source band: beginner; project heuristic TOPIK 1: core-spelling/basic-life-category rule; not an official per-grade list
ko-nikl-12452,작년,,The previous year of the current year.,noun,concepts > time,nikl-2024-mirror,https://huggingface.co/datasets/binjang/NIKL-korean-english-dictionary/resolve/3b4cfd2126debfd5440cade3ef6c2a3c20cf7cf9/2024_01.csv#record=12452,NIKL source band: beginner; project heuristic TOPIK 1: core-spelling/basic-life-category rule; not an official per-grade list
ko-nikl-12453,작다,,"Lower than others or average in length, area, volume, etc. / Not fitting since the size is smaller than required. / Lower than others or average in magnitude, scope, degree, importance, etc. / (for character, thoughts, etc.) Narrow and not great. / (for volume) Low or weak. / (for money) Low in amount or denomination. / The word that means 'seen or judged from a narrow perspective.'",descriptive verb,concepts > shape,nikl-2024-mirror,https://huggingface.co/datasets/binjang/NIKL-korean-english-dictionary/resolve/3b4cfd2126debfd5440cade3ef6c2a3c20cf7cf9/2024_01.csv#record=12453,NIKL source band: beginner; project heuristic TOPIK 1: core-spelling/basic-life-category rule; not an official per-grade list
ko-nikl-12539,잔,,"A small container that is used for drinking water, tea, etc. / A small container that is used for drinking alcoholic beverages. / A unit that measures the amount of alcoholic and non-alcoholic beverages by counting the number of containers holding the beverage.",noun,concepts > counters,nikl-2024-mirror,https://huggingface.co/datasets/binjang/NIKL-korean-english-dictionary/resolve/3b4cfd2126debfd5440cade3ef6c2a3c20cf7cf9/2024_01.csv#record=12539,NIKL source band: beginner; project heuristic TOPIK 1: core-spelling/basic-life-category rule; not an official per-grade list
ko-nikl-12606,잘,,Rightly and virtuously. / In a splendid and excellent manner that is worthy of praise. / In a familiar and skillful manner. / Clearly and precisely. / In a very appropriate and proper manner. / Comfortably and without difficulties. / Habitually and frequently. / In a very thoughtful and and careful manner. / With concentration and care. / In a sufficiently satisfactory manner. / With the nature or personality that easily leads someone or something to be in a certain state or act in a certain way. / In a manner of a function or effect being satisfactory. / Kindly and with care. / In a very beautiful and pretty manner. / In an opulent and satisfactory manner.,adverb,concepts > degree,nikl-2024-mirror,https://huggingface.co/datasets/binjang/NIKL-korean-english-dictionary/resolve/3b4cfd2126debfd5440cade3ef6c2a3c20cf7cf9/2024_01.csv#record=12606,NIKL source band: beginner; project heuristic TOPIK 1: core-spelling/basic-life-category rule; not an official per-grade list
ko-nikl-12632,잠,,The state of taking a rest for a period of time with one's eyes closed and mental activities suspended. / (figurative) The state of not realizing and being aware of something.,noun,daily life > daily routines,nikl-2024-mirror,https://huggingface.co/datasets/binjang/NIKL-korean-english-dictionary/resolve/3b4cfd2126debfd5440cade3ef6c2a3c20cf7cf9/2024_01.csv#record=12632,NIKL source band: beginner; project heuristic TOPIK 1: core-spelling/basic-life-category rule; not an official per-grade list
ko-nikl-12645,잠깐,,For a very short time.,adverb,concepts > time,nikl-2024-mirror,https://huggingface.co/datasets/binjang/NIKL-korean-english-dictionary/resolve/3b4cfd2126debfd5440cade3ef6c2a3c20cf7cf9/2024_01.csv#record=12645,NIKL source band: beginner; project heuristic TOPIK 1: core-spelling/basic-life-category rule; not an official per-grade list
ko-nikl-12644,잠깐,,A very short time.,noun,concepts > time,nikl-2024-mirror,https://huggingface.co/datasets/binjang/NIKL-korean-english-dictionary/resolve/3b4cfd2126debfd5440cade3ef6c2a3c20cf7cf9/2024_01.csv#record=12644,NIKL source band: beginner; project heuristic TOPIK 1: core-spelling/basic-life-category rule; not an official per-grade list
ko-nikl-12663,잠시,,For a short time.,adverb,concepts > time,nikl-2024-mirror,https://huggingface.co/datasets/binjang/NIKL-korean-english-dictionary/resolve/3b4cfd2126debfd5440cade3ef6c2a3c20cf7cf9/2024_01.csv#record=12663,NIKL source band: beginner; project heuristic TOPIK 1: core-spelling/basic-life-category rule; not an official per-grade list
ko-nikl-12662,잠시,,A short time.,noun,concepts > time,nikl-2024-mirror,https://huggingface.co/datasets/binjang/NIKL-korean-english-dictionary/resolve/3b4cfd2126debfd5440cade3ef6c2a3c20cf7cf9/2024_01.csv#record=12662,NIKL source band: beginner; project heuristic TOPIK 1: core-spelling/basic-life-category rule; not an official per-grade list
ko-nikl-12673,잠자다,,To stop the activities of one's body and mind and rest for a while. / For an object to be not used by someone or not used for its original purpose. / For a phenomenon to be in the state of having been hidden and not realized.,verb,daily life > daily routines,nikl-2024-mirror,https://huggingface.co/datasets/binjang/NIKL-korean-english-dictionary/resolve/3b4cfd2126debfd5440cade3ef6c2a3c20cf7cf9/2024_01.csv#record=12673,NIKL source band: beginner; project heuristic TOPIK 1: core-spelling/basic-life-category rule; not an official per-grade list
ko-nikl-12720,잡수시다,,(honorific) To eat.,verb,food > eating and cooking,nikl-2024-mirror,https://huggingface.co/datasets/binjang/NIKL-korean-english-dictionary/resolve/3b4cfd2126debfd5440cade3ef6c2a3c20cf7cf9/2024_01.csv#record=12720,NIKL source band: beginner; project heuristic TOPIK 1: core-spelling/basic-life-category rule; not an official per-grade list
ko-nikl-12747,잡채,,"A Korean dish made by mixing sweet potato noodles with thin slices of stir-fried various vegetables, meat, etc.",noun,food > dishes,nikl-2024-mirror,https://huggingface.co/datasets/binjang/NIKL-korean-english-dictionary/resolve/3b4cfd2126debfd5440cade3ef6c2a3c20cf7cf9/2024_01.csv#record=12747,NIKL source band: beginner; project heuristic TOPIK 1: core-spelling/basic-life-category rule; not an official per-grade list
ko-nikl-12779,장,,"A bound noun that serves as a unit for counting thin, wide objects such as a sheet of paper or glass.",bound noun,concepts > counters,nikl-2024-mirror,https://huggingface.co/datasets/binjang/NIKL-korean-english-dictionary/resolve/3b4cfd2126debfd5440cade3ef6c2a3c20cf7cf9/2024_01.csv#record=12779,NIKL source band: beginner; project heuristic TOPIK 1: core-spelling/basic-life-category rule; not an official per-grade list
ko-nikl-12786,장갑,,"An item made of cloth, thread, leather, etc., worn on the hand to protect it from cold, etc.",noun,clothing and appearance > hats shoes and accessories,nikl-2024-mirror,https://huggingface.co/datasets/binjang/NIKL-korean-english-dictionary/resolve/3b4cfd2126debfd5440cade3ef6c2a3c20cf7cf9/2024_01.csv#record=12786,NIKL source band: beginner; project heuristic TOPIK 1: core-spelling/basic-life-category rule; not an official per-grade list
ko-nikl-13070,재료,,Something that is used to produce an item. / A resource used in executing something.,noun,food > ingredients,nikl-2024-mirror,https://huggingface.co/datasets/binjang/NIKL-korean-english-dictionary/resolve/3b4cfd2126debfd5440cade3ef6c2a3c20cf7cf9/2024_01.csv#record=13070,NIKL source band: beginner; project heuristic TOPIK 1: core-spelling/basic-life-category rule; not an official per-grade list
ko-nikl-13080,재미없다,,Lacking feelings of joy and pleasantness. / Causing something bad or harmful.,descriptive verb,general / source uncategorized,nikl-2024-mirror,https://huggingface.co/datasets/binjang/NIKL-korean-english-dictionary/resolve/3b4cfd2126debfd5440cade3ef6c2a3c20cf7cf9/2024_01.csv#record=13080,NIKL source band: beginner; project heuristic TOPIK 1: core-spelling/basic-life-category rule; not an official per-grade list
ko-nikl-13081,재미있다,,Feelings of joy and pleasantness being present.,descriptive verb,general / source uncategorized,nikl-2024-mirror,https://huggingface.co/datasets/binjang/NIKL-korean-english-dictionary/resolve/3b4cfd2126debfd5440cade3ef6c2a3c20cf7cf9/2024_01.csv#record=13081,NIKL source band: beginner; project heuristic TOPIK 1: core-spelling/basic-life-category rule; not an official per-grade list
ko-nikl-13304,저,,A word used to indicate a person who is far away from the speaker and the listener.,determiner,concepts > demonstratives,nikl-2024-mirror,https://huggingface.co/datasets/binjang/NIKL-korean-english-dictionary/resolve/3b4cfd2126debfd5440cade3ef6c2a3c20cf7cf9/2024_01.csv#record=13304,NIKL source band: beginner; project heuristic TOPIK 1: core-spelling/basic-life-category rule; not an official per-grade list
ko-nikl-13305,저,,An exclamation used when one cannot immediately think of anything to say. / An exclamation used when one is hesitant since he/she finds it hard to bring up something.,interjection,general / source uncategorized,nikl-2024-mirror,https://huggingface.co/datasets/binjang/NIKL-korean-english-dictionary/resolve/3b4cfd2126debfd5440cade3ef6c2a3c20cf7cf9/2024_01.csv#record=13305,NIKL source band: beginner; project heuristic TOPIK 1: core-spelling/basic-life-category rule; not an official per-grade list
ko-nikl-13297,저,,The humble form used by the speaker to refer to himself/herself for the purpose of showing humility to the listener.,pronoun,concepts > personal reference,nikl-2024-mirror,https://huggingface.co/datasets/binjang/NIKL-korean-english-dictionary/resolve/3b4cfd2126debfd5440cade3ef6c2a3c20cf7cf9/2024_01.csv#record=13297,NIKL source band: beginner; project heuristic TOPIK 1: core-spelling/basic-life-category rule; not an official per-grade list
ko-nikl-13303,저,,A word used to indicate something that is far away from the speaker and the listener. / A word that means 'that person.',pronoun,concepts > demonstratives,nikl-2024-mirror,https://huggingface.co/datasets/binjang/NIKL-korean-english-dictionary/resolve/3b4cfd2126debfd5440cade3ef6c2a3c20cf7cf9/2024_01.csv#record=13303,NIKL source band: beginner; project heuristic TOPIK 1: core-spelling/basic-life-category rule; not an official per-grade list
ko-nikl-13311,저거,,The word used to indicate an object that is away from the speaker and the listener. / (disparaging) That person. / (endearing) That child.,pronoun,concepts > demonstratives,nikl-2024-mirror,https://huggingface.co/datasets/binjang/NIKL-korean-english-dictionary/resolve/3b4cfd2126debfd5440cade3ef6c2a3c20cf7cf9/2024_01.csv#record=13311,NIKL source band: beginner; project heuristic TOPIK 1: core-spelling/basic-life-category rule; not an official per-grade list
ko-nikl-13312,저것,,A word referring to something that is far away from the speaker and the listener. / (disparaging) That person. / (endearing) That child.,pronoun,concepts > demonstratives,nikl-2024-mirror,https://huggingface.co/datasets/binjang/NIKL-korean-english-dictionary/resolve/3b4cfd2126debfd5440cade3ef6c2a3c20cf7cf9/2024_01.csv#record=13312,NIKL source band: beginner; project heuristic TOPIK 1: core-spelling/basic-life-category rule; not an official per-grade list
ko-nikl-13317,저곳,,A word used to describe a place that is far away from the speaker or the listener.,pronoun,concepts > demonstratives,nikl-2024-mirror,https://huggingface.co/datasets/binjang/NIKL-korean-english-dictionary/resolve/3b4cfd2126debfd5440cade3ef6c2a3c20cf7cf9/2024_01.csv#record=13317,NIKL source band: beginner; project heuristic TOPIK 1: core-spelling/basic-life-category rule; not an official per-grade list
ko-nikl-13326,저기,,A word used to describe a place that is far away from the speaker or the listener.,pronoun,concepts > demonstratives,nikl-2024-mirror,https://huggingface.co/datasets/binjang/NIKL-korean-english-dictionary/resolve/3b4cfd2126debfd5440cade3ef6c2a3c20cf7cf9/2024_01.csv#record=13326,NIKL source band: beginner; project heuristic TOPIK 1: core-spelling/basic-life-category rule; not an official per-grade list
ko-nikl-13334,저녁,,The hours between the time when the sun starts setting and the time when the night falls. / A meal eaten in the evening.,noun,concepts > time,nikl-2024-mirror,https://huggingface.co/datasets/binjang/NIKL-korean-english-dictionary/resolve/3b4cfd2126debfd5440cade3ef6c2a3c20cf7cf9/2024_01.csv#record=13334,NIKL source band: beginner; project heuristic TOPIK 1: core-spelling/basic-life-category rule; not an official per-grade list
ko-nikl-13366,저런,,"Being that way in terms of state, shape, nature, etc.",determiner,concepts > demonstratives,nikl-2024-mirror,https://huggingface.co/datasets/binjang/NIKL-korean-english-dictionary/resolve/3b4cfd2126debfd5440cade3ef6c2a3c20cf7cf9/2024_01.csv#record=13366,NIKL source band: beginner; project heuristic TOPIK 1: core-spelling/basic-life-category rule; not an official per-grade list
ko-nikl-13371,저렇다,,"Being that way in terms of state, shape, nature, etc.",descriptive verb,concepts > demonstratives,nikl-2024-mirror,https://huggingface.co/datasets/binjang/NIKL-korean-english-dictionary/resolve/3b4cfd2126debfd5440cade3ef6c2a3c20cf7cf9/2024_01.csv#record=13371,NIKL source band: beginner; project heuristic TOPIK 1: core-spelling/basic-life-category rule; not an official per-grade list
ko-nikl-13406,저번,,A turn or time that was in the past at the time of speaking.,noun,concepts > time,nikl-2024-mirror,https://huggingface.co/datasets/binjang/NIKL-korean-english-dictionary/resolve/3b4cfd2126debfd5440cade3ef6c2a3c20cf7cf9/2024_01.csv#record=13406,NIKL source band: beginner; project heuristic TOPIK 1: core-spelling/basic-life-category rule; not an official per-grade list
ko-nikl-13408,저분,,(very polite form) That person.,pronoun,concepts > personal reference,nikl-2024-mirror,https://huggingface.co/datasets/binjang/NIKL-korean-english-dictionary/resolve/3b4cfd2126debfd5440cade3ef6c2a3c20cf7cf9/2024_01.csv#record=13408,NIKL source band: beginner; project heuristic TOPIK 1: core-spelling/basic-life-category rule; not an official per-grade list
ko-nikl-13466,저쪽,,A pronoun used to indicate a place or direction that is far from both the speaker and listener. / A pronoun used to indicate a persons or persons that are far from both the speaker and listener. / A pronoun used to indicate multiple people including a person that is far from both the speaker and listener. / A pronoun to indicate the opposite side of something separated by something else. / A pronoun to indicate a time in the past that is somewhat distant from the present.,pronoun,concepts > demonstratives,nikl-2024-mirror,https://huggingface.co/datasets/binjang/NIKL-korean-english-dictionary/resolve/3b4cfd2126debfd5440cade3ef6c2a3c20cf7cf9/2024_01.csv#record=13466,NIKL source band: beginner; project heuristic TOPIK 1: core-spelling/basic-life-category rule; not an official per-grade list
ko-nikl-13497,저희,,A word used by the speaker to refer to a group of people including himself/herself when speaking to another person who is superior to him/her. / A word used by the speaker to endearingly refer to something related to himself/herself when speaking to another person who is superior to him/her. / A word that refers to people that were already mentioned or appeared.,pronoun,concepts > personal reference,nikl-2024-mirror,https://huggingface.co/datasets/binjang/NIKL-korean-english-dictionary/resolve/3b4cfd2126debfd5440cade3ef6c2a3c20cf7cf9/2024_01.csv#record=13497,NIKL source band: beginner; project heuristic TOPIK 1: core-spelling/basic-life-category rule; not an official per-grade list
ko-nikl-13520,적다,,"Not meeting a certain standard in terms of number, quantity or degree.",descriptive verb,general / source uncategorized,nikl-2024-mirror,https://huggingface.co/datasets/binjang/NIKL-korean-english-dictionary/resolve/3b4cfd2126debfd5440cade3ef6c2a3c20cf7cf9/2024_01.csv#record=13520,NIKL source band: beginner; project heuristic TOPIK 1: core-spelling/basic-life-category rule; not an official per-grade list
ko-nikl-13519,적다,,"To record something in writing. / To do bookkeeping or write a diary, etc.",verb,concepts > quantity,nikl-2024-mirror,https://huggingface.co/datasets/binjang/NIKL-korean-english-dictionary/resolve/3b4cfd2126debfd5440cade3ef6c2a3c20cf7cf9/2024_01.csv#record=13519,NIKL source band: beginner; project heuristic TOPIK 1: core-spelling/basic-life-category rule; not an official per-grade list
ko-nikl-13639,전,,Entire or whole.,determiner,concepts > numbers,nikl-2024-mirror,https://huggingface.co/datasets/binjang/NIKL-korean-english-dictionary/resolve/3b4cfd2126debfd5440cade3ef6c2a3c20cf7cf9/2024_01.csv#record=13639,NIKL source band: beginner; project heuristic TOPIK 1: core-spelling/basic-life-category rule; not an official per-grade list
ko-nikl-13695,전기,,"An energy used to produce light or heat or to operate a machine. / (figurative) The state of a body part being numb due to insufficient blood circulation, or a sharp sensation felt when one bumps into something.",noun,housing > housework,nikl-2024-mirror,https://huggingface.co/datasets/binjang/NIKL-korean-english-dictionary/resolve/3b4cfd2126debfd5440cade3ef6c2a3c20cf7cf9/2024_01.csv#record=13695,NIKL source band: beginner; project heuristic TOPIK 1: core-spelling/basic-life-category rule; not an official per-grade list
ko-nikl-14029,전철,,"A long, electrically-powered vehicle that runs on tracks and is capable of carrying a large number of passengers.",noun,social life > transport,nikl-2024-mirror,https://huggingface.co/datasets/binjang/NIKL-korean-english-dictionary/resolve/3b4cfd2126debfd5440cade3ef6c2a3c20cf7cf9/2024_01.csv#record=14029,NIKL source band: beginner; project heuristic TOPIK 1: core-spelling/basic-life-category rule; not an official per-grade list
ko-nikl-14080,전화,,"The act of exchanging words between people via telephone, or such conversation. / A device that turns voice into an electric wave or current to allow people who are far away from each other to communicate.",noun,social life > communication tools,nikl-2024-mirror,https://huggingface.co/datasets/binjang/NIKL-korean-english-dictionary/resolve/3b4cfd2126debfd5440cade3ef6c2a3c20cf7cf9/2024_01.csv#record=14080,NIKL source band: beginner; project heuristic TOPIK 1: core-spelling/basic-life-category rule; not an official per-grade list
ko-nikl-14081,전화기,,A device that turns voice into electric waves or currents to allow people far away from each other to have a conversation.,noun,housing > household goods,nikl-2024-mirror,https://huggingface.co/datasets/binjang/NIKL-korean-english-dictionary/resolve/3b4cfd2126debfd5440cade3ef6c2a3c20cf7cf9/2024_01.csv#record=14081,NIKL source band: beginner; project heuristic TOPIK 1: core-spelling/basic-life-category rule; not an official per-grade list
ko-nikl-14255,점심,,A meal eaten in the afternoon between breakfast and dinner. / The time between morning and evening when the sun is at its highest during the day.,noun,concepts > time,nikl-2024-mirror,https://huggingface.co/datasets/binjang/NIKL-korean-english-dictionary/resolve/3b4cfd2126debfd5440cade3ef6c2a3c20cf7cf9/2024_01.csv#record=14255,NIKL source band: beginner; project heuristic TOPIK 1: core-spelling/basic-life-category rule; not an official per-grade list
ko-nikl-14258,점심시간,,A time allotted for having lunch.,noun,concepts > time,nikl-2024-mirror,https://huggingface.co/datasets/binjang/NIKL-korean-english-dictionary/resolve/3b4cfd2126debfd5440cade3ef6c2a3c20cf7cf9/2024_01.csv#record=14258,NIKL source band: beginner; project heuristic TOPIK 1: core-spelling/basic-life-category rule; not an official per-grade list
ko-nikl-14386,정거장,,"A place where buses, trains, etc., stop so people can get on and off the vehicle.",noun,social life > transport facilities,nikl-2024-mirror,https://huggingface.co/datasets/binjang/NIKL-korean-english-dictionary/resolve/3b4cfd2126debfd5440cade3ef6c2a3c20cf7cf9/2024_01.csv#record=14386,NIKL source band: beginner; project heuristic TOPIK 1: core-spelling/basic-life-category rule; not an official per-grade list
ko-nikl-14466,정류장,,"A place where buses, taxis etc., stop so people can get on and off the vehicle.",noun,social life > transport facilities,nikl-2024-mirror,https://huggingface.co/datasets/binjang/NIKL-korean-english-dictionary/resolve/3b4cfd2126debfd5440cade3ef6c2a3c20cf7cf9/2024_01.csv#record=14466,NIKL source band: beginner; project heuristic TOPIK 1: core-spelling/basic-life-category rule; not an official per-grade list
ko-nikl-14467,정리,,The act of gathering or clearing away dispersed or unorganized items. / The act of categorizing or gathering systematically. / The act of establishing a certain order by reducing or clearing away something problematic or unnecessary. / The act of ending a relationship with another person. / The act of making the transaction history with a bank shown on one's passbook.,noun,housing > housework,nikl-2024-mirror,https://huggingface.co/datasets/binjang/NIKL-korean-english-dictionary/resolve/3b4cfd2126debfd5440cade3ef6c2a3c20cf7cf9/2024_01.csv#record=14467,NIKL source band: beginner; project heuristic TOPIK 1: core-spelling/basic-life-category rule; not an official per-grade list
ko-nikl-14476,정말,,In actual truth without falsehood.,adverb,concepts > degree,nikl-2024-mirror,https://huggingface.co/datasets/binjang/NIKL-korean-english-dictionary/resolve/3b4cfd2126debfd5440cade3ef6c2a3c20cf7cf9/2024_01.csv#record=14476,NIKL source band: beginner; project heuristic TOPIK 1: core-spelling/basic-life-category rule; not an official per-grade list
ko-nikl-14475,정말,,"A truth without falsehood, or words without any lack of conformity to truth. / A truth that has not been revealed yet. / A word used to emphasize ones' own remarks.",noun,concepts > degree,nikl-2024-mirror,https://huggingface.co/datasets/binjang/NIKL-korean-english-dictionary/resolve/3b4cfd2126debfd5440cade3ef6c2a3c20cf7cf9/2024_01.csv#record=14475,NIKL source band: beginner; project heuristic TOPIK 1: core-spelling/basic-life-category rule; not an official per-grade list
ko-nikl-14485,정문,,A gate at the front of a building through which people and cars go in and come out.,noun,education > school facilities,nikl-2024-mirror,https://huggingface.co/datasets/binjang/NIKL-korean-english-dictionary/resolve/3b4cfd2126debfd5440cade3ef6c2a3c20cf7cf9/2024_01.csv#record=14485,NIKL source band: beginner; project heuristic TOPIK 1: core-spelling/basic-life-category rule; not an official per-grade list
ko-nikl-14623,정원,,"A yard or flowerbed in a house where grass, trees, etc., are grown.",noun,housing > parts of a home,nikl-2024-mirror,https://huggingface.co/datasets/binjang/NIKL-korean-english-dictionary/resolve/3b4cfd2126debfd5440cade3ef6c2a3c20cf7cf9/2024_01.csv#record=14623,NIKL source band: beginner; project heuristic TOPIK 1: core-spelling/basic-life-category rule; not an official per-grade list
ko-nikl-14781,제,,I (humble subject form before the subject particle); he or she (context-dependent subject form).,pronoun,concepts > personal reference,nikl-2024-mirror,https://huggingface.co/datasets/binjang/NIKL-korean-english-dictionary/resolve/3b4cfd2126debfd5440cade3ef6c2a3c20cf7cf9/2024_01.csv#record=14781,NIKL source band: beginner; project heuristic TOPIK 1: core-spelling/basic-life-category rule; not an official per-grade list
ko-nikl-14944,제일,,Best among many.,adverb,concepts > degree,nikl-2024-mirror,https://huggingface.co/datasets/binjang/NIKL-korean-english-dictionary/resolve/3b4cfd2126debfd5440cade3ef6c2a3c20cf7cf9/2024_01.csv#record=14944,NIKL source band: beginner; project heuristic TOPIK 1: core-spelling/basic-life-category rule; not an official per-grade list
ko-nikl-14943,제일,,The one coming first among many.,noun,concepts > degree,nikl-2024-mirror,https://huggingface.co/datasets/binjang/NIKL-korean-english-dictionary/resolve/3b4cfd2126debfd5440cade3ef6c2a3c20cf7cf9/2024_01.csv#record=14943,NIKL source band: beginner; project heuristic TOPIK 1: core-spelling/basic-life-category rule; not an official per-grade list
ko-nikl-15086,조금,,In a small quantity or to a small degree. / For a short while.,adverb,concepts > quantity,nikl-2024-mirror,https://huggingface.co/datasets/binjang/NIKL-korean-english-dictionary/resolve/3b4cfd2126debfd5440cade3ef6c2a3c20cf7cf9/2024_01.csv#record=15086,NIKL source band: beginner; project heuristic TOPIK 1: core-spelling/basic-life-category rule; not an official per-grade list
ko-nikl-15085,조금,,A small quantity or degree. / A duration of short time.,noun,concepts > quantity,nikl-2024-mirror,https://huggingface.co/datasets/binjang/NIKL-korean-english-dictionary/resolve/3b4cfd2126debfd5440cade3ef6c2a3c20cf7cf9/2024_01.csv#record=15085,NIKL source band: beginner; project heuristic TOPIK 1: core-spelling/basic-life-category rule; not an official per-grade list
ko-nikl-41210,조카,,A child of one's sibling.,noun,daily life > family relationships,nikl-2024-mirror,https://huggingface.co/datasets/binjang/NIKL-korean-english-dictionary/resolve/3b4cfd2126debfd5440cade3ef6c2a3c20cf7cf9/2024_01.csv#record=41210,NIKL source band: beginner; project heuristic TOPIK 1: core-spelling/basic-life-category rule; not an official per-grade list
ko-nikl-41438,종이,,"A thin material made of wood pulp that is used for multiple purposes such as writing, painting, priniting, etc.",noun,education > learning materials,nikl-2024-mirror,https://huggingface.co/datasets/binjang/NIKL-korean-english-dictionary/resolve/3b4cfd2126debfd5440cade3ef6c2a3c20cf7cf9/2024_01.csv#record=41438,NIKL source band: beginner; project heuristic TOPIK 1: core-spelling/basic-life-category rule; not an official per-grade list
ko-nikl-41488,좋다,,"Excellent and satisfactory in features and content. / Well-rounded and kind in personality. / Kind and gentle in the way one speaks and acts. / Above average in physical condition or health. / Not caring about saving face or being shameless. / Sunny and clear. / Enough or sufficient. / Having a lot of hair in good condition. / (for a day or opportunity to be) Appropriate. / Happy about and satisfied with a thing or object. / Having a feeling, etc., of happiness and satisfaction. / Having no problems with behavior, work, etc. / Easy or convenient to do something. / Having qualities that are good for the body or health. / Higher in quality or level compared to others. / Close and friendly with each other. / Interpreting something in a way that is favorable to one side. / The word used to express negation of, dissatisfaction with, a situation which has just been mentioned. / Appropriate for using as a material or doing something.",descriptive verb,people > emotions,nikl-2024-mirror,https://huggingface.co/datasets/binjang/NIKL-korean-english-dictionary/resolve/3b4cfd2126debfd5440cade3ef6c2a3c20cf7cf9/2024_01.csv#record=41488,NIKL source band: beginner; project heuristic TOPIK 1: core-spelling/basic-life-category rule; not an official per-grade list
ko-nikl-41493,좋아하다,,"To have good feelings toward something. / To have a special liking for a certain food, etc. / To enjoy doing something. / To have an affection for and feel intimate toward someone or to like each other. / To show feelings of happiness or joy. / A word that is used to sneer at or ridicule someone as one considers his/her words or behavior untruthful or foolish.",verb,people > emotions,nikl-2024-mirror,https://huggingface.co/datasets/binjang/NIKL-korean-english-dictionary/resolve/3b4cfd2126debfd5440cade3ef6c2a3c20cf7cf9/2024_01.csv#record=41493,NIKL source band: beginner; project heuristic TOPIK 1: core-spelling/basic-life-category rule; not an official per-grade list
ko-nikl-41556,죄송하다,,Very sorry as if one committed a wrongdoing.,descriptive verb,people > emotions,nikl-2024-mirror,https://huggingface.co/datasets/binjang/NIKL-korean-english-dictionary/resolve/3b4cfd2126debfd5440cade3ef6c2a3c20cf7cf9/2024_01.csv#record=41556,NIKL source band: beginner; project heuristic TOPIK 1: core-spelling/basic-life-category rule; not an official per-grade list
ko-nikl-41582,주,,A bound noun used to count a seven-day period from Monday through Sunday.,bound noun,concepts > counters,nikl-2024-mirror,https://huggingface.co/datasets/binjang/NIKL-korean-english-dictionary/resolve/3b4cfd2126debfd5440cade3ef6c2a3c20cf7cf9/2024_01.csv#record=41582,NIKL source band: beginner; project heuristic TOPIK 1: core-spelling/basic-life-category rule; not an official per-grade list
ko-nikl-41578,주,,The seven-day period from Monday to Sunday.,noun,concepts > counters,nikl-2024-mirror,https://huggingface.co/datasets/binjang/NIKL-korean-english-dictionary/resolve/3b4cfd2126debfd5440cade3ef6c2a3c20cf7cf9/2024_01.csv#record=41578,NIKL source band: beginner; project heuristic TOPIK 1: core-spelling/basic-life-category rule; not an official per-grade list
ko-nikl-41632,주다,,"To give an item to someone else so he/she can have or use it. / To allow something such as time for him/her to enjoy or to have. / To give someone a qualification, right or score. / To give someone a role or part. / To make someone feel a certain way. / To unwind a spool of thread or rope further. / To give someone a warning or hint, so that he/she understands something. / To direct one's sight or gesture to a certain place. / To make an injection or apply an acupuncture needle. / To add to speed or power. / To do an act of kindness or open one's heart to someone.",verb,social life > social activities,nikl-2024-mirror,https://huggingface.co/datasets/binjang/NIKL-korean-english-dictionary/resolve/3b4cfd2126debfd5440cade3ef6c2a3c20cf7cf9/2024_01.csv#record=41632,NIKL source band: beginner; project heuristic TOPIK 1: core-spelling/basic-life-category rule; not an official per-grade list
ko-nikl-41683,주말,,The end of a week.,noun,concepts > time,nikl-2024-mirror,https://huggingface.co/datasets/binjang/NIKL-korean-english-dictionary/resolve/3b4cfd2126debfd5440cade3ef6c2a3c20cf7cf9/2024_01.csv#record=41683,NIKL source band: beginner; project heuristic TOPIK 1: core-spelling/basic-life-category rule; not an official per-grade list
ko-nikl-41716,주무시다,,(honorific) To sleep.,verb,daily life > daily routines,nikl-2024-mirror,https://huggingface.co/datasets/binjang/NIKL-korean-english-dictionary/resolve/3b4cfd2126debfd5440cade3ef6c2a3c20cf7cf9/2024_01.csv#record=41716,NIKL source band: beginner; project heuristic TOPIK 1: core-spelling/basic-life-category rule; not an official per-grade list
ko-nikl-41743,주변,,"The surroundings that encompass someone or something, or being within a close range.",noun,concepts > location and direction,nikl-2024-mirror,https://huggingface.co/datasets/binjang/NIKL-korean-english-dictionary/resolve/3b4cfd2126debfd5440cade3ef6c2a3c20cf7cf9/2024_01.csv#record=41743,NIKL source band: beginner; project heuristic TOPIK 1: core-spelling/basic-life-category rule; not an official per-grade list
ko-nikl-41748,주부,,A person who mainly does household chores in a family.,noun,social life > occupations,nikl-2024-mirror,https://huggingface.co/datasets/binjang/NIKL-korean-english-dictionary/resolve/3b4cfd2126debfd5440cade3ef6c2a3c20cf7cf9/2024_01.csv#record=41748,NIKL source band: beginner; project heuristic TOPIK 1: core-spelling/basic-life-category rule; not an official per-grade list
ko-nikl-41773,주소,,"The administrative name of a place where a house, workplace, organization, etc., is located. / The location of a storage where data reside, or a set of numbers that represents such a location.",noun,general / source uncategorized,nikl-2024-mirror,https://huggingface.co/datasets/binjang/NIKL-korean-english-dictionary/resolve/3b4cfd2126debfd5440cade3ef6c2a3c20cf7cf9/2024_01.csv#record=41773,NIKL source band: beginner; project heuristic TOPIK 1: core-spelling/basic-life-category rule; not an official per-grade list
ko-nikl-41780,주스,,"A liquid extracted from fruits or vegetables, or a drink made of such liquid.",noun,food > drinks,nikl-2024-mirror,https://huggingface.co/datasets/binjang/NIKL-korean-english-dictionary/resolve/3b4cfd2126debfd5440cade3ef6c2a3c20cf7cf9/2024_01.csv#record=41780,NIKL source band: beginner; project heuristic TOPIK 1: core-spelling/basic-life-category rule; not an official per-grade list
ko-nikl-41810,주위,,"An area surrounding a certain place. / Something that surrounds a person or thing, or such an environment. / People who are close to a person.",noun,concepts > location and direction,nikl-2024-mirror,https://huggingface.co/datasets/binjang/NIKL-korean-english-dictionary/resolve/3b4cfd2126debfd5440cade3ef6c2a3c20cf7cf9/2024_01.csv#record=41810,NIKL source band: beginner; project heuristic TOPIK 1: core-spelling/basic-life-category rule; not an official per-grade list
ko-nikl-41828,주일,,A bound noun used to count a seven-day period from Monday through Sunday.,bound noun,concepts > counters,nikl-2024-mirror,https://huggingface.co/datasets/binjang/NIKL-korean-english-dictionary/resolve/3b4cfd2126debfd5440cade3ef6c2a3c20cf7cf9/2024_01.csv#record=41828,NIKL source band: beginner; project heuristic TOPIK 1: core-spelling/basic-life-category rule; not an official per-grade list
ko-nikl-41826,주일,,The seven-day period from Monday to Sunday.,noun,concepts > counters,nikl-2024-mirror,https://huggingface.co/datasets/binjang/NIKL-korean-english-dictionary/resolve/3b4cfd2126debfd5440cade3ef6c2a3c20cf7cf9/2024_01.csv#record=41826,NIKL source band: beginner; project heuristic TOPIK 1: core-spelling/basic-life-category rule; not an official per-grade list
ko-nikl-41884,주차,,The act of keeping a car at a certain space.,noun,social life > travel actions,nikl-2024-mirror,https://huggingface.co/datasets/binjang/NIKL-korean-english-dictionary/resolve/3b4cfd2126debfd5440cade3ef6c2a3c20cf7cf9/2024_01.csv#record=41884,NIKL source band: beginner; project heuristic TOPIK 1: core-spelling/basic-life-category rule; not an official per-grade list
ko-nikl-41887,주차장,,A place where one can park his/her car.,noun,social life > transport facilities,nikl-2024-mirror,https://huggingface.co/datasets/binjang/NIKL-korean-english-dictionary/resolve/3b4cfd2126debfd5440cade3ef6c2a3c20cf7cf9/2024_01.csv#record=41887,NIKL source band: beginner; project heuristic TOPIK 1: core-spelling/basic-life-category rule; not an official per-grade list
ko-nikl-41948,주황색,,A mixed color of red and yellow.,noun,concepts > colors,nikl-2024-mirror,https://huggingface.co/datasets/binjang/NIKL-korean-english-dictionary/resolve/3b4cfd2126debfd5440cade3ef6c2a3c20cf7cf9/2024_01.csv#record=41948,NIKL source band: beginner; project heuristic TOPIK 1: core-spelling/basic-life-category rule; not an official per-grade list
ko-nikl-42080,중,,A bound noun used to refer to something out of many. / A bound noun used to refer to a time when one is doing something. / A bound noun used to refer to a state that one is in. / A bound noun used to refer to a period that is within a certain timeframe. / A bound noun used to refer to the inside or inner side.,bound noun,concepts > time,nikl-2024-mirror,https://huggingface.co/datasets/binjang/NIKL-korean-english-dictionary/resolve/3b4cfd2126debfd5440cade3ef6c2a3c20cf7cf9/2024_01.csv#record=42080,NIKL source band: beginner; project heuristic TOPIK 1: core-spelling/basic-life-category rule; not an official per-grade list
ko-nikl-42081,중간,,"The space between two objects. / The middle one among a set of grades, sizes, sequences, etc. / The middle of a space or time. / A time during which something is going on. / Something that exists between two extremes. / A middle-person who connects people.",noun,concepts > location and direction,nikl-2024-mirror,https://huggingface.co/datasets/binjang/NIKL-korean-english-dictionary/resolve/3b4cfd2126debfd5440cade3ef6c2a3c20cf7cf9/2024_01.csv#record=42081,NIKL source band: beginner; project heuristic TOPIK 1: core-spelling/basic-life-category rule; not an official per-grade list
ko-nikl-42119,중국,,"A socialist country located in the eastern part of Asia and which has the world's largest population and a vast territory, and whose main language is Chinese and capital is Beijing.",noun,concepts > regions,nikl-2024-mirror,https://huggingface.co/datasets/binjang/NIKL-korean-english-dictionary/resolve/3b4cfd2126debfd5440cade3ef6c2a3c20cf7cf9/2024_01.csv#record=42119,NIKL source band: beginner; project heuristic TOPIK 1: core-spelling/basic-life-category rule; not an official per-grade list
ko-nikl-42121,중국집,,A restaurant where Chinese foods are sold.,noun,food > food venues,nikl-2024-mirror,https://huggingface.co/datasets/binjang/NIKL-korean-english-dictionary/resolve/3b4cfd2126debfd5440cade3ef6c2a3c20cf7cf9/2024_01.csv#record=42121,NIKL source band: beginner; project heuristic TOPIK 1: core-spelling/basic-life-category rule; not an official per-grade list
ko-nikl-42214,중심,,The very middle of something. / An important part that serves as a foundation. / One's firm opinion or thought.,noun,concepts > location and direction,nikl-2024-mirror,https://huggingface.co/datasets/binjang/NIKL-korean-english-dictionary/resolve/3b4cfd2126debfd5440cade3ef6c2a3c20cf7cf9/2024_01.csv#record=42214,NIKL source band: beginner; project heuristic TOPIK 1: core-spelling/basic-life-category rule; not an official per-grade list
ko-nikl-42228,중앙,,The very center of a certain place or object. / An important place that serves as the center. / The city that is home to the government and serves as the center of the nation.,noun,concepts > location and direction,nikl-2024-mirror,https://huggingface.co/datasets/binjang/NIKL-korean-english-dictionary/resolve/3b4cfd2126debfd5440cade3ef6c2a3c20cf7cf9/2024_01.csv#record=42228,NIKL source band: beginner; project heuristic TOPIK 1: core-spelling/basic-life-category rule; not an official per-grade list
ko-nikl-42310,중학생,,A student who goes to middle school.,noun,education > teachers and learners,nikl-2024-mirror,https://huggingface.co/datasets/binjang/NIKL-korean-english-dictionary/resolve/3b4cfd2126debfd5440cade3ef6c2a3c20cf7cf9/2024_01.csv#record=42310,NIKL source band: beginner; project heuristic TOPIK 1: core-spelling/basic-life-category rule; not an official per-grade list
ko-nikl-42509,지갑,,"An object made of leather, cloth, etc., for carrying money, credit cards, business cards, etc.",noun,clothing and appearance > hats shoes and accessories,nikl-2024-mirror,https://huggingface.co/datasets/binjang/NIKL-korean-english-dictionary/resolve/3b4cfd2126debfd5440cade3ef6c2a3c20cf7cf9/2024_01.csv#record=42509,NIKL source band: beginner; project heuristic TOPIK 1: core-spelling/basic-life-category rule; not an official per-grade list
ko-nikl-42538,지금,,"At the present moment as one speaks, or that instant. / At present rather than in the past or future.",adverb,concepts > time,nikl-2024-mirror,https://huggingface.co/datasets/binjang/NIKL-korean-english-dictionary/resolve/3b4cfd2126debfd5440cade3ef6c2a3c20cf7cf9/2024_01.csv#record=42538,NIKL source band: beginner; project heuristic TOPIK 1: core-spelling/basic-life-category rule; not an official per-grade list
ko-nikl-42537,지금,,The present moment as one speaks. / The present rather than the past or future.,noun,concepts > time,nikl-2024-mirror,https://huggingface.co/datasets/binjang/NIKL-korean-english-dictionary/resolve/3b4cfd2126debfd5440cade3ef6c2a3c20cf7cf9/2024_01.csv#record=42537,NIKL source band: beginner; project heuristic TOPIK 1: core-spelling/basic-life-category rule; not an official per-grade list
ko-nikl-42556,지나다,,To get out of a period as time passes. / To exceed a certain limit or degree. / To go or come by way of a certain place. / To go past a period or limit. / To not pay attention to something. / To go beyond a certain state or degree.,verb,concepts > time,nikl-2024-mirror,https://huggingface.co/datasets/binjang/NIKL-korean-english-dictionary/resolve/3b4cfd2126debfd5440cade3ef6c2a3c20cf7cf9/2024_01.csv#record=42556,NIKL source band: beginner; project heuristic TOPIK 1: core-spelling/basic-life-category rule; not an official per-grade list
ko-nikl-42564,지난달,,The month immediately preceding the current month.,noun,concepts > time,nikl-2024-mirror,https://huggingface.co/datasets/binjang/NIKL-korean-english-dictionary/resolve/3b4cfd2126debfd5440cade3ef6c2a3c20cf7cf9/2024_01.csv#record=42564,NIKL source band: beginner; project heuristic TOPIK 1: core-spelling/basic-life-category rule; not an official per-grade list
ko-nikl-42565,지난번,,A certain time or turn that has passed before the moment when one is speaking.,noun,concepts > time,nikl-2024-mirror,https://huggingface.co/datasets/binjang/NIKL-korean-english-dictionary/resolve/3b4cfd2126debfd5440cade3ef6c2a3c20cf7cf9/2024_01.csv#record=42565,NIKL source band: beginner; project heuristic TOPIK 1: core-spelling/basic-life-category rule; not an official per-grade list
ko-nikl-42566,지난주,,The prior week.,noun,concepts > time,nikl-2024-mirror,https://huggingface.co/datasets/binjang/NIKL-korean-english-dictionary/resolve/3b4cfd2126debfd5440cade3ef6c2a3c20cf7cf9/2024_01.csv#record=42566,NIKL source band: beginner; project heuristic TOPIK 1: core-spelling/basic-life-category rule; not an official per-grade list
ko-nikl-42568,지난해,,The previous year.,noun,concepts > time,nikl-2024-mirror,https://huggingface.co/datasets/binjang/NIKL-korean-english-dictionary/resolve/3b4cfd2126debfd5440cade3ef6c2a3c20cf7cf9/2024_01.csv#record=42568,NIKL source band: beginner; project heuristic TOPIK 1: core-spelling/basic-life-category rule; not an official per-grade list
ko-nikl-42593,지도,,A picture of all or part of the earth's surface that is drawn on a flat surface by scaling down the size by a certain ratio and using pre-determined symbols.,noun,education > learning materials,nikl-2024-mirror,https://huggingface.co/datasets/binjang/NIKL-korean-english-dictionary/resolve/3b4cfd2126debfd5440cade3ef6c2a3c20cf7cf9/2024_01.csv#record=42593,NIKL source band: beginner; project heuristic TOPIK 1: core-spelling/basic-life-category rule; not an official per-grade list
ko-nikl-42772,지우개,,"An object made of rubber, used to erase something written with a pencil. / An object used to erase something written on a blackboard or whiteboard.",noun,education > learning materials,nikl-2024-mirror,https://huggingface.co/datasets/binjang/NIKL-korean-english-dictionary/resolve/3b4cfd2126debfd5440cade3ef6c2a3c20cf7cf9/2024_01.csv#record=42772,NIKL source band: beginner; project heuristic TOPIK 1: core-spelling/basic-life-category rule; not an official per-grade list
ko-nikl-42877,지하,,A story of a building that is made under the ground by digging. / (figurative) The grave. / An act of secretly doing activities against the government or the law.,noun,housing > parts of a home,nikl-2024-mirror,https://huggingface.co/datasets/binjang/NIKL-korean-english-dictionary/resolve/3b4cfd2126debfd5440cade3ef6c2a3c20cf7cf9/2024_01.csv#record=42877,NIKL source band: beginner; project heuristic TOPIK 1: core-spelling/basic-life-category rule; not an official per-grade list
ko-nikl-42878,지하도,,A passage made by digging underground.,noun,social life > transport facilities,nikl-2024-mirror,https://huggingface.co/datasets/binjang/NIKL-korean-english-dictionary/resolve/3b4cfd2126debfd5440cade3ef6c2a3c20cf7cf9/2024_01.csv#record=42878,NIKL source band: beginner; project heuristic TOPIK 1: core-spelling/basic-life-category rule; not an official per-grade list
ko-nikl-42884,지하철,,An electric vehicle operating on an underground railway. / An underground railway installed by digging a tunnel.,noun,social life > transport,nikl-2024-mirror,https://huggingface.co/datasets/binjang/NIKL-korean-english-dictionary/resolve/3b4cfd2126debfd5440cade3ef6c2a3c20cf7cf9/2024_01.csv#record=42884,NIKL source band: beginner; project heuristic TOPIK 1: core-spelling/basic-life-category rule; not an official per-grade list
ko-nikl-42885,지하철역,,A place where passengers get on and off the subway.,noun,social life > transport facilities,nikl-2024-mirror,https://huggingface.co/datasets/binjang/NIKL-korean-english-dictionary/resolve/3b4cfd2126debfd5440cade3ef6c2a3c20cf7cf9/2024_01.csv#record=42885,NIKL source band: beginner; project heuristic TOPIK 1: core-spelling/basic-life-category rule; not an official per-grade list
ko-nikl-42979,직업,,A regular activity done in exchange for payment.,noun,social life > occupations,nikl-2024-mirror,https://huggingface.co/datasets/binjang/NIKL-korean-english-dictionary/resolve/3b4cfd2126debfd5440cade3ef6c2a3c20cf7cf9/2024_01.csv#record=42979,NIKL source band: beginner; project heuristic TOPIK 1: core-spelling/basic-life-category rule; not an official per-grade list
ko-nikl-43335,짐,,Things that are packed to move to somewhere else. / A responsibility or pressure that is placed on someone. / A thing or being that bothers other beings or is considered as a nuisance. / A unit of counting a bundle that a person can carry at a time.,noun,general / source uncategorized,nikl-2024-mirror,https://huggingface.co/datasets/binjang/NIKL-korean-english-dictionary/resolve/3b4cfd2126debfd5440cade3ef6c2a3c20cf7cf9/2024_01.csv#record=43335,NIKL source band: beginner; project heuristic TOPIK 1: core-spelling/basic-life-category rule; not an official per-grade list
ko-nikl-43350,집,,"A structure built by a human or animal to serve as protection from cold, heat, etc., and as a place to live in. / A unit of counting houses built by humans or animals to live in. / A group of people that form a family. / An item that is made for the purpose of holding a sword, gun, glasses, etc. / In the game of go, an empty space on the board that a player surrounds with his/her stones to keep his/her opponent's stones from entering. / In the game of go, a unit of counting empty spaces on the board that a player surrounds with his/her stones to keep his/her opponent's stones from entering. / The word that means 'a store that sells products' or 'a store that is in operation.'",noun,housing > building types,nikl-2024-mirror,https://huggingface.co/datasets/binjang/NIKL-korean-english-dictionary/resolve/3b4cfd2126debfd5440cade3ef6c2a3c20cf7cf9/2024_01.csv#record=43350,NIKL source band: beginner; project heuristic TOPIK 1: core-spelling/basic-life-category rule; not an official per-grade list
ko-nikl-43409,집안일,,"Work done in a household, such as the laundry, cleaning, cooking, etc. / Work or events related to the household such as ancestral rites, weddings, etc.",noun,housing > housework,nikl-2024-mirror,https://huggingface.co/datasets/binjang/NIKL-korean-english-dictionary/resolve/3b4cfd2126debfd5440cade3ef6c2a3c20cf7cf9/2024_01.csv#record=43409,NIKL source band: beginner; project heuristic TOPIK 1: core-spelling/basic-life-category rule; not an official per-grade list
ko-nikl-43553,짝,,Either one or both of two things that form a pair or set. / A unit of counting pieces that form a pair or set. / (slang) A partner. / The word that indicates an incomparably extreme degree.,noun,concepts > counters,nikl-2024-mirror,https://huggingface.co/datasets/binjang/NIKL-korean-english-dictionary/resolve/3b4cfd2126debfd5440cade3ef6c2a3c20cf7cf9/2024_01.csv#record=43553,NIKL source band: beginner; project heuristic TOPIK 1: core-spelling/basic-life-category rule; not an official per-grade list
ko-nikl-43591,짧다,,"The distance between the two ends of a space or object being close. / The time period between two points in time being brief. / The length or number of a text or words being short or small. / Inadequate in the amount or level of capital, ideas, ability, etc.",descriptive verb,concepts > shape,nikl-2024-mirror,https://huggingface.co/datasets/binjang/NIKL-korean-english-dictionary/resolve/3b4cfd2126debfd5440cade3ef6c2a3c20cf7cf9/2024_01.csv#record=43591,NIKL source band: beginner; project heuristic TOPIK 1: core-spelling/basic-life-category rule; not an official per-grade list
ko-nikl-43595,짬뽕,,Chinese-style noodle dish made by pouring a spicy stock of stir-fried vegetables and seafood over noodles. / A combination of different things.,noun,food > dishes,nikl-2024-mirror,https://huggingface.co/datasets/binjang/NIKL-korean-english-dictionary/resolve/3b4cfd2126debfd5440cade3ef6c2a3c20cf7cf9/2024_01.csv#record=43595,NIKL source band: beginner; project heuristic TOPIK 1: core-spelling/basic-life-category rule; not an official per-grade list
ko-nikl-43690,쪽,,A bound noun used to refer to the direction something goes toward or faces. / A bound noun used to refer to either of two mutually opposing sides.,bound noun,concepts > location and direction,nikl-2024-mirror,https://huggingface.co/datasets/binjang/NIKL-korean-english-dictionary/resolve/3b4cfd2126debfd5440cade3ef6c2a3c20cf7cf9/2024_01.csv#record=43690,NIKL source band: beginner; project heuristic TOPIK 1: core-spelling/basic-life-category rule; not an official per-grade list
ko-nikl-43755,찌개,,"A side dish made by putting tofu, vegetables, etc., in a small amount of broth with doenjang, soybean paste, or gochujang, red chili paste, and then boiling it with some spices or seasonings to taste a little salty.",noun,food > dishes,nikl-2024-mirror,https://huggingface.co/datasets/binjang/NIKL-korean-english-dictionary/resolve/3b4cfd2126debfd5440cade3ef6c2a3c20cf7cf9/2024_01.csv#record=43755,NIKL source band: beginner; project heuristic TOPIK 1: core-spelling/basic-life-category rule; not an official per-grade list
ko-nikl-43761,찌다,,To be humid and hot as if one is exposed to hot steam. / To cook or heat up food with hot steam.,verb,food > eating and cooking,nikl-2024-mirror,https://huggingface.co/datasets/binjang/NIKL-korean-english-dictionary/resolve/3b4cfd2126debfd5440cade3ef6c2a3c20cf7cf9/2024_01.csv#record=43761,NIKL source band: beginner; project heuristic TOPIK 1: core-spelling/basic-life-category rule; not an official per-grade list
ko-nikl-43833,차,,"A beverage made by infusing or brewing leaves, roots, fruits, etc., of a plant with a good smell or flavor.",noun,food > drinks,nikl-2024-mirror,https://huggingface.co/datasets/binjang/NIKL-korean-english-dictionary/resolve/3b4cfd2126debfd5440cade3ef6c2a3c20cf7cf9/2024_01.csv#record=43833,NIKL source band: beginner; project heuristic TOPIK 1: core-spelling/basic-life-category rule; not an official per-grade list
ko-nikl-43835,차,,A wheeled vehicle for carrying people or goods. / A vehicle-load used to count people or goods. / A chariot piece in Korean chess.,noun,social life > transport,nikl-2024-mirror,https://huggingface.co/datasets/binjang/NIKL-korean-english-dictionary/resolve/3b4cfd2126debfd5440cade3ef6c2a3c20cf7cf9/2024_01.csv#record=43835,NIKL source band: beginner; project heuristic TOPIK 1: core-spelling/basic-life-category rule; not an official per-grade list
ko-nikl-43840,차갑다,,The touch of something on one's skin being cold. / One's personality or attitude being unfriendly rather than kind or warm.,descriptive verb,concepts > temperature,nikl-2024-mirror,https://huggingface.co/datasets/binjang/NIKL-korean-english-dictionary/resolve/3b4cfd2126debfd5440cade3ef6c2a3c20cf7cf9/2024_01.csv#record=43840,NIKL source band: beginner; project heuristic TOPIK 1: core-spelling/basic-life-category rule; not an official per-grade list
ko-nikl-43857,차다,,"To attach, hang, or put an object on one's waist, wrist, ankle, etc. / (slang) To get a lover and hang around with him/her.",verb,clothing and appearance > dressing,nikl-2024-mirror,https://huggingface.co/datasets/binjang/NIKL-korean-english-dictionary/resolve/3b4cfd2126debfd5440cade3ef6c2a3c20cf7cf9/2024_01.csv#record=43857,NIKL source band: beginner; project heuristic TOPIK 1: core-spelling/basic-life-category rule; not an official per-grade list
ko-nikl-44002,찬물,,Cold water.,noun,food > drinks,nikl-2024-mirror,https://huggingface.co/datasets/binjang/NIKL-korean-english-dictionary/resolve/3b4cfd2126debfd5440cade3ef6c2a3c20cf7cf9/2024_01.csv#record=44002,NIKL source band: beginner; project heuristic TOPIK 1: core-spelling/basic-life-category rule; not an official per-grade list
ko-nikl-44135,참외,,"A yellow, sweet fruit that is usually eaten in the summer.",noun,food > fruit,nikl-2024-mirror,https://huggingface.co/datasets/binjang/NIKL-korean-english-dictionary/resolve/3b4cfd2126debfd5440cade3ef6c2a3c20cf7cf9/2024_01.csv#record=44135,NIKL source band: beginner; project heuristic TOPIK 1: core-spelling/basic-life-category rule; not an official per-grade list
ko-nikl-44202,창문,,An opening in the wall or roof made to let in air or light.,noun,housing > parts of a home,nikl-2024-mirror,https://huggingface.co/datasets/binjang/NIKL-korean-english-dictionary/resolve/3b4cfd2126debfd5440cade3ef6c2a3c20cf7cf9/2024_01.csv#record=44202,NIKL source band: beginner; project heuristic TOPIK 1: core-spelling/basic-life-category rule; not an official per-grade list
ko-nikl-44265,찾다,,"To look here and there in order to gain something or find someone, or to gain something or find someone. / To figure out something one does not know, or to make an effort to do so. / To look up a book or surf the Internet in order to figure out something one does not know. / To receive something that was lost, stolen, stored, or lent. / To go to a place to meet someone or visit a location. / To call someone to talk or meet. / To look for or seek something. / To ask a person or institution for help. / To regain the original state. / To regain one's confidence, honor, etc.",verb,general / source uncategorized,nikl-2024-mirror,https://huggingface.co/datasets/binjang/NIKL-korean-english-dictionary/resolve/3b4cfd2126debfd5440cade3ef6c2a3c20cf7cf9/2024_01.csv#record=44265,NIKL source band: beginner; project heuristic TOPIK 1: core-spelling/basic-life-category rule; not an official per-grade list
ko-nikl-44307,채소,,"A plant grown in a field, of which the leaves, stems, or fruits are edible.",noun,food > vegetables,nikl-2024-mirror,https://huggingface.co/datasets/binjang/NIKL-korean-english-dictionary/resolve/3b4cfd2126debfd5440cade3ef6c2a3c20cf7cf9/2024_01.csv#record=44307,NIKL source band: beginner; project heuristic TOPIK 1: core-spelling/basic-life-category rule; not an official per-grade list
ko-nikl-44341,책,,"Pieces of writing, pictures, etc., that are printed and bound. / A unit for counting the number of old books or several pages of paper bound into one. / A word used to indicate &quot;a book.&quot;",noun,social life > media,nikl-2024-mirror,https://huggingface.co/datasets/binjang/NIKL-korean-english-dictionary/resolve/3b4cfd2126debfd5440cade3ef6c2a3c20cf7cf9/2024_01.csv#record=44341,NIKL source band: beginner; project heuristic TOPIK 1: core-spelling/basic-life-category rule; not an official per-grade list
ko-nikl-44361,책상,,"A table at which one reads a book, writes, or handles office work.",noun,housing > household goods,nikl-2024-mirror,https://huggingface.co/datasets/binjang/NIKL-korean-english-dictionary/resolve/3b4cfd2126debfd5440cade3ef6c2a3c20cf7cf9/2024_01.csv#record=44361,NIKL source band: beginner; project heuristic TOPIK 1: core-spelling/basic-life-category rule; not an official per-grade list
ko-nikl-44372,책장,,A piece of furniture for holding books.,noun,housing > household goods,nikl-2024-mirror,https://huggingface.co/datasets/binjang/NIKL-korean-english-dictionary/resolve/3b4cfd2126debfd5440cade3ef6c2a3c20cf7cf9/2024_01.csv#record=44372,NIKL source band: beginner; project heuristic TOPIK 1: core-spelling/basic-life-category rule; not an official per-grade list
ko-nikl-44469,천,,Of the cardinal number equal to 10 X 100.,determiner,concepts > numbers,nikl-2024-mirror,https://huggingface.co/datasets/binjang/NIKL-korean-english-dictionary/resolve/3b4cfd2126debfd5440cade3ef6c2a3c20cf7cf9/2024_01.csv#record=44469,NIKL source band: beginner; project heuristic TOPIK 1: core-spelling/basic-life-category rule; not an official per-grade list
ko-nikl-44467,천,,The cardinal number equal to 10 X 100.,numeral,concepts > numbers,nikl-2024-mirror,https://huggingface.co/datasets/binjang/NIKL-korean-english-dictionary/resolve/3b4cfd2126debfd5440cade3ef6c2a3c20cf7cf9/2024_01.csv#record=44467,NIKL source band: beginner; project heuristic TOPIK 1: core-spelling/basic-life-category rule; not an official per-grade list
ko-nikl-44504,천만,,The number that is the product of one thousand and ten thousand.,determiner,concepts > numbers,nikl-2024-mirror,https://huggingface.co/datasets/binjang/NIKL-korean-english-dictionary/resolve/3b4cfd2126debfd5440cade3ef6c2a3c20cf7cf9/2024_01.csv#record=44504,NIKL source band: beginner; project heuristic TOPIK 1: core-spelling/basic-life-category rule; not an official per-grade list
ko-nikl-44501,천만,,A very large number. / An incomparably extreme degree.,noun,concepts > numbers,nikl-2024-mirror,https://huggingface.co/datasets/binjang/NIKL-korean-english-dictionary/resolve/3b4cfd2126debfd5440cade3ef6c2a3c20cf7cf9/2024_01.csv#record=44501,NIKL source band: beginner; project heuristic TOPIK 1: core-spelling/basic-life-category rule; not an official per-grade list
ko-nikl-44503,천만,,The number that is the product of one thousand and ten thousand.,numeral,concepts > numbers,nikl-2024-mirror,https://huggingface.co/datasets/binjang/NIKL-korean-english-dictionary/resolve/3b4cfd2126debfd5440cade3ef6c2a3c20cf7cf9/2024_01.csv#record=44503,NIKL source band: beginner; project heuristic TOPIK 1: core-spelling/basic-life-category rule; not an official per-grade list
ko-nikl-44574,천천히,,In the manner of moving or acting slowly. / In the manner of doing something in no hurry.,adverb,concepts > speed,nikl-2024-mirror,https://huggingface.co/datasets/binjang/NIKL-korean-english-dictionary/resolve/3b4cfd2126debfd5440cade3ef6c2a3c20cf7cf9/2024_01.csv#record=44574,NIKL source band: beginner; project heuristic TOPIK 1: core-spelling/basic-life-category rule; not an official per-grade list
ko-nikl-44782,첫째,,The first number in a sequence.,numeral,concepts > sequence,nikl-2024-mirror,https://huggingface.co/datasets/binjang/NIKL-korean-english-dictionary/resolve/3b4cfd2126debfd5440cade3ef6c2a3c20cf7cf9/2024_01.csv#record=44782,NIKL source band: beginner; project heuristic TOPIK 1: core-spelling/basic-life-category rule; not an official per-grade list
ko-nikl-44827,청바지,,A pair of blue pants made of strong cotton.,noun,clothing and appearance > types of clothing,nikl-2024-mirror,https://huggingface.co/datasets/binjang/NIKL-korean-english-dictionary/resolve/3b4cfd2126debfd5440cade3ef6c2a3c20cf7cf9/2024_01.csv#record=44827,NIKL source band: beginner; project heuristic TOPIK 1: core-spelling/basic-life-category rule; not an official per-grade list
ko-nikl-44844,청소,,An act of cleaning something dirty and messy.,noun,housing > housework,nikl-2024-mirror,https://huggingface.co/datasets/binjang/NIKL-korean-english-dictionary/resolve/3b4cfd2126debfd5440cade3ef6c2a3c20cf7cf9/2024_01.csv#record=44844,NIKL source band: beginner; project heuristic TOPIK 1: core-spelling/basic-life-category rule; not an official per-grade list
ko-nikl-45012,초,,A bound noun used to indicate the early or initial stage of a certain period of time.,bound noun,concepts > time,nikl-2024-mirror,https://huggingface.co/datasets/binjang/NIKL-korean-english-dictionary/resolve/3b4cfd2126debfd5440cade3ef6c2a3c20cf7cf9/2024_01.csv#record=45012,NIKL source band: beginner; project heuristic TOPIK 1: core-spelling/basic-life-category rule; not an official per-grade list
ko-nikl-45013,초,,"A bound noun used to indicate a unit of time, which is one-sixtieth of a minute.",bound noun,concepts > counters,nikl-2024-mirror,https://huggingface.co/datasets/binjang/NIKL-korean-english-dictionary/resolve/3b4cfd2126debfd5440cade3ef6c2a3c20cf7cf9/2024_01.csv#record=45013,NIKL source band: beginner; project heuristic TOPIK 1: core-spelling/basic-life-category rule; not an official per-grade list
ko-nikl-45052,초등학생,,A student who goes to primary school.,noun,education > teachers and learners,nikl-2024-mirror,https://huggingface.co/datasets/binjang/NIKL-korean-english-dictionary/resolve/3b4cfd2126debfd5440cade3ef6c2a3c20cf7cf9/2024_01.csv#record=45052,NIKL source band: beginner; project heuristic TOPIK 1: core-spelling/basic-life-category rule; not an official per-grade list
ko-nikl-45064,초록색,,"The color of dark grass, between blue and yellow.",noun,concepts > colors,nikl-2024-mirror,https://huggingface.co/datasets/binjang/NIKL-korean-english-dictionary/resolve/3b4cfd2126debfd5440cade3ef6c2a3c20cf7cf9/2024_01.csv#record=45064,NIKL source band: beginner; project heuristic TOPIK 1: core-spelling/basic-life-category rule; not an official per-grade list
ko-nikl-45163,초콜릿,,"Sweet, mostly dark-colored food, that is made by mixing cocoa powder, milk, sugar, etc.",noun,food > dishes,nikl-2024-mirror,https://huggingface.co/datasets/binjang/NIKL-korean-english-dictionary/resolve/3b4cfd2126debfd5440cade3ef6c2a3c20cf7cf9/2024_01.csv#record=45163,NIKL source band: beginner; project heuristic TOPIK 1: core-spelling/basic-life-category rule; not an official per-grade list
ko-nikl-45373,최근,,"The period from a past date, not long ago, to the present date.",noun,concepts > time,nikl-2024-mirror,https://huggingface.co/datasets/binjang/NIKL-korean-english-dictionary/resolve/3b4cfd2126debfd5440cade3ef6c2a3c20cf7cf9/2024_01.csv#record=45373,NIKL source band: beginner; project heuristic TOPIK 1: core-spelling/basic-life-category rule; not an official per-grade list
ko-nikl-45509,추석,,"One of traditional Korean holiday; it falls on August 15th by the lunar calendar; on this day, people prepare special foods like songpyeon, half-moon rice cake, and newly harvested fruits, and hold a memorial service for their ancestors; they also enjoy a variety of folk games and plays such as ssireum, a traditional wrestling, juldarigi, tug-of-war, and ganggangsullae, a traditional circle dance.",noun,concepts > time,nikl-2024-mirror,https://huggingface.co/datasets/binjang/NIKL-korean-english-dictionary/resolve/3b4cfd2126debfd5440cade3ef6c2a3c20cf7cf9/2024_01.csv#record=45509,NIKL source band: beginner; project heuristic TOPIK 1: core-spelling/basic-life-category rule; not an official per-grade list
ko-nikl-45590,축구,,"A sport in which eleven players form a team, who can win the game by shooting more goals into the other team's net, using mostly their feet or heads.",noun,daily life > leisure activities,nikl-2024-mirror,https://huggingface.co/datasets/binjang/NIKL-korean-english-dictionary/resolve/3b4cfd2126debfd5440cade3ef6c2a3c20cf7cf9/2024_01.csv#record=45590,NIKL source band: beginner; project heuristic TOPIK 1: core-spelling/basic-life-category rule; not an official per-grade list
ko-nikl-45682,출구,,A door or passage leading to the outside. / A method of getting out of a certain situation. / An act of exporting goods to a foreign country through a port.,noun,housing > parts of a home,nikl-2024-mirror,https://huggingface.co/datasets/binjang/NIKL-korean-english-dictionary/resolve/3b4cfd2126debfd5440cade3ef6c2a3c20cf7cf9/2024_01.csv#record=45682,NIKL source band: beginner; project heuristic TOPIK 1: core-spelling/basic-life-category rule; not an official per-grade list
ko-nikl-45715,출발,,"An act of leaving a place, heading for another place. / An act of starting to do something, or such a start.",noun,social life > travel actions,nikl-2024-mirror,https://huggingface.co/datasets/binjang/NIKL-korean-english-dictionary/resolve/3b4cfd2126debfd5440cade3ef6c2a3c20cf7cf9/2024_01.csv#record=45715,NIKL source band: beginner; project heuristic TOPIK 1: core-spelling/basic-life-category rule; not an official per-grade list
ko-nikl-45832,춥다,,(temperature) Low. / For one's body to feel that the air is cold and the temperature low.,descriptive verb,nature > weather and climate,nikl-2024-mirror,https://huggingface.co/datasets/binjang/NIKL-korean-english-dictionary/resolve/3b4cfd2126debfd5440cade3ef6c2a3c20cf7cf9/2024_01.csv#record=45832,NIKL source band: beginner; project heuristic TOPIK 1: core-spelling/basic-life-category rule; not an official per-grade list
ko-nikl-45916,취미,,Something one likes and enjoys doing for fun. / An ability to appreciate and understand something beautiful such as music or art. / The state of feeling interested and being attracted.,noun,daily life > leisure activities,nikl-2024-mirror,https://huggingface.co/datasets/binjang/NIKL-korean-english-dictionary/resolve/3b4cfd2126debfd5440cade3ef6c2a3c20cf7cf9/2024_01.csv#record=45916,NIKL source band: beginner; project heuristic TOPIK 1: core-spelling/basic-life-category rule; not an official per-grade list
ko-nikl-45987,층,,"One of several layers of different substances or objects stacked horizontally, or the state of things being stacked that way. / An area of the same height inside a building that has been built in multiple stories. / The people in a group who have a similar social status, wealth, level, interests, etc. / A unit used to count the area on the same floor of a building, numbered from bottom to the top.",noun,housing > parts of a home,nikl-2024-mirror,https://huggingface.co/datasets/binjang/NIKL-korean-english-dictionary/resolve/3b4cfd2126debfd5440cade3ef6c2a3c20cf7cf9/2024_01.csv#record=45987,NIKL source band: beginner; project heuristic TOPIK 1: core-spelling/basic-life-category rule; not an official per-grade list
ko-nikl-46050,치마,,"An outer lower garment that doesn't have pant legs, usually worn by women.",noun,clothing and appearance > types of clothing,nikl-2024-mirror,https://huggingface.co/datasets/binjang/NIKL-korean-english-dictionary/resolve/3b4cfd2126debfd5440cade3ef6c2a3c20cf7cf9/2024_01.csv#record=46050,NIKL source band: beginner; project heuristic TOPIK 1: core-spelling/basic-life-category rule; not an official per-grade list
ko-nikl-46092,치약,,Substance that is used to brush one's teeth.,noun,housing > household goods,nikl-2024-mirror,https://huggingface.co/datasets/binjang/NIKL-korean-english-dictionary/resolve/3b4cfd2126debfd5440cade3ef6c2a3c20cf7cf9/2024_01.csv#record=46092,NIKL source band: beginner; project heuristic TOPIK 1: core-spelling/basic-life-category rule; not an official per-grade list
ko-nikl-46130,치킨,,"A dish made by coating chopped chicken with flour, and frying or baking it.",noun,food > dishes,nikl-2024-mirror,https://huggingface.co/datasets/binjang/NIKL-korean-english-dictionary/resolve/3b4cfd2126debfd5440cade3ef6c2a3c20cf7cf9/2024_01.csv#record=46130,NIKL source band: beginner; project heuristic TOPIK 1: core-spelling/basic-life-category rule; not an official per-grade list
ko-nikl-20362,친구,,A person that one is close to and in an amicable relationship with. / (impolite form or affectionate) A person who is about the same age as or younger than one.,noun,social life > interpersonal relationships,nikl-2024-mirror,https://huggingface.co/datasets/binjang/NIKL-korean-english-dictionary/resolve/3b4cfd2126debfd5440cade3ef6c2a3c20cf7cf9/2024_01.csv#record=20362,NIKL source band: beginner; project heuristic TOPIK 1: core-spelling/basic-life-category rule; not an official per-grade list
ko-nikl-20408,친척,,A person who is related by blood to one's parents or spouse.,noun,daily life > family relationships,nikl-2024-mirror,https://huggingface.co/datasets/binjang/NIKL-korean-english-dictionary/resolve/3b4cfd2126debfd5440cade3ef6c2a3c20cf7cf9/2024_01.csv#record=20408,NIKL source band: beginner; project heuristic TOPIK 1: core-spelling/basic-life-category rule; not an official per-grade list
ko-nikl-20421,칠,,Being the number seven. / Being in the seventh place.,determiner,concepts > numbers,nikl-2024-mirror,https://huggingface.co/datasets/binjang/NIKL-korean-english-dictionary/resolve/3b4cfd2126debfd5440cade3ef6c2a3c20cf7cf9/2024_01.csv#record=20421,NIKL source band: beginner; project heuristic TOPIK 1: core-spelling/basic-life-category rule; not an official per-grade list
ko-nikl-20420,칠,,The number that is the sum of six and one.,numeral,concepts > numbers,nikl-2024-mirror,https://huggingface.co/datasets/binjang/NIKL-korean-english-dictionary/resolve/3b4cfd2126debfd5440cade3ef6c2a3c20cf7cf9/2024_01.csv#record=20420,NIKL source band: beginner; project heuristic TOPIK 1: core-spelling/basic-life-category rule; not an official per-grade list
ko-nikl-20430,칠십,,Being the number seventy. / Being in the seventieth place.,determiner,concepts > numbers,nikl-2024-mirror,https://huggingface.co/datasets/binjang/NIKL-korean-english-dictionary/resolve/3b4cfd2126debfd5440cade3ef6c2a3c20cf7cf9/2024_01.csv#record=20430,NIKL source band: beginner; project heuristic TOPIK 1: core-spelling/basic-life-category rule; not an official per-grade list
ko-nikl-20429,칠십,,The number that is the product of seven times ten.,numeral,concepts > numbers,nikl-2024-mirror,https://huggingface.co/datasets/binjang/NIKL-korean-english-dictionary/resolve/3b4cfd2126debfd5440cade3ef6c2a3c20cf7cf9/2024_01.csv#record=20429,NIKL source band: beginner; project heuristic TOPIK 1: core-spelling/basic-life-category rule; not an official per-grade list
ko-nikl-20431,칠월,,"The seventh month of a year, out of twelve months.",noun,concepts > time,nikl-2024-mirror,https://huggingface.co/datasets/binjang/NIKL-korean-english-dictionary/resolve/3b4cfd2126debfd5440cade3ef6c2a3c20cf7cf9/2024_01.csv#record=20431,NIKL source band: beginner; project heuristic TOPIK 1: core-spelling/basic-life-category rule; not an official per-grade list
ko-nikl-20436,칠판,,"A board, usually dark green or black, on which one writes with chalk.",noun,education > learning materials,nikl-2024-mirror,https://huggingface.co/datasets/binjang/NIKL-korean-english-dictionary/resolve/3b4cfd2126debfd5440cade3ef6c2a3c20cf7cf9/2024_01.csv#record=20436,NIKL source band: beginner; project heuristic TOPIK 1: core-spelling/basic-life-category rule; not an official per-grade list
ko-nikl-20454,침대,,A piece of furniture that is made for someone to lie down and sleep on.,noun,housing > household goods,nikl-2024-mirror,https://huggingface.co/datasets/binjang/NIKL-korean-english-dictionary/resolve/3b4cfd2126debfd5440cade3ef6c2a3c20cf7cf9/2024_01.csv#record=20454,NIKL source band: beginner; project heuristic TOPIK 1: core-spelling/basic-life-category rule; not an official per-grade list
ko-nikl-20485,침실,,"A room in one’s home, where one usually sleeps.",noun,housing > parts of a home,nikl-2024-mirror,https://huggingface.co/datasets/binjang/NIKL-korean-english-dictionary/resolve/3b4cfd2126debfd5440cade3ef6c2a3c20cf7cf9/2024_01.csv#record=20485,NIKL source band: beginner; project heuristic TOPIK 1: core-spelling/basic-life-category rule; not an official per-grade list
ko-nikl-20523,칫솔,,A brush that is used to clean one's teeth.,noun,housing > household goods,nikl-2024-mirror,https://huggingface.co/datasets/binjang/NIKL-korean-english-dictionary/resolve/3b4cfd2126debfd5440cade3ef6c2a3c20cf7cf9/2024_01.csv#record=20523,NIKL source band: beginner; project heuristic TOPIK 1: core-spelling/basic-life-category rule; not an official per-grade list
ko-nikl-20544,카레,,"Yellow spice made by mixing turmeric, ginger, black pepper, garlic, etc. / An Indian dish made by boiling a mixture of curry powder and stir-fried meat and vegetables such as potatoes, onions, etc., served over rice.",noun,food > dishes,nikl-2024-mirror,https://huggingface.co/datasets/binjang/NIKL-korean-english-dictionary/resolve/3b4cfd2126debfd5440cade3ef6c2a3c20cf7cf9/2024_01.csv#record=20544,NIKL source band: beginner; project heuristic TOPIK 1: core-spelling/basic-life-category rule; not an official per-grade list
ko-nikl-20547,카메라,,A device used to take photographs. / A device used to take moving pictures or films.,noun,housing > household goods,nikl-2024-mirror,https://huggingface.co/datasets/binjang/NIKL-korean-english-dictionary/resolve/3b4cfd2126debfd5440cade3ef6c2a3c20cf7cf9/2024_01.csv#record=20547,NIKL source band: beginner; project heuristic TOPIK 1: core-spelling/basic-life-category rule; not an official per-grade list
ko-nikl-20569,카페,,"A shop where coffee, tea, light snacks, etc., are sold.",noun,food > food venues,nikl-2024-mirror,https://huggingface.co/datasets/binjang/NIKL-korean-english-dictionary/resolve/3b4cfd2126debfd5440cade3ef6c2a3c20cf7cf9/2024_01.csv#record=20569,NIKL source band: beginner; project heuristic TOPIK 1: core-spelling/basic-life-category rule; not an official per-grade list
ko-nikl-20587,칼국수,,Noodles made by flattening the dough as thin as possible and cutting it into long strips with a knife; or a dish made by boiling them with other ingredients in a broth.,noun,food > dishes,nikl-2024-mirror,https://huggingface.co/datasets/binjang/NIKL-korean-english-dictionary/resolve/3b4cfd2126debfd5440cade3ef6c2a3c20cf7cf9/2024_01.csv#record=20587,NIKL source band: beginner; project heuristic TOPIK 1: core-spelling/basic-life-category rule; not an official per-grade list
ko-nikl-20657,커피,,"The fruit of a coffee tree drunk as a brew, after being roasted, ground, and boiled, or its powder. / Thick, brown, aromatic brew, tasting a little bitter and containing caffeine, which is made of the fruits of a coffee tree.",noun,food > drinks,nikl-2024-mirror,https://huggingface.co/datasets/binjang/NIKL-korean-english-dictionary/resolve/3b4cfd2126debfd5440cade3ef6c2a3c20cf7cf9/2024_01.csv#record=20657,NIKL source band: beginner; project heuristic TOPIK 1: core-spelling/basic-life-category rule; not an official per-grade list
ko-nikl-20658,커피숍,,"A shop designed for customers to talk or rest, usually while drinking coffee or tea.",noun,food > food venues,nikl-2024-mirror,https://huggingface.co/datasets/binjang/NIKL-korean-english-dictionary/resolve/3b4cfd2126debfd5440cade3ef6c2a3c20cf7cf9/2024_01.csv#record=20658,NIKL source band: beginner; project heuristic TOPIK 1: core-spelling/basic-life-category rule; not an official per-grade list
ko-nikl-20679,컴퓨터,,"A machine made from electronic circuits that quickly and accurately processes mass data such as documents, photographs, videos, etc.",noun,housing > household goods,nikl-2024-mirror,https://huggingface.co/datasets/binjang/NIKL-korean-english-dictionary/resolve/3b4cfd2126debfd5440cade3ef6c2a3c20cf7cf9/2024_01.csv#record=20679,NIKL source band: beginner; project heuristic TOPIK 1: core-spelling/basic-life-category rule; not an official per-grade list
ko-nikl-20681,컵,,"A glass to pour water or a beverage into. / A unit for counting water or a soft drink contained in cups. / A game hosted by an organization, nation, or an individual, or a cup-shaped trophy awarded to the team who scored the highest in such a game. / The round parts of a brassiere, touched by both breasts.",noun,concepts > counters,nikl-2024-mirror,https://huggingface.co/datasets/binjang/NIKL-korean-english-dictionary/resolve/3b4cfd2126debfd5440cade3ef6c2a3c20cf7cf9/2024_01.csv#record=20681,NIKL source band: beginner; project heuristic TOPIK 1: core-spelling/basic-life-category rule; not an official per-grade list
ko-nikl-20694,케이크,,"Bread made by mixing flour, eggs, butter, milk, sugar, etc., making the mixture as a dough, baking the dough in an oven, then decorating the baked bread with cream, fruits, etc.",noun,food > dishes,nikl-2024-mirror,https://huggingface.co/datasets/binjang/NIKL-korean-english-dictionary/resolve/3b4cfd2126debfd5440cade3ef6c2a3c20cf7cf9/2024_01.csv#record=20694,NIKL source band: beginner; project heuristic TOPIK 1: core-spelling/basic-life-category rule; not an official per-grade list
ko-nikl-20700,켜다,,"To light an oil lamp or candle, or to set a flame using a matchstick or lighter. / To make an electric appliance, etc., start working.",verb,housing > housework,nikl-2024-mirror,https://huggingface.co/datasets/binjang/NIKL-korean-english-dictionary/resolve/3b4cfd2126debfd5440cade3ef6c2a3c20cf7cf9/2024_01.csv#record=20700,NIKL source band: beginner; project heuristic TOPIK 1: core-spelling/basic-life-category rule; not an official per-grade list
ko-nikl-20706,켤레,,"A bound noun serving as a unit to count two pieces of something such as shoes, socks, gloves, etc.",bound noun,concepts > counters,nikl-2024-mirror,https://huggingface.co/datasets/binjang/NIKL-korean-english-dictionary/resolve/3b4cfd2126debfd5440cade3ef6c2a3c20cf7cf9/2024_01.csv#record=20706,NIKL source band: beginner; project heuristic TOPIK 1: core-spelling/basic-life-category rule; not an official per-grade list
ko-nikl-20708,코,,"The body part that is used for breathing and smelling. / The sticky liquid, or snot, excreted from the nostrils. / The front, pointed part of a shoe.",noun,people > body parts,nikl-2024-mirror,https://huggingface.co/datasets/binjang/NIKL-korean-english-dictionary/resolve/3b4cfd2126debfd5440cade3ef6c2a3c20cf7cf9/2024_01.csv#record=20708,NIKL source band: beginner; project heuristic TOPIK 1: core-spelling/basic-life-category rule; not an official per-grade list
ko-nikl-20788,콜라,,"Blackish soda, with a sweet flavor and unique scent.",noun,food > drinks,nikl-2024-mirror,https://huggingface.co/datasets/binjang/NIKL-korean-english-dictionary/resolve/3b4cfd2126debfd5440cade3ef6c2a3c20cf7cf9/2024_01.csv#record=20788,NIKL source band: beginner; project heuristic TOPIK 1: core-spelling/basic-life-category rule; not an official per-grade list
ko-nikl-20916,크기,,"A degree of how big a volume, area, length, height, etc., of an object is.",noun,concepts > shape,nikl-2024-mirror,https://huggingface.co/datasets/binjang/NIKL-korean-english-dictionary/resolve/3b4cfd2126debfd5440cade3ef6c2a3c20cf7cf9/2024_01.csv#record=20916,NIKL source band: beginner; project heuristic TOPIK 1: core-spelling/basic-life-category rule; not an official per-grade list
ko-nikl-20920,크다,,"A length, width, height, volume, etc., exceeding an ordinary degree. / Shoes, clothes, etc., being bigger than one’s size. / The size, scope, degree, power, etc., of an incident exceeding an ordinary level. / One’s personality being respectful and one’s ability being excellent. / The amount of money being big or its unit being high. / The strength of a sound being strong. / The influence, impact, etc., of a certain incident being severe. / The range of one’s thoughts or one’s mind being wide. / Being courageous, not being afraid. / One’s responsibility being heavy or important. / One’s fault or crime being very serious and heavy. / A possibility, etc., being big. / A word meaning “if expanding the range”. / A word meaning “roughly” or ”in a lump”. / A word meaning “very much”, “greatly”, or “a lot of”. / A word meaning “important” or “significant”. / Distinguished or excellent.",descriptive verb,concepts > shape,nikl-2024-mirror,https://huggingface.co/datasets/binjang/NIKL-korean-english-dictionary/resolve/3b4cfd2126debfd5440cade3ef6c2a3c20cf7cf9/2024_01.csv#record=20920,NIKL source band: beginner; project heuristic TOPIK 1: core-spelling/basic-life-category rule; not an official per-grade list
ko-nikl-20919,크다,,"For an animal or plant to grow. / For someone to grow up and become an adult. / For a level, position, etc., to become higher.",verb,concepts > shape,nikl-2024-mirror,https://huggingface.co/datasets/binjang/NIKL-korean-english-dictionary/resolve/3b4cfd2126debfd5440cade3ef6c2a3c20cf7cf9/2024_01.csv#record=20919,NIKL source band: beginner; project heuristic TOPIK 1: core-spelling/basic-life-category rule; not an official per-grade list
ko-nikl-20927,크리스마스,,"The day to commemorate the birth of Jesus, the founder of Christianity, December 25.",noun,concepts > time,nikl-2024-mirror,https://huggingface.co/datasets/binjang/NIKL-korean-english-dictionary/resolve/3b4cfd2126debfd5440cade3ef6c2a3c20cf7cf9/2024_01.csv#record=20927,NIKL source band: beginner; project heuristic TOPIK 1: core-spelling/basic-life-category rule; not an official per-grade list
ko-nikl-21023,킬로그램,,A bound noun that serves as a unit of weight.,bound noun,concepts > counters,nikl-2024-mirror,https://huggingface.co/datasets/binjang/NIKL-korean-english-dictionary/resolve/3b4cfd2126debfd5440cade3ef6c2a3c20cf7cf9/2024_01.csv#record=21023,NIKL source band: beginner; project heuristic TOPIK 1: core-spelling/basic-life-category rule; not an official per-grade list
ko-nikl-21024,킬로미터,,A bound noun that serves as a unit of length.,bound noun,concepts > counters,nikl-2024-mirror,https://huggingface.co/datasets/binjang/NIKL-korean-english-dictionary/resolve/3b4cfd2126debfd5440cade3ef6c2a3c20cf7cf9/2024_01.csv#record=21024,NIKL source band: beginner; project heuristic TOPIK 1: core-spelling/basic-life-category rule; not an official per-grade list
ko-nikl-21049,타다,,"For a fire to be ignited or spread, due to embers or heat. / For one’s skin to be exposed to the sunlight for a long time and for it to turn dark. / For food to be overcooked until it becomes blackish. / To come to feel anxious or worried. / To become very dry due to a lack of moisture.",verb,general / source uncategorized,nikl-2024-mirror,https://huggingface.co/datasets/binjang/NIKL-korean-english-dictionary/resolve/3b4cfd2126debfd5440cade3ef6c2a3c20cf7cf9/2024_01.csv#record=21049,NIKL source band: beginner; project heuristic TOPIK 1: core-spelling/basic-life-category rule; not an official per-grade list
ko-nikl-21050,타다,,"To mount a vehicle or the body of an animal used as a vehicle. / To choose something as a route and move along it. / To climb on or crawl down from a slope, tree, cliff, etc. / To mount a person or object. / To use a certain condition, time, opportunity, etc. / For something to move, as it is carried away by wind, stream, electric wave, etc. / To slip in or on a device on a very slippery floor or ground. / To sit or stand on such play equipment as a swing, seesaw, etc., and to move back and forth or up and down.",verb,social life > travel actions,nikl-2024-mirror,https://huggingface.co/datasets/binjang/NIKL-korean-english-dictionary/resolve/3b4cfd2126debfd5440cade3ef6c2a3c20cf7cf9/2024_01.csv#record=21050,NIKL source band: beginner; project heuristic TOPIK 1: core-spelling/basic-life-category rule; not an official per-grade list
ko-nikl-21051,타다,,"To put a small amount of liquid or powder into a large amount of liquid, and to mix it.",verb,food > eating and cooking,nikl-2024-mirror,https://huggingface.co/datasets/binjang/NIKL-korean-english-dictionary/resolve/3b4cfd2126debfd5440cade3ef6c2a3c20cf7cf9/2024_01.csv#record=21051,NIKL source band: beginner; project heuristic TOPIK 1: core-spelling/basic-life-category rule; not an official per-grade list
ko-nikl-21352,탕수육,,"A Chinese dish made by frying flour-coated meat, and pouring a boiled mixture of vinegar, soybean sauce, sugar, vegetables, etc., over the meat.",noun,food > dishes,nikl-2024-mirror,https://huggingface.co/datasets/binjang/NIKL-korean-english-dictionary/resolve/3b4cfd2126debfd5440cade3ef6c2a3c20cf7cf9/2024_01.csv#record=21352,NIKL source band: beginner; project heuristic TOPIK 1: core-spelling/basic-life-category rule; not an official per-grade list
ko-nikl-21421,택시,,A car that takes a passenger to a requested destination for money.,noun,social life > transport,nikl-2024-mirror,https://huggingface.co/datasets/binjang/NIKL-korean-english-dictionary/resolve/3b4cfd2126debfd5440cade3ef6c2a3c20cf7cf9/2024_01.csv#record=21421,NIKL source band: beginner; project heuristic TOPIK 1: core-spelling/basic-life-category rule; not an official per-grade list
ko-nikl-21452,터미널,,"A place, usually the first or last stop, where the many routes of airplanes, trains, buses, etc., start or end.",noun,social life > transport facilities,nikl-2024-mirror,https://huggingface.co/datasets/binjang/NIKL-korean-english-dictionary/resolve/3b4cfd2126debfd5440cade3ef6c2a3c20cf7cf9/2024_01.csv#record=21452,NIKL source band: beginner; project heuristic TOPIK 1: core-spelling/basic-life-category rule; not an official per-grade list
ko-nikl-21550,텔레비전,,A machine that delivers the images and sound that were sent in waves by a broadcasting station.,noun,housing > household goods,nikl-2024-mirror,https://huggingface.co/datasets/binjang/NIKL-korean-english-dictionary/resolve/3b4cfd2126debfd5440cade3ef6c2a3c20cf7cf9/2024_01.csv#record=21550,NIKL source band: beginner; project heuristic TOPIK 1: core-spelling/basic-life-category rule; not an official per-grade list
ko-nikl-21584,토마토,,"A round, fist-sized fruit that turns from green to red when ripe.",noun,food > vegetables,nikl-2024-mirror,https://huggingface.co/datasets/binjang/NIKL-korean-english-dictionary/resolve/3b4cfd2126debfd5440cade3ef6c2a3c20cf7cf9/2024_01.csv#record=21584,NIKL source band: beginner; project heuristic TOPIK 1: core-spelling/basic-life-category rule; not an official per-grade list
ko-nikl-21614,토요일,,The sixth day of a week starting from Monday.,noun,concepts > time,nikl-2024-mirror,https://huggingface.co/datasets/binjang/NIKL-korean-english-dictionary/resolve/3b4cfd2126debfd5440cade3ef6c2a3c20cf7cf9/2024_01.csv#record=21614,NIKL source band: beginner; project heuristic TOPIK 1: core-spelling/basic-life-category rule; not an official per-grade list
ko-nikl-22030,튀기다,,"To put an ingredient in boiling oil, so that it inflates. / To heat dried grains, etc., making them inflate.",verb,food > eating and cooking,nikl-2024-mirror,https://huggingface.co/datasets/binjang/NIKL-korean-english-dictionary/resolve/3b4cfd2126debfd5440cade3ef6c2a3c20cf7cf9/2024_01.csv#record=22030,NIKL source band: beginner; project heuristic TOPIK 1: core-spelling/basic-life-category rule; not an official per-grade list
ko-nikl-22031,튀김,,"Food that is made by coating fish, meat, vegetables, etc., with flour and frying it. / A word used to indicate the kind of fried food, combined with its major ingredient name.",noun,food > dishes,nikl-2024-mirror,https://huggingface.co/datasets/binjang/NIKL-korean-english-dictionary/resolve/3b4cfd2126debfd5440cade3ef6c2a3c20cf7cf9/2024_01.csv#record=22031,NIKL source band: beginner; project heuristic TOPIK 1: core-spelling/basic-life-category rule; not an official per-grade list
ko-nikl-22047,트럭,,A vehicle that carries cargo.,noun,social life > transport,nikl-2024-mirror,https://huggingface.co/datasets/binjang/NIKL-korean-english-dictionary/resolve/3b4cfd2126debfd5440cade3ef6c2a3c20cf7cf9/2024_01.csv#record=22047,NIKL source band: beginner; project heuristic TOPIK 1: core-spelling/basic-life-category rule; not an official per-grade list
ko-nikl-22202,티셔츠,,A short-sleeved shirt that looks like the letter 'T'.,noun,clothing and appearance > types of clothing,nikl-2024-mirror,https://huggingface.co/datasets/binjang/NIKL-korean-english-dictionary/resolve/3b4cfd2126debfd5440cade3ef6c2a3c20cf7cf9/2024_01.csv#record=22202,NIKL source band: beginner; project heuristic TOPIK 1: core-spelling/basic-life-category rule; not an official per-grade list
ko-nikl-22270,파란색,,"The color of light and clear blue, like that of a clear sky or ocean.",noun,concepts > colors,nikl-2024-mirror,https://huggingface.co/datasets/binjang/NIKL-korean-english-dictionary/resolve/3b4cfd2126debfd5440cade3ef6c2a3c20cf7cf9/2024_01.csv#record=22270,NIKL source band: beginner; project heuristic TOPIK 1: core-spelling/basic-life-category rule; not an official per-grade list
ko-nikl-22274,파랗다,,"A color being brightly and vividly blue like that of a clear fall sky or deep sea. / One's face, lips, etc., being blue because one is cold or scared.",descriptive verb,concepts > colors,nikl-2024-mirror,https://huggingface.co/datasets/binjang/NIKL-korean-english-dictionary/resolve/3b4cfd2126debfd5440cade3ef6c2a3c20cf7cf9/2024_01.csv#record=22274,NIKL source band: beginner; project heuristic TOPIK 1: core-spelling/basic-life-category rule; not an official per-grade list
ko-nikl-22483,팔,,Being the number eight. / Being in the eighth place.,determiner,concepts > numbers,nikl-2024-mirror,https://huggingface.co/datasets/binjang/NIKL-korean-english-dictionary/resolve/3b4cfd2126debfd5440cade3ef6c2a3c20cf7cf9/2024_01.csv#record=22483,NIKL source band: beginner; project heuristic TOPIK 1: core-spelling/basic-life-category rule; not an official per-grade list
ko-nikl-22478,팔,,The body part from the shoulder to the wrist. / The part of a machine that reaches out from the body and moves up and down or left and right just as the human arm does.,noun,people > body parts,nikl-2024-mirror,https://huggingface.co/datasets/binjang/NIKL-korean-english-dictionary/resolve/3b4cfd2126debfd5440cade3ef6c2a3c20cf7cf9/2024_01.csv#record=22478,NIKL source band: beginner; project heuristic TOPIK 1: core-spelling/basic-life-category rule; not an official per-grade list
ko-nikl-22482,팔,,The number that is the sum of seven and one.,numeral,concepts > numbers,nikl-2024-mirror,https://huggingface.co/datasets/binjang/NIKL-korean-english-dictionary/resolve/3b4cfd2126debfd5440cade3ef6c2a3c20cf7cf9/2024_01.csv#record=22482,NIKL source band: beginner; project heuristic TOPIK 1: core-spelling/basic-life-category rule; not an official per-grade list
ko-nikl-22489,팔다,,"To give an object or a right to someone or provide one’s effort, etc., to someone after receiving money for it. / To hand over a woman to a brothel or a pimp for money. / For a woman to use her body or face as a means of making money. / To turn one’s attention to something else, instead of focusing on a certain thing. / To use something or use it as an excuse, for one’s own advantage. / To go against one’s own conscience or throw away one's principles, in order to gain an inappropriate profit. / To buy grain with money.",verb,economy > economic activities,nikl-2024-mirror,https://huggingface.co/datasets/binjang/NIKL-korean-english-dictionary/resolve/3b4cfd2126debfd5440cade3ef6c2a3c20cf7cf9/2024_01.csv#record=22489,NIKL source band: beginner; project heuristic TOPIK 1: core-spelling/basic-life-category rule; not an official per-grade list
ko-nikl-22527,팔십,,Being the number eighty. / Being in the eightieth place.,determiner,concepts > numbers,nikl-2024-mirror,https://huggingface.co/datasets/binjang/NIKL-korean-english-dictionary/resolve/3b4cfd2126debfd5440cade3ef6c2a3c20cf7cf9/2024_01.csv#record=22527,NIKL source band: beginner; project heuristic TOPIK 1: core-spelling/basic-life-category rule; not an official per-grade list
ko-nikl-22526,팔십,,The number that is the product of eight times ten.,numeral,concepts > numbers,nikl-2024-mirror,https://huggingface.co/datasets/binjang/NIKL-korean-english-dictionary/resolve/3b4cfd2126debfd5440cade3ef6c2a3c20cf7cf9/2024_01.csv#record=22526,NIKL source band: beginner; project heuristic TOPIK 1: core-spelling/basic-life-category rule; not an official per-grade list
ko-nikl-22532,팔월,,"The eighth month of a year, out of twelve months.",noun,concepts > time,nikl-2024-mirror,https://huggingface.co/datasets/binjang/NIKL-korean-english-dictionary/resolve/3b4cfd2126debfd5440cade3ef6c2a3c20cf7cf9/2024_01.csv#record=22532,NIKL source band: beginner; project heuristic TOPIK 1: core-spelling/basic-life-category rule; not an official per-grade list
ko-nikl-22773,편지,,The act of saying what one has to say in writing and sending it to another person.,noun,social life > communication tools,nikl-2024-mirror,https://huggingface.co/datasets/binjang/NIKL-korean-english-dictionary/resolve/3b4cfd2126debfd5440cade3ef6c2a3c20cf7cf9/2024_01.csv#record=22773,NIKL source band: beginner; project heuristic TOPIK 1: core-spelling/basic-life-category rule; not an official per-grade list
ko-nikl-22865,평소,,Ordinary times in which nothing special is happening.,noun,concepts > time,nikl-2024-mirror,https://huggingface.co/datasets/binjang/NIKL-korean-english-dictionary/resolve/3b4cfd2126debfd5440cade3ef6c2a3c20cf7cf9/2024_01.csv#record=22865,NIKL source band: beginner; project heuristic TOPIK 1: core-spelling/basic-life-category rule; not an official per-grade list
ko-nikl-22886,평일,,"Ordinary times in which nothing special is happening. / A day which is not Saturday, Sunday, or a holiday.",noun,concepts > time,nikl-2024-mirror,https://huggingface.co/datasets/binjang/NIKL-korean-english-dictionary/resolve/3b4cfd2126debfd5440cade3ef6c2a3c20cf7cf9/2024_01.csv#record=22886,NIKL source band: beginner; project heuristic TOPIK 1: core-spelling/basic-life-category rule; not an official per-grade list
ko-nikl-23009,포도,,"Purple, small fruits forming a bundle, tasting sweet and a little sour.",noun,food > fruit,nikl-2024-mirror,https://huggingface.co/datasets/binjang/NIKL-korean-english-dictionary/resolve/3b4cfd2126debfd5440cade3ef6c2a3c20cf7cf9/2024_01.csv#record=23009,NIKL source band: beginner; project heuristic TOPIK 1: core-spelling/basic-life-category rule; not an official per-grade list
ko-nikl-23187,표,,"A note that certifies that the holder of the note has a certain right. / In an election, a note that a voter uses to express his/her opinion. / In an election, the unit of counting votes cast by the voters.",noun,general / source uncategorized,nikl-2024-mirror,https://huggingface.co/datasets/binjang/NIKL-korean-english-dictionary/resolve/3b4cfd2126debfd5440cade3ef6c2a3c20cf7cf9/2024_01.csv#record=23187,NIKL source band: beginner; project heuristic TOPIK 1: core-spelling/basic-life-category rule; not an official per-grade list
ko-nikl-23286,푸르다,,"Clear and vivid blue, like that of a clear fall sky, deep ocean, or fresh grass. / Grains, fruits, etc., being in an unripe state. / A power being strong. / (figurative) Being full of youth and livelihood. / (figurative) A hope, dream, etc., being big and beautiful. / Air, etc., being clear and fresh. / Feeling chilly and frigid.",descriptive verb,concepts > colors,nikl-2024-mirror,https://huggingface.co/datasets/binjang/NIKL-korean-english-dictionary/resolve/3b4cfd2126debfd5440cade3ef6c2a3c20cf7cf9/2024_01.csv#record=23286,NIKL source band: beginner; project heuristic TOPIK 1: core-spelling/basic-life-category rule; not an official per-grade list
ko-nikl-23628,피자,,"Food originating in Italy, made by baking a round, flat piece of dough topped with tomato, meat, cheese, etc.",noun,food > dishes,nikl-2024-mirror,https://huggingface.co/datasets/binjang/NIKL-korean-english-dictionary/resolve/3b4cfd2126debfd5440cade3ef6c2a3c20cf7cf9/2024_01.csv#record=23628,NIKL source band: beginner; project heuristic TOPIK 1: core-spelling/basic-life-category rule; not an official per-grade list
ko-nikl-23730,필통,,"A container that holds writing supplies such as brushes, pencils, etc. / A pouch or box carried to hold pencils, erasers, etc.",noun,education > learning materials,nikl-2024-mirror,https://huggingface.co/datasets/binjang/NIKL-korean-english-dictionary/resolve/3b4cfd2126debfd5440cade3ef6c2a3c20cf7cf9/2024_01.csv#record=23730,NIKL source band: beginner; project heuristic TOPIK 1: core-spelling/basic-life-category rule; not an official per-grade list
ko-nikl-23787,하나,,The very first number when counting numbers.,numeral,concepts > numbers,nikl-2024-mirror,https://huggingface.co/datasets/binjang/NIKL-korean-english-dictionary/resolve/3b4cfd2126debfd5440cade3ef6c2a3c20cf7cf9/2024_01.csv#record=23787,NIKL source band: beginner; project heuristic TOPIK 1: core-spelling/basic-life-category rule; not an official per-grade list
ko-nikl-23822,하늘색,,A pale blue color like that of a clear sky.,noun,concepts > colors,nikl-2024-mirror,https://huggingface.co/datasets/binjang/NIKL-korean-english-dictionary/resolve/3b4cfd2126debfd5440cade3ef6c2a3c20cf7cf9/2024_01.csv#record=23822,NIKL source band: beginner; project heuristic TOPIK 1: core-spelling/basic-life-category rule; not an official per-grade list
ko-nikl-23829,하다,,"To perform a certain move, action, activity, etc. / To make or buy something. / To wear a certain look on the face or exhibit an attitude. / To eat, drink, or smoke a cigarette, etc. / Wear an accessory, etc., or get dressed. / To have an occupation or job, or run a business, etc. / To assume a position or role. / To achieve certain results. / To own something by buying or receving it from someone else. / For the price to reach a certain level. / To do something that is expected of one. / To make a distinction. / To deal with an incident, problem, etc. / To select or designate something for a certain purpose. / To place something in a certain position. / To make a certain decision. / To name and call someone. / To be a cause of something. OR to be the cause of something. / To go to a place for transfer. / To get to a certain time or period. / To select something as a subject for conversation. / To talk about something. / The word that refers to a preceding phrase that describes someone's words, thoughts, etc., and modifies the following word. / To exert a certain influence on or deal with others. / To complete an action in a certain way. / The word that indicates a series or repetition of two or more things. / To think or guess. / To say this and that. / The word that signals a certain situation is bound to be followed by another. / To sound or make a sound in a certain way. / The word that indicates the preceding phrase is a quote. / The word that means 'but,' 'so,' 'then,' 'consequently,' or 'as a result.'",verb,general / source uncategorized,nikl-2024-mirror,https://huggingface.co/datasets/binjang/NIKL-korean-english-dictionary/resolve/3b4cfd2126debfd5440cade3ef6c2a3c20cf7cf9/2024_01.csv#record=23829,NIKL source band: beginner; project heuristic TOPIK 1: core-spelling/basic-life-category rule; not an official per-grade list
ko-nikl-23853,하루,,The 24 hours from midnight to the following midnight. / The hours from sunrise to sunset when people engage in their activities. / An unspecified day.,noun,concepts > time,nikl-2024-mirror,https://huggingface.co/datasets/binjang/NIKL-korean-english-dictionary/resolve/3b4cfd2126debfd5440cade3ef6c2a3c20cf7cf9/2024_01.csv#record=23853,NIKL source band: beginner; project heuristic TOPIK 1: core-spelling/basic-life-category rule; not an official per-grade list
ko-nikl-23920,하얀색,,A clearly bright and white color like that of snow or milk.,noun,concepts > colors,nikl-2024-mirror,https://huggingface.co/datasets/binjang/NIKL-korean-english-dictionary/resolve/3b4cfd2126debfd5440cade3ef6c2a3c20cf7cf9/2024_01.csv#record=23920,NIKL source band: beginner; project heuristic TOPIK 1: core-spelling/basic-life-category rule; not an official per-grade list
ko-nikl-23922,하얗다,,"Clearly bright, white like the color of snow or milk. / One's face turning white with cold or out of terror. / Being in great numbers. / Staying up all night.",descriptive verb,concepts > colors,nikl-2024-mirror,https://huggingface.co/datasets/binjang/NIKL-korean-english-dictionary/resolve/3b4cfd2126debfd5440cade3ef6c2a3c20cf7cf9/2024_01.csv#record=23922,NIKL source band: beginner; project heuristic TOPIK 1: core-spelling/basic-life-category rule; not an official per-grade list
ko-nikl-23948,하지만,,A word used to connect two statements that are opposite in meaning to each other.,adverb,general / source uncategorized,nikl-2024-mirror,https://huggingface.co/datasets/binjang/NIKL-korean-english-dictionary/resolve/3b4cfd2126debfd5440cade3ef6c2a3c20cf7cf9/2024_01.csv#record=23948,NIKL source band: beginner; project heuristic TOPIK 1: core-spelling/basic-life-category rule; not an official per-grade list
ko-nikl-23980,학교,,"An institution where teachers teach students in accordance with a certain purpose, curriculum, or policy, etc.",noun,education > educational institutions,nikl-2024-mirror,https://huggingface.co/datasets/binjang/NIKL-korean-english-dictionary/resolve/3b4cfd2126debfd5440cade3ef6c2a3c20cf7cf9/2024_01.csv#record=23980,NIKL source band: beginner; project heuristic TOPIK 1: core-spelling/basic-life-category rule; not an official per-grade list
ko-nikl-23994,학기,,One of the divisions of an academic year.,noun,concepts > time,nikl-2024-mirror,https://huggingface.co/datasets/binjang/NIKL-korean-english-dictionary/resolve/3b4cfd2126debfd5440cade3ef6c2a3c20cf7cf9/2024_01.csv#record=23994,NIKL source band: beginner; project heuristic TOPIK 1: core-spelling/basic-life-category rule; not an official per-grade list
ko-nikl-23996,학년,,"The unit for the annual learning process in school education. / The stages of school education, each spanning one year, divided according to level of learning.",noun,concepts > time,nikl-2024-mirror,https://huggingface.co/datasets/binjang/NIKL-korean-english-dictionary/resolve/3b4cfd2126debfd5440cade3ef6c2a3c20cf7cf9/2024_01.csv#record=23996,NIKL source band: beginner; project heuristic TOPIK 1: core-spelling/basic-life-category rule; not an official per-grade list
ko-nikl-24021,학생,,A person who studies in a school.,noun,education > teachers and learners,nikl-2024-mirror,https://huggingface.co/datasets/binjang/NIKL-korean-english-dictionary/resolve/3b4cfd2126debfd5440cade3ef6c2a3c20cf7cf9/2024_01.csv#record=24021,NIKL source band: beginner; project heuristic TOPIK 1: core-spelling/basic-life-category rule; not an official per-grade list
ko-nikl-24023,학생증,,A document proving that one is a student at a certain school.,noun,education > learning materials,nikl-2024-mirror,https://huggingface.co/datasets/binjang/NIKL-korean-english-dictionary/resolve/3b4cfd2126debfd5440cade3ef6c2a3c20cf7cf9/2024_01.csv#record=24023,NIKL source band: beginner; project heuristic TOPIK 1: core-spelling/basic-life-category rule; not an official per-grade list
ko-nikl-24067,한,,One. / One of many. / Same. / From a rough guess.,determiner,concepts > numbers,nikl-2024-mirror,https://huggingface.co/datasets/binjang/NIKL-korean-english-dictionary/resolve/3b4cfd2126debfd5440cade3ef6c2a3c20cf7cf9/2024_01.csv#record=24067,NIKL source band: beginner; project heuristic TOPIK 1: core-spelling/basic-life-category rule; not an official per-grade list
ko-nikl-24126,한국,,"A country located in East Asia; it consists of the Korean Peninsula and affiliated islands; divided into South Korea and North Korea since the 1953 ceasefire agreement, it is called either the Republic of Korea or South Korea; the official language is Korean and the capital is Seoul.",noun,concepts > regions,nikl-2024-mirror,https://huggingface.co/datasets/binjang/NIKL-korean-english-dictionary/resolve/3b4cfd2126debfd5440cade3ef6c2a3c20cf7cf9/2024_01.csv#record=24126,NIKL source band: beginner; project heuristic TOPIK 1: core-spelling/basic-life-category rule; not an official per-grade list
ko-nikl-24164,한두,,One or two.,determiner,concepts > numbers,nikl-2024-mirror,https://huggingface.co/datasets/binjang/NIKL-korean-english-dictionary/resolve/3b4cfd2126debfd5440cade3ef6c2a3c20cf7cf9/2024_01.csv#record=24164,NIKL source band: beginner; project heuristic TOPIK 1: core-spelling/basic-life-category rule; not an official per-grade list
ko-nikl-24211,한복,,Traditional Korean clothes.,noun,clothing and appearance > types of clothing,nikl-2024-mirror,https://huggingface.co/datasets/binjang/NIKL-korean-english-dictionary/resolve/3b4cfd2126debfd5440cade3ef6c2a3c20cf7cf9/2024_01.csv#record=24211,NIKL source band: beginner; project heuristic TOPIK 1: core-spelling/basic-life-category rule; not an official per-grade list
ko-nikl-24238,한식,,Korean dishes.,noun,food > dishes,nikl-2024-mirror,https://huggingface.co/datasets/binjang/NIKL-korean-english-dictionary/resolve/3b4cfd2126debfd5440cade3ef6c2a3c20cf7cf9/2024_01.csv#record=24238,NIKL source band: beginner; project heuristic TOPIK 1: core-spelling/basic-life-category rule; not an official per-grade list
ko-nikl-24240,한식집,,A restaurant that serves Korean food.,noun,food > food venues,nikl-2024-mirror,https://huggingface.co/datasets/binjang/NIKL-korean-english-dictionary/resolve/3b4cfd2126debfd5440cade3ef6c2a3c20cf7cf9/2024_01.csv#record=24240,NIKL source band: beginner; project heuristic TOPIK 1: core-spelling/basic-life-category rule; not an official per-grade list
ko-nikl-24268,한잔,,A cup of tea or a drink that one has lightly.,noun,food > drinks,nikl-2024-mirror,https://huggingface.co/datasets/binjang/NIKL-korean-english-dictionary/resolve/3b4cfd2126debfd5440cade3ef6c2a3c20cf7cf9/2024_01.csv#record=24268,NIKL source band: beginner; project heuristic TOPIK 1: core-spelling/basic-life-category rule; not an official per-grade list
ko-nikl-24336,할머니,,A word used to refer to or address the mother of one's father or mother. / (affectionate) A word used to refer to or address an old woman.,noun,daily life > family relationships,nikl-2024-mirror,https://huggingface.co/datasets/binjang/NIKL-korean-english-dictionary/resolve/3b4cfd2126debfd5440cade3ef6c2a3c20cf7cf9/2024_01.csv#record=24336,NIKL source band: beginner; project heuristic TOPIK 1: core-spelling/basic-life-category rule; not an official per-grade list
ko-nikl-24347,할아버지,,A word used to refer to or address the father of one's father or mother. / A word used to refer to or address a man in the same generation as one's parents' father. / (affectionate) A word used to refer to or address an old man.,noun,daily life > family relationships,nikl-2024-mirror,https://huggingface.co/datasets/binjang/NIKL-korean-english-dictionary/resolve/3b4cfd2126debfd5440cade3ef6c2a3c20cf7cf9/2024_01.csv#record=24347,NIKL source band: beginner; project heuristic TOPIK 1: core-spelling/basic-life-category rule; not an official per-grade list
ko-nikl-24369,함께,,In the state of several people being all together. / Together with something at the same time.,adverb,general / source uncategorized,nikl-2024-mirror,https://huggingface.co/datasets/binjang/NIKL-korean-english-dictionary/resolve/3b4cfd2126debfd5440cade3ef6c2a3c20cf7cf9/2024_01.csv#record=24369,NIKL source band: beginner; project heuristic TOPIK 1: core-spelling/basic-life-category rule; not an official per-grade list
ko-nikl-24522,항공,,The act of flying in the air on a plane.,noun,social life > transport,nikl-2024-mirror,https://huggingface.co/datasets/binjang/NIKL-korean-english-dictionary/resolve/3b4cfd2126debfd5440cade3ef6c2a3c20cf7cf9/2024_01.csv#record=24522,NIKL source band: beginner; project heuristic TOPIK 1: core-spelling/basic-life-category rule; not an official per-grade list
ko-nikl-24523,항공권,,A ticket whose holder is allowed to board a plane.,noun,social life > travel actions,nikl-2024-mirror,https://huggingface.co/datasets/binjang/NIKL-korean-english-dictionary/resolve/3b4cfd2126debfd5440cade3ef6c2a3c20cf7cf9/2024_01.csv#record=24523,NIKL source band: beginner; project heuristic TOPIK 1: core-spelling/basic-life-category rule; not an official per-grade list
ko-nikl-24549,항상,,Invariably at any time.,adverb,concepts > frequency,nikl-2024-mirror,https://huggingface.co/datasets/binjang/NIKL-korean-english-dictionary/resolve/3b4cfd2126debfd5440cade3ef6c2a3c20cf7cf9/2024_01.csv#record=24549,NIKL source band: beginner; project heuristic TOPIK 1: core-spelling/basic-life-category rule; not an official per-grade list
ko-nikl-24638,해마다,,Each and every year.,adverb,concepts > time,nikl-2024-mirror,https://huggingface.co/datasets/binjang/NIKL-korean-english-dictionary/resolve/3b4cfd2126debfd5440cade3ef6c2a3c20cf7cf9/2024_01.csv#record=24638,NIKL source band: beginner; project heuristic TOPIK 1: core-spelling/basic-life-category rule; not an official per-grade list
ko-nikl-24790,햄버거,,"Food made by putting meat, vegetables, cheese, etc., between two round buns.",noun,food > dishes,nikl-2024-mirror,https://huggingface.co/datasets/binjang/NIKL-korean-english-dictionary/resolve/3b4cfd2126debfd5440cade3ef6c2a3c20cf7cf9/2024_01.csv#record=24790,NIKL source band: beginner; project heuristic TOPIK 1: core-spelling/basic-life-category rule; not an official per-grade list
ko-nikl-24945,허리,,The part between the ribs and hip bones in the human or animal body. / The central part.,noun,people > body parts,nikl-2024-mirror,https://huggingface.co/datasets/binjang/NIKL-korean-english-dictionary/resolve/3b4cfd2126debfd5440cade3ef6c2a3c20cf7cf9/2024_01.csv#record=24945,NIKL source band: beginner; project heuristic TOPIK 1: core-spelling/basic-life-category rule; not an official per-grade list
ko-nikl-25195,혀,,"The long, red piece of flesh that is in the lower interior part of a human or animal mouth.",noun,people > body parts,nikl-2024-mirror,https://huggingface.co/datasets/binjang/NIKL-korean-english-dictionary/resolve/3b4cfd2126debfd5440cade3ef6c2a3c20cf7cf9/2024_01.csv#record=25195,NIKL source band: beginner; project heuristic TOPIK 1: core-spelling/basic-life-category rule; not an official per-grade list
ko-nikl-25309,현재,,Right now at this time. / Right at the time set by a certain standard.,adverb,concepts > time,nikl-2024-mirror,https://huggingface.co/datasets/binjang/NIKL-korean-english-dictionary/resolve/3b4cfd2126debfd5440cade3ef6c2a3c20cf7cf9/2024_01.csv#record=25309,NIKL source band: beginner; project heuristic TOPIK 1: core-spelling/basic-life-category rule; not an official per-grade list
ko-nikl-25308,현재,,"The present time. / A certain point in time. / In grammar, a tense that indicates a current event, action, and state occurring at the moment of speaking or a certain time.",noun,concepts > time,nikl-2024-mirror,https://huggingface.co/datasets/binjang/NIKL-korean-english-dictionary/resolve/3b4cfd2126debfd5440cade3ef6c2a3c20cf7cf9/2024_01.csv#record=25308,NIKL source band: beginner; project heuristic TOPIK 1: core-spelling/basic-life-category rule; not an official per-grade list
ko-nikl-25424,형,,A word used only by a male to refer to or address his male siblings or cousins older than himself. / A word used only by a male to refer to or address another male older than himself endearingly.,noun,daily life > family relationships,nikl-2024-mirror,https://huggingface.co/datasets/binjang/NIKL-korean-english-dictionary/resolve/3b4cfd2126debfd5440cade3ef6c2a3c20cf7cf9/2024_01.csv#record=25424,NIKL source band: beginner; project heuristic TOPIK 1: core-spelling/basic-life-category rule; not an official per-grade list
ko-nikl-25470,형제,,A compound noun for older and younger brothers. / Children born to or raised by the same parents. / A word used by Christians to address each other.,noun,daily life > family relationships,nikl-2024-mirror,https://huggingface.co/datasets/binjang/NIKL-korean-english-dictionary/resolve/3b4cfd2126debfd5440cade3ef6c2a3c20cf7cf9/2024_01.csv#record=25470,NIKL source band: beginner; project heuristic TOPIK 1: core-spelling/basic-life-category rule; not an official per-grade list
ko-nikl-25498,호,,A bound noun used to indicate the order or sequence of something. / A bound noun used to indicate the sequence of a publication such as newspaper or magazine. / A bound noun used to indicate the number assigned to every one of the rooms in a building. / A bound noun that serves as a unit for indicating the size of a picture or print type.,bound noun,concepts > counters,nikl-2024-mirror,https://huggingface.co/datasets/binjang/NIKL-korean-english-dictionary/resolve/3b4cfd2126debfd5440cade3ef6c2a3c20cf7cf9/2024_01.csv#record=25498,NIKL source band: beginner; project heuristic TOPIK 1: core-spelling/basic-life-category rule; not an official per-grade list
ko-nikl-51565,홍차,,"Tea made of a tea plant's leaves fermented and dried, which turns pure red and gives off scent when put in boiling water.",noun,food > drinks,nikl-2024-mirror,https://huggingface.co/datasets/binjang/NIKL-korean-english-dictionary/resolve/3b4cfd2126debfd5440cade3ef6c2a3c20cf7cf9/2024_01.csv#record=51565,NIKL source band: beginner; project heuristic TOPIK 1: core-spelling/basic-life-category rule; not an official per-grade list
ko-nikl-51669,화요일,,The second day of a week that starts from Monday.,noun,concepts > time,nikl-2024-mirror,https://huggingface.co/datasets/binjang/NIKL-korean-english-dictionary/resolve/3b4cfd2126debfd5440cade3ef6c2a3c20cf7cf9/2024_01.csv#record=51669,NIKL source band: beginner; project heuristic TOPIK 1: core-spelling/basic-life-category rule; not an official per-grade list
ko-nikl-51680,화장실,,A place equipped with a facility where people can urinate or defecate.,noun,housing > parts of a home,nikl-2024-mirror,https://huggingface.co/datasets/binjang/NIKL-korean-english-dictionary/resolve/3b4cfd2126debfd5440cade3ef6c2a3c20cf7cf9/2024_01.csv#record=51680,NIKL source band: beginner; project heuristic TOPIK 1: core-spelling/basic-life-category rule; not an official per-grade list
ko-nikl-52007,회,,A bound noun that serves as a unit for counting the number of times. / A word used to count a recurring period.,bound noun,concepts > counters,nikl-2024-mirror,https://huggingface.co/datasets/binjang/NIKL-korean-english-dictionary/resolve/3b4cfd2126debfd5440cade3ef6c2a3c20cf7cf9/2024_01.csv#record=52007,NIKL source band: beginner; project heuristic TOPIK 1: core-spelling/basic-life-category rule; not an official per-grade list
ko-nikl-52048,회사,,A legal entity created together by many people to earn profits by running a certain business.,noun,social life > workplaces,nikl-2024-mirror,https://huggingface.co/datasets/binjang/NIKL-korean-english-dictionary/resolve/3b4cfd2126debfd5440cade3ef6c2a3c20cf7cf9/2024_01.csv#record=52048,NIKL source band: beginner; project heuristic TOPIK 1: core-spelling/basic-life-category rule; not an official per-grade list
ko-nikl-52049,회사원,,A person who works at a company.,noun,social life > occupations,nikl-2024-mirror,https://huggingface.co/datasets/binjang/NIKL-korean-english-dictionary/resolve/3b4cfd2126debfd5440cade3ef6c2a3c20cf7cf9/2024_01.csv#record=52049,NIKL source band: beginner; project heuristic TOPIK 1: core-spelling/basic-life-category rule; not an official per-grade list
ko-nikl-52053,회색,,"A mixed color of black and white, like that of ash. / (figurative) A state of not showing one's political or ideological inclinations clearly.",noun,concepts > colors,nikl-2024-mirror,https://huggingface.co/datasets/binjang/NIKL-korean-english-dictionary/resolve/3b4cfd2126debfd5440cade3ef6c2a3c20cf7cf9/2024_01.csv#record=52053,NIKL source band: beginner; project heuristic TOPIK 1: core-spelling/basic-life-category rule; not an official per-grade list
ko-nikl-52151,횡단보도,,"A route marked on a road, where people can cross.",noun,social life > transport facilities,nikl-2024-mirror,https://huggingface.co/datasets/binjang/NIKL-korean-english-dictionary/resolve/3b4cfd2126debfd5440cade3ef6c2a3c20cf7cf9/2024_01.csv#record=52151,NIKL source band: beginner; project heuristic TOPIK 1: core-spelling/basic-life-category rule; not an official per-grade list
ko-nikl-52456,휴가,,A state in which a person belonging to an organization such as a company or an army leaves his/her workplace and takes a rest for a limited period of time; or such a period.,noun,daily life > leisure activities,nikl-2024-mirror,https://huggingface.co/datasets/binjang/NIKL-korean-english-dictionary/resolve/3b4cfd2126debfd5440cade3ef6c2a3c20cf7cf9/2024_01.csv#record=52456,NIKL source band: beginner; project heuristic TOPIK 1: core-spelling/basic-life-category rule; not an official per-grade list
ko-nikl-52469,휴대폰,,"A portable, wireless phone with which one can make or receive phone calls.",noun,social life > communication tools,nikl-2024-mirror,https://huggingface.co/datasets/binjang/NIKL-korean-english-dictionary/resolve/3b4cfd2126debfd5440cade3ef6c2a3c20cf7cf9/2024_01.csv#record=52469,NIKL source band: beginner; project heuristic TOPIK 1: core-spelling/basic-life-category rule; not an official per-grade list
ko-nikl-52493,휴지,,Useless paper / A thin sheet of paper used for wiping off something dirty.,noun,housing > household goods,nikl-2024-mirror,https://huggingface.co/datasets/binjang/NIKL-korean-english-dictionary/resolve/3b4cfd2126debfd5440cade3ef6c2a3c20cf7cf9/2024_01.csv#record=52493,NIKL source band: beginner; project heuristic TOPIK 1: core-spelling/basic-life-category rule; not an official per-grade list
ko-nikl-52494,휴지통,,A container used to throw away waste paper or garbage.,noun,housing > household goods,nikl-2024-mirror,https://huggingface.co/datasets/binjang/NIKL-korean-english-dictionary/resolve/3b4cfd2126debfd5440cade3ef6c2a3c20cf7cf9/2024_01.csv#record=52494,NIKL source band: beginner; project heuristic TOPIK 1: core-spelling/basic-life-category rule; not an official per-grade list
ko-nikl-52552,흐르다,,"For a liquid like water, etc., to move to a lower place or pass a certain location. / For time or years to go by. / To glide in the air or on the water. / For gas, electricity, etc., to move along a cable or pipe. / For blood, sweat, tears, etc., to come out and fall from the body. / For powder or particles to leak or fall through a small hole. / For light, sound, smell, etc., to spread gently. / For a certain energy, state, etc., to show on the outside. / For a certain mood, thought, etc., to continue in a certain way. / For gloss, luster, etc., to show in a shiny manner. / For a person or thing to take on a tendency or to move disproportionately in a direction.",verb,concepts > time,nikl-2024-mirror,https://huggingface.co/datasets/binjang/NIKL-korean-english-dictionary/resolve/3b4cfd2126debfd5440cade3ef6c2a3c20cf7cf9/2024_01.csv#record=52552,NIKL source band: beginner; project heuristic TOPIK 1: core-spelling/basic-life-category rule; not an official per-grade list
ko-nikl-52556,흐리다,,One's memory or thought not being clear. / A pure substance becoming unclear because it has had a foreign matter added to it. / Not being clear or vivid. / One's calculation not being accurate. / The weather not being clear due to clouds or fog. / Looking worried. / Light not being bright.,descriptive verb,nature > weather and climate,nikl-2024-mirror,https://huggingface.co/datasets/binjang/NIKL-korean-english-dictionary/resolve/3b4cfd2126debfd5440cade3ef6c2a3c20cf7cf9/2024_01.csv#record=52556,NIKL source band: beginner; project heuristic TOPIK 1: core-spelling/basic-life-category rule; not an official per-grade list
ko-nikl-52829,흰색,,The bright color of snow or milk.,noun,concepts > colors,nikl-2024-mirror,https://huggingface.co/datasets/binjang/NIKL-korean-english-dictionary/resolve/3b4cfd2126debfd5440cade3ef6c2a3c20cf7cf9/2024_01.csv#record=52829,NIKL source band: beginner; project heuristic TOPIK 1: core-spelling/basic-life-category rule; not an official per-grade list
