id,target,reading,english,part_of_speech,topic,source_id,source_entry,level_basis
ja-n2-00001,あいかわらず,あいかわらず,1. as usual; as always; as before; as ever; still,adverb (fukushi); nouns which may take the genitive case particle 'no',general-language,jmdict-waller,JMdict:1401310;waller-n2.csv:line-2,Community estimate: Waller via stephenmk; not an official JLPT word list
ja-n2-00002,アイデア,アイデア,1. idea,noun (common) (futsuumeishi),thought-and-feeling,jmdict-waller,JMdict:1014210;waller-n2.csv:line-3,Community estimate: Waller via stephenmk; not an official JLPT word list
ja-n2-00003,アイディア,アイディア,1. idea,noun (common) (futsuumeishi),thought-and-feeling,jmdict-waller,JMdict:1014210;waller-n2.csv:line-4,Community estimate: Waller via stephenmk; not an official JLPT word list
ja-n2-00004,曖昧,あいまい,1. vague; ambiguous; unclear | 2. shady; disreputable | 3. fuzzy [mathematics; computing],adjectival nouns or quasi-adjectives (keiyodoshi); noun (common) (futsuumeishi),general-language,jmdict-waller,JMdict:1567920;waller-n2.csv:line-5,Community estimate: Waller via stephenmk; not an official JLPT word list
ja-n2-00006,扇ぐ,あおぐ,1. to fan | 2. to incite; to instigate,Godan verb with 'gu' ending; transitive verb,general-language,jmdict-waller,JMdict:1609000;waller-n2.csv:line-7,Community estimate: Waller via stephenmk; not an official JLPT word list
ja-n2-00007,青白い,あおじろい,1. pale; pallid | 2. bluish-white,adjective (keiyoushi),general-language,jmdict-waller,JMdict:1381760;waller-n2.csv:line-8,Community estimate: Waller via stephenmk; not an official JLPT word list
ja-n2-00010,あきれる,あきれる,1. to be amazed; to be shocked; to be astonished; to be astounded; to be disgusted; to be exasperated; to be fed up,Ichidan verb; intransitive verb,general-language,jmdict-waller,JMdict:1515580;waller-n2.csv:line-11,Community estimate: Waller via stephenmk; not an official JLPT word list
ja-n2-00011,アクセント,アクセント,"1. accent (on a syllable, word); stress; pitch accent [linguistics] | 2. intonation; inflection; cadence | 3. (language) accent (e.g. American, British) | 4. accent (e.g. in a design); highlight; emphasis | 5. accent (on a note) [music]",noun (common) (futsuumeishi),general-language,jmdict-waller,JMdict:1015310;waller-n2.csv:line-12,Community estimate: Waller via stephenmk; not an official JLPT word list
ja-n2-00012,欠伸,あくび,"1. yawn; yawning [word usually written using kana alone] | 2. kanji ""yawning"" radical (radical 76)",noun (common) (futsuumeishi); noun or participle which takes the aux. verb suru; intransitive verb,general-language,jmdict-waller,JMdict:1254010;waller-n2.csv:line-13,Community estimate: Waller via stephenmk; not an official JLPT word list
ja-n2-00013,飽くまで,あくまで,1. to the end; to the bitter end; to the last; stubbornly; persistently; consistently; to the utmost [word usually written using kana alone] | 2. after all; it must be remembered; only; purely; simply [word usually written using kana alone],adverb (fukushi),general-language,jmdict-waller,JMdict:1518320;waller-n2.csv:line-14,Community estimate: Waller via stephenmk; not an official JLPT word list
ja-n2-00014,明け方,あけがた,1. dawn; daybreak (usu. from 3:00 a.m. to 6:00 a.m.),noun (common) (futsuumeishi); adverb (fukushi),general-language,jmdict-waller,JMdict:1532300;waller-n2.csv:line-15,Community estimate: Waller via stephenmk; not an official JLPT word list
ja-n2-00015,揚げる,あげる,"1. to deep-fry; to make deep-fried food | 2. to launch (fireworks, etc.); to hoist (e.g. a flag); to (let) fly (e.g. a kite); to set off | 3. to summon (for geishas, etc.); to call in | 4. to land (e.g. a boat); to come ashore; to move (something) onto land | 5. to suck up (water; e.g. a plant); to absorb; to draw up",Ichidan verb; transitive verb,food-and-dining,jmdict-waller,JMdict:2864817;waller-n2.csv:line-16,Community estimate: Waller via stephenmk; not an official JLPT word list
ja-n2-00016,挙げる,あげる,"1. to give (an example); to list; to enumerate; to show; to display; to cite | 2. to summon up (e.g. all of one's energy); to gather | 3. to arrest (a criminal); to capture; to seize; to apprehend | 4. to nominate (e.g. for a position); to recommend; to propose (something) | 5. to hold (an event, ceremony, etc.); to conduct (a wedding) | 6. to raise (an army); to take up arms (against something); to rise up | 7. to make known; to inform; to spread word; to win fame | 8. to have (a child); to bear (a child); to raise (children) [dated term] | 9. to raise; to elevate | 10. to make (a loud sound); to raise (one's voice) | 11. to earn (something desirable); to achieve (e.g. a good result); to obtain",Ichidan verb; transitive verb,general-language,jmdict-waller,JMdict:2864818;waller-n2.csv:line-17,Community estimate: Waller via stephenmk; not an official JLPT word list
ja-n2-00017,憧れる,あこがれる,1. to long for; to yearn for; to hanker after; to be attracted by; to be drawn to; to aspire to; to admire; to adore,Ichidan verb; intransitive verb,general-language,jmdict-waller,JMdict:1453810;waller-n2.csv:line-18,Community estimate: Waller via stephenmk; not an official JLPT word list
ja-n2-00018,足跡,あしあと,1. footprints | 2. record of page visitors (e.g. in social networking sites) [computing],noun (common) (futsuumeishi),general-language,jmdict-waller,JMdict:1581330;waller-n2.csv:line-19,Community estimate: Waller via stephenmk; not an official JLPT word list
ja-n2-00019,味わう,あじわう,1. to taste; to savor; to savour; to relish | 2. to appreciate; to enjoy; to relish; to digest | 3. to experience; to go through; to taste (e.g. victory); to know (e.g. pain),Godan verb with 'u' ending; transitive verb,food-and-dining,jmdict-waller,JMdict:1527010;waller-n2.csv:line-20,Community estimate: Waller via stephenmk; not an official JLPT word list
ja-n2-00020,預かる,あずかる,1. to look after; to take care of; to keep; to hold on to; to keep in custody | 2. to be put in charge of; to be given responsibility for; to be entrusted with | 3. to withhold (an announcement); to reserve (judgment); to leave undecided | 4. to take upon oneself (to do); to settle (a matter) oneself,Godan verb with 'ru' ending; transitive verb,general-language,jmdict-waller,JMdict:1544970;waller-n2.csv:line-21,Community estimate: Waller via stephenmk; not an official JLPT word list
ja-n2-00021,暖まる,あたたまる,1. to warm oneself; to sun oneself; to warm up; to get warm,Godan verb with 'ru' ending; intransitive verb,general-language,jmdict-waller,JMdict:1586430;waller-n2.csv:line-22,Community estimate: Waller via stephenmk; not an official JLPT word list
ja-n2-00022,暖める,あたためる,1. to warm (up); to heat (up),Ichidan verb; transitive verb,general-language,jmdict-waller,JMdict:1586440;waller-n2.csv:line-23,Community estimate: Waller via stephenmk; not an official JLPT word list
ja-n2-00023,あたりまえ,あたりまえ,1. natural; reasonable; obvious | 2. usual; common; ordinary; commonplace; the norm,nouns which may take the genitive case particle 'no'; adjectival nouns or quasi-adjectives (keiyodoshi); noun (common) (futsuumeishi),general-language,jmdict-waller,JMdict:1448800;waller-n2.csv:line-24,Community estimate: Waller via stephenmk; not an official JLPT word list
ja-n2-00024,あちらこちら,あちらこちら,1. here and there; various places; all around; all over; everywhere; throughout [word usually written using kana alone] | 2. muddled; confused; in the wrong order; back to front [word usually written using kana alone],pronoun; adverb (fukushi); noun or participle which takes the aux. verb suru; adjectival nouns or quasi-adjectives (keiyodoshi); noun (common) (futsuumeishi); intransitive verb,general-language,jmdict-waller,JMdict:1612620;waller-n2.csv:line-25,Community estimate: Waller via stephenmk; not an official JLPT word list
ja-n2-00025,厚かましい,あつかましい,1. impudent; shameless; brazen; cheeky; presumptuous,adjective (keiyoushi),general-language,jmdict-waller,JMdict:1275330;waller-n2.csv:line-26,Community estimate: Waller via stephenmk; not an official JLPT word list
ja-n2-00026,圧縮,あっしゅく,1. compression | 2. condensing; shortening; summarizing | 3. compression (of data) [computing],noun (common) (futsuumeishi); noun or participle which takes the aux. verb suru; transitive verb,general-language,jmdict-waller,JMdict:1153080;waller-n2.csv:line-27,Community estimate: Waller via stephenmk; not an official JLPT word list
ja-n2-00027,宛名,あてな,"1. name and address (on an envelope, etc.); (addressee's) name; addressee",noun (common) (futsuumeishi),general-language,jmdict-waller,JMdict:1586520;waller-n2.csv:line-28,Community estimate: Waller via stephenmk; not an official JLPT word list
ja-n2-00028,あてはまる,あてはまる,"1. to apply (of a rule); to be applicable (of standards, lessons, ideas, etc.); to hold true (e.g. of a description); to fit; to be suitable (e.g. of a word); to meet (requirements); to fulfill (conditions); to come under (a heading) [word usually written using kana alone]",Godan verb with 'ru' ending; intransitive verb,general-language,jmdict-waller,JMdict:1448930;waller-n2.csv:line-29,Community estimate: Waller via stephenmk; not an official JLPT word list
ja-n2-00029,あてはめる,あてはめる,1. to apply; to adapt,Ichidan verb; transitive verb,general-language,jmdict-waller,JMdict:1586530;waller-n2.csv:line-30,Community estimate: Waller via stephenmk; not an official JLPT word list
ja-n2-00030,暴れる,あばれる,1. to act violently; to rage; to struggle; to be riotous,Ichidan verb; intransitive verb,general-language,jmdict-waller,JMdict:1519340;waller-n2.csv:line-31,Community estimate: Waller via stephenmk; not an official JLPT word list
ja-n2-00031,脂,あぶら,1. fat; tallow; lard; grease,noun (common) (futsuumeishi),general-language,jmdict-waller,JMdict:1311750;waller-n2.csv:line-32,Community estimate: Waller via stephenmk; not an official JLPT word list
ja-n2-00032,あぶる,あぶる,1. to warm (e.g. one's hands over a fire); to dry [word usually written using kana alone] | 2. to toast; to grill; to broil; to roast; to scorch [word usually written using kana alone],Godan verb with 'ru' ending; transitive verb,nature-and-science,jmdict-waller,JMdict:1568910;waller-n2.csv:line-33,Community estimate: Waller via stephenmk; not an official JLPT word list
ja-n2-00033,あふれる,あふれる,1. to overflow; to brim over; to flood [word usually written using kana alone],Ichidan verb; intransitive verb,general-language,jmdict-waller,JMdict:1167610;waller-n2.csv:line-34,Community estimate: Waller via stephenmk; not an official JLPT word list
ja-n2-00034,雨戸,あまど,1. sliding storm shutter,noun (common) (futsuumeishi),general-language,jmdict-waller,JMdict:1171970;waller-n2.csv:line-35,Community estimate: Waller via stephenmk; not an official JLPT word list
ja-n2-00035,甘やかす,あまやかす,1. to pamper; to spoil,Godan verb with 'su' ending; transitive verb,general-language,jmdict-waller,JMdict:1213470;waller-n2.csv:line-36,Community estimate: Waller via stephenmk; not an official JLPT word list
ja-n2-00036,余る,あまる,1. to remain; to be left over; to be in excess; to be too many,Godan verb with 'ru' ending; intransitive verb,general-language,jmdict-waller,JMdict:1543910;waller-n2.csv:line-37,Community estimate: Waller via stephenmk; not an official JLPT word list
ja-n2-00037,編物,あみもの,1. knitting; knitted material; crochet,noun (common) (futsuumeishi); nouns which may take the genitive case particle 'no',general-language,jmdict-waller,JMdict:1586670;waller-n2.csv:line-38,Community estimate: Waller via stephenmk; not an official JLPT word list
ja-n2-00038,編む,あむ,"1. to knit; to plait; to braid | 2. to compile (anthology, dictionary, etc.); to edit",Godan verb with 'mu' ending; transitive verb,general-language,jmdict-waller,JMdict:1511950;waller-n2.csv:line-39,Community estimate: Waller via stephenmk; not an official JLPT word list
ja-n2-00039,危うい,あやうい,"1. dangerous; in danger; facing imminent danger | 2. precarious (situation); perilous (state, balance, etc.); in doubt; in jeopardy; uncertain; insecure; concerning; worrying",adjective (keiyoushi),general-language,jmdict-waller,JMdict:1218360;waller-n2.csv:line-40,Community estimate: Waller via stephenmk; not an official JLPT word list
ja-n2-00040,怪しい,あやしい,1. suspicious; dubious; questionable; dodgy; shady; fishy | 2. doubtful; unsure; uncertain; unlikely; implausible | 3. untrustworthy; unreliable; clumsy; awkward; shaky; poor | 4. strange; weird; eerie; spooky; uncanny | 5. ominous (e.g. weather); threatening; dangerous (e.g. financial situation); uncertain | 6. suspicious (of a potential amorous relation) | 7. mysterious; bewitching; alluring; enticing; enchanting,adjective (keiyoushi),general-language,jmdict-waller,JMdict:1586700;waller-n2.csv:line-41,Community estimate: Waller via stephenmk; not an official JLPT word list
ja-n2-00041,荒い,あらい,1. rough; wild; violent; rude; coarse; harsh; fierce; heavy (e.g. breathing) | 2. immoderate; extravagant; reckless,adjective (keiyoushi),general-language,jmdict-waller,JMdict:1281450;waller-n2.csv:line-42,Community estimate: Waller via stephenmk; not an official JLPT word list
ja-n2-00042,粗い,あらい,1. coarse; rough,adjective (keiyoushi),general-language,jmdict-waller,JMdict:1396910;waller-n2.csv:line-43,Community estimate: Waller via stephenmk; not an official JLPT word list
ja-n2-00043,あらすじ,あらすじ,1. outline; summary; argument [word usually written using kana alone],noun (common) (futsuumeishi),general-language,jmdict-waller,JMdict:1396970;waller-n2.csv:line-44,Community estimate: Waller via stephenmk; not an official JLPT word list
ja-n2-00044,争う,あらそう,1. to compete; to contest; to contend | 2. to quarrel; to argue; to dispute; to be at variance; to oppose | 3. to deny (e.g. evidence) (usu. in negative form),Godan verb with 'u' ending; intransitive verb,general-language,jmdict-waller,JMdict:1400620;waller-n2.csv:line-45,Community estimate: Waller via stephenmk; not an official JLPT word list
ja-n2-00045,改めて,あらためて,1. another time; again; over again; once again; anew | 2. formally; especially; intentionally; deliberately,adverb (fukushi),time-and-quantity,jmdict-waller,JMdict:1200740;waller-n2.csv:line-46,Community estimate: Waller via stephenmk; not an official JLPT word list
ja-n2-00046,改める,あらためる,1. to change; to alter; to revise; to replace | 2. to reform; to correct; to mend; to improve | 3. to examine; to check; to inspect | 4. to do properly; to do formally,Ichidan verb; transitive verb,general-language,jmdict-waller,JMdict:1200750;waller-n2.csv:line-47,Community estimate: Waller via stephenmk; not an official JLPT word list
ja-n2-00047,著す,あらわす,1. to write; to publish,Godan verb with 'su' ending; transitive verb,study-work-and-communication,jmdict-waller,JMdict:1427080;waller-n2.csv:line-48,Community estimate: Waller via stephenmk; not an official JLPT word list
ja-n2-00048,有難い,ありがたい,1. grateful; thankful; welcome; appreciated; evoking gratitude [word usually written using kana alone],adjective (keiyoushi),general-language,jmdict-waller,JMdict:1541560;waller-n2.csv:line-49,Community estimate: Waller via stephenmk; not an official JLPT word list
ja-n2-00050,あれこれ,あれこれ,1. this and that; this or that; one thing or another; this way and that [word usually written using kana alone],adverb (fukushi); pronoun,general-language,jmdict-waller,JMdict:1612650;waller-n2.csv:line-51,Community estimate: Waller via stephenmk; not an official JLPT word list
ja-n2-00051,あわただしい,あわただしい,1. busy; hectic; hurried; rushed | 2. rapid; quick; sudden,adjective (keiyoushi),general-language,jmdict-waller,JMdict:1278810;waller-n2.csv:line-52,Community estimate: Waller via stephenmk; not an official JLPT word list
ja-n2-00052,あわてる,あわてる,"1. to become confused (disconcerted, disorganized, disorganised); to be flustered; to panic | 2. to hurry; to rush; to hasten",Ichidan verb; intransitive verb,general-language,jmdict-waller,JMdict:1278830;waller-n2.csv:line-53,Community estimate: Waller via stephenmk; not an official JLPT word list
ja-n2-00053,安易,あんい,1. easy; simple | 2. easygoing; lighthearted; simplistic; irresponsible; careless; quick (to do),adjectival nouns or quasi-adjectives (keiyodoshi); noun (common) (futsuumeishi),general-language,jmdict-waller,JMdict:1153720;waller-n2.csv:line-54,Community estimate: Waller via stephenmk; not an official JLPT word list
ja-n2-00054,案外,あんがい,1. unexpectedly; surprisingly | 2. unexpected; unanticipated; unforeseen; surprising,adverb (fukushi); adverb taking the 'to' particle; adjectival nouns or quasi-adjectives (keiyodoshi),general-language,jmdict-waller,JMdict:1154820;waller-n2.csv:line-55,Community estimate: Waller via stephenmk; not an official JLPT word list
ja-n2-00055,アンテナ,アンテナ,1. antenna | 2. thing or method used to collect information or opinions,noun (common) (futsuumeishi),general-language,jmdict-waller,JMdict:1020410;waller-n2.csv:line-56,Community estimate: Waller via stephenmk; not an official JLPT word list
ja-n2-00056,言い出す,いいだす,1. to begin to say; to start talking; to broach (a matter); to bring up; to come out with | 2. to be the first to say; to suggest (doing); to propose,Godan verb with 'su' ending; transitive verb,general-language,jmdict-waller,JMdict:1264080;waller-n2.csv:line-57,Community estimate: Waller via stephenmk; not an official JLPT word list
ja-n2-00057,言い付ける,いいつける,1. to tell (to do); to order; to direct; to instruct | 2. to tell (on someone); to report; to snitch | 3. to often say; to be used to saying,Ichidan verb; transitive verb,general-language,jmdict-waller,JMdict:1264230;waller-n2.csv:line-58,Community estimate: Waller via stephenmk; not an official JLPT word list
ja-n2-00058,意義,いぎ,1. meaning; significance,noun (common) (futsuumeishi),general-language,jmdict-waller,JMdict:1156520;waller-n2.csv:line-59,Community estimate: Waller via stephenmk; not an official JLPT word list
ja-n2-00059,生き生き,いきいき,1. in a lively way; vividly; freshly; animatedly; actively; energetically,adverb (fukushi); adverb taking the 'to' particle; noun or participle which takes the aux. verb suru,general-language,jmdict-waller,JMdict:1609130;waller-n2.csv:line-60,Community estimate: Waller via stephenmk; not an official JLPT word list
ja-n2-00060,いきなり,いきなり,1. abruptly; suddenly; all of a sudden; without warning [word usually written using kana alone],adverb (fukushi); nouns which may take the genitive case particle 'no',general-language,jmdict-waller,JMdict:1282000;waller-n2.csv:line-61,Community estimate: Waller via stephenmk; not an official JLPT word list
ja-n2-00061,育児,いくじ,1. childcare; child-rearing; nursing; upbringing,noun (common) (futsuumeishi); noun or participle which takes the aux. verb suru; intransitive verb,people-and-relationships,jmdict-waller,JMdict:1160630;waller-n2.csv:line-62,Community estimate: Waller via stephenmk; not an official JLPT word list
ja-n2-00062,幾分,いくぶん,1. somewhat; to some extent; to some degree | 2. some; part; portion,adverb (fukushi); noun (common) (futsuumeishi),general-language,jmdict-waller,JMdict:1220060;waller-n2.csv:line-63,Community estimate: Waller via stephenmk; not an official JLPT word list
ja-n2-00063,生け花,いけばな,1. ikebana; Japanese art of flower arrangement,noun (common) (futsuumeishi),general-language,jmdict-waller,JMdict:1587180;waller-n2.csv:line-64,Community estimate: Waller via stephenmk; not an official JLPT word list
ja-n2-00064,以後,いご,1. after this; from now on; hereafter | 2. thereafter; since (then); after,noun (common) (futsuumeishi); adverb (fukushi),general-language,jmdict-waller,JMdict:1155100;waller-n2.csv:line-65,Community estimate: Waller via stephenmk; not an official JLPT word list
ja-n2-00065,以降,いこう,1. on and after; from ... onward; since,noun (common) (futsuumeishi); adverb (fukushi),general-language,jmdict-waller,JMdict:1155110;waller-n2.csv:line-66,Community estimate: Waller via stephenmk; not an official JLPT word list
ja-n2-00066,イコール,イコール,"1. equal; equivalent | 2. equals sign; equality sign [mathematics] | 3. equals (as in ""A equals B"")","adjectival nouns or quasi-adjectives (keiyodoshi); noun (common) (futsuumeishi); expressions (phrases, clauses, etc.)",general-language,jmdict-waller,JMdict:1021220;waller-n2.csv:line-67,Community estimate: Waller via stephenmk; not an official JLPT word list
ja-n2-00067,勇ましい,いさましい,1. brave; valiant; gallant; courageous | 2. stirring; vigorous; rousing,adjective (keiyoushi),general-language,jmdict-waller,JMdict:1539660;waller-n2.csv:line-68,Community estimate: Waller via stephenmk; not an official JLPT word list
ja-n2-00068,衣食住,いしょくじゅう,"1. food, clothing and shelter; necessities of life",noun (common) (futsuumeishi),food-and-dining,jmdict-waller,JMdict:1158780;waller-n2.csv:line-69,Community estimate: Waller via stephenmk; not an official JLPT word list
ja-n2-00069,意地悪,いじわる,1. malicious; ill-tempered; unkind; mean; nasty,adjectival nouns or quasi-adjectives (keiyodoshi); noun (common) (futsuumeishi),general-language,jmdict-waller,JMdict:1156740;waller-n2.csv:line-70,Community estimate: Waller via stephenmk; not an official JLPT word list
ja-n2-00070,いちいち,いちいち,1. one-by-one; separately [word usually written using kana alone] | 2. every single; each and every; without omission; fully; in detail [word usually written using kana alone],noun (common) (futsuumeishi); adverb (fukushi),general-language,jmdict-waller,JMdict:1587320;waller-n2.csv:line-71,Community estimate: Waller via stephenmk; not an official JLPT word list
ja-n2-00071,一応,いちおう,1. more or less; though not quite satisfactorily; after a fashion; pretty much; roughly; so far as it goes; technically | 2. tentatively; for the time being | 3. just in case | 4. once,noun (common) (futsuumeishi); nouns which may take the genitive case particle 'no'; adverb (fukushi),general-language,jmdict-waller,JMdict:1161170;waller-n2.csv:line-72,Community estimate: Waller via stephenmk; not an official JLPT word list
ja-n2-00072,一段,いちだん,"1. even more; still more; much more; further | 2. one step; one rung; one level; one grade; one rank | 3. one paragraph; one passage | 4. ichidan (verb, verb conjugation) [grammar; abbreviation]",adverb taking the 'to' particle; adverb (fukushi); nouns which may take the genitive case particle 'no'; noun (common) (futsuumeishi),general-language,jmdict-waller,JMdict:1164690;waller-n2.csv:line-73,Community estimate: Waller via stephenmk; not an official JLPT word list
ja-n2-00073,一流,いちりゅう,1. first-class; first-rate; top-flight; top-ranking; leading; eminent; top | 2. characteristic (of); peculiar (to); unique (to) | 3. school (e.g. of flower arrangement) | 4. one flag; one banner; one streamer,nouns which may take the genitive case particle 'no'; noun (common) (futsuumeishi),general-language,jmdict-waller,JMdict:1167270;waller-n2.csv:line-74,Community estimate: Waller via stephenmk; not an official JLPT word list
ja-n2-00074,佚,いつ,1. being comfortable; relaxing,noun (common) (futsuumeishi),general-language,jmdict-waller,JMdict:1585390;waller-n2.csv:line-75,Community estimate: Waller via stephenmk; not an official JLPT word list
ja-n2-00075,一昨日,いっさくじつ,1. day before yesterday,noun (common) (futsuumeishi); adverb (fukushi),time-and-quantity,jmdict-waller,JMdict:1576050;waller-n2.csv:line-76,Community estimate: Waller via stephenmk; not an official JLPT word list
ja-n2-00076,一昨年,いっさくねん,1. year before last,noun (common) (futsuumeishi); adverb (fukushi),time-and-quantity,jmdict-waller,JMdict:1576060;waller-n2.csv:line-77,Community estimate: Waller via stephenmk; not an official JLPT word list
ja-n2-00077,一斉,いっせい,1. simultaneous; all at once,adverb (fukushi); noun (common) (futsuumeishi),general-language,jmdict-waller,JMdict:1164040;waller-n2.csv:line-78,Community estimate: Waller via stephenmk; not an official JLPT word list
ja-n2-00078,一旦,いったん,1. once [word usually written using kana alone] | 2. for a short time; briefly; temporarily [word usually written using kana alone] | 3. one morning [archaic],adverb (fukushi); noun (common) (futsuumeishi),general-language,jmdict-waller,JMdict:1164650;waller-n2.csv:line-79,Community estimate: Waller via stephenmk; not an official JLPT word list
ja-n2-00079,一定,いってい,1. to fix; to settle; to standardize; to regularize | 2. constant; definite; uniform; defined; certain; prescribed,noun or participle which takes the aux. verb suru; transitive verb; intransitive verb; nouns which may take the genitive case particle 'no',general-language,jmdict-waller,JMdict:1164950;waller-n2.csv:line-80,Community estimate: Waller via stephenmk; not an official JLPT word list
ja-n2-00080,いってらっしゃい,いってらっしゃい,1. have a good day; take care; see you [word usually written using kana alone],interjection (kandoushi),time-and-quantity,jmdict-waller,JMdict:2088750;waller-n2.csv:line-81,Community estimate: Waller via stephenmk; not an official JLPT word list
ja-n2-00081,いってまいります,いってまいります,1. good bye; I'm off; see you later [polite (teineigo) language],"expressions (phrases, clauses, etc.)",study-work-and-communication,jmdict-waller,JMdict:2149180;waller-n2.csv:line-82,Community estimate: Waller via stephenmk; not an official JLPT word list
ja-n2-00082,いつのまにか,いつのまにか,1. before one knows; before one becomes aware of; unnoticed; unawares,adverb (fukushi),general-language,jmdict-waller,JMdict:1188850;waller-n2.csv:line-83,Community estimate: Waller via stephenmk; not an official JLPT word list
ja-n2-00083,移転,いてん,"1. moving; relocation; change of address | 2. transfer (of deeds, property, etc.); demise",noun (common) (futsuumeishi); noun or participle which takes the aux. verb suru; transitive verb; intransitive verb,general-language,jmdict-waller,JMdict:1158390;waller-n2.csv:line-84,Community estimate: Waller via stephenmk; not an official JLPT word list
ja-n2-00084,井戸,いど,1. water well,noun (common) (futsuumeishi),nature-and-science,jmdict-waller,JMdict:1160330;waller-n2.csv:line-85,Community estimate: Waller via stephenmk; not an official JLPT word list
ja-n2-00085,緯度,いど,1. latitude,noun (common) (futsuumeishi),general-language,jmdict-waller,JMdict:1158490;waller-n2.csv:line-86,Community estimate: Waller via stephenmk; not an official JLPT word list
ja-n2-00086,従姉妹,いとこ,1. cousin (female) [word usually written using kana alone],noun (common) (futsuumeishi),general-language,jmdict-waller,JMdict:1335310;waller-n2.csv:line-87,Community estimate: Waller via stephenmk; not an official JLPT word list
ja-n2-00087,威張る,いばる,1. to put on airs; to throw one's weight about; to swagger; to act arrogantly,Godan verb with 'ru' ending; intransitive verb,general-language,jmdict-waller,JMdict:1156320;waller-n2.csv:line-88,Community estimate: Waller via stephenmk; not an official JLPT word list
ja-n2-00088,嫌がる,いやがる,1. to appear uncomfortable (with); to seem to hate; to express dislike,Godan verb with 'ru' ending; transitive verb,general-language,jmdict-waller,JMdict:1609260;waller-n2.csv:line-89,Community estimate: Waller via stephenmk; not an official JLPT word list
ja-n2-00089,いよいよ,いよいよ,1. more and more; all the more; increasingly [word usually written using kana alone] | 2. at last; finally; beyond doubt [word usually written using kana alone] | 3. (at the) last moment; worst possible time [word usually written using kana alone],adverb (fukushi),general-language,jmdict-waller,JMdict:1587670;waller-n2.csv:line-90,Community estimate: Waller via stephenmk; not an official JLPT word list
ja-n2-00090,煎る,いる,1. to roast; to parch; to toast; to boil down,Godan verb with 'ru' ending; transitive verb,general-language,jmdict-waller,JMdict:1391500;waller-n2.csv:line-91,Community estimate: Waller via stephenmk; not an official JLPT word list
ja-n2-00092,入れ物,いれもの,1. container; case; receptacle | 2. coffin; casket [euphemistic],noun (common) (futsuumeishi),general-language,jmdict-waller,JMdict:1587840;waller-n2.csv:line-93,Community estimate: Waller via stephenmk; not an official JLPT word list
ja-n2-00093,インキ,インキ,1. ink,noun (common) (futsuumeishi),general-language,jmdict-waller,JMdict:2856157;waller-n2.csv:line-94,Community estimate: Waller via stephenmk; not an official JLPT word list
ja-n2-00094,インタビュー,インタビュー,"1. interview (on television, in a newspaper, etc.)",noun (common) (futsuumeishi); noun or participle which takes the aux. verb suru; transitive verb; intransitive verb,general-language,jmdict-waller,JMdict:1023100;waller-n2.csv:line-95,Community estimate: Waller via stephenmk; not an official JLPT word list
ja-n2-00095,引力,いんりょく,"1. attraction (e.g. magnetic, gravitation); affinity; gravitational pull [physics] | 2. attractiveness; magnetism",noun (common) (futsuumeishi),general-language,jmdict-waller,JMdict:1169720;waller-n2.csv:line-96,Community estimate: Waller via stephenmk; not an official JLPT word list
ja-n2-00096,ウーマン,ウーマン,1. woman (usu. in compounds),noun (common) (futsuumeishi),general-language,jmdict-waller,JMdict:1024950;waller-n2.csv:line-97,Community estimate: Waller via stephenmk; not an official JLPT word list
ja-n2-00097,ウール,ウール,1. wool,noun (common) (futsuumeishi),general-language,jmdict-waller,JMdict:1025010;waller-n2.csv:line-98,Community estimate: Waller via stephenmk; not an official JLPT word list
ja-n2-00098,ウエートレス,ウエートレス,1. waitress,noun (common) (futsuumeishi),general-language,jmdict-waller,JMdict:1025690;waller-n2.csv:line-99,Community estimate: Waller via stephenmk; not an official JLPT word list
ja-n2-00099,植木,うえき,1. garden plant; garden tree | 2. potted plant,noun (common) (futsuumeishi),nature-and-science,jmdict-waller,JMdict:1587970;waller-n2.csv:line-100,Community estimate: Waller via stephenmk; not an official JLPT word list
ja-n2-00100,飢える,うえる,1. to starve; to be famished; to be hungry | 2. to be starved of (e.g. love); to be thirsty for (e.g. knowledge); to be hungry for,Ichidan verb; intransitive verb,general-language,jmdict-waller,JMdict:1224080;waller-n2.csv:line-101,Community estimate: Waller via stephenmk; not an official JLPT word list
ja-n2-00101,浮ぶ,うかぶ,1. to float; to be suspended | 2. to rise to the surface; to appear; to emerge; to show up; to loom (up) | 3. to come to mind; to have inspiration,Godan verb with 'bu' ending; intransitive verb,general-language,jmdict-waller,JMdict:1497430;waller-n2.csv:line-102,Community estimate: Waller via stephenmk; not an official JLPT word list
ja-n2-00102,浮かべる,うかべる,"1. to float; to set afloat; to launch | 2. to show on one's face (smile, sadness, etc.) | 3. to recall; to call to mind; to imagine; to think of",Ichidan verb; transitive verb,general-language,jmdict-waller,JMdict:1497360;waller-n2.csv:line-103,Community estimate: Waller via stephenmk; not an official JLPT word list
ja-n2-00103,浮く,うく,"1. to float | 2. to become merry; to be cheerful | 3. to become loose; to become unsteady | 4. to feel out of it; to be cut off (e.g. from those around you); to feel out of place [colloquial] | 5. to be frivolous; to be uncertain | 6. to have (time, money, etc.) left over; to be saved (e.g. money) | 7. to have no basis; to be unreliable",Godan verb with 'ku' ending; intransitive verb,general-language,jmdict-waller,JMdict:1497420;waller-n2.csv:line-104,Community estimate: Waller via stephenmk; not an official JLPT word list
ja-n2-00104,承る,うけたまわる,"1. to hear; to be told; to know [humble (kenjougo) language] | 2. to receive (order); to undertake; to comply; to take (a reservation, etc.)",Godan verb with 'ru' ending; transitive verb,study-work-and-communication,jmdict-waller,JMdict:1349440;waller-n2.csv:line-105,Community estimate: Waller via stephenmk; not an official JLPT word list
ja-n2-00105,受取,うけとり,1. receiving; receipt,noun (common) (futsuumeishi),general-language,jmdict-waller,JMdict:1329770;waller-n2.csv:line-106,Community estimate: Waller via stephenmk; not an official JLPT word list
ja-n2-00106,受け持つ,うけもつ,1. to take (be in) charge of,Godan verb with 'tsu' ending; transitive verb,general-language,jmdict-waller,JMdict:1329640;waller-n2.csv:line-107,Community estimate: Waller via stephenmk; not an official JLPT word list
ja-n2-00107,薄暗い,うすぐらい,1. dim; gloomy,adjective (keiyoushi),general-language,jmdict-waller,JMdict:1475530;waller-n2.csv:line-108,Community estimate: Waller via stephenmk; not an official JLPT word list
ja-n2-00108,薄める,うすめる,"1. to dilute; to water down; to thin; to lighten (e.g. a color); to make less strong (e.g. flavor, depth, etc.) | 2. to soften (e.g. a statement, impression, etc.); to weaken (e.g. an effect); to tone down; to temper",Ichidan verb; transitive verb,nature-and-science,jmdict-waller,JMdict:1475500;waller-n2.csv:line-109,Community estimate: Waller via stephenmk; not an official JLPT word list
ja-n2-00109,打合せ,うちあわせ,"1. (preparatory) meeting; briefing session; (making) advance arrangements | 2. overlap (of a coat, etc.) | 3. making something match exactly [archaic]",noun (common) (futsuumeishi); noun or participle which takes the aux. verb suru; transitive verb,study-work-and-communication,jmdict-waller,JMdict:1588140;waller-n2.csv:line-110,Community estimate: Waller via stephenmk; not an official JLPT word list
ja-n2-00110,打ち消す,うちけす,1. to deny; to contradict | 2. to negate (esp. a sound); to drown out,Godan verb with 'su' ending; transitive verb,general-language,jmdict-waller,JMdict:1609310;waller-n2.csv:line-111,Community estimate: Waller via stephenmk; not an official JLPT word list
ja-n2-00111,討つ,うつ,1. to attack; to destroy; to defeat; to conquer; to avenge,Godan verb with 'tsu' ending; transitive verb,general-language,jmdict-waller,JMdict:1478010;waller-n2.csv:line-112,Community estimate: Waller via stephenmk; not an official JLPT word list
ja-n2-00112,うっかり,うっかり,1. carelessly; thoughtlessly; inadvertently [onomatopoeic or mimetic word],adverb (fukushi); adverb taking the 'to' particle; noun or participle which takes the aux. verb suru,general-language,jmdict-waller,JMdict:1001010;waller-n2.csv:line-113,Community estimate: Waller via stephenmk; not an official JLPT word list
ja-n2-00113,映す,うつす,1. to project; to reflect; to cast (shadow),Godan verb with 'su' ending; transitive verb,general-language,jmdict-waller,JMdict:1588330;waller-n2.csv:line-114,Community estimate: Waller via stephenmk; not an official JLPT word list
ja-n2-00114,写る,うつる,1. to be photographed; to be projected,Godan verb with 'ru' ending; intransitive verb,general-language,jmdict-waller,JMdict:1321820;waller-n2.csv:line-115,Community estimate: Waller via stephenmk; not an official JLPT word list
ja-n2-00115,映る,うつる,1. to be reflected; to harmonize with (harmonise); to come out (photo); to be projected; to be displayed (on a screen),Godan verb with 'ru' ending; intransitive verb,general-language,jmdict-waller,JMdict:1173710;waller-n2.csv:line-116,Community estimate: Waller via stephenmk; not an official JLPT word list
ja-n2-00116,うどん,うどん,"1. udon; thick Japanese wheat noodles [food, cooking; word usually written using kana alone]",noun (common) (futsuumeishi),food-and-dining,jmdict-waller,JMdict:1574470;waller-n2.csv:line-117,Community estimate: Waller via stephenmk; not an official JLPT word list
ja-n2-00117,有無,うむ,1. existence or nonexistence; presence or absence | 2. consent or refusal; yes or no,noun (common) (futsuumeishi),general-language,jmdict-waller,JMdict:1541610;waller-n2.csv:line-118,Community estimate: Waller via stephenmk; not an official JLPT word list
ja-n2-00118,埋める,うめる,"1. to bury (e.g. in the ground) | 2. to fill up (e.g. audience fills a hall); to cause to be packed | 3. to plug (a gap); to stop (a gap); to bridge (a difference, a gap); to fill (a seat, a vacant position); to fill out (a form, a sheet) | 4. to make up for (a loss, shortage, etc.); to make amends; to compensate for | 5. to put cold water (in a bath) | 6. to cover; to scatter something over",Ichidan verb; transitive verb,general-language,jmdict-waller,JMdict:1524500;waller-n2.csv:line-119,Community estimate: Waller via stephenmk; not an official JLPT word list
ja-n2-00119,敬う,うやまう,1. to show respect for; to revere; to honour; to honor; to worship; to hold in esteem,Godan verb with 'u' ending; transitive verb,general-language,jmdict-waller,JMdict:1250700;waller-n2.csv:line-120,Community estimate: Waller via stephenmk; not an official JLPT word list
ja-n2-00120,裏返す,うらがえす,1. to turn inside out; to turn the other way; to turn (something) over,Godan verb with 'su' ending; transitive verb,general-language,jmdict-waller,JMdict:1550630;waller-n2.csv:line-121,Community estimate: Waller via stephenmk; not an official JLPT word list
ja-n2-00121,裏口,うらぐち,1. backdoor; rear entrance; rear exit | 2. unauthorized; illicit; illegal,noun (common) (futsuumeishi); nouns which may take the genitive case particle 'no',general-language,jmdict-waller,JMdict:1550270;waller-n2.csv:line-122,Community estimate: Waller via stephenmk; not an official JLPT word list
ja-n2-00122,占う,うらなう,1. to tell someone's fortune; to divine (the future) | 2. to predict; to forecast,Godan verb with 'u' ending; transitive verb,general-language,jmdict-waller,JMdict:1389430;waller-n2.csv:line-123,Community estimate: Waller via stephenmk; not an official JLPT word list
ja-n2-00123,恨み,うらみ,1. resentment; grudge; malice; bitterness | 2. matter for regret; regret,noun (common) (futsuumeishi),general-language,jmdict-waller,JMdict:1289740;waller-n2.csv:line-124,Community estimate: Waller via stephenmk; not an official JLPT word list
ja-n2-00124,恨む,うらむ,1. to bear a grudge against; to resent; to blame; to curse; to feel bitter towards,Godan verb with 'mu' ending; transitive verb,general-language,jmdict-waller,JMdict:1289780;waller-n2.csv:line-125,Community estimate: Waller via stephenmk; not an official JLPT word list
ja-n2-00125,羨ましい,うらやましい,"1. envious; jealous | 2. enviable (position, etc.)",adjective (keiyoushi),general-language,jmdict-waller,JMdict:1391940;waller-n2.csv:line-126,Community estimate: Waller via stephenmk; not an official JLPT word list
ja-n2-00126,羨む,うらやむ,1. to envy; to be envious of; to be jealous of,Godan verb with 'mu' ending; transitive verb,general-language,jmdict-waller,JMdict:1391950;waller-n2.csv:line-127,Community estimate: Waller via stephenmk; not an official JLPT word list
ja-n2-00127,売上,うりあげ,1. amount sold; sales; proceeds; takings; turnover,noun (common) (futsuumeishi),general-language,jmdict-waller,JMdict:1588500;waller-n2.csv:line-128,Community estimate: Waller via stephenmk; not an official JLPT word list
ja-n2-00128,売り切れ,うりきれ,1. sold-out,nouns which may take the genitive case particle 'no'; noun (common) (futsuumeishi),general-language,jmdict-waller,JMdict:1473870;waller-n2.csv:line-129,Community estimate: Waller via stephenmk; not an official JLPT word list
ja-n2-00129,売り切れる,うりきれる,1. to be sold out,Ichidan verb; intransitive verb,general-language,jmdict-waller,JMdict:1473880;waller-n2.csv:line-130,Community estimate: Waller via stephenmk; not an official JLPT word list
ja-n2-00130,売行き,うれゆき,1. sales; demand,noun (common) (futsuumeishi),general-language,jmdict-waller,JMdict:1588590;waller-n2.csv:line-131,Community estimate: Waller via stephenmk; not an official JLPT word list
ja-n2-00131,うろうろ,うろうろ,1. restlessly; aimlessly; without purpose [onomatopoeic or mimetic word] | 2. to loiter; to drift; to hang about doing nothing; to wander aimlessly; to be restless [onomatopoeic or mimetic word] | 3. to be restless; to fuss; to be in a fidget [onomatopoeic or mimetic word],adverb (fukushi); adverb taking the 'to' particle; noun or participle which takes the aux. verb suru,general-language,jmdict-waller,JMdict:1001060;waller-n2.csv:line-132,Community estimate: Waller via stephenmk; not an official JLPT word list
ja-n2-00132,運河,うんが,1. (navigable) canal; waterway,noun (common) (futsuumeishi),general-language,jmdict-waller,JMdict:1172710;waller-n2.csv:line-133,Community estimate: Waller via stephenmk; not an official JLPT word list
ja-n2-00133,うんと,うんと,1. a great deal; very much; a lot [onomatopoeic or mimetic word] | 2. with a great amount of effort [onomatopoeic or mimetic word; archaic],adverb (fukushi),general-language,jmdict-waller,JMdict:2007420;waller-n2.csv:line-134,Community estimate: Waller via stephenmk; not an official JLPT word list
ja-n2-00134,英文,えいぶん,1. English writing; English sentence; English text | 2. English literature; English lit [abbreviation],noun (common) (futsuumeishi),general-language,jmdict-waller,JMdict:1174620;waller-n2.csv:line-135,Community estimate: Waller via stephenmk; not an official JLPT word list
ja-n2-00135,英和,えいわ,1. English-Japanese | 2. English-Japanese dictionary [abbreviation],noun (common) (futsuumeishi),general-language,jmdict-waller,JMdict:1174720;waller-n2.csv:line-136,Community estimate: Waller via stephenmk; not an official JLPT word list
ja-n2-00136,ええと,ええと,1. let me see; well; errr ...; uhh ...,interjection (kandoushi),general-language,jmdict-waller,JMdict:1001150;waller-n2.csv:line-137,Community estimate: Waller via stephenmk; not an official JLPT word list
ja-n2-00137,液体,えきたい,1. liquid,noun (common) (futsuumeishi),general-language,jmdict-waller,JMdict:1175030;waller-n2.csv:line-138,Community estimate: Waller via stephenmk; not an official JLPT word list
ja-n2-00138,エチケット,エチケット,1. politeness; good manners; courtesy; etiquette | 2. (wine) label,noun (common) (futsuumeishi),general-language,jmdict-waller,JMdict:1028990;waller-n2.csv:line-139,Community estimate: Waller via stephenmk; not an official JLPT word list
ja-n2-00139,絵の具,えのぐ,1. paint; coloring materials; colors; colours,"expressions (phrases, clauses, etc.); noun (common) (futsuumeishi)",general-language,jmdict-waller,JMdict:1202290;waller-n2.csv:line-140,Community estimate: Waller via stephenmk; not an official JLPT word list
ja-n2-00140,エプロン,エプロン,1. apron | 2. apron (airport) | 3. apron (stage) [abbreviation],noun (common) (futsuumeishi),general-language,jmdict-waller,JMdict:1029760;waller-n2.csv:line-141,Community estimate: Waller via stephenmk; not an official JLPT word list
ja-n2-00141,偉い,えらい,1. great; excellent; admirable; commendable; laudable; honorable; wonderful; outstanding; extraordinary | 2. distinguished; important; high-ranking; powerful; eminent; famous | 3. awful; terrible; serious; tremendous; great; mighty; severe [word usually written using kana alone] | 4. tiring; tough; hard [word usually written using kana alone] | 5. very; extremely [word usually written using kana alone; Kansai-ben],adjective (keiyoushi); adverb (fukushi),general-language,jmdict-waller,JMdict:1155780;waller-n2.csv:line-142,Community estimate: Waller via stephenmk; not an official JLPT word list
ja-n2-00142,宴会,えんかい,1. party; banquet; reception; feast; dinner,noun (common) (futsuumeishi),general-language,jmdict-waller,JMdict:1176320;waller-n2.csv:line-143,Community estimate: Waller via stephenmk; not an official JLPT word list
ja-n2-00143,園芸,えんげい,1. horticulture; gardening,noun (common) (futsuumeishi); nouns which may take the genitive case particle 'no',general-language,jmdict-waller,JMdict:1176260;waller-n2.csv:line-144,Community estimate: Waller via stephenmk; not an official JLPT word list
ja-n2-00144,演劇,えんげき,1. drama; theatre; theater; play,noun (common) (futsuumeishi); nouns which may take the genitive case particle 'no',general-language,jmdict-waller,JMdict:1176860;waller-n2.csv:line-145,Community estimate: Waller via stephenmk; not an official JLPT word list
ja-n2-00145,円周,えんしゅう,1. circumference,noun (common) (futsuumeishi); nouns which may take the genitive case particle 'no',general-language,jmdict-waller,JMdict:1175860;waller-n2.csv:line-146,Community estimate: Waller via stephenmk; not an official JLPT word list
ja-n2-00146,遠足,えんそく,1. school trip; field trip; excursion; outing | 2. long walk; excursion (on foot) [dated term],noun (common) (futsuumeishi); noun or participle which takes the aux. verb suru; intransitive verb,study-work-and-communication,jmdict-waller,JMdict:1178260;waller-n2.csv:line-147,Community estimate: Waller via stephenmk; not an official JLPT word list
ja-n2-00147,延長,えんちょう,1. extension; elongation; prolongation; lengthening | 2. (total) length | 3. extension (e.g. of one's work); continuation | 4. extension (of a line segment) [mathematics] | 5. extension (property of occupying space) [philosophy] | 6. Enchō era (923.4.11-931.4.26) [historical term] | 7. extended game; overtime; extra time; extra innings [sports; abbreviation],noun (common) (futsuumeishi); noun or participle which takes the aux. verb suru; transitive verb; intransitive verb,general-language,jmdict-waller,JMdict:1176510;waller-n2.csv:line-148,Community estimate: Waller via stephenmk; not an official JLPT word list
ja-n2-00148,煙突,えんとつ,1. chimney; smokestack; funnel (of a ship); stovepipe | 2. carrying a passenger without turning on the taximeter [slang],noun (common) (futsuumeishi),general-language,jmdict-waller,JMdict:1177320;waller-n2.csv:line-149,Community estimate: Waller via stephenmk; not an official JLPT word list
ja-n2-00149,追い掛ける,おいかける,1. to chase; to run after; to pursue | 2. subsequently; following that; (and) then,Ichidan verb; transitive verb,general-language,jmdict-waller,JMdict:1608720;waller-n2.csv:line-150,Community estimate: Waller via stephenmk; not an official JLPT word list
ja-n2-00150,追い越す,おいこす,1. to pass (e.g. car); to overtake | 2. to surpass; to outstrip; to get ahead of; to outdistance,Godan verb with 'su' ending; transitive verb,travel-and-places,jmdict-waller,JMdict:1432280;waller-n2.csv:line-151,Community estimate: Waller via stephenmk; not an official JLPT word list
ja-n2-00151,オイル,オイル,1. oil; petroleum | 2. oil; lubricant; grease | 3. (cooking) oil | 4. (massage) oil; ointment | 5. kerosene | 6. engine oil,noun (common) (futsuumeishi),general-language,jmdict-waller,JMdict:1033900;waller-n2.csv:line-152,Community estimate: Waller via stephenmk; not an official JLPT word list
ja-n2-00152,応援,おうえん,1. aid; assistance; help; support; reinforcement | 2. cheering; rooting (for); support,noun (common) (futsuumeishi); noun or participle which takes the aux. verb suru; transitive verb,general-language,jmdict-waller,JMdict:1179840;waller-n2.csv:line-153,Community estimate: Waller via stephenmk; not an official JLPT word list
ja-n2-00153,王女,おうじょ,1. princess,noun (common) (futsuumeishi),general-language,jmdict-waller,JMdict:1181560;waller-n2.csv:line-154,Community estimate: Waller via stephenmk; not an official JLPT word list
ja-n2-00154,応ずる,おうずる,1. to answer; to respond; to meet | 2. to satisfy; to accept,Ichidan verb - zuru verb (alternative form of -jiru verbs); intransitive verb,general-language,jmdict-waller,JMdict:1609380;waller-n2.csv:line-155,Community estimate: Waller via stephenmk; not an official JLPT word list
ja-n2-00155,応接,おうせつ,1. reception (e.g. of visitors); dealing with,noun (common) (futsuumeishi); noun or participle which takes the aux. verb suru; transitive verb; intransitive verb,general-language,jmdict-waller,JMdict:1179930;waller-n2.csv:line-156,Community estimate: Waller via stephenmk; not an official JLPT word list
ja-n2-00156,応対,おうたい,"1. dealing with (people, customers, complaints, etc.); receiving (callers, visitors, etc.); attending to; handling; serving",noun (common) (futsuumeishi); noun or participle which takes the aux. verb suru; intransitive verb,people-and-relationships,jmdict-waller,JMdict:1179980;waller-n2.csv:line-157,Community estimate: Waller via stephenmk; not an official JLPT word list
ja-n2-00157,往復,おうふく,1. making a round trip; going and returning; coming and going | 2. round-trip ticket; return ticket [abbreviation] | 3. correspondence; exchanging (of letters) | 4. keeping company (with); socializing; visiting each other,noun (common) (futsuumeishi); noun or participle which takes the aux. verb suru; intransitive verb,general-language,jmdict-waller,JMdict:1179760;waller-n2.csv:line-158,Community estimate: Waller via stephenmk; not an official JLPT word list
ja-n2-00158,欧米,おうべい,1. Europe and the United States; Europe and America; the West,noun (common) (futsuumeishi),general-language,jmdict-waller,JMdict:1609390;waller-n2.csv:line-159,Community estimate: Waller via stephenmk; not an official JLPT word list
ja-n2-00159,応用,おうよう,"1. (practical) application; putting to practical use | 2. applied (e.g. physics, linguistics, research)",noun (common) (futsuumeishi); noun or participle which takes the aux. verb suru; transitive verb; noun or verb acting prenominally,general-language,jmdict-waller,JMdict:1180060;waller-n2.csv:line-160,Community estimate: Waller via stephenmk; not an official JLPT word list
ja-n2-00160,オーケストラ,オーケストラ,1. orchestra,noun (common) (futsuumeishi),general-language,jmdict-waller,JMdict:1031610;waller-n2.csv:line-161,Community estimate: Waller via stephenmk; not an official JLPT word list
ja-n2-00161,おおざっぱ,おおざっぱ,"1. rough (estimate, summary, etc.); broad; general; sweeping; loose | 2. careless (e.g. work); sloppy; crude",adjectival nouns or quasi-adjectives (keiyodoshi),general-language,jmdict-waller,JMdict:1412950;waller-n2.csv:line-162,Community estimate: Waller via stephenmk; not an official JLPT word list
ja-n2-00162,大通り,おおどおり,1. main street; avenue; boulevard,noun (common) (futsuumeishi),travel-and-places,jmdict-waller,JMdict:1414570;waller-n2.csv:line-163,Community estimate: Waller via stephenmk; not an official JLPT word list
ja-n2-00163,オートメーション,オートメーション,1. automation,noun (common) (futsuumeishi),general-language,jmdict-waller,JMdict:1032180;waller-n2.csv:line-164,Community estimate: Waller via stephenmk; not an official JLPT word list
ja-n2-00164,オーバーコート,オーバーコート,1. overcoat,noun (common) (futsuumeishi),general-language,jmdict-waller,JMdict:1032880;waller-n2.csv:line-165,Community estimate: Waller via stephenmk; not an official JLPT word list
ja-n2-00165,大凡,おおよそ,1. about; roughly; approximately [word usually written using kana alone] | 2. generally; on the whole; as a rule [word usually written using kana alone] | 3. completely; quite; entirely; altogether; totally; not at all (with neg. verb) [word usually written using kana alone] | 4. outline; gist [word usually written using kana alone],adverb (fukushi); noun (common) (futsuumeishi); nouns which may take the genitive case particle 'no',general-language,jmdict-waller,JMdict:1415050;waller-n2.csv:line-166,Community estimate: Waller via stephenmk; not an official JLPT word list
ja-n2-00166,お帰り,おかえり,1. return [honorific or respectful (sonkeigo) language] | 2. welcome home [abbreviation],noun (common) (futsuumeishi); interjection (kandoushi),study-work-and-communication,jmdict-waller,JMdict:1612780;waller-n2.csv:line-167,Community estimate: Waller via stephenmk; not an official JLPT word list
ja-n2-00167,おかけください,おかけください,1. please sit down; please have a seat [word usually written using kana alone],"expressions (phrases, clauses, etc.)",general-language,jmdict-waller,JMdict:2411600;waller-n2.csv:line-168,Community estimate: Waller via stephenmk; not an official JLPT word list
ja-n2-00168,おかげさまで,おかげさまで,"1. thankfully; fortunately; luckily; by God's grace; under the gods' shadow [polite (teineigo) language; word usually written using kana alone] | 2. thanks to your (his, their, everyone's, etc.) kindness; thanks to your assistance; thanks to your support; thanks to your efforts [polite (teineigo) language; word usually written using kana alone]","expressions (phrases, clauses, etc.)",study-work-and-communication,jmdict-waller,JMdict:1270220;waller-n2.csv:line-169,Community estimate: Waller via stephenmk; not an official JLPT word list
ja-n2-00169,おかず,おかず,"1. small dish (usu. one of several accompanying rice); side dish [food, cooking; word usually written using kana alone] | 2. fill; fill-in (drumming) [music; word usually written using kana alone; colloquial] | 3. jack-off material; something to masturbate to [word usually written using kana alone; vulgar expression or word; slang]",noun (common) (futsuumeishi),food-and-dining,jmdict-waller,JMdict:1588930;waller-n2.csv:line-170,Community estimate: Waller via stephenmk; not an official JLPT word list
ja-n2-00170,拝む,おがむ,1. to assume the posture of praying; to press the palms and fingers of both hands together; to do reverence (e.g. before a statue of the Buddha); to pay one's respects | 2. to beg; to make a supplication | 3. to see (something or someone of high status) [humble (kenjougo) language] (sometimes used sarcastically in modern Japanese),Godan verb with 'mu' ending; transitive verb,general-language,jmdict-waller,JMdict:1472230;waller-n2.csv:line-171,Community estimate: Waller via stephenmk; not an official JLPT word list
ja-n2-00171,お代わり,おかわり,1. another helping; second helping; seconds; refill [word usually written using kana alone] | 2. other paw! [word usually written using kana alone] (dog command),noun (common) (futsuumeishi); noun or participle which takes the aux. verb suru; transitive verb; interjection (kandoushi),time-and-quantity,jmdict-waller,JMdict:1612800;waller-n2.csv:line-172,Community estimate: Waller via stephenmk; not an official JLPT word list
ja-n2-00172,補う,おぎなう,"1. to supplement; to make up for; to compensate for; to cover (a shortage, loss, etc.); to fill (e.g. a vacancy)",Godan verb with 'u' ending; transitive verb,general-language,jmdict-waller,JMdict:1514460;waller-n2.csv:line-173,Community estimate: Waller via stephenmk; not an official JLPT word list
ja-n2-00173,おきのどくに,おきのどくに,1. my sympathies; that's too bad; my condolences,"expressions (phrases, clauses, etc.)",general-language,jmdict-waller,JMdict:2167510;waller-n2.csv:line-174,Community estimate: Waller via stephenmk; not an official JLPT word list
ja-n2-00174,屋外,おくがい,1. outdoors; outside,noun (common) (futsuumeishi); nouns which may take the genitive case particle 'no',general-language,jmdict-waller,JMdict:1182680;waller-n2.csv:line-175,Community estimate: Waller via stephenmk; not an official JLPT word list
ja-n2-00176,送り仮名,おくりがな,1. kana written after a kanji to complete the full (usually kun) reading of the word; declensional kana ending,noun (common) (futsuumeishi),general-language,jmdict-waller,JMdict:1402640;waller-n2.csv:line-177,Community estimate: Waller via stephenmk; not an official JLPT word list
ja-n2-00177,元気でね,げんきでね,1. take care; take good care of yourself,interjection (kandoushi),general-language,jmdict-waller,JMdict:2847540;waller-n2.csv:line-178,Community estimate: Waller via stephenmk; not an official JLPT word list
ja-n2-00178,怠る,おこたる,1. to neglect; to be negligent in; to be neglectful of; to fail to do; to leave undone; to avoid (doing); to shirk; to be unmindful of | 2. to improve (of an illness); to get better [dated term],Godan verb with 'ru' ending; transitive verb; intransitive verb,general-language,jmdict-waller,JMdict:1410710;waller-n2.csv:line-179,Community estimate: Waller via stephenmk; not an official JLPT word list
ja-n2-00179,押える,おさえる,"1. to pin down; to hold down; to press down; to hold in place; to hold steady | 2. to cover (esp. a part of one's body with one's hand); to clutch (a body part in pain); to press (a body part) | 3. to get a hold of; to obtain; to seize; to catch; to arrest | 4. to grasp (a point); to comprehend | 5. to reserve (time, space, or availability); to hold; to block off (a schedule); to secure; to pin down (a date) | 6. to quell; to subdue; to suppress; to repress; to hold back; to check; to curb; to contain",Ichidan verb; transitive verb,travel-and-places,jmdict-waller,JMdict:1589080;waller-n2.csv:line-180,Community estimate: Waller via stephenmk; not an official JLPT word list
ja-n2-00180,おさきに,おさきに,1. before; previously [polite (teineigo) language] | 2. ahead [polite (teineigo) language] | 3. pardon me for leaving (before you) [abbreviation; polite (teineigo) language],"adverb (fukushi); expressions (phrases, clauses, etc.)",study-work-and-communication,jmdict-waller,JMdict:1002280;waller-n2.csv:line-181,Community estimate: Waller via stephenmk; not an official JLPT word list
ja-n2-00182,治める,おさめる,1. to rule; to govern; to reign over; to administer; to manage (e.g. a household) | 2. to subdue; to suppress; to quell; to settle (e.g. a dispute),Ichidan verb; transitive verb,general-language,jmdict-waller,JMdict:1316830;waller-n2.csv:line-183,Community estimate: Waller via stephenmk; not an official JLPT word list
ja-n2-00183,惜しい,おしい,1. regrettable; disappointing; unfortunate | 2. precious; dear; valuable | 3. too good for; deserving better | 4. almost (but not quite); close (but no cigar),adjective (keiyoushi),general-language,jmdict-waller,JMdict:1382280;waller-n2.csv:line-184,Community estimate: Waller via stephenmk; not an official JLPT word list
ja-n2-00184,御辞儀,おじぎ,1. bow; bowing [polite (teineigo) language],noun (common) (futsuumeishi); noun or participle which takes the aux. verb suru; intransitive verb,study-work-and-communication,jmdict-waller,JMdict:1002030;waller-n2.csv:line-185,Community estimate: Waller via stephenmk; not an official JLPT word list
ja-n2-00188,おしゃれ,おしゃれ,1. stylish; fashionable; trendy; chic; smartly dressed; careful about one's appearance [word usually written using kana alone] | 2. dressing (oneself) up; dressing smartly; dressing nicely; making oneself look attractive [word usually written using kana alone] | 3. fashionable dresser; smartly dressed person [word usually written using kana alone],adjectival nouns or quasi-adjectives (keiyodoshi); noun (common) (futsuumeishi); noun or participle which takes the aux. verb suru; intransitive verb,general-language,jmdict-waller,JMdict:1002770;waller-n2.csv:line-189,Community estimate: Waller via stephenmk; not an official JLPT word list
ja-n2-00189,おじゃまします,おじゃまします,1. please excuse the intrusion; I'm coming in (greeting used when entering someone's home),"expressions (phrases, clauses, etc.)",home-and-daily-life,jmdict-waller,JMdict:1002050;waller-n2.csv:line-190,Community estimate: Waller via stephenmk; not an official JLPT word list
ja-n2-00190,教わる,おそわる,1. to be taught; to learn; to take lessons in,Godan verb with 'ru' ending; transitive verb,general-language,jmdict-waller,JMdict:1236940;waller-n2.csv:line-191,Community estimate: Waller via stephenmk; not an official JLPT word list
ja-n2-00191,おだいじに,おだいじに,1. take care of yourself; get well soon,"expressions (phrases, clauses, etc.)",general-language,jmdict-waller,JMdict:1002390;waller-n2.csv:line-192,Community estimate: Waller via stephenmk; not an official JLPT word list
ja-n2-00192,落着く,おちつく,"1. to calm down; to compose oneself; to regain presence of mind; to relax | 2. to calm down; to settle down; to die down; to become stable; to abate | 3. to settle down (in a location, job, etc.); to settle in | 4. to be settled (of an arrangement, conclusion, etc.); to be fixed; to have been reached | 5. to harmonize with; to harmonise with; to match; to suit; to fit | 6. to be unobtrusive; to be quiet; to be subdued",Godan verb with 'ku' ending; intransitive verb,thought-and-feeling,jmdict-waller,JMdict:1589220;waller-n2.csv:line-193,Community estimate: Waller via stephenmk; not an official JLPT word list
ja-n2-00193,御手洗,みたらし,1. font of purifying water placed at the entrance of a shrine,noun (common) (futsuumeishi),nature-and-science,jmdict-waller,JMdict:1693840;waller-n2.csv:line-194,Community estimate: Waller via stephenmk; not an official JLPT word list
ja-n2-00194,お出掛け,おでかけ,1. about to start out; just about to leave or go out [honorific or respectful (sonkeigo) language; polite (teineigo) language] | 2. outing; trip,noun (common) (futsuumeishi),study-work-and-communication,jmdict-waller,JMdict:1338475;waller-n2.csv:line-195,Community estimate: Waller via stephenmk; not an official JLPT word list
ja-n2-00195,お手伝いさん,おてつだいさん,1. maid,noun (common) (futsuumeishi),general-language,jmdict-waller,JMdict:1002110;waller-n2.csv:line-196,Community estimate: Waller via stephenmk; not an official JLPT word list
ja-n2-00196,おどかす,おどかす,1. to threaten; to menace; to intimidate | 2. to startle; to frighten; to scare,Godan verb with 'su' ending; transitive verb,general-language,jmdict-waller,JMdict:1578070;waller-n2.csv:line-197,Community estimate: Waller via stephenmk; not an official JLPT word list
ja-n2-00197,落し物,おとしもの,1. lost property; something dropped and left behind | 2. dropping something (without realising); losing something,noun (common) (futsuumeishi),general-language,jmdict-waller,JMdict:1589250;waller-n2.csv:line-198,Community estimate: Waller via stephenmk; not an official JLPT word list
ja-n2-00200,おとなしい,おとなしい,"1. gentle; quiet; mild; meek; obedient; docile; well-behaved; tame [word usually written using kana alone] | 2. quiet (color, pattern, etc.); sober [word usually written using kana alone]",adjective (keiyoushi),general-language,jmdict-waller,JMdict:1414190;waller-n2.csv:line-201,Community estimate: Waller via stephenmk; not an official JLPT word list
ja-n2-00201,驚かす,おどろかす,1. to surprise; to frighten; to create a stir,Godan verb with 'su' ending; transitive verb,general-language,jmdict-waller,JMdict:1238650;waller-n2.csv:line-202,Community estimate: Waller via stephenmk; not an official JLPT word list
ja-n2-00202,おねがいします,おねがいします,1. please [humble (kenjougo) language],"expressions (phrases, clauses, etc.)",study-work-and-communication,jmdict-waller,JMdict:1001720;waller-n2.csv:line-203,Community estimate: Waller via stephenmk; not an official JLPT word list
ja-n2-00203,各々,おのおの,1. each | 2. you (plural) [archaic],noun (common) (futsuumeishi); adverb (fukushi); pronoun,general-language,jmdict-waller,JMdict:2826190;waller-n2.csv:line-204,Community estimate: Waller via stephenmk; not an official JLPT word list
ja-n2-00205,おはよう,おはよう,1. good morning [word usually written using kana alone] (used at any time of the day in some industries and workplaces),interjection (kandoushi),time-and-quantity,jmdict-waller,JMdict:1612820;waller-n2.csv:line-206,Community estimate: Waller via stephenmk; not an official JLPT word list
ja-n2-00206,お参り,おまいり,"1. visit (to a shrine, grave, etc.); worship",noun (common) (futsuumeishi); noun or participle which takes the aux. verb suru; intransitive verb,general-language,jmdict-waller,JMdict:1001950;waller-n2.csv:line-207,Community estimate: Waller via stephenmk; not an official JLPT word list
ja-n2-00207,おまたせしました,おまたせしました,1. thank you for waiting; sorry to have kept you waiting [polite (teineigo) language],"expressions (phrases, clauses, etc.)",study-work-and-communication,jmdict-waller,JMdict:2149640;waller-n2.csv:line-208,Community estimate: Waller via stephenmk; not an official JLPT word list
ja-n2-00208,おまちどおさま,おまちどおさま,1. I'm sorry to have kept you waiting,"expressions (phrases, clauses, etc.)",general-language,jmdict-waller,JMdict:1002360;waller-n2.csv:line-209,Community estimate: Waller via stephenmk; not an official JLPT word list
ja-n2-00209,おめでたい,おめでたい,"1. (matter) for congratulations; worthy of celebration; happy (occasion, ending, etc.); joyous; auspicious [word usually written using kana alone; polite (teineigo) language] | 2. naive; too good-natured; gullible; foolish; simple [word usually written using kana alone]",adjective (keiyoushi),study-work-and-communication,jmdict-waller,JMdict:1647360;waller-n2.csv:line-210,Community estimate: Waller via stephenmk; not an official JLPT word list
ja-n2-00210,思い掛けない,おもいがけない,1. unexpected; contrary to expectations; by chance; casual,adjective (keiyoushi),general-language,jmdict-waller,JMdict:1610630;waller-n2.csv:line-211,Community estimate: Waller via stephenmk; not an official JLPT word list
ja-n2-00211,思い込む,おもいこむ,"1. to be convinced (that); to be under the impression (that); to feel sure (that); to assume (that) | 2. to make up one's mind; to set one's heart on; to be determined (to do); to be bent on | 3. to be obsessed (with a thought, idea, etc.); to think about obsessively",Godan verb with 'mu' ending; intransitive verb,general-language,jmdict-waller,JMdict:1309230;waller-n2.csv:line-212,Community estimate: Waller via stephenmk; not an official JLPT word list
ja-n2-00212,思いっ切り,おもいっきり,1. to one's heart's content; as much as one wants; as hard as one can; with all one's strength; to the best of one's ability; to the utmost; with determination; hard; heavily | 2. resolution; decisiveness; determination; resignation,adverb (fukushi); noun (common) (futsuumeishi),health-and-body,jmdict-waller,JMdict:1309310;waller-n2.csv:line-213,Community estimate: Waller via stephenmk; not an official JLPT word list
ja-n2-00213,思い付く,おもいつく,1. to think of; to hit upon; to come into one's mind; to be struck with an idea | 2. to remember; to recall,Godan verb with 'ku' ending; transitive verb; intransitive verb,thought-and-feeling,jmdict-waller,JMdict:1589330;waller-n2.csv:line-214,Community estimate: Waller via stephenmk; not an official JLPT word list
ja-n2-00214,重たい,おもたい,"1. heavy; weighty | 2. heavy (feeling, atmosphere, etc.); serious; gloomy; depressing",adjective (keiyoushi),general-language,jmdict-waller,JMdict:1335780;waller-n2.csv:line-215,Community estimate: Waller via stephenmk; not an official JLPT word list
ja-n2-00215,おやすみ,おやすみ,1. holiday; day off; absence [polite (teineigo) language] | 2. sleep; rest [honorific or respectful (sonkeigo) language] | 3. good night [abbreviation; word usually written using kana alone],noun (common) (futsuumeishi); interjection (kandoushi),time-and-quantity,jmdict-waller,JMdict:1612680;waller-n2.csv:line-216,Community estimate: Waller via stephenmk; not an official JLPT word list
ja-n2-00216,おやつ,おやつ,1. between-meal snack [word usually written using kana alone] | 2. mid-afternoon (around 3 o'clock) snack; afternoon refreshment; afternoon tea [word usually written using kana alone],noun (common) (futsuumeishi),food-and-dining,jmdict-waller,JMdict:1589430;waller-n2.csv:line-217,Community estimate: Waller via stephenmk; not an official JLPT word list
ja-n2-00217,親指,おやゆび,1. thumb | 2. big toe,noun (common) (futsuumeishi),general-language,jmdict-waller,JMdict:1365190;waller-n2.csv:line-218,Community estimate: Waller via stephenmk; not an official JLPT word list
ja-n2-00218,オルガン,オルガン,1. organ (musical instrument),noun (common) (futsuumeishi),general-language,jmdict-waller,JMdict:1035780;waller-n2.csv:line-219,Community estimate: Waller via stephenmk; not an official JLPT word list
ja-n2-00219,卸す,おろす,1. to sell wholesale | 2. to grate (e.g. vegetables) | 3. to cut up fish,Godan verb with 'su' ending; transitive verb,general-language,jmdict-waller,JMdict:1183050;waller-n2.csv:line-220,Community estimate: Waller via stephenmk; not an official JLPT word list
ja-n2-00220,恩恵,おんけい,1. grace; favor; favour; blessing; benefit,noun (common) (futsuumeishi),general-language,jmdict-waller,JMdict:1183140;waller-n2.csv:line-221,Community estimate: Waller via stephenmk; not an official JLPT word list
ja-n2-00221,温室,おんしつ,1. greenhouse; hothouse; conservatory; glasshouse,noun (common) (futsuumeishi),general-language,jmdict-waller,JMdict:1183390;waller-n2.csv:line-222,Community estimate: Waller via stephenmk; not an official JLPT word list
ja-n2-00222,温泉,おんせん,1. hot spring | 2. onsen; hot spring resort; hot spring spa,noun (common) (futsuumeishi),general-language,jmdict-waller,JMdict:1183450;waller-n2.csv:line-223,Community estimate: Waller via stephenmk; not an official JLPT word list
ja-n2-00223,温帯,おんたい,1. temperate zone,noun (common) (futsuumeishi),general-language,jmdict-waller,JMdict:1183470;waller-n2.csv:line-224,Community estimate: Waller via stephenmk; not an official JLPT word list
ja-n2-00224,御中,おんちゅう,"1. ... and Company; Messrs; for the attention of ... (after addressee in letters, etc.)","noun, used as a suffix",study-work-and-communication,jmdict-waller,JMdict:1270530;waller-n2.csv:line-225,Community estimate: Waller via stephenmk; not an official JLPT word list
ja-n2-00225,女の人,おんなのひと,1. woman,"expressions (phrases, clauses, etc.); noun (common) (futsuumeishi)",general-language,jmdict-waller,JMdict:1344980;waller-n2.csv:line-226,Community estimate: Waller via stephenmk; not an official JLPT word list
ja-n2-00226,蚊,か,1. mosquito,noun (common) (futsuumeishi),general-language,jmdict-waller,JMdict:1196540;waller-n2.csv:line-227,Community estimate: Waller via stephenmk; not an official JLPT word list
ja-n2-00227,カーブ,カーブ,1. curve; turn; bend | 2. curveball; curve ball [baseball],noun (common) (futsuumeishi); noun or participle which takes the aux. verb suru; intransitive verb,general-language,jmdict-waller,JMdict:1036560;waller-n2.csv:line-228,Community estimate: Waller via stephenmk; not an official JLPT word list
ja-n2-00228,貝,かい,1. shellfish | 2. seashell; shell,noun (common) (futsuumeishi),general-language,jmdict-waller,JMdict:1203100;waller-n2.csv:line-229,Community estimate: Waller via stephenmk; not an official JLPT word list
ja-n2-00229,開会,かいかい,1. opening of a meeting,noun (common) (futsuumeishi); noun or participle which takes the aux. verb suru; transitive verb; intransitive verb,study-work-and-communication,jmdict-waller,JMdict:1202560;waller-n2.csv:line-230,Community estimate: Waller via stephenmk; not an official JLPT word list
ja-n2-00230,会館,かいかん,1. meeting hall; assembly hall,noun (common) (futsuumeishi),study-work-and-communication,jmdict-waller,JMdict:1589660;waller-n2.csv:line-231,Community estimate: Waller via stephenmk; not an official JLPT word list
ja-n2-00231,改札,かいさつ,1. examination of tickets | 2. ticket gate; ticket barrier [abbreviation],noun (common) (futsuumeishi); noun or participle which takes the aux. verb suru; intransitive verb,general-language,jmdict-waller,JMdict:1200840;waller-n2.csv:line-232,Community estimate: Waller via stephenmk; not an official JLPT word list
ja-n2-00232,解散,かいさん,"1. breaking up (a meeting, gathering, etc.); dispersal (e.g. of a crowd) | 2. dissolution (of a company, organization, etc.); winding-up; disbandment; split-up | 3. dissolution (of the Diet, Parliament, etc.)",noun (common) (futsuumeishi); noun or participle which takes the aux. verb suru; transitive verb; intransitive verb,study-work-and-communication,jmdict-waller,JMdict:1199000;waller-n2.csv:line-233,Community estimate: Waller via stephenmk; not an official JLPT word list
ja-n2-00233,海水浴,かいすいよく,1. swimming in the ocean; sea bathing; seawater bath; going for a dip in the ocean,noun (common) (futsuumeishi),home-and-daily-life,jmdict-waller,JMdict:1201520;waller-n2.csv:line-234,Community estimate: Waller via stephenmk; not an official JLPT word list
ja-n2-00234,回数,かいすう,1. number of times; frequency; count,noun (common) (futsuumeishi),time-and-quantity,jmdict-waller,JMdict:1199510;waller-n2.csv:line-235,Community estimate: Waller via stephenmk; not an official JLPT word list
ja-n2-00235,回数券,かいすうけん,1. coupon tickets; discount tickets; book of tickets,noun (common) (futsuumeishi),study-work-and-communication,jmdict-waller,JMdict:1199520;waller-n2.csv:line-236,Community estimate: Waller via stephenmk; not an official JLPT word list
ja-n2-00236,改正,かいせい,1. revision; amendment; alteration,noun (common) (futsuumeishi); noun or participle which takes the aux. verb suru; transitive verb; nouns which may take the genitive case particle 'no',general-language,jmdict-waller,JMdict:1200930;waller-n2.csv:line-237,Community estimate: Waller via stephenmk; not an official JLPT word list
ja-n2-00237,快晴,かいせい,1. clear weather; cloudless weather; good weather,noun (common) (futsuumeishi); nouns which may take the genitive case particle 'no',nature-and-science,jmdict-waller,JMdict:1200060;waller-n2.csv:line-238,Community estimate: Waller via stephenmk; not an official JLPT word list
ja-n2-00238,解説,かいせつ,1. explanation; commentary; exposition; elucidation,noun (common) (futsuumeishi); noun or participle which takes the aux. verb suru; transitive verb,general-language,jmdict-waller,JMdict:1199080;waller-n2.csv:line-239,Community estimate: Waller via stephenmk; not an official JLPT word list
ja-n2-00239,改造,かいぞう,1. remodeling; remodelling; reconstruction; conversion; alteration; renovation; modification; reshuffling (e.g. a cabinet); reorganization; restructuring | 2. modding [computing],noun (common) (futsuumeishi); noun or participle which takes the aux. verb suru; transitive verb,general-language,jmdict-waller,JMdict:1201000;waller-n2.csv:line-240,Community estimate: Waller via stephenmk; not an official JLPT word list
ja-n2-00240,開通,かいつう,"1. opening (of a new road, railway, etc.); going into operation (e.g. telephone communication); beginning services | 2. reopening (e.g. of a road to traffic); resumption of services",noun (common) (futsuumeishi); noun or participle which takes the aux. verb suru; intransitive verb,travel-and-places,jmdict-waller,JMdict:1202850;waller-n2.csv:line-241,Community estimate: Waller via stephenmk; not an official JLPT word list
ja-n2-00241,回転,かいてん,"1. rotation; revolution; turn; spin | 2. working (e.g. of one's mind); function | 3. turnover (of goods, funds, etc.); circulation; flow (of customers) | 4. rotation; curl [mathematics] | 5. slalom [skiing; abbreviation]",noun (common) (futsuumeishi); noun or participle which takes the aux. verb suru; intransitive verb,general-language,jmdict-waller,JMdict:1199640;waller-n2.csv:line-242,Community estimate: Waller via stephenmk; not an official JLPT word list
ja-n2-00242,解答,かいとう,1. answer; solution,noun (common) (futsuumeishi); noun or participle which takes the aux. verb suru; intransitive verb,general-language,jmdict-waller,JMdict:1199160;waller-n2.csv:line-243,Community estimate: Waller via stephenmk; not an official JLPT word list
ja-n2-00243,回答,かいとう,1. reply; answer,noun (common) (futsuumeishi); noun or participle which takes the aux. verb suru; transitive verb; intransitive verb,general-language,jmdict-waller,JMdict:1199680;waller-n2.csv:line-244,Community estimate: Waller via stephenmk; not an official JLPT word list
ja-n2-00244,外部,がいぶ,"1. outside (e.g. of a building); exterior | 2. outside (of a group, company, etc.); outside world",noun (common) (futsuumeishi); nouns which may take the genitive case particle 'no',general-language,jmdict-waller,JMdict:1204070;waller-n2.csv:line-245,Community estimate: Waller via stephenmk; not an official JLPT word list
ja-n2-00245,解放,かいほう,1. release; unleashing; liberation; emancipation; setting free | 2. deallocation (of computer memory) [computing],noun (common) (futsuumeishi); noun or participle which takes the aux. verb suru; transitive verb,general-language,jmdict-waller,JMdict:1199250;waller-n2.csv:line-246,Community estimate: Waller via stephenmk; not an official JLPT word list
ja-n2-00246,開放,かいほう,"1. opening (a door, window, etc.); leaving open | 2. opening up (e.g. to the public); allowing (public) access",noun (common) (futsuumeishi); noun or participle which takes the aux. verb suru; transitive verb,home-and-daily-life,jmdict-waller,JMdict:1202950;waller-n2.csv:line-247,Community estimate: Waller via stephenmk; not an official JLPT word list
ja-n2-00247,海洋,かいよう,1. ocean; sea,noun (common) (futsuumeishi),nature-and-science,jmdict-waller,JMdict:1201790;waller-n2.csv:line-248,Community estimate: Waller via stephenmk; not an official JLPT word list
ja-n2-00248,概論,がいろん,1. introduction; outline; general remarks,noun (common) (futsuumeishi); noun or participle which takes the aux. verb suru; transitive verb,general-language,jmdict-waller,JMdict:1204520;waller-n2.csv:line-249,Community estimate: Waller via stephenmk; not an official JLPT word list
ja-n2-00249,帰す,かえす,1. to send (someone) back; to send (someone) home,Godan verb with 'su' ending; transitive verb,home-and-daily-life,jmdict-waller,JMdict:1221240;waller-n2.csv:line-250,Community estimate: Waller via stephenmk; not an official JLPT word list
ja-n2-00250,却って,かえって,1. on the contrary; rather; instead; all the more [word usually written using kana alone],adverb (fukushi),general-language,jmdict-waller,JMdict:1226610;waller-n2.csv:line-251,Community estimate: Waller via stephenmk; not an official JLPT word list
ja-n2-00252,反る,かえる,1. to return; to come back; to go back | 2. to turn over | 3. to become extremely; to become completely,Godan verb with 'ru' ending; intransitive verb; suffix,general-language,jmdict-waller,JMdict:1512150;waller-n2.csv:line-253,Community estimate: Waller via stephenmk; not an official JLPT word list
ja-n2-00253,家屋,かおく,1. house; building,noun (common) (futsuumeishi),home-and-daily-life,jmdict-waller,JMdict:1191780;waller-n2.csv:line-254,Community estimate: Waller via stephenmk; not an official JLPT word list
ja-n2-00254,係わる,かかわる,1. to be involved (in); to get involved (in); to concern oneself (with); to take part (in); to interfere (in) | 2. to relate to (a matter); to pertain to; to concern; to have to do with | 3. to (seriously) affect; to concern; to have a serious bearing (on),Godan verb with 'ru' ending; intransitive verb,general-language,jmdict-waller,JMdict:1589880;waller-n2.csv:line-255,Community estimate: Waller via stephenmk; not an official JLPT word list
ja-n2-00255,書留,かきとめ,1. registered mail; registered post; registration (of mail) [abbreviation] | 2. (putting on) record; writing down; noting down; registry,noun (common) (futsuumeishi); nouns which may take the genitive case particle 'no',general-language,jmdict-waller,JMdict:1589960;waller-n2.csv:line-256,Community estimate: Waller via stephenmk; not an official JLPT word list
ja-n2-00256,書取,かきとり,1. writing down from other written material; writing kanji text from hiragana | 2. transcription (of spoken material); dictation,noun (common) (futsuumeishi),general-language,jmdict-waller,JMdict:1589970;waller-n2.csv:line-257,Community estimate: Waller via stephenmk; not an official JLPT word list
ja-n2-00257,垣根,かきね,1. hedge; fence | 2. border; limit,noun (common) (futsuumeishi),general-language,jmdict-waller,JMdict:1204800;waller-n2.csv:line-258,Community estimate: Waller via stephenmk; not an official JLPT word list
ja-n2-00258,掻く,かく,1. to scratch [word usually written using kana alone] | 2. to perspire [word usually written using kana alone] | 3. to shovel; to paddle [word usually written using kana alone],Godan verb with 'ku' ending; transitive verb,general-language,jmdict-waller,JMdict:1399970;waller-n2.csv:line-259,Community estimate: Waller via stephenmk; not an official JLPT word list
ja-n2-00259,嗅ぐ,かぐ,1. to sniff; to smell,Godan verb with 'gu' ending; transitive verb,general-language,jmdict-waller,JMdict:1565480;waller-n2.csv:line-260,Community estimate: Waller via stephenmk; not an official JLPT word list
ja-n2-00260,架空,かくう,1. fictitious; imaginary; fanciful; fabricated | 2. aerial; overhead,nouns which may take the genitive case particle 'no'; noun (common) (futsuumeishi); noun or verb acting prenominally,general-language,jmdict-waller,JMdict:1193130;waller-n2.csv:line-261,Community estimate: Waller via stephenmk; not an official JLPT word list
ja-n2-00261,各自,かくじ,1. each (person); everyone; individual; respective,noun (common) (futsuumeishi); adverb (fukushi),people-and-relationships,jmdict-waller,JMdict:1205010;waller-n2.csv:line-262,Community estimate: Waller via stephenmk; not an official JLPT word list
ja-n2-00262,拡充,かくじゅう,1. expansion,noun (common) (futsuumeishi); noun or participle which takes the aux. verb suru; transitive verb,general-language,jmdict-waller,JMdict:1205190;waller-n2.csv:line-263,Community estimate: Waller via stephenmk; not an official JLPT word list
ja-n2-00263,学術,がくじゅつ,1. science; learning; scholarship; arts and sciences; academic pursuits,noun (common) (futsuumeishi),nature-and-science,jmdict-waller,JMdict:1206870;waller-n2.csv:line-264,Community estimate: Waller via stephenmk; not an official JLPT word list
ja-n2-00264,各地,かくち,"1. each place; every place; various places; all parts (of the country, world, etc.)",noun (common) (futsuumeishi),travel-and-places,jmdict-waller,JMdict:1205100;waller-n2.csv:line-265,Community estimate: Waller via stephenmk; not an official JLPT word list
ja-n2-00265,拡張,かくちょう,1. expansion; extension; enlargement | 2. escape; ESC [computing],noun (common) (futsuumeishi); noun or participle which takes the aux. verb suru; transitive verb,general-language,jmdict-waller,JMdict:1205220;waller-n2.csv:line-266,Community estimate: Waller via stephenmk; not an official JLPT word list
ja-n2-00266,角度,かくど,1. angle,noun (common) (futsuumeishi); nouns which may take the genitive case particle 'no',general-language,jmdict-waller,JMdict:1206190;waller-n2.csv:line-267,Community estimate: Waller via stephenmk; not an official JLPT word list
ja-n2-00267,学年,がくねん,1. academic year; school year | 2. year in school; grade in school,noun (common) (futsuumeishi),time-and-quantity,jmdict-waller,JMdict:1207030;waller-n2.csv:line-268,Community estimate: Waller via stephenmk; not an official JLPT word list
ja-n2-00268,学部,がくぶ,1. faculty (of a university); school; college; department,noun (common) (futsuumeishi),study-work-and-communication,jmdict-waller,JMdict:1207080;waller-n2.csv:line-269,Community estimate: Waller via stephenmk; not an official JLPT word list
ja-n2-00269,格別,かくべつ,1. particular; special; exceptional; especial | 2. particularly; especially; exceptionally,nouns which may take the genitive case particle 'no'; adjectival nouns or quasi-adjectives (keiyodoshi); noun (common) (futsuumeishi); adverb (fukushi),general-language,jmdict-waller,JMdict:1205490;waller-n2.csv:line-270,Community estimate: Waller via stephenmk; not an official JLPT word list
ja-n2-00270,確率,かくりつ,1. probability; likelihood; chances,noun (common) (futsuumeishi),general-language,jmdict-waller,JMdict:1205950;waller-n2.csv:line-271,Community estimate: Waller via stephenmk; not an official JLPT word list
ja-n2-00271,学力,がくりょく,1. scholarly ability; scholarship; knowledge; literary ability,noun (common) (futsuumeishi),general-language,jmdict-waller,JMdict:1207180;waller-n2.csv:line-272,Community estimate: Waller via stephenmk; not an official JLPT word list
ja-n2-00272,掛け算,かけざん,1. multiplication [mathematics],noun (common) (futsuumeishi),general-language,jmdict-waller,JMdict:1590080;waller-n2.csv:line-273,Community estimate: Waller via stephenmk; not an official JLPT word list
ja-n2-00273,可決,かけつ,"1. approval; adoption (of a motion, bill, etc.); passage",noun (common) (futsuumeishi); noun or participle which takes the aux. verb suru; transitive verb,general-language,jmdict-waller,JMdict:1190810;waller-n2.csv:line-274,Community estimate: Waller via stephenmk; not an official JLPT word list
ja-n2-00274,火口,かこう,1. (volcanic) crater; caldera [geology] | 2. burner (of a boiler),noun (common) (futsuumeishi),general-language,jmdict-waller,JMdict:1193860;waller-n2.csv:line-275,Community estimate: Waller via stephenmk; not an official JLPT word list
ja-n2-00275,下降,かこう,1. descent; fall; drop; decline; downturn; subsidence,noun (common) (futsuumeishi); noun or participle which takes the aux. verb suru; intransitive verb,general-language,jmdict-waller,JMdict:1184940;waller-n2.csv:line-276,Community estimate: Waller via stephenmk; not an official JLPT word list
ja-n2-00276,重なる,かさなる,1. to be piled up; to lie on top of one another | 2. to come one after another; to happen over and over; to pile up (e.g. stress); to accumulate | 3. to overlap (each other); to occur at the same time; to happen simultaneously,Godan verb with 'ru' ending; intransitive verb,general-language,jmdict-waller,JMdict:1335800;waller-n2.csv:line-277,Community estimate: Waller via stephenmk; not an official JLPT word list
ja-n2-00277,重ねる,かさねる,1. to pile up; to heap up; to stack up; to put on top of another | 2. to repeat many times over; to go through repeatedly; to accumulate,Ichidan verb; transitive verb,general-language,jmdict-waller,JMdict:1335830;waller-n2.csv:line-278,Community estimate: Waller via stephenmk; not an official JLPT word list
ja-n2-00278,飾り,かざり,1. decoration; ornament; trimmings,"noun (common) (futsuumeishi); noun, used as a suffix",general-language,jmdict-waller,JMdict:1357160;waller-n2.csv:line-279,Community estimate: Waller via stephenmk; not an official JLPT word list
ja-n2-00279,火山,かざん,1. volcano,noun (common) (futsuumeishi); nouns which may take the genitive case particle 'no',general-language,jmdict-waller,JMdict:1193910;waller-n2.csv:line-280,Community estimate: Waller via stephenmk; not an official JLPT word list
ja-n2-00280,かしこまりました,かしこまりました,"1. certainly!; very well; with pleasure; understood! [polite (teineigo) language; word usually written using kana alone] (in response to a request or instructions from a superior, customer, etc.)","expressions (phrases, clauses, etc.)",study-work-and-communication,jmdict-waller,JMdict:1002790;waller-n2.csv:line-281,Community estimate: Waller via stephenmk; not an official JLPT word list
ja-n2-00281,貸し出し,かしだし,1. lending; loaning,noun (common) (futsuumeishi); noun or participle which takes the aux. verb suru,general-language,jmdict-waller,JMdict:1590240;waller-n2.csv:line-282,Community estimate: Waller via stephenmk; not an official JLPT word list
ja-n2-00282,過失,かしつ,1. accident (caused by negligence); error; blunder | 2. fault; defect,noun (common) (futsuumeishi),general-language,jmdict-waller,JMdict:1196120;waller-n2.csv:line-283,Community estimate: Waller via stephenmk; not an official JLPT word list
ja-n2-00283,果実,かじつ,1. fruit; nut; berry | 2. fruits; profit [law],noun (common) (futsuumeishi),food-and-dining,jmdict-waller,JMdict:1192940;waller-n2.csv:line-284,Community estimate: Waller via stephenmk; not an official JLPT word list
ja-n2-00284,貸間,かしま,1. room to let; room for rent,noun (common) (futsuumeishi),home-and-daily-life,jmdict-waller,JMdict:1609530;waller-n2.csv:line-285,Community estimate: Waller via stephenmk; not an official JLPT word list
ja-n2-00285,貸家,かしや,1. house for rent,noun (common) (futsuumeishi),home-and-daily-life,jmdict-waller,JMdict:1411170;waller-n2.csv:line-286,Community estimate: Waller via stephenmk; not an official JLPT word list
ja-n2-00286,個所,かしょ,"1. place; point; part; spot; area; passage; portion | 2. counter for places, parts, passages, etc.",noun (common) (futsuumeishi); counter,travel-and-places,jmdict-waller,JMdict:1590250;waller-n2.csv:line-287,Community estimate: Waller via stephenmk; not an official JLPT word list
ja-n2-00287,過剰,かじょう,1. excess; surplus; superabundance; overabundance,noun (common) (futsuumeishi); adjectival nouns or quasi-adjectives (keiyodoshi),general-language,jmdict-waller,JMdict:1196170;waller-n2.csv:line-288,Community estimate: Waller via stephenmk; not an official JLPT word list
ja-n2-00288,かじる,かじる,1. to gnaw; to nibble; to bite; to munch; to crunch [word usually written using kana alone] | 2. to dabble in; to know a little bit about; to learn a little of; to have a smattering of [word usually written using kana alone],Godan verb with 'ru' ending; transitive verb,general-language,jmdict-waller,JMdict:1610640;waller-n2.csv:line-289,Community estimate: Waller via stephenmk; not an official JLPT word list
ja-n2-00289,課税,かぜい,1. taxation,noun (common) (futsuumeishi); noun or participle which takes the aux. verb suru; intransitive verb,general-language,jmdict-waller,JMdict:1195790;waller-n2.csv:line-290,Community estimate: Waller via stephenmk; not an official JLPT word list
ja-n2-00290,下線,かせん,1. underline; underscore,noun (common) (futsuumeishi),general-language,jmdict-waller,JMdict:1185640;waller-n2.csv:line-291,Community estimate: Waller via stephenmk; not an official JLPT word list
ja-n2-00291,カセット,カセット,1. cassette (tape) | 2. game cartridge,noun (common) (futsuumeishi),general-language,jmdict-waller,JMdict:1037400;waller-n2.csv:line-292,Community estimate: Waller via stephenmk; not an official JLPT word list
ja-n2-00292,加速,かそく,1. acceleration; speeding up,noun (common) (futsuumeishi); noun or participle which takes the aux. verb suru; transitive verb; intransitive verb,general-language,jmdict-waller,JMdict:1190370;waller-n2.csv:line-293,Community estimate: Waller via stephenmk; not an official JLPT word list
ja-n2-00293,加速度,かそくど,1. acceleration,noun (common) (futsuumeishi),general-language,jmdict-waller,JMdict:1190390;waller-n2.csv:line-294,Community estimate: Waller via stephenmk; not an official JLPT word list
ja-n2-00294,片仮名,かたかな,1. katakana; angular Japanese syllabary used primarily for loanwords [word usually written using kana alone],noun (common) (futsuumeishi),general-language,jmdict-waller,JMdict:1511600;waller-n2.csv:line-295,Community estimate: Waller via stephenmk; not an official JLPT word list
ja-n2-00295,片付く,かたづく,1. to be put in order; to be put to rights | 2. to be disposed of; to be solved | 3. to be finished | 4. to be married (off),Godan verb with 'ku' ending; intransitive verb,general-language,jmdict-waller,JMdict:1511770;waller-n2.csv:line-296,Community estimate: Waller via stephenmk; not an official JLPT word list
ja-n2-00296,塊,かたまり,"1. lump; mass; bundle; clump; clod; cluster | 2. group; crowd | 3. embodiment (of an idea, quality, feeling etc.); personification",noun (common) (futsuumeishi),general-language,jmdict-waller,JMdict:1590410;waller-n2.csv:line-297,Community estimate: Waller via stephenmk; not an official JLPT word list
ja-n2-00297,固まる,かたまる,1. to harden; to solidify | 2. to become firm; to become certain | 3. to gather (together); to assemble; to huddle together | 4. to freeze; to hang; to stop responding [computing],Godan verb with 'ru' ending; intransitive verb,general-language,jmdict-waller,JMdict:1266550;waller-n2.csv:line-298,Community estimate: Waller via stephenmk; not an official JLPT word list
ja-n2-00298,片道,かたみち,1. one-way (trip) | 2. one-way ticket [abbreviation],noun (common) (futsuumeishi); nouns which may take the genitive case particle 'no',general-language,jmdict-waller,JMdict:1511760;waller-n2.csv:line-299,Community estimate: Waller via stephenmk; not an official JLPT word list
ja-n2-00299,傾く,かたむく,"1. to incline toward; to slant; to lurch; to heel over; to be disposed to; to trend toward; to be prone to | 2. to go down (sun, moon); to sink | 3. to decline; to wane; to ebb; to fall away | 4. to tend (towards); to be inclined (to); to come around to (opinion, etc.)",Godan verb with 'ku' ending; intransitive verb,general-language,jmdict-waller,JMdict:1578210;waller-n2.csv:line-300,Community estimate: Waller via stephenmk; not an official JLPT word list
ja-n2-00300,片寄る,かたよる,1. to lean (to one side); to incline | 2. to be unbalanced (e.g. diet); to be unduly weighted towards; to be concentrated on | 3. to be partial; to be biased; to be prejudiced,Godan verb with 'ru' ending; intransitive verb,general-language,jmdict-waller,JMdict:1590420;waller-n2.csv:line-301,Community estimate: Waller via stephenmk; not an official JLPT word list
ja-n2-00301,学科,がっか,1. subject (of study); course of study | 2. department (of a university),noun (common) (futsuumeishi),study-work-and-communication,jmdict-waller,JMdict:1206590;waller-n2.csv:line-302,Community estimate: Waller via stephenmk; not an official JLPT word list
ja-n2-00302,学会,がっかい,1. learned society; scientific society; academy; academic meeting; academic conference,noun (common) (futsuumeishi),study-work-and-communication,jmdict-waller,JMdict:1206610;waller-n2.csv:line-303,Community estimate: Waller via stephenmk; not an official JLPT word list
ja-n2-00303,楽器,がっき,1. musical instrument,noun (common) (futsuumeishi); nouns which may take the genitive case particle 'no',general-language,jmdict-waller,JMdict:1207340;waller-n2.csv:line-304,Community estimate: Waller via stephenmk; not an official JLPT word list
ja-n2-00304,学級,がっきゅう,1. (school) class,noun (common) (futsuumeishi); nouns which may take the genitive case particle 'no',study-work-and-communication,jmdict-waller,JMdict:1206680;waller-n2.csv:line-305,Community estimate: Waller via stephenmk; not an official JLPT word list
ja-n2-00305,担ぐ,かつぐ,1. to shoulder; to carry on one's shoulder | 2. to nominate for a position; to choose as a representative | 3. to take (someone) for a ride; to deceive; to take in | 4. to be caught up in superstition,Godan verb with 'gu' ending; transitive verb,general-language,jmdict-waller,JMdict:1418140;waller-n2.csv:line-306,Community estimate: Waller via stephenmk; not an official JLPT word list
ja-n2-00306,括弧,かっこ,1. brackets; parentheses [word usually written using kana alone],noun (common) (futsuumeishi); noun or participle which takes the aux. verb suru; transitive verb,general-language,jmdict-waller,JMdict:1208240;waller-n2.csv:line-307,Community estimate: Waller via stephenmk; not an official JLPT word list
ja-n2-00307,活字,かつじ,1. (piece of) type; movable type; moveable type; printing type | 2. printed word; printed matter; print,noun (common) (futsuumeishi),general-language,jmdict-waller,JMdict:1208300;waller-n2.csv:line-308,Community estimate: Waller via stephenmk; not an official JLPT word list
ja-n2-00308,活躍,かつやく,1. activity (esp. energetic or successful); great efforts; active participation | 2. walking about with great vigor [obsolete term],noun (common) (futsuumeishi); noun or participle which takes the aux. verb suru; intransitive verb,general-language,jmdict-waller,JMdict:1208450;waller-n2.csv:line-309,Community estimate: Waller via stephenmk; not an official JLPT word list
ja-n2-00309,活力,かつりょく,1. vitality; energy; dynamism,noun (common) (futsuumeishi),nature-and-science,jmdict-waller,JMdict:1208480;waller-n2.csv:line-310,Community estimate: Waller via stephenmk; not an official JLPT word list
ja-n2-00310,仮定,かてい,1. assumption; supposition; hypothesis | 2. supposition [grammar],noun (common) (futsuumeishi); noun or participle which takes the aux. verb suru; transitive verb,general-language,jmdict-waller,JMdict:1187870;waller-n2.csv:line-311,Community estimate: Waller via stephenmk; not an official JLPT word list
ja-n2-00311,過程,かてい,1. process; course; mechanism,noun (common) (futsuumeishi),general-language,jmdict-waller,JMdict:1196270;waller-n2.csv:line-312,Community estimate: Waller via stephenmk; not an official JLPT word list
ja-n2-00312,課程,かてい,1. course; curriculum,noun (common) (futsuumeishi),general-language,jmdict-waller,JMdict:1195850;waller-n2.csv:line-313,Community estimate: Waller via stephenmk; not an official JLPT word list
ja-n2-00313,仮名,かな,1. kana; Japanese syllabaries (i.e. hiragana and katakana),noun (common) (futsuumeishi),general-language,jmdict-waller,JMdict:1590540;waller-n2.csv:line-314,Community estimate: Waller via stephenmk; not an official JLPT word list
ja-n2-00314,仮名遣い,かなづかい,1. kana orthography; syllabary spelling,noun (common) (futsuumeishi),general-language,jmdict-waller,JMdict:1188100;waller-n2.csv:line-315,Community estimate: Waller via stephenmk; not an official JLPT word list
ja-n2-00315,鐘,かね,1. bell (often a large hanging bell); chime,noun (common) (futsuumeishi),general-language,jmdict-waller,JMdict:1352030;waller-n2.csv:line-316,Community estimate: Waller via stephenmk; not an official JLPT word list
ja-n2-00316,加熱,かねつ,1. heating; application of heat,noun (common) (futsuumeishi); noun or participle which takes the aux. verb suru; transitive verb,general-language,jmdict-waller,JMdict:1190470;waller-n2.csv:line-317,Community estimate: Waller via stephenmk; not an official JLPT word list
ja-n2-00317,兼ねる,かねる,"1. to be unable to; to find difficult (unpleasant, awkward, painful) to do [word usually written using kana alone] (after the -masu stem of verb) | 2. to serve two or more functions or roles simultaneously; to contain (or combine) two or more features | 3. to work in two or more jobs simultaneously (positions, etc.); to do alongside | 4. to hesitate to do something (out of consideration for others) | 5. to think of the future (as well as the present)",suffix; Ichidan verb; transitive verb,general-language,jmdict-waller,JMdict:1256520;waller-n2.csv:line-318,Community estimate: Waller via stephenmk; not an official JLPT word list
ja-n2-00318,カバー,カバー,1. cover; covering; dust jacket; wrapper | 2. covering (a song); cover; cover version | 3. coverage | 4. to cover (a loss); to offset; to compensate for (e.g. a weakness); to make up for; to cover for (someone),noun (common) (futsuumeishi); noun or participle which takes the aux. verb suru; transitive verb,general-language,jmdict-waller,JMdict:1037960;waller-n2.csv:line-319,Community estimate: Waller via stephenmk; not an official JLPT word list
ja-n2-00319,過半数,かはんすう,1. majority,noun (common) (futsuumeishi),general-language,jmdict-waller,JMdict:1196380;waller-n2.csv:line-320,Community estimate: Waller via stephenmk; not an official JLPT word list
ja-n2-00320,被せる,かぶせる,1. to cover (with something) [word usually written using kana alone] | 2. to put on (e.g. someone's head) [word usually written using kana alone] | 3. to pour liquid (on something); to dash liquid (over something) [word usually written using kana alone] | 4. to plate (something) with metal; to cover (with a dental crown) [word usually written using kana alone] | 5. to add (e.g. music to a video); to include (into something) [word usually written using kana alone] | 6. to speak (over someone else) [word usually written using kana alone] | 7. to put the blame (on someone); to place the responsibility (on someone) [word usually written using kana alone],Ichidan verb; transitive verb,general-language,jmdict-waller,JMdict:1484320;waller-n2.csv:line-321,Community estimate: Waller via stephenmk; not an official JLPT word list
ja-n2-00321,釜,かま,1. iron pot; kettle,noun (common) (futsuumeishi),general-language,jmdict-waller,JMdict:1209080;waller-n2.csv:line-322,Community estimate: Waller via stephenmk; not an official JLPT word list
ja-n2-00322,紙屑,かみくず,1. wastepaper; scrap of paper; paper scraps,noun (common) (futsuumeishi),general-language,jmdict-waller,JMdict:1609610;waller-n2.csv:line-323,Community estimate: Waller via stephenmk; not an official JLPT word list
ja-n2-00323,神様,かみさま,1. God; god; deity; divinity; spirit; kami [honorific or respectful (sonkeigo) language] | 2. ace; king; superior person; god (amongst men),noun (common) (futsuumeishi),study-work-and-communication,jmdict-waller,JMdict:1364920;waller-n2.csv:line-324,Community estimate: Waller via stephenmk; not an official JLPT word list
ja-n2-00324,剃刀,かみそり,1. razor [word usually written using kana alone],noun (common) (futsuumeishi),general-language,jmdict-waller,JMdict:1435180;waller-n2.csv:line-325,Community estimate: Waller via stephenmk; not an official JLPT word list
ja-n2-00325,ガム,ガム,1. chewing gum [abbreviation] | 2. gum; rubber,noun (common) (futsuumeishi),general-language,jmdict-waller,JMdict:1040350;waller-n2.csv:line-326,Community estimate: Waller via stephenmk; not an official JLPT word list
ja-n2-00326,貨物,かもつ,1. cargo; freight | 2. money or assets,noun (common) (futsuumeishi),general-language,jmdict-waller,JMdict:1195890;waller-n2.csv:line-327,Community estimate: Waller via stephenmk; not an official JLPT word list
ja-n2-00327,かゆい,かゆい,1. itchy [word usually written using kana alone],adjective (keiyoushi),general-language,jmdict-waller,JMdict:1569570;waller-n2.csv:line-328,Community estimate: Waller via stephenmk; not an official JLPT word list
ja-n2-00328,歌謡,かよう,1. song; ballad,noun (common) (futsuumeishi),general-language,jmdict-waller,JMdict:1193450;waller-n2.csv:line-329,Community estimate: Waller via stephenmk; not an official JLPT word list
ja-n2-00329,殻,から,1. shell; husk; hull; pod; chaff,noun (common) (futsuumeishi),general-language,jmdict-waller,JMdict:1205740;waller-n2.csv:line-330,Community estimate: Waller via stephenmk; not an official JLPT word list
ja-n2-00330,カラー,カラー,1. color; colour | 2. color; character; characteristics; atmosphere | 3. coloring (one's hair); dyeing,noun (common) (futsuumeishi); noun or participle which takes the aux. verb suru; transitive verb,general-language,jmdict-waller,JMdict:1038500;waller-n2.csv:line-331,Community estimate: Waller via stephenmk; not an official JLPT word list
ja-n2-00331,からかう,からかう,1. to tease; to make fun of; to poke fun at; to make a crack about; to chaff; to kid; to joke; to banter; to pull someone's leg [word usually written using kana alone],Godan verb with 'u' ending; transitive verb,general-language,jmdict-waller,JMdict:1567650;waller-n2.csv:line-332,Community estimate: Waller via stephenmk; not an official JLPT word list
ja-n2-00332,空っぽ,からっぽ,1. empty; vacant; hollow,nouns which may take the genitive case particle 'no'; adjectival nouns or quasi-adjectives (keiyodoshi); noun (common) (futsuumeishi),general-language,jmdict-waller,JMdict:1245380;waller-n2.csv:line-333,Community estimate: Waller via stephenmk; not an official JLPT word list
ja-n2-00333,かるた,かるた,"1. karuta; traditional Japanese playing cards, esp. hyakunin isshu karuta or iroha karuta [word usually written using kana alone]",noun (common) (futsuumeishi),general-language,jmdict-waller,JMdict:1590710;waller-n2.csv:line-334,Community estimate: Waller via stephenmk; not an official JLPT word list
ja-n2-00334,枯れる,かれる,"1. to wither (of a plant); to be blasted; to die | 2. to mature (of one's personality, abilities, etc.)",Ichidan verb; intransitive verb,nature-and-science,jmdict-waller,JMdict:1267220;waller-n2.csv:line-335,Community estimate: Waller via stephenmk; not an official JLPT word list
ja-n2-00335,カロリー,カロリー,1. calorie,noun (common) (futsuumeishi),general-language,jmdict-waller,JMdict:1039300;waller-n2.csv:line-336,Community estimate: Waller via stephenmk; not an official JLPT word list
ja-n2-00336,かわいがる,かわいがる,1. to be affectionate to; to treat tenderly; to dote on; to show one's love (for); to cherish | 2. to show favouritism to; to be partial to | 3. to fondle; to caress; to pet | 4. to be tough on; to be rough with; to torment; to train harshly [colloquial],Godan verb with 'ru' ending; transitive verb,general-language,jmdict-waller,JMdict:1190730;waller-n2.csv:line-337,Community estimate: Waller via stephenmk; not an official JLPT word list
ja-n2-00337,乾かす,かわかす,"1. to dry (clothes, etc.); to desiccate",Godan verb with 'su' ending; transitive verb,home-and-daily-life,jmdict-waller,JMdict:1209630;waller-n2.csv:line-338,Community estimate: Waller via stephenmk; not an official JLPT word list
ja-n2-00338,渇く,かわく,1. to be thirsty; to feel thirsty | 2. to thirst for; to crave,Godan verb with 'ku' ending; intransitive verb,general-language,jmdict-waller,JMdict:1208520;waller-n2.csv:line-339,Community estimate: Waller via stephenmk; not an official JLPT word list
ja-n2-00339,為替,かわせ,1. money order; draft | 2. exchange (e.g. foreign),noun (common) (futsuumeishi),society-and-economy,jmdict-waller,JMdict:1157330;waller-n2.csv:line-340,Community estimate: Waller via stephenmk; not an official JLPT word list
ja-n2-00340,瓦,かわら,1. tile (e.g. roof),noun (common) (futsuumeishi),general-language,jmdict-waller,JMdict:1209580;waller-n2.csv:line-341,Community estimate: Waller via stephenmk; not an official JLPT word list
ja-n2-00341,代る,かわる,1. to succeed; to relieve; to replace | 2. to take the place of; to substitute for; to take over for; to represent; to hand over (telephone) | 3. to be exchanged; to change (places with); to switch,Godan verb with 'ru' ending; intransitive verb,general-language,jmdict-waller,JMdict:1590820;waller-n2.csv:line-342,Community estimate: Waller via stephenmk; not an official JLPT word list
ja-n2-00342,間隔,かんかく,1. space; interval | 2. space character; whitespace [computing],noun (common) (futsuumeishi),general-language,jmdict-waller,JMdict:1215380;waller-n2.csv:line-343,Community estimate: Waller via stephenmk; not an official JLPT word list
ja-n2-00343,換気,かんき,1. ventilation,noun (common) (futsuumeishi); noun or participle which takes the aux. verb suru; intransitive verb,general-language,jmdict-waller,JMdict:1212780;waller-n2.csv:line-344,Community estimate: Waller via stephenmk; not an official JLPT word list
ja-n2-00344,感激,かんげき,1. deep emotion; impression; inspiration,noun (common) (futsuumeishi); noun or participle which takes the aux. verb suru; intransitive verb,thought-and-feeling,jmdict-waller,JMdict:1212360;waller-n2.csv:line-345,Community estimate: Waller via stephenmk; not an official JLPT word list
ja-n2-00345,関西,かんさい,"1. Kansai (region comprising Kyoto, Osaka, Kobe and surrounding prefectures) | 2. Kansai (western half of Japan; during the feudal era) [historical term]",noun (common) (futsuumeishi),general-language,jmdict-waller,JMdict:1215910;waller-n2.csv:line-346,Community estimate: Waller via stephenmk; not an official JLPT word list
ja-n2-00346,鑑賞,かんしょう,"1. appreciation (of art, music, poetry, etc.)",noun (common) (futsuumeishi); noun or participle which takes the aux. verb suru; transitive verb,general-language,jmdict-waller,JMdict:1215200;waller-n2.csv:line-347,Community estimate: Waller via stephenmk; not an official JLPT word list
ja-n2-00347,感ずる,かんずる,1. to feel; to sense; to experience | 2. to be moved (by); to be touched (by); to be impressed (by); to respond (to) | 3. to become infected with (an illness); to catch [dated term],Ichidan verb - zuru verb (alternative form of -jiru verbs); transitive verb; intransitive verb,general-language,jmdict-waller,JMdict:1609650;waller-n2.csv:line-348,Community estimate: Waller via stephenmk; not an official JLPT word list
ja-n2-00348,間接,かんせつ,1. indirection; indirectness,noun (common) (futsuumeishi); nouns which may take the genitive case particle 'no',general-language,jmdict-waller,JMdict:1215520;waller-n2.csv:line-349,Community estimate: Waller via stephenmk; not an official JLPT word list
ja-n2-00349,乾燥,かんそう,1. dryness; aridity; drying (e.g. clothes); dehydration; desiccation | 2. insipidity,noun (common) (futsuumeishi); noun or participle which takes the aux. verb suru; transitive verb; intransitive verb; adjectival nouns or quasi-adjectives (keiyodoshi),home-and-daily-life,jmdict-waller,JMdict:1209920;waller-n2.csv:line-350,Community estimate: Waller via stephenmk; not an official JLPT word list
ja-n2-00350,感想,かんそう,1. impressions; thoughts; feelings; reactions,noun (common) (futsuumeishi),general-language,jmdict-waller,JMdict:1212480;waller-n2.csv:line-351,Community estimate: Waller via stephenmk; not an official JLPT word list
ja-n2-00351,観測,かんそく,1. observation; survey; measurement | 2. opinion; prediction; thinking,noun (common) (futsuumeishi); noun or participle which takes the aux. verb suru; transitive verb,general-language,jmdict-waller,JMdict:1214980;waller-n2.csv:line-352,Community estimate: Waller via stephenmk; not an official JLPT word list
ja-n2-00352,寒帯,かんたい,1. frigid zone,noun (common) (futsuumeishi),general-language,jmdict-waller,JMdict:1210460;waller-n2.csv:line-353,Community estimate: Waller via stephenmk; not an official JLPT word list
ja-n2-00353,官庁,かんちょう,1. government office; government agency; authorities,noun (common) (futsuumeishi),society-and-economy,jmdict-waller,JMdict:1211730;waller-n2.csv:line-354,Community estimate: Waller via stephenmk; not an official JLPT word list
ja-n2-00354,勘違い,かんちがい,1. misunderstanding; mistaken idea; wrong guess,noun (common) (futsuumeishi); noun or participle which takes the aux. verb suru; intransitive verb,thought-and-feeling,jmdict-waller,JMdict:1210620;waller-n2.csv:line-355,Community estimate: Waller via stephenmk; not an official JLPT word list
ja-n2-00355,缶詰,かんづめ,1. canned food; tinned food | 2. confining someone (e.g. so they can concentrate on work) | 3. being stuck in a confined space,noun (common) (futsuumeishi); nouns which may take the genitive case particle 'no',food-and-dining,jmdict-waller,JMdict:1214560;waller-n2.csv:line-356,Community estimate: Waller via stephenmk; not an official JLPT word list
ja-n2-00356,乾電池,かんでんち,1. dry cell battery,noun (common) (futsuumeishi),general-language,jmdict-waller,JMdict:1210100;waller-n2.csv:line-357,Community estimate: Waller via stephenmk; not an official JLPT word list
ja-n2-00357,関東,かんとう,1. Kantō (region comprising Tokyo and surrounding prefectures) | 2. Kantō (eastern half of Japan; during the feudal era) [historical term],noun (common) (futsuumeishi),general-language,jmdict-waller,JMdict:1216010;waller-n2.csv:line-358,Community estimate: Waller via stephenmk; not an official JLPT word list
ja-n2-00358,観念,かんねん,1. idea; notion; concept; conception | 2. sense (e.g. of duty) | 3. resignation (to one's fate); acceptance; preparedness | 4. observation and contemplation; meditation [Buddhism],noun (common) (futsuumeishi); noun or participle which takes the aux. verb suru; transitive verb,thought-and-feeling,jmdict-waller,JMdict:1215010;waller-n2.csv:line-359,Community estimate: Waller via stephenmk; not an official JLPT word list
ja-n2-00359,乾杯,かんぱい,1. cheers; bottoms-up; prosit | 2. toast; drink (in honor or celebration of someone or something) | 3. drinking one's glass dry,interjection (kandoushi); noun (common) (futsuumeishi); noun or participle which takes the aux. verb suru; intransitive verb,general-language,jmdict-waller,JMdict:1590950;waller-n2.csv:line-360,Community estimate: Waller via stephenmk; not an official JLPT word list
ja-n2-00360,看板,かんばん,"1. signboard; sign; billboard; hoarding; doorplate | 2. draw; attraction; feature; highlight; spokesman; figurehead | 3. reputation (of a shop); name | 4. appearance; look; show | 5. closing (for the day, esp. of a restaurant or bar); closing time",noun (common) (futsuumeishi),general-language,jmdict-waller,JMdict:1213990;waller-n2.csv:line-361,Community estimate: Waller via stephenmk; not an official JLPT word list
ja-n2-00361,看病,かんびょう,1. nursing (a patient),noun (common) (futsuumeishi); noun or participle which takes the aux. verb suru; transitive verb,general-language,jmdict-waller,JMdict:1214030;waller-n2.csv:line-362,Community estimate: Waller via stephenmk; not an official JLPT word list
ja-n2-00362,冠,かんむり,"1. traditional cap worn by Shinto clergy and courtiers | 2. crown; diadem; coronet | 3. top kanji radical | 4. name; title; named sponsorship of a program, event, team, etc.",noun (common) (futsuumeishi),general-language,jmdict-waller,JMdict:1577620;waller-n2.csv:line-363,Community estimate: Waller via stephenmk; not an official JLPT word list
ja-n2-00363,漢和,かんわ,1. China and Japan | 2. Chinese and Japanese (languages) | 3. dictionary with Japanese definitions of kanji and kanji compounds; kanji dictionary [abbreviation],noun (common) (futsuumeishi),general-language,jmdict-waller,JMdict:1213260;waller-n2.csv:line-364,Community estimate: Waller via stephenmk; not an official JLPT word list
ja-n2-00364,気圧,きあつ,1. atmospheric pressure; air pressure | 2. atmosphere (unit of pressure) [physics],noun (common) (futsuumeishi),general-language,jmdict-waller,JMdict:1221880;waller-n2.csv:line-365,Community estimate: Waller via stephenmk; not an official JLPT word list
ja-n2-00366,着替え,きがえ,1. changing clothes; change of clothes,noun (common) (futsuumeishi); noun or participle which takes the aux. verb suru; intransitive verb,home-and-daily-life,jmdict-waller,JMdict:1423160;waller-n2.csv:line-367,Community estimate: Waller via stephenmk; not an official JLPT word list
ja-n2-00367,機関車,きかんしゃ,1. locomotive; engine,noun (common) (futsuumeishi),general-language,jmdict-waller,JMdict:1220880;waller-n2.csv:line-368,Community estimate: Waller via stephenmk; not an official JLPT word list
ja-n2-00368,飢饉,ききん,1. famine; crop failure | 2. chronic shortage (e.g. of water),noun (common) (futsuumeishi),general-language,jmdict-waller,JMdict:1591080;waller-n2.csv:line-369,Community estimate: Waller via stephenmk; not an official JLPT word list
ja-n2-00369,器具,きぐ,1. utensil; implement; tool; instrument; appliance; apparatus,noun (common) (futsuumeishi),general-language,jmdict-waller,JMdict:1218920;waller-n2.csv:line-370,Community estimate: Waller via stephenmk; not an official JLPT word list
ja-n2-00370,期限,きげん,1. term; period; time frame | 2. time limit; deadline; cutoff (date),noun (common) (futsuumeishi),time-and-quantity,jmdict-waller,JMdict:1220560;waller-n2.csv:line-371,Community estimate: Waller via stephenmk; not an official JLPT word list
ja-n2-00371,記号,きごう,1. sign; symbol; mark,noun (common) (futsuumeishi),general-language,jmdict-waller,JMdict:1223210;waller-n2.csv:line-372,Community estimate: Waller via stephenmk; not an official JLPT word list
ja-n2-00372,刻む,きざむ,1. to mince; to cut fine; to chop up; to hash; to shred | 2. to carve; to engrave; to chisel; to notch | 3. to tick away (time); to beat out (e.g. rhythm); to record the passing moments | 4. to etch (into one's mind); to remember distinctly | 5. to have tattooed [archaic] | 6. to torment [archaic] | 7. to lay up; to play a conservative shot [golf],Godan verb with 'mu' ending; transitive verb,general-language,jmdict-waller,JMdict:1285890;waller-n2.csv:line-373,Community estimate: Waller via stephenmk; not an official JLPT word list
ja-n2-00373,儀式,ぎしき,1. ceremony; rite; ritual; service,noun (common) (futsuumeishi),general-language,jmdict-waller,JMdict:1224700;waller-n2.csv:line-374,Community estimate: Waller via stephenmk; not an official JLPT word list
ja-n2-00374,基準,きじゅん,1. standard; criterion; norm; benchmark; measure; gauge; basis,noun (common) (futsuumeishi),general-language,jmdict-waller,JMdict:1591210;waller-n2.csv:line-375,Community estimate: Waller via stephenmk; not an official JLPT word list
ja-n2-00376,起床,きしょう,1. rising (from one's bed); getting up; getting out of bed,noun (common) (futsuumeishi); noun or participle which takes the aux. verb suru; intransitive verb,general-language,jmdict-waller,JMdict:1223820;waller-n2.csv:line-377,Community estimate: Waller via stephenmk; not an official JLPT word list
ja-n2-00377,着せる,きせる,1. to put clothes on (someone); to dress; to clothe | 2. to cover; to coat; to plate; to gild; to veneer | 3. to pin (e.g. a crime on someone); to lay (blame); to charge (with an offence); to give (a bad name); to remind someone of (their indebtedness),Ichidan verb; transitive verb,home-and-daily-life,jmdict-waller,JMdict:1422990;waller-n2.csv:line-378,Community estimate: Waller via stephenmk; not an official JLPT word list
ja-n2-00378,基礎,きそ,1. foundation; basis,noun (common) (futsuumeishi); nouns which may take the genitive case particle 'no',general-language,jmdict-waller,JMdict:1219060;waller-n2.csv:line-379,Community estimate: Waller via stephenmk; not an official JLPT word list
ja-n2-00379,気体,きたい,1. gas; vapour; vapor; gaseous body,noun (common) (futsuumeishi),health-and-body,jmdict-waller,JMdict:1222460;waller-n2.csv:line-380,Community estimate: Waller via stephenmk; not an official JLPT word list
ja-n2-00380,基地,きち,"1. base (military, expedition, etc.) | 2. enthusiast; maniac; fanatic; nut; freak [Internet slang; jocular, humorous term]","noun (common) (futsuumeishi); noun, used as a suffix",general-language,jmdict-waller,JMdict:1219110;waller-n2.csv:line-381,Community estimate: Waller via stephenmk; not an official JLPT word list
ja-n2-00381,きっかけ,きっかけ,1. chance; start; cue; excuse; motive; impetus; occasion [word usually written using kana alone],noun (common) (futsuumeishi),general-language,jmdict-waller,JMdict:1591290;waller-n2.csv:line-382,Community estimate: Waller via stephenmk; not an official JLPT word list
ja-n2-00382,ぎっしり,ぎっしり,1. tightly (packed); densely; closely; crammed [onomatopoeic or mimetic word],adverb (fukushi); adverb taking the 'to' particle,general-language,jmdict-waller,JMdict:1003590;waller-n2.csv:line-383,Community estimate: Waller via stephenmk; not an official JLPT word list
ja-n2-00383,基盤,きばん,1. base; basis; foundation; footing; infrastructure | 2. bedrock [geology] | 3. platform [computing],noun (common) (futsuumeishi),general-language,jmdict-waller,JMdict:1219170;waller-n2.csv:line-384,Community estimate: Waller via stephenmk; not an official JLPT word list
ja-n2-00384,客席,きゃくせき,"1. guest seating (e.g. theater, stadium); passenger seat (e.g. taxi) | 2. audience",noun (common) (futsuumeishi),general-language,jmdict-waller,JMdict:1226760;waller-n2.csv:line-385,Community estimate: Waller via stephenmk; not an official JLPT word list
ja-n2-00385,客間,きゃくま,1. drawing room; parlor; parlour; guest room,noun (common) (futsuumeishi),home-and-daily-life,jmdict-waller,JMdict:1226710;waller-n2.csv:line-386,Community estimate: Waller via stephenmk; not an official JLPT word list
ja-n2-00386,ギャング,ギャング,1. gang | 2. gangster [abbreviation],noun (common) (futsuumeishi),general-language,jmdict-waller,JMdict:1043150;waller-n2.csv:line-387,Community estimate: Waller via stephenmk; not an official JLPT word list
ja-n2-00387,キャンパス,キャンパス,1. campus,noun (common) (futsuumeishi),general-language,jmdict-waller,JMdict:1042150;waller-n2.csv:line-388,Community estimate: Waller via stephenmk; not an official JLPT word list
ja-n2-00388,休業,きゅうぎょう,"1. suspension of business; temporary closure (of a store, school, etc.); shutdown; holiday",noun (common) (futsuumeishi); noun or participle which takes the aux. verb suru; intransitive verb,study-work-and-communication,jmdict-waller,JMdict:1227700;waller-n2.csv:line-389,Community estimate: Waller via stephenmk; not an official JLPT word list
ja-n2-00389,休講,きゅうこう,"1. cancellation (of a lecture, class, etc.)",noun (common) (futsuumeishi); noun or participle which takes the aux. verb suru; intransitive verb,general-language,jmdict-waller,JMdict:1227780;waller-n2.csv:line-390,Community estimate: Waller via stephenmk; not an official JLPT word list
ja-n2-00390,休息,きゅうそく,1. rest; relief; relaxation,noun (common) (futsuumeishi); noun or participle which takes the aux. verb suru; intransitive verb; nouns which may take the genitive case particle 'no',general-language,jmdict-waller,JMdict:1227940;waller-n2.csv:line-391,Community estimate: Waller via stephenmk; not an official JLPT word list
ja-n2-00391,給与,きゅうよ,1. pay; salary; wages | 2. allowance; grant; supply; providing with,noun (common) (futsuumeishi); noun or participle which takes the aux. verb suru; transitive verb,general-language,jmdict-waller,JMdict:1230350;waller-n2.csv:line-392,Community estimate: Waller via stephenmk; not an official JLPT word list
ja-n2-00392,休養,きゅうよう,1. rest; relaxation; recreation; recuperation; convalescence,noun (common) (futsuumeishi); noun or participle which takes the aux. verb suru; intransitive verb,general-language,jmdict-waller,JMdict:1228100;waller-n2.csv:line-393,Community estimate: Waller via stephenmk; not an official JLPT word list
ja-n2-00393,清い,きよい,1. clean; clear | 2. pure; honest; clean; innocent; platonic; chaste,adjective (keiyoushi),home-and-daily-life,jmdict-waller,JMdict:1378140;waller-n2.csv:line-394,Community estimate: Waller via stephenmk; not an official JLPT word list
ja-n2-00394,強化,きょうか,1. strengthening; intensifying; reinforcement; enhancement; solidification | 2. reinforcement [psychology],noun (common) (futsuumeishi); noun or participle which takes the aux. verb suru; transitive verb,general-language,jmdict-waller,JMdict:1236200;waller-n2.csv:line-395,Community estimate: Waller via stephenmk; not an official JLPT word list
ja-n2-00395,境界,きょうかい,1. boundary; border; limit; bounds; frontier,noun (common) (futsuumeishi),general-language,jmdict-waller,JMdict:1235960;waller-n2.csv:line-396,Community estimate: Waller via stephenmk; not an official JLPT word list
ja-n2-00396,行事,ぎょうじ,1. event; function,noun (common) (futsuumeishi),general-language,jmdict-waller,JMdict:1281930;waller-n2.csv:line-397,Community estimate: Waller via stephenmk; not an official JLPT word list
ja-n2-00397,恐縮,きょうしゅく,"1. feeling (much) obliged; being (very) grateful; being thankful | 2. feeling sorry (for troubling someone); feeling ashamed (e.g. of an error); feeling embarrassed (e.g. by someone's compliments, hospitality, etc.) | 3. shrinking back in fear [archaic]",noun (common) (futsuumeishi); noun or participle which takes the aux. verb suru; intransitive verb,thought-and-feeling,jmdict-waller,JMdict:1236740;waller-n2.csv:line-398,Community estimate: Waller via stephenmk; not an official JLPT word list
ja-n2-00398,教養,きょうよう,1. (understanding or appreciation of) culture; (one's) education; cultivation; sophistication; refinement,noun (common) (futsuumeishi),general-language,jmdict-waller,JMdict:1237370;waller-n2.csv:line-399,Community estimate: Waller via stephenmk; not an official JLPT word list
ja-n2-00399,行列,ぎょうれつ,1. line; queue; procession; parade | 2. matrix [mathematics],noun (common) (futsuumeishi); noun or participle which takes the aux. verb suru,general-language,jmdict-waller,JMdict:1282220;waller-n2.csv:line-400,Community estimate: Waller via stephenmk; not an official JLPT word list
ja-n2-00400,漁業,ぎょぎょう,1. fishing industry; fishery,noun (common) (futsuumeishi),society-and-economy,jmdict-waller,JMdict:1232990;waller-n2.csv:line-401,Community estimate: Waller via stephenmk; not an official JLPT word list
ja-n2-00401,曲線,きょくせん,1. curve,noun (common) (futsuumeishi),general-language,jmdict-waller,JMdict:1239970;waller-n2.csv:line-402,Community estimate: Waller via stephenmk; not an official JLPT word list
ja-n2-00402,規律,きりつ,1. order; observance; discipline | 2. rules; law; regulations,noun (common) (futsuumeishi),general-language,jmdict-waller,JMdict:1223120;waller-n2.csv:line-403,Community estimate: Waller via stephenmk; not an official JLPT word list
ja-n2-00403,斬る,きる,"1. to kill (a human) using a blade (sword, machete, knife, etc.); to slice (off); to lop (off); to cut (off)",Godan verb with 'ru' ending; transitive verb,general-language,jmdict-waller,JMdict:1304400;waller-n2.csv:line-404,Community estimate: Waller via stephenmk; not an official JLPT word list
ja-n2-00404,気を付ける,きをつける,1. to be careful; to pay attention; to take care,"expressions (phrases, clauses, etc.); Ichidan verb",general-language,jmdict-waller,JMdict:1591990;waller-n2.csv:line-405,Community estimate: Waller via stephenmk; not an official JLPT word list
ja-n2-00405,金魚,きんぎょ,1. goldfish (Carassius auratus),noun (common) (futsuumeishi),general-language,jmdict-waller,JMdict:1242750;waller-n2.csv:line-406,Community estimate: Waller via stephenmk; not an official JLPT word list
ja-n2-00406,区域,くいき,1. area; zone; district; quarter; section; limits; boundary,noun (common) (futsuumeishi),general-language,jmdict-waller,JMdict:1244090;waller-n2.csv:line-407,Community estimate: Waller via stephenmk; not an official JLPT word list
ja-n2-00407,偶数,ぐうすう,1. even number,noun (common) (futsuumeishi); nouns which may take the genitive case particle 'no',time-and-quantity,jmdict-waller,JMdict:1246250;waller-n2.csv:line-408,Community estimate: Waller via stephenmk; not an official JLPT word list
ja-n2-00408,空想,くうそう,1. daydream; fantasy; fancy; vision,noun (common) (futsuumeishi); noun or participle which takes the aux. verb suru; transitive verb; nouns which may take the genitive case particle 'no',general-language,jmdict-waller,JMdict:1245730;waller-n2.csv:line-409,Community estimate: Waller via stephenmk; not an official JLPT word list
ja-n2-00409,空中,くうちゅう,1. (in) the air; midair; sky,noun (common) (futsuumeishi),general-language,jmdict-waller,JMdict:1245790;waller-n2.csv:line-410,Community estimate: Waller via stephenmk; not an official JLPT word list
ja-n2-00410,クーラー,クーラー,1. air conditioner | 2. cooler,noun (common) (futsuumeishi),general-language,jmdict-waller,JMdict:1043310;waller-n2.csv:line-411,Community estimate: Waller via stephenmk; not an official JLPT word list
ja-n2-00411,釘,くぎ,1. nail; spike; tack; rivet; brad; (pachinko) pin,noun (common) (futsuumeishi),general-language,jmdict-waller,JMdict:1436840;waller-n2.csv:line-412,Community estimate: Waller via stephenmk; not an official JLPT word list
ja-n2-00412,区切る,くぎる,1. to divide; to separate; to partition; to demarcate; to delimit; to mark off | 2. to punctuate; to mark off (with a comma); to insert pauses (between words or phrases when reading aloud); to space one's words,Godan verb with 'ru' ending; transitive verb,general-language,jmdict-waller,JMdict:1592130;waller-n2.csv:line-413,Community estimate: Waller via stephenmk; not an official JLPT word list
ja-n2-00413,櫛,くし,1. comb,noun (common) (futsuumeishi),general-language,jmdict-waller,JMdict:1246490;waller-n2.csv:line-414,Community estimate: Waller via stephenmk; not an official JLPT word list
ja-n2-00414,くしゃみ,くしゃみ,1. sneeze; sneezing [word usually written using kana alone],noun (common) (futsuumeishi); noun or participle which takes the aux. verb suru; intransitive verb,general-language,jmdict-waller,JMdict:1003710;waller-n2.csv:line-415,Community estimate: Waller via stephenmk; not an official JLPT word list
ja-n2-00415,苦情,くじょう,1. complaint; troubles; objection; grievance,noun (common) (futsuumeishi),general-language,jmdict-waller,JMdict:1244520;waller-n2.csv:line-416,Community estimate: Waller via stephenmk; not an official JLPT word list
ja-n2-00416,苦心,くしん,1. pains; hard work; effort; trouble; labour; labor,noun (common) (futsuumeishi); noun or participle which takes the aux. verb suru; intransitive verb,study-work-and-communication,jmdict-waller,JMdict:1244530;waller-n2.csv:line-417,Community estimate: Waller via stephenmk; not an official JLPT word list
ja-n2-00417,屑,くず,1. waste; scrap; garbage; dregs [word usually written using kana alone] | 2. scum; piece of trash; loser [word usually written using kana alone],noun (common) (futsuumeishi),general-language,jmdict-waller,JMdict:1246510;waller-n2.csv:line-418,Community estimate: Waller via stephenmk; not an official JLPT word list
ja-n2-00418,崩す,くずす,1. to destroy; to demolish; to pull down; to tear down; to level | 2. to disturb; to put into disorder; to throw off balance; to make shaky | 3. to relax (one's pose); to make oneself at ease | 4. to break (a bill); to change; to make change | 5. to write in cursive style; to write in running style | 6. to break into a smile; to let off a smile | 7. to lower (a price),Godan verb with 'su' ending; transitive verb,general-language,jmdict-waller,JMdict:1516260;waller-n2.csv:line-419,Community estimate: Waller via stephenmk; not an official JLPT word list
ja-n2-00419,薬指,くすりゆび,1. ring finger; third finger; fourth finger (esp. in piano-playing) | 2. fourth toe,noun (common) (futsuumeishi),general-language,jmdict-waller,JMdict:1538250;waller-n2.csv:line-420,Community estimate: Waller via stephenmk; not an official JLPT word list
ja-n2-00420,崩れる,くずれる,1. to collapse; to crumble | 2. to get out of shape; to lose one's shape; to become disorganized; to become untidy | 3. to break down; to be thrown into disarray | 4. to crash (stock market); to slump; to decline | 5. to break money into small change | 6. to turn bad (e.g. weather); to change for the worse; to deteriorate,Ichidan verb; intransitive verb,general-language,jmdict-waller,JMdict:1516270;waller-n2.csv:line-421,Community estimate: Waller via stephenmk; not an official JLPT word list
ja-n2-00421,砕く,くだく,"1. to break (into pieces); to smash; to crush; to shatter; to grind (into powder); to pound | 2. to shatter (someone's hopes, confidence, etc.); to crush; to frustrate | 3. to simplify; to make easy to understand",Godan verb with 'ku' ending; transitive verb,general-language,jmdict-waller,JMdict:1295170;waller-n2.csv:line-422,Community estimate: Waller via stephenmk; not an official JLPT word list
ja-n2-00422,砕ける,くだける,1. to break (into pieces); to be broken; to be smashed | 2. to collapse; to crumble; to decline; to cool (e.g. enthusiasm); to dampen (e.g. one's will to fight) | 3. to become less formal; to throw off reserve; to become affable | 4. to become easy to understand (e.g. a story) | 5. to be worried,Ichidan verb; intransitive verb,general-language,jmdict-waller,JMdict:1295190;waller-n2.csv:line-423,Community estimate: Waller via stephenmk; not an official JLPT word list
ja-n2-00423,くたびれる,くたびれる,1. to get tired; to become exhausted; to grow weary [word usually written using kana alone] | 2. to become worn out; to become battered (from long use) [word usually written using kana alone] | 3. to get tired of (doing); to get fed up with [word usually written using kana alone] (after the -masu stem of a verb),Ichidan verb; intransitive verb; auxiliary verb,general-language,jmdict-waller,JMdict:1003810;waller-n2.csv:line-424,Community estimate: Waller via stephenmk; not an official JLPT word list
ja-n2-00424,くだらない,くだらない,1. trivial; trifling; insignificant; not worth bothering with; worthless; useless; good-for-nothing [word usually written using kana alone] | 2. stupid; nonsensical; absurd; foolish; silly [word usually written using kana alone],adjective (keiyoushi),general-language,jmdict-waller,JMdict:1184360;waller-n2.csv:line-425,Community estimate: Waller via stephenmk; not an official JLPT word list
ja-n2-00425,下る,くだる,"1. to descend; to go down; to come down | 2. to be handed down (of an order, judgment, etc.) | 3. to pass (of time) | 4. to surrender; to capitulate | 5. to be less than; to be inferior to (often in neg. form) | 6. to have the runs; to have diarrhea | 7. to pass (in stool); to be discharged from the body | 8. to depreciate oneself; to be humble [archaic]",Godan verb with 'ru' ending; intransitive verb,general-language,jmdict-waller,JMdict:1184450;waller-n2.csv:line-426,Community estimate: Waller via stephenmk; not an official JLPT word list
ja-n2-00426,唇,くちびる,1. lip; lips,noun (common) (futsuumeishi),general-language,jmdict-waller,JMdict:1359940;waller-n2.csv:line-427,Community estimate: Waller via stephenmk; not an official JLPT word list
ja-n2-00427,口紅,くちべに,1. lipstick,noun (common) (futsuumeishi); nouns which may take the genitive case particle 'no',general-language,jmdict-waller,JMdict:1276110;waller-n2.csv:line-428,Community estimate: Waller via stephenmk; not an official JLPT word list
ja-n2-00428,くっつく,くっつく,1. to adhere to; to stick to; to cling to [word usually written using kana alone] | 2. to keep close to; to go along with [word usually written using kana alone] | 3. to get involved with; to be thick with; to become intimate [word usually written using kana alone],Godan verb with 'ku' ending; intransitive verb,general-language,jmdict-waller,JMdict:1003860;waller-n2.csv:line-429,Community estimate: Waller via stephenmk; not an official JLPT word list
ja-n2-00429,くっつける,くっつける,1. to attach; to stick together; to paste; to glue [word usually written using kana alone] | 2. to place together; to put side by side [word usually written using kana alone] | 3. to make (someone) get married; to get (someone) hitched [word usually written using kana alone; colloquial],Ichidan verb; transitive verb,general-language,jmdict-waller,JMdict:1003870;waller-n2.csv:line-430,Community estimate: Waller via stephenmk; not an official JLPT word list
ja-n2-00430,くどい,くどい,"1. repetitious; long-winded; tedious; wordy; verbose; insistent; importunate [word usually written using kana alone] | 2. heavy (taste); (overly) rich; strong; cloying [word usually written using kana alone] | 3. gaudy (colour, design, etc.); loud [word usually written using kana alone]",adjective (keiyoushi),general-language,jmdict-waller,JMdict:1572760;waller-n2.csv:line-431,Community estimate: Waller via stephenmk; not an official JLPT word list
ja-n2-00431,句読点,くとうてん,1. punctuation mark,noun (common) (futsuumeishi),general-language,jmdict-waller,JMdict:1244050;waller-n2.csv:line-432,Community estimate: Waller via stephenmk; not an official JLPT word list
ja-n2-00432,配る,くばる,"1. to distribute; to hand out; to deliver; to deal out; to serve out | 2. to allot; to allocate; to place (staff, soldiers, etc.); to station",Godan verb with 'ru' ending; transitive verb,health-and-body,jmdict-waller,JMdict:1472990;waller-n2.csv:line-433,Community estimate: Waller via stephenmk; not an official JLPT word list
ja-n2-00433,工夫,くふう,1. devising (a way); contriving; inventing; thinking up; figuring out; coming up with; working out | 2. device; design; idea; plan; invention | 3. dedication to spiritual improvement (esp. through Zen meditation),noun (common) (futsuumeishi); noun or participle which takes the aux. verb suru; transitive verb,general-language,jmdict-waller,JMdict:1278220;waller-n2.csv:line-434,Community estimate: Waller via stephenmk; not an official JLPT word list
ja-n2-00434,区分,くぶん,1. division; section; demarcation; partition; segmentation; compartment; (traffic) lane | 2. classification; sorting; grouping; segmentation | 3. division [logic],noun (common) (futsuumeishi); noun or participle which takes the aux. verb suru; transitive verb,general-language,jmdict-waller,JMdict:1244230;waller-n2.csv:line-435,Community estimate: Waller via stephenmk; not an official JLPT word list
ja-n2-00435,組合せ,くみあわせ,1. combination; assortment; set | 2. matching (in a contest); pairing | 3. combination [mathematics],noun (common) (futsuumeishi),general-language,jmdict-waller,JMdict:1592290;waller-n2.csv:line-436,Community estimate: Waller via stephenmk; not an official JLPT word list
ja-n2-00436,組み立てる,くみたてる,"1. to assemble; to put together; to set up; to construct; to build; to compose (a story, poem, etc.) | 2. to form (words, sentences, etc.) [grammar]",Ichidan verb; transitive verb,general-language,jmdict-waller,JMdict:1397580;waller-n2.csv:line-437,Community estimate: Waller via stephenmk; not an official JLPT word list
ja-n2-00437,汲む,くむ,"1. to draw (water); to ladle; to dip up; to scoop up; to pump | 2. to pour (into a cup); to drink (together) | 3. to consider (feelings, the situation, etc.); to sympathize with; to intuit; to understand | 4. to draw upon; to inherit",Godan verb with 'mu' ending; transitive verb,nature-and-science,jmdict-waller,JMdict:1229610;waller-n2.csv:line-438,Community estimate: Waller via stephenmk; not an official JLPT word list
ja-n2-00438,酌む,くむ,"1. to pour (sake); to serve; to drink (together) | 2. to consider (feelings, the situation, etc.); to sympathize with; to intuit; to understand",Godan verb with 'mu' ending; transitive verb,food-and-dining,jmdict-waller,JMdict:1324210;waller-n2.csv:line-439,Community estimate: Waller via stephenmk; not an official JLPT word list
ja-n2-00439,悔しい,くやしい,"1. frustrated (over a failure, humiliation or injustice); annoyed; chagrined; (bitterly) disappointed; bitter; vexed; frustrating; annoying; regrettable",adjective (keiyoushi),general-language,jmdict-waller,JMdict:1592350;waller-n2.csv:line-440,Community estimate: Waller via stephenmk; not an official JLPT word list
ja-n2-00440,悔やむ,くやむ,1. to mourn; to lament | 2. to be sorry; to regret; to repent,Godan verb with 'mu' ending; transitive verb,general-language,jmdict-waller,JMdict:1200450;waller-n2.csv:line-441,Community estimate: Waller via stephenmk; not an official JLPT word list
ja-n2-00441,クリーニング,クリーニング,1. cleaning; dry cleaning; laundry service,noun (common) (futsuumeishi); noun or participle which takes the aux. verb suru; transitive verb,general-language,jmdict-waller,JMdict:1044440;waller-n2.csv:line-442,Community estimate: Waller via stephenmk; not an official JLPT word list
ja-n2-00442,くるむ,くるむ,1. to wrap up (in); to roll up (in); to tuck (up) [word usually written using kana alone],Godan verb with 'mu' ending; transitive verb,general-language,jmdict-waller,JMdict:2831360;waller-n2.csv:line-443,Community estimate: Waller via stephenmk; not an official JLPT word list
ja-n2-00443,くれぐれも,くれぐれも,1. sincerely; earnestly; wholeheartedly [word usually written using kana alone] | 2. repeatedly; over and over; again and again [word usually written using kana alone],adverb (fukushi),general-language,jmdict-waller,JMdict:1269140;waller-n2.csv:line-444,Community estimate: Waller via stephenmk; not an official JLPT word list
ja-n2-00444,咥える,くわえる,1. to hold in one's mouth [word usually written using kana alone] | 2. to bring with; to take along [word usually written using kana alone],Ichidan verb; transitive verb,health-and-body,jmdict-waller,JMdict:1609730;waller-n2.csv:line-445,Community estimate: Waller via stephenmk; not an official JLPT word list
ja-n2-00445,郡,ぐん,"1. district; county | 2. district (of 2-20 50-home neighbourhoods or townships, in the ritsuryō period) [historical term] | 3. commandery (in China) [historical term]",noun (common) (futsuumeishi),general-language,jmdict-waller,JMdict:1249230;waller-n2.csv:line-446,Community estimate: Waller via stephenmk; not an official JLPT word list
ja-n2-00446,稽古,けいこ,1. practice; practising; training; study,noun (common) (futsuumeishi); noun or participle which takes the aux. verb suru; transitive verb,study-work-and-communication,jmdict-waller,JMdict:1250990;waller-n2.csv:line-447,Community estimate: Waller via stephenmk; not an official JLPT word list
ja-n2-00447,敬語,けいご,1. honorific; term of respect; polite expression; honorific language [linguistics],noun (common) (futsuumeishi),study-work-and-communication,jmdict-waller,JMdict:1250750;waller-n2.csv:line-448,Community estimate: Waller via stephenmk; not an official JLPT word list
ja-n2-00448,蛍光灯,けいこうとう,1. fluorescent lamp; fluorescent light | 2. person who is slow to react; someone slow on the uptake [dated term],noun (common) (futsuumeishi),general-language,jmdict-waller,JMdict:1592540;waller-n2.csv:line-449,Community estimate: Waller via stephenmk; not an official JLPT word list
ja-n2-00449,形式,けいしき,"1. form (as opposed to substance) | 2. format; form; style; manner | 3. formality; form | 4. mode; form [philosophy] | 5. form (bilinear, quadratic, etc.) [mathematics]",noun (common) (futsuumeishi),general-language,jmdict-waller,JMdict:1250310;waller-n2.csv:line-450,Community estimate: Waller via stephenmk; not an official JLPT word list
ja-n2-00450,継続,けいぞく,1. continuation; continuance; maintenance; persistence; going on,noun (common) (futsuumeishi); noun or participle which takes the aux. verb suru; transitive verb; intransitive verb,general-language,jmdict-waller,JMdict:1251810;waller-n2.csv:line-451,Community estimate: Waller via stephenmk; not an official JLPT word list
ja-n2-00451,毛糸,けいと,1. knitting wool; woolen yarn; woollen yarn,noun (common) (futsuumeishi); nouns which may take the genitive case particle 'no',general-language,jmdict-waller,JMdict:1533860;waller-n2.csv:line-452,Community estimate: Waller via stephenmk; not an official JLPT word list
ja-n2-00452,経度,けいど,1. longitude,noun (common) (futsuumeishi),general-language,jmdict-waller,JMdict:1251630;waller-n2.csv:line-453,Community estimate: Waller via stephenmk; not an official JLPT word list
ja-n2-00453,系統,けいとう,1. system | 2. lineage; ancestry; family line | 3. group (e.g. of colors) (colours); family (e.g. of languages); party; school (of thought) | 4. close (evolutionary) relationship | 5. a population sharing a common ancestor (in genetics); strain (e.g. bacterial),noun (common) (futsuumeishi),general-language,jmdict-waller,JMdict:1251030;waller-n2.csv:line-454,Community estimate: Waller via stephenmk; not an official JLPT word list
ja-n2-00454,芸能,げいのう,1. public entertainment; performing arts | 2. accomplishments; attainments,noun (common) (futsuumeishi),society-and-economy,jmdict-waller,JMdict:1253130;waller-n2.csv:line-455,Community estimate: Waller via stephenmk; not an official JLPT word list
ja-n2-00455,競馬,けいば,1. horse racing,noun (common) (futsuumeishi),general-language,jmdict-waller,JMdict:1234210;waller-n2.csv:line-456,Community estimate: Waller via stephenmk; not an official JLPT word list
ja-n2-00456,警備,けいび,1. defense; defence; guard; policing; security,noun (common) (futsuumeishi); noun or participle which takes the aux. verb suru; transitive verb,general-language,jmdict-waller,JMdict:1252490;waller-n2.csv:line-457,Community estimate: Waller via stephenmk; not an official JLPT word list
ja-n2-00457,形容詞,けいようし,1. adjective; i-adjective (in Japanese) [grammar],noun (common) (futsuumeishi),general-language,jmdict-waller,JMdict:1250430;waller-n2.csv:line-458,Community estimate: Waller via stephenmk; not an official JLPT word list
ja-n2-00458,形容動詞,けいようどうし,"1. adjectival noun (in Japanese); quasi-adjective; nominal adjective; na-, taru-, nari- or tari-adjective [grammar]",noun (common) (futsuumeishi),general-language,jmdict-waller,JMdict:1250450;waller-n2.csv:line-459,Community estimate: Waller via stephenmk; not an official JLPT word list
ja-n2-00459,外科,げか,1. surgery (branch of medicine) | 2. department of surgery,noun (common) (futsuumeishi),health-and-body,jmdict-waller,JMdict:1203380;waller-n2.csv:line-460,Community estimate: Waller via stephenmk; not an official JLPT word list
ja-n2-00460,毛皮,けがわ,"1. fur; skin; pelt | 2. kanji ""fur"" radical",noun (common) (futsuumeishi),general-language,jmdict-waller,JMdict:1533930;waller-n2.csv:line-461,Community estimate: Waller via stephenmk; not an official JLPT word list
ja-n2-00461,激増,げきぞう,1. sharp increase; sudden rise,noun (common) (futsuumeishi); noun or participle which takes the aux. verb suru; intransitive verb,general-language,jmdict-waller,JMdict:1253690;waller-n2.csv:line-462,Community estimate: Waller via stephenmk; not an official JLPT word list
ja-n2-00462,下車,げしゃ,"1. alighting (from a train, bus, etc.); getting off; getting out (of a car)",noun (common) (futsuumeishi); noun or participle which takes the aux. verb suru; intransitive verb,travel-and-places,jmdict-waller,JMdict:1185170;waller-n2.csv:line-463,Community estimate: Waller via stephenmk; not an official JLPT word list
ja-n2-00463,下旬,げじゅん,1. last third of a month; 21st to the last day of a month,noun (common) (futsuumeishi),time-and-quantity,jmdict-waller,JMdict:1185330;waller-n2.csv:line-464,Community estimate: Waller via stephenmk; not an official JLPT word list
ja-n2-00464,下水,げすい,1. drainage; ditch; gutter; sewerage | 2. sewage; black water,noun (common) (futsuumeishi),general-language,jmdict-waller,JMdict:1185510;waller-n2.csv:line-465,Community estimate: Waller via stephenmk; not an official JLPT word list
ja-n2-00465,削る,けずる,"1. to shave (wood, leather, etc.); to sharpen (e.g. pencil); to plane; to whittle; to pare; to scrape off; to erode | 2. to cut down (budget, expenses, staff, time, etc.); to curtail; to reduce | 3. to delete; to erase; to remove; to cross out; to strike out",Godan verb with 'ru' ending; transitive verb,general-language,jmdict-waller,JMdict:1298090;waller-n2.csv:line-466,Community estimate: Waller via stephenmk; not an official JLPT word list
ja-n2-00466,桁,けた,1. column; beam; girder; crossbeam; spar; yard | 2. digit; decade; order of magnitude,noun (common) (futsuumeishi),general-language,jmdict-waller,JMdict:1253800;waller-n2.csv:line-467,Community estimate: Waller via stephenmk; not an official JLPT word list
ja-n2-00467,下駄,げた,"1. geta; traditional Japanese wooden sandal | 2. turn (in set-type proofing); upside-down character [printing] (printed as 〓, resembling the teeth of a geta) | 3. net; geta [go (game)]",noun (common) (futsuumeishi),general-language,jmdict-waller,JMdict:1185780;waller-n2.csv:line-468,Community estimate: Waller via stephenmk; not an official JLPT word list
ja-n2-00468,血圧,けつあつ,1. blood pressure,noun (common) (futsuumeishi),general-language,jmdict-waller,JMdict:1255110;waller-n2.csv:line-469,Community estimate: Waller via stephenmk; not an official JLPT word list
ja-n2-00469,血液,けつえき,1. blood,noun (common) (futsuumeishi),general-language,jmdict-waller,JMdict:1255120;waller-n2.csv:line-470,Community estimate: Waller via stephenmk; not an official JLPT word list
ja-n2-00470,月給,げっきゅう,1. monthly salary,noun (common) (futsuumeishi),general-language,jmdict-waller,JMdict:1255560;waller-n2.csv:line-471,Community estimate: Waller via stephenmk; not an official JLPT word list
ja-n2-00471,傑作,けっさく,"1. masterpiece; masterwork; chef d'oeuvre; fine piece of work | 2. (unintentionally) hilarious; absurd (e.g. blunder); outrageous; wild [jocular, humorous term; dated term]",noun (common) (futsuumeishi); adjectival nouns or quasi-adjectives (keiyodoshi),study-work-and-communication,jmdict-waller,JMdict:1253840;waller-n2.csv:line-472,Community estimate: Waller via stephenmk; not an official JLPT word list
ja-n2-00472,月末,げつまつ,1. end of the month,noun (common) (futsuumeishi); adverb (fukushi),time-and-quantity,jmdict-waller,JMdict:1255840;waller-n2.csv:line-473,Community estimate: Waller via stephenmk; not an official JLPT word list
ja-n2-00473,気配,けはい,1. indication; sign; hint; sensation; feeling | 2. tone (of the market) [finance],noun (common) (futsuumeishi),thought-and-feeling,jmdict-waller,JMdict:1222510;waller-n2.csv:line-474,Community estimate: Waller via stephenmk; not an official JLPT word list
ja-n2-00474,下品,げひん,1. vulgar; indecent; coarse; crude,adjectival nouns or quasi-adjectives (keiyodoshi); noun (common) (futsuumeishi),general-language,jmdict-waller,JMdict:1186230;waller-n2.csv:line-475,Community estimate: Waller via stephenmk; not an official JLPT word list
ja-n2-00475,煙い,けむい,1. smoky,adjective (keiyoushi),general-language,jmdict-waller,JMdict:1177190;waller-n2.csv:line-476,Community estimate: Waller via stephenmk; not an official JLPT word list
ja-n2-00476,蹴る,ける,1. to kick (orig. ichidan verb) | 2. to refuse; to reject | 3. to stamp (on the ground); to firmly press one's feet (against something),Godan verb with 'ru' ending; transitive verb,general-language,jmdict-waller,JMdict:1333400;waller-n2.csv:line-477,Community estimate: Waller via stephenmk; not an official JLPT word list
ja-n2-00477,険しい,けわしい,1. precipitous; rugged; inaccessible; impregnable; steep | 2. grim; severe; stern,adjective (keiyoushi),general-language,jmdict-waller,JMdict:1260530;waller-n2.csv:line-478,Community estimate: Waller via stephenmk; not an official JLPT word list
ja-n2-00478,見学,けんがく,1. inspection; study by observation; field trip; tour; review | 2. sitting out (e.g. PE class),noun (common) (futsuumeishi); noun or participle which takes the aux. verb suru; transitive verb; intransitive verb,study-work-and-communication,jmdict-waller,JMdict:1259440;waller-n2.csv:line-479,Community estimate: Waller via stephenmk; not an official JLPT word list
ja-n2-00479,謙虚,けんきょ,1. modest; humble,adjectival nouns or quasi-adjectives (keiyodoshi); noun (common) (futsuumeishi),general-language,jmdict-waller,JMdict:1260190;waller-n2.csv:line-480,Community estimate: Waller via stephenmk; not an official JLPT word list
ja-n2-00480,原稿,げんこう,1. manuscript; copy; draft; notes; contribution,noun (common) (futsuumeishi),general-language,jmdict-waller,JMdict:1261340;waller-n2.csv:line-481,Community estimate: Waller via stephenmk; not an official JLPT word list
ja-n2-00481,原産,げんさん,1. place of origin; habitat,noun (common) (futsuumeishi); nouns which may take the genitive case particle 'no',travel-and-places,jmdict-waller,JMdict:1261470;waller-n2.csv:line-482,Community estimate: Waller via stephenmk; not an official JLPT word list
ja-n2-00482,原始,げんし,1. origin; beginning; genesis | 2. primeval; primordial; primitive,noun (common) (futsuumeishi); nouns which may take the genitive case particle 'no',general-language,jmdict-waller,JMdict:1261500;waller-n2.csv:line-483,Community estimate: Waller via stephenmk; not an official JLPT word list
ja-n2-00483,研修,けんしゅう,1. training (esp. in-service); induction course,noun (common) (futsuumeishi); noun or participle which takes the aux. verb suru; transitive verb,general-language,jmdict-waller,JMdict:1258660;waller-n2.csv:line-484,Community estimate: Waller via stephenmk; not an official JLPT word list
ja-n2-00484,厳重,げんじゅう,1. strict; severe; stringent; rigorous; rigid; firm; strong; secure,adjectival nouns or quasi-adjectives (keiyodoshi); noun (common) (futsuumeishi),general-language,jmdict-waller,JMdict:1262660;waller-n2.csv:line-485,Community estimate: Waller via stephenmk; not an official JLPT word list
ja-n2-00485,謙遜,けんそん,1. modesty; humility; being humble,noun (common) (futsuumeishi); noun or participle which takes the aux. verb suru; intransitive verb; adjectival nouns or quasi-adjectives (keiyodoshi),general-language,jmdict-waller,JMdict:1260240;waller-n2.csv:line-486,Community estimate: Waller via stephenmk; not an official JLPT word list
ja-n2-00486,県庁,けんちょう,1. prefectural office,noun (common) (futsuumeishi),general-language,jmdict-waller,JMdict:1258880;waller-n2.csv:line-487,Community estimate: Waller via stephenmk; not an official JLPT word list
ja-n2-00487,限度,げんど,1. limit; bounds,noun (common) (futsuumeishi),general-language,jmdict-waller,JMdict:1264690;waller-n2.csv:line-488,Community estimate: Waller via stephenmk; not an official JLPT word list
ja-n2-00488,現に,げんに,1. actually; really,adverb (fukushi),general-language,jmdict-waller,JMdict:1263500;waller-n2.csv:line-489,Community estimate: Waller via stephenmk; not an official JLPT word list
ja-n2-00489,顕微鏡,けんびきょう,1. microscope,noun (common) (futsuumeishi),general-language,jmdict-waller,JMdict:1260660;waller-n2.csv:line-490,Community estimate: Waller via stephenmk; not an official JLPT word list
ja-n2-00490,原理,げんり,1. principle; theory; fundamental truth,noun (common) (futsuumeishi),general-language,jmdict-waller,JMdict:1262460;waller-n2.csv:line-491,Community estimate: Waller via stephenmk; not an official JLPT word list
ja-n2-00491,原料,げんりょう,1. raw materials; ingredient,noun (common) (futsuumeishi),general-language,jmdict-waller,JMdict:1262490;waller-n2.csv:line-492,Community estimate: Waller via stephenmk; not an official JLPT word list
ja-n2-00492,碁,ご,1. go (board game),noun (common) (futsuumeishi),general-language,jmdict-waller,JMdict:1270870;waller-n2.csv:line-493,Community estimate: Waller via stephenmk; not an official JLPT word list
ja-n2-00493,恋しい,こいしい,1. yearned for; longed for; missed,adjective (keiyoushi),general-language,jmdict-waller,JMdict:1558760;waller-n2.csv:line-494,Community estimate: Waller via stephenmk; not an official JLPT word list
ja-n2-00494,請う,こう,1. to beg; to ask; to request; to invite | 2. to pray; to wish,Godan verb with 'u' ending (special class); transitive verb,general-language,jmdict-waller,JMdict:1592920;waller-n2.csv:line-495,Community estimate: Waller via stephenmk; not an official JLPT word list
ja-n2-00495,工員,こういん,1. factory worker,noun (common) (futsuumeishi),general-language,jmdict-waller,JMdict:1277980;waller-n2.csv:line-496,Community estimate: Waller via stephenmk; not an official JLPT word list
ja-n2-00496,強引,ごういん,1. overbearing; coercive; pushy; forcible; high-handed,adjectival nouns or quasi-adjectives (keiyodoshi); noun (common) (futsuumeishi),general-language,jmdict-waller,JMdict:1236170;waller-n2.csv:line-497,Community estimate: Waller via stephenmk; not an official JLPT word list
ja-n2-00497,公害,こうがい,1. pollution; public nuisance; contamination,noun (common) (futsuumeishi),society-and-economy,jmdict-waller,JMdict:1273420;waller-n2.csv:line-498,Community estimate: Waller via stephenmk; not an official JLPT word list
ja-n2-00498,高級,こうきゅう,1. high-class; high-grade; high-quality; high-end; luxury | 2. high-ranking; high-level; senior,adjectival nouns or quasi-adjectives (keiyodoshi); nouns which may take the genitive case particle 'no'; noun (common) (futsuumeishi),general-language,jmdict-waller,JMdict:1283400;waller-n2.csv:line-499,Community estimate: Waller via stephenmk; not an official JLPT word list
ja-n2-00499,公共,こうきょう,"1. public (facilities, service, etc.); communal",nouns which may take the genitive case particle 'no'; noun (common) (futsuumeishi),society-and-economy,jmdict-waller,JMdict:1273510;waller-n2.csv:line-500,Community estimate: Waller via stephenmk; not an official JLPT word list
ja-n2-00500,工芸,こうげい,1. industrial arts; craft,noun (common) (futsuumeishi),general-language,jmdict-waller,JMdict:1278090;waller-n2.csv:line-501,Community estimate: Waller via stephenmk; not an official JLPT word list
ja-n2-00501,孝行,こうこう,1. filial piety | 2. showing devotion (to someone),noun (common) (futsuumeishi); noun or participle which takes the aux. verb suru; adjectival nouns or quasi-adjectives (keiyodoshi),general-language,jmdict-waller,JMdict:1277880;waller-n2.csv:line-502,Community estimate: Waller via stephenmk; not an official JLPT word list
ja-n2-00502,交差,こうさ,1. crossing; intersection | 2. (genetic) crossing over [biology],noun (common) (futsuumeishi); noun or participle which takes the aux. verb suru; intransitive verb,general-language,jmdict-waller,JMdict:1271970;waller-n2.csv:line-503,Community estimate: Waller via stephenmk; not an official JLPT word list
ja-n2-00503,講師,こうし,1. speaker; lecturer | 2. lecturer (at a university or college); instructor | 3. part-time teacher | 4. tutor (at a cram school),noun (common) (futsuumeishi),general-language,jmdict-waller,JMdict:1282280;waller-n2.csv:line-504,Community estimate: Waller via stephenmk; not an official JLPT word list
ja-n2-00504,工事,こうじ,1. construction work,noun (common) (futsuumeishi); noun or participle which takes the aux. verb suru; transitive verb; intransitive verb,study-work-and-communication,jmdict-waller,JMdict:1278130;waller-n2.csv:line-505,Community estimate: Waller via stephenmk; not an official JLPT word list
ja-n2-00505,公式,こうしき,"1. official; formal | 2. formula (e.g. mathematical) | 3. official (social media) account (of a company, organization, etc.)","nouns which may take the genitive case particle 'no'; noun (common) (futsuumeishi); noun, used as a suffix",general-language,jmdict-waller,JMdict:1273820;waller-n2.csv:line-506,Community estimate: Waller via stephenmk; not an official JLPT word list
ja-n2-00506,口実,こうじつ,1. excuse; pretext,noun (common) (futsuumeishi),general-language,jmdict-waller,JMdict:1276220;waller-n2.csv:line-507,Community estimate: Waller via stephenmk; not an official JLPT word list
ja-n2-00507,こうして,こうして,1. thus; in this way [word usually written using kana alone],conjunction,general-language,jmdict-waller,JMdict:2008040;waller-n2.csv:line-508,Community estimate: Waller via stephenmk; not an official JLPT word list
ja-n2-00508,校舎,こうしゃ,1. school building; schoolhouse,noun (common) (futsuumeishi),study-work-and-communication,jmdict-waller,JMdict:1279540;waller-n2.csv:line-509,Community estimate: Waller via stephenmk; not an official JLPT word list
ja-n2-00509,公衆,こうしゅう,1. the public; general public,noun (common) (futsuumeishi); nouns which may take the genitive case particle 'no',society-and-economy,jmdict-waller,JMdict:1273900;waller-n2.csv:line-510,Community estimate: Waller via stephenmk; not an official JLPT word list
ja-n2-00510,香水,こうすい,1. perfume; scent,noun (common) (futsuumeishi),general-language,jmdict-waller,JMdict:1283060;waller-n2.csv:line-511,Community estimate: Waller via stephenmk; not an official JLPT word list
ja-n2-00511,公正,こうせい,1. justice; fairness; impartiality,noun (common) (futsuumeishi); adjectival nouns or quasi-adjectives (keiyodoshi),general-language,jmdict-waller,JMdict:1274120;waller-n2.csv:line-512,Community estimate: Waller via stephenmk; not an official JLPT word list
ja-n2-00512,功績,こうせき,1. achievement; meritorious deed; distinguished service; contribution,noun (common) (futsuumeishi),general-language,jmdict-waller,JMdict:1275070;waller-n2.csv:line-513,Community estimate: Waller via stephenmk; not an official JLPT word list
ja-n2-00513,光線,こうせん,1. ray (of light); beam; light,noun (common) (futsuumeishi),general-language,jmdict-waller,JMdict:1273030;waller-n2.csv:line-514,Community estimate: Waller via stephenmk; not an official JLPT word list
ja-n2-00514,高層,こうそう,"1. high-rise (building); multistory; multistoried; tall | 2. high (altitude); upper (atmosphere, air current, etc.)",nouns which may take the genitive case particle 'no'; noun (common) (futsuumeishi),general-language,jmdict-waller,JMdict:1283690;waller-n2.csv:line-515,Community estimate: Waller via stephenmk; not an official JLPT word list
ja-n2-00515,構造,こうぞう,1. structure; construction; makeup; framework; organization; pattern,noun (common) (futsuumeishi),general-language,jmdict-waller,JMdict:1279790;waller-n2.csv:line-516,Community estimate: Waller via stephenmk; not an official JLPT word list
ja-n2-00516,交替,こうたい,1. change; alternation; rotation; replacement; substitution; shift; relief; taking turns,noun (common) (futsuumeishi); noun or participle which takes the aux. verb suru; transitive verb; intransitive verb,general-language,jmdict-waller,JMdict:1592990;waller-n2.csv:line-517,Community estimate: Waller via stephenmk; not an official JLPT word list
ja-n2-00517,耕地,こうち,1. arable land; plantation; farmland | 2. fazenda; hacienda; large estate [Brazilian],noun (common) (futsuumeishi),general-language,jmdict-waller,JMdict:1280990;waller-n2.csv:line-518,Community estimate: Waller via stephenmk; not an official JLPT word list
ja-n2-00518,交通機関,こうつうきかん,1. (means of) transportation; transport; transportation facilities; transportation system; transit system,noun (common) (futsuumeishi),general-language,jmdict-waller,JMdict:1272320;waller-n2.csv:line-519,Community estimate: Waller via stephenmk; not an official JLPT word list
ja-n2-00519,校庭,こうてい,1. schoolyard; school playground; school grounds; campus,noun (common) (futsuumeishi),study-work-and-communication,jmdict-waller,JMdict:1279600;waller-n2.csv:line-520,Community estimate: Waller via stephenmk; not an official JLPT word list
ja-n2-00520,肯定,こうてい,1. affirmation | 2. affirmative [logic],noun (common) (futsuumeishi); noun or participle which takes the aux. verb suru; transitive verb,general-language,jmdict-waller,JMdict:1281180;waller-n2.csv:line-521,Community estimate: Waller via stephenmk; not an official JLPT word list
ja-n2-00521,高度,こうど,1. altitude; height; elevation | 2. high-degree; high-grade; advanced; sophisticated; strong,noun (common) (futsuumeishi); adjectival nouns or quasi-adjectives (keiyodoshi); nouns which may take the genitive case particle 'no',general-language,jmdict-waller,JMdict:1283830;waller-n2.csv:line-522,Community estimate: Waller via stephenmk; not an official JLPT word list
ja-n2-00522,高等,こうとう,1. high class; high grade,adjectival nouns or quasi-adjectives (keiyodoshi); nouns which may take the genitive case particle 'no'; noun (common) (futsuumeishi),general-language,jmdict-waller,JMdict:1283850;waller-n2.csv:line-523,Community estimate: Waller via stephenmk; not an official JLPT word list
ja-n2-00523,合同,ごうどう,1. combination; union; joining; incorporation; amalgamation; merger; fusion | 2. combined; joint; united; shared | 3. congruence [mathematics],noun (common) (futsuumeishi); noun or participle which takes the aux. verb suru; transitive verb; intransitive verb; nouns which may take the genitive case particle 'no',general-language,jmdict-waller,JMdict:1285140;waller-n2.csv:line-524,Community estimate: Waller via stephenmk; not an official JLPT word list
ja-n2-00524,後輩,こうはい,"1. junior (at work, school, etc.); younger people; younger student",noun (common) (futsuumeishi),people-and-relationships,jmdict-waller,JMdict:1270010;waller-n2.csv:line-525,Community estimate: Waller via stephenmk; not an official JLPT word list
ja-n2-00525,公表,こうひょう,1. official announcement; proclamation,noun (common) (futsuumeishi); noun or participle which takes the aux. verb suru; transitive verb,general-language,jmdict-waller,JMdict:1274550;waller-n2.csv:line-526,Community estimate: Waller via stephenmk; not an official JLPT word list
ja-n2-00526,鉱物,こうぶつ,1. mineral,noun (common) (futsuumeishi),general-language,jmdict-waller,JMdict:1282650;waller-n2.csv:line-527,Community estimate: Waller via stephenmk; not an official JLPT word list
ja-n2-00527,公務,こうむ,1. official business; public business,noun (common) (futsuumeishi),study-work-and-communication,jmdict-waller,JMdict:1274810;waller-n2.csv:line-528,Community estimate: Waller via stephenmk; not an official JLPT word list
ja-n2-00528,項目,こうもく,"1. item; heading; category; clause | 2. headword (in a dictionary, encyclopedia, etc.); entry",noun (common) (futsuumeishi),general-language,jmdict-waller,JMdict:1283000;waller-n2.csv:line-529,Community estimate: Waller via stephenmk; not an official JLPT word list
ja-n2-00529,紅葉,こうよう,1. leaves turning red (in autumn); red leaves; autumn colours; fall colors,noun (common) (futsuumeishi); noun or participle which takes the aux. verb suru; intransitive verb,general-language,jmdict-waller,JMdict:1578780;waller-n2.csv:line-530,Community estimate: Waller via stephenmk; not an official JLPT word list
ja-n2-00530,合理,ごうり,1. rationality,noun (common) (futsuumeishi),general-language,jmdict-waller,JMdict:1285330;waller-n2.csv:line-531,Community estimate: Waller via stephenmk; not an official JLPT word list
ja-n2-00531,交流,こうりゅう,"1. exchange (e.g. cultural); interchange; interaction; mingling; mixing; coming together | 2. alternating current; AC [electricity, elec. eng.]",noun (common) (futsuumeishi); noun or participle which takes the aux. verb suru; intransitive verb,general-language,jmdict-waller,JMdict:1272580;waller-n2.csv:line-532,Community estimate: Waller via stephenmk; not an official JLPT word list
ja-n2-00532,合流,ごうりゅう,"1. confluence (of rivers); flowing together; joining | 2. joining (of people, groups, parties, etc.); union; linking up; merging (e.g. of traffic); meeting (up)",noun (common) (futsuumeishi); noun or participle which takes the aux. verb suru; intransitive verb,general-language,jmdict-waller,JMdict:1285390;waller-n2.csv:line-533,Community estimate: Waller via stephenmk; not an official JLPT word list
ja-n2-00533,効力,こうりょく,1. effect; efficacy; validity; potency,noun (common) (futsuumeishi),general-language,jmdict-waller,JMdict:1275250;waller-n2.csv:line-534,Community estimate: Waller via stephenmk; not an official JLPT word list
ja-n2-00535,コース,コース,"1. course; route; trail | 2. course (of study); program | 3. lane (in running, swimming, etc.) | 4. course (of action); policy; track; path | 5. course (of a multi-course meal) | 6. full-course meal; multi-course meal [abbreviation] | 7. plan (type of offered service); course; option | 8. flying path of a pitch [baseball]",noun (common) (futsuumeishi),general-language,jmdict-waller,JMdict:1048830;waller-n2.csv:line-536,Community estimate: Waller via stephenmk; not an official JLPT word list
ja-n2-00536,コーラス,コーラス,1. chorus [music],noun (common) (futsuumeishi),general-language,jmdict-waller,JMdict:1049340;waller-n2.csv:line-537,Community estimate: Waller via stephenmk; not an official JLPT word list
ja-n2-00537,焦がす,こがす,1. to burn; to scorch; to singe; to char,Godan verb with 'su' ending; transitive verb,general-language,jmdict-waller,JMdict:1350710;waller-n2.csv:line-538,Community estimate: Waller via stephenmk; not an official JLPT word list
ja-n2-00538,国王,こくおう,"1. king; queen; monarch; sovereign | 2. the Crown (as a focus of authority in the UK, etc.); the throne [law]",noun (common) (futsuumeishi),general-language,jmdict-waller,JMdict:1286160;waller-n2.csv:line-539,Community estimate: Waller via stephenmk; not an official JLPT word list
ja-n2-00539,国籍,こくせき,"1. nationality; citizenship | 2. nationality (ship, airplane, etc.); registration; flag",noun (common) (futsuumeishi),general-language,jmdict-waller,JMdict:1286780;waller-n2.csv:line-540,Community estimate: Waller via stephenmk; not an official JLPT word list
ja-n2-00540,国立,こくりつ,1. national; founded and run by the central government,nouns which may take the genitive case particle 'no'; noun (common) (futsuumeishi),society-and-economy,jmdict-waller,JMdict:1287180;waller-n2.csv:line-541,Community estimate: Waller via stephenmk; not an official JLPT word list
ja-n2-00541,ごくろうさま,ごくろうさま,1. thank you (for your hard work); I appreciate your efforts [polite (teineigo) language] (usu. to one's subordinate),"expressions (phrases, clauses, etc.); adjectival nouns or quasi-adjectives (keiyodoshi)",study-work-and-communication,jmdict-waller,JMdict:1005030;waller-n2.csv:line-542,Community estimate: Waller via stephenmk; not an official JLPT word list
ja-n2-00542,焦げる,こげる,1. to burn; to scorch; to char; to singe,Ichidan verb; intransitive verb,general-language,jmdict-waller,JMdict:1350730;waller-n2.csv:line-543,Community estimate: Waller via stephenmk; not an official JLPT word list
ja-n2-00543,凍える,こごえる,1. to freeze (of one's body); to be frozen; to become numb (with cold); to be chilled,Ichidan verb; intransitive verb,health-and-body,jmdict-waller,JMdict:1446180;waller-n2.csv:line-544,Community estimate: Waller via stephenmk; not an official JLPT word list
ja-n2-00544,心当たり,こころあたり,1. having in mind; happening to know (of); idea (of); inkling,noun (common) (futsuumeishi),thought-and-feeling,jmdict-waller,JMdict:1360890;waller-n2.csv:line-545,Community estimate: Waller via stephenmk; not an official JLPT word list
ja-n2-00545,心得る,こころえる,"1. to know; to understand; to be aware of; to regard as; to take for | 2. to (understand and) accept (a responsibility) | 3. to have a knowledge of (a skill, art, etc.); to have a command of; to know (how to do)",Ichidan verb; transitive verb,thought-and-feeling,jmdict-waller,JMdict:1360920;waller-n2.csv:line-546,Community estimate: Waller via stephenmk; not an official JLPT word list
ja-n2-00546,腰掛け,こしかけ,1. seat; bench | 2. temporary job while looking for a better job or until one marries [colloquial],noun (common) (futsuumeishi),general-language,jmdict-waller,JMdict:1288370;waller-n2.csv:line-547,Community estimate: Waller via stephenmk; not an official JLPT word list
ja-n2-00547,腰掛ける,こしかける,1. to sit (down),Ichidan verb; intransitive verb,general-language,jmdict-waller,JMdict:1288350;waller-n2.csv:line-548,Community estimate: Waller via stephenmk; not an official JLPT word list
ja-n2-00548,五十音,ごじゅうおん,1. the Japanese syllabary,noun (common) (futsuumeishi),general-language,jmdict-waller,JMdict:1268300;waller-n2.csv:line-549,Community estimate: Waller via stephenmk; not an official JLPT word list
ja-n2-00549,胡椒,こしょう,1. pepper [word usually written using kana alone],noun (common) (futsuumeishi),general-language,jmdict-waller,JMdict:1267600;waller-n2.csv:line-550,Community estimate: Waller via stephenmk; not an official JLPT word list
ja-n2-00550,こしらえる,こしらえる,"1. to make; to manufacture; to fabricate [word usually written using kana alone] | 2. to build; to construct [word usually written using kana alone] | 3. to prepare; to get ready; to make (in advance) [word usually written using kana alone] | 4. to dress (oneself in); to dress up (in); to put on (one's makeup, a dress, etc.); to adorn (oneself in) [word usually written using kana alone] | 5. to raise money (for); to gather (a sum); to save up; to incur (a debt) [word usually written using kana alone] | 6. to have (a child, partner, lover, etc.); to make (a friend); to start (an affair) [word usually written using kana alone] | 7. to make up (e.g. an excuse); to fabricate (a story); to invent; to concoct [word usually written using kana alone]",Ichidan verb; transitive verb,general-language,jmdict-waller,JMdict:1567390;waller-n2.csv:line-551,Community estimate: Waller via stephenmk; not an official JLPT word list
ja-n2-00552,擦る,こする,"1. to rub; to scrub; to scrape [word usually written using kana alone] | 2. to repeatedly reuse (a joke, a topic of conversation, etc.); to milk; to keep getting mileage out of [slang] | 3. to mash (a button); to spam (a move) [video games] (esp. in fighting games)",Godan verb with 'ru' ending; transitive verb,general-language,jmdict-waller,JMdict:1298910;waller-n2.csv:line-553,Community estimate: Waller via stephenmk; not an official JLPT word list
ja-n2-00553,個体,こたい,1. individual; specimen,noun (common) (futsuumeishi); nouns which may take the genitive case particle 'no',general-language,jmdict-waller,JMdict:1264980;waller-n2.csv:line-554,Community estimate: Waller via stephenmk; not an official JLPT word list
ja-n2-00555,ごちそうさま,ごちそうさま,"1. thank you (for the meal); that was a delicious meal [word usually written using kana alone] | 2. thank you (for displaying lovey-dovey behaviour) [word usually written using kana alone; jocular, humorous term]",interjection (kandoushi),food-and-dining,jmdict-waller,JMdict:1270520;waller-n2.csv:line-556,Community estimate: Waller via stephenmk; not an official JLPT word list
ja-n2-00556,こちらこそ,こちらこそ,1. it is I who should say so,"expressions (phrases, clauses, etc.)",general-language,jmdict-waller,JMdict:1004510;waller-n2.csv:line-557,Community estimate: Waller via stephenmk; not an official JLPT word list
ja-n2-00557,小遣い,こづかい,1. pocket money; spending money; pin money; allowance [abbreviation],noun (common) (futsuumeishi),society-and-economy,jmdict-waller,JMdict:1348030;waller-n2.csv:line-558,Community estimate: Waller via stephenmk; not an official JLPT word list
ja-n2-00558,コック,コック,1. cook; chef,noun (common) (futsuumeishi),food-and-dining,jmdict-waller,JMdict:1050310;waller-n2.csv:line-559,Community estimate: Waller via stephenmk; not an official JLPT word list
ja-n2-00559,こっそり,こっそり,1. stealthily; secretly; in secret [onomatopoeic or mimetic word],adverb (fukushi); adverb taking the 'to' particle,general-language,jmdict-waller,JMdict:1004520;waller-n2.csv:line-560,Community estimate: Waller via stephenmk; not an official JLPT word list
ja-n2-00560,古典,こてん,"1. classic (work, esp. book); the classics",noun (common) (futsuumeishi),study-work-and-communication,jmdict-waller,JMdict:1265860;waller-n2.csv:line-561,Community estimate: Waller via stephenmk; not an official JLPT word list
ja-n2-00561,琴,こと,1. koto (13-stringed Japanese zither) | 2. stringed instrument [archaic],noun (common) (futsuumeishi),general-language,jmdict-waller,JMdict:1241450;waller-n2.csv:line-562,Community estimate: Waller via stephenmk; not an official JLPT word list
ja-n2-00562,言付ける,ことづける,"1. to have someone send (a message, parcel, etc.); to send (via someone else); to leave (a message) with someone | 2. to use as an excuse; to make a pretext of [archaic]",Ichidan verb; transitive verb,general-language,jmdict-waller,JMdict:1593330;waller-n2.csv:line-563,Community estimate: Waller via stephenmk; not an official JLPT word list
ja-n2-00563,言葉遣い,ことばづかい,1. speech; expression; wording; language,noun (common) (futsuumeishi),study-work-and-communication,jmdict-waller,JMdict:1264560;waller-n2.csv:line-564,Community estimate: Waller via stephenmk; not an official JLPT word list
ja-n2-00564,こないだ,こないだ,1. the other day; lately; recently [word usually written using kana alone],noun (common) (futsuumeishi); adverb (fukushi),time-and-quantity,jmdict-waller,JMdict:1004610;waller-n2.csv:line-565,Community estimate: Waller via stephenmk; not an official JLPT word list
ja-n2-00565,御無沙汰,ごぶさた,"1. not writing or contacting for a while; neglecting (failing) to write (call, visit, etc.); long silence",noun (common) (futsuumeishi); noun or participle which takes the aux. verb suru; intransitive verb,study-work-and-communication,jmdict-waller,JMdict:1270650;waller-n2.csv:line-566,Community estimate: Waller via stephenmk; not an official JLPT word list
ja-n2-00566,こぼす,こぼす,1. to spill; to drop; to shed (tears) [word usually written using kana alone] | 2. to grumble (about); to complain (of) [word usually written using kana alone] | 3. to let (one's feelings) show [word usually written using kana alone],Godan verb with 'su' ending; transitive verb,general-language,jmdict-waller,JMdict:1557640;waller-n2.csv:line-567,Community estimate: Waller via stephenmk; not an official JLPT word list
ja-n2-00567,零れる,こぼれる,"1. to spill; to fall out of; to overflow [word usually written using kana alone] | 2. to peek through; to become visible (although normally not) | 3. to escape (of a smile, tear, etc.)",Ichidan verb; intransitive verb,general-language,jmdict-waller,JMdict:1557650;waller-n2.csv:line-568,Community estimate: Waller via stephenmk; not an official JLPT word list
ja-n2-00568,ゴム,ゴム,1. gum; rubber [word usually written using kana alone] | 2. eraser [abbreviation; word usually written using kana alone] | 3. condom [colloquial; word usually written using kana alone],noun (common) (futsuumeishi),general-language,jmdict-waller,JMdict:1054570;waller-n2.csv:line-569,Community estimate: Waller via stephenmk; not an official JLPT word list
ja-n2-00569,御免,ごめん,1. I'm sorry; my apologies; excuse me; pardon me [word usually written using kana alone] | 2. may I come in? [word usually written using kana alone] | 3. permission; leave; license [word usually written using kana alone; honorific or respectful (sonkeigo) language] | 4. dismissal; discharge [word usually written using kana alone; honorific or respectful (sonkeigo) language] | 5. not wanting; objecting to; being fed up with; wishing to avoid [word usually written using kana alone],interjection (kandoushi); noun (common) (futsuumeishi),general-language,jmdict-waller,JMdict:1270670;waller-n2.csv:line-570,Community estimate: Waller via stephenmk; not an official JLPT word list
ja-n2-00570,ごめんください,ごめんください,1. may I come in? [word usually written using kana alone] | 2. please forgive me; I'm sorry [polite (teineigo) language; word usually written using kana alone],"expressions (phrases, clauses, etc.)",general-language,jmdict-waller,JMdict:1270690;waller-n2.csv:line-571,Community estimate: Waller via stephenmk; not an official JLPT word list
ja-n2-00571,小指,こゆび,1. little finger; pinky; fourth (occ. fifth) finger | 2. little toe,noun (common) (futsuumeishi),general-language,jmdict-waller,JMdict:1348170;waller-n2.csv:line-572,Community estimate: Waller via stephenmk; not an official JLPT word list
ja-n2-00572,こらえる,こらえる,1. to bear; to stand; to endure; to put up with [word usually written using kana alone] | 2. to restrain; to control; to keep a check on [word usually written using kana alone] | 3. to forgive; to put up with; to pardon [word usually written using kana alone],Ichidan verb; transitive verb,general-language,jmdict-waller,JMdict:2827352;waller-n2.csv:line-573,Community estimate: Waller via stephenmk; not an official JLPT word list
ja-n2-00573,娯楽,ごらく,1. amusement; entertainment; recreation; pleasure; pastime; hobby,noun (common) (futsuumeishi); noun or participle which takes the aux. verb suru,general-language,jmdict-waller,JMdict:1269290;waller-n2.csv:line-574,Community estimate: Waller via stephenmk; not an official JLPT word list
ja-n2-00574,御覧,ごらん,1. (please) try to [abbreviation; word usually written using kana alone] (after the -te form of a verb) | 2. (please) look [abbreviation; word usually written using kana alone] | 3. seeing; looking; watching [honorific or respectful (sonkeigo) language],interjection (kandoushi); noun (common) (futsuumeishi),general-language,jmdict-waller,JMdict:1270760;waller-n2.csv:line-575,Community estimate: Waller via stephenmk; not an official JLPT word list
ja-n2-00575,コレクション,コレクション,"1. collection (of art, stamps, etc.); collecting | 2. collection (i.e. a range of new clothes); fashion show",noun (common) (futsuumeishi); noun or participle which takes the aux. verb suru; transitive verb,general-language,jmdict-waller,JMdict:1051540;waller-n2.csv:line-576,Community estimate: Waller via stephenmk; not an official JLPT word list
ja-n2-00576,転がす,ころがす,1. to roll; to wheel; to trundle; to drive (a car) | 2. to turn over; to tip over; to throw down | 3. to leave | 4. to buy and sell (quickly for a profit),Godan verb with 'su' ending; transitive verb,travel-and-places,jmdict-waller,JMdict:1440980;waller-n2.csv:line-577,Community estimate: Waller via stephenmk; not an official JLPT word list
ja-n2-00577,転がる,ころがる,1. to roll; to tumble | 2. to fall over; to roll over | 3. to lie down | 4. to be scattered about; to be lying around | 5. (of a situation or outcome) to change; to turn out | 6. to come easily; to be common; to fall into one's hands; to grow on trees,Godan verb with 'ru' ending; intransitive verb,general-language,jmdict-waller,JMdict:1441000;waller-n2.csv:line-578,Community estimate: Waller via stephenmk; not an official JLPT word list
ja-n2-00578,紺,こん,1. navy blue; deep blue,noun (common) (futsuumeishi); nouns which may take the genitive case particle 'no',general-language,jmdict-waller,JMdict:1290590;waller-n2.csv:line-579,Community estimate: Waller via stephenmk; not an official JLPT word list
ja-n2-00579,コンクール,コンクール,1. competition; contest,noun (common) (futsuumeishi),general-language,jmdict-waller,JMdict:1051840;waller-n2.csv:line-580,Community estimate: Waller via stephenmk; not an official JLPT word list
ja-n2-00580,コンクリート,コンクリート,1. concrete [word usually written using kana alone],noun (common) (futsuumeishi),general-language,jmdict-waller,JMdict:1051860;waller-n2.csv:line-581,Community estimate: Waller via stephenmk; not an official JLPT word list
ja-n2-00581,混合,こんごう,1. mixing; mixture; meld | 2. miscegenation,noun (common) (futsuumeishi); noun or participle which takes the aux. verb suru; transitive verb; intransitive verb,general-language,jmdict-waller,JMdict:1290360;waller-n2.csv:line-582,Community estimate: Waller via stephenmk; not an official JLPT word list
ja-n2-00582,コンセント,コンセント,1. (electrical) outlet; (wall) socket; power point,noun (common) (futsuumeishi),general-language,jmdict-waller,JMdict:1052330;waller-n2.csv:line-583,Community estimate: Waller via stephenmk; not an official JLPT word list
ja-n2-00583,献立,こんだて,1. menu; bill of fare | 2. program; programme; schedule,noun (common) (futsuumeishi),general-language,jmdict-waller,JMdict:1258500;waller-n2.csv:line-584,Community estimate: Waller via stephenmk; not an official JLPT word list
ja-n2-00584,こんばんは,こんばんは,1. good evening [word usually written using kana alone],interjection (kandoushi),general-language,jmdict-waller,JMdict:1289480;waller-n2.csv:line-585,Community estimate: Waller via stephenmk; not an official JLPT word list
ja-n2-00585,サークル,サークル,1. group with a common interest (e.g. students); club (e.g. company sports club); circle | 2. circle (shape),noun (common) (futsuumeishi),study-work-and-communication,jmdict-waller,JMdict:1054850;waller-n2.csv:line-586,Community estimate: Waller via stephenmk; not an official JLPT word list
ja-n2-00586,在学,ざいがく,"1. attending (school, college, etc.); being enrolled; being a student",noun (common) (futsuumeishi); noun or participle which takes the aux. verb suru; intransitive verb,study-work-and-communication,jmdict-waller,JMdict:1296440;waller-n2.csv:line-587,Community estimate: Waller via stephenmk; not an official JLPT word list
ja-n2-00587,再三,さいさん,1. again and again; repeatedly,adverb (fukushi); nouns which may take the genitive case particle 'no',general-language,jmdict-waller,JMdict:1292760;waller-n2.csv:line-588,Community estimate: Waller via stephenmk; not an official JLPT word list
ja-n2-00588,祭日,さいじつ,1. national holiday; festival day,noun (common) (futsuumeishi); nouns which may take the genitive case particle 'no',time-and-quantity,jmdict-waller,JMdict:1295310;waller-n2.csv:line-589,Community estimate: Waller via stephenmk; not an official JLPT word list
ja-n2-00589,催促,さいそく,1. pressing; urging; demanding; demand,noun (common) (futsuumeishi); noun or participle which takes the aux. verb suru; transitive verb,general-language,jmdict-waller,JMdict:1292200;waller-n2.csv:line-590,Community estimate: Waller via stephenmk; not an official JLPT word list
ja-n2-00590,採点,さいてん,1. marking; grading; scoring,noun (common) (futsuumeishi); noun or participle which takes the aux. verb suru; transitive verb,general-language,jmdict-waller,JMdict:1294850;waller-n2.csv:line-591,Community estimate: Waller via stephenmk; not an official JLPT word list
ja-n2-00591,災難,さいなん,1. calamity; misfortune; disaster,noun (common) (futsuumeishi),general-language,jmdict-waller,JMdict:1295110;waller-n2.csv:line-592,Community estimate: Waller via stephenmk; not an official JLPT word list
ja-n2-00592,裁縫,さいほう,1. sewing; needlework,noun (common) (futsuumeishi); noun or participle which takes the aux. verb suru; intransitive verb,general-language,jmdict-waller,JMdict:1296200;waller-n2.csv:line-593,Community estimate: Waller via stephenmk; not an official JLPT word list
ja-n2-00593,材木,ざいもく,1. wood (for building); lumber; timber,noun (common) (futsuumeishi),general-language,jmdict-waller,JMdict:1296660;waller-n2.csv:line-594,Community estimate: Waller via stephenmk; not an official JLPT word list
ja-n2-00594,サイレン,サイレン,1. siren,noun (common) (futsuumeishi); nouns which may take the genitive case particle 'no',general-language,jmdict-waller,JMdict:1056150;waller-n2.csv:line-595,Community estimate: Waller via stephenmk; not an official JLPT word list
ja-n2-00595,逆さ,さかさ,1. inverted; upside down; reversed; back to front [abbreviation],nouns which may take the genitive case particle 'no'; adjectival nouns or quasi-adjectives (keiyodoshi); noun (common) (futsuumeishi),general-language,jmdict-waller,JMdict:1226970;waller-n2.csv:line-596,Community estimate: Waller via stephenmk; not an official JLPT word list
ja-n2-00596,逆様,さかさま,1. inverted; upside down; reversed; back to front; wrong way round,adjectival nouns or quasi-adjectives (keiyodoshi); nouns which may take the genitive case particle 'no'; noun (common) (futsuumeishi),general-language,jmdict-waller,JMdict:1593650;waller-n2.csv:line-597,Community estimate: Waller via stephenmk; not an official JLPT word list
ja-n2-00598,遡る,さかのぼる,1. to go upstream; to go up (a river) [word usually written using kana alone] | 2. to go back (to the past or origin); to date back (to); to trace back (to); to be retroactive (to) [word usually written using kana alone],Godan verb with 'ru' ending; intransitive verb,nature-and-science,jmdict-waller,JMdict:1397830;waller-n2.csv:line-599,Community estimate: Waller via stephenmk; not an official JLPT word list
ja-n2-00599,酒場,さかば,1. bar; pub; tavern,noun (common) (futsuumeishi),general-language,jmdict-waller,JMdict:1329110;waller-n2.csv:line-600,Community estimate: Waller via stephenmk; not an official JLPT word list
ja-n2-00600,さきおととい,さきおととい,1. two days before yesterday; three days back (ago),noun (common) (futsuumeishi); adverb (fukushi),general-language,jmdict-waller,JMdict:1576030;waller-n2.csv:line-601,Community estimate: Waller via stephenmk; not an official JLPT word list
ja-n2-00601,先程,さきほど,1. a short while ago; a moment ago; just now; some time ago,noun (common) (futsuumeishi); adverb (fukushi),time-and-quantity,jmdict-waller,JMdict:1388170;waller-n2.csv:line-602,Community estimate: Waller via stephenmk; not an official JLPT word list
ja-n2-00602,裂く,さく,1. to tear; to rip up | 2. to cut up; to cleave; to cut open (esp. the abdomen) | 3. to forcibly separate (e.g. two lovers) | 4. to have a tattoo in the corner of one's eye [archaic],Godan verb with 'ku' ending; transitive verb,general-language,jmdict-waller,JMdict:1207730;waller-n2.csv:line-603,Community estimate: Waller via stephenmk; not an official JLPT word list
ja-n2-00603,索引,さくいん,1. index (in a book),noun (common) (futsuumeishi),study-work-and-communication,jmdict-waller,JMdict:1298320;waller-n2.csv:line-604,Community estimate: Waller via stephenmk; not an official JLPT word list
ja-n2-00604,作者,さくしゃ,1. creator (of a work); author; writer; artist; composer; playwright; dramatist,noun (common) (futsuumeishi),study-work-and-communication,jmdict-waller,JMdict:1297710;waller-n2.csv:line-605,Community estimate: Waller via stephenmk; not an official JLPT word list
ja-n2-00605,削除,さくじょ,1. deletion; elimination; erasure; striking out,noun (common) (futsuumeishi); noun or participle which takes the aux. verb suru; transitive verb,general-language,jmdict-waller,JMdict:1298120;waller-n2.csv:line-606,Community estimate: Waller via stephenmk; not an official JLPT word list
ja-n2-00606,作成,さくせい,"1. making (a report, plan, contract, etc.); drawing up; writing out; preparing; creating (a file, website, account, etc.)",noun (common) (futsuumeishi); noun or participle which takes the aux. verb suru; transitive verb,general-language,jmdict-waller,JMdict:1297760;waller-n2.csv:line-607,Community estimate: Waller via stephenmk; not an official JLPT word list
ja-n2-00607,作製,さくせい,1. manufacture; production,noun (common) (futsuumeishi); noun or participle which takes the aux. verb suru; transitive verb,general-language,jmdict-waller,JMdict:1297790;waller-n2.csv:line-608,Community estimate: Waller via stephenmk; not an official JLPT word list
ja-n2-00608,探る,さぐる,1. to feel around for; to fumble for; to grope for; to search for; to look for | 2. to investigate; to probe into; to spy on; to sound out | 3. to explore (parts unknown); to enjoy (natural beauty),Godan verb with 'ru' ending; transitive verb,general-language,jmdict-waller,JMdict:1418260;waller-n2.csv:line-609,Community estimate: Waller via stephenmk; not an official JLPT word list
ja-n2-00609,囁く,ささやく,1. to whisper; to murmur [word usually written using kana alone] | 2. to rumor; to rumour [word usually written using kana alone] (usu. in the passive),Godan verb with 'ku' ending; intransitive verb,general-language,jmdict-waller,JMdict:1565670;waller-n2.csv:line-610,Community estimate: Waller via stephenmk; not an official JLPT word list
ja-n2-00610,刺さる,ささる,1. to stick into (of something with a sharp point); to prick; to pierce; to get stuck (in); to lodge (in) | 2. to resonate emotionally; to move,Godan verb with 'ru' ending; intransitive verb,general-language,jmdict-waller,JMdict:1306390;waller-n2.csv:line-611,Community estimate: Waller via stephenmk; not an official JLPT word list
ja-n2-00611,匙,さじ,1. spoon [word usually written using kana alone],noun (common) (futsuumeishi),general-language,jmdict-waller,JMdict:1585630;waller-n2.csv:line-612,Community estimate: Waller via stephenmk; not an official JLPT word list
ja-n2-00612,座敷,ざしき,1. tatami room; tatami mat room; formal Japanese room | 2. dinner party in a tatami room (esp. when a geisha or maiko attends),noun (common) (futsuumeishi),home-and-daily-life,jmdict-waller,JMdict:1291990;waller-n2.csv:line-613,Community estimate: Waller via stephenmk; not an official JLPT word list
ja-n2-00613,差し支え,さしつかえ,1. hindrance; impediment,noun (common) (futsuumeishi),general-language,jmdict-waller,JMdict:1593780;waller-n2.csv:line-614,Community estimate: Waller via stephenmk; not an official JLPT word list
ja-n2-00614,差し引き,さしひき,1. deduction; subtraction; balance | 2. ebb and flow; rise and fall,noun (common) (futsuumeishi); noun or participle which takes the aux. verb suru; transitive verb; intransitive verb,general-language,jmdict-waller,JMdict:1291090;waller-n2.csv:line-615,Community estimate: Waller via stephenmk; not an official JLPT word list
ja-n2-00615,刺身,さしみ,"1. sashimi (raw sliced fish, shellfish or crustaceans)",noun (common) (futsuumeishi),food-and-dining,jmdict-waller,JMdict:1306570;waller-n2.csv:line-616,Community estimate: Waller via stephenmk; not an official JLPT word list
ja-n2-00616,刺す,さす,1. to pierce; to stab; to prick; to stick; to thrust | 2. to sting; to bite | 3. to sew; to stitch; to embroider | 4. to pole (a boat) | 5. to catch (with a limed pole) | 6. to put (a runner) out; to pick off [baseball],Godan verb with 'su' ending; transitive verb,general-language,jmdict-waller,JMdict:1306470;waller-n2.csv:line-617,Community estimate: Waller via stephenmk; not an official JLPT word list
ja-n2-00617,挿す,さす,1. to insert; to put in | 2. to plant (a cutting); to strike | 3. to arrange (flowers) | 4. to wear (a sword) in one's belt | 5. to shut; to close; to lock; to fasten,Godan verb with 'su' ending; transitive verb,general-language,jmdict-waller,JMdict:1399830;waller-n2.csv:line-618,Community estimate: Waller via stephenmk; not an official JLPT word list
ja-n2-00618,注す,さす,"1. to pour; to add (liquid); to serve (drinks) [word usually written using kana alone] | 2. to put on (lipstick, etc.); to apply; to colour; to dye [word usually written using kana alone]",Godan verb with 'su' ending; transitive verb,general-language,jmdict-waller,JMdict:1609820;waller-n2.csv:line-619,Community estimate: Waller via stephenmk; not an official JLPT word list
ja-n2-00619,射す,さす,1. to shine,Godan verb with 'su' ending; intransitive verb,general-language,jmdict-waller,JMdict:1322170;waller-n2.csv:line-620,Community estimate: Waller via stephenmk; not an official JLPT word list
ja-n2-00620,流石,さすが,"1. as one would expect; just as you'd expect (from); just like (someone) [word usually written using kana alone] | 2. still; all the same; after all [word usually written using kana alone] | 3. even ... (e.g. ""even a genius"") [word usually written using kana alone]",adverb (fukushi); adjectival nouns or quasi-adjectives (keiyodoshi),general-language,jmdict-waller,JMdict:1552390;waller-n2.csv:line-621,Community estimate: Waller via stephenmk; not an official JLPT word list
ja-n2-00621,撮影,さつえい,1. photography (still or motion); photographing; filming; shooting; (video) recording,noun (common) (futsuumeishi); noun or participle which takes the aux. verb suru; transitive verb,general-language,jmdict-waller,JMdict:1298800;waller-n2.csv:line-622,Community estimate: Waller via stephenmk; not an official JLPT word list
ja-n2-00622,雑音,ざつおん,1. noise (usu. unpleasant) | 2. interference (e.g. radio); static; noise | 3. gossip; irresponsible criticism,noun (common) (futsuumeishi),general-language,jmdict-waller,JMdict:1299280;waller-n2.csv:line-623,Community estimate: Waller via stephenmk; not an official JLPT word list
ja-n2-00623,さっさと,さっさと,1. quickly; promptly; immediately; without delay; without hesitation; briskly; hurriedly; hastily [onomatopoeic or mimetic word] | 2. indifferently; coldly [onomatopoeic or mimetic word],adverb (fukushi),general-language,jmdict-waller,JMdict:1005190;waller-n2.csv:line-624,Community estimate: Waller via stephenmk; not an official JLPT word list
ja-n2-00624,早速,さっそく,1. at once; immediately; without delay; promptly,adverb (fukushi),general-language,jmdict-waller,JMdict:1400300;waller-n2.csv:line-625,Community estimate: Waller via stephenmk; not an official JLPT word list
ja-n2-00625,錆,さび,1. rust,noun (common) (futsuumeishi),general-language,jmdict-waller,JMdict:1593820;waller-n2.csv:line-626,Community estimate: Waller via stephenmk; not an official JLPT word list
ja-n2-00626,錆びる,さびる,1. to rust; to become rusty,Ichidan verb; intransitive verb,general-language,jmdict-waller,JMdict:1299640;waller-n2.csv:line-627,Community estimate: Waller via stephenmk; not an official JLPT word list
ja-n2-00627,座布団,ざぶとん,1. zabuton; flat floor cushion used when sitting or kneeling; usu. rectangular,noun (common) (futsuumeishi),general-language,jmdict-waller,JMdict:1291980;waller-n2.csv:line-628,Community estimate: Waller via stephenmk; not an official JLPT word list
ja-n2-00628,冷ます,さます,1. to cool (e.g. from a high temperature to room temperature); to let cool | 2. to dampen; to throw a damper on; to spoil,Godan verb with 'su' ending; transitive verb,home-and-daily-life,jmdict-waller,JMdict:1556740;waller-n2.csv:line-629,Community estimate: Waller via stephenmk; not an official JLPT word list
ja-n2-00629,妨げる,さまたげる,1. to disturb; to prevent; to obstruct; to hinder,Ichidan verb; transitive verb,general-language,jmdict-waller,JMdict:1519120;waller-n2.csv:line-630,Community estimate: Waller via stephenmk; not an official JLPT word list
ja-n2-00630,冷める,さめる,"1. to cool down; to get cold | 2. to cool off (excitement, temper, etc.); to subside; to dampen; to fade; to wane | 3. to be cold (eyes, expression, etc.); to be composed",Ichidan verb; intransitive verb,general-language,jmdict-waller,JMdict:1556750;waller-n2.csv:line-631,Community estimate: Waller via stephenmk; not an official JLPT word list
ja-n2-00631,さようなら,さようなら,1. farewell; adieu; goodbye; so long [word usually written using kana alone],interjection (kandoushi),general-language,jmdict-waller,JMdict:1291050;waller-n2.csv:line-632,Community estimate: Waller via stephenmk; not an official JLPT word list
ja-n2-00635,サラリーマン,サラリーマン,1. office worker; company employee; company man; salaryman,noun (common) (futsuumeishi),study-work-and-communication,jmdict-waller,JMdict:1057960;waller-n2.csv:line-636,Community estimate: Waller via stephenmk; not an official JLPT word list
ja-n2-00636,騒がしい,さわがしい,"1. noisy; boisterous | 2. turbulent (era, etc.); troubled",adjective (keiyoushi),general-language,jmdict-waller,JMdict:1403000;waller-n2.csv:line-637,Community estimate: Waller via stephenmk; not an official JLPT word list
ja-n2-00637,さわやか,さわやか,1. fresh; refreshing; invigorating; pleasant; delightful | 2. clear (voice); fluent (speech); eloquent,adjectival nouns or quasi-adjectives (keiyodoshi),general-language,jmdict-waller,JMdict:1399520;waller-n2.csv:line-638,Community estimate: Waller via stephenmk; not an official JLPT word list
ja-n2-00638,三角,さんかく,1. triangle; triangular shape,noun (common) (futsuumeishi),general-language,jmdict-waller,JMdict:1299970;waller-n2.csv:line-639,Community estimate: Waller via stephenmk; not an official JLPT word list
ja-n2-00639,算数,さんすう,1. arithmetic | 2. calculation,noun (common) (futsuumeishi),general-language,jmdict-waller,JMdict:1303930;waller-n2.csv:line-640,Community estimate: Waller via stephenmk; not an official JLPT word list
ja-n2-00640,酸性,さんせい,1. acidity [chemistry] | 2. acidic [chemistry],noun (common) (futsuumeishi); nouns which may take the genitive case particle 'no',general-language,jmdict-waller,JMdict:1304330;waller-n2.csv:line-641,Community estimate: Waller via stephenmk; not an official JLPT word list
ja-n2-00641,産地,さんち,1. producing area; place of origin; growing district | 2. home (of a plant or animal); habitat; locality | 3. birthplace (of a person) [colloquial],noun (common) (futsuumeishi),travel-and-places,jmdict-waller,JMdict:1303820;waller-n2.csv:line-642,Community estimate: Waller via stephenmk; not an official JLPT word list
ja-n2-00642,サンプル,サンプル,1. sample; example; specimen | 2. display model (e.g. plastic food models used by restaurants),noun (common) (futsuumeishi),general-language,jmdict-waller,JMdict:1058760;waller-n2.csv:line-643,Community estimate: Waller via stephenmk; not an official JLPT word list
ja-n2-00643,山林,さんりん,1. mountain forest; forest on a mountain; forest land; woodland | 2. mountains and forests,noun (common) (futsuumeishi),nature-and-science,jmdict-waller,JMdict:1303230;waller-n2.csv:line-644,Community estimate: Waller via stephenmk; not an official JLPT word list
ja-n2-00644,仕上がる,しあがる,1. to be finished; to be completed; to be done,Godan verb with 'ru' ending; intransitive verb,general-language,jmdict-waller,JMdict:1305130;waller-n2.csv:line-645,Community estimate: Waller via stephenmk; not an official JLPT word list
ja-n2-00645,しあさって,しあさって,1. in three days' time; two days after tomorrow,noun (common) (futsuumeishi); adverb (fukushi),time-and-quantity,jmdict-waller,JMdict:1594050;waller-n2.csv:line-646,Community estimate: Waller via stephenmk; not an official JLPT word list
ja-n2-00646,シーズン,シーズン,"1. season (period in which regulated games are played) [sports] | 2. season (division of the year) | 3. season (of a TV show, etc.) | 4. season (for doing something, e.g. ski season, entrance examination season)",noun (common) (futsuumeishi),general-language,jmdict-waller,JMdict:1059300;waller-n2.csv:line-647,Community estimate: Waller via stephenmk; not an official JLPT word list
ja-n2-00647,シーツ,シーツ,1. sheet; bed sheet,noun (common) (futsuumeishi),general-language,jmdict-waller,JMdict:1059400;waller-n2.csv:line-648,Community estimate: Waller via stephenmk; not an official JLPT word list
ja-n2-00648,寺院,じいん,1. Buddhist temple | 2. religious building; church; cathedral; mosque,noun (common) (futsuumeishi),general-language,jmdict-waller,JMdict:1315250;waller-n2.csv:line-649,Community estimate: Waller via stephenmk; not an official JLPT word list
ja-n2-00649,しいん,しいん,1. silently (as the grave); quietly (as in death) [onomatopoeic or mimetic word],adverb (fukushi); adverb taking the 'to' particle; noun or participle which takes the aux. verb suru,general-language,jmdict-waller,JMdict:1631970;waller-n2.csv:line-650,Community estimate: Waller via stephenmk; not an official JLPT word list
ja-n2-00650,自衛,じえい,1. self-defense; self-defence,noun (common) (futsuumeishi); noun or participle which takes the aux. verb suru; transitive verb; intransitive verb; nouns which may take the genitive case particle 'no',general-language,jmdict-waller,JMdict:1317400;waller-n2.csv:line-651,Community estimate: Waller via stephenmk; not an official JLPT word list
ja-n2-00651,塩辛い,しおからい,1. salty (taste); briny,adjective (keiyoushi),food-and-dining,jmdict-waller,JMdict:1609860;waller-n2.csv:line-652,Community estimate: Waller via stephenmk; not an official JLPT word list
ja-n2-00652,司会,しかい,1. leading a meeting; presiding over a meeting; officiating at a ceremony; chairmanship | 2. chairman; presenter; host; moderator; master of ceremonies,noun (common) (futsuumeishi); noun or participle which takes the aux. verb suru; transitive verb; intransitive verb,study-work-and-communication,jmdict-waller,JMdict:1306640;waller-n2.csv:line-653,Community estimate: Waller via stephenmk; not an official JLPT word list
ja-n2-00653,四角,しかく,1. quadrilateral; square [geometry],adjectival nouns or quasi-adjectives (keiyodoshi); nouns which may take the genitive case particle 'no'; noun (common) (futsuumeishi),general-language,jmdict-waller,JMdict:1307090;waller-n2.csv:line-654,Community estimate: Waller via stephenmk; not an official JLPT word list
ja-n2-00654,四角い,しかくい,1. square; rectangular,adjective (keiyoushi),general-language,jmdict-waller,JMdict:1307100;waller-n2.csv:line-655,Community estimate: Waller via stephenmk; not an official JLPT word list
ja-n2-00655,時間割,じかんわり,1. timetable (esp. a weekly school timetable); schedule,noun (common) (futsuumeishi),study-work-and-communication,jmdict-waller,JMdict:1315960;waller-n2.csv:line-656,Community estimate: Waller via stephenmk; not an official JLPT word list
ja-n2-00656,四季,しき,1. the four seasons,noun (common) (futsuumeishi),general-language,jmdict-waller,JMdict:1307130;waller-n2.csv:line-657,Community estimate: Waller via stephenmk; not an official JLPT word list
ja-n2-00657,敷地,しきち,1. site; plot; lot; grounds,noun (common) (futsuumeishi),general-language,jmdict-waller,JMdict:1497060;waller-n2.csv:line-658,Community estimate: Waller via stephenmk; not an official JLPT word list
ja-n2-00658,至急,しきゅう,1. urgent; pressing; immediate; prompt; express | 2. urgently; promptly; at once; right away; without delay; as soon as possible,nouns which may take the genitive case particle 'no'; noun (common) (futsuumeishi); adverb (fukushi),general-language,jmdict-waller,JMdict:1311900;waller-n2.csv:line-659,Community estimate: Waller via stephenmk; not an official JLPT word list
ja-n2-00659,敷く,しく,1. to spread out (e.g. a futon); to lay out | 2. to lay down (e.g. a cushion) | 3. to impose widely (e.g. martial law); to promulgate | 4. to pin down; to hold down | 5. to lay (e.g. railway tracks) | 6. to deploy (e.g. troops) | 7. to spread (e.g. snow); to be propagated [formal or literary term],Godan verb with 'ku' ending; transitive verb; intransitive verb,general-language,jmdict-waller,JMdict:1497020;waller-n2.csv:line-660,Community estimate: Waller via stephenmk; not an official JLPT word list
ja-n2-00660,茂る,しげる,1. to grow thickly; to be in full leaf; to be rampant; to luxuriate; to be luxurious,Godan verb with 'ru' ending; intransitive verb,general-language,jmdict-waller,JMdict:1533740;waller-n2.csv:line-661,Community estimate: Waller via stephenmk; not an official JLPT word list
ja-n2-00661,持参,じさん,1. bringing; taking; carrying,noun (common) (futsuumeishi); noun or participle which takes the aux. verb suru; transitive verb,general-language,jmdict-waller,JMdict:1315790;waller-n2.csv:line-662,Community estimate: Waller via stephenmk; not an official JLPT word list
ja-n2-00662,磁石,じしゃく,1. magnet | 2. compass,noun (common) (futsuumeishi); nouns which may take the genitive case particle 'no',general-language,jmdict-waller,JMdict:1317080;waller-n2.csv:line-663,Community estimate: Waller via stephenmk; not an official JLPT word list
ja-n2-00663,四捨五入,ししゃごにゅう,1. rounding (off; a number); rounding half away from zero | 2. rounding off (views); converging to a common opinion,noun (common) (futsuumeishi); noun or participle which takes the aux. verb suru; transitive verb,time-and-quantity,jmdict-waller,JMdict:1307250;waller-n2.csv:line-664,Community estimate: Waller via stephenmk; not an official JLPT word list
ja-n2-00664,始終,しじゅう,1. continuously; from beginning to end; from first to last,adverb (fukushi); noun (common) (futsuumeishi),general-language,jmdict-waller,JMdict:1307570;waller-n2.csv:line-665,Community estimate: Waller via stephenmk; not an official JLPT word list
ja-n2-00665,自習,じしゅう,1. self-study; teaching oneself | 2. studying by oneself (at school) while the teacher is absent,noun (common) (futsuumeishi); noun or participle which takes the aux. verb suru; transitive verb; intransitive verb,study-work-and-communication,jmdict-waller,JMdict:1317900;waller-n2.csv:line-666,Community estimate: Waller via stephenmk; not an official JLPT word list
ja-n2-00666,静まる,しずまる,1. to become quiet; to quiet down; to quieten down | 2. to calm down; to die down; to subside; to abate; to be suppressed,Godan verb with 'ru' ending; intransitive verb,general-language,jmdict-waller,JMdict:1594270;waller-n2.csv:line-667,Community estimate: Waller via stephenmk; not an official JLPT word list
ja-n2-00667,姿勢,しせい,1. posture; pose; position; stance; carriage (of the body) | 2. attitude; approach; stance,noun (common) (futsuumeishi),health-and-body,jmdict-waller,JMdict:1307740;waller-n2.csv:line-668,Community estimate: Waller via stephenmk; not an official JLPT word list
ja-n2-00668,自然科学,しぜんかがく,1. natural science,noun (common) (futsuumeishi),nature-and-science,jmdict-waller,JMdict:1318110;waller-n2.csv:line-669,Community estimate: Waller via stephenmk; not an official JLPT word list
ja-n2-00669,時速,じそく,1. speed (per hour),noun (common) (futsuumeishi),time-and-quantity,jmdict-waller,JMdict:1316290;waller-n2.csv:line-670,Community estimate: Waller via stephenmk; not an official JLPT word list
ja-n2-00670,子孫,しそん,1. descendant; progeny; offspring,noun (common) (futsuumeishi),general-language,jmdict-waller,JMdict:1307990;waller-n2.csv:line-671,Community estimate: Waller via stephenmk; not an official JLPT word list
ja-n2-00671,死体,したい,1. dead body; corpse; cadaver; carcass,noun (common) (futsuumeishi),health-and-body,jmdict-waller,JMdict:1310920;waller-n2.csv:line-672,Community estimate: Waller via stephenmk; not an official JLPT word list
ja-n2-00672,下書き,したがき,1. draft; rough copy,noun (common) (futsuumeishi); noun or participle which takes the aux. verb suru,general-language,jmdict-waller,JMdict:1185370;waller-n2.csv:line-673,Community estimate: Waller via stephenmk; not an official JLPT word list
ja-n2-00673,下町,したまち,"1. low-lying part of a city (usu. containing shops, factories, etc.) | 2. Shitamachi (low-lying area of eastern Tokyo near Tokyo Bay, incl. Asakusa, Shitaya, Kanda, Fukugawa, Honjo, Nihonbashi, Kyobashi and surrounds)",noun (common) (futsuumeishi),travel-and-places,jmdict-waller,JMdict:1185940;waller-n2.csv:line-674,Community estimate: Waller via stephenmk; not an official JLPT word list
ja-n2-00674,自治,じち,1. self-government; autonomy | 2. local (governmental) autonomy [abbreviation],noun (common) (futsuumeishi),society-and-economy,jmdict-waller,JMdict:1317810;waller-n2.csv:line-675,Community estimate: Waller via stephenmk; not an official JLPT word list
ja-n2-00675,実感,じっかん,1. real feeling; actual feeling | 2. to actually feel; to have a real feeling (that ...); to experience personally,noun (common) (futsuumeishi); noun or participle which takes the aux. verb suru; transitive verb; intransitive verb,thought-and-feeling,jmdict-waller,JMdict:1320920;waller-n2.csv:line-676,Community estimate: Waller via stephenmk; not an official JLPT word list
ja-n2-00676,湿気,しっけ,1. moisture; humidity; dampness,noun (common) (futsuumeishi),general-language,jmdict-waller,JMdict:1320410;waller-n2.csv:line-677,Community estimate: Waller via stephenmk; not an official JLPT word list
ja-n2-00677,湿気,しっき,1. moisture; humidity; dampness,noun (common) (futsuumeishi),general-language,jmdict-waller,JMdict:1320410;waller-n2.csv:line-678,Community estimate: Waller via stephenmk; not an official JLPT word list
ja-n2-00678,しつこい,しつこい,"1. insistent; obstinate; persistent; tenacious [word usually written using kana alone] | 2. too rich (taste, etc.); fatty; heavy; greasy [word usually written using kana alone]",adjective (keiyoushi),general-language,jmdict-waller,JMdict:1005550;waller-n2.csv:line-679,Community estimate: Waller via stephenmk; not an official JLPT word list
ja-n2-00679,実習,じっしゅう,1. practice (in the field); training (esp. practical and hands-on); practical exercise; drill,noun (common) (futsuumeishi); noun or participle which takes the aux. verb suru; transitive verb,general-language,jmdict-waller,JMdict:1321200;waller-n2.csv:line-680,Community estimate: Waller via stephenmk; not an official JLPT word list
ja-n2-00680,実績,じっせき,1. achievements; actual results; accomplishments; past results; track record,noun (common) (futsuumeishi),general-language,jmdict-waller,JMdict:1321240;waller-n2.csv:line-681,Community estimate: Waller via stephenmk; not an official JLPT word list
ja-n2-00681,湿度,しつど,1. humidity,noun (common) (futsuumeishi),general-language,jmdict-waller,JMdict:1320490;waller-n2.csv:line-682,Community estimate: Waller via stephenmk; not an official JLPT word list
ja-n2-00682,執筆,しっぴつ,1. writing; authoring,noun (common) (futsuumeishi); noun or participle which takes the aux. verb suru; transitive verb,general-language,jmdict-waller,JMdict:1319710;waller-n2.csv:line-683,Community estimate: Waller via stephenmk; not an official JLPT word list
ja-n2-00683,実物,じつぶつ,1. real thing; original; actual,noun (common) (futsuumeishi); nouns which may take the genitive case particle 'no',general-language,jmdict-waller,JMdict:1321430;waller-n2.csv:line-684,Community estimate: Waller via stephenmk; not an official JLPT word list
ja-n2-00684,しっぽ,しっぽ,1. tail (of an animal) | 2. tail end; tip,noun (common) (futsuumeishi),nature-and-science,jmdict-waller,JMdict:1358800;waller-n2.csv:line-685,Community estimate: Waller via stephenmk; not an official JLPT word list
ja-n2-00685,実用,じつよう,1. practical use; utility,noun (common) (futsuumeishi),general-language,jmdict-waller,JMdict:1321480;waller-n2.csv:line-686,Community estimate: Waller via stephenmk; not an official JLPT word list
ja-n2-00686,実力,じつりょく,1. (real) ability; true strength; merit; efficiency; competency | 2. arms; force,noun (common) (futsuumeishi),general-language,jmdict-waller,JMdict:1321530;waller-n2.csv:line-687,Community estimate: Waller via stephenmk; not an official JLPT word list
ja-n2-00687,実例,じつれい,1. example; illustration; precedent,noun (common) (futsuumeishi),general-language,jmdict-waller,JMdict:1321560;waller-n2.csv:line-688,Community estimate: Waller via stephenmk; not an official JLPT word list
ja-n2-00688,失恋,しつれん,1. disappointed love; broken heart; unrequited love; being lovelorn,noun (common) (futsuumeishi); noun or participle which takes the aux. verb suru; intransitive verb,health-and-body,jmdict-waller,JMdict:1320250;waller-n2.csv:line-689,Community estimate: Waller via stephenmk; not an official JLPT word list
ja-n2-00689,指定,してい,1. designation; specification; assignment; appointment; pointing at,noun (common) (futsuumeishi); noun or participle which takes the aux. verb suru; transitive verb,general-language,jmdict-waller,JMdict:1309910;waller-n2.csv:line-690,Community estimate: Waller via stephenmk; not an official JLPT word list
ja-n2-00690,私鉄,してつ,1. private railway,noun (common) (futsuumeishi),general-language,jmdict-waller,JMdict:1311340;waller-n2.csv:line-691,Community estimate: Waller via stephenmk; not an official JLPT word list
ja-n2-00691,児童,じどう,1. children; juvenile,noun (common) (futsuumeishi),general-language,jmdict-waller,JMdict:1315060;waller-n2.csv:line-692,Community estimate: Waller via stephenmk; not an official JLPT word list
ja-n2-00692,縛る,しばる,"1. to tie; to bind; to fasten | 2. to restrict (freedom); to tie down (with rules, regulations, etc.); to fetter",Godan verb with 'ru' ending; transitive verb,general-language,jmdict-waller,JMdict:1476050;waller-n2.csv:line-693,Community estimate: Waller via stephenmk; not an official JLPT word list
ja-n2-00693,地盤,じばん,"1. ground; crust (earth); bed (gravel, river, etc.) | 2. foundation (building, etc.); base | 3. constituency; power base; support (electoral); footing; foothold",noun (common) (futsuumeishi),nature-and-science,jmdict-waller,JMdict:1421420;waller-n2.csv:line-694,Community estimate: Waller via stephenmk; not an official JLPT word list
ja-n2-00694,しびれる,しびれる,1. to become numb; to go to sleep (e.g. a limb) [word usually written using kana alone] | 2. to get an electric shock; to tingle (from an electric shock) [word usually written using kana alone] | 3. to be excited; to be titillated; to be mesmerized; to be enthralled [word usually written using kana alone],Ichidan verb; intransitive verb,home-and-daily-life,jmdict-waller,JMdict:1569620;waller-n2.csv:line-695,Community estimate: Waller via stephenmk; not an official JLPT word list
ja-n2-00695,紙幣,しへい,1. paper money; note; bill,noun (common) (futsuumeishi),society-and-economy,jmdict-waller,JMdict:1311600;waller-n2.csv:line-696,Community estimate: Waller via stephenmk; not an official JLPT word list
ja-n2-00696,しぼむ,しぼむ,"1. to wither (of flowers, dreams, etc.); to wilt; to droop; to shrivel; to fade (away); to sag; to deflate [word usually written using kana alone]",Godan verb with 'mu' ending; intransitive verb,general-language,jmdict-waller,JMdict:1427460;waller-n2.csv:line-697,Community estimate: Waller via stephenmk; not an official JLPT word list
ja-n2-00697,絞る,しぼる,"1. to wring (towel, rag); to squeeze | 2. to squeeze (fruit to extract juice); to press; to extract; to milk; to express milk | 3. to rack (one's brains); to strain (one's voice) | 4. to extort; to exploit | 5. to chew out; to reprimand severely; to rake over the coals; to give a sound scolding; to tell someone off; to scold; to rebuke (often passive voice) | 6. to drill into; to train | 7. to narrow down (one's focus); to whittle down | 8. to gather up (curtain, etc.); to tighten (drawstring) | 9. to stop down (lens) | 10. to turn down (e.g. radio) | 11. to bend (bow); to draw | 12. to hold down; to constrict; to immobilize [sumo] | 13. to squeeze [go (game); word usually written using kana alone]",Godan verb with 'ru' ending; transitive verb,general-language,jmdict-waller,JMdict:1594520;waller-n2.csv:line-698,Community estimate: Waller via stephenmk; not an official JLPT word list
ja-n2-00698,縞,しま,1. stripe; bar; streak | 2. (weaved) stripe pattern (of 2 or more different colors),"noun (common) (futsuumeishi); noun, used as a suffix; nouns which may take the genitive case particle 'no'",general-language,jmdict-waller,JMdict:1321670;waller-n2.csv:line-699,Community estimate: Waller via stephenmk; not an official JLPT word list
ja-n2-00699,地味,じみ,"1. plain; simple; subdued; sober | 2. reserved (behaviour, attitude, etc.); modest; quiet; unobtrusive | 3. quite; a (little) bit [colloquial]",adjectival nouns or quasi-adjectives (keiyodoshi); noun (common) (futsuumeishi); adverb (fukushi),general-language,jmdict-waller,JMdict:1421490;waller-n2.csv:line-700,Community estimate: Waller via stephenmk; not an official JLPT word list
ja-n2-00700,しみじみ,しみじみ,"1. keenly; deeply; fully; heartily; seriously; earnestly [onomatopoeic or mimetic word; word usually written using kana alone] | 2. calmly; quietly; softly [onomatopoeic or mimetic word; word usually written using kana alone] | 3. fixedly (gazing, staring); intently [onomatopoeic or mimetic word; word usually written using kana alone]",adverb (fukushi); adverb taking the 'to' particle,general-language,jmdict-waller,JMdict:1005610;waller-n2.csv:line-701,Community estimate: Waller via stephenmk; not an official JLPT word list
ja-n2-00701,氏名,しめい,1. (full) name; identity,noun (common) (futsuumeishi),general-language,jmdict-waller,JMdict:1311060;waller-n2.csv:line-702,Community estimate: Waller via stephenmk; not an official JLPT word list
ja-n2-00702,締切,しめきり,"1. deadline; closing; cut-off | 2. closing (a door, window, etc.) | 3. cofferdam",noun (common) (futsuumeishi),general-language,jmdict-waller,JMdict:1594590;waller-n2.csv:line-703,Community estimate: Waller via stephenmk; not an official JLPT word list
ja-n2-00703,締め切る,しめきる,1. to close up; to shut up (e.g. behind doors) | 2. to cut off (e.g. because a deadline has expired); to close off (e.g. subscription list),Godan verb with 'ru' ending; transitive verb,general-language,jmdict-waller,JMdict:1594600;waller-n2.csv:line-704,Community estimate: Waller via stephenmk; not an official JLPT word list
ja-n2-00704,湿る,しめる,1. to become damp; to become moist; to become wet | 2. to lack energy; to be in a slump; to be in low spirits; to feel depressed,Godan verb with 'ru' ending; intransitive verb,general-language,jmdict-waller,JMdict:1320390;waller-n2.csv:line-705,Community estimate: Waller via stephenmk; not an official JLPT word list
ja-n2-00705,ジャーナリスト,ジャーナリスト,1. journalist,noun (common) (futsuumeishi),general-language,jmdict-waller,JMdict:1064980;waller-n2.csv:line-706,Community estimate: Waller via stephenmk; not an official JLPT word list
ja-n2-00706,社会科学,しゃかいかがく,1. social science,noun (common) (futsuumeishi),nature-and-science,jmdict-waller,JMdict:1322720;waller-n2.csv:line-707,Community estimate: Waller via stephenmk; not an official JLPT word list
ja-n2-00707,しゃがむ,しゃがむ,1. to squat; to crouch,Godan verb with 'mu' ending; intransitive verb,general-language,jmdict-waller,JMdict:1005630;waller-n2.csv:line-708,Community estimate: Waller via stephenmk; not an official JLPT word list
ja-n2-00708,蛇口,じゃぐち,1. faucet; tap,noun (common) (futsuumeishi),general-language,jmdict-waller,JMdict:1323370;waller-n2.csv:line-709,Community estimate: Waller via stephenmk; not an official JLPT word list
ja-n2-00709,弱点,じゃくてん,1. weak point; weakness; shortcoming; defect; flaw; sore spot; tender spot,noun (common) (futsuumeishi),general-language,jmdict-waller,JMdict:1324870;waller-n2.csv:line-710,Community estimate: Waller via stephenmk; not an official JLPT word list
ja-n2-00710,車庫,しゃこ,"1. garage; carport; depot (for trains, buses, etc.); shed; carbarn",noun (common) (futsuumeishi),general-language,jmdict-waller,JMdict:1323120;waller-n2.csv:line-711,Community estimate: Waller via stephenmk; not an official JLPT word list
ja-n2-00711,車掌,しゃしょう,1. (train) conductor,noun (common) (futsuumeishi),travel-and-places,jmdict-waller,JMdict:1323170;waller-n2.csv:line-712,Community estimate: Waller via stephenmk; not an official JLPT word list
ja-n2-00712,写生,しゃせい,1. sketching; drawing from nature; portrayal; description,noun (common) (futsuumeishi); noun or participle which takes the aux. verb suru; transitive verb,nature-and-science,jmdict-waller,JMdict:1322120;waller-n2.csv:line-713,Community estimate: Waller via stephenmk; not an official JLPT word list
ja-n2-00713,社説,しゃせつ,1. editorial; leading article; leader,noun (common) (futsuumeishi),general-language,jmdict-waller,JMdict:1322890;waller-n2.csv:line-714,Community estimate: Waller via stephenmk; not an official JLPT word list
ja-n2-00714,しゃっくり,しゃっくり,1. hiccup; hiccough [word usually written using kana alone],noun (common) (futsuumeishi); noun or participle which takes the aux. verb suru; intransitive verb,general-language,jmdict-waller,JMdict:1005650;waller-n2.csv:line-715,Community estimate: Waller via stephenmk; not an official JLPT word list
ja-n2-00715,シャッター,シャッター,"1. (camera) shutter | 2. shutter (for a door, window, etc.)",noun (common) (futsuumeishi),general-language,jmdict-waller,JMdict:1061440;waller-n2.csv:line-716,Community estimate: Waller via stephenmk; not an official JLPT word list
ja-n2-00716,しゃぶる,しゃぶる,1. to suck; to lick,Godan verb with 'ru' ending; transitive verb,general-language,jmdict-waller,JMdict:1005670;waller-n2.csv:line-717,Community estimate: Waller via stephenmk; not an official JLPT word list
ja-n2-00717,車輪,しゃりん,1. (vehicle) wheel,noun (common) (futsuumeishi),general-language,jmdict-waller,JMdict:1323280;waller-n2.csv:line-718,Community estimate: Waller via stephenmk; not an official JLPT word list
ja-n2-00718,洒落,しゃれ,1. joke; pun; jest; witticism; wordplay | 2. smartly dressed; stylish; fashion-conscious; refined,noun (common) (futsuumeishi); adjectival nouns or quasi-adjectives (keiyodoshi),general-language,jmdict-waller,JMdict:1568640;waller-n2.csv:line-719,Community estimate: Waller via stephenmk; not an official JLPT word list
ja-n2-00719,じゃんけん,じゃんけん,1. rock-paper-scissors (game); janken [word usually written using kana alone],noun (common) (futsuumeishi); noun or participle which takes the aux. verb suru; intransitive verb,general-language,jmdict-waller,JMdict:1005970;waller-n2.csv:line-720,Community estimate: Waller via stephenmk; not an official JLPT word list
ja-n2-00720,集会,しゅうかい,1. meeting; assembly; gathering; congregation; convention; rally,noun (common) (futsuumeishi); noun or participle which takes the aux. verb suru; intransitive verb,study-work-and-communication,jmdict-waller,JMdict:1333600;waller-n2.csv:line-721,Community estimate: Waller via stephenmk; not an official JLPT word list
ja-n2-00721,住居,じゅうきょ,1. dwelling; house; residence; address,noun (common) (futsuumeishi); noun or participle which takes the aux. verb suru; intransitive verb,home-and-daily-life,jmdict-waller,JMdict:2841455;waller-n2.csv:line-722,Community estimate: Waller via stephenmk; not an official JLPT word list
ja-n2-00722,集金,しゅうきん,1. money collection,noun (common) (futsuumeishi); noun or participle which takes the aux. verb suru; transitive verb; intransitive verb,society-and-economy,jmdict-waller,JMdict:1333620;waller-n2.csv:line-723,Community estimate: Waller via stephenmk; not an official JLPT word list
ja-n2-00723,集合,しゅうごう,1. meeting up; gathering; assembly | 2. set [mathematics],noun (common) (futsuumeishi); noun or participle which takes the aux. verb suru; intransitive verb,study-work-and-communication,jmdict-waller,JMdict:1333680;waller-n2.csv:line-724,Community estimate: Waller via stephenmk; not an official JLPT word list
ja-n2-00724,習字,しゅうじ,1. penmanship; calligraphy,noun (common) (futsuumeishi),general-language,jmdict-waller,JMdict:1333110;waller-n2.csv:line-725,Community estimate: Waller via stephenmk; not an official JLPT word list
ja-n2-00725,修繕,しゅうぜん,1. repair; mending,noun (common) (futsuumeishi); noun or participle which takes the aux. verb suru; transitive verb,general-language,jmdict-waller,JMdict:1332170;waller-n2.csv:line-726,Community estimate: Waller via stephenmk; not an official JLPT word list
ja-n2-00726,重体,じゅうたい,1. serious condition; critical condition,noun (common) (futsuumeishi),general-language,jmdict-waller,JMdict:1595360;waller-n2.csv:line-727,Community estimate: Waller via stephenmk; not an official JLPT word list
ja-n2-00727,絨毯,じゅうたん,1. carpet; rug; runner,noun (common) (futsuumeishi),general-language,jmdict-waller,JMdict:1595370;waller-n2.csv:line-728,Community estimate: Waller via stephenmk; not an official JLPT word list
ja-n2-00728,終点,しゅうてん,1. terminus; last stop (e.g. train),noun (common) (futsuumeishi),travel-and-places,jmdict-waller,JMdict:1332950;waller-n2.csv:line-729,Community estimate: Waller via stephenmk; not an official JLPT word list
ja-n2-00729,重点,じゅうてん,1. important point; emphasis; stress; importance; priority | 2. iteration mark | 3. colon (punctuation),noun (common) (futsuumeishi),general-language,jmdict-waller,JMdict:1336570;waller-n2.csv:line-730,Community estimate: Waller via stephenmk; not an official JLPT word list
ja-n2-00730,就任,しゅうにん,1. assumption (of office); taking up (a post); inauguration; installation,noun (common) (futsuumeishi); noun or participle which takes the aux. verb suru; intransitive verb,general-language,jmdict-waller,JMdict:1331780;waller-n2.csv:line-731,Community estimate: Waller via stephenmk; not an official JLPT word list
ja-n2-00731,周辺,しゅうへん,1. circumference; outskirts; environs; around; in the area of; in the vicinity of | 2. (computer) peripheral [computing],"noun (common) (futsuumeishi); noun, used as a suffix",general-language,jmdict-waller,JMdict:1331300;waller-n2.csv:line-732,Community estimate: Waller via stephenmk; not an official JLPT word list
ja-n2-00732,重役,じゅうやく,1. (company) director; executive; top management | 2. important post; role with heavy responsibilities,noun (common) (futsuumeishi),study-work-and-communication,jmdict-waller,JMdict:1336770;waller-n2.csv:line-733,Community estimate: Waller via stephenmk; not an official JLPT word list
ja-n2-00733,終了,しゅうりょう,1. end; close; conclusion; termination,noun (common) (futsuumeishi); noun or participle which takes the aux. verb suru; transitive verb; intransitive verb,general-language,jmdict-waller,JMdict:1333040;waller-n2.csv:line-734,Community estimate: Waller via stephenmk; not an official JLPT word list
ja-n2-00734,重量,じゅうりょう,1. weight,noun (common) (futsuumeishi),general-language,jmdict-waller,JMdict:1336900;waller-n2.csv:line-735,Community estimate: Waller via stephenmk; not an official JLPT word list
ja-n2-00735,重力,じゅうりょく,1. gravity; gravitation; gravitational pull [physics],noun (common) (futsuumeishi),general-language,jmdict-waller,JMdict:1336980;waller-n2.csv:line-736,Community estimate: Waller via stephenmk; not an official JLPT word list
ja-n2-00736,熟語,じゅくご,1. kanji compound [linguistics] | 2. idiom; idiomatic phrase,noun (common) (futsuumeishi),general-language,jmdict-waller,JMdict:1337830;waller-n2.csv:line-737,Community estimate: Waller via stephenmk; not an official JLPT word list
ja-n2-00737,祝日,しゅくじつ,1. national holiday; public holiday,noun (common) (futsuumeishi); nouns which may take the genitive case particle 'no',society-and-economy,jmdict-waller,JMdict:1337500;waller-n2.csv:line-738,Community estimate: Waller via stephenmk; not an official JLPT word list
ja-n2-00738,縮小,しゅくしょう,1. reduction; curtailment; cut; cutback; scaling down; contraction; shrinkage,noun (common) (futsuumeishi); noun or participle which takes the aux. verb suru; transitive verb; intransitive verb,general-language,jmdict-waller,JMdict:1337630;waller-n2.csv:line-739,Community estimate: Waller via stephenmk; not an official JLPT word list
ja-n2-00739,受験,じゅけん,1. taking an examination (esp. for entrance to a school or university),noun (common) (futsuumeishi); noun or participle which takes the aux. verb suru; transitive verb,study-work-and-communication,jmdict-waller,JMdict:1329740;waller-n2.csv:line-740,Community estimate: Waller via stephenmk; not an official JLPT word list
ja-n2-00740,主語,しゅご,1. subject [grammar],noun (common) (futsuumeishi),general-language,jmdict-waller,JMdict:1325420;waller-n2.csv:line-741,Community estimate: Waller via stephenmk; not an official JLPT word list
ja-n2-00741,出勤,しゅっきん,1. going to work; leaving for work; attendance (at work); being at work; presence (in the office); reporting for work,noun (common) (futsuumeishi); noun or participle which takes the aux. verb suru; intransitive verb,study-work-and-communication,jmdict-waller,JMdict:1338600;waller-n2.csv:line-742,Community estimate: Waller via stephenmk; not an official JLPT word list
ja-n2-00742,述語,じゅつご,1. predicate [grammar] | 2. predicate [logic],noun (common) (futsuumeishi),general-language,jmdict-waller,JMdict:1340840;waller-n2.csv:line-743,Community estimate: Waller via stephenmk; not an official JLPT word list
ja-n2-00743,出張,しゅっちょう,1. business trip; official trip,noun (common) (futsuumeishi); noun or participle which takes the aux. verb suru; intransitive verb,study-work-and-communication,jmdict-waller,JMdict:1339660;waller-n2.csv:line-744,Community estimate: Waller via stephenmk; not an official JLPT word list
ja-n2-00744,寿命,じゅみょう,"1. lifespan; life; lifetime | 2. life (of a battery, lightbulb, etc.); service life; end of an object's (useful) life",noun (common) (futsuumeishi),general-language,jmdict-waller,JMdict:1330240;waller-n2.csv:line-745,Community estimate: Waller via stephenmk; not an official JLPT word list
ja-n2-00745,主役,しゅやく,1. leading part; leading actor; leading actress,noun (common) (futsuumeishi); nouns which may take the genitive case particle 'no',general-language,jmdict-waller,JMdict:1326290;waller-n2.csv:line-746,Community estimate: Waller via stephenmk; not an official JLPT word list
ja-n2-00746,受話器,じゅわき,1. (telephone) receiver,noun (common) (futsuumeishi),general-language,jmdict-waller,JMdict:1330090;waller-n2.csv:line-747,Community estimate: Waller via stephenmk; not an official JLPT word list
ja-n2-00747,循環,じゅんかん,1. circulation; rotation; cycle; loop,noun (common) (futsuumeishi); noun or participle which takes the aux. verb suru; intransitive verb,general-language,jmdict-waller,JMdict:1341340;waller-n2.csv:line-748,Community estimate: Waller via stephenmk; not an official JLPT word list
ja-n2-00748,巡査,じゅんさ,1. police officer; policeman; constable,noun (common) (futsuumeishi),general-language,jmdict-waller,JMdict:1342110;waller-n2.csv:line-749,Community estimate: Waller via stephenmk; not an official JLPT word list
ja-n2-00749,順々,じゅんじゅん,1. in order; in turn,adverb (fukushi); noun (common) (futsuumeishi),general-language,jmdict-waller,JMdict:1342230;waller-n2.csv:line-750,Community estimate: Waller via stephenmk; not an official JLPT word list
ja-n2-00750,順序,じゅんじょ,1. order; sequence | 2. procedure,noun (common) (futsuumeishi),general-language,jmdict-waller,JMdict:1342340;waller-n2.csv:line-751,Community estimate: Waller via stephenmk; not an official JLPT word list
ja-n2-00751,純情,じゅんじょう,1. pure heart; naivete; innocence,noun (common) (futsuumeishi); adjectival nouns or quasi-adjectives (keiyodoshi),health-and-body,jmdict-waller,JMdict:1341910;waller-n2.csv:line-752,Community estimate: Waller via stephenmk; not an official JLPT word list
ja-n2-00752,純粋,じゅんすい,1. pure; true; genuine; unmixed,adjectival nouns or quasi-adjectives (keiyodoshi); nouns which may take the genitive case particle 'no'; noun (common) (futsuumeishi),general-language,jmdict-waller,JMdict:1341930;waller-n2.csv:line-753,Community estimate: Waller via stephenmk; not an official JLPT word list
ja-n2-00753,消化,しょうか,1. digestion (of food) | 2. digestion (of information); assimilation; thorough understanding | 3. consumption; absorption; using up; meeting (e.g. a quota); completion | 4. losing one's form and turning into something else [archaic] (orig. meaning),noun (common) (futsuumeishi); noun or participle which takes the aux. verb suru; transitive verb; intransitive verb,food-and-dining,jmdict-waller,JMdict:1350140;waller-n2.csv:line-754,Community estimate: Waller via stephenmk; not an official JLPT word list
ja-n2-00754,小学生,しょうがくせい,1. elementary school student; primary school student; grade school student,noun (common) (futsuumeishi),study-work-and-communication,jmdict-waller,JMdict:1347880;waller-n2.csv:line-755,Community estimate: Waller via stephenmk; not an official JLPT word list
ja-n2-00755,しょうがない,しょうがない,"1. there's no (other) way [word usually written using kana alone] | 2. cannot be helped; unavoidable; inevitable; (there's) nothing one can do; having no choice; it is what it is [word usually written using kana alone] | 3. it's no use (doing); pointless; useless; no good; insufficient; not enough [word usually written using kana alone] | 4. hopeless (person); annoying; troublesome; awful [word usually written using kana alone] | 5. cannot stand it; unbearable; cannot help (doing, feeling); dying (to do) [word usually written using kana alone]","expressions (phrases, clauses, etc.); adjective (keiyoushi)",general-language,jmdict-waller,JMdict:1305510;waller-n2.csv:line-756,Community estimate: Waller via stephenmk; not an official JLPT word list
ja-n2-00756,将棋,しょうぎ,1. shogi; Japanese chess,noun (common) (futsuumeishi),general-language,jmdict-waller,JMdict:1347640;waller-n2.csv:line-757,Community estimate: Waller via stephenmk; not an official JLPT word list
ja-n2-00757,蒸気,じょうき,1. steam; vapour; vapor | 2. steamboat; steam locomotive [abbreviation],noun (common) (futsuumeishi),general-language,jmdict-waller,JMdict:1356930;waller-n2.csv:line-758,Community estimate: Waller via stephenmk; not an official JLPT word list
ja-n2-00758,定規,じょうぎ,1. (measuring) ruler,noun (common) (futsuumeishi),general-language,jmdict-waller,JMdict:1435520;waller-n2.csv:line-759,Community estimate: Waller via stephenmk; not an official JLPT word list
ja-n2-00759,上級,じょうきゅう,1. upper level; upper grade; high rank; advanced level; senior level; upper class,noun (common) (futsuumeishi); nouns which may take the genitive case particle 'no',general-language,jmdict-waller,JMdict:1352930;waller-n2.csv:line-760,Community estimate: Waller via stephenmk; not an official JLPT word list
ja-n2-00760,商業,しょうぎょう,1. commerce; trade; business,noun (common) (futsuumeishi); nouns which may take the genitive case particle 'no',study-work-and-communication,jmdict-waller,JMdict:1346740;waller-n2.csv:line-761,Community estimate: Waller via stephenmk; not an official JLPT word list
ja-n2-00761,消極的,しょうきょくてき,1. negative; passive; half-hearted; unmotivated,adjectival nouns or quasi-adjectives (keiyodoshi),general-language,jmdict-waller,JMdict:1350220;waller-n2.csv:line-762,Community estimate: Waller via stephenmk; not an official JLPT word list
ja-n2-00762,賞金,しょうきん,1. prize money; monetary award; reward,noun (common) (futsuumeishi),society-and-economy,jmdict-waller,JMdict:1351930;waller-n2.csv:line-763,Community estimate: Waller via stephenmk; not an official JLPT word list
ja-n2-00763,上下,じょうげ,1. top and bottom; high and low; above and below; upper and lower ends; up and down | 2. going up and down; rising and falling; fluctuating | 3. going and coming back | 4. upper and lower classes; ruler and ruled; the government and the people | 5. first and second volumes | 6. top and bottom; two-piece (outfit) [clothing],noun (common) (futsuumeishi); noun or participle which takes the aux. verb suru; intransitive verb,general-language,jmdict-waller,JMdict:1352710;waller-n2.csv:line-764,Community estimate: Waller via stephenmk; not an official JLPT word list
ja-n2-00764,障子,しょうじ,1. shoji (paper sliding door),noun (common) (futsuumeishi),home-and-daily-life,jmdict-waller,JMdict:1352090;waller-n2.csv:line-765,Community estimate: Waller via stephenmk; not an official JLPT word list
ja-n2-00765,商社,しょうしゃ,1. trading company,noun (common) (futsuumeishi),study-work-and-communication,jmdict-waller,JMdict:1347080;waller-n2.csv:line-766,Community estimate: Waller via stephenmk; not an official JLPT word list
ja-n2-00766,乗車,じょうしゃ,"1. boarding (a train, bus, etc.); getting into (e.g. a taxi)",noun (common) (futsuumeishi); noun or participle which takes the aux. verb suru; intransitive verb,travel-and-places,jmdict-waller,JMdict:1355270;waller-n2.csv:line-767,Community estimate: Waller via stephenmk; not an official JLPT word list
ja-n2-00767,上旬,じょうじゅん,1. first third of a month; first ten days of a month,noun (common) (futsuumeishi),time-and-quantity,jmdict-waller,JMdict:1353410;waller-n2.csv:line-768,Community estimate: Waller via stephenmk; not an official JLPT word list
ja-n2-00768,生ずる,しょうずる,1. to produce; to yield; to cause | 2. to result from; to arise; to be generated,Ichidan verb - zuru verb (alternative form of -jiru verbs); transitive verb; intransitive verb,general-language,jmdict-waller,JMdict:1378660;waller-n2.csv:line-769,Community estimate: Waller via stephenmk; not an official JLPT word list
ja-n2-00769,小数,しょうすう,1. fraction (part of); decimal fraction,noun (common) (futsuumeishi); nouns which may take the genitive case particle 'no',general-language,jmdict-waller,JMdict:1348370;waller-n2.csv:line-770,Community estimate: Waller via stephenmk; not an official JLPT word list
ja-n2-00770,商店,しょうてん,1. shop; store; firm,noun (common) (futsuumeishi),general-language,jmdict-waller,JMdict:1347180;waller-n2.csv:line-771,Community estimate: Waller via stephenmk; not an official JLPT word list
ja-n2-00771,焦点,しょうてん,"1. focus; focal point | 2. focus (of attention, a discussion, etc.); point at issue; central point | 3. focus [geometry]",noun (common) (futsuumeishi),general-language,jmdict-waller,JMdict:1350810;waller-n2.csv:line-772,Community estimate: Waller via stephenmk; not an official JLPT word list
ja-n2-00772,消毒,しょうどく,1. disinfection; sterilization; sterilisation,noun (common) (futsuumeishi); noun or participle which takes the aux. verb suru; transitive verb,general-language,jmdict-waller,JMdict:1350270;waller-n2.csv:line-773,Community estimate: Waller via stephenmk; not an official JLPT word list
ja-n2-00773,勝敗,しょうはい,"1. victory or defeat; outcome (of a game, battle, etc.)",noun (common) (futsuumeishi),general-language,jmdict-waller,JMdict:1346220;waller-n2.csv:line-774,Community estimate: Waller via stephenmk; not an official JLPT word list
ja-n2-00774,蒸発,じょうはつ,1. evaporation | 2. disappearance (of a person); vanishing without a trace [colloquial],noun (common) (futsuumeishi); noun or participle which takes the aux. verb suru; intransitive verb,general-language,jmdict-waller,JMdict:1356960;waller-n2.csv:line-775,Community estimate: Waller via stephenmk; not an official JLPT word list
ja-n2-00775,賞品,しょうひん,1. prize; trophy,noun (common) (futsuumeishi),general-language,jmdict-waller,JMdict:1351960;waller-n2.csv:line-776,Community estimate: Waller via stephenmk; not an official JLPT word list
ja-n2-00776,勝負,しょうぶ,1. victory or defeat | 2. match; contest; game; bout; showdown,noun (common) (futsuumeishi); noun or participle which takes the aux. verb suru; intransitive verb,general-language,jmdict-waller,JMdict:1346230;waller-n2.csv:line-777,Community estimate: Waller via stephenmk; not an official JLPT word list
ja-n2-00777,小便,しょうべん,1. urine; piss; pee; urination | 2. breaking a contract [colloquial],noun (common) (futsuumeishi); noun or participle which takes the aux. verb suru; intransitive verb,general-language,jmdict-waller,JMdict:1580280;waller-n2.csv:line-778,Community estimate: Waller via stephenmk; not an official JLPT word list
ja-n2-00778,消防署,しょうぼうしょ,1. fire station,noun (common) (futsuumeishi),travel-and-places,jmdict-waller,JMdict:1350370;waller-n2.csv:line-779,Community estimate: Waller via stephenmk; not an official JLPT word list
ja-n2-00779,正味,しょうみ,1. net (amount); clear; full (e.g. working hours) | 2. net weight | 3. net price; cost price | 4. actual content; useful part,nouns which may take the genitive case particle 'no'; noun (common) (futsuumeishi),general-language,jmdict-waller,JMdict:1377980;waller-n2.csv:line-780,Community estimate: Waller via stephenmk; not an official JLPT word list
ja-n2-00780,正面,しょうめん,1. front; frontage; facade; main,noun (common) (futsuumeishi); nouns which may take the genitive case particle 'no'; prefix,general-language,jmdict-waller,JMdict:1378030;waller-n2.csv:line-781,Community estimate: Waller via stephenmk; not an official JLPT word list
ja-n2-00781,消耗,しょうもう,1. exhaustion; consumption; using up; dissipation; waste,noun (common) (futsuumeishi); noun or participle which takes the aux. verb suru; transitive verb; intransitive verb,general-language,jmdict-waller,JMdict:1580310;waller-n2.csv:line-782,Community estimate: Waller via stephenmk; not an official JLPT word list
ja-n2-00783,省略,しょうりゃく,1. omission; leaving out | 2. abbreviation; abridgment; abridgement; shortening (e.g. of a name),noun (common) (futsuumeishi); noun or participle which takes the aux. verb suru; transitive verb,general-language,jmdict-waller,JMdict:1351120;waller-n2.csv:line-784,Community estimate: Waller via stephenmk; not an official JLPT word list
ja-n2-00784,初級,しょきゅう,1. elementary level; beginner level,noun (common) (futsuumeishi); nouns which may take the genitive case particle 'no',general-language,jmdict-waller,JMdict:1342710;waller-n2.csv:line-785,Community estimate: Waller via stephenmk; not an official JLPT word list
ja-n2-00785,助教授,じょきょうじゅ,1. assistant professor; associate professor,noun (common) (futsuumeishi),general-language,jmdict-waller,JMdict:1344550;waller-n2.csv:line-786,Community estimate: Waller via stephenmk; not an official JLPT word list
ja-n2-00786,食塩,しょくえん,1. table salt,noun (common) (futsuumeishi),general-language,jmdict-waller,JMdict:1358410;waller-n2.csv:line-787,Community estimate: Waller via stephenmk; not an official JLPT word list
ja-n2-00787,職人,しょくにん,1. craftsman; artisan; tradesman; worker; workman,noun (common) (futsuumeishi),general-language,jmdict-waller,JMdict:1357550;waller-n2.csv:line-788,Community estimate: Waller via stephenmk; not an official JLPT word list
ja-n2-00788,初旬,しょじゅん,1. first 10 days of the month,adverb (fukushi); noun (common) (futsuumeishi),time-and-quantity,jmdict-waller,JMdict:1342820;waller-n2.csv:line-789,Community estimate: Waller via stephenmk; not an official JLPT word list
ja-n2-00789,書籍,しょせき,1. book; publication,noun (common) (futsuumeishi),study-work-and-communication,jmdict-waller,JMdict:1344090;waller-n2.csv:line-790,Community estimate: Waller via stephenmk; not an official JLPT word list
ja-n2-00790,食器,しょっき,1. tableware,noun (common) (futsuumeishi),general-language,jmdict-waller,JMdict:1358430;waller-n2.csv:line-791,Community estimate: Waller via stephenmk; not an official JLPT word list
ja-n2-00791,ショップ,ショップ,1. shop,noun (common) (futsuumeishi),general-language,jmdict-waller,JMdict:1062820;waller-n2.csv:line-792,Community estimate: Waller via stephenmk; not an official JLPT word list
ja-n2-00792,書店,しょてん,1. bookshop; bookstore,noun (common) (futsuumeishi),general-language,jmdict-waller,JMdict:1344120;waller-n2.csv:line-793,Community estimate: Waller via stephenmk; not an official JLPT word list
ja-n2-00793,書道,しょどう,1. calligraphy (esp. Asian calligraphy based on Chinese characters),noun (common) (futsuumeishi),general-language,jmdict-waller,JMdict:1344130;waller-n2.csv:line-794,Community estimate: Waller via stephenmk; not an official JLPT word list
ja-n2-00794,白髪,しらが,1. white hair; grey hair; gray hair,noun (common) (futsuumeishi); nouns which may take the genitive case particle 'no',general-language,jmdict-waller,JMdict:1583050;waller-n2.csv:line-795,Community estimate: Waller via stephenmk; not an official JLPT word list
ja-n2-00795,知合い,しりあい,1. acquaintance,noun (common) (futsuumeishi),general-language,jmdict-waller,JMdict:1595070;waller-n2.csv:line-796,Community estimate: Waller via stephenmk; not an official JLPT word list
ja-n2-00796,シリーズ,シリーズ,1. series,noun (common) (futsuumeishi),general-language,jmdict-waller,JMdict:1062910;waller-n2.csv:line-797,Community estimate: Waller via stephenmk; not an official JLPT word list
ja-n2-00797,私立,しりつ,1. private (establishment),noun (common) (futsuumeishi); nouns which may take the genitive case particle 'no',general-language,jmdict-waller,JMdict:1311420;waller-n2.csv:line-798,Community estimate: Waller via stephenmk; not an official JLPT word list
ja-n2-00798,資料,しりょう,1. material; materials; data; information; documents,noun (common) (futsuumeishi),study-work-and-communication,jmdict-waller,JMdict:1312820;waller-n2.csv:line-799,Community estimate: Waller via stephenmk; not an official JLPT word list
ja-n2-00799,汁,しる,1. juice; sap | 2. soup; broth,"noun (common) (futsuumeishi); noun, used as a suffix",general-language,jmdict-waller,JMdict:1335520;waller-n2.csv:line-800,Community estimate: Waller via stephenmk; not an official JLPT word list
ja-n2-00800,素人,しろうと,"1. amateur; layman; ordinary person; novice | 2. respectable woman (i.e. not a prostitute, hostess, geisha) | 3. unlicensed prostitute [archaic; Kyoto-ben]",noun (common) (futsuumeishi),people-and-relationships,jmdict-waller,JMdict:1397270;waller-n2.csv:line-801,Community estimate: Waller via stephenmk; not an official JLPT word list
ja-n2-00801,芯,しん,1. wick; marrow; staple (for stapler); (pencil) lead; stuffing; pith | 2. core; heart; centre; center | 3. pistil (of a flower) | 4. stamen,noun (common) (futsuumeishi),general-language,jmdict-waller,JMdict:1595120;waller-n2.csv:line-802,Community estimate: Waller via stephenmk; not an official JLPT word list
ja-n2-00802,新幹線,しんかんせん,1. Shinkansen; bullet train,noun (common) (futsuumeishi),travel-and-places,jmdict-waller,JMdict:1361590;waller-n2.csv:line-803,Community estimate: Waller via stephenmk; not an official JLPT word list
ja-n2-00803,真空,しんくう,1. vacuum | 2. absolute void; complete vacuity [Buddhism],noun (common) (futsuumeishi),general-language,jmdict-waller,JMdict:1363600;waller-n2.csv:line-804,Community estimate: Waller via stephenmk; not an official JLPT word list
ja-n2-00804,信ずる,しんずる,1. to believe; to believe in; to place trust in; to confide in; to have faith in,Ichidan verb - zuru verb (alternative form of -jiru verbs); transitive verb,travel-and-places,jmdict-waller,JMdict:1359070;waller-n2.csv:line-805,Community estimate: Waller via stephenmk; not an official JLPT word list
ja-n2-00805,心身,しんしん,1. mind and body,noun (common) (futsuumeishi); nouns which may take the genitive case particle 'no',health-and-body,jmdict-waller,JMdict:1360750;waller-n2.csv:line-806,Community estimate: Waller via stephenmk; not an official JLPT word list
ja-n2-00806,申請,しんせい,1. application; request; petition,noun (common) (futsuumeishi); noun or participle which takes the aux. verb suru; transitive verb,general-language,jmdict-waller,JMdict:1363130;waller-n2.csv:line-807,Community estimate: Waller via stephenmk; not an official JLPT word list
ja-n2-00807,人造,じんぞう,1. artificial; man-made; imitation; synthetic,noun (common) (futsuumeishi); nouns which may take the genitive case particle 'no',general-language,jmdict-waller,JMdict:1368580;waller-n2.csv:line-808,Community estimate: Waller via stephenmk; not an official JLPT word list
ja-n2-00808,寝台,しんだい,1. bed; couch,noun (common) (futsuumeishi),general-language,jmdict-waller,JMdict:1580570;waller-n2.csv:line-809,Community estimate: Waller via stephenmk; not an official JLPT word list
ja-n2-00809,診断,しんだん,1. diagnosis; medical examination,noun (common) (futsuumeishi); noun or participle which takes the aux. verb suru; transitive verb,general-language,jmdict-waller,JMdict:1365480;waller-n2.csv:line-810,Community estimate: Waller via stephenmk; not an official JLPT word list
ja-n2-00810,侵入,しんにゅう,1. invasion; incursion; raid; aggression; intrusion; trespass; penetration; hacking,noun (common) (futsuumeishi); noun or participle which takes the aux. verb suru; intransitive verb,general-language,jmdict-waller,JMdict:1359850;waller-n2.csv:line-811,Community estimate: Waller via stephenmk; not an official JLPT word list
ja-n2-00811,人文科学,じんぶんかがく,1. humanities; arts,noun (common) (futsuumeishi),general-language,jmdict-waller,JMdict:1369140;waller-n2.csv:line-812,Community estimate: Waller via stephenmk; not an official JLPT word list
ja-n2-00812,人命,じんめい,1. (human) life,noun (common) (futsuumeishi),general-language,jmdict-waller,JMdict:1369400;waller-n2.csv:line-813,Community estimate: Waller via stephenmk; not an official JLPT word list
ja-n2-00813,深夜,しんや,1. late at night,noun (common) (futsuumeishi); adverb (fukushi),time-and-quantity,jmdict-waller,JMdict:1362810;waller-n2.csv:line-814,Community estimate: Waller via stephenmk; not an official JLPT word list
ja-n2-00814,森林,しんりん,1. forest; woods,noun (common) (futsuumeishi); nouns which may take the genitive case particle 'no',general-language,jmdict-waller,JMdict:1362530;waller-n2.csv:line-815,Community estimate: Waller via stephenmk; not an official JLPT word list
ja-n2-00815,親類,しんるい,1. relative; relation; kin,noun (common) (futsuumeishi),general-language,jmdict-waller,JMdict:1365420;waller-n2.csv:line-816,Community estimate: Waller via stephenmk; not an official JLPT word list
ja-n2-00816,針路,しんろ,1. course; direction,noun (common) (futsuumeishi),travel-and-places,jmdict-waller,JMdict:1366280;waller-n2.csv:line-817,Community estimate: Waller via stephenmk; not an official JLPT word list
ja-n2-00817,神話,しんわ,1. myth; mythology,noun (common) (futsuumeishi),general-language,jmdict-waller,JMdict:1364940;waller-n2.csv:line-818,Community estimate: Waller via stephenmk; not an official JLPT word list
ja-n2-00818,酢,す,1. vinegar,noun (common) (futsuumeishi),general-language,jmdict-waller,JMdict:1370270;waller-n2.csv:line-819,Community estimate: Waller via stephenmk; not an official JLPT word list
ja-n2-00819,水産,すいさん,1. aquatic products; fisheries,noun (common) (futsuumeishi),general-language,jmdict-waller,JMdict:1609990;waller-n2.csv:line-820,Community estimate: Waller via stephenmk; not an official JLPT word list
ja-n2-00820,炊事,すいじ,1. cooking; kitchen work,noun (common) (futsuumeishi); noun or participle which takes the aux. verb suru; intransitive verb,study-work-and-communication,jmdict-waller,JMdict:1372350;waller-n2.csv:line-821,Community estimate: Waller via stephenmk; not an official JLPT word list
ja-n2-00821,水蒸気,すいじょうき,1. water vapour; water vapor; steam,noun (common) (futsuumeishi),nature-and-science,jmdict-waller,JMdict:1371660;waller-n2.csv:line-822,Community estimate: Waller via stephenmk; not an official JLPT word list
ja-n2-00822,水素,すいそ,1. hydrogen (H),noun (common) (futsuumeishi),general-language,jmdict-waller,JMdict:1371780;waller-n2.csv:line-823,Community estimate: Waller via stephenmk; not an official JLPT word list
ja-n2-00823,垂直,すいちょく,1. vertical | 2. perpendicular,adjectival nouns or quasi-adjectives (keiyodoshi); nouns which may take the genitive case particle 'no'; noun (common) (futsuumeishi),general-language,jmdict-waller,JMdict:1370980;waller-n2.csv:line-824,Community estimate: Waller via stephenmk; not an official JLPT word list
ja-n2-00824,推定,すいてい,1. presumption; assumption | 2. estimation,noun (common) (futsuumeishi); noun or participle which takes the aux. verb suru; transitive verb; nouns which may take the genitive case particle 'no',general-language,jmdict-waller,JMdict:1371210;waller-n2.csv:line-825,Community estimate: Waller via stephenmk; not an official JLPT word list
ja-n2-00825,水滴,すいてき,1. drop of water | 2. vessel for replenishing inkstone water,noun (common) (futsuumeishi),nature-and-science,jmdict-waller,JMdict:1371880;waller-n2.csv:line-826,Community estimate: Waller via stephenmk; not an official JLPT word list
ja-n2-00826,水筒,すいとう,1. canteen; flask; water bottle; thermos,noun (common) (futsuumeishi),nature-and-science,jmdict-waller,JMdict:1371910;waller-n2.csv:line-827,Community estimate: Waller via stephenmk; not an official JLPT word list
ja-n2-00827,随筆,ずいひつ,1. essays; miscellaneous writings; literary jottings,noun (common) (futsuumeishi),general-language,jmdict-waller,JMdict:1372790;waller-n2.csv:line-828,Community estimate: Waller via stephenmk; not an official JLPT word list
ja-n2-00828,水分,すいぶん,1. water; liquid; fluid; moisture; humidity; sap; juice,noun (common) (futsuumeishi),nature-and-science,jmdict-waller,JMdict:1372010;waller-n2.csv:line-829,Community estimate: Waller via stephenmk; not an official JLPT word list
ja-n2-00829,水平,すいへい,1. horizontal; level; even,adjectival nouns or quasi-adjectives (keiyodoshi); nouns which may take the genitive case particle 'no'; noun (common) (futsuumeishi),general-language,jmdict-waller,JMdict:1372040;waller-n2.csv:line-830,Community estimate: Waller via stephenmk; not an official JLPT word list
ja-n2-00830,水平線,すいへいせん,1. horizon (related to bodies of water),noun (common) (futsuumeishi),nature-and-science,jmdict-waller,JMdict:1372060;waller-n2.csv:line-831,Community estimate: Waller via stephenmk; not an official JLPT word list
ja-n2-00831,水曜,すいよう,1. Wednesday,noun (common) (futsuumeishi),general-language,jmdict-waller,JMdict:1372180;waller-n2.csv:line-832,Community estimate: Waller via stephenmk; not an official JLPT word list
ja-n2-00832,ずうずうしい,ずうずうしい,1. impudent; shameless; brazen; forward; audacious; cheeky,adjective (keiyoushi),general-language,jmdict-waller,JMdict:1595940;waller-n2.csv:line-833,Community estimate: Waller via stephenmk; not an official JLPT word list
ja-n2-00833,ずうっと,ずうっと,"1. continuously; the whole time; all the way; throughout | 2. much (more); (by) far; far and away; a lot; a great deal | 3. far (away); long (ago, before, after) | 4. straight; directly",adverb (fukushi),time-and-quantity,jmdict-waller,JMdict:1006380;waller-n2.csv:line-834,Community estimate: Waller via stephenmk; not an official JLPT word list
ja-n2-00834,末っ子,すえっこ,1. youngest child,noun (common) (futsuumeishi),people-and-relationships,jmdict-waller,JMdict:1584380;waller-n2.csv:line-835,Community estimate: Waller via stephenmk; not an official JLPT word list
ja-n2-00835,スカーフ,スカーフ,1. scarf (esp. a lightweight summer scarf worn by women),noun (common) (futsuumeishi),general-language,jmdict-waller,JMdict:1067480;waller-n2.csv:line-836,Community estimate: Waller via stephenmk; not an official JLPT word list
ja-n2-00836,図鑑,ずかん,1. pictorial book; picture book; illustrated reference book; identification manual; field guide,noun (common) (futsuumeishi),study-work-and-communication,jmdict-waller,JMdict:1370370;waller-n2.csv:line-837,Community estimate: Waller via stephenmk; not an official JLPT word list
ja-n2-00837,杉,すぎ,1. Japanese cedar (Cryptomeria japonica),noun (common) (futsuumeishi),general-language,jmdict-waller,JMdict:1373520;waller-n2.csv:line-838,Community estimate: Waller via stephenmk; not an official JLPT word list
ja-n2-00838,好き嫌い,すききらい,1. likes and dislikes; tastes; preferences; pickiness (esp. about food); choosiness; fussiness,noun (common) (futsuumeishi),food-and-dining,jmdict-waller,JMdict:1277460;waller-n2.csv:line-839,Community estimate: Waller via stephenmk; not an official JLPT word list
ja-n2-00839,好き好き,すきずき,1. matter of taste,noun (common) (futsuumeishi),food-and-dining,jmdict-waller,JMdict:1595570;waller-n2.csv:line-840,Community estimate: Waller via stephenmk; not an official JLPT word list
ja-n2-00840,透き通る,すきとおる,1. to be transparent; to be see-through; to be clear | 2. to be clear (of a voice or sound),Godan verb with 'ru' ending; intransitive verb,general-language,jmdict-waller,JMdict:1450510;waller-n2.csv:line-841,Community estimate: Waller via stephenmk; not an official JLPT word list
ja-n2-00841,隙間,すきま,1. gap; opening; aperture; crevice; crack; chink; space | 2. spare moment; interval; break [dated term] | 3. unguarded moment; carelessness; chink in one's armor; weak spot [dated term],noun (common) (futsuumeishi),general-language,jmdict-waller,JMdict:1253790;waller-n2.csv:line-842,Community estimate: Waller via stephenmk; not an official JLPT word list
ja-n2-00842,スクール,スクール,1. school,noun (common) (futsuumeishi),study-work-and-communication,jmdict-waller,JMdict:1068230;waller-n2.csv:line-843,Community estimate: Waller via stephenmk; not an official JLPT word list
ja-n2-00843,すくなくとも,すくなくとも,1. at least,adverb (fukushi),general-language,jmdict-waller,JMdict:1595610;waller-n2.csv:line-844,Community estimate: Waller via stephenmk; not an official JLPT word list
ja-n2-00844,図形,ずけい,1. figure; shape; graphic,noun (common) (futsuumeishi),general-language,jmdict-waller,JMdict:1370380;waller-n2.csv:line-845,Community estimate: Waller via stephenmk; not an official JLPT word list
ja-n2-00845,スケジュール,スケジュール,1. schedule; program; calendar,noun (common) (futsuumeishi),general-language,jmdict-waller,JMdict:1068870;waller-n2.csv:line-846,Community estimate: Waller via stephenmk; not an official JLPT word list
ja-n2-00846,鈴,すず,1. bell (often globular),noun (common) (futsuumeishi),general-language,jmdict-waller,JMdict:1557580;waller-n2.csv:line-847,Community estimate: Waller via stephenmk; not an official JLPT word list
ja-n2-00847,涼む,すずむ,1. to cool oneself; to cool off; to enjoy the cool air,Godan verb with 'mu' ending; intransitive verb,general-language,jmdict-waller,JMdict:1554380;waller-n2.csv:line-848,Community estimate: Waller via stephenmk; not an official JLPT word list
ja-n2-00848,スタート,スタート,1. start; beginning | 2. starting (e.g. a race); departing; starting point; starting line,noun (common) (futsuumeishi); noun or participle which takes the aux. verb suru; transitive verb; intransitive verb,general-language,jmdict-waller,JMdict:1069370;waller-n2.csv:line-849,Community estimate: Waller via stephenmk; not an official JLPT word list
ja-n2-00849,スチュワーデス,スチュワーデス,1. stewardess; (female) flight attendant,noun (common) (futsuumeishi),general-language,jmdict-waller,JMdict:1070220;waller-n2.csv:line-850,Community estimate: Waller via stephenmk; not an official JLPT word list
ja-n2-00850,すっきり,すっきり,1. refreshingly; with a feeling of relief; pleasantly; (a weight) off one's shoulder [onomatopoeic or mimetic word] | 2. shapely; neatly; refinedly | 3. cleanly; without trouble | 4. clearly; plainly; distinctly | 5. completely; thoroughly | 6. not at all (with negative sentence); not even slightly,adverb (fukushi); adverb taking the 'to' particle; noun or participle which takes the aux. verb suru,thought-and-feeling,jmdict-waller,JMdict:1006120;waller-n2.csv:line-851,Community estimate: Waller via stephenmk; not an official JLPT word list
ja-n2-00851,すっぱい,すっぱい,1. sour; acid,adjective (keiyoushi),general-language,jmdict-waller,JMdict:1304280;waller-n2.csv:line-852,Community estimate: Waller via stephenmk; not an official JLPT word list
ja-n2-00852,ステージ,ステージ,1. stage (platform) | 2. performance; show | 3. stage (phase); part | 4. stage; level [video games],noun (common) (futsuumeishi),general-language,jmdict-waller,JMdict:1070320;waller-n2.csv:line-853,Community estimate: Waller via stephenmk; not an official JLPT word list
ja-n2-00854,ストッキング,ストッキング,1. stockings,noun (common) (futsuumeishi),general-language,jmdict-waller,JMdict:1071000;waller-n2.csv:line-855,Community estimate: Waller via stephenmk; not an official JLPT word list
ja-n2-00855,ストップ,ストップ,1. stop,noun (common) (futsuumeishi); noun or participle which takes the aux. verb suru; transitive verb; intransitive verb,general-language,jmdict-waller,JMdict:1071100;waller-n2.csv:line-856,Community estimate: Waller via stephenmk; not an official JLPT word list
ja-n2-00856,素直,すなお,1. obedient; meek; docile; unaffected | 2. honest; frank; upfront (about one's feelings) | 3. straight (e.g. hair) | 4. without peculiarity; without mannerisms; standard; neat (e.g. handwriting),adjectival nouns or quasi-adjectives (keiyodoshi); noun (common) (futsuumeishi),general-language,jmdict-waller,JMdict:1397340;waller-n2.csv:line-857,Community estimate: Waller via stephenmk; not an official JLPT word list
ja-n2-00857,頭脳,ずのう,1. head; brains | 2. intellect; understanding,noun (common) (futsuumeishi),health-and-body,jmdict-waller,JMdict:1450900;waller-n2.csv:line-858,Community estimate: Waller via stephenmk; not an official JLPT word list
ja-n2-00858,スピーカー,スピーカー,1. speaker,noun (common) (futsuumeishi),general-language,jmdict-waller,JMdict:1072240;waller-n2.csv:line-859,Community estimate: Waller via stephenmk; not an official JLPT word list
ja-n2-00859,図表,ずひょう,1. chart; diagram; graph; figure,noun (common) (futsuumeishi); nouns which may take the genitive case particle 'no',general-language,jmdict-waller,JMdict:1370490;waller-n2.csv:line-860,Community estimate: Waller via stephenmk; not an official JLPT word list
ja-n2-00860,スマート,スマート,"1. smart (clothing, etc.); stylish | 2. slim; slender | 3. skilful; slick; clever; adroit",adjectival nouns or quasi-adjectives (keiyodoshi),home-and-daily-life,jmdict-waller,JMdict:1073570;waller-n2.csv:line-861,Community estimate: Waller via stephenmk; not an official JLPT word list
ja-n2-00861,住まい,すまい,1. dwelling; house; residence; address | 2. living; life,"noun (common) (futsuumeishi); noun, used as a suffix",home-and-daily-life,jmdict-waller,JMdict:1595750;waller-n2.csv:line-862,Community estimate: Waller via stephenmk; not an official JLPT word list
ja-n2-00862,すまない,すまない,1. inexcusable; unjustifiable; unpardonable [word usually written using kana alone] | 2. sorry; remorseful; apologetic; conscience-stricken; contrite [word usually written using kana alone] | 3. excuse me; (I'm) sorry; thank you [word usually written using kana alone],adjective (keiyoushi); interjection (kandoushi),general-language,jmdict-waller,JMdict:1610020;waller-n2.csv:line-863,Community estimate: Waller via stephenmk; not an official JLPT word list
ja-n2-00863,墨,すみ,1. sumi; India ink; Chinese ink; ink stick; ink-cake | 2. squid ink; octopus ink | 3. carpenter's inking string,noun (common) (futsuumeishi),general-language,jmdict-waller,JMdict:1521510;waller-n2.csv:line-864,Community estimate: Waller via stephenmk; not an official JLPT word list
ja-n2-00864,澄む,すむ,"1. to become clear (water, air, etc.); to become transparent | 2. to resonate clearly (e.g. voice) | 3. to become serene; to become tranquil; to be free of worries | 4. to pronounce as an unvoiced sound",Godan verb with 'mu' ending; intransitive verb,nature-and-science,jmdict-waller,JMdict:1373680;waller-n2.csv:line-865,Community estimate: Waller via stephenmk; not an official JLPT word list
ja-n2-00866,相撲,すもう,1. sumo (wrestling) | 2. sumo wrestler; rikishi [abbreviation],noun (common) (futsuumeishi),general-language,jmdict-waller,JMdict:1401360;waller-n2.csv:line-867,Community estimate: Waller via stephenmk; not an official JLPT word list
ja-n2-00867,スライド,スライド,1. slide (for projection); transparency | 2. (microscope) slide [abbreviation] | 3. to slide; to slip | 4. to shift (e.g. a group of items in a schedule); to move | 5. to change (with a sliding scale); to index (to); to peg,noun (common) (futsuumeishi); noun or participle which takes the aux. verb suru,general-language,jmdict-waller,JMdict:1073760;waller-n2.csv:line-868,Community estimate: Waller via stephenmk; not an official JLPT word list
ja-n2-00868,ずらす,ずらす,"1. to shift; to move; to slide | 2. to move (an appointment, meeting, etc.); to bring forward; to put back; to put off; to delay; to postpone; to stagger (e.g. working hours)",Godan verb with 'su' ending; transitive verb,general-language,jmdict-waller,JMdict:1006420;waller-n2.csv:line-869,Community estimate: Waller via stephenmk; not an official JLPT word list
ja-n2-00869,ずらり,ずらり,1. in a row; in a line [onomatopoeic or mimetic word],adverb taking the 'to' particle; adverb (fukushi),general-language,jmdict-waller,JMdict:2008600;waller-n2.csv:line-870,Community estimate: Waller via stephenmk; not an official JLPT word list
ja-n2-00870,刷る,する,1. to print | 2. to color or pattern fabric using a wooden mold,Godan verb with 'ru' ending; transitive verb,general-language,jmdict-waller,JMdict:1298670;waller-n2.csv:line-871,Community estimate: Waller via stephenmk; not an official JLPT word list
ja-n2-00871,狡い,ずるい,1. sly; cunning; sneaky; crafty; unfair; dishonest [word usually written using kana alone],adjective (keiyoushi),general-language,jmdict-waller,JMdict:1569240;waller-n2.csv:line-872,Community estimate: Waller via stephenmk; not an official JLPT word list
ja-n2-00872,すれちがう,すれちがう,1. to pass (by) each other; to brush past | 2. to miss (meeting) each other; to fail to meet | 3. to be at odds; to clash; to be in conflict,Godan verb with 'u' ending; intransitive verb,general-language,jmdict-waller,JMdict:1595920;waller-n2.csv:line-873,Community estimate: Waller via stephenmk; not an official JLPT word list
ja-n2-00873,ずれる,ずれる,1. to slide; to slip off; to get dislocated; to be out of alignment; to get dislodged; to deviate; to shift (position); to be out of sync; to be slightly off; to be off-point,Ichidan verb; intransitive verb,general-language,jmdict-waller,JMdict:1006460;waller-n2.csv:line-874,Community estimate: Waller via stephenmk; not an official JLPT word list
ja-n2-00874,寸法,すんぽう,1. measurement; size; extent; dimension | 2. plan; intention; arrangement; schedule,noun (common) (futsuumeishi),general-language,jmdict-waller,JMdict:1373810;waller-n2.csv:line-875,Community estimate: Waller via stephenmk; not an official JLPT word list
ja-n2-00875,姓,せい,1. surname; family name | 2. hereditary title (used in ancient Japan to denote rank and political standing),noun (common) (futsuumeishi),people-and-relationships,jmdict-waller,JMdict:1375190;waller-n2.csv:line-876,Community estimate: Waller via stephenmk; not an official JLPT word list
ja-n2-00876,税関,ぜいかん,1. customs; customs house,noun (common) (futsuumeishi),home-and-daily-life,jmdict-waller,JMdict:1382090;waller-n2.csv:line-877,Community estimate: Waller via stephenmk; not an official JLPT word list
ja-n2-00877,製作,せいさく,"1. manufacture; production | 2. production (of a film, play, TV show, etc.)",noun (common) (futsuumeishi); noun or participle which takes the aux. verb suru; transitive verb,general-language,jmdict-waller,JMdict:1380650;waller-n2.csv:line-878,Community estimate: Waller via stephenmk; not an official JLPT word list
ja-n2-00878,制作,せいさく,"1. work (film, book) | 2. production; creation; turning (something) out; development",noun (common) (futsuumeishi); noun or participle which takes the aux. verb suru; transitive verb,study-work-and-communication,jmdict-waller,JMdict:1374810;waller-n2.csv:line-879,Community estimate: Waller via stephenmk; not an official JLPT word list
ja-n2-00879,性質,せいしつ,1. nature (of a person); disposition; temperament; character | 2. quality; inherent characteristic; property; nature; (chemical) behavior,noun (common) (futsuumeishi),people-and-relationships,jmdict-waller,JMdict:1375390;waller-n2.csv:line-880,Community estimate: Waller via stephenmk; not an official JLPT word list
ja-n2-00880,清書,せいしょ,1. fair copy; clean copy,noun (common) (futsuumeishi); noun or participle which takes the aux. verb suru; transitive verb,home-and-daily-life,jmdict-waller,JMdict:1378240;waller-n2.csv:line-881,Community estimate: Waller via stephenmk; not an official JLPT word list
ja-n2-00881,青少年,せいしょうねん,1. young people (ages 12 to 25); youth; the younger generation | 2. persons under the age of 18 [law],noun (common) (futsuumeishi),people-and-relationships,jmdict-waller,JMdict:1381570;waller-n2.csv:line-882,Community estimate: Waller via stephenmk; not an official JLPT word list
ja-n2-00882,整数,せいすう,1. integer [mathematics],noun (common) (futsuumeishi),general-language,jmdict-waller,JMdict:1376190;waller-n2.csv:line-883,Community estimate: Waller via stephenmk; not an official JLPT word list
ja-n2-00883,清掃,せいそう,1. cleaning; clean-up; garbage collection; scavenging,noun (common) (futsuumeishi); noun or participle which takes the aux. verb suru; transitive verb,home-and-daily-life,jmdict-waller,JMdict:1378320;waller-n2.csv:line-884,Community estimate: Waller via stephenmk; not an official JLPT word list
ja-n2-00884,生存,せいぞん,1. existence; being; life; survival,noun (common) (futsuumeishi); noun or participle which takes the aux. verb suru; intransitive verb,general-language,jmdict-waller,JMdict:1379230;waller-n2.csv:line-885,Community estimate: Waller via stephenmk; not an official JLPT word list
ja-n2-00885,生長,せいちょう,1. growth (of a plant),noun (common) (futsuumeishi); noun or participle which takes the aux. verb suru; intransitive verb,nature-and-science,jmdict-waller,JMdict:1379370;waller-n2.csv:line-886,Community estimate: Waller via stephenmk; not an official JLPT word list
ja-n2-00886,政党,せいとう,1. political party,noun (common) (futsuumeishi),society-and-economy,jmdict-waller,JMdict:1376060;waller-n2.csv:line-887,Community estimate: Waller via stephenmk; not an official JLPT word list
ja-n2-00887,生年月日,せいねんがっぴ,1. birth date; date of birth; DOB,noun (common) (futsuumeishi),general-language,jmdict-waller,JMdict:1379410;waller-n2.csv:line-888,Community estimate: Waller via stephenmk; not an official JLPT word list
ja-n2-00888,性能,せいのう,1. ability; performance; efficiency,noun (common) (futsuumeishi),general-language,jmdict-waller,JMdict:1375470;waller-n2.csv:line-889,Community estimate: Waller via stephenmk; not an official JLPT word list
ja-n2-00889,整備,せいび,1. maintenance; servicing | 2. putting in place; development; improvement; preparation; provision; equipping; outfitting,noun (common) (futsuumeishi); noun or participle which takes the aux. verb suru; transitive verb,general-language,jmdict-waller,JMdict:1376240;waller-n2.csv:line-890,Community estimate: Waller via stephenmk; not an official JLPT word list
ja-n2-00890,成分,せいぶん,1. ingredient; component; composition,noun (common) (futsuumeishi),general-language,jmdict-waller,JMdict:1375860;waller-n2.csv:line-891,Community estimate: Waller via stephenmk; not an official JLPT word list
ja-n2-00891,性別,せいべつ,1. (distinction of) sex; gender,noun (common) (futsuumeishi),general-language,jmdict-waller,JMdict:1375520;waller-n2.csv:line-892,Community estimate: Waller via stephenmk; not an official JLPT word list
ja-n2-00892,正方形,せいほうけい,1. square,noun (common) (futsuumeishi); nouns which may take the genitive case particle 'no',general-language,jmdict-waller,JMdict:1377920;waller-n2.csv:line-893,Community estimate: Waller via stephenmk; not an official JLPT word list
ja-n2-00893,正門,せいもん,1. main gate; main entrance,noun (common) (futsuumeishi),general-language,jmdict-waller,JMdict:1378100;waller-n2.csv:line-894,Community estimate: Waller via stephenmk; not an official JLPT word list
ja-n2-00894,成立,せいりつ,"1. formation; establishment; materialization; coming into existence | 2. conclusion (e.g. of a deal); reaching (e.g. an agreement); approval; completion; closing; enacting; arrangement | 3. being valid (of a theory, argument, etc.); holding; applying",noun (common) (futsuumeishi); noun or participle which takes the aux. verb suru; intransitive verb,general-language,jmdict-waller,JMdict:1375880;waller-n2.csv:line-895,Community estimate: Waller via stephenmk; not an official JLPT word list
ja-n2-00895,西暦,せいれき,1. Common Era; CE; Christian Era; anno domini; AD | 2. Western (Gregorian) calendar,noun (common) (futsuumeishi),general-language,jmdict-waller,JMdict:1381140;waller-n2.csv:line-896,Community estimate: Waller via stephenmk; not an official JLPT word list
ja-n2-00896,背負う,せおう,1. to carry on one's back | 2. to be burdened with; to take responsibility for | 3. to have (something) in the background; to be in front (of something),Godan verb with 'u' ending; transitive verb,general-language,jmdict-waller,JMdict:1472860;waller-n2.csv:line-897,Community estimate: Waller via stephenmk; not an official JLPT word list
ja-n2-00897,赤道,せきどう,1. equator | 2. (celestial) equator [astronomy],noun (common) (futsuumeishi),general-language,jmdict-waller,JMdict:1383560;waller-n2.csv:line-898,Community estimate: Waller via stephenmk; not an official JLPT word list
ja-n2-00898,折角,せっかく,1. with trouble; at great pains [word usually written using kana alone] | 2. rare; valuable; precious; long-awaited [word usually written using kana alone] | 3. kind; generous [word usually written using kana alone],adverb (fukushi); noun (common) (futsuumeishi); nouns which may take the genitive case particle 'no',general-language,jmdict-waller,JMdict:1596090;waller-n2.csv:line-899,Community estimate: Waller via stephenmk; not an official JLPT word list
ja-n2-00899,接近,せっきん,"1. getting closer; drawing nearer; approaching | 2. being not much different; being near (age, skill, etc.) | 3. becoming close (i.e. friendly); becoming intimate",noun (common) (futsuumeishi); noun or participle which takes the aux. verb suru; intransitive verb,general-language,jmdict-waller,JMdict:1385370;waller-n2.csv:line-900,Community estimate: Waller via stephenmk; not an official JLPT word list
ja-n2-00900,接する,せっする,1. to touch; to come in contact with; to border on; to adjoin; to be adjacent; to be close | 2. to receive (e.g. visitor); to attend to; to serve; to take care of; to look after; to act towards; to deal with; to see | 3. to receive (news); to get; to hear | 4. to encounter; to come across | 5. to be tangent to [mathematics] | 6. to make touch; to bring into contact with; to bring adjacent to; to bring close; to connect,suru verb - special class; intransitive verb; transitive verb,general-language,jmdict-waller,JMdict:1385350;waller-n2.csv:line-901,Community estimate: Waller via stephenmk; not an official JLPT word list
ja-n2-00901,せっせと,せっせと,1. diligently; assiduously; industriously; beavering away [onomatopoeic or mimetic word],adverb (fukushi),general-language,jmdict-waller,JMdict:2008620;waller-n2.csv:line-902,Community estimate: Waller via stephenmk; not an official JLPT word list
ja-n2-00902,接続,せつぞく,1. connection; attachment; union; join; joint; link | 2. changing trains | 3. conjunction [abbreviation],noun (common) (futsuumeishi); noun or participle which takes the aux. verb suru; transitive verb; intransitive verb,general-language,jmdict-waller,JMdict:1385480;waller-n2.csv:line-903,Community estimate: Waller via stephenmk; not an official JLPT word list
ja-n2-00903,瀬戸物,せともの,1. earthenware; porcelain; china; pottery; crockery | 2. Seto ware; ceramic ware from Seto (Aichi Prefecture) (orig. meaning),noun (common) (futsuumeishi),general-language,jmdict-waller,JMdict:1374400;waller-n2.csv:line-904,Community estimate: Waller via stephenmk; not an official JLPT word list
ja-n2-00904,ぜひとも,ぜひとも,1. by all means; at all costs; absolutely,adverb (fukushi),general-language,jmdict-waller,JMdict:1610700;waller-n2.csv:line-905,Community estimate: Waller via stephenmk; not an official JLPT word list
ja-n2-00905,迫る,せまる,1. to approach; to draw near; to be imminent | 2. to press (someone for something); to urge; to compel,Godan verb with 'ru' ending; intransitive verb; transitive verb,general-language,jmdict-waller,JMdict:1475720;waller-n2.csv:line-906,Community estimate: Waller via stephenmk; not an official JLPT word list
ja-n2-00906,ゼミ,ゼミ,1. seminar [abbreviation],noun (common) (futsuumeishi),general-language,jmdict-waller,JMdict:1075160;waller-n2.csv:line-907,Community estimate: Waller via stephenmk; not an official JLPT word list
ja-n2-00907,せめて,せめて,1. at least; at most; (even) just (expresses a desire or hope),adverb (fukushi),thought-and-feeling,jmdict-waller,JMdict:1006570;waller-n2.csv:line-908,Community estimate: Waller via stephenmk; not an official JLPT word list
ja-n2-00908,攻める,せめる,1. to attack; to assault; to assail | 2. to challenge; to take on | 3. to be bold; to be audacious; to be proactive [colloquial],Ichidan verb; transitive verb; intransitive verb,general-language,jmdict-waller,JMdict:1279130;waller-n2.csv:line-909,Community estimate: Waller via stephenmk; not an official JLPT word list
ja-n2-00909,セメント,セメント,1. cement,noun (common) (futsuumeishi),general-language,jmdict-waller,JMdict:1074740;waller-n2.csv:line-910,Community estimate: Waller via stephenmk; not an official JLPT word list
ja-n2-00910,栓,せん,1. stopper; cork; plug; bung | 2. tap; faucet; stopcock,noun (common) (futsuumeishi),general-language,jmdict-waller,JMdict:1956550;waller-n2.csv:line-911,Community estimate: Waller via stephenmk; not an official JLPT word list
ja-n2-00911,前後,ぜんご,"1. front and rear; front and back; before and behind; back and forth | 2. before and after | 3. around; about; approximately (after a quantity, age, time, etc.) | 4. order; context | 5. consequences | 6. just when; around the time of | 7. inversion; reversion; getting out of order | 8. co-occurring; happening at the same time","noun (common) (futsuumeishi); noun, used as a suffix; adverb (fukushi); noun or participle which takes the aux. verb suru; transitive verb; intransitive verb",general-language,jmdict-waller,JMdict:1392910;waller-n2.csv:line-912,Community estimate: Waller via stephenmk; not an official JLPT word list
ja-n2-00912,洗剤,せんざい,1. detergent; cleanser; cleaning agent; washing material,noun (common) (futsuumeishi),general-language,jmdict-waller,JMdict:1390950;waller-n2.csv:line-913,Community estimate: Waller via stephenmk; not an official JLPT word list
ja-n2-00913,全集,ぜんしゅう,1. complete works; complete collection; complete series,"noun (common) (futsuumeishi); noun, used as a suffix",general-language,jmdict-waller,JMdict:1395340;waller-n2.csv:line-914,Community estimate: Waller via stephenmk; not an official JLPT word list
ja-n2-00914,全身,ぜんしん,1. whole (body); full-length (e.g. portrait) | 2. systemic,noun (common) (futsuumeishi); nouns which may take the genitive case particle 'no'; noun or verb acting prenominally,health-and-body,jmdict-waller,JMdict:1395410;waller-n2.csv:line-915,Community estimate: Waller via stephenmk; not an official JLPT word list
ja-n2-00915,扇子,せんす,1. folding fan,noun (common) (futsuumeishi),general-language,jmdict-waller,JMdict:1390730;waller-n2.csv:line-916,Community estimate: Waller via stephenmk; not an official JLPT word list
ja-n2-00916,専制,せんせい,1. despotism; autocracy,noun (common) (futsuumeishi); noun or participle which takes the aux. verb suru; nouns which may take the genitive case particle 'no',general-language,jmdict-waller,JMdict:1389810;waller-n2.csv:line-917,Community estimate: Waller via stephenmk; not an official JLPT word list
ja-n2-00917,先々月,せんせんげつ,1. month before last,noun (common) (futsuumeishi); adverb (fukushi),time-and-quantity,jmdict-waller,JMdict:1596200;waller-n2.csv:line-918,Community estimate: Waller via stephenmk; not an official JLPT word list
ja-n2-00918,先々週,せんせんしゅう,1. week before last,noun (common) (futsuumeishi); adverb (fukushi),time-and-quantity,jmdict-waller,JMdict:1888910;waller-n2.csv:line-919,Community estimate: Waller via stephenmk; not an official JLPT word list
ja-n2-00919,先祖,せんぞ,1. ancestor; forefather; foremother,noun (common) (futsuumeishi),general-language,jmdict-waller,JMdict:1388030;waller-n2.csv:line-920,Community estimate: Waller via stephenmk; not an official JLPT word list
ja-n2-00920,先端,せんたん,"1. pointed end; tip; point; cusp (of a leaf, crescent moon, etc.); apex (of a curve) | 2. forefront; vanguard; spearhead; leading edge",noun (common) (futsuumeishi),general-language,jmdict-waller,JMdict:1388110;waller-n2.csv:line-921,Community estimate: Waller via stephenmk; not an official JLPT word list
ja-n2-00921,センチ,センチ,1. centimeter; centimetre [abbreviation] | 2. centi-; 10^-2 | 3. sentimental [abbreviation],noun (common) (futsuumeishi); prefix; adjectival nouns or quasi-adjectives (keiyodoshi),general-language,jmdict-waller,JMdict:1075060;waller-n2.csv:line-922,Community estimate: Waller via stephenmk; not an official JLPT word list
ja-n2-00922,宣伝,せんでん,1. publicity; advertisement; advertising; propaganda,noun (common) (futsuumeishi); noun or participle which takes the aux. verb suru; transitive verb,general-language,jmdict-waller,JMdict:1389730;waller-n2.csv:line-923,Community estimate: Waller via stephenmk; not an official JLPT word list
ja-n2-00923,先頭,せんとう,"1. head (of a line, group, etc.); front; lead; forefront; vanguard",noun (common) (futsuumeishi),health-and-body,jmdict-waller,JMdict:1596210;waller-n2.csv:line-924,Community estimate: Waller via stephenmk; not an official JLPT word list
ja-n2-00924,全般,ぜんぱん,1. (the) whole | 2. as a whole; in general; at large (after a noun),"noun (common) (futsuumeishi); noun, used as a suffix",general-language,jmdict-waller,JMdict:1396020;waller-n2.csv:line-925,Community estimate: Waller via stephenmk; not an official JLPT word list
ja-n2-00925,扇風機,せんぷうき,1. electric fan,noun (common) (futsuumeishi),general-language,jmdict-waller,JMdict:1390760;waller-n2.csv:line-926,Community estimate: Waller via stephenmk; not an official JLPT word list
ja-n2-00926,線路,せんろ,1. railway track; railway line; railroad; railway; track; line,noun (common) (futsuumeishi),general-language,jmdict-waller,JMdict:1391880;waller-n2.csv:line-927,Community estimate: Waller via stephenmk; not an official JLPT word list
ja-n2-00927,相違,そうい,1. difference; discrepancy; variation,noun (common) (futsuumeishi); noun or participle which takes the aux. verb suru; intransitive verb,general-language,jmdict-waller,JMdict:1400820;waller-n2.csv:line-928,Community estimate: Waller via stephenmk; not an official JLPT word list
ja-n2-00928,そういえば,そういえば,1. now that you mention it; come to think of it; that reminds me; on that subject; speaking of which [word usually written using kana alone],"expressions (phrases, clauses, etc.)",thought-and-feeling,jmdict-waller,JMdict:1982210;waller-n2.csv:line-929,Community estimate: Waller via stephenmk; not an official JLPT word list
ja-n2-00929,雑巾,ぞうきん,1. house-cloth; dust cloth,noun (common) (futsuumeishi),home-and-daily-life,jmdict-waller,JMdict:1299370;waller-n2.csv:line-930,Community estimate: Waller via stephenmk; not an official JLPT word list
ja-n2-00930,増減,ぞうげん,1. increase and decrease; fluctuation,noun (common) (futsuumeishi); noun or participle which takes the aux. verb suru; transitive verb; intransitive verb,general-language,jmdict-waller,JMdict:1403200;waller-n2.csv:line-931,Community estimate: Waller via stephenmk; not an official JLPT word list
ja-n2-00931,倉庫,そうこ,1. storehouse; warehouse; godown,noun (common) (futsuumeishi),general-language,jmdict-waller,JMdict:1399120;waller-n2.csv:line-932,Community estimate: Waller via stephenmk; not an official JLPT word list
ja-n2-00932,相互,そうご,1. mutual; reciprocal,noun (common) (futsuumeishi); nouns which may take the genitive case particle 'no',general-language,jmdict-waller,JMdict:1596370;waller-n2.csv:line-933,Community estimate: Waller via stephenmk; not an official JLPT word list
ja-n2-00933,創作,そうさく,"1. creation; production; creative work (novel, film, etc.); original work; (creative) writing | 2. fabrication; fiction; invention",noun (common) (futsuumeishi); noun or participle which takes the aux. verb suru; transitive verb,study-work-and-communication,jmdict-waller,JMdict:1398420;waller-n2.csv:line-934,Community estimate: Waller via stephenmk; not an official JLPT word list
ja-n2-00934,葬式,そうしき,1. funeral,noun (common) (futsuumeishi),general-language,jmdict-waller,JMdict:1402160;waller-n2.csv:line-935,Community estimate: Waller via stephenmk; not an official JLPT word list
ja-n2-00935,造船,ぞうせん,1. shipbuilding,noun (common) (futsuumeishi); noun or participle which takes the aux. verb suru; intransitive verb,general-language,jmdict-waller,JMdict:1403720;waller-n2.csv:line-936,Community estimate: Waller via stephenmk; not an official JLPT word list
ja-n2-00936,騒々しい,そうぞうしい,1. noisy; loud; boisterous; clamorous; raucous | 2. turbulent; unsettled; restless,adjective (keiyoushi),general-language,jmdict-waller,JMdict:1596440;waller-n2.csv:line-937,Community estimate: Waller via stephenmk; not an official JLPT word list
ja-n2-00937,増大,ぞうだい,1. enlargement; increase,noun (common) (futsuumeishi); noun or participle which takes the aux. verb suru; transitive verb; intransitive verb,general-language,jmdict-waller,JMdict:1403310;waller-n2.csv:line-938,Community estimate: Waller via stephenmk; not an official JLPT word list
ja-n2-00938,そうっと,そうっと,1. softly; gently; quietly; lightly [onomatopoeic or mimetic word] | 2. stealthily; secretly; in secret [onomatopoeic or mimetic word] | 3. to leave alone; to leave as it is [onomatopoeic or mimetic word],adverb (fukushi); noun or participle which takes the aux. verb suru,general-language,jmdict-waller,JMdict:1006810;waller-n2.csv:line-939,Community estimate: Waller via stephenmk; not an official JLPT word list
ja-n2-00939,送別,そうべつ,1. farewell; send-off,noun (common) (futsuumeishi); noun or participle which takes the aux. verb suru; transitive verb; nouns which may take the genitive case particle 'no',general-language,jmdict-waller,JMdict:1402850;waller-n2.csv:line-940,Community estimate: Waller via stephenmk; not an official JLPT word list
ja-n2-00940,草履,ぞうり,1. zori; traditional Japanese thonged sandals,noun (common) (futsuumeishi),general-language,jmdict-waller,JMdict:1402060;waller-n2.csv:line-941,Community estimate: Waller via stephenmk; not an official JLPT word list
ja-n2-00941,総理大臣,そうりだいじん,1. prime minister (as the head of a cabinet government); premier,noun (common) (futsuumeishi),health-and-body,jmdict-waller,JMdict:1401820;waller-n2.csv:line-942,Community estimate: Waller via stephenmk; not an official JLPT word list
ja-n2-00942,送料,そうりょう,1. postage; carriage; shipping charge,noun (common) (futsuumeishi),general-language,jmdict-waller,JMdict:1402870;waller-n2.csv:line-943,Community estimate: Waller via stephenmk; not an official JLPT word list
ja-n2-00943,属する,ぞくする,1. to belong to; to come under; to be affiliated with; to be subject to,suru verb - special class; intransitive verb,general-language,jmdict-waller,JMdict:1405710;waller-n2.csv:line-944,Community estimate: Waller via stephenmk; not an official JLPT word list
ja-n2-00944,続々,ぞくぞく,1. successively; one after another,adverb (fukushi); adverb taking the 'to' particle,general-language,jmdict-waller,JMdict:1596730;waller-n2.csv:line-945,Community estimate: Waller via stephenmk; not an official JLPT word list
ja-n2-00945,速達,そくたつ,1. express; special delivery,noun (common) (futsuumeishi); noun or participle which takes the aux. verb suru; transitive verb,general-language,jmdict-waller,JMdict:1405030;waller-n2.csv:line-946,Community estimate: Waller via stephenmk; not an official JLPT word list
ja-n2-00946,測定,そくてい,1. measurement,noun (common) (futsuumeishi); noun or participle which takes the aux. verb suru; transitive verb,general-language,jmdict-waller,JMdict:1404570;waller-n2.csv:line-947,Community estimate: Waller via stephenmk; not an official JLPT word list
ja-n2-00947,測量,そくりょう,1. measurement; surveying,noun (common) (futsuumeishi); noun or participle which takes the aux. verb suru; transitive verb,general-language,jmdict-waller,JMdict:1404590;waller-n2.csv:line-948,Community estimate: Waller via stephenmk; not an official JLPT word list
ja-n2-00948,速力,そくりょく,1. speed,noun (common) (futsuumeishi),general-language,jmdict-waller,JMdict:1405080;waller-n2.csv:line-949,Community estimate: Waller via stephenmk; not an official JLPT word list
ja-n2-00949,素質,そしつ,1. makings (of); aptitude; talent; qualities | 2. nature; character; temperament; constitution; diathesis,noun (common) (futsuumeishi),general-language,jmdict-waller,JMdict:1397240;waller-n2.csv:line-950,Community estimate: Waller via stephenmk; not an official JLPT word list
ja-n2-00950,祖先,そせん,1. ancestor,noun (common) (futsuumeishi),general-language,jmdict-waller,JMdict:1396820;waller-n2.csv:line-951,Community estimate: Waller via stephenmk; not an official JLPT word list
ja-n2-00951,そそっかしい,そそっかしい,1. careless; thoughtless; hasty; rash,adjective (keiyoushi),general-language,jmdict-waller,JMdict:1006740;waller-n2.csv:line-952,Community estimate: Waller via stephenmk; not an official JLPT word list
ja-n2-00952,卒直,そっちょく,1. frank; candid; straightforward; openhearted; direct; outspoken,adjectival nouns or quasi-adjectives (keiyodoshi); noun (common) (futsuumeishi),general-language,jmdict-waller,JMdict:1596570;waller-n2.csv:line-953,Community estimate: Waller via stephenmk; not an official JLPT word list
ja-n2-00954,そのうえ,そのうえ,1. in addition; furthermore | 2. above (which); on top of (which),conjunction; noun (common) (futsuumeishi); adverb (fukushi),general-language,jmdict-waller,JMdict:1006880;waller-n2.csv:line-955,Community estimate: Waller via stephenmk; not an official JLPT word list
ja-n2-00955,そのころ,そのころ,1. at that time; in those days; at that moment; then,"expressions (phrases, clauses, etc.); noun (common) (futsuumeishi); nouns which may take the genitive case particle 'no'",time-and-quantity,jmdict-waller,JMdict:2547920;waller-n2.csv:line-956,Community estimate: Waller via stephenmk; not an official JLPT word list
ja-n2-00956,そのため,そのため,1. hence; for that reason [word usually written using kana alone],"expressions (phrases, clauses, etc.)",thought-and-feeling,jmdict-waller,JMdict:1006850;waller-n2.csv:line-957,Community estimate: Waller via stephenmk; not an official JLPT word list
ja-n2-00957,そのほか,そのほか,1. the rest; the others | 2. in addition (to that); besides that; other than that; and other ... | 3. and so forth; and the like; and what have you; et cetera,"expressions (phrases, clauses, etc.); noun (common) (futsuumeishi); nouns which may take the genitive case particle 'no'; adverb (fukushi)",general-language,jmdict-waller,JMdict:1006900;waller-n2.csv:line-958,Community estimate: Waller via stephenmk; not an official JLPT word list
ja-n2-00958,蕎麦,そば,"1. buckwheat (Fagopyrum esculentum) [word usually written using kana alone] | 2. soba; Japanese buckwheat noodles [food, cooking; word usually written using kana alone; abbreviation] | 3. Chinese-style wheat noodles [food, cooking; word usually written using kana alone]",noun (common) (futsuumeishi),general-language,jmdict-waller,JMdict:1238460;waller-n2.csv:line-959,Community estimate: Waller via stephenmk; not an official JLPT word list
ja-n2-00959,剃る,そる,1. to shave,Godan verb with 'ru' ending; transitive verb,general-language,jmdict-waller,JMdict:1581900;waller-n2.csv:line-960,Community estimate: Waller via stephenmk; not an official JLPT word list
ja-n2-00960,それなのに,それなのに,1. and yet; despite this; but even so; but even then; however; nevertheless; for all that; notwithstanding that,conjunction,general-language,jmdict-waller,JMdict:2055520;waller-n2.csv:line-961,Community estimate: Waller via stephenmk; not an official JLPT word list
ja-n2-00961,逸れる,それる,1. to turn away; to bear off; to veer away; to swerve from; to miss (e.g. a target) [word usually written using kana alone] | 2. to deviate (e.g. of a conversation); to digress; to go astray; to wander [word usually written using kana alone],Ichidan verb; intransitive verb,general-language,jmdict-waller,JMdict:1576360;waller-n2.csv:line-962,Community estimate: Waller via stephenmk; not an official JLPT word list
ja-n2-00962,揃う,そろう,1. to be complete; to be all present; to make a full set; to be satisfied (of conditions) | 2. to be equal; to be uniform; to be even; to match; to agree | 3. to gather; to assemble; to be collected,Godan verb with 'u' ending; intransitive verb,general-language,jmdict-waller,JMdict:1406110;waller-n2.csv:line-963,Community estimate: Waller via stephenmk; not an official JLPT word list
ja-n2-00963,揃える,そろえる,1. to collect; to gather; to get together; to complete (a collection) | 2. to arrange; to put in order; to prepare; to get ready | 3. to make uniform; to make even; to match,Ichidan verb; transitive verb,general-language,jmdict-waller,JMdict:1406120;waller-n2.csv:line-964,Community estimate: Waller via stephenmk; not an official JLPT word list
ja-n2-00964,算盤,そろばん,1. abacus; soroban [word usually written using kana alone] | 2. calculation (esp. of profit and loss); reckoning [word usually written using kana alone],noun (common) (futsuumeishi),general-language,jmdict-waller,JMdict:1596700;waller-n2.csv:line-965,Community estimate: Waller via stephenmk; not an official JLPT word list
ja-n2-00965,存じる,ぞんじる,1. to know; to be aware (of); to be acquainted (with) [humble (kenjougo) language] | 2. to think; to consider; to believe; to feel [humble (kenjougo) language],Ichidan verb; transitive verb,study-work-and-communication,jmdict-waller,JMdict:1406140;waller-n2.csv:line-966,Community estimate: Waller via stephenmk; not an official JLPT word list
ja-n2-00966,存ずる,ぞんずる,1. to know; to be aware (of); to be acquainted (with) [humble (kenjougo) language] | 2. to think; to consider; to believe; to feel [humble (kenjougo) language],Ichidan verb - zuru verb (alternative form of -jiru verbs); transitive verb,study-work-and-communication,jmdict-waller,JMdict:1983710;waller-n2.csv:line-967,Community estimate: Waller via stephenmk; not an official JLPT word list
ja-n2-00967,損得,そんとく,1. loss and gain; advantage and disadvantage,noun (common) (futsuumeishi),general-language,jmdict-waller,JMdict:1406770;waller-n2.csv:line-968,Community estimate: Waller via stephenmk; not an official JLPT word list
ja-n2-00968,田んぼ,たんぼ,1. rice field; rice paddy; paddy field,noun (common) (futsuumeishi),food-and-dining,jmdict-waller,JMdict:1442840;waller-n2.csv:line-969,Community estimate: Waller via stephenmk; not an official JLPT word list
ja-n2-00969,第一,だいいち,1. first; foremost; number one | 2. most important | 3. best; greatest; most | 4. above all; besides; in any case; to begin with,nouns which may take the genitive case particle 'no'; noun (common) (futsuumeishi); adverb (fukushi),time-and-quantity,jmdict-waller,JMdict:1415270;waller-n2.csv:line-970,Community estimate: Waller via stephenmk; not an official JLPT word list
ja-n2-00970,大学院,だいがくいん,1. graduate school,noun (common) (futsuumeishi),study-work-and-communication,jmdict-waller,JMdict:1413250;waller-n2.csv:line-971,Community estimate: Waller via stephenmk; not an official JLPT word list
ja-n2-00971,大工,だいく,1. carpenter,noun (common) (futsuumeishi),general-language,jmdict-waller,JMdict:1413690;waller-n2.csv:line-972,Community estimate: Waller via stephenmk; not an official JLPT word list
ja-n2-00972,体系,たいけい,1. system; organization; organisation; architecture,"noun (common) (futsuumeishi); noun, used as a suffix",general-language,jmdict-waller,JMdict:1409390;waller-n2.csv:line-973,Community estimate: Waller via stephenmk; not an official JLPT word list
ja-n2-00973,太鼓,たいこ,1. drum,noun (common) (futsuumeishi); nouns which may take the genitive case particle 'no',general-language,jmdict-waller,JMdict:1408280;waller-n2.csv:line-974,Community estimate: Waller via stephenmk; not an official JLPT word list
ja-n2-00974,対策,たいさく,1. measure; step; countermeasure; counterplan; countermove; strategy; preparation (e.g. for a test),noun (common) (futsuumeishi),general-language,jmdict-waller,JMdict:1410050;waller-n2.csv:line-975,Community estimate: Waller via stephenmk; not an official JLPT word list
ja-n2-00975,大して,たいして,1. (not) very; (not) so; (not) very much; (not) particularly; (not) especially (with neg. sentence),adverb (fukushi),general-language,jmdict-waller,JMdict:1412970;waller-n2.csv:line-976,Community estimate: Waller via stephenmk; not an official JLPT word list
ja-n2-00976,対照,たいしょう,1. contrast; antithesis; comparison,noun (common) (futsuumeishi); noun or participle which takes the aux. verb suru; transitive verb,general-language,jmdict-waller,JMdict:1410080;waller-n2.csv:line-977,Community estimate: Waller via stephenmk; not an official JLPT word list
ja-n2-00977,大小,だいしょう,1. size; dimension; magnitude | 2. large and small (sizes); various sizes | 3. daishō (matched pair of long and short swords) | 4. large and small drums | 5. long months and short months | 6. sic bo (Macao dice game); tai sai; dai siu; big and small,noun (common) (futsuumeishi); nouns which may take the genitive case particle 'no',general-language,jmdict-waller,JMdict:1414110;waller-n2.csv:line-978,Community estimate: Waller via stephenmk; not an official JLPT word list
ja-n2-00978,体制,たいせい,1. order; system; structure; set-up; organization; organisation | 2. the establishment; (ruling) regime; those in power | 3. structural plan; body plan; anatomy [biology],noun (common) (futsuumeishi),general-language,jmdict-waller,JMdict:1409550;waller-n2.csv:line-979,Community estimate: Waller via stephenmk; not an official JLPT word list
ja-n2-00979,体積,たいせき,1. capacity; volume,noun (common) (futsuumeishi),general-language,jmdict-waller,JMdict:1409560;waller-n2.csv:line-980,Community estimate: Waller via stephenmk; not an official JLPT word list
ja-n2-00980,大層,たいそう,1. very; extremely; exceedingly; greatly; terribly [word usually written using kana alone] | 2. extreme; excessive; great many; large number of [word usually written using kana alone] | 3. splendid; impressive; tremendous; immense [word usually written using kana alone] | 4. exaggerated [word usually written using kana alone],adverb (fukushi); adjectival nouns or quasi-adjectives (keiyodoshi),general-language,jmdict-waller,JMdict:1414380;waller-n2.csv:line-981,Community estimate: Waller via stephenmk; not an official JLPT word list
ja-n2-00981,体操,たいそう,1. gymnastics; physical exercises | 2. artistic gymnastics; gymnastics competition [abbreviation] | 3. physical education (class); PE [obsolete term],noun (common) (futsuumeishi); noun or participle which takes the aux. verb suru; intransitive verb,general-language,jmdict-waller,JMdict:1409580;waller-n2.csv:line-982,Community estimate: Waller via stephenmk; not an official JLPT word list
ja-n2-00982,大分,だいぶん,1. considerably; greatly; a lot [word usually written using kana alone],adverb (fukushi),general-language,jmdict-waller,JMdict:1414920;waller-n2.csv:line-983,Community estimate: Waller via stephenmk; not an official JLPT word list
ja-n2-00983,大木,たいぼく,1. large tree,noun (common) (futsuumeishi),general-language,jmdict-waller,JMdict:1415090;waller-n2.csv:line-984,Community estimate: Waller via stephenmk; not an official JLPT word list
ja-n2-00984,題名,だいめい,1. title; caption; heading,noun (common) (futsuumeishi),general-language,jmdict-waller,JMdict:1415490;waller-n2.csv:line-985,Community estimate: Waller via stephenmk; not an official JLPT word list
ja-n2-00985,代名詞,だいめいし,1. pronoun [grammar] | 2. synonym; classic example; pattern; byword; representative,noun (common) (futsuumeishi),general-language,jmdict-waller,JMdict:1412340;waller-n2.csv:line-986,Community estimate: Waller via stephenmk; not an official JLPT word list
ja-n2-00986,タイア,タイア,1. tire; tyre,noun (common) (futsuumeishi),general-language,jmdict-waller,JMdict:1076120;waller-n2.csv:line-987,Community estimate: Waller via stephenmk; not an official JLPT word list
ja-n2-00987,ダイヤグラム,ダイヤグラム,1. diagram,noun (common) (futsuumeishi),general-language,jmdict-waller,JMdict:1076680;waller-n2.csv:line-988,Community estimate: Waller via stephenmk; not an official JLPT word list
ja-n2-00988,ダイヤモンド,ダイヤモンド,1. diamond | 2. diamond; infield [baseball] | 3. diamonds (suit) [card games],noun (common) (futsuumeishi),general-language,jmdict-waller,JMdict:1076890;waller-n2.csv:line-989,Community estimate: Waller via stephenmk; not an official JLPT word list
ja-n2-00989,ダイヤル,ダイヤル,"1. dial (e.g. telephone, radio, clock, gauge)",noun (common) (futsuumeishi); noun or participle which takes the aux. verb suru,general-language,jmdict-waller,JMdict:1076900;waller-n2.csv:line-990,Community estimate: Waller via stephenmk; not an official JLPT word list
ja-n2-00990,対立,たいりつ,1. confrontation; opposition; antagonism,noun (common) (futsuumeishi); noun or participle which takes the aux. verb suru; intransitive verb; nouns which may take the genitive case particle 'no',general-language,jmdict-waller,JMdict:1410290;waller-n2.csv:line-991,Community estimate: Waller via stephenmk; not an official JLPT word list
ja-n2-00991,田植え,たうえ,1. rice planting,noun (common) (futsuumeishi),food-and-dining,jmdict-waller,JMdict:1442810;waller-n2.csv:line-992,Community estimate: Waller via stephenmk; not an official JLPT word list
ja-n2-00992,絶えず,たえず,1. constantly; always; continually; steadily,adverb (fukushi),general-language,jmdict-waller,JMdict:1386700;waller-n2.csv:line-993,Community estimate: Waller via stephenmk; not an official JLPT word list
ja-n2-00993,楕円,だえん,1. ellipse; oval,noun (common) (futsuumeishi),general-language,jmdict-waller,JMdict:1409000;waller-n2.csv:line-994,Community estimate: Waller via stephenmk; not an official JLPT word list
ja-n2-00994,高める,たかめる,1. to raise; to lift; to boost; to enhance,Ichidan verb; transitive verb,general-language,jmdict-waller,JMdict:1283240;waller-n2.csv:line-995,Community estimate: Waller via stephenmk; not an official JLPT word list
ja-n2-00995,耕す,たがやす,1. to till; to plow; to plough; to cultivate,Godan verb with 'su' ending; transitive verb,general-language,jmdict-waller,JMdict:1280950;waller-n2.csv:line-996,Community estimate: Waller via stephenmk; not an official JLPT word list
ja-n2-00996,滝,たき,1. waterfall | 2. rapids [archaic],noun (common) (futsuumeishi),general-language,jmdict-waller,JMdict:1415520;waller-n2.csv:line-997,Community estimate: Waller via stephenmk; not an official JLPT word list
ja-n2-00997,炊く,たく,"1. to cook (grains, e.g. rice) | 2. to boil; to simmer; to stew; to seethe [Kansai-ben] | 3. to get angry; to snap [Internet slang]",Godan verb with 'ku' ending; transitive verb; intransitive verb,food-and-dining,jmdict-waller,JMdict:1596830;waller-n2.csv:line-998,Community estimate: Waller via stephenmk; not an official JLPT word list
ja-n2-00998,焚く,たく,1. to burn; to kindle; to light (a fire); to make (a fire) | 2. to heat (a bath); to light (a stove); to stoke (a boiler) | 3. to use (a camera flash),Godan verb with 'ku' ending; transitive verb,nature-and-science,jmdict-waller,JMdict:1596840;waller-n2.csv:line-999,Community estimate: Waller via stephenmk; not an official JLPT word list
ja-n2-00999,蓄える,たくわえる,"1. to store; to save up; to stock up on; to lay in stock; to set aside | 2. to accumulate (e.g. knowledge); to build up (e.g. experience); to develop (e.g. one's skills) | 3. to grow (a beard, moustache, etc.); to wear",Ichidan verb; transitive verb,general-language,jmdict-waller,JMdict:1596860;waller-n2.csv:line-1000,Community estimate: Waller via stephenmk; not an official JLPT word list
ja-n2-01000,竹,たけ,1. bamboo (any grass of subfamily Bambusoideae) | 2. middle (of a three-tier ranking system),noun (common) (futsuumeishi),general-language,jmdict-waller,JMdict:1422230;waller-n2.csv:line-1001,Community estimate: Waller via stephenmk; not an official JLPT word list
ja-n2-01001,助かる,たすかる,1. to be saved; to be rescued; to survive | 2. to escape harm; to be spared damage | 3. to be helped; to be saved trouble,Godan verb with 'ru' ending; intransitive verb,general-language,jmdict-waller,JMdict:1344380;waller-n2.csv:line-1002,Community estimate: Waller via stephenmk; not an official JLPT word list
ja-n2-01002,但し,ただし,1. but; however; provided that [word usually written using kana alone],conjunction,general-language,jmdict-waller,JMdict:1416190;waller-n2.csv:line-1003,Community estimate: Waller via stephenmk; not an official JLPT word list
ja-n2-01003,畳む,たたむ,"1. to fold (clothes, umbrella) [word usually written using kana alone] | 2. to close (a shop, business) [word usually written using kana alone] | 3. to vacate [word usually written using kana alone]",Godan verb with 'mu' ending; transitive verb,home-and-daily-life,jmdict-waller,JMdict:1356780;waller-n2.csv:line-1004,Community estimate: Waller via stephenmk; not an official JLPT word list
ja-n2-01004,立ち止まる,たちどまる,1. to stop (in one's tracks); to come to a stop; to halt; to pause; to stand still,Godan verb with 'ru' ending; intransitive verb,general-language,jmdict-waller,JMdict:1551350;waller-n2.csv:line-1005,Community estimate: Waller via stephenmk; not an official JLPT word list
ja-n2-01005,たちまち,たちまち,1. in an instant; in a moment; immediately; right away; at once [word usually written using kana alone] | 2. suddenly; all of a sudden; all at once [word usually written using kana alone],adverb (fukushi),general-language,jmdict-waller,JMdict:1288480;waller-n2.csv:line-1006,Community estimate: Waller via stephenmk; not an official JLPT word list
ja-n2-01006,建つ,たつ,1. to be erected; to be built,Godan verb with 'tsu' ending; intransitive verb,general-language,jmdict-waller,JMdict:1597045;waller-n2.csv:line-1007,Community estimate: Waller via stephenmk; not an official JLPT word list
ja-n2-01007,発つ,たつ,"1. to depart (on a journey, trip, etc.); to leave; to set off; to start",Godan verb with 'tsu' ending; intransitive verb,general-language,jmdict-waller,JMdict:2857436;waller-n2.csv:line-1008,Community estimate: Waller via stephenmk; not an official JLPT word list
ja-n2-01008,脱線,だっせん,1. derailment | 2. digression; deviation,noun (common) (futsuumeishi); noun or participle which takes the aux. verb suru; intransitive verb,general-language,jmdict-waller,JMdict:1416560;waller-n2.csv:line-1009,Community estimate: Waller via stephenmk; not an official JLPT word list
ja-n2-01009,妥当,だとう,1. valid; proper; right; appropriate; reasonable,adjectival nouns or quasi-adjectives (keiyodoshi); noun (common) (futsuumeishi); noun or participle which takes the aux. verb suru; intransitive verb,general-language,jmdict-waller,JMdict:1408540;waller-n2.csv:line-1010,Community estimate: Waller via stephenmk; not an official JLPT word list
ja-n2-01010,例える,たとえる,1. to compare (something) to; to liken; to speak figuratively; to use a simile; to use a metaphor,Ichidan verb; transitive verb,study-work-and-communication,jmdict-waller,JMdict:1597130;waller-n2.csv:line-1011,Community estimate: Waller via stephenmk; not an official JLPT word list
ja-n2-01011,頼もしい,たのもしい,1. reliable; dependable; trustworthy; reassuring | 2. hopeful; promising,adjective (keiyoushi),general-language,jmdict-waller,JMdict:1548380;waller-n2.csv:line-1012,Community estimate: Waller via stephenmk; not an official JLPT word list
ja-n2-01012,足袋,たび,1. tabi; traditional split-toe socks,noun (common) (futsuumeishi),general-language,jmdict-waller,JMdict:1404920;waller-n2.csv:line-1013,Community estimate: Waller via stephenmk; not an official JLPT word list
ja-n2-01013,ダブル,ダブル,"1. double (sometimes written as ""Ｗ"") | 2. double bed; hotel room with a double bed [abbreviation] | 3. double-breasted [abbreviation] | 4. double-cuffed | 5. double width (of cloth; usu. 1.42 meters) [abbreviation] | 6. doubles (e.g. in tennis) [sports; abbreviation] | 7. biracial person (esp. half-Japanese); person of mixed parentage [rare term]",noun (common) (futsuumeishi); nouns which may take the genitive case particle 'no',general-language,jmdict-waller,JMdict:1077110;waller-n2.csv:line-1014,Community estimate: Waller via stephenmk; not an official JLPT word list
ja-n2-01014,だます,だます,1. to trick; to cheat; to deceive; to swindle; to dupe | 2. to coax; to wheedle; to soothe; to calm,Godan verb with 'su' ending; transitive verb,general-language,jmdict-waller,JMdict:1574550;waller-n2.csv:line-1015,Community estimate: Waller via stephenmk; not an official JLPT word list
ja-n2-01015,溜まる,たまる,1. to collect; to gather; to save; to accumulate; to pile up [word usually written using kana alone],Godan verb with 'ru' ending; intransitive verb,general-language,jmdict-waller,JMdict:1552650;waller-n2.csv:line-1016,Community estimate: Waller via stephenmk; not an official JLPT word list
ja-n2-01016,ダム,ダム,1. dam,noun (common) (futsuumeishi),general-language,jmdict-waller,JMdict:1077140;waller-n2.csv:line-1017,Community estimate: Waller via stephenmk; not an official JLPT word list
ja-n2-01017,溜息,ためいき,1. sigh,noun (common) (futsuumeishi),general-language,jmdict-waller,JMdict:1597190;waller-n2.csv:line-1018,Community estimate: Waller via stephenmk; not an official JLPT word list
ja-n2-01018,ためらう,ためらう,1. to hesitate; to waver [word usually written using kana alone],Godan verb with 'u' ending; intransitive verb,general-language,jmdict-waller,JMdict:1573390;waller-n2.csv:line-1019,Community estimate: Waller via stephenmk; not an official JLPT word list
ja-n2-01019,溜める,ためる,1. to amass; to accumulate; to store | 2. to leave unpaid,Ichidan verb; transitive verb,general-language,jmdict-waller,JMdict:1552630;waller-n2.csv:line-1020,Community estimate: Waller via stephenmk; not an official JLPT word list
ja-n2-01020,だらしない,だらしない,"1. slovenly (appearance, work, etc.); sloppy; untidy; undisciplined; careless; loose; slack | 2. weak; feeble; weak-willed; cowardly; gutless",adjective (keiyoushi),study-work-and-communication,jmdict-waller,JMdict:1007500;waller-n2.csv:line-1021,Community estimate: Waller via stephenmk; not an official JLPT word list
ja-n2-01021,足る,たる,1. to be sufficient; to be enough | 2. to be worth doing; to be worthy of; to deserve | 3. to do (the job); to serve; to answer,Godan verb with 'ru' ending; intransitive verb,general-language,jmdict-waller,JMdict:1404750;waller-n2.csv:line-1022,Community estimate: Waller via stephenmk; not an official JLPT word list
ja-n2-01022,段階,だんかい,1. stage; step; phase | 2. level; rank; grade; gradation | 3. order | 4. stairs,noun (common) (futsuumeishi),general-language,jmdict-waller,JMdict:1419950;waller-n2.csv:line-1023,Community estimate: Waller via stephenmk; not an official JLPT word list
ja-n2-01023,短期,たんき,1. short-term,nouns which may take the genitive case particle 'no'; noun (common) (futsuumeishi),general-language,jmdict-waller,JMdict:1418640;waller-n2.csv:line-1024,Community estimate: Waller via stephenmk; not an official JLPT word list
ja-n2-01024,炭鉱,たんこう,1. coal mine; (coal) pit; colliery,noun (common) (futsuumeishi),general-language,jmdict-waller,JMdict:1597260;waller-n2.csv:line-1025,Community estimate: Waller via stephenmk; not an official JLPT word list
ja-n2-01025,短所,たんしょ,1. defect; demerit; weak point; disadvantage,noun (common) (futsuumeishi),general-language,jmdict-waller,JMdict:1418760;waller-n2.csv:line-1026,Community estimate: Waller via stephenmk; not an official JLPT word list
ja-n2-01026,たんす,たんす,1. chest of drawers; bureau; cabinet; tansu; dresser [word usually written using kana alone],noun (common) (futsuumeishi),general-language,jmdict-waller,JMdict:1418990;waller-n2.csv:line-1027,Community estimate: Waller via stephenmk; not an official JLPT word list
ja-n2-01027,淡水,たんすい,1. fresh water (i.e. not salt water),noun (common) (futsuumeishi); nouns which may take the genitive case particle 'no',nature-and-science,jmdict-waller,JMdict:1418460;waller-n2.csv:line-1028,Community estimate: Waller via stephenmk; not an official JLPT word list
ja-n2-01028,断水,だんすい,1. suspension of water supply; water outage,noun (common) (futsuumeishi); noun or participle which takes the aux. verb suru; transitive verb; intransitive verb,nature-and-science,jmdict-waller,JMdict:1419660;waller-n2.csv:line-1029,Community estimate: Waller via stephenmk; not an official JLPT word list
ja-n2-01029,単数,たんすう,1. single; one | 2. singular (number) [grammar],nouns which may take the genitive case particle 'no'; noun (common) (futsuumeishi),general-language,jmdict-waller,JMdict:1417670;waller-n2.csv:line-1030,Community estimate: Waller via stephenmk; not an official JLPT word list
ja-n2-01030,団地,だんち,1. multi-unit apartments; apartment complex,noun (common) (futsuumeishi),general-language,jmdict-waller,JMdict:1419300;waller-n2.csv:line-1031,Community estimate: Waller via stephenmk; not an official JLPT word list
ja-n2-01031,断定,だんてい,1. conclusion; decision; judgement; declaration | 2. affirmative [linguistics],noun (common) (futsuumeishi); noun or participle which takes the aux. verb suru; transitive verb,general-language,jmdict-waller,JMdict:1419740;waller-n2.csv:line-1032,Community estimate: Waller via stephenmk; not an official JLPT word list
ja-n2-01032,短編,たんぺん,1. short story; short film; short poem,noun (common) (futsuumeishi),general-language,jmdict-waller,JMdict:1597300;waller-n2.csv:line-1033,Community estimate: Waller via stephenmk; not an official JLPT word list
ja-n2-01033,誓う,ちかう,1. to swear; to vow; to take an oath; to pledge,Godan verb with 'u' ending; transitive verb,general-language,jmdict-waller,JMdict:1381210;waller-n2.csv:line-1034,Community estimate: Waller via stephenmk; not an official JLPT word list
ja-n2-01034,地下水,ちかすい,1. groundwater; underground water,noun (common) (futsuumeishi),nature-and-science,jmdict-waller,JMdict:1622630;waller-n2.csv:line-1035,Community estimate: Waller via stephenmk; not an official JLPT word list
ja-n2-01035,近々,ちかぢか,1. soon; before long; shortly; in the near future | 2. close (by); near; nearby,adverb (fukushi); adverb taking the 'to' particle,general-language,jmdict-waller,JMdict:1578110;waller-n2.csv:line-1036,Community estimate: Waller via stephenmk; not an official JLPT word list
ja-n2-01036,近付ける,ちかづける,1. to bring near; to bring close; to let go near | 2. to associate with; to bring (people) together; to let come near (of a person),Ichidan verb; transitive verb,general-language,jmdict-waller,JMdict:1242520;waller-n2.csv:line-1037,Community estimate: Waller via stephenmk; not an official JLPT word list
ja-n2-01037,近寄る,ちかよる,1. to approach; to draw near,Godan verb with 'ru' ending; intransitive verb,general-language,jmdict-waller,JMdict:1242230;waller-n2.csv:line-1038,Community estimate: Waller via stephenmk; not an official JLPT word list
ja-n2-01038,力強い,ちからづよい,1. powerful; strong; forceful; vigorous | 2. reassuring; encouraging,adjective (keiyoushi),general-language,jmdict-waller,JMdict:1554940;waller-n2.csv:line-1039,Community estimate: Waller via stephenmk; not an official JLPT word list
ja-n2-01039,千切る,ちぎる,1. to tear to pieces; to tear to shreds; to tear up [word usually written using kana alone] | 2. to pick (e.g. fruit); to pluck; to tear off [word usually written using kana alone] | 3. to do ... heavily; to do ... heartily; to do ... vigorously [word usually written using kana alone] (after the -masu stem of a verb),Godan verb with 'ru' ending; transitive verb; suffix,general-language,jmdict-waller,JMdict:1389020;waller-n2.csv:line-1040,Community estimate: Waller via stephenmk; not an official JLPT word list
ja-n2-01040,地質,ちしつ,1. geological features,noun (common) (futsuumeishi),general-language,jmdict-waller,JMdict:1421130;waller-n2.csv:line-1041,Community estimate: Waller via stephenmk; not an official JLPT word list
ja-n2-01041,知人,ちじん,1. friend; acquaintance,noun (common) (futsuumeishi),people-and-relationships,jmdict-waller,JMdict:1420620;waller-n2.csv:line-1042,Community estimate: Waller via stephenmk; not an official JLPT word list
ja-n2-01042,地帯,ちたい,1. zone; area; belt; region,noun (common) (futsuumeishi),general-language,jmdict-waller,JMdict:1421360;waller-n2.csv:line-1043,Community estimate: Waller via stephenmk; not an official JLPT word list
ja-n2-01043,縮む,ちぢむ,1. to shrink; to contract; to diminish (in size),Godan verb with 'mu' ending; intransitive verb,general-language,jmdict-waller,JMdict:1337560;waller-n2.csv:line-1044,Community estimate: Waller via stephenmk; not an official JLPT word list
ja-n2-01044,縮める,ちぢめる,1. to shorten; to reduce; to condense; to shrink | 2. to crumple (fabric); to wrinkle | 3. to make (one's body) smaller; to draw in (one's legs); to duck (one's head),Ichidan verb; transitive verb,general-language,jmdict-waller,JMdict:1337570;waller-n2.csv:line-1045,Community estimate: Waller via stephenmk; not an official JLPT word list
ja-n2-01045,縮れる,ちぢれる,1. to be wavy; to be curled; to be frizzled,Ichidan verb; intransitive verb,general-language,jmdict-waller,JMdict:1337590;waller-n2.csv:line-1046,Community estimate: Waller via stephenmk; not an official JLPT word list
ja-n2-01046,チップ,チップ,1. tip; gratuity | 2. foul tip [baseball; abbreviation] | 3. tip (of a ballpoint pen),noun (common) (futsuumeishi),general-language,jmdict-waller,JMdict:1077740;waller-n2.csv:line-1047,Community estimate: Waller via stephenmk; not an official JLPT word list
ja-n2-01047,地点,ちてん,1. spot; point; place; position,noun (common) (futsuumeishi),travel-and-places,jmdict-waller,JMdict:1421380;waller-n2.csv:line-1048,Community estimate: Waller via stephenmk; not an official JLPT word list
ja-n2-01048,地名,ちめい,1. place name; toponym,noun (common) (futsuumeishi),travel-and-places,jmdict-waller,JMdict:1421500;waller-n2.csv:line-1049,Community estimate: Waller via stephenmk; not an official JLPT word list
ja-n2-01049,茶色い,ちゃいろい,1. light brown; tawny,adjective (keiyoushi),general-language,jmdict-waller,JMdict:1983730;waller-n2.csv:line-1050,Community estimate: Waller via stephenmk; not an official JLPT word list
ja-n2-01050,着々,ちゃくちゃく,1. steadily,adverb (fukushi); adverb taking the 'to' particle,general-language,jmdict-waller,JMdict:1597480;waller-n2.csv:line-1051,Community estimate: Waller via stephenmk; not an official JLPT word list
ja-n2-01052,中間,ちゅうかん,1. middle; midway; halfway; centre; center | 2. middle position; moderate position; neutral position; middle-of-the-road position | 3. interim; intermediary; intermediate; midterm,noun (common) (futsuumeishi); nouns which may take the genitive case particle 'no',general-language,jmdict-waller,JMdict:1423680;waller-n2.csv:line-1053,Community estimate: Waller via stephenmk; not an official JLPT word list
ja-n2-01053,中旬,ちゅうじゅん,1. middle ten days of a month; 11th to 20th day of a month,noun (common) (futsuumeishi),time-and-quantity,jmdict-waller,JMdict:1424490;waller-n2.csv:line-1054,Community estimate: Waller via stephenmk; not an official JLPT word list
ja-n2-01054,抽象,ちゅうしょう,1. abstraction,noun (common) (futsuumeishi); noun or participle which takes the aux. verb suru; transitive verb,general-language,jmdict-waller,JMdict:1426190;waller-n2.csv:line-1055,Community estimate: Waller via stephenmk; not an official JLPT word list
ja-n2-01055,中世,ちゅうせい,1. Middle Ages (in Japan esp. the Kamakura and Muromachi periods); medieval times; mediaeval times [historical term],noun (common) (futsuumeishi),general-language,jmdict-waller,JMdict:1424690;waller-n2.csv:line-1056,Community estimate: Waller via stephenmk; not an official JLPT word list
ja-n2-01056,中性,ちゅうせい,"1. neutrality (incl. chemical, electrical, etc.); indifference | 2. sexlessness; androgyny; androgyne; neuter | 3. neuter gender [grammar]",noun (common) (futsuumeishi); nouns which may take the genitive case particle 'no',general-language,jmdict-waller,JMdict:1424710;waller-n2.csv:line-1057,Community estimate: Waller via stephenmk; not an official JLPT word list
ja-n2-01057,中途,ちゅうと,1. halfway; midway; partway; mid-course,noun (common) (futsuumeishi),general-language,jmdict-waller,JMdict:1425030;waller-n2.csv:line-1058,Community estimate: Waller via stephenmk; not an official JLPT word list
ja-n2-01058,中年,ちゅうねん,1. middle-age; middle age; midlife; one's middle years,noun (common) (futsuumeishi); nouns which may take the genitive case particle 'no',general-language,jmdict-waller,JMdict:1425240;waller-n2.csv:line-1059,Community estimate: Waller via stephenmk; not an official JLPT word list
ja-n2-01059,超過,ちょうか,"1. excess; surplus; exceeding (a limit, estimate, etc.); going over",noun (common) (futsuumeishi); noun or participle which takes the aux. verb suru; intransitive verb,general-language,jmdict-waller,JMdict:1429410;waller-n2.csv:line-1060,Community estimate: Waller via stephenmk; not an official JLPT word list
ja-n2-01060,彫刻,ちょうこく,1. carving; engraving; sculpture,noun (common) (futsuumeishi); noun or participle which takes the aux. verb suru; transitive verb; intransitive verb,general-language,jmdict-waller,JMdict:1427980;waller-n2.csv:line-1061,Community estimate: Waller via stephenmk; not an official JLPT word list
ja-n2-01061,長所,ちょうしょ,1. strong point; merit; virtue; advantage,noun (common) (futsuumeishi),general-language,jmdict-waller,JMdict:1430030;waller-n2.csv:line-1062,Community estimate: Waller via stephenmk; not an official JLPT word list
ja-n2-01062,長女,ちょうじょ,1. eldest daughter; first-born daughter (may be the only daughter),noun (common) (futsuumeishi),general-language,jmdict-waller,JMdict:1430040;waller-n2.csv:line-1063,Community estimate: Waller via stephenmk; not an official JLPT word list
ja-n2-01063,調整,ちょうせい,1. adjustment; regulation; coordination; reconciliation; tuning; fixing; tailoring,noun (common) (futsuumeishi); noun or participle which takes the aux. verb suru; transitive verb,general-language,jmdict-waller,JMdict:1429200;waller-n2.csv:line-1064,Community estimate: Waller via stephenmk; not an official JLPT word list
ja-n2-01064,調節,ちょうせつ,1. regulation; adjustment; control,noun (common) (futsuumeishi); noun or participle which takes the aux. verb suru; transitive verb,general-language,jmdict-waller,JMdict:1429240;waller-n2.csv:line-1065,Community estimate: Waller via stephenmk; not an official JLPT word list
ja-n2-01065,長短,ちょうたん,1. (relative) length | 2. advantages and disadvantages; pluses and minuses; strong and weak points; merits and demerits,noun (common) (futsuumeishi),general-language,jmdict-waller,JMdict:1430070;waller-n2.csv:line-1066,Community estimate: Waller via stephenmk; not an official JLPT word list
ja-n2-01066,頂点,ちょうてん,"1. vertex; apex [geometry] | 2. top (e.g. of a mountain); summit; peak | 3. top (of a profession, field, etc.); summit | 4. peak (of popularity, a boom, etc.); height (e.g. of prosperity); apex; zenith; climax",noun (common) (futsuumeishi),general-language,jmdict-waller,JMdict:1430240;waller-n2.csv:line-1067,Community estimate: Waller via stephenmk; not an official JLPT word list
ja-n2-01067,長男,ちょうなん,1. eldest son (may be the only son); first-born son,noun (common) (futsuumeishi),general-language,jmdict-waller,JMdict:1430080;waller-n2.csv:line-1068,Community estimate: Waller via stephenmk; not an official JLPT word list
ja-n2-01068,長方形,ちょうほうけい,1. rectangle; oblong,noun (common) (futsuumeishi); nouns which may take the genitive case particle 'no',general-language,jmdict-waller,JMdict:1430130;waller-n2.csv:line-1069,Community estimate: Waller via stephenmk; not an official JLPT word list
ja-n2-01069,調味料,ちょうみりょう,1. seasoning; flavoring; flavouring; condiment,noun (common) (futsuumeishi),general-language,jmdict-waller,JMdict:1429290;waller-n2.csv:line-1070,Community estimate: Waller via stephenmk; not an official JLPT word list
ja-n2-01070,チョーク,チョーク,1. chalk,noun (common) (futsuumeishi),general-language,jmdict-waller,JMdict:1078240;waller-n2.csv:line-1071,Community estimate: Waller via stephenmk; not an official JLPT word list
ja-n2-01071,直後,ちょくご,1. immediately following,noun (common) (futsuumeishi); adverb (fukushi),general-language,jmdict-waller,JMdict:1430930;waller-n2.csv:line-1072,Community estimate: Waller via stephenmk; not an official JLPT word list
ja-n2-01072,直線,ちょくせん,1. straight line,noun (common) (futsuumeishi); nouns which may take the genitive case particle 'no',general-language,jmdict-waller,JMdict:1431310;waller-n2.csv:line-1073,Community estimate: Waller via stephenmk; not an official JLPT word list
ja-n2-01073,直前,ちょくぜん,1. just before; just prior to | 2. right in front of; just in front of,noun (common) (futsuumeishi); adverb (fukushi),general-language,jmdict-waller,JMdict:1431330;waller-n2.csv:line-1074,Community estimate: Waller via stephenmk; not an official JLPT word list
ja-n2-01074,直通,ちょくつう,1. direct line; direct communication; connecting directly; through service; nonstop service,noun (common) (futsuumeishi); noun or participle which takes the aux. verb suru; intransitive verb; nouns which may take the genitive case particle 'no',general-language,jmdict-waller,JMdict:1431440;waller-n2.csv:line-1075,Community estimate: Waller via stephenmk; not an official JLPT word list
ja-n2-01075,直流,ちょくりゅう,"1. direct current; DC [electricity, elec. eng.]",noun (common) (futsuumeishi),general-language,jmdict-waller,JMdict:1431600;waller-n2.csv:line-1076,Community estimate: Waller via stephenmk; not an official JLPT word list
ja-n2-01076,貯蔵,ちょぞう,1. storage; preservation; stocking; stockpiling | 2. hoarding (of goods or money without productive use),noun (common) (futsuumeishi); noun or participle which takes the aux. verb suru; transitive verb,general-language,jmdict-waller,JMdict:1427220;waller-n2.csv:line-1077,Community estimate: Waller via stephenmk; not an official JLPT word list
ja-n2-01077,直角,ちょっかく,1. right angle,noun (common) (futsuumeishi); adjectival nouns or quasi-adjectives (keiyodoshi); nouns which may take the genitive case particle 'no',general-language,jmdict-waller,JMdict:1430800;waller-n2.csv:line-1078,Community estimate: Waller via stephenmk; not an official JLPT word list
ja-n2-01078,直径,ちょっけい,1. diameter,noun (common) (futsuumeishi),general-language,jmdict-waller,JMdict:1597720;waller-n2.csv:line-1079,Community estimate: Waller via stephenmk; not an official JLPT word list
ja-n2-01079,散らかす,ちらかす,1. to scatter around; to leave untidy; to make a mess,Godan verb with 'su' ending; transitive verb,general-language,jmdict-waller,JMdict:1303420;waller-n2.csv:line-1080,Community estimate: Waller via stephenmk; not an official JLPT word list
ja-n2-01080,散らかる,ちらかる,1. to be in disorder; to lie scattered around,Godan verb with 'ru' ending; intransitive verb,general-language,jmdict-waller,JMdict:1303430;waller-n2.csv:line-1081,Community estimate: Waller via stephenmk; not an official JLPT word list
ja-n2-01081,散らす,ちらす,"1. to scatter; to cause a shower of | 2. to disperse; to distribute; to spread | 3. to resolve (a symptom, condition, etc.); to relieve; to get rid of; to cure | 4. to distract; to divert | 5. to do ... wildly (i.e. disorderly or frequently); to do ... all over the place (after the -masu stem of a verb)",Godan verb with 'su' ending; transitive verb; suffix,general-language,jmdict-waller,JMdict:1303460;waller-n2.csv:line-1082,Community estimate: Waller via stephenmk; not an official JLPT word list
ja-n2-01082,塵紙,ちりがみ,1. tissue paper; toilet paper,noun (common) (futsuumeishi),general-language,jmdict-waller,JMdict:1612710;waller-n2.csv:line-1083,Community estimate: Waller via stephenmk; not an official JLPT word list
ja-n2-01083,散る,ちる,"1. to fall (e.g. blossoms, leaves) | 2. to scatter; to be dispersed | 3. to disappear; to dissolve; to break up | 4. to spread; to run; to blur | 5. to die a noble death",Godan verb with 'ru' ending; intransitive verb,general-language,jmdict-waller,JMdict:1303490;waller-n2.csv:line-1084,Community estimate: Waller via stephenmk; not an official JLPT word list
ja-n2-01084,追加,ついか,1. addition; supplement; appending; appendix,noun (common) (futsuumeishi); noun or participle which takes the aux. verb suru; transitive verb; nouns which may take the genitive case particle 'no',general-language,jmdict-waller,JMdict:1432460;waller-n2.csv:line-1085,Community estimate: Waller via stephenmk; not an official JLPT word list
ja-n2-01085,序で,ついで,1. opportunity; occasion; chance [word usually written using kana alone] | 2. order; sequence [archaic] (orig. meaning) | 3. successor [archaic],noun (common) (futsuumeishi),general-language,jmdict-waller,JMdict:1345470;waller-n2.csv:line-1086,Community estimate: Waller via stephenmk; not an official JLPT word list
ja-n2-01086,通貨,つうか,1. currency,noun (common) (futsuumeishi),general-language,jmdict-waller,JMdict:1433050;waller-n2.csv:line-1087,Community estimate: Waller via stephenmk; not an official JLPT word list
ja-n2-01087,通勤,つうきん,1. commuting to work,noun (common) (futsuumeishi); noun or participle which takes the aux. verb suru; intransitive verb,study-work-and-communication,jmdict-waller,JMdict:1433140;waller-n2.csv:line-1088,Community estimate: Waller via stephenmk; not an official JLPT word list
ja-n2-01088,通ずる,つうずる,"1. to be open (to traffic); to lead (to); to connect (to); to run (from, between; e.g. bus service); to extend (up to); to go (to); to reach | 2. to flow (of a liquid, current, etc.); to pass (through); to get through (e.g. of a signal); to connect (e.g. of a call); to work (of a phone line) | 3. to be conveyed (of an intention, meaning, etc.); to be understood (by); to be comprehended; to get across (e.g. of an idea) | 4. to be well versed (in); to be proficient (in); to know a lot (about); to be familiar (with) | 5. to be widespread; to be commonly known; to be prevalent | 6. to have an effect; to work; to be on par (with) | 7. to communicate secretly (with the enemy); to conspire (with); to betray | 8. to have an affair (with); to have an illicit relationship; to be intimate (with) | 9. to be relevant (to); to concern | 10. to have bowel movement; to (be able to) defacate | 11. to convey (an intention, feeling, etc.); to get (something) across; to communicate; to make (someone) understand | 12. to give out (e.g. a business card); to hand out (a name card) | 13. to do via (something); to go through (someone); to do by using | 14. to span the entirety (of); to concern (all of); to extend (all across)",Ichidan verb - zuru verb (alternative form of -jiru verbs); intransitive verb; transitive verb,travel-and-places,jmdict-waller,JMdict:1983740;waller-n2.csv:line-1089,Community estimate: Waller via stephenmk; not an official JLPT word list
ja-n2-01089,通知,つうち,"1. notice; notification; report; posting | 2. notification (on a smartphone, PC, etc.) [computing]",noun (common) (futsuumeishi); noun or participle which takes the aux. verb suru; transitive verb,general-language,jmdict-waller,JMdict:1433470;waller-n2.csv:line-1090,Community estimate: Waller via stephenmk; not an official JLPT word list
ja-n2-01090,通帳,つうちょう,1. passbook; bankbook,noun (common) (futsuumeishi),general-language,jmdict-waller,JMdict:1433490;waller-n2.csv:line-1091,Community estimate: Waller via stephenmk; not an official JLPT word list
ja-n2-01091,通訳,つうやく,1. interpretation (i.e. oral translation) | 2. interpreter,noun (common) (futsuumeishi); noun or participle which takes the aux. verb suru; transitive verb,general-language,jmdict-waller,JMdict:1433560;waller-n2.csv:line-1092,Community estimate: Waller via stephenmk; not an official JLPT word list
ja-n2-01092,通用,つうよう,"1. (common) use (of a language, currency, etc.); current use; circulation; currency; validity (e.g. of a ticket) | 2. to be accepted (e.g. of a way of thinking); to work (of an excuse, trick, etc.); to hold true (e.g. of a theory); to apply; to be valid; to pass (for); to do well; to get by | 3. going in and out; entrance and exit",noun (common) (futsuumeishi); noun or participle which takes the aux. verb suru; intransitive verb,study-work-and-communication,jmdict-waller,JMdict:1433570;waller-n2.csv:line-1093,Community estimate: Waller via stephenmk; not an official JLPT word list
ja-n2-01093,通路,つうろ,1. passage; pathway; roadway; avenue; aisle,noun (common) (futsuumeishi),general-language,jmdict-waller,JMdict:1433600;waller-n2.csv:line-1094,Community estimate: Waller via stephenmk; not an official JLPT word list
ja-n2-01094,付合う,つきあう,1. to associate with; to keep company with; to go out with; to go steady with; to get on with | 2. to go along with; to follow someone's lead; to accompany someone; to compromise,Godan verb with 'u' ending; intransitive verb,study-work-and-communication,jmdict-waller,JMdict:1597790;waller-n2.csv:line-1095,Community estimate: Waller via stephenmk; not an official JLPT word list
ja-n2-01095,突き当たり,つきあたり,"1. end (of a street, hallway, etc.)",noun (common) (futsuumeishi),travel-and-places,jmdict-waller,JMdict:1456770;waller-n2.csv:line-1096,Community estimate: Waller via stephenmk; not an official JLPT word list
ja-n2-01096,突き当たる,つきあたる,"1. to run into; to collide with; to crash into; to bump against | 2. to come to the end of (a street) | 3. to run into (difficulties, problems, etc.); to run up against",Godan verb with 'ru' ending; intransitive verb,general-language,jmdict-waller,JMdict:1456780;waller-n2.csv:line-1097,Community estimate: Waller via stephenmk; not an official JLPT word list
ja-n2-01097,月日,つきひ,1. time; years; days; (one's) life | 2. the Moon and the Sun,noun (common) (futsuumeishi),time-and-quantity,jmdict-waller,JMdict:1255780;waller-n2.csv:line-1098,Community estimate: Waller via stephenmk; not an official JLPT word list
ja-n2-01098,点く,つく,"1. to be lit (of a lamp, burner, etc.); to catch fire; to ignite; to start burning [word usually written using kana alone] | 2. to be turned on (of a light, appliance, etc.); to come on [word usually written using kana alone]",Godan verb with 'ku' ending; intransitive verb,nature-and-science,jmdict-waller,JMdict:1441400;waller-n2.csv:line-1099,Community estimate: Waller via stephenmk; not an official JLPT word list
ja-n2-01099,突く,つく,"1. to prick; to stab | 2. to poke; to prod; to push; to thrust; to nudge; to hit; to strike | 3. to use (a cane); to prop oneself up with; to press against (the floor, etc.) | 4. to attack | 5. to brave (the rain, etc.)",Godan verb with 'ku' ending; transitive verb,general-language,jmdict-waller,JMdict:1456890;waller-n2.csv:line-1100,Community estimate: Waller via stephenmk; not an official JLPT word list
ja-n2-01100,次ぐ,つぐ,1. to follow; to come after; to come next (to); to rank next (to); to rank second (to),Godan verb with 'gu' ending; intransitive verb,time-and-quantity,jmdict-waller,JMdict:1316400;waller-n2.csv:line-1101,Community estimate: Waller via stephenmk; not an official JLPT word list
ja-n2-01103,点ける,つける,1. to turn on; to switch on; to light up [word usually written using kana alone],Ichidan verb; transitive verb,general-language,jmdict-waller,JMdict:1610400;waller-n2.csv:line-1104,Community estimate: Waller via stephenmk; not an official JLPT word list
ja-n2-01105,伝わる,つたわる,"1. to spread (of a rumour, news, etc.); to travel; to circulate; to go around; to be passed around; to become known | 2. to be handed down (from generation to generation); to be passed down | 3. to be introduced (to a country, region, etc.); to be brought; to come | 4. to be conveyed (of a feeling, impression, etc.); to be felt; to come across | 5. to travel (of sound, electricity, etc.); to propagate; to be conducted; to be transmitted | 6. to go along; to move along",Godan verb with 'ru' ending; intransitive verb,travel-and-places,jmdict-waller,JMdict:1441900;waller-n2.csv:line-1106,Community estimate: Waller via stephenmk; not an official JLPT word list
ja-n2-01106,突っ込む,つっこむ,1. to thrust (something) into (something); to cram; to stuff; to shove | 2. to plunge into; to charge into; to rush into; to ram into; to crash into | 3. to delve into (a matter); to go into depth; to get to the heart (of something) | 4. to press (someone) about; to point out (e.g. an inconsistency); to question sharply; to grill | 5. to get involved with; to meddle in; to poke one's nose into | 6. to riposte; to retort; to quip,Godan verb with 'mu' ending; transitive verb; intransitive verb,general-language,jmdict-waller,JMdict:1456940;waller-n2.csv:line-1107,Community estimate: Waller via stephenmk; not an official JLPT word list
ja-n2-01108,努める,つとめる,1. to endeavor (to do); to endeavour; to try hard; to work hard; to strive; to make an effort; to exert oneself; to devote oneself; to be committed (to doing),Ichidan verb; intransitive verb,study-work-and-communication,jmdict-waller,JMdict:1240820;waller-n2.csv:line-1109,Community estimate: Waller via stephenmk; not an official JLPT word list
ja-n2-01109,綱,つな,1. rope; cord; line | 2. grand champion's braided belt [sumo],noun (common) (futsuumeishi),general-language,jmdict-waller,JMdict:1280880;waller-n2.csv:line-1110,Community estimate: Waller via stephenmk; not an official JLPT word list
ja-n2-01110,繋がり,つながり,1. connection; link; relationship [word usually written using kana alone],noun (common) (futsuumeishi),people-and-relationships,jmdict-waller,JMdict:1251870;waller-n2.csv:line-1111,Community estimate: Waller via stephenmk; not an official JLPT word list
ja-n2-01111,繋がる,つながる,"1. to be connected (to); to be joined together; to be linked; to be tied together; to lead (to) [word usually written using kana alone] | 2. to connect (of a telephone call, the internet, etc.); to get through [word usually written using kana alone] | 3. to lead (to an outcome); to bring about (a result) [word usually written using kana alone] | 4. to be lined up (e.g. of cars); to extend; to stretch out [word usually written using kana alone] | 5. to be related (e.g. to a matter); to be connected (to); to have something to do (with) [word usually written using kana alone] | 6. to be related (by blood) [word usually written using kana alone]",Godan verb with 'ru' ending; intransitive verb,general-language,jmdict-waller,JMdict:1251880;waller-n2.csv:line-1112,Community estimate: Waller via stephenmk; not an official JLPT word list
ja-n2-01112,繋げる,つなげる,1. to connect [word usually written using kana alone] | 2. to tie; to fasten [word usually written using kana alone] | 3. to transfer (phone call) [word usually written using kana alone],Ichidan verb; transitive verb,general-language,jmdict-waller,JMdict:1251910;waller-n2.csv:line-1113,Community estimate: Waller via stephenmk; not an official JLPT word list
ja-n2-01113,粒,つぶ,"1. grain; bead; drop | 2. counter for small round objects including grains, seeds, pills, drops",noun (common) (futsuumeishi); counter,general-language,jmdict-waller,JMdict:1552890;waller-n2.csv:line-1114,Community estimate: Waller via stephenmk; not an official JLPT word list
ja-n2-01114,潰す,つぶす,"1. to smash; to crush; to flatten | 2. to shut down; to put out of business; to force (a company) to close up shop | 3. to wreck; to break; to block; to thwart | 4. to butcher; to slaughter; to kill (livestock, for food) | 5. to kill (time); to while away (the time); to use up (one's time) | 6. to waste (e.g. talents)",Godan verb with 'su' ending; transitive verb,general-language,jmdict-waller,JMdict:1433820;waller-n2.csv:line-1115,Community estimate: Waller via stephenmk; not an official JLPT word list
ja-n2-01115,潰れる,つぶれる,"1. to be crushed; to be squashed; to be smashed; to be destroyed; to be broken; to collapse | 2. to go bankrupt; to go under; to fail; to collapse | 3. to be ruined (of a plan); to be cancelled; to collapse (e.g. of a project); to fall through; to blow up | 4. to be lost (of one's voice, eyesight, sense of smell, etc.); to cease functioning | 5. to be taken up (of one's time); to be lost; to be wasted | 6. to be missed (of a chance); to be lost | 7. to be lost (of face, composure, etc.); to broken down (e.g. of one's courage); to be broken (of one's heart) | 8. to be worn down (of a pen nib, saw teeth, etc.); to wear away; to become dull | 9. to get dead drunk",Ichidan verb; intransitive verb,general-language,jmdict-waller,JMdict:1433830;waller-n2.csv:line-1116,Community estimate: Waller via stephenmk; not an official JLPT word list
ja-n2-01116,つまずく,つまずく,1. to trip (over); to stumble [word usually written using kana alone] | 2. to fail; to suffer a setback [word usually written using kana alone],Godan verb with 'ku' ending; intransitive verb,general-language,jmdict-waller,JMdict:1573400;waller-n2.csv:line-1117,Community estimate: Waller via stephenmk; not an official JLPT word list
ja-n2-01117,詰まる,つまる,"1. to be packed (with); to be filled; to be full (e.g. of a schedule) | 2. to be blocked (of a pipe, nose, etc.); to be clogged; to be stopped up | 3. to be become shorter; to shrink; to narrow | 4. to be at a loss (for); to be pressed (for); to be stuck (for) | 5. to come to the end; to be settled | 6. to become a geminate consonant | 7. to hit the bat close to the batter's hands (of a pitch); to hit off the fists; to get jammed [baseball]",Godan verb with 'ru' ending; intransitive verb,general-language,jmdict-waller,JMdict:1226480;waller-n2.csv:line-1118,Community estimate: Waller via stephenmk; not an official JLPT word list
ja-n2-01118,積む,つむ,"1. to pile up; to stack | 2. to load (car, ship, etc.); to pack | 3. to acquire; to accumulate",Godan verb with 'mu' ending; transitive verb,general-language,jmdict-waller,JMdict:1382970;waller-n2.csv:line-1119,Community estimate: Waller via stephenmk; not an official JLPT word list
ja-n2-01119,爪,つめ,"1. nail (e.g. fingernail, toenail); claw; talon; hoof | 2. plectrum; pick | 3. hook; clasp",noun (common) (futsuumeishi),general-language,jmdict-waller,JMdict:1433880;waller-n2.csv:line-1120,Community estimate: Waller via stephenmk; not an official JLPT word list
ja-n2-01120,艶,つや,1. gloss; luster; lustre; shine; sheen; polish | 2. mellowness (of a voice); youthfulness (e.g. of skin) | 3. interest; appeal; charm; color; colour; feeling | 4. romance; love; sexiness,noun (common) (futsuumeishi),general-language,jmdict-waller,JMdict:1177680;waller-n2.csv:line-1121,Community estimate: Waller via stephenmk; not an official JLPT word list
ja-n2-01121,強気,つよき,1. confident; assured; self-assured; firm; strong; cocksure | 2. bullish [stock market],adjectival nouns or quasi-adjectives (keiyodoshi); nouns which may take the genitive case particle 'no'; noun (common) (futsuumeishi),general-language,jmdict-waller,JMdict:1236230;waller-n2.csv:line-1122,Community estimate: Waller via stephenmk; not an official JLPT word list
ja-n2-01122,釣り合う,つりあう,1. to balance; to be in harmony; to be in equilibrium | 2. to suit; to go well together; to be a good match,Godan verb with 'u' ending; intransitive verb,general-language,jmdict-waller,JMdict:1434050;waller-n2.csv:line-1123,Community estimate: Waller via stephenmk; not an official JLPT word list
ja-n2-01123,吊る,つる,1. to hang; to suspend; to sling; to wear (e.g. a sword); to put up (e.g. a shelf) | 2. to hang oneself | 3. to hoist an opponent off of his feet by his loincloth [sumo] | 4. to turn upwards (as if being pulled); to be slanted (of eyes) [word usually written using kana alone] | 5. to pucker (e.g. of a seam); to be pulled tight [word usually written using kana alone],Godan verb with 'ru' ending; transitive verb; intransitive verb,home-and-daily-life,jmdict-waller,JMdict:1434020;waller-n2.csv:line-1124,Community estimate: Waller via stephenmk; not an official JLPT word list
ja-n2-01124,吊す,つるす,1. to hang; to hang up,Godan verb with 'su' ending; transitive verb,general-language,jmdict-waller,JMdict:1433980;waller-n2.csv:line-1125,Community estimate: Waller via stephenmk; not an official JLPT word list
ja-n2-01126,手洗い,てあらい,"1. washing one's hands; water (or basin, etc.) for washing one's hands | 2. restroom; lavatory; toilet | 3. hand-washing (laundry, etc.)",noun (common) (futsuumeishi),nature-and-science,jmdict-waller,JMdict:1328020;waller-n2.csv:line-1127,Community estimate: Waller via stephenmk; not an official JLPT word list
ja-n2-01127,定員,ていいん,"1. fixed number (of people); prescribed number (of regular personnel, students, etc.); quota; numerical limit; complement | 2. capacity (of a bus, boat, theatre, etc.); seating capacity",noun (common) (futsuumeishi),time-and-quantity,jmdict-waller,JMdict:1435400;waller-n2.csv:line-1128,Community estimate: Waller via stephenmk; not an official JLPT word list
ja-n2-01128,定価,ていか,1. list price; regular price; established price,noun (common) (futsuumeishi),society-and-economy,jmdict-waller,JMdict:1435410;waller-n2.csv:line-1129,Community estimate: Waller via stephenmk; not an official JLPT word list
ja-n2-01129,低下,ていか,1. fall; decline; lowering; deterioration; degradation,noun (common) (futsuumeishi); noun or participle which takes the aux. verb suru; intransitive verb,general-language,jmdict-waller,JMdict:1434250;waller-n2.csv:line-1130,Community estimate: Waller via stephenmk; not an official JLPT word list
ja-n2-01130,定期券,ていきけん,1. commuter pass; season ticket [abbreviation],noun (common) (futsuumeishi),general-language,jmdict-waller,JMdict:1435510;waller-n2.csv:line-1131,Community estimate: Waller via stephenmk; not an official JLPT word list
ja-n2-01131,定休日,ていきゅうび,1. regular holiday; fixed day off; regular closing day,noun (common) (futsuumeishi),time-and-quantity,jmdict-waller,JMdict:1435540;waller-n2.csv:line-1132,Community estimate: Waller via stephenmk; not an official JLPT word list
ja-n2-01132,停止,ていし,"1. stoppage; coming to a stop; halt; standstill | 2. ceasing (movement, activity, etc.); suspension (of operations); interruption (e.g. of electricity supply); cutting off | 3. suspension (of payment, a licence, etc.); (temporary) prohibition; ban",noun (common) (futsuumeishi); noun or participle which takes the aux. verb suru; transitive verb; intransitive verb,general-language,jmdict-waller,JMdict:1434920;waller-n2.csv:line-1133,Community estimate: Waller via stephenmk; not an official JLPT word list
ja-n2-01133,停車,ていしゃ,"1. stopping (of a train, car, etc.); stop",noun (common) (futsuumeishi); noun or participle which takes the aux. verb suru; intransitive verb,travel-and-places,jmdict-waller,JMdict:1434960;waller-n2.csv:line-1134,Community estimate: Waller via stephenmk; not an official JLPT word list
ja-n2-01134,停電,ていでん,1. power outage; power failure; power cut; blackout,noun (common) (futsuumeishi); noun or participle which takes the aux. verb suru; intransitive verb,general-language,jmdict-waller,JMdict:1435020;waller-n2.csv:line-1135,Community estimate: Waller via stephenmk; not an official JLPT word list
ja-n2-01135,出入り,でいり,1. going in and out; entering and exiting | 2. visiting regularly; frequenting; having regular dealings with | 3. income and expenditure; incomings and outgoings | 4. increase and decrease; surplus and deficit; fluctuation | 5. fight; trouble; quarrel; dispute | 6. indentations (e.g. of a coastline),noun (common) (futsuumeishi); noun or participle which takes the aux. verb suru; intransitive verb,general-language,jmdict-waller,JMdict:1339910;waller-n2.csv:line-1136,Community estimate: Waller via stephenmk; not an official JLPT word list
ja-n2-01136,出入口,でいりぐち,1. exit and entrance,noun (common) (futsuumeishi),general-language,jmdict-waller,JMdict:1598540;waller-n2.csv:line-1137,Community estimate: Waller via stephenmk; not an official JLPT word list
ja-n2-01137,手入れ,ていれ,1. care; looking after; repair; maintenance; tending; trimming; grooming | 2. (police) raid; crackdown,noun (common) (futsuumeishi); noun or participle which takes the aux. verb suru; transitive verb,general-language,jmdict-waller,JMdict:1328250;waller-n2.csv:line-1138,Community estimate: Waller via stephenmk; not an official JLPT word list
ja-n2-01138,テーマ,テーマ,1. theme; topic; subject matter; motif; project; slogan,noun (common) (futsuumeishi),general-language,jmdict-waller,JMdict:1078830;waller-n2.csv:line-1139,Community estimate: Waller via stephenmk; not an official JLPT word list
ja-n2-01140,出来上がり,できあがり,1. completion; finish | 2. workmanship; result; outcome,noun (common) (futsuumeishi),general-language,jmdict-waller,JMdict:1340600;waller-n2.csv:line-1141,Community estimate: Waller via stephenmk; not an official JLPT word list
ja-n2-01141,出来上がる,できあがる,1. to be completed; to be finished; to be ready (e.g. to serve or eat) | 2. to be very drunk; to get plastered [colloquial],Godan verb with 'ru' ending; intransitive verb,food-and-dining,jmdict-waller,JMdict:1340610;waller-n2.csv:line-1142,Community estimate: Waller via stephenmk; not an official JLPT word list
ja-n2-01142,的確,てきかく,1. accurate; precise; exact; appropriate; apt; right,adjectival nouns or quasi-adjectives (keiyodoshi); noun (common) (futsuumeishi),general-language,jmdict-waller,JMdict:1437290;waller-n2.csv:line-1143,Community estimate: Waller via stephenmk; not an official JLPT word list
ja-n2-01144,手首,てくび,1. wrist,noun (common) (futsuumeishi),general-language,jmdict-waller,JMdict:1327770;waller-n2.csv:line-1145,Community estimate: Waller via stephenmk; not an official JLPT word list
ja-n2-01145,凸凹,でこぼこ,1. unevenness; roughness; ruggedness; bumpiness | 2. inequality; imbalance; unevenness; difference,noun (common) (futsuumeishi); nouns which may take the genitive case particle 'no'; adjectival nouns or quasi-adjectives (keiyodoshi); noun or participle which takes the aux. verb suru; intransitive verb,general-language,jmdict-waller,JMdict:1582410;waller-n2.csv:line-1146,Community estimate: Waller via stephenmk; not an official JLPT word list
ja-n2-01146,手頃,てごろ,1. handy; convenient | 2. suitable; reasonable; moderate,adjectival nouns or quasi-adjectives (keiyodoshi); noun (common) (futsuumeishi),general-language,jmdict-waller,JMdict:1327660;waller-n2.csv:line-1147,Community estimate: Waller via stephenmk; not an official JLPT word list
ja-n2-01147,でたらめ,でたらめ,1. nonsense; irresponsible remark; codswallop; hogwash; rubbish [word usually written using kana alone] | 2. random; haphazard; unsystematic [word usually written using kana alone],noun (common) (futsuumeishi); adjectival nouns or quasi-adjectives (keiyodoshi),general-language,jmdict-waller,JMdict:1339630;waller-n2.csv:line-1148,Community estimate: Waller via stephenmk; not an official JLPT word list
ja-n2-01148,手帳,てちょう,1. notebook; memo pad; (pocket) diary | 2. certificate [abbreviation] | 3. identification card [abbreviation],noun (common) (futsuumeishi),general-language,jmdict-waller,JMdict:1598330;waller-n2.csv:line-1149,Community estimate: Waller via stephenmk; not an official JLPT word list
ja-n2-01149,鉄橋,てっきょう,1. railway bridge; iron bridge,noun (common) (futsuumeishi),general-language,jmdict-waller,JMdict:1437820;waller-n2.csv:line-1150,Community estimate: Waller via stephenmk; not an official JLPT word list
ja-n2-01150,手続き,てつづき,1. procedure; process; proceedings; formalities,noun (common) (futsuumeishi),general-language,jmdict-waller,JMdict:1598350;waller-n2.csv:line-1151,Community estimate: Waller via stephenmk; not an official JLPT word list
ja-n2-01151,鉄砲,てっぽう,1. gun; firearm | 2. wooden pole that wrestlers strike in practice [sumo] | 3. puffer fish [colloquial],noun (common) (futsuumeishi),general-language,jmdict-waller,JMdict:1438010;waller-n2.csv:line-1152,Community estimate: Waller via stephenmk; not an official JLPT word list
ja-n2-01152,テニスコート,テニスコート,1. tennis court,noun (common) (futsuumeishi),general-language,jmdict-waller,JMdict:1080030;waller-n2.csv:line-1153,Community estimate: Waller via stephenmk; not an official JLPT word list
ja-n2-01153,手拭い,てぬぐい,1. tenugui; (hand) towel (usu. thin cotton cloth),noun (common) (futsuumeishi),health-and-body,jmdict-waller,JMdict:1598400;waller-n2.csv:line-1154,Community estimate: Waller via stephenmk; not an official JLPT word list
ja-n2-01154,手前,てまえ,1. before oneself; in front of one; nearby | 2. a bit before reaching (a location); this side (of a location) | 3. one's standpoint; one's appearance; face; honour | 4. skill; dexterity; artistry; ingenuity | 5. tea-ceremony procedures | 6. I; me [humble (kenjougo) language] | 7. you [male term or language] (to one's inferior),noun (common) (futsuumeishi); pronoun,general-language,jmdict-waller,JMdict:1328030;waller-n2.csv:line-1155,Community estimate: Waller via stephenmk; not an official JLPT word list
ja-n2-01155,出迎え,でむかえ,1. (going out and) receiving (someone); (heading out and) meeting; picking up; welcoming,noun (common) (futsuumeishi),study-work-and-communication,jmdict-waller,JMdict:1338710;waller-n2.csv:line-1156,Community estimate: Waller via stephenmk; not an official JLPT word list
ja-n2-01156,出迎える,でむかえる,1. to meet; to greet,Ichidan verb; transitive verb,general-language,jmdict-waller,JMdict:1338720;waller-n2.csv:line-1157,Community estimate: Waller via stephenmk; not an official JLPT word list
ja-n2-01157,照らす,てらす,1. to shine on; to illuminate | 2. to compare (with); to refer to,Godan verb with 'su' ending; transitive verb,general-language,jmdict-waller,JMdict:1350840;waller-n2.csv:line-1158,Community estimate: Waller via stephenmk; not an official JLPT word list
ja-n2-01158,照る,てる,"1. to shine | 2. to look slightly upward (of a noh mask; indicating joy, etc.)",Godan verb with 'ru' ending; intransitive verb,general-language,jmdict-waller,JMdict:1350860;waller-n2.csv:line-1159,Community estimate: Waller via stephenmk; not an official JLPT word list
ja-n2-01159,展開,てんかい,1. development; evolution; progression; unfolding; (plot) twist | 2. expansion; spreading out; extending; deployment; building up | 3. expansion (of an algebraic expression) [mathematics] | 4. development (of a three-dimensional shape) [mathematics] | 5. extraction (of compressed data); decompression; unpacking [computing] | 6. sharing (information) [business],noun (common) (futsuumeishi); noun or participle which takes the aux. verb suru; transitive verb; intransitive verb,general-language,jmdict-waller,JMdict:1440600;waller-n2.csv:line-1160,Community estimate: Waller via stephenmk; not an official JLPT word list
ja-n2-01160,伝記,でんき,1. biography; life story,noun (common) (futsuumeishi); nouns which may take the genitive case particle 'no',general-language,jmdict-waller,JMdict:1441960;waller-n2.csv:line-1161,Community estimate: Waller via stephenmk; not an official JLPT word list
ja-n2-01161,電球,でんきゅう,1. light bulb,noun (common) (futsuumeishi),general-language,jmdict-waller,JMdict:1443170;waller-n2.csv:line-1162,Community estimate: Waller via stephenmk; not an official JLPT word list
ja-n2-01162,点数,てんすう,1. marks; points; score; grade; runs (baseball) | 2. number of items; number of articles,noun (common) (futsuumeishi),general-language,jmdict-waller,JMdict:1441660;waller-n2.csv:line-1163,Community estimate: Waller via stephenmk; not an official JLPT word list
ja-n2-01163,伝染,でんせん,1. contagion; infection,noun (common) (futsuumeishi); noun or participle which takes the aux. verb suru; intransitive verb,general-language,jmdict-waller,JMdict:1442110;waller-n2.csv:line-1164,Community estimate: Waller via stephenmk; not an official JLPT word list
ja-n2-01164,電池,でんち,1. battery; cell,noun (common) (futsuumeishi),general-language,jmdict-waller,JMdict:1443620;waller-n2.csv:line-1165,Community estimate: Waller via stephenmk; not an official JLPT word list
ja-n2-01165,点々,てんてん,1. here and there; little by little; sporadically; scattered in drops | 2. dots; spots,adverb (fukushi); adverb taking the 'to' particle; noun (common) (futsuumeishi),general-language,jmdict-waller,JMdict:1598460;waller-n2.csv:line-1166,Community estimate: Waller via stephenmk; not an official JLPT word list
ja-n2-01166,転々,てんてん,1. moving from place to place; being passed around repeatedly | 2. rolling about,adverb (fukushi); adverb taking the 'to' particle; noun (common) (futsuumeishi); noun or participle which takes the aux. verb suru,travel-and-places,jmdict-waller,JMdict:1704220;waller-n2.csv:line-1167,Community estimate: Waller via stephenmk; not an official JLPT word list
ja-n2-01167,電柱,でんちゅう,1. utility pole; power pole; telephone pole; telegraph pole,noun (common) (futsuumeishi),general-language,jmdict-waller,JMdict:1443630;waller-n2.csv:line-1168,Community estimate: Waller via stephenmk; not an official JLPT word list
ja-n2-01168,天皇,てんのう,1. Emperor of Japan,noun (common) (futsuumeishi),general-language,jmdict-waller,JMdict:1582030;waller-n2.csv:line-1169,Community estimate: Waller via stephenmk; not an official JLPT word list
ja-n2-01169,電波,でんぱ,1. radio wave; reception; signal | 2. saying strange things [slang],noun (common) (futsuumeishi); adjectival nouns or quasi-adjectives (keiyodoshi),general-language,jmdict-waller,JMdict:1443720;waller-n2.csv:line-1170,Community estimate: Waller via stephenmk; not an official JLPT word list
ja-n2-01170,テンポ,テンポ,1. tempo [music],noun (common) (futsuumeishi),general-language,jmdict-waller,JMdict:1081120;waller-n2.csv:line-1171,Community estimate: Waller via stephenmk; not an official JLPT word list
ja-n2-01171,電流,でんりゅう,1. electric current,noun (common) (futsuumeishi),general-language,jmdict-waller,JMdict:1443790;waller-n2.csv:line-1172,Community estimate: Waller via stephenmk; not an official JLPT word list
ja-n2-01172,電力,でんりょく,1. electric power,noun (common) (futsuumeishi),general-language,jmdict-waller,JMdict:1443810;waller-n2.csv:line-1173,Community estimate: Waller via stephenmk; not an official JLPT word list
ja-n2-01173,問い合わせ,といあわせ,1. inquiry; query; enquiry,noun (common) (futsuumeishi),general-language,jmdict-waller,JMdict:1598590;waller-n2.csv:line-1174,Community estimate: Waller via stephenmk; not an official JLPT word list
ja-n2-01174,銅,どう,1. copper (Cu) | 2. bronze (medal) [abbreviation],noun (common) (futsuumeishi),general-language,jmdict-waller,JMdict:1582390;waller-n2.csv:line-1175,Community estimate: Waller via stephenmk; not an official JLPT word list
ja-n2-01175,統一,とういつ,1. unity; consolidation; uniformity; unification; compatible,noun (common) (futsuumeishi); noun or participle which takes the aux. verb suru; transitive verb,general-language,jmdict-waller,JMdict:1449670;waller-n2.csv:line-1176,Community estimate: Waller via stephenmk; not an official JLPT word list
ja-n2-01176,同格,どうかく,1. the same rank; equality | 2. apposition [grammar],noun (common) (futsuumeishi); nouns which may take the genitive case particle 'no'; adjectival nouns or quasi-adjectives (keiyodoshi),general-language,jmdict-waller,JMdict:1452000;waller-n2.csv:line-1177,Community estimate: Waller via stephenmk; not an official JLPT word list
ja-n2-01177,峠,とうげ,1. (mountain) pass; highest point on a mountain road; ridge | 2. peak (e.g. of summer); worst (e.g. of an illness); crisis; critical point; most difficult part,"noun (common) (futsuumeishi); noun, used as a suffix",travel-and-places,jmdict-waller,JMdict:1454420;waller-n2.csv:line-1178,Community estimate: Waller via stephenmk; not an official JLPT word list
ja-n2-01178,統計,とうけい,1. statistics,noun (common) (futsuumeishi); noun or participle which takes the aux. verb suru; transitive verb,general-language,jmdict-waller,JMdict:1449710;waller-n2.csv:line-1179,Community estimate: Waller via stephenmk; not an official JLPT word list
ja-n2-01179,動作,どうさ,"1. movement (of the body); action; motion; gesture | 2. bearing; carriage; behaviour; behavior; demeanour; demeanor | 3. operation (of a machine, software, etc.); running; working; functioning",noun (common) (futsuumeishi); noun or participle which takes the aux. verb suru; intransitive verb,health-and-body,jmdict-waller,JMdict:1451350;waller-n2.csv:line-1180,Community estimate: Waller via stephenmk; not an official JLPT word list
ja-n2-01180,東西,とうざい,"1. east and west | 2. Orient and Occident; East and West | 3. ladies and gentlemen!; your attention, please!; roll-up, roll-up [abbreviation]",noun (common) (futsuumeishi); nouns which may take the genitive case particle 'no'; interjection (kandoushi),general-language,jmdict-waller,JMdict:1447910;waller-n2.csv:line-1181,Community estimate: Waller via stephenmk; not an official JLPT word list
ja-n2-01181,当日,とうじつ,"1. day in question; appointed day; that very day; the day (of issue, publication, etc.)",noun (common) (futsuumeishi); adverb (fukushi),time-and-quantity,jmdict-waller,JMdict:1449210;waller-n2.csv:line-1182,Community estimate: Waller via stephenmk; not an official JLPT word list
ja-n2-01182,投書,とうしょ,"1. letter (e.g. of complaint); letter to the editor; letter from a reader | 2. contribution (to a newspaper, magazine, etc.)",noun (common) (futsuumeishi); noun or participle which takes the aux. verb suru,study-work-and-communication,jmdict-waller,JMdict:1447270;waller-n2.csv:line-1183,Community estimate: Waller via stephenmk; not an official JLPT word list
ja-n2-01183,登場,とうじょう,"1. entrance (on the stage); appearance (in a book, film, etc.) | 2. appearance (on the scene); arrival (on the market); emergence; introduction; advent",noun (common) (futsuumeishi); noun or participle which takes the aux. verb suru; intransitive verb,study-work-and-communication,jmdict-waller,JMdict:1444800;waller-n2.csv:line-1184,Community estimate: Waller via stephenmk; not an official JLPT word list
ja-n2-01184,どうせ,どうせ,"1. in any case; regardless; either way; after all; no matter what; anyway (indicates inevitability of outcome, resignation or scorn) | 2. since it makes no difference anyway (you might as well ...); since it won't change the outcome; if you are doing it regardless",adverb (fukushi),general-language,jmdict-waller,JMdict:1008950;waller-n2.csv:line-1185,Community estimate: Waller via stephenmk; not an official JLPT word list
ja-n2-01185,どうぞよろしく,どうぞよろしく,1. pleased to meet you; how do you do [word usually written using kana alone] | 2. my regards (to someone); my greetings; best wishes; remember me to [word usually written using kana alone],"expressions (phrases, clauses, etc.)",general-language,jmdict-waller,JMdict:1008960;waller-n2.csv:line-1186,Community estimate: Waller via stephenmk; not an official JLPT word list
ja-n2-01186,灯台,とうだい,1. lighthouse | 2. old-fashioned interior light fixture comprising a wooden pole with an oil-filled dish and a wick atop it,noun (common) (futsuumeishi),general-language,jmdict-waller,JMdict:1448730;waller-n2.csv:line-1187,Community estimate: Waller via stephenmk; not an official JLPT word list
ja-n2-01187,盗難,とうなん,1. theft; robbery,noun (common) (futsuumeishi),general-language,jmdict-waller,JMdict:1448500;waller-n2.csv:line-1188,Community estimate: Waller via stephenmk; not an official JLPT word list
ja-n2-01188,当番,とうばん,1. being on duty; person on duty; one's turn,noun (common) (futsuumeishi); nouns which may take the genitive case particle 'no',people-and-relationships,jmdict-waller,JMdict:1449220;waller-n2.csv:line-1189,Community estimate: Waller via stephenmk; not an official JLPT word list
ja-n2-01189,等分,とうぶん,1. division into equal parts; equal parts,noun (common) (futsuumeishi); noun or participle which takes the aux. verb suru; transitive verb,general-language,jmdict-waller,JMdict:1449510;waller-n2.csv:line-1190,Community estimate: Waller via stephenmk; not an official JLPT word list
ja-n2-01190,透明,とうめい,1. transparent; clear,adjectival nouns or quasi-adjectives (keiyodoshi); nouns which may take the genitive case particle 'no'; noun (common) (futsuumeishi),general-language,jmdict-waller,JMdict:1450590;waller-n2.csv:line-1191,Community estimate: Waller via stephenmk; not an official JLPT word list
ja-n2-01191,灯油,とうゆ,1. kerosene; paraffin; lamp oil,noun (common) (futsuumeishi),general-language,jmdict-waller,JMdict:1448760;waller-n2.csv:line-1192,Community estimate: Waller via stephenmk; not an official JLPT word list
ja-n2-01192,東洋,とうよう,1. the East; the Orient; (East) Asia | 2. Japan [dated term] (used in China),noun (common) (futsuumeishi),general-language,jmdict-waller,JMdict:1448230;waller-n2.csv:line-1193,Community estimate: Waller via stephenmk; not an official JLPT word list
ja-n2-01193,童話,どうわ,1. children's story; fairy tale,noun (common) (futsuumeishi),general-language,jmdict-waller,JMdict:1454000;waller-n2.csv:line-1194,Community estimate: Waller via stephenmk; not an official JLPT word list
ja-n2-01194,通り掛かる,とおりかかる,1. to happen to pass by,Godan verb with 'ru' ending; transitive verb; intransitive verb,general-language,jmdict-waller,JMdict:1432940;waller-n2.csv:line-1195,Community estimate: Waller via stephenmk; not an official JLPT word list
ja-n2-01195,溶かす,とかす,"1. to melt; to liquefy; to thaw | 2. to dissolve (in a liquid); to bring into solution | 3. to lose (money; through gambling, etc.); to squander [colloquial]",Godan verb with 'su' ending; transitive verb,general-language,jmdict-waller,JMdict:1546040;waller-n2.csv:line-1196,Community estimate: Waller via stephenmk; not an official JLPT word list
ja-n2-01196,尖る,とがる,"1. to taper to a point; to become pointed; to become sharp | 2. to be on edge; to be nervous; to be irritable; to be touchy | 3. to be sharp (of a voice, words, etc.); to be harsh; to be angry; to look displeased; to look sour | 4. to be provocative; to be radical; to be rebellious",Godan verb with 'ru' ending; intransitive verb,general-language,jmdict-waller,JMdict:1389970;waller-n2.csv:line-1197,Community estimate: Waller via stephenmk; not an official JLPT word list
ja-n2-01197,どきどき,どきどき,1. thump-thump; bang-bang; pit-a-pat; pitapat; pitter-patter [onomatopoeic or mimetic word] | 2. to beat fast (of one's heart); to throb; to pound; to palpitate [onomatopoeic or mimetic word],adverb (fukushi); adverb taking the 'to' particle; noun or participle which takes the aux. verb suru,general-language,jmdict-waller,JMdict:1009050;waller-n2.csv:line-1198,Community estimate: Waller via stephenmk; not an official JLPT word list
ja-n2-01198,溶く,とく,"1. to mix (e.g. water with flour); to dissolve (salt in water, paint, etc.); to mix in | 2. to scramble (eggs); to stir; to beat | 3. to melt; to liquefy; to smelt; to thaw; to fuse [rare term]",Godan verb with 'ku' ending; transitive verb,nature-and-science,jmdict-waller,JMdict:1546050;waller-n2.csv:line-1199,Community estimate: Waller via stephenmk; not an official JLPT word list
ja-n2-01199,退く,どく,1. to step aside; to move (out of the way); to make way [word usually written using kana alone],Godan verb with 'ku' ending; intransitive verb,general-language,jmdict-waller,JMdict:1595080;waller-n2.csv:line-1200,Community estimate: Waller via stephenmk; not an official JLPT word list
ja-n2-01200,特殊,とくしゅ,1. special; particular; peculiar; unique,adjectival nouns or quasi-adjectives (keiyodoshi); nouns which may take the genitive case particle 'no'; noun (common) (futsuumeishi),general-language,jmdict-waller,JMdict:1454970;waller-n2.csv:line-1201,Community estimate: Waller via stephenmk; not an official JLPT word list
ja-n2-01201,特色,とくしょく,1. characteristic; (distinctive) feature; peculiarity; distinguishing quality; special character | 2. spot color; spot colour [printing],noun (common) (futsuumeishi),general-language,jmdict-waller,JMdict:1455080;waller-n2.csv:line-1202,Community estimate: Waller via stephenmk; not an official JLPT word list
ja-n2-01202,特長,とくちょう,1. strong point; forte; merit; strength,noun (common) (futsuumeishi),general-language,jmdict-waller,JMdict:1455200;waller-n2.csv:line-1203,Community estimate: Waller via stephenmk; not an official JLPT word list
ja-n2-01203,特定,とくてい,1. specific; particular; designated; special | 2. specifying; designating; identifying; pinpointing,nouns which may take the genitive case particle 'no'; noun (common) (futsuumeishi); noun or participle which takes the aux. verb suru; transitive verb,general-language,jmdict-waller,JMdict:1455210;waller-n2.csv:line-1204,Community estimate: Waller via stephenmk; not an official JLPT word list
ja-n2-01204,特売,とくばい,1. special sale; bargain sale,noun (common) (futsuumeishi); noun or participle which takes the aux. verb suru; transitive verb,general-language,jmdict-waller,JMdict:1455250;waller-n2.csv:line-1205,Community estimate: Waller via stephenmk; not an official JLPT word list
ja-n2-01205,溶け込む,とけこむ,1. to melt into; to dissolve into; to merge into | 2. to blend into (surroundings); to fit in; to adapt to; to integrate,Godan verb with 'mu' ending; intransitive verb,general-language,jmdict-waller,JMdict:1546090;waller-n2.csv:line-1206,Community estimate: Waller via stephenmk; not an official JLPT word list
ja-n2-01206,溶ける,とける,1. to melt; to liquefy; to soften (e.g. through heat); to thaw | 2. to dissolve (in a liquid); to be soluble (in) | 3. to be used up (of money or time); to be wasted; to melt away [colloquial],Ichidan verb; intransitive verb,general-language,jmdict-waller,JMdict:1546070;waller-n2.csv:line-1207,Community estimate: Waller via stephenmk; not an official JLPT word list
ja-n2-01207,退ける,どける,"1. to put something out of the way; to move (something, someone) aside",Ichidan verb; transitive verb,general-language,jmdict-waller,JMdict:2850084;waller-n2.csv:line-1208,Community estimate: Waller via stephenmk; not an official JLPT word list
ja-n2-01208,床の間,とこのま,1. tokonoma; alcove where art or flowers are displayed,noun (common) (futsuumeishi),general-language,jmdict-waller,JMdict:1349400;waller-n2.csv:line-1209,Community estimate: Waller via stephenmk; not an official JLPT word list
ja-n2-01210,所々,ところどころ,1. here and there; in places [word usually written using kana alone],adverb (fukushi); noun (common) (futsuumeishi),general-language,jmdict-waller,JMdict:1598730;waller-n2.csv:line-1211,Community estimate: Waller via stephenmk; not an official JLPT word list
ja-n2-01211,都心,としん,1. city centre (esp. of Tokyo); heart of a city; downtown area,noun (common) (futsuumeishi),health-and-body,jmdict-waller,JMdict:1445000;waller-n2.csv:line-1212,Community estimate: Waller via stephenmk; not an official JLPT word list
ja-n2-01212,戸棚,とだな,1. cupboard; locker; closet; wardrobe; cabinet,noun (common) (futsuumeishi),general-language,jmdict-waller,JMdict:1267050;waller-n2.csv:line-1213,Community estimate: Waller via stephenmk; not an official JLPT word list
ja-n2-01213,とっくに,とっくに,1. long ago; a long time ago; already [word usually written using kana alone],adverb (fukushi),time-and-quantity,jmdict-waller,JMdict:1320570;waller-n2.csv:line-1214,Community estimate: Waller via stephenmk; not an official JLPT word list
ja-n2-01214,どっと,どっと,1. bursting out (laughter); breaking out (applause); roaring; whooping [onomatopoeic or mimetic word] | 2. in a rush; in a surge; flooding in; pouring in [onomatopoeic or mimetic word] | 3. suddenly; all of a sudden [onomatopoeic or mimetic word],adverb (fukushi),general-language,jmdict-waller,JMdict:1009210;waller-n2.csv:line-1215,Community estimate: Waller via stephenmk; not an official JLPT word list
ja-n2-01215,整う,ととのう,"1. to be ready; to be prepared; to be arranged | 2. to be in order; to be put in order; to be well-ordered; to be well-proportioned; to be harmonious | 3. to be adjusted; to be regulated; to be refined (e.g. of a face) | 4. to be settled (e.g. treaty, contract); to be completed",Godan verb with 'u' ending; intransitive verb,general-language,jmdict-waller,JMdict:1598800;waller-n2.csv:line-1216,Community estimate: Waller via stephenmk; not an official JLPT word list
ja-n2-01216,留まる,とどまる,1. to remain; to abide; to stay (in the one place) [word usually written using kana alone] | 2. to be limited to; to be confined to; to only account for [word usually written using kana alone],Godan verb with 'ru' ending; intransitive verb,travel-and-places,jmdict-waller,JMdict:2657130;waller-n2.csv:line-1217,Community estimate: Waller via stephenmk; not an official JLPT word list
ja-n2-01217,どなる,どなる,1. to shout (in anger); to yell,Godan verb with 'ru' ending; intransitive verb,general-language,jmdict-waller,JMdict:1445740;waller-n2.csv:line-1218,Community estimate: Waller via stephenmk; not an official JLPT word list
ja-n2-01218,飛び込む,とびこむ,1. to jump in; to leap in; to plunge into; to dive | 2. to burst in; to barge in,Godan verb with 'mu' ending; intransitive verb,general-language,jmdict-waller,JMdict:1598890;waller-n2.csv:line-1219,Community estimate: Waller via stephenmk; not an official JLPT word list
ja-n2-01221,泊める,とめる,1. to give shelter to; to lodge; to put up; to accommodate,Ichidan verb; transitive verb,general-language,jmdict-waller,JMdict:1474860;waller-n2.csv:line-1222,Community estimate: Waller via stephenmk; not an official JLPT word list
ja-n2-01222,ともかく,ともかく,1. anyhow; anyway; somehow or other; generally speaking; in any case; be that as it may [word usually written using kana alone] | 2. apart from ...; setting ... aside [word usually written using kana alone],adverb (fukushi),general-language,jmdict-waller,JMdict:1444010;waller-n2.csv:line-1223,Community estimate: Waller via stephenmk; not an official JLPT word list
ja-n2-01223,捕える,とらえる,1. to catch; to capture; to seize; to arrest; to grab; to catch hold of | 2. to grasp (e.g. meaning); to perceive; to capture (e.g. features) | 3. to captivate; to move (one's heart),Ichidan verb; transitive verb,general-language,jmdict-waller,JMdict:1598960;waller-n2.csv:line-1224,Community estimate: Waller via stephenmk; not an official JLPT word list
ja-n2-01224,取り入れる,とりいれる,1. to take in; to gather in | 2. to adopt (e.g. an idea); to accept (e.g. advice); to introduce (e.g. technology); to borrow (e.g. a word) | 3. to harvest; to reap; to gather in,Ichidan verb; transitive verb,general-language,jmdict-waller,JMdict:1326880;waller-n2.csv:line-1225,Community estimate: Waller via stephenmk; not an official JLPT word list
ja-n2-01225,取り消す,とりけす,"1. to cancel; to withdraw; to retract; to take back (words, etc.); to revoke",Godan verb with 'su' ending; transitive verb,general-language,jmdict-waller,JMdict:1326790;waller-n2.csv:line-1226,Community estimate: Waller via stephenmk; not an official JLPT word list
ja-n2-01226,取り出す,とりだす,1. to take out; to produce; to pick out | 2. to fetch; to retrieve,Godan verb with 'su' ending; transitive verb,general-language,jmdict-waller,JMdict:1326770;waller-n2.csv:line-1227,Community estimate: Waller via stephenmk; not an official JLPT word list
ja-n2-01227,採る,とる,"1. to adopt (a method, proposal, etc.); to take (a measure, course of action, etc.); to decide on | 2. to pick (e.g. flowers); to gather (e.g. mushrooms); to catch (e.g. insects) | 3. to extract (e.g. juice); to take (e.g. a sample) | 4. to assume (an attitude) | 5. to take on (workers, students); to employ; to hire | 6. to draw in (e.g. water); to let in (e.g. light from a window)",Godan verb with 'ru' ending; transitive verb,general-language,jmdict-waller,JMdict:1599160;waller-n2.csv:line-1228,Community estimate: Waller via stephenmk; not an official JLPT word list
ja-n2-01228,捕る,とる,"1. to catch (a wild animal, fish, insect, baseball, etc.); to capture",Godan verb with 'ru' ending; transitive verb,food-and-dining,jmdict-waller,JMdict:1514140;waller-n2.csv:line-1229,Community estimate: Waller via stephenmk; not an official JLPT word list
ja-n2-01229,トレーニング,トレーニング,"1. training (for a skill, job, sport, etc.); practice | 2. working out; workout; (strength, weight) training",noun (common) (futsuumeishi); noun or participle which takes the aux. verb suru; intransitive verb,study-work-and-communication,jmdict-waller,JMdict:1087100;waller-n2.csv:line-1230,Community estimate: Waller via stephenmk; not an official JLPT word list
ja-n2-01230,丼,どんぶり,"1. porcelain bowl | 2. donburi; bowl of meat, fish, etc. served over rice [abbreviation] | 3. front pocket in a haragake",noun (common) (futsuumeishi),general-language,jmdict-waller,JMdict:1562970;waller-n2.csv:line-1231,Community estimate: Waller via stephenmk; not an official JLPT word list
ja-n2-01231,内科,ないか,1. internal medicine | 2. department of internal medicine,noun (common) (futsuumeishi),health-and-body,jmdict-waller,JMdict:1457830;waller-n2.csv:line-1232,Community estimate: Waller via stephenmk; not an official JLPT word list
ja-n2-01232,内線,ないせん,1. phone extension; indoor wiring; inner line,noun (common) (futsuumeishi),general-language,jmdict-waller,JMdict:1458650;waller-n2.csv:line-1233,Community estimate: Waller via stephenmk; not an official JLPT word list
ja-n2-01233,ナイロン,ナイロン,1. nylon,noun (common) (futsuumeishi),general-language,jmdict-waller,JMdict:1089930;waller-n2.csv:line-1234,Community estimate: Waller via stephenmk; not an official JLPT word list
ja-n2-01234,治す,なおす,1. to cure; to heal,Godan verb with 'su' ending; transitive verb,general-language,jmdict-waller,JMdict:2856318;waller-n2.csv:line-1235,Community estimate: Waller via stephenmk; not an official JLPT word list
ja-n2-01236,仲直り,なかなおり,1. reconciliation; making up (with); making peace (with); being friends again; patching up a quarrel,noun (common) (futsuumeishi); noun or participle which takes the aux. verb suru; intransitive verb,general-language,jmdict-waller,JMdict:1426000;waller-n2.csv:line-1237,Community estimate: Waller via stephenmk; not an official JLPT word list
ja-n2-01237,長引く,ながびく,1. to be prolonged; to drag on; to take a long time; to persist; to linger,Godan verb with 'ku' ending; intransitive verb,time-and-quantity,jmdict-waller,JMdict:1610950;waller-n2.csv:line-1238,Community estimate: Waller via stephenmk; not an official JLPT word list
ja-n2-01238,中身,なかみ,1. contents; interior; filling | 2. substance; content | 3. (sword) blade,noun (common) (futsuumeishi),general-language,jmdict-waller,JMdict:1599430;waller-n2.csv:line-1239,Community estimate: Waller via stephenmk; not an official JLPT word list
ja-n2-01240,中指,なかゆび,1. middle finger; long finger; second finger; tall finger | 2. middle toe; third toe,noun (common) (futsuumeishi),time-and-quantity,jmdict-waller,JMdict:1581690;waller-n2.csv:line-1241,Community estimate: Waller via stephenmk; not an official JLPT word list
ja-n2-01241,仲良し,なかよし,1. close friendship; close friend; good friend; bosom buddy; chum; pal | 2. intimate relations; sexual intercourse; sex [euphemistic; colloquial],noun (common) (futsuumeishi); nouns which may take the genitive case particle 'no'; noun or participle which takes the aux. verb suru; intransitive verb,people-and-relationships,jmdict-waller,JMdict:1426100;waller-n2.csv:line-1242,Community estimate: Waller via stephenmk; not an official JLPT word list
ja-n2-01242,慰める,なぐさめる,1. to comfort; to console; to amuse,Ichidan verb; transitive verb,general-language,jmdict-waller,JMdict:1156890;waller-n2.csv:line-1243,Community estimate: Waller via stephenmk; not an official JLPT word list
ja-n2-01243,亡くす,なくす,"1. to lose (through death; e.g. a wife, child)",Godan verb with 'su' ending; transitive verb,people-and-relationships,jmdict-waller,JMdict:2835808;waller-n2.csv:line-1244,Community estimate: Waller via stephenmk; not an official JLPT word list
ja-n2-01244,なぐる,なぐる,1. to strike; to hit; to beat; to punch,Godan verb with 'ru' ending; transitive verb,general-language,jmdict-waller,JMdict:1181390;waller-n2.csv:line-1245,Community estimate: Waller via stephenmk; not an official JLPT word list
ja-n2-01245,為す,なす,1. to do; to commit; to carry out; to bring about [word usually written using kana alone],Godan verb with 'su' ending; transitive verb,general-language,jmdict-waller,JMdict:2861111;waller-n2.csv:line-1246,Community estimate: Waller via stephenmk; not an official JLPT word list
ja-n2-01246,謎謎,なぞなぞ,1. riddle; puzzle; enigma [word usually written using kana alone],noun (common) (futsuumeishi),general-language,jmdict-waller,JMdict:1599500;waller-n2.csv:line-1247,Community estimate: Waller via stephenmk; not an official JLPT word list
ja-n2-01247,なだらか,なだらか,1. gently sloping; gentle; gradual; easy | 2. smooth (process); gentle (e.g. tone of voice); slow (e.g. growth),adjectival nouns or quasi-adjectives (keiyodoshi),general-language,jmdict-waller,JMdict:1632290;waller-n2.csv:line-1248,Community estimate: Waller via stephenmk; not an official JLPT word list
ja-n2-01248,懐かしい,なつかしい,1. dear (old); fondly remembered; beloved; missed; nostalgic,adjective (keiyoushi),general-language,jmdict-waller,JMdict:1200490;waller-n2.csv:line-1249,Community estimate: Waller via stephenmk; not an official JLPT word list
ja-n2-01249,撫でる,なでる,1. to stroke; to caress; to brush gently; to pet; to pat; to rub | 2. to comb (hair); to smooth down,Ichidan verb; transitive verb,general-language,jmdict-waller,JMdict:1498290;waller-n2.csv:line-1250,Community estimate: Waller via stephenmk; not an official JLPT word list
ja-n2-01250,斜め,ななめ,1. slanting; tilted; sloping; diagonal; oblique | 2. distorted (feeling); slanted (e.g. view of the world); bad (mood); amiss; awry,nouns which may take the genitive case particle 'no'; adjectival nouns or quasi-adjectives (keiyodoshi); noun (common) (futsuumeishi),general-language,jmdict-waller,JMdict:1322400;waller-n2.csv:line-1251,Community estimate: Waller via stephenmk; not an official JLPT word list
ja-n2-01251,なにしろ,なにしろ,1. in any case; at any rate; anyhow; anyway; as you know; for you see; particularly | 2. because; since; for; after all,adverb (fukushi),general-language,jmdict-waller,JMdict:1188330;waller-n2.csv:line-1252,Community estimate: Waller via stephenmk; not an official JLPT word list
ja-n2-01252,何々,なになに,"1. what (used when asking about or referring to multiple unspecified things) | 2. so-and-so; such and such; something (or other) (used when listing things that are unknown or do not need to be specified) | 3. what?; wait; hang on (used when asking for confirmation upon hearing something surprising) | 4. well, well; let's see (used when about to read a letter or document) | 5. no; oh (not at all); please; there, there (used to dismiss someone's words or concerns)",pronoun; interjection (kandoushi),general-language,jmdict-waller,JMdict:1599580;waller-n2.csv:line-1253,Community estimate: Waller via stephenmk; not an official JLPT word list
ja-n2-01253,何分,なにぶん,1. some; any; (a) little; of some kind; of some sort | 2. please | 3. anyway; anyhow; at any rate; after all,noun (common) (futsuumeishi); nouns which may take the genitive case particle 'no'; adverb (fukushi),general-language,jmdict-waller,JMdict:1189310;waller-n2.csv:line-1254,Community estimate: Waller via stephenmk; not an official JLPT word list
ja-n2-01254,生意気,なまいき,1. impertinent; saucy; cheeky; impudent; audacious; cocky; pert; brash,adjectival nouns or quasi-adjectives (keiyodoshi); noun (common) (futsuumeishi),general-language,jmdict-waller,JMdict:1378790;waller-n2.csv:line-1255,Community estimate: Waller via stephenmk; not an official JLPT word list
ja-n2-01255,並木,なみき,1. roadside trees; row of trees,noun (common) (futsuumeishi),general-language,jmdict-waller,JMdict:1599640;waller-n2.csv:line-1256,Community estimate: Waller via stephenmk; not an official JLPT word list
ja-n2-01256,倣う,ならう,1. to imitate; to follow; to copy; to emulate [word usually written using kana alone],Godan verb with 'u' ending; intransitive verb,general-language,jmdict-waller,JMdict:1599680;waller-n2.csv:line-1257,Community estimate: Waller via stephenmk; not an official JLPT word list
ja-n2-01257,鳴らす,ならす,1. to ring; to sound; to chime; to beat; to snort (nose); to snap (fingers); to crack (joints) | 2. to be popular; to be esteemed; to be reputed | 3. to state; to insist; to complain | 4. to fart (loudly) [archaic],Godan verb with 'su' ending; transitive verb,health-and-body,jmdict-waller,JMdict:1532880;waller-n2.csv:line-1258,Community estimate: Waller via stephenmk; not an official JLPT word list
ja-n2-01258,生る,なる,1. to bear fruit [word usually written using kana alone],Godan verb with 'ru' ending; intransitive verb,food-and-dining,jmdict-waller,JMdict:1611000;waller-n2.csv:line-1259,Community estimate: Waller via stephenmk; not an official JLPT word list
ja-n2-01260,南極,なんきょく,1. South Pole | 2. the Antarctic; Antarctica,noun (common) (futsuumeishi),general-language,jmdict-waller,JMdict:1460180;waller-n2.csv:line-1261,Community estimate: Waller via stephenmk; not an official JLPT word list
ja-n2-01261,なんとなく,なんとなく,1. somehow; for some reason (or other); without knowing why [word usually written using kana alone],adverb (fukushi),thought-and-feeling,jmdict-waller,JMdict:1599730;waller-n2.csv:line-1262,Community estimate: Waller via stephenmk; not an official JLPT word list
ja-n2-01262,なんとも,なんとも,1. really; very; extremely; terribly; awfully | 2. (not) anything; (not) at all; (not) a bit (with neg. verb),adverb (fukushi),general-language,jmdict-waller,JMdict:1188690;waller-n2.csv:line-1263,Community estimate: Waller via stephenmk; not an official JLPT word list
ja-n2-01263,ナンバー,ナンバー,1. number | 2. number plate; license plate [abbreviation],noun (common) (futsuumeishi),time-and-quantity,jmdict-waller,JMdict:1090860;waller-n2.csv:line-1264,Community estimate: Waller via stephenmk; not an official JLPT word list
ja-n2-01264,南米,なんべい,1. South America,noun (common) (futsuumeishi),general-language,jmdict-waller,JMdict:1460570;waller-n2.csv:line-1265,Community estimate: Waller via stephenmk; not an official JLPT word list
ja-n2-01265,南北,なんぼく,1. north and south; north to south | 2. South Korea and North Korea [abbreviation],noun (common) (futsuumeishi),general-language,jmdict-waller,JMdict:1460600;waller-n2.csv:line-1266,Community estimate: Waller via stephenmk; not an official JLPT word list
ja-n2-01266,煮える,にえる,1. to be boiled; to be cooked,Ichidan verb; intransitive verb,general-language,jmdict-waller,JMdict:1322490;waller-n2.csv:line-1267,Community estimate: Waller via stephenmk; not an official JLPT word list
ja-n2-01267,匂う,におう,1. to be fragrant; to smell (good) | 2. to stink; to smell (bad) | 3. to glow; to be bright | 4. to smack of; to show hints of,Godan verb with 'u' ending; intransitive verb,general-language,jmdict-waller,JMdict:1599780;waller-n2.csv:line-1268,Community estimate: Waller via stephenmk; not an official JLPT word list
ja-n2-01268,逃がす,にがす,1. to set free; to let go; to release | 2. to miss (e.g. a chance); to lose; to let get away; to fail to catch,Godan verb with 'su' ending; transitive verb,general-language,jmdict-waller,JMdict:1450320;waller-n2.csv:line-1269,Community estimate: Waller via stephenmk; not an official JLPT word list
ja-n2-01269,憎い,にくい,1. hateful; detestable; abominable; vexing; provoking | 2. amazing; fantastic; admirable; lovely; wonderful,adjective (keiyoushi),general-language,jmdict-waller,JMdict:1403390;waller-n2.csv:line-1270,Community estimate: Waller via stephenmk; not an official JLPT word list
ja-n2-01270,憎む,にくむ,1. to hate; to detest,Godan verb with 'mu' ending; transitive verb,general-language,jmdict-waller,JMdict:1403440;waller-n2.csv:line-1271,Community estimate: Waller via stephenmk; not an official JLPT word list
ja-n2-01271,憎らしい,にくらしい,1. odious; hateful; detestable; horrible | 2. (speaking ironically) darling,adjective (keiyoushi),general-language,jmdict-waller,JMdict:1403450;waller-n2.csv:line-1272,Community estimate: Waller via stephenmk; not an official JLPT word list
ja-n2-01272,にこにこ,にこにこ,1. with a friendly grin; smilingly [onomatopoeic or mimetic word],adverb (fukushi); adverb taking the 'to' particle; noun or participle which takes the aux. verb suru,general-language,jmdict-waller,JMdict:1091130;waller-n2.csv:line-1273,Community estimate: Waller via stephenmk; not an official JLPT word list
ja-n2-01273,濁る,にごる,"1. to become muddy; to become cloudy; to become turbid; to become impure (of a liquid or gas) | 2. to become dull (of a sound, color, etc.); to become indistinct; to become fuzzy; to become hoarse | 3. to become impure (of one's heart, a society, etc.); to be corrupted; to be polluted | 4. to become voiced (of a consonant); to be pronounced as a voiced sound",Godan verb with 'ru' ending; intransitive verb,general-language,jmdict-waller,JMdict:1415960;waller-n2.csv:line-1274,Community estimate: Waller via stephenmk; not an official JLPT word list
ja-n2-01274,虹,にじ,1. rainbow,noun (common) (futsuumeishi),general-language,jmdict-waller,JMdict:1463740;waller-n2.csv:line-1275,Community estimate: Waller via stephenmk; not an official JLPT word list
ja-n2-01275,日時,にちじ,"1. date and time (of a meeting, departure, etc.) | 2. days and hours",noun (common) (futsuumeishi),time-and-quantity,jmdict-waller,JMdict:1464110;waller-n2.csv:line-1276,Community estimate: Waller via stephenmk; not an official JLPT word list
ja-n2-01276,日用品,にちようひん,1. daily necessities; everyday item,noun (common) (futsuumeishi),general-language,jmdict-waller,JMdict:1464910;waller-n2.csv:line-1277,Community estimate: Waller via stephenmk; not an official JLPT word list
ja-n2-01277,日課,にっか,1. daily routine; daily work; daily lesson,noun (common) (futsuumeishi),study-work-and-communication,jmdict-waller,JMdict:1463860;waller-n2.csv:line-1278,Community estimate: Waller via stephenmk; not an official JLPT word list
ja-n2-01278,日程,にってい,1. schedule; program; programme; agenda,noun (common) (futsuumeishi),general-language,jmdict-waller,JMdict:1464300;waller-n2.csv:line-1279,Community estimate: Waller via stephenmk; not an official JLPT word list
ja-n2-01279,鈍い,にぶい,"1. dull (e.g. a knife); blunt | 2. thickheaded; obtuse; stupid | 3. dull (sound, color, etc.); dim (light) | 4. slow; sluggish; inert; lethargic | 5. insensitive; dull (e.g. reflexes); unperceptive; unfeeling",adjective (keiyoushi),general-language,jmdict-waller,JMdict:1582430;waller-n2.csv:line-1280,Community estimate: Waller via stephenmk; not an official JLPT word list
ja-n2-01280,入社,にゅうしゃ,1. joining a company; getting a job with a company; starting work at a company,noun (common) (futsuumeishi); noun or participle which takes the aux. verb suru; intransitive verb,study-work-and-communication,jmdict-waller,JMdict:1466260;waller-n2.csv:line-1281,Community estimate: Waller via stephenmk; not an official JLPT word list
ja-n2-01281,女房,にょうぼう,1. wife (esp. one's own wife) | 2. court lady; female court attache; woman who served at the imperial palace | 3. woman (esp. as a love interest) [archaic],noun (common) (futsuumeishi),people-and-relationships,jmdict-waller,JMdict:1345420;waller-n2.csv:line-1282,Community estimate: Waller via stephenmk; not an official JLPT word list
ja-n2-01282,睨む,にらむ,1. to glare at; to scowl at; to glower at [word usually written using kana alone] | 2. to stare intensely at; to examine carefully [word usually written using kana alone] | 3. to estimate; to guess; to suspect; to judge [word usually written using kana alone] | 4. to keep an eye on someone (e.g. a suspicious or untrustworthy person); to watch [word usually written using kana alone] | 5. to take account of; to take into consideration [word usually written using kana alone],Godan verb with 'mu' ending; transitive verb,general-language,jmdict-waller,JMdict:1569880;waller-n2.csv:line-1283,Community estimate: Waller via stephenmk; not an official JLPT word list
ja-n2-01283,煮る,にる,1. to boil; to simmer; to stew; to seethe,Ichidan verb; transitive verb,general-language,jmdict-waller,JMdict:1322540;waller-n2.csv:line-1284,Community estimate: Waller via stephenmk; not an official JLPT word list
ja-n2-01284,俄,にわか,1. sudden; abrupt; unexpected; immediate [word usually written using kana alone] | 2. improvised; hasty; impromptu; offhand [word usually written using kana alone] | 3. impromptu skit [abbreviation] | 4. bandwagon fan; fair-weather fan [abbreviation; slang; word usually written using kana alone],adjectival nouns or quasi-adjectives (keiyodoshi); nouns which may take the genitive case particle 'no'; prefix; noun (common) (futsuumeishi),general-language,jmdict-waller,JMdict:1599920;waller-n2.csv:line-1285,Community estimate: Waller via stephenmk; not an official JLPT word list
ja-n2-01285,縫う,ぬう,1. to sew; to stitch | 2. to weave one's way (e.g. through a crowd),Godan verb with 'u' ending; transitive verb,general-language,jmdict-waller,JMdict:1517700;waller-n2.csv:line-1286,Community estimate: Waller via stephenmk; not an official JLPT word list
ja-n2-01286,濡らす,ぬらす,1. to wet; to moisten; to dampen; to soak; to dip,Godan verb with 'su' ending; transitive verb,general-language,jmdict-waller,JMdict:1467610;waller-n2.csv:line-1287,Community estimate: Waller via stephenmk; not an official JLPT word list
ja-n2-01287,ねじ,ねじ,"1. screw [word usually written using kana alone] | 2. key (of a clock, watch, etc.); spring [word usually written using kana alone]",noun (common) (futsuumeishi),general-language,jmdict-waller,JMdict:1585010;waller-n2.csv:line-1288,Community estimate: Waller via stephenmk; not an official JLPT word list
ja-n2-01288,捩る,ねじる,1. to twist; to screw; to wrench [word usually written using kana alone] | 2. to sprain [word usually written using kana alone],Godan verb with 'ru' ending; transitive verb,general-language,jmdict-waller,JMdict:1611090;waller-n2.csv:line-1289,Community estimate: Waller via stephenmk; not an official JLPT word list
ja-n2-01289,ネックレス,ネックレス,1. necklace,noun (common) (futsuumeishi),general-language,jmdict-waller,JMdict:1093000;waller-n2.csv:line-1290,Community estimate: Waller via stephenmk; not an official JLPT word list
ja-n2-01290,熱する,ねっする,1. to heat; to heat up | 2. to get excited; to get worked up; to get fired up,suru verb - special class; transitive verb; intransitive verb,general-language,jmdict-waller,JMdict:1467730;waller-n2.csv:line-1291,Community estimate: Waller via stephenmk; not an official JLPT word list
ja-n2-01291,寝間着,ねまき,1. nightclothes; nightwear; sleepwear; pyjamas; pajamas; nightgown; nightdress,noun (common) (futsuumeishi),general-language,jmdict-waller,JMdict:1360040;waller-n2.csv:line-1292,Community estimate: Waller via stephenmk; not an official JLPT word list
ja-n2-01293,狙い,ねらい,"1. aim (of a gun, bow, etc.) | 2. aim; object; objective; purpose; intention; target",noun (common) (futsuumeishi),general-language,jmdict-waller,JMdict:1396550;waller-n2.csv:line-1294,Community estimate: Waller via stephenmk; not an official JLPT word list
ja-n2-01294,狙う,ねらう,"1. to aim at (with a weapon, etc.) | 2. to be after (something or someone); to have an eye on; to plan to make one's own | 3. to aim for; to set up as a goal",Godan verb with 'u' ending; transitive verb,general-language,jmdict-waller,JMdict:1396590;waller-n2.csv:line-1295,Community estimate: Waller via stephenmk; not an official JLPT word list
ja-n2-01295,年度,ねんど,1. fiscal year (usu. April 1 to March 31 in Japan); financial year | 2. academic year; school year | 3. product year,"noun (common) (futsuumeishi); noun, used as a suffix",time-and-quantity,jmdict-waller,JMdict:1469050;waller-n2.csv:line-1296,Community estimate: Waller via stephenmk; not an official JLPT word list
ja-n2-01296,農産物,のうさんぶつ,1. agricultural produce,noun (common) (futsuumeishi),general-language,jmdict-waller,JMdict:1470710;waller-n2.csv:line-1297,Community estimate: Waller via stephenmk; not an official JLPT word list
ja-n2-01297,農村,のうそん,1. agricultural community; farm village | 2. rural,noun (common) (futsuumeishi); nouns which may take the genitive case particle 'no',travel-and-places,jmdict-waller,JMdict:1470730;waller-n2.csv:line-1298,Community estimate: Waller via stephenmk; not an official JLPT word list
ja-n2-01298,濃度,のうど,1. concentration; density [chemistry] | 2. cardinality [mathematics],noun (common) (futsuumeishi),general-language,jmdict-waller,JMdict:1469970;waller-n2.csv:line-1299,Community estimate: Waller via stephenmk; not an official JLPT word list
ja-n2-01299,農薬,のうやく,1. agricultural chemical; agrochemical; agrichemical,noun (common) (futsuumeishi),general-language,jmdict-waller,JMdict:1470780;waller-n2.csv:line-1300,Community estimate: Waller via stephenmk; not an official JLPT word list
ja-n2-01300,能率,のうりつ,1. efficiency | 2. moment [physics],noun (common) (futsuumeishi),general-language,jmdict-waller,JMdict:1470330;waller-n2.csv:line-1301,Community estimate: Waller via stephenmk; not an official JLPT word list
ja-n2-01301,のこぎり,のこぎり,1. saw [word usually written using kana alone],noun (common) (futsuumeishi),general-language,jmdict-waller,JMdict:1232930;waller-n2.csv:line-1302,Community estimate: Waller via stephenmk; not an official JLPT word list
ja-n2-01302,残らず,のこらず,1. all; entirely; completely; without exception,adverb (fukushi),general-language,jmdict-waller,JMdict:1611130;waller-n2.csv:line-1303,Community estimate: Waller via stephenmk; not an official JLPT word list
ja-n2-01304,覗く,のぞく,"1. to peek (through a keyhole, gap, etc.) | 2. to look down into (a ravine, etc.) | 3. to peek into (a shop, bookstore, etc.) | 4. to sneak a look at; to take a quick look at | 5. to peep (through a telescope, microscope, etc.) | 6. to stick out (a scarf from a collar, etc.); to peek through (sky through a forest canopy, etc.) | 7. to examine (an expression); to study (a face) | 8. to face [archaic]",Godan verb with 'ku' ending; transitive verb; intransitive verb,general-language,jmdict-waller,JMdict:1470840;waller-n2.csv:line-1305,Community estimate: Waller via stephenmk; not an official JLPT word list
ja-n2-01307,上り,のぼり,1. ascent; climbing; ascending (path); climb | 2. up-train; train heading toward the starting point of its route | 3. upbound (esp. toward Tokyo) | 4. upstream; uphill,"noun (common) (futsuumeishi); nouns which may take the genitive case particle 'no'; noun, used as a prefix",general-language,jmdict-waller,JMdict:1352510;waller-n2.csv:line-1308,Community estimate: Waller via stephenmk; not an official JLPT word list
ja-n2-01309,糊,のり,1. paste; glue | 2. clothing starch,noun (common) (futsuumeishi),general-language,jmdict-waller,JMdict:1267400;waller-n2.csv:line-1310,Community estimate: Waller via stephenmk; not an official JLPT word list
ja-n2-01310,乗換,のりかえ,"1. transfer (trains, buses, etc.); change; connection | 2. switch (to another ideology, party, system, method, etc.); change; conversion | 3. switching (stock) [finance] | 4. chromosomal crossover; crossing over [biology]",noun (common) (futsuumeishi); noun or participle which takes the aux. verb suru; intransitive verb,general-language,jmdict-waller,JMdict:1600460;waller-n2.csv:line-1311,Community estimate: Waller via stephenmk; not an official JLPT word list
ja-n2-01311,載る,のる,1. to be placed on; to be set on; to be piled on; to be loaded on | 2. to appear (in print); to be mentioned; to be recorded; to be reported; to be given,Godan verb with 'ru' ending; intransitive verb,general-language,jmdict-waller,JMdict:2649690;waller-n2.csv:line-1312,Community estimate: Waller via stephenmk; not an official JLPT word list
ja-n2-01312,鈍い,のろい,1. thickheaded; obtuse; stupid [word usually written using kana alone] | 2. slow; sluggish; inert; lethargic [word usually written using kana alone] | 3. indulgent (esp. to the opposite sex); doting [word usually written using kana alone],adjective (keiyoushi),general-language,jmdict-waller,JMdict:2838553;waller-n2.csv:line-1313,Community estimate: Waller via stephenmk; not an official JLPT word list
ja-n2-01313,のろのろ,のろのろ,1. slowly; sluggishly [onomatopoeic or mimetic word],adverb (fukushi); adverb taking the 'to' particle; noun or participle which takes the aux. verb suru,general-language,jmdict-waller,JMdict:1010040;waller-n2.csv:line-1314,Community estimate: Waller via stephenmk; not an official JLPT word list
ja-n2-01314,呑気,のんき,1. easy; easygoing; carefree; happy-go-lucky; optimistic; leisurely; careless; thoughtless [word usually written using kana alone],adjectival nouns or quasi-adjectives (keiyodoshi); noun (common) (futsuumeishi),thought-and-feeling,jmdict-waller,JMdict:1600560;waller-n2.csv:line-1315,Community estimate: Waller via stephenmk; not an official JLPT word list
ja-n2-01315,灰色,はいいろ,1. grey; gray; ashen,noun (common) (futsuumeishi); nouns which may take the genitive case particle 'no',general-language,jmdict-waller,JMdict:1201970;waller-n2.csv:line-1316,Community estimate: Waller via stephenmk; not an official JLPT word list
ja-n2-01316,俳句,はいく,"1. haiku; 17-mora poem, usu. in 3 lines of 5, 7 and 5 morae",noun (common) (futsuumeishi),general-language,jmdict-waller,JMdict:1471900;waller-n2.csv:line-1317,Community estimate: Waller via stephenmk; not an official JLPT word list
ja-n2-01317,売店,ばいてん,1. stand; stall; booth; kiosk; store,noun (common) (futsuumeishi),general-language,jmdict-waller,JMdict:1474040;waller-n2.csv:line-1318,Community estimate: Waller via stephenmk; not an official JLPT word list
ja-n2-01318,バイバイ,バイバイ,1. bye-bye; goodbye [colloquial] | 2. saying goodbye; parting [colloquial],interjection (kandoushi); noun (common) (futsuumeishi); noun or participle which takes the aux. verb suru; intransitive verb,general-language,jmdict-waller,JMdict:1983760;waller-n2.csv:line-1319,Community estimate: Waller via stephenmk; not an official JLPT word list
ja-n2-01319,売買,ばいばい,"1. trade; buying and selling; trafficking (e.g. of humans, arms, drugs); dealing",noun (common) (futsuumeishi); noun or participle which takes the aux. verb suru; transitive verb,society-and-economy,jmdict-waller,JMdict:1474050;waller-n2.csv:line-1320,Community estimate: Waller via stephenmk; not an official JLPT word list
ja-n2-01320,這う,はう,"1. to crawl; to creep; to go on all fours | 2. to slither; to wriggle | 3. to trail (of vines, flowers, etc.); to spread; to creep",Godan verb with 'u' ending; intransitive verb,general-language,jmdict-waller,JMdict:1474200;waller-n2.csv:line-1321,Community estimate: Waller via stephenmk; not an official JLPT word list
ja-n2-01321,生える,はえる,1. to grow; to spring up; to sprout | 2. to cut (teeth),Ichidan verb; intransitive verb,general-language,jmdict-waller,JMdict:1378490;waller-n2.csv:line-1322,Community estimate: Waller via stephenmk; not an official JLPT word list
ja-n2-01322,剥す,はがす,1. to tear off; to peel off; to rip off; to strip off; to skin; to flay; to disrobe; to deprive of; to detach; to disconnect [word usually written using kana alone],Godan verb with 'su' ending; transitive verb,general-language,jmdict-waller,JMdict:1600670;waller-n2.csv:line-1323,Community estimate: Waller via stephenmk; not an official JLPT word list
ja-n2-01323,ばからしい,ばからしい,1. absurd; foolish; stupid; silly; nonsense; ludicrous; preposterous; laughable; ridiculous,adjective (keiyoushi),general-language,jmdict-waller,JMdict:1612910;waller-n2.csv:line-1324,Community estimate: Waller via stephenmk; not an official JLPT word list
ja-n2-01324,秤,はかり,1. scales; weighing machine,noun (common) (futsuumeishi),general-language,jmdict-waller,JMdict:1474220;waller-n2.csv:line-1325,Community estimate: Waller via stephenmk; not an official JLPT word list
ja-n2-01327,吐き気,はきけ,1. nausea; feeling like throwing up; feeling sick,noun (common) (futsuumeishi),thought-and-feeling,jmdict-waller,JMdict:1444120;waller-n2.csv:line-1328,Community estimate: Waller via stephenmk; not an official JLPT word list
ja-n2-01328,はきはき,はきはき,1. briskly; smartly; promptly; clearly; lucidly [onomatopoeic or mimetic word],adverb taking the 'to' particle; adverb (fukushi); noun or participle which takes the aux. verb suru,general-language,jmdict-waller,JMdict:1010090;waller-n2.csv:line-1329,Community estimate: Waller via stephenmk; not an official JLPT word list
ja-n2-01329,掃く,はく,1. to sweep; to brush; to clean | 2. to gather silkworms,Godan verb with 'ku' ending; transitive verb,home-and-daily-life,jmdict-waller,JMdict:1399760;waller-n2.csv:line-1330,Community estimate: Waller via stephenmk; not an official JLPT word list
ja-n2-01330,歯車,はぐるま,"1. gear; cogwheel | 2. cog (in an organization, company, etc.); cog in the machine",noun (common) (futsuumeishi),general-language,jmdict-waller,JMdict:1313350;waller-n2.csv:line-1331,Community estimate: Waller via stephenmk; not an official JLPT word list
ja-n2-01331,バケツ,バケツ,1. bucket; pail [word usually written using kana alone],noun (common) (futsuumeishi),general-language,jmdict-waller,JMdict:1098340;waller-n2.csv:line-1332,Community estimate: Waller via stephenmk; not an official JLPT word list
ja-n2-01332,挟まる,はさまる,1. to get between; to be caught in,Godan verb with 'ru' ending; intransitive verb,general-language,jmdict-waller,JMdict:1236840;waller-n2.csv:line-1333,Community estimate: Waller via stephenmk; not an official JLPT word list
ja-n2-01333,挟む,はさむ,"1. to hold between (e.g. one's fingers, chopsticks); to grip (from both sides) | 2. to put between; to sandwich between; to insert; to interpose | 3. to catch (e.g. a finger in a door); to trap; to pinch | 4. to insert (e.g. a break into proceedings); to interpose (e.g. an objection); to interject; to throw in (e.g. a joke) | 5. to be on either side of (a road, table, etc.); to have between each other; to be across (a street, river, etc.) | 6. to harbour (feelings); to cast (e.g. doubt) | 7. to pincer [go (game); word usually written using kana alone]",Godan verb with 'mu' ending; transitive verb,general-language,jmdict-waller,JMdict:1600740;waller-n2.csv:line-1334,Community estimate: Waller via stephenmk; not an official JLPT word list
ja-n2-01334,梯子,はしご,1. ladder [word usually written using kana alone] | 2. stairs [word usually written using kana alone] | 3. going to several places in succession (e.g. barhopping) [word usually written using kana alone],noun (common) (futsuumeishi); noun or participle which takes the aux. verb suru; transitive verb; intransitive verb,general-language,jmdict-waller,JMdict:1436480;waller-n2.csv:line-1335,Community estimate: Waller via stephenmk; not an official JLPT word list
ja-n2-01335,始めに,はじめに,"1. first; firstly; first of all; to begin with; in the beginning; at the beginning | 2. Introduction; Preface [word usually written using kana alone] (as the section heading of a book, etc.)","expressions (phrases, clauses, etc.)",general-language,jmdict-waller,JMdict:1307520;waller-n2.csv:line-1336,Community estimate: Waller via stephenmk; not an official JLPT word list
ja-n2-01337,はじめまして,はじめまして,1. nice to meet you; I'm glad to make your acquaintance; how do you do? [polite (teineigo) language; word usually written using kana alone],"expressions (phrases, clauses, etc.)",study-work-and-communication,jmdict-waller,JMdict:1625780;waller-n2.csv:line-1338,Community estimate: Waller via stephenmk; not an official JLPT word list
ja-n2-01338,斜,はす,1. diagonal,nouns which may take the genitive case particle 'no'; noun (common) (futsuumeishi),general-language,jmdict-waller,JMdict:2085880;waller-n2.csv:line-1339,Community estimate: Waller via stephenmk; not an official JLPT word list
ja-n2-01339,外れる,はずれる,"1. to be disconnected; to get out of place; to be off; to be out (e.g. of gear) | 2. to miss the mark; to get it wrong (e.g. guess, expectation); to draw a blank (e.g. lottery) | 3. to be removed; to be excluded | 4. to be contrary to; to go against",Ichidan verb; intransitive verb,travel-and-places,jmdict-waller,JMdict:1203310;waller-n2.csv:line-1340,Community estimate: Waller via stephenmk; not an official JLPT word list
ja-n2-01340,パターン,パターン,1. pattern | 2. behavioural pattern; behavioral pattern; predictability; force of habit,noun (common) (futsuumeishi),general-language,jmdict-waller,JMdict:1101600;waller-n2.csv:line-1341,Community estimate: Waller via stephenmk; not an official JLPT word list
ja-n2-01341,肌着,はだぎ,1. underwear; underclothes; lingerie; chemise; singlet,noun (common) (futsuumeishi),general-language,jmdict-waller,JMdict:1476500;waller-n2.csv:line-1342,Community estimate: Waller via stephenmk; not an official JLPT word list
ja-n2-01342,果して,はたして,1. as was expected; just as one thought; sure enough | 2. really; actually; ever (used in interrogative and hypothetical sentences),adverb (fukushi),thought-and-feeling,jmdict-waller,JMdict:1600780;waller-n2.csv:line-1343,Community estimate: Waller via stephenmk; not an official JLPT word list
ja-n2-01343,鉢,はち,1. bowl; pot; basin | 2. (plant) pot; flowerpot | 3. crown (of the head); skull,noun (common) (futsuumeishi),general-language,jmdict-waller,JMdict:1477090;waller-n2.csv:line-1344,Community estimate: Waller via stephenmk; not an official JLPT word list
ja-n2-01344,ｘ,バツ,"1. x (mark); cross [word usually written using kana alone] (used to indicate an incorrect answer, etc.) | 2. MDMA; ecstasy; molly [word usually written using kana alone; slang]",noun (common) (futsuumeishi),general-language,jmdict-waller,JMdict:2197150;waller-n2.csv:line-1345,Community estimate: Waller via stephenmk; not an official JLPT word list
ja-n2-01345,発揮,はっき,"1. show (of power, ability, etc.); exhibition; demonstration; display; manifestation",noun (common) (futsuumeishi); noun or participle which takes the aux. verb suru; transitive verb,general-language,jmdict-waller,JMdict:1477250;waller-n2.csv:line-1346,Community estimate: Waller via stephenmk; not an official JLPT word list
ja-n2-01346,バック,バック,1. back; rear | 2. background; backdrop | 3. backing; support; backer; supporter | 4. going backwards; reversing; backing up | 5. reverse (gear) [abbreviation] | 6. refunding; returning (e.g. profits) | 7. back (player) [sports] | 8. backstroke (swimming) [abbreviation] | 9. backhand [sports; abbreviation] | 10. doggy style (sexual position) [slang],noun (common) (futsuumeishi); noun or participle which takes the aux. verb suru; intransitive verb; transitive verb,general-language,jmdict-waller,JMdict:1098760;waller-n2.csv:line-1347,Community estimate: Waller via stephenmk; not an official JLPT word list
ja-n2-01347,発射,はっしゃ,1. firing (esp. a rocket or missile); launching; shooting; discharge; catapult | 2. ejaculation [slang],noun (common) (futsuumeishi); noun or participle which takes the aux. verb suru; transitive verb,general-language,jmdict-waller,JMdict:1477490;waller-n2.csv:line-1348,Community estimate: Waller via stephenmk; not an official JLPT word list
ja-n2-01348,発想,はっそう,1. idea; conception | 2. way of thinking; approach | 3. expression [music],noun (common) (futsuumeishi); noun or participle which takes the aux. verb suru; transitive verb,thought-and-feeling,jmdict-waller,JMdict:1477660;waller-n2.csv:line-1349,Community estimate: Waller via stephenmk; not an official JLPT word list
ja-n2-01349,発電,はつでん,1. generation of electricity; power generation | 2. sending a telegram; telegraphing [obsolete term],noun (common) (futsuumeishi); noun or participle which takes the aux. verb suru; transitive verb; intransitive verb,general-language,jmdict-waller,JMdict:1477750;waller-n2.csv:line-1350,Community estimate: Waller via stephenmk; not an official JLPT word list
ja-n2-01350,発売,はつばい,1. sale; offering for sale; putting on sale; putting on the market; release (for sale),noun (common) (futsuumeishi); noun or participle which takes the aux. verb suru; transitive verb,general-language,jmdict-waller,JMdict:1477810;waller-n2.csv:line-1351,Community estimate: Waller via stephenmk; not an official JLPT word list
ja-n2-01351,派手,はで,1. showy; loud; flashy; gaudy,adjectival nouns or quasi-adjectives (keiyodoshi); noun (common) (futsuumeishi),general-language,jmdict-waller,JMdict:1471140;waller-n2.csv:line-1352,Community estimate: Waller via stephenmk; not an official JLPT word list
ja-n2-01352,話合い,はなしあい,1. discussion; talk; tête-à-tête; conference,noun (common) (futsuumeishi); noun or participle which takes the aux. verb suru,general-language,jmdict-waller,JMdict:1600910;waller-n2.csv:line-1353,Community estimate: Waller via stephenmk; not an official JLPT word list
ja-n2-01353,話し掛ける,はなしかける,1. to address (someone); to accost a person; to talk (to someone) | 2. to begin to talk; to start a conversation,Ichidan verb; transitive verb,people-and-relationships,jmdict-waller,JMdict:1562300;waller-n2.csv:line-1354,Community estimate: Waller via stephenmk; not an official JLPT word list
ja-n2-01354,話中,はなしちゅう,1. busy (phone) | 2. in talks; discussion underway,nouns which may take the genitive case particle 'no',general-language,jmdict-waller,JMdict:1600920;waller-n2.csv:line-1355,Community estimate: Waller via stephenmk; not an official JLPT word list
ja-n2-01355,甚だしい,はなはだしい,1. extreme; excessive; terrible; intense; severe; serious; tremendous; heavy (damage),adjective (keiyoushi),general-language,jmdict-waller,JMdict:1370010;waller-n2.csv:line-1356,Community estimate: Waller via stephenmk; not an official JLPT word list
ja-n2-01356,花火,はなび,1. fireworks,noun (common) (futsuumeishi),general-language,jmdict-waller,JMdict:1194580;waller-n2.csv:line-1357,Community estimate: Waller via stephenmk; not an official JLPT word list
ja-n2-01357,花嫁,はなよめ,1. bride,noun (common) (futsuumeishi),general-language,jmdict-waller,JMdict:1194570;waller-n2.csv:line-1358,Community estimate: Waller via stephenmk; not an official JLPT word list
ja-n2-01358,放れる,はなれる,1. to get free (from); to be freed; to be released,Ichidan verb; intransitive verb,general-language,jmdict-waller,JMdict:1516540;waller-n2.csv:line-1359,Community estimate: Waller via stephenmk; not an official JLPT word list
ja-n2-01360,ばね,ばね,1. spring (device) [word usually written using kana alone] | 2. spring (in one's legs); bounce [word usually written using kana alone] | 3. springboard; impetus [word usually written using kana alone],noun (common) (futsuumeishi),general-language,jmdict-waller,JMdict:1099490;waller-n2.csv:line-1361,Community estimate: Waller via stephenmk; not an official JLPT word list
ja-n2-01361,跳ねる,はねる,"1. to jump; to leap; to prance; to spring up; to bound; to hop | 2. to splash (of oil, mud, etc.); to spatter; to splash up | 3. to burst; to crack open; to pop | 4. to come to an end (of a show, movie, etc.); to close for the day (e.g of a shop); to be finished | 5. to play hane; to hane [go (game); word usually written using kana alone]",Ichidan verb; intransitive verb,general-language,jmdict-waller,JMdict:1429620;waller-n2.csv:line-1362,Community estimate: Waller via stephenmk; not an official JLPT word list
ja-n2-01362,破片,はへん,1. fragment; broken piece; splinter; chip; shard,noun (common) (futsuumeishi),general-language,jmdict-waller,JMdict:1471420;waller-n2.csv:line-1363,Community estimate: Waller via stephenmk; not an official JLPT word list
ja-n2-01363,歯磨き,はみがき,1. dental brushing; brushing one's teeth | 2. dentifrice; toothpaste; tooth powder,noun (common) (futsuumeishi); noun or participle which takes the aux. verb suru; intransitive verb,general-language,jmdict-waller,JMdict:1601040;waller-n2.csv:line-1364,Community estimate: Waller via stephenmk; not an official JLPT word list
ja-n2-01364,はめる,はめる,"1. to fit (e.g. a pane into a frame); to insert (e.g. a cork); to fasten (a button) [word usually written using kana alone] | 2. to put on (something that envelops; e.g. a ring, gloves); to place (a hoop) around; to attach (e.g. a hose to a tap) [word usually written using kana alone] | 3. to pigeonhole (into a particular category); to force (into a mold); to place (restrictions) on [word usually written using kana alone] | 4. to entrap; to take (someone) in; to set (someone) up; to deceive [word usually written using kana alone] | 5. to throw into [word usually written using kana alone] | 6. to have sex; to fuck [word usually written using kana alone; colloquial; vulgar expression or word]",Ichidan verb; transitive verb,general-language,jmdict-waller,JMdict:1566420;waller-n2.csv:line-1365,Community estimate: Waller via stephenmk; not an official JLPT word list
ja-n2-01365,早口,はやくち,1. fast-talking; rapid talking,noun (common) (futsuumeishi); nouns which may take the genitive case particle 'no',general-language,jmdict-waller,JMdict:1400240;waller-n2.csv:line-1366,Community estimate: Waller via stephenmk; not an official JLPT word list
ja-n2-01366,流行る,はやる,1. to be popular; to come into fashion | 2. to be prevalent; to spread widely (e.g. disease); to be endemic | 3. to flourish; to thrive,Godan verb with 'ru' ending; intransitive verb,general-language,jmdict-waller,JMdict:1552310;waller-n2.csv:line-1367,Community estimate: Waller via stephenmk; not an official JLPT word list
ja-n2-01367,払い込む,はらいこむ,1. to deposit; to pay in,Godan verb with 'mu' ending; transitive verb,general-language,jmdict-waller,JMdict:1501580;waller-n2.csv:line-1368,Community estimate: Waller via stephenmk; not an official JLPT word list
ja-n2-01368,払い戻す,はらいもどす,1. to repay; to pay back; to refund; to reimburse,Godan verb with 'su' ending; transitive verb,general-language,jmdict-waller,JMdict:1501610;waller-n2.csv:line-1369,Community estimate: Waller via stephenmk; not an official JLPT word list
ja-n2-01369,バランス,バランス,1. balance,noun (common) (futsuumeishi); noun or participle which takes the aux. verb suru; intransitive verb,general-language,jmdict-waller,JMdict:1099690;waller-n2.csv:line-1370,Community estimate: Waller via stephenmk; not an official JLPT word list
ja-n2-01370,針金,はりがね,1. wire,noun (common) (futsuumeishi),general-language,jmdict-waller,JMdict:1366250;waller-n2.csv:line-1371,Community estimate: Waller via stephenmk; not an official JLPT word list
ja-n2-01371,張り切る,はりきる,1. to be in high spirits; to be full of vigor (vigour); to be enthusiastic; to be eager; to stretch to breaking point,Godan verb with 'ru' ending,general-language,jmdict-waller,JMdict:1427870;waller-n2.csv:line-1372,Community estimate: Waller via stephenmk; not an official JLPT word list
ja-n2-01372,反映,はんえい,"1. reflection (of light) | 2. reflection (of society, attitudes, etc.) | 3. application (of an update, changes, etc.); taking effect [computing]",noun (common) (futsuumeishi); noun or participle which takes the aux. verb suru; transitive verb; intransitive verb,general-language,jmdict-waller,JMdict:1601160;waller-n2.csv:line-1373,Community estimate: Waller via stephenmk; not an official JLPT word list
ja-n2-01373,半径,はんけい,1. radius,noun (common) (futsuumeishi),general-language,jmdict-waller,JMdict:1479230;waller-n2.csv:line-1374,Community estimate: Waller via stephenmk; not an official JLPT word list
ja-n2-01374,判子,はんこ,1. seal (used in lieu of a signature); stamp; chop [word usually written using kana alone],noun (common) (futsuumeishi),general-language,jmdict-waller,JMdict:1478550;waller-n2.csv:line-1375,Community estimate: Waller via stephenmk; not an official JLPT word list
ja-n2-01375,万歳,ばんざい,1. banzai; hurray; hurrah; hooray (celebratory cheer; trad. shouted while raising both arms in the air) | 2. something to cheer about; something worthy of celebration | 3. giving up; throwing one's hands up | 4. eternal life and prosperity,interjection (kandoushi); noun (common) (futsuumeishi); noun or participle which takes the aux. verb suru; intransitive verb,general-language,jmdict-waller,JMdict:1601350;waller-n2.csv:line-1376,Community estimate: Waller via stephenmk; not an official JLPT word list
ja-n2-01376,判事,はんじ,1. judge; judiciary,noun (common) (futsuumeishi),general-language,jmdict-waller,JMdict:1478560;waller-n2.csv:line-1377,Community estimate: Waller via stephenmk; not an official JLPT word list
ja-n2-01377,反省,はんせい,1. reflection; reconsideration; introspection; meditation; contemplation | 2. regret; repentance; remorse; being sorry,noun (common) (futsuumeishi); noun or participle which takes the aux. verb suru; transitive verb,general-language,jmdict-waller,JMdict:1480540;waller-n2.csv:line-1378,Community estimate: Waller via stephenmk; not an official JLPT word list
ja-n2-01378,番地,ばんち,"1. lot number; house number; street number | 2. address; residence | 3. address; memory address [computing] | 4. nth house (of a street, block, etc.); nth plot of land (after a number)",noun (common) (futsuumeishi); suffix,time-and-quantity,jmdict-waller,JMdict:1482360;waller-n2.csv:line-1379,Community estimate: Waller via stephenmk; not an official JLPT word list
ja-n2-01379,パンツ,パンツ,1. underpants; pants; briefs; panties; shorts; knickers | 2. trousers (esp. women's); jodhpurs; breeches; pants; trunks (e.g. swimming),noun (common) (futsuumeishi),general-language,jmdict-waller,JMdict:1103270;waller-n2.csv:line-1380,Community estimate: Waller via stephenmk; not an official JLPT word list
ja-n2-01380,バンド,バンド,1. band (group of musicians) | 2. band (material); strap; (watch) bracelet | 3. belt (clothing) | 4. (frequency) band,noun (common) (futsuumeishi),general-language,jmdict-waller,JMdict:1100240;waller-n2.csv:line-1381,Community estimate: Waller via stephenmk; not an official JLPT word list
ja-n2-01381,半島,はんとう,1. peninsula | 2. Korea [sensitive; colloquial],noun (common) (futsuumeishi),general-language,jmdict-waller,JMdict:1479770;waller-n2.csv:line-1382,Community estimate: Waller via stephenmk; not an official JLPT word list
ja-n2-01382,ハンドル,ハンドル,1. handle | 2. steering wheel | 3. handlebar; handlebars | 4. handle; screen name; username [Internet],noun (common) (futsuumeishi),general-language,jmdict-waller,JMdict:1096830;waller-n2.csv:line-1383,Community estimate: Waller via stephenmk; not an official JLPT word list
ja-n2-01383,日当たり,ひあたり,1. exposure to the sun; sunny place | 2. per day,noun (common) (futsuumeishi),travel-and-places,jmdict-waller,JMdict:1601420;waller-n2.csv:line-1384,Community estimate: Waller via stephenmk; not an official JLPT word list
ja-n2-01384,日帰り,ひがえり,1. day trip,noun (common) (futsuumeishi); noun or participle which takes the aux. verb suru; intransitive verb,time-and-quantity,jmdict-waller,JMdict:1463920;waller-n2.csv:line-1385,Community estimate: Waller via stephenmk; not an official JLPT word list
ja-n2-01385,比較的,ひかくてき,1. comparatively; relatively,adverb (fukushi),general-language,jmdict-waller,JMdict:1483600;waller-n2.csv:line-1386,Community estimate: Waller via stephenmk; not an official JLPT word list
ja-n2-01386,日陰,ひかげ,1. shade; shadow,noun (common) (futsuumeishi),general-language,jmdict-waller,JMdict:1463840;waller-n2.csv:line-1387,Community estimate: Waller via stephenmk; not an official JLPT word list
ja-n2-01387,ぴかぴか,ぴかぴか,"1. with a glitter; with a sparkle [onomatopoeic or mimetic word] | 2. brand new; shiny and new [onomatopoeic or mimetic word] | 3. cleaned (of a plate, etc.); finished [children's language; onomatopoeic or mimetic word]",adverb taking the 'to' particle; adverb (fukushi); nouns which may take the genitive case particle 'no'; adjectival nouns or quasi-adjectives (keiyodoshi); noun or participle which takes the aux. verb suru,general-language,jmdict-waller,JMdict:1010830;waller-n2.csv:line-1388,Community estimate: Waller via stephenmk; not an official JLPT word list
ja-n2-01388,引受る,ひきうける,1. to take on; to undertake; to accept; to take charge of; to assume responsibility for | 2. to take over; to inherit | 3. to guarantee; to vouch for | 4. to contract (a disease),Ichidan verb; transitive verb,general-language,jmdict-waller,JMdict:1601520;waller-n2.csv:line-1389,Community estimate: Waller via stephenmk; not an official JLPT word list
ja-n2-01389,引返す,ひきかえす,1. to turn back; to go back; to come back; to return; to retrace one's steps,Godan verb with 'su' ending; intransitive verb,general-language,jmdict-waller,JMdict:1169140;waller-n2.csv:line-1390,Community estimate: Waller via stephenmk; not an official JLPT word list
ja-n2-01390,引算,ひきざん,1. subtraction [mathematics],noun (common) (futsuumeishi); noun or participle which takes the aux. verb suru; transitive verb,general-language,jmdict-waller,JMdict:1601610;waller-n2.csv:line-1391,Community estimate: Waller via stephenmk; not an official JLPT word list
ja-n2-01392,引き止める,ひきとめる,1. to detain; to check; to restrain; to stop,Ichidan verb; transitive verb,general-language,jmdict-waller,JMdict:1601750;waller-n2.csv:line-1393,Community estimate: Waller via stephenmk; not an official JLPT word list
ja-n2-01393,卑怯,ひきょう,1. cowardly; craven | 2. unfair; mean; sneaky; dirty; dastardly,adjectival nouns or quasi-adjectives (keiyodoshi); noun (common) (futsuumeishi),general-language,jmdict-waller,JMdict:1482710;waller-n2.csv:line-1394,Community estimate: Waller via stephenmk; not an official JLPT word list
ja-n2-01394,引分け,ひきわけ,1. draw (in competition); tie game,noun (common) (futsuumeishi),general-language,jmdict-waller,JMdict:1169120;waller-n2.csv:line-1395,Community estimate: Waller via stephenmk; not an official JLPT word list
ja-n2-01395,陽射,ひざし,1. sunlight; rays of the Sun,noun (common) (futsuumeishi),general-language,jmdict-waller,JMdict:1601830;waller-n2.csv:line-1396,Community estimate: Waller via stephenmk; not an official JLPT word list
ja-n2-01396,肘,ひじ,1. elbow,noun (common) (futsuumeishi),general-language,jmdict-waller,JMdict:1487380;waller-n2.csv:line-1397,Community estimate: Waller via stephenmk; not an official JLPT word list
ja-n2-01397,ピストル,ピストル,1. pistol,noun (common) (futsuumeishi),general-language,jmdict-waller,JMdict:1106660;waller-n2.csv:line-1398,Community estimate: Waller via stephenmk; not an official JLPT word list
ja-n2-01398,ビタミン,ビタミン,1. vitamin,noun (common) (futsuumeishi),general-language,jmdict-waller,JMdict:1105160;waller-n2.csv:line-1399,Community estimate: Waller via stephenmk; not an official JLPT word list
ja-n2-01399,ぴたり,ぴたり,1. tightly; closely [onomatopoeic or mimetic word] | 2. exactly; precisely [onomatopoeic or mimetic word] | 3. suddenly (stopping) [onomatopoeic or mimetic word] | 4. perfectly (suited); ideally [onomatopoeic or mimetic word],adverb (fukushi); adverb taking the 'to' particle; noun or participle which takes the aux. verb suru; adjectival nouns or quasi-adjectives (keiyodoshi),general-language,jmdict-waller,JMdict:1010900;waller-n2.csv:line-1400,Community estimate: Waller via stephenmk; not an official JLPT word list
ja-n2-01400,引っ掛かる,ひっかかる,1. to be caught in; to be stuck in | 2. to stop by; to drop in for a short visit; to be delayed; to take time | 3. to get mixed up in (trouble); to get entangled in (a problem); to be involved with | 4. to fall for (a trick); to be deceived; to be cheated | 5. to be on one's mind; to worry one; to be bothered by; to feel uneasy | 6. to be obstructed; to be hindered | 7. to splash,Godan verb with 'ru' ending; intransitive verb,general-language,jmdict-waller,JMdict:1169350;waller-n2.csv:line-1401,Community estimate: Waller via stephenmk; not an official JLPT word list
ja-n2-01401,筆記,ひっき,1. writing down; taking notes; copying; noting | 2. notes; writings | 3. written examination; written test [abbreviation],noun (common) (futsuumeishi); noun or participle which takes the aux. verb suru; transitive verb,general-language,jmdict-waller,JMdict:1487800;waller-n2.csv:line-1402,Community estimate: Waller via stephenmk; not an official JLPT word list
ja-n2-01402,引っ繰り返す,ひっくりかえす,1. to turn over; to turn upside down; to turn up; to turn inside out; to turn out | 2. to knock over; to tip over | 3. to overturn (e.g. a decision); to upset; to reverse,Godan verb with 'su' ending; transitive verb,general-language,jmdict-waller,JMdict:1601870;waller-n2.csv:line-1403,Community estimate: Waller via stephenmk; not an official JLPT word list
ja-n2-01403,引っ繰り返る,ひっくりかえる,1. to be overturned; to be reversed; to turn over; to capsize | 2. to fall down; to tumble down; to topple over; to lie on one's back,Godan verb with 'ru' ending; intransitive verb,general-language,jmdict-waller,JMdict:1169320;waller-n2.csv:line-1404,Community estimate: Waller via stephenmk; not an official JLPT word list
ja-n2-01404,引越し,ひっこし,"1. moving (dwelling, office, etc.); changing residence",noun (common) (futsuumeishi); noun or participle which takes the aux. verb suru; intransitive verb,general-language,jmdict-waller,JMdict:1601880;waller-n2.csv:line-1405,Community estimate: Waller via stephenmk; not an official JLPT word list
ja-n2-01405,引っ込む,ひっこむ,1. to draw back; to sink; to cave in | 2. to be set back (e.g. from a road) | 3. to withdraw (e.g. from the public eye); to retire to (somewhere); to stay indoors; to butt out; to stay out of it,Godan verb with 'mu' ending; intransitive verb,general-language,jmdict-waller,JMdict:1169390;waller-n2.csv:line-1406,Community estimate: Waller via stephenmk; not an official JLPT word list
ja-n2-01406,筆者,ひっしゃ,1. writer; author (often in self-reference),noun (common) (futsuumeishi),general-language,jmdict-waller,JMdict:1487830;waller-n2.csv:line-1407,Community estimate: Waller via stephenmk; not an official JLPT word list
ja-n2-01407,必需品,ひつじゅひん,1. necessities; necessary article; requisite; essentials,noun (common) (futsuumeishi),general-language,jmdict-waller,JMdict:1487500;waller-n2.csv:line-1408,Community estimate: Waller via stephenmk; not an official JLPT word list
ja-n2-01408,人差指,ひとさしゆび,1. index finger; forefinger; first (occ. second) finger | 2. second toe,noun (common) (futsuumeishi),time-and-quantity,jmdict-waller,JMdict:1601940;waller-n2.csv:line-1409,Community estimate: Waller via stephenmk; not an official JLPT word list
ja-n2-01409,一通り,ひととおり,"1. generally; in the main; briefly (look over, explain, etc.); roughly; more or less | 2. (more or less) everything; all parts; bit of everything; whole process | 3. ordinary; usual; average; common (usu. in the negative) | 4. one method",noun (common) (futsuumeishi); nouns which may take the genitive case particle 'no'; adverb (fukushi),general-language,jmdict-waller,JMdict:1164910;waller-n2.csv:line-1410,Community estimate: Waller via stephenmk; not an official JLPT word list
ja-n2-01410,人通り,ひとどおり,1. pedestrian traffic,noun (common) (futsuumeishi),general-language,jmdict-waller,JMdict:1368820;waller-n2.csv:line-1411,Community estimate: Waller via stephenmk; not an official JLPT word list
ja-n2-01411,ひとまず,ひとまず,1. for now; for the time being; for the present [word usually written using kana alone] | 2. though not quite satisfactorily; after a fashion [word usually written using kana alone],adverb (fukushi),time-and-quantity,jmdict-waller,JMdict:1601990;waller-n2.csv:line-1412,Community estimate: Waller via stephenmk; not an official JLPT word list
ja-n2-01412,瞳,ひとみ,1. pupil (of the eye) | 2. one's eyes,noun (common) (futsuumeishi),health-and-body,jmdict-waller,JMdict:1453900;waller-n2.csv:line-1413,Community estimate: Waller via stephenmk; not an official JLPT word list
ja-n2-01413,一休み,ひとやすみ,1. (short) rest; breather; break,noun (common) (futsuumeishi); noun or participle which takes the aux. verb suru; intransitive verb,general-language,jmdict-waller,JMdict:1161830;waller-n2.csv:line-1414,Community estimate: Waller via stephenmk; not an official JLPT word list
ja-n2-01414,独り言,ひとりごと,1. soliloquy; monologue; speaking to oneself,noun (common) (futsuumeishi),general-language,jmdict-waller,JMdict:1455670;waller-n2.csv:line-1415,Community estimate: Waller via stephenmk; not an official JLPT word list
ja-n2-01415,ひとりでに,ひとりでに,1. by itself; automatically; naturally [word usually written using kana alone],adverb (fukushi),general-language,jmdict-waller,JMdict:1455660;waller-n2.csv:line-1416,Community estimate: Waller via stephenmk; not an official JLPT word list
ja-n2-01416,ビニール,ビニール,1. vinyl; plastic,noun (common) (futsuumeishi); nouns which may take the genitive case particle 'no',general-language,jmdict-waller,JMdict:1105580;waller-n2.csv:line-1417,Community estimate: Waller via stephenmk; not an official JLPT word list
ja-n2-01417,皮肉,ひにく,1. irony; sarcasm; cynicism; satire | 2. unexpected; different from what one expected; not as one had planned | 3. (only) surface; something superficial | 4. skin and bone; body [archaic] (literal meaning),noun (common) (futsuumeishi); adjectival nouns or quasi-adjectives (keiyodoshi); nouns which may take the genitive case particle 'no',general-language,jmdict-waller,JMdict:1483900;waller-n2.csv:line-1418,Community estimate: Waller via stephenmk; not an official JLPT word list
ja-n2-01418,日日,ひにち,"1. date (of a planned event, act, etc.); day | 2. (number of) days",noun (common) (futsuumeishi),time-and-quantity,jmdict-waller,JMdict:1611370;waller-n2.csv:line-1419,Community estimate: Waller via stephenmk; not an official JLPT word list
ja-n2-01419,捻る,ひねる,"1. to twist; to wrench; to turn (a tap, switch, etc.) [word usually written using kana alone] | 2. to twist (a body part); to bend; to sprain [word usually written using kana alone] | 3. to strangle (to death); to wring (an animal's neck) [word usually written using kana alone] | 4. to defeat easily; to beat [word usually written using kana alone] | 5. to make (a problem, design, etc.) intricate; to make peculiar; to make complicated [word usually written using kana alone] | 6. to manage to compose (a haiku, song, etc.) [word usually written using kana alone] | 7. to wrap (a monetary gift) in paper [word usually written using kana alone; dated term]",Godan verb with 'ru' ending; transitive verb,general-language,jmdict-waller,JMdict:1469530;waller-n2.csv:line-1420,Community estimate: Waller via stephenmk; not an official JLPT word list
ja-n2-01420,日の入り,ひのいり,1. sunset,noun (common) (futsuumeishi),general-language,jmdict-waller,JMdict:1463800;waller-n2.csv:line-1421,Community estimate: Waller via stephenmk; not an official JLPT word list
ja-n2-01421,日の出,ひので,1. sunrise,noun (common) (futsuumeishi),general-language,jmdict-waller,JMdict:1463790;waller-n2.csv:line-1422,Community estimate: Waller via stephenmk; not an official JLPT word list
ja-n2-01422,響き,ひびき,"1. echo; reverberation | 2. sound (esp. the distinctive sound of an object or activity, e.g. rain, gun, gallop, drum); noise | 3. quality of a sound (e.g. a fine phrase, clear voice, resonant bell); feeling of a sound; emotion or feeling inspired by something heard or read",noun (common) (futsuumeishi),general-language,jmdict-waller,JMdict:1602130;waller-n2.csv:line-1423,Community estimate: Waller via stephenmk; not an official JLPT word list
ja-n2-01423,響く,ひびく,1. to resound; to be heard far away | 2. to reverberate; to shake; to vibrate | 3. to come (home); to remain (with someone) | 4. to have an effect; to make an impression,Godan verb with 'ku' ending; intransitive verb,general-language,jmdict-waller,JMdict:1238610;waller-n2.csv:line-1424,Community estimate: Waller via stephenmk; not an official JLPT word list
ja-n2-01424,皮膚,ひふ,1. skin,noun (common) (futsuumeishi),general-language,jmdict-waller,JMdict:1483920;waller-n2.csv:line-1425,Community estimate: Waller via stephenmk; not an official JLPT word list
ja-n2-01425,冷やす,ひやす,1. to cool; to chill; to refrigerate | 2. to calm down; to cool off; to regain one's composure; to relax | 3. to be frightened (at); to be scared (of),Godan verb with 'su' ending; transitive verb,general-language,jmdict-waller,JMdict:1556770;waller-n2.csv:line-1426,Community estimate: Waller via stephenmk; not an official JLPT word list
ja-n2-01426,ひゃっかじてん,ひゃっかじてん,1. encyclopedia; encyclopaedia,noun (common) (futsuumeishi),general-language,jmdict-waller,JMdict:1602190;waller-n2.csv:line-1427,Community estimate: Waller via stephenmk; not an official JLPT word list
ja-n2-01427,美容,びよう,1. beauty; good figure; (beautiful) appearance; (beautiful) features | 2. beautification; beauty treatment; beauty culture; cosmetics,noun (common) (futsuumeishi),general-language,jmdict-waller,JMdict:1486670;waller-n2.csv:line-1428,Community estimate: Waller via stephenmk; not an official JLPT word list
ja-n2-01428,表紙,ひょうし,"1. cover (of a book, magazine, etc.); binding | 2. to appear on the cover of a magazine [slang]",noun (common) (futsuumeishi); noun or participle which takes the aux. verb suru; intransitive verb,study-work-and-communication,jmdict-waller,JMdict:1489600;waller-n2.csv:line-1429,Community estimate: Waller via stephenmk; not an official JLPT word list
ja-n2-01429,標識,ひょうしき,1. sign; mark; marker; beacon | 2. marker [linguistics],noun (common) (futsuumeishi),general-language,jmdict-waller,JMdict:1488700;waller-n2.csv:line-1430,Community estimate: Waller via stephenmk; not an official JLPT word list
ja-n2-01430,標準,ひょうじゅん,1. standard; criterion; norm; model; mark | 2. average; the norm; the ordinary,noun (common) (futsuumeishi),general-language,jmdict-waller,JMdict:1488710;waller-n2.csv:line-1431,Community estimate: Waller via stephenmk; not an official JLPT word list
ja-n2-01431,標本,ひょうほん,1. specimen; sample | 2. (classic) example; type | 3. sample [statistics],noun (common) (futsuumeishi),general-language,jmdict-waller,JMdict:1488820;waller-n2.csv:line-1432,Community estimate: Waller via stephenmk; not an official JLPT word list
ja-n2-01432,評論,ひょうろん,1. criticism; critique; review; comment; critical essay,noun (common) (futsuumeishi); noun or participle which takes the aux. verb suru; transitive verb,general-language,jmdict-waller,JMdict:1490080;waller-n2.csv:line-1433,Community estimate: Waller via stephenmk; not an official JLPT word list
ja-n2-01433,平仮名,ひらがな,"1. hiragana; cursive Japanese syllabary used primarily for native Japanese words (esp. function words, inflections, etc.) [word usually written using kana alone]",noun (common) (futsuumeishi),general-language,jmdict-waller,JMdict:1507090;waller-n2.csv:line-1434,Community estimate: Waller via stephenmk; not an official JLPT word list
ja-n2-01434,ビルディング,ビルディング,1. multi-floor building; multi-storey building; tall building,noun (common) (futsuumeishi),general-language,jmdict-waller,JMdict:1106040;waller-n2.csv:line-1435,Community estimate: Waller via stephenmk; not an official JLPT word list
ja-n2-01435,昼寝,ひるね,1. (afternoon) nap; sleeping during the day; siesta,noun (common) (futsuumeishi); noun or participle which takes the aux. verb suru; intransitive verb,time-and-quantity,jmdict-waller,JMdict:1426370;waller-n2.csv:line-1436,Community estimate: Waller via stephenmk; not an official JLPT word list
ja-n2-01436,広げる,ひろげる,1. to spread; to extend; to expand; to enlarge; to widen; to broaden | 2. to unfold; to open; to unroll; to unwrap | 3. to scatter about; to spread around | 4. to make flourish; to cause to prosper,Ichidan verb; transitive verb,general-language,jmdict-waller,JMdict:1602370;waller-n2.csv:line-1437,Community estimate: Waller via stephenmk; not an official JLPT word list
ja-n2-01437,広さ,ひろさ,1. area; extent; dimensions; size | 2. width; breadth,noun (common) (futsuumeishi),general-language,jmdict-waller,JMdict:1278440;waller-n2.csv:line-1438,Community estimate: Waller via stephenmk; not an official JLPT word list
ja-n2-01438,広場,ひろば,1. public square; square; plaza; piazza; forum | 2. open space; clearing,noun (common) (futsuumeishi),society-and-economy,jmdict-waller,JMdict:1278590;waller-n2.csv:line-1439,Community estimate: Waller via stephenmk; not an official JLPT word list
ja-n2-01439,広々,ひろびろ,1. extensive; spacious,adverb taking the 'to' particle; adverb (fukushi); noun or participle which takes the aux. verb suru; adjectival nouns or quasi-adjectives (keiyodoshi),general-language,jmdict-waller,JMdict:1602380;waller-n2.csv:line-1440,Community estimate: Waller via stephenmk; not an official JLPT word list
ja-n2-01440,広める,ひろめる,1. to spread; to propagate; to popularize; to disseminate | 2. to broaden; to extend; to widen; to enlarge,Ichidan verb; transitive verb,general-language,jmdict-waller,JMdict:1278460;waller-n2.csv:line-1441,Community estimate: Waller via stephenmk; not an official JLPT word list
ja-n2-01441,ピンク,ピンク,1. pink | 2. erotic; blue; pornographic,noun (common) (futsuumeishi); nouns which may take the genitive case particle 'no',general-language,jmdict-waller,JMdict:1107140;waller-n2.csv:line-1442,Community estimate: Waller via stephenmk; not an official JLPT word list
ja-n2-01442,便箋,びんせん,1. writing paper; stationery; notepaper,noun (common) (futsuumeishi),general-language,jmdict-waller,JMdict:1512640;waller-n2.csv:line-1443,Community estimate: Waller via stephenmk; not an official JLPT word list
ja-n2-01443,瓶詰,びんづめ,1. bottling | 2. bottled,noun (common) (futsuumeishi); noun or participle which takes the aux. verb suru; transitive verb; nouns which may take the genitive case particle 'no',general-language,jmdict-waller,JMdict:1491130;waller-n2.csv:line-1444,Community estimate: Waller via stephenmk; not an official JLPT word list
ja-n2-01444,ファスナー,ファスナー,1. zip fastener; zipper; zip,noun (common) (futsuumeishi),general-language,jmdict-waller,JMdict:1108160;waller-n2.csv:line-1445,Community estimate: Waller via stephenmk; not an official JLPT word list
ja-n2-01445,風船,ふうせん,1. balloon (toy or decoration) | 2. balloon (hot-air or gas) [dated term] (orig. meaning),noun (common) (futsuumeishi),general-language,jmdict-waller,JMdict:1499940;waller-n2.csv:line-1446,Community estimate: Waller via stephenmk; not an official JLPT word list
ja-n2-01446,不運,ふうん,1. misfortune; bad luck; ill luck; ill fortune,noun (common) (futsuumeishi); adjectival nouns or quasi-adjectives (keiyodoshi),general-language,jmdict-waller,JMdict:1491290;waller-n2.csv:line-1447,Community estimate: Waller via stephenmk; not an official JLPT word list
ja-n2-01448,深まる,ふかまる,1. to deepen; to heighten; to intensify,Godan verb with 'ru' ending; intransitive verb,general-language,jmdict-waller,JMdict:1362660;waller-n2.csv:line-1449,Community estimate: Waller via stephenmk; not an official JLPT word list
ja-n2-01449,不規則,ふきそく,1. irregular; unsystematic; unsteady; disorderly,adjectival nouns or quasi-adjectives (keiyodoshi); noun (common) (futsuumeishi),general-language,jmdict-waller,JMdict:1491840;waller-n2.csv:line-1450,Community estimate: Waller via stephenmk; not an official JLPT word list
ja-n2-01450,普及,ふきゅう,1. diffusion; spread; popularization; promulgation; familiarization,noun (common) (futsuumeishi); noun or participle which takes the aux. verb suru; transitive verb; intransitive verb,general-language,jmdict-waller,JMdict:1497110;waller-n2.csv:line-1451,Community estimate: Waller via stephenmk; not an official JLPT word list
ja-n2-01451,付近,ふきん,1. neighborhood; neighbourhood; vicinity; environs; surrounding area; district,"noun (common) (futsuumeishi); noun, used as a suffix",general-language,jmdict-waller,JMdict:1496240;waller-n2.csv:line-1452,Community estimate: Waller via stephenmk; not an official JLPT word list
ja-n2-01452,拭く,ふく,1. to wipe; to dry,Godan verb with 'ku' ending; transitive verb,general-language,jmdict-waller,JMdict:1357240;waller-n2.csv:line-1453,Community estimate: Waller via stephenmk; not an official JLPT word list
ja-n2-01453,副詞,ふくし,1. adverb [grammar],noun (common) (futsuumeishi),general-language,jmdict-waller,JMdict:1500440;waller-n2.csv:line-1454,Community estimate: Waller via stephenmk; not an official JLPT word list
ja-n2-01454,複写,ふくしゃ,1. copying; duplication; reproduction; copy,noun (common) (futsuumeishi); noun or participle which takes the aux. verb suru; transitive verb,general-language,jmdict-waller,JMdict:1501390;waller-n2.csv:line-1455,Community estimate: Waller via stephenmk; not an official JLPT word list
ja-n2-01455,複数,ふくすう,1. plural; multiple | 2. plural (number) [grammar],nouns which may take the genitive case particle 'no'; noun (common) (futsuumeishi),general-language,jmdict-waller,JMdict:1501400;waller-n2.csv:line-1456,Community estimate: Waller via stephenmk; not an official JLPT word list
ja-n2-01456,含める,ふくめる,1. to include (in a group or scope) | 2. to instruct; to make one understand | 3. to include (a nuance); to put in (an implication) | 4. to put in (someone's) mouth | 5. to permeate with flavor,Ichidan verb; transitive verb,general-language,jmdict-waller,JMdict:1216890;waller-n2.csv:line-1457,Community estimate: Waller via stephenmk; not an official JLPT word list
ja-n2-01457,膨らます,ふくらます,1. to swell; to expand; to inflate; to bulge,Godan verb with 'su' ending; transitive verb,general-language,jmdict-waller,JMdict:1519970;waller-n2.csv:line-1458,Community estimate: Waller via stephenmk; not an official JLPT word list
ja-n2-01458,膨らむ,ふくらむ,1. to expand; to swell (out); to get big; to become inflated,Godan verb with 'mu' ending; intransitive verb,general-language,jmdict-waller,JMdict:1519990;waller-n2.csv:line-1459,Community estimate: Waller via stephenmk; not an official JLPT word list
ja-n2-01459,不潔,ふけつ,"1. unclean; dirty; unsanitary; filthy | 2. indecent; dirty (story, money, etc.); obscene; immoral",adjectival nouns or quasi-adjectives (keiyodoshi); noun (common) (futsuumeishi),general-language,jmdict-waller,JMdict:1492160;waller-n2.csv:line-1460,Community estimate: Waller via stephenmk; not an official JLPT word list
ja-n2-01460,更ける,ふける,1. to get late; to advance; to wear on,Ichidan verb; intransitive verb,home-and-daily-life,jmdict-waller,JMdict:1279290;waller-n2.csv:line-1461,Community estimate: Waller via stephenmk; not an official JLPT word list
ja-n2-01461,符号,ふごう,"1. sign; mark; symbol; code | 2. sign (e.g. positive, negative) [mathematics]",noun (common) (futsuumeishi),general-language,jmdict-waller,JMdict:1497710;waller-n2.csv:line-1462,Community estimate: Waller via stephenmk; not an official JLPT word list
ja-n2-01462,夫妻,ふさい,1. husband and wife; married couple (somewhat formal; not used for one's own family),noun (common) (futsuumeishi),people-and-relationships,jmdict-waller,JMdict:1496520;waller-n2.csv:line-1463,Community estimate: Waller via stephenmk; not an official JLPT word list
ja-n2-01463,塞がる,ふさがる,1. to be closed; to be blocked; to be healed (e.g. wound); to be shut up [word usually written using kana alone] | 2. to be clogged; to be plugged up [word usually written using kana alone] | 3. to be occupied; to be taken (e.g. accommodation) [word usually written using kana alone],Godan verb with 'ru' ending; intransitive verb,general-language,jmdict-waller,JMdict:1602570;waller-n2.csv:line-1464,Community estimate: Waller via stephenmk; not an official JLPT word list
ja-n2-01464,塞ぐ,ふさぐ,"1. to stop up; to close up; to block (up); to plug up; to shut up; to cover (ears, eyes, etc.); to close (eyes, mouth) | 2. to stand in the way; to obstruct | 3. to occupy; to fill up; to take up | 4. to perform one's role; to do one's duty | 5. to feel depressed; to be in low spirits; to mope",Godan verb with 'gu' ending; transitive verb; intransitive verb,health-and-body,jmdict-waller,JMdict:1602590;waller-n2.csv:line-1465,Community estimate: Waller via stephenmk; not an official JLPT word list
ja-n2-01465,ふざける,ふざける,1. to joke; to jest; to kid; to josh [word usually written using kana alone] | 2. to make fun of; to laugh at; to play a prank [word usually written using kana alone] | 3. to romp; to gambol; to frolic; to frisk; to mess around; to fool around; to screw around [word usually written using kana alone] | 4. to neck; to make out [word usually written using kana alone],Ichidan verb; intransitive verb,general-language,jmdict-waller,JMdict:1566450;waller-n2.csv:line-1466,Community estimate: Waller via stephenmk; not an official JLPT word list
ja-n2-01466,無沙汰,ぶさた,"1. not writing or contacting for a while; neglecting to write (call, visit, etc.); failing to write (call, visit, etc.); long silence",noun (common) (futsuumeishi); noun or participle which takes the aux. verb suru; intransitive verb,study-work-and-communication,jmdict-waller,JMdict:1672130;waller-n2.csv:line-1467,Community estimate: Waller via stephenmk; not an official JLPT word list
ja-n2-01467,武士,ぶし,1. samurai; warrior,noun (common) (futsuumeishi),general-language,jmdict-waller,JMdict:1583680;waller-n2.csv:line-1468,Community estimate: Waller via stephenmk; not an official JLPT word list
ja-n2-01468,部首,ぶしゅ,1. radical (of a kanji character),noun (common) (futsuumeishi),general-language,jmdict-waller,JMdict:1499400;waller-n2.csv:line-1469,Community estimate: Waller via stephenmk; not an official JLPT word list
ja-n2-01469,襖,ふすま,1. fusuma; Japanese sliding screen,noun (common) (futsuumeishi),general-language,jmdict-waller,JMdict:1181720;waller-n2.csv:line-1470,Community estimate: Waller via stephenmk; not an official JLPT word list
ja-n2-01470,附属,ふぞく,1. being attached (to); being affiliated (to); belonging (to); going with | 2. attached school; affiliated school [abbreviation],noun (common) (futsuumeishi); noun or participle which takes the aux. verb suru; intransitive verb; nouns which may take the genitive case particle 'no',general-language,jmdict-waller,JMdict:1602700;waller-n2.csv:line-1471,Community estimate: Waller via stephenmk; not an official JLPT word list
ja-n2-01471,蓋,ふた,1. cover; lid; cap,noun (common) (futsuumeishi),general-language,jmdict-waller,JMdict:1204540;waller-n2.csv:line-1472,Community estimate: Waller via stephenmk; not an official JLPT word list
ja-n2-01472,不通,ふつう,1. suspension; interruption; stoppage; tie-up; cessation,noun (common) (futsuumeishi),general-language,jmdict-waller,JMdict:1493860;waller-n2.csv:line-1473,Community estimate: Waller via stephenmk; not an official JLPT word list
ja-n2-01473,ぶつかる,ぶつかる,"1. to bump into; to run into; to collide with; to hit; to strike | 2. to encounter; to meet with; to come upon; to face; to run up against; to be confronted with | 3. to clash (of opinions, people, etc.); to conflict; to be at odds (with) | 4. to clash (of events); to fall (on); to occur at the same time (as) | 5. to tackle head-on (a difficulty); to confront boldly",Godan verb with 'ru' ending; intransitive verb,general-language,jmdict-waller,JMdict:1011180;waller-n2.csv:line-1474,Community estimate: Waller via stephenmk; not an official JLPT word list
ja-n2-01474,ぶつける,ぶつける,1. to hit (e.g. one's head); to strike; to knock; to run (into); to crash (into) [word usually written using kana alone] | 2. to throw (at); to fling (at); to hurl (at) [word usually written using kana alone] | 3. to vent (e.g. one's anger); to express (one's feelings); to throw (a question at someone) [word usually written using kana alone] | 4. to pit (someone) against; to set against; to match against; to put up against [word usually written using kana alone],Ichidan verb; transitive verb,health-and-body,jmdict-waller,JMdict:2742080;waller-n2.csv:line-1475,Community estimate: Waller via stephenmk; not an official JLPT word list
ja-n2-01475,物騒,ぶっそう,1. dangerous; unsettled; troubled; disturbed; insecure,adjectival nouns or quasi-adjectives (keiyodoshi); noun (common) (futsuumeishi),general-language,jmdict-waller,JMdict:1502640;waller-n2.csv:line-1476,Community estimate: Waller via stephenmk; not an official JLPT word list
ja-n2-01476,ぶつぶつ,ぶつぶつ,1. grunt; grumble; complaint; mutter [onomatopoeic or mimetic word] | 2. pimples; spots; eruption; rash | 3. cutting into small pieces | 4. simmering,noun (common) (futsuumeishi); adverb (fukushi); adverb taking the 'to' particle,general-language,jmdict-waller,JMdict:1011200;waller-n2.csv:line-1477,Community estimate: Waller via stephenmk; not an official JLPT word list
ja-n2-01477,船便,ふなびん,1. surface mail (by ship); sea mail | 2. ferry service; steamer service,noun (common) (futsuumeishi),nature-and-science,jmdict-waller,JMdict:1392100;waller-n2.csv:line-1478,Community estimate: Waller via stephenmk; not an official JLPT word list
ja-n2-01478,部品,ぶひん,1. parts; accessories; components,noun (common) (futsuumeishi),general-language,jmdict-waller,JMdict:1499480;waller-n2.csv:line-1479,Community estimate: Waller via stephenmk; not an official JLPT word list
ja-n2-01479,吹雪,ふぶき,1. snow storm; blizzard,noun (common) (futsuumeishi),nature-and-science,jmdict-waller,JMdict:1370780;waller-n2.csv:line-1480,Community estimate: Waller via stephenmk; not an official JLPT word list
ja-n2-01480,父母,ふぼ,1. father and mother; parents,noun (common) (futsuumeishi),people-and-relationships,jmdict-waller,JMdict:1497690;waller-n2.csv:line-1481,Community estimate: Waller via stephenmk; not an official JLPT word list
ja-n2-01481,踏切,ふみきり,1. railway crossing; railroad crossing; train crossing; level crossing | 2. starting line; scratch | 3. determination | 4. stepping over the edge of the ring [sumo],noun (common) (futsuumeishi),travel-and-places,jmdict-waller,JMdict:1602840;waller-n2.csv:line-1482,Community estimate: Waller via stephenmk; not an official JLPT word list
ja-n2-01482,麓,ふもと,1. foot (of a mountain or hill); bottom; base,noun (common) (futsuumeishi),health-and-body,jmdict-waller,JMdict:1611440;waller-n2.csv:line-1483,Community estimate: Waller via stephenmk; not an official JLPT word list
ja-n2-01483,増やす,ふやす,1. to increase; to add to; to augment,Godan verb with 'su' ending; transitive verb,general-language,jmdict-waller,JMdict:1602880;waller-n2.csv:line-1484,Community estimate: Waller via stephenmk; not an official JLPT word list
ja-n2-01485,フライパン,フライパン,1. fry pan; frying pan,noun (common) (futsuumeishi),general-language,jmdict-waller,JMdict:1111160;waller-n2.csv:line-1486,Community estimate: Waller via stephenmk; not an official JLPT word list
ja-n2-01486,ブラウス,ブラウス,1. blouse,noun (common) (futsuumeishi),general-language,jmdict-waller,JMdict:1113650;waller-n2.csv:line-1487,Community estimate: Waller via stephenmk; not an official JLPT word list
ja-n2-01487,ぶらさげる,ぶらさげる,1. to hang; to suspend; to dangle; to swing; to carry,Ichidan verb; transitive verb,general-language,jmdict-waller,JMdict:1011250;waller-n2.csv:line-1488,Community estimate: Waller via stephenmk; not an official JLPT word list
ja-n2-01488,ブラシ,ブラシ,1. brush,noun (common) (futsuumeishi),general-language,jmdict-waller,JMdict:1611450;waller-n2.csv:line-1489,Community estimate: Waller via stephenmk; not an official JLPT word list
ja-n2-01489,プラスチック,プラスチック,1. plastic,noun (common) (futsuumeishi); nouns which may take the genitive case particle 'no',general-language,jmdict-waller,JMdict:1115670;waller-n2.csv:line-1490,Community estimate: Waller via stephenmk; not an official JLPT word list
ja-n2-01490,プラットホーム,プラットホーム,1. platform,noun (common) (futsuumeishi),general-language,jmdict-waller,JMdict:1115820;waller-n2.csv:line-1491,Community estimate: Waller via stephenmk; not an official JLPT word list
ja-n2-01491,フリー,フリー,"1. free (of restraint, controls, etc.) | 2. free (of charge) | 3. freelance; independent | 4. freelancer [abbreviation] | 5. one-size-fits-all [abbreviation] | 6. free skating; long program [figure skating; abbreviation]",adjectival nouns or quasi-adjectives (keiyodoshi); noun (common) (futsuumeishi); nouns which may take the genitive case particle 'no',general-language,jmdict-waller,JMdict:1111640;waller-n2.csv:line-1492,Community estimate: Waller via stephenmk; not an official JLPT word list
ja-n2-01492,振り仮名,ふりがな,1. furigana; kana printed above or next to kanji to indicate pronunciation [word usually written using kana alone],noun (common) (futsuumeishi),general-language,jmdict-waller,JMdict:1361150;waller-n2.csv:line-1493,Community estimate: Waller via stephenmk; not an official JLPT word list
ja-n2-01493,プリント,プリント,1. print; printing; (printed) copy | 2. handout; flyer,noun (common) (futsuumeishi); noun or participle which takes the aux. verb suru; transitive verb,general-language,jmdict-waller,JMdict:1116300;waller-n2.csv:line-1494,Community estimate: Waller via stephenmk; not an official JLPT word list
ja-n2-01494,振舞う,ふるまう,1. to behave; to conduct oneself; to act | 2. to treat (someone) to (food or drink); to entertain (e.g. to lunch),Godan verb with 'u' ending; intransitive verb; transitive verb,general-language,jmdict-waller,JMdict:1603090;waller-n2.csv:line-1495,Community estimate: Waller via stephenmk; not an official JLPT word list
ja-n2-01495,ブローチ,ブローチ,1. brooch,noun (common) (futsuumeishi),general-language,jmdict-waller,JMdict:1114910;waller-n2.csv:line-1496,Community estimate: Waller via stephenmk; not an official JLPT word list
ja-n2-01496,プログラム,プログラム,"1. program (of events, music, etc.); programme | 2. program (booklet); brochure; pamphlet | 3. (computer) program; programming [computing]",noun (common) (futsuumeishi); noun or participle which takes the aux. verb suru; transitive verb,general-language,jmdict-waller,JMdict:1117080;waller-n2.csv:line-1497,Community estimate: Waller via stephenmk; not an official JLPT word list
ja-n2-01497,風呂敷,ふろしき,1. furoshiki; wrapping cloth; cloth wrapper,noun (common) (futsuumeishi),general-language,jmdict-waller,JMdict:1500150;waller-n2.csv:line-1498,Community estimate: Waller via stephenmk; not an official JLPT word list
ja-n2-01498,ふわふわ,ふわふわ,"1. lightly (floating, drifting, etc.); buoyantly [onomatopoeic or mimetic word] | 2. soft; fluffy; spongy [onomatopoeic or mimetic word] | 3. unsteadily; flightily; fickly; frivolously [onomatopoeic or mimetic word]",adverb taking the 'to' particle; adverb (fukushi); nouns which may take the genitive case particle 'no'; adjectival nouns or quasi-adjectives (keiyodoshi); noun or participle which takes the aux. verb suru,general-language,jmdict-waller,JMdict:1113060;waller-n2.csv:line-1499,Community estimate: Waller via stephenmk; not an official JLPT word list
ja-n2-01499,噴火,ふんか,1. eruption; volcanic eruption,noun (common) (futsuumeishi); noun or participle which takes the aux. verb suru; intransitive verb,general-language,jmdict-waller,JMdict:1504560;waller-n2.csv:line-1500,Community estimate: Waller via stephenmk; not an official JLPT word list
ja-n2-01500,分解,ぶんかい,1. disassembly; dismantling; disaggregating; taking apart; breaking up; analysis; parsing | 2. decomposition; resolution; disintegration; degradation [chemistry] | 3. factorization [mathematics],noun (common) (futsuumeishi); noun or participle which takes the aux. verb suru; transitive verb; intransitive verb,general-language,jmdict-waller,JMdict:1503210;waller-n2.csv:line-1501,Community estimate: Waller via stephenmk; not an official JLPT word list
ja-n2-01501,文芸,ぶんげい,1. literature | 2. the arts; art and literature; liberal arts,noun (common) (futsuumeishi),general-language,jmdict-waller,JMdict:1505290;waller-n2.csv:line-1502,Community estimate: Waller via stephenmk; not an official JLPT word list
ja-n2-01502,文献,ぶんけん,1. literature; books (reference); document,noun (common) (futsuumeishi),general-language,jmdict-waller,JMdict:1505330;waller-n2.csv:line-1503,Community estimate: Waller via stephenmk; not an official JLPT word list
ja-n2-01503,噴水,ふんすい,1. water fountain,noun (common) (futsuumeishi),nature-and-science,jmdict-waller,JMdict:1504610;waller-n2.csv:line-1504,Community estimate: Waller via stephenmk; not an official JLPT word list
ja-n2-01504,分数,ぶんすう,1. fraction [mathematics],noun (common) (futsuumeishi); nouns which may take the genitive case particle 'no',general-language,jmdict-waller,JMdict:1503860;waller-n2.csv:line-1505,Community estimate: Waller via stephenmk; not an official JLPT word list
ja-n2-01505,文体,ぶんたい,"1. literary style | 2. form of (written) language (e.g. classical, modern)",noun (common) (futsuumeishi),general-language,jmdict-waller,JMdict:1505510;waller-n2.csv:line-1506,Community estimate: Waller via stephenmk; not an official JLPT word list
ja-n2-01506,分布,ぶんぷ,1. distribution,noun (common) (futsuumeishi); noun or participle which takes the aux. verb suru; intransitive verb,general-language,jmdict-waller,JMdict:1504160;waller-n2.csv:line-1507,Community estimate: Waller via stephenmk; not an official JLPT word list
ja-n2-01507,文房具,ぶんぼうぐ,1. stationery,noun (common) (futsuumeishi),general-language,jmdict-waller,JMdict:1505620;waller-n2.csv:line-1508,Community estimate: Waller via stephenmk; not an official JLPT word list
ja-n2-01508,文脈,ぶんみゃく,"1. context (of a passage); line of thought | 2. context (of a matter, event, etc.); circumstances; background",noun (common) (futsuumeishi),thought-and-feeling,jmdict-waller,JMdict:1505630;waller-n2.csv:line-1509,Community estimate: Waller via stephenmk; not an official JLPT word list
ja-n2-01509,分量,ぶんりょう,1. amount; quantity | 2. measuring; weighing,noun (common) (futsuumeishi); noun or participle which takes the aux. verb suru; transitive verb,time-and-quantity,jmdict-waller,JMdict:1504430;waller-n2.csv:line-1510,Community estimate: Waller via stephenmk; not an official JLPT word list
ja-n2-01510,分類,ぶんるい,1. classification; categorization; sorting,noun (common) (futsuumeishi); noun or participle which takes the aux. verb suru; transitive verb,general-language,jmdict-waller,JMdict:1504460;waller-n2.csv:line-1511,Community estimate: Waller via stephenmk; not an official JLPT word list
ja-n2-01511,閉会,へいかい,"1. closure (of a ceremony, event, meeting, etc.)",noun (common) (futsuumeishi); noun or participle which takes the aux. verb suru; transitive verb; intransitive verb,study-work-and-communication,jmdict-waller,JMdict:1508600;waller-n2.csv:line-1512,Community estimate: Waller via stephenmk; not an official JLPT word list
ja-n2-01512,平気,へいき,1. cool; calm; composed; unconcerned; nonchalant; unmoved; indifferent | 2. all right; fine; OK; okay [colloquial],adjectival nouns or quasi-adjectives (keiyodoshi); noun (common) (futsuumeishi),general-language,jmdict-waller,JMdict:1507180;waller-n2.csv:line-1513,Community estimate: Waller via stephenmk; not an official JLPT word list
ja-n2-01513,並行,へいこう,1. going side-by-side; going abreast | 2. running concurrently; occurring at the same time; keeping pace with,noun (common) (futsuumeishi); noun or participle which takes the aux. verb suru; intransitive verb; nouns which may take the genitive case particle 'no',general-language,jmdict-waller,JMdict:1508480;waller-n2.csv:line-1514,Community estimate: Waller via stephenmk; not an official JLPT word list
ja-n2-01514,平日,へいじつ,1. weekday; ordinary days (i.e. non-holiday),adverb (fukushi); noun (common) (futsuumeishi),general-language,jmdict-waller,JMdict:1507720;waller-n2.csv:line-1515,Community estimate: Waller via stephenmk; not an official JLPT word list
ja-n2-01515,兵隊,へいたい,1. armed forces; military; troops | 2. (common) soldier; rank-and-file soldier | 3. underling; ordinary employee; grunt [colloquial],noun (common) (futsuumeishi),general-language,jmdict-waller,JMdict:1506590;waller-n2.csv:line-1516,Community estimate: Waller via stephenmk; not an official JLPT word list
ja-n2-01516,平凡,へいぼん,1. ordinary; common; commonplace; mediocre; unremarkable; undistinguished; uneventful,adjectival nouns or quasi-adjectives (keiyodoshi); noun (common) (futsuumeishi),general-language,jmdict-waller,JMdict:1507910;waller-n2.csv:line-1517,Community estimate: Waller via stephenmk; not an official JLPT word list
ja-n2-01517,平野,へいや,1. plain; open field,noun (common) (futsuumeishi),general-language,jmdict-waller,JMdict:1508030;waller-n2.csv:line-1518,Community estimate: Waller via stephenmk; not an official JLPT word list
ja-n2-01518,凹む,へこむ,1. to be dented; to be indented; to yield; to give; to sink; to collapse; to cave in | 2. to be beaten; to be overwhelmed; to yield; to give in; to give up | 3. to be disheartened; to feel down; to feel depressed [colloquial] | 4. to suffer a loss; to lose,Godan verb with 'mu' ending; intransitive verb,general-language,jmdict-waller,JMdict:1179200;waller-n2.csv:line-1519,Community estimate: Waller via stephenmk; not an official JLPT word list
ja-n2-01519,臍,へそ,1. navel; belly button [word usually written using kana alone] | 2. protrusion or depression in the middle of an object [word usually written using kana alone] | 3. center; centre; most important part; main point [word usually written using kana alone],noun (common) (futsuumeishi),general-language,jmdict-waller,JMdict:1571170;waller-n2.csv:line-1520,Community estimate: Waller via stephenmk; not an official JLPT word list
ja-n2-01520,隔てる,へだてる,"1. to separate (by distance, time, etc.); to isolate; to partition; to divide | 2. to interpose; to have between | 3. to alienate; to estrange",Ichidan verb; transitive verb,time-and-quantity,jmdict-waller,JMdict:1206360;waller-n2.csv:line-1521,Community estimate: Waller via stephenmk; not an official JLPT word list
ja-n2-01521,別荘,べっそう,1. holiday house; vacation home; villa | 2. prison; jail [colloquial],noun (common) (futsuumeishi),home-and-daily-life,jmdict-waller,JMdict:1509970;waller-n2.csv:line-1522,Community estimate: Waller via stephenmk; not an official JLPT word list
ja-n2-01522,別々,べつべつ,1. separate; respective; different,nouns which may take the genitive case particle 'no'; adjectival nouns or quasi-adjectives (keiyodoshi); noun (common) (futsuumeishi),general-language,jmdict-waller,JMdict:1603290;waller-n2.csv:line-1523,Community estimate: Waller via stephenmk; not an official JLPT word list
ja-n2-01523,ベテラン,ベテラン,1. veteran (in a particular field); person with a lot of experience; old hand,noun (common) (futsuumeishi); nouns which may take the genitive case particle 'no',health-and-body,jmdict-waller,JMdict:1119700;waller-n2.csv:line-1524,Community estimate: Waller via stephenmk; not an official JLPT word list
ja-n2-01524,ヘリコプター,ヘリコプター,1. helicopter,noun (common) (futsuumeishi),general-language,jmdict-waller,JMdict:1118780;waller-n2.csv:line-1525,Community estimate: Waller via stephenmk; not an official JLPT word list
ja-n2-01525,編集,へんしゅう,1. editing; compilation,noun (common) (futsuumeishi); noun or participle which takes the aux. verb suru; transitive verb,general-language,jmdict-waller,JMdict:1603240;waller-n2.csv:line-1526,Community estimate: Waller via stephenmk; not an official JLPT word list
ja-n2-01526,便所,べんじょ,1. toilet; lavatory; water closet; restroom; bathroom,noun (common) (futsuumeishi),nature-and-science,jmdict-waller,JMdict:1512520;waller-n2.csv:line-1527,Community estimate: Waller via stephenmk; not an official JLPT word list
ja-n2-01527,ペンチ,ペンチ,1. cutting pliers; lineman's pliers; combination pliers,noun (common) (futsuumeishi),general-language,jmdict-waller,JMdict:1121520;waller-n2.csv:line-1528,Community estimate: Waller via stephenmk; not an official JLPT word list
ja-n2-01528,望遠鏡,ぼうえんきょう,1. telescope,noun (common) (futsuumeishi),general-language,jmdict-waller,JMdict:1519650;waller-n2.csv:line-1529,Community estimate: Waller via stephenmk; not an official JLPT word list
ja-n2-01529,方角,ほうがく,1. direction; way | 2. point of the compass; cardinal direction; bearing | 3. method; means; approach,noun (common) (futsuumeishi),travel-and-places,jmdict-waller,JMdict:1516950;waller-n2.csv:line-1530,Community estimate: Waller via stephenmk; not an official JLPT word list
ja-n2-01530,箒,ほうき,1. broom [word usually written using kana alone],noun (common) (futsuumeishi),general-language,jmdict-waller,JMdict:1566500;waller-n2.csv:line-1531,Community estimate: Waller via stephenmk; not an official JLPT word list
ja-n2-01531,方言,ほうげん,1. dialect; provincialism,noun (common) (futsuumeishi),general-language,jmdict-waller,JMdict:1516980;waller-n2.csv:line-1532,Community estimate: Waller via stephenmk; not an official JLPT word list
ja-n2-01532,坊さん,ぼうさん,1. Buddhist priest; monk [familiar language; honorific or respectful (sonkeigo) language] | 2. boy [familiar language],noun (common) (futsuumeishi),study-work-and-communication,jmdict-waller,JMdict:1519050;waller-n2.csv:line-1533,Community estimate: Waller via stephenmk; not an official JLPT word list
ja-n2-01533,防止,ぼうし,1. prevention; check,"noun (common) (futsuumeishi); noun, used as a suffix; noun or participle which takes the aux. verb suru; transitive verb",general-language,jmdict-waller,JMdict:1520380;waller-n2.csv:line-1534,Community estimate: Waller via stephenmk; not an official JLPT word list
ja-n2-01534,方針,ほうしん,1. policy; course; plan (of action); principle | 2. magnetic needle (orig. meaning),noun (common) (futsuumeishi),general-language,jmdict-waller,JMdict:1517040;waller-n2.csv:line-1535,Community estimate: Waller via stephenmk; not an official JLPT word list
ja-n2-01535,包装,ほうそう,1. packing; wrapping,noun (common) (futsuumeishi); noun or participle which takes the aux. verb suru; transitive verb,general-language,jmdict-waller,JMdict:1515510;waller-n2.csv:line-1536,Community estimate: Waller via stephenmk; not an official JLPT word list
ja-n2-01536,法則,ほうそく,1. law; rule,noun (common) (futsuumeishi),society-and-economy,jmdict-waller,JMdict:1517380;waller-n2.csv:line-1537,Community estimate: Waller via stephenmk; not an official JLPT word list
ja-n2-01537,包帯,ほうたい,1. bandage; dressing,noun (common) (futsuumeishi); noun or participle which takes the aux. verb suru; transitive verb,general-language,jmdict-waller,JMdict:1603360;waller-n2.csv:line-1538,Community estimate: Waller via stephenmk; not an official JLPT word list
ja-n2-01538,膨大,ぼうだい,1. huge; vast; enormous; colossal; extensive; large | 2. swelling; expansion,adjectival nouns or quasi-adjectives (keiyodoshi); noun (common) (futsuumeishi); noun or participle which takes the aux. verb suru; intransitive verb,general-language,jmdict-waller,JMdict:1603660;waller-n2.csv:line-1539,Community estimate: Waller via stephenmk; not an official JLPT word list
ja-n2-01539,庖丁,ほうちょう,1. kitchen knife | 2. cooking; food [archaic],noun (common) (futsuumeishi),general-language,jmdict-waller,JMdict:1515530;waller-n2.csv:line-1540,Community estimate: Waller via stephenmk; not an official JLPT word list
ja-n2-01540,方程式,ほうていしき,1. equation; formula | 2. method for solving a problem; set way of achieving a particular result,noun (common) (futsuumeishi),general-language,jmdict-waller,JMdict:1517060;waller-n2.csv:line-1541,Community estimate: Waller via stephenmk; not an official JLPT word list
ja-n2-01541,防犯,ぼうはん,"1. prevention of crime | 2. security (device, camera, etc.)","noun (common) (futsuumeishi); nouns which may take the genitive case particle 'no'; noun, used as a prefix",general-language,jmdict-waller,JMdict:1520570;waller-n2.csv:line-1542,Community estimate: Waller via stephenmk; not an official JLPT word list
ja-n2-01542,方面,ほうめん,1. direction; district; area | 2. field (e.g. of study); sphere; quarter; aspect; angle,"noun (common) (futsuumeishi); noun, used as a suffix",travel-and-places,jmdict-waller,JMdict:1517100;waller-n2.csv:line-1543,Community estimate: Waller via stephenmk; not an official JLPT word list
ja-n2-01543,坊や,ぼうや,1. boy; son; child [familiar language] | 2. mere boy; stripling; greenhorn [derogatory],noun (common) (futsuumeishi),people-and-relationships,jmdict-waller,JMdict:1519060;waller-n2.csv:line-1544,Community estimate: Waller via stephenmk; not an official JLPT word list
ja-n2-01544,放る,ほうる,1. to throw; to fling; to hurl; to toss | 2. to neglect; to abandon; to leave alone; to give up on; to leave undone; to leave unfinished,Godan verb with 'ru' ending; transitive verb,general-language,jmdict-waller,JMdict:1516530;waller-n2.csv:line-1545,Community estimate: Waller via stephenmk; not an official JLPT word list
ja-n2-01545,ボーナス,ボーナス,1. bonus,noun (common) (futsuumeishi),general-language,jmdict-waller,JMdict:1123520;waller-n2.csv:line-1546,Community estimate: Waller via stephenmk; not an official JLPT word list
ja-n2-01546,朗らか,ほがらか,"1. cheerful; merry; sunny; melodious | 2. bright (sky, day, etc.); fine; clear",adjectival nouns or quasi-adjectives (keiyodoshi),general-language,jmdict-waller,JMdict:1560710;waller-n2.csv:line-1547,Community estimate: Waller via stephenmk; not an official JLPT word list
ja-n2-01547,牧場,ぼくじょう,1. farm (livestock); stock farm; ranch; station | 2. pasture; meadow; grazing land,noun (common) (futsuumeishi),travel-and-places,jmdict-waller,JMdict:1584250;waller-n2.csv:line-1548,Community estimate: Waller via stephenmk; not an official JLPT word list
ja-n2-01548,牧畜,ぼくちく,1. stock-farming; livestock farming; cattle breeding,noun (common) (futsuumeishi),general-language,jmdict-waller,JMdict:1521820;waller-n2.csv:line-1549,Community estimate: Waller via stephenmk; not an official JLPT word list
ja-n2-01549,保健,ほけん,1. preservation of health; hygiene; sanitation | 2. health education (school subject),noun (common) (futsuumeishi),health-and-body,jmdict-waller,JMdict:1513410;waller-n2.csv:line-1550,Community estimate: Waller via stephenmk; not an official JLPT word list
ja-n2-01550,募集,ぼしゅう,"1. recruitment; invitation; selection; advertisement; taking applications | 2. raising (funds, donations, etc.); collection; subscription; solicitation | 3. flotation (of shares, loans, etc.)",noun (common) (futsuumeishi); noun or participle which takes the aux. verb suru; transitive verb,general-language,jmdict-waller,JMdict:1514830;waller-n2.csv:line-1551,Community estimate: Waller via stephenmk; not an official JLPT word list
ja-n2-01551,干す,ほす,"1. to air; to dry; to desiccate | 2. to drain (off) | 3. to drink up | 4. to deprive of a role, job, etc. (usu. in the passive)",Godan verb with 'su' ending; transitive verb,general-language,jmdict-waller,JMdict:1603510;waller-n2.csv:line-1552,Community estimate: Waller via stephenmk; not an official JLPT word list
ja-n2-01552,ポスター,ポスター,1. poster,noun (common) (futsuumeishi),general-language,jmdict-waller,JMdict:1125110;waller-n2.csv:line-1553,Community estimate: Waller via stephenmk; not an official JLPT word list
ja-n2-01553,北極,ほっきょく,1. North Pole | 2. the Arctic [abbreviation],noun (common) (futsuumeishi),general-language,jmdict-waller,JMdict:1520890;waller-n2.csv:line-1554,Community estimate: Waller via stephenmk; not an official JLPT word list
ja-n2-01554,坊っちゃん,ぼっちゃん,1. (another's) son; boy; young master [honorific or respectful (sonkeigo) language] | 2. green young man from a well-to-do family; young man innocent of the ways of the world,noun (common) (futsuumeishi),study-work-and-communication,jmdict-waller,JMdict:1603720;waller-n2.csv:line-1555,Community estimate: Waller via stephenmk; not an official JLPT word list
ja-n2-01555,ほどく,ほどく,1. to undo; to untie; to unfasten; to unlace; to unravel; to loosen; to unpack [word usually written using kana alone],Godan verb with 'ku' ending; transitive verb,general-language,jmdict-waller,JMdict:1198900;waller-n2.csv:line-1556,Community estimate: Waller via stephenmk; not an official JLPT word list
ja-n2-01557,掘る,ほる,"1. to dig; to excavate; to hollow | 2. to delve into | 3. to dig up (vegetables, treasure, etc.); to mine (coal, ore, etc.) | 4. to top; to take the active role in anal sex (with another man) [slang; vulgar expression or word]",Godan verb with 'ru' ending; transitive verb,general-language,jmdict-waller,JMdict:1246690;waller-n2.csv:line-1558,Community estimate: Waller via stephenmk; not an official JLPT word list
ja-n2-01558,彫る,ほる,1. to carve; to engrave; to sculpt; to chisel | 2. to tattoo,Godan verb with 'ru' ending; transitive verb,general-language,jmdict-waller,JMdict:1427950;waller-n2.csv:line-1559,Community estimate: Waller via stephenmk; not an official JLPT word list
ja-n2-01559,ぼろ,ぼろ,1. rag; old cloth [word usually written using kana alone] | 2. tattered clothes; ragged clothes; rags [word usually written using kana alone] | 3. fault (one is trying to hide); defect; weakness [word usually written using kana alone] | 4. worn-out; run-down; shabby; ragged; tattered [word usually written using kana alone],noun (common) (futsuumeishi); noun or verb acting prenominally; adjectival nouns or quasi-adjectives (keiyodoshi),general-language,jmdict-waller,JMdict:1572500;waller-n2.csv:line-1560,Community estimate: Waller via stephenmk; not an official JLPT word list
ja-n2-01560,盆,ぼん,1. tray | 2. family; household | 3. Obon; Bon Festival; Lantern Festival; Festival of the Dead [abbreviation] | 4. gambler's den [slang],noun (common) (futsuumeishi),general-language,jmdict-waller,JMdict:1523700;waller-n2.csv:line-1561,Community estimate: Waller via stephenmk; not an official JLPT word list
ja-n2-01561,盆地,ぼんち,1. basin (e.g. between mountains),noun (common) (futsuumeishi),general-language,jmdict-waller,JMdict:1523760;waller-n2.csv:line-1562,Community estimate: Waller via stephenmk; not an official JLPT word list
ja-n2-01562,本部,ほんぶ,1. headquarters; head office; main office,noun (common) (futsuumeishi),health-and-body,jmdict-waller,JMdict:1523170;waller-n2.csv:line-1563,Community estimate: Waller via stephenmk; not an official JLPT word list
ja-n2-01563,本来,ほんらい,1. originally; primarily | 2. essentially; intrinsically; naturally; by nature; in (and of) itself | 3. proper; rightful; legal; normal,adverb (fukushi); noun (common) (futsuumeishi); nouns which may take the genitive case particle 'no',general-language,jmdict-waller,JMdict:1523270;waller-n2.csv:line-1564,Community estimate: Waller via stephenmk; not an official JLPT word list
ja-n2-01564,まあまあ,まあまあ,"1. so-so; passable; not (so) bad; reasonable | 2. now, now; there, there; there now (used to comfort someone or calm someone down) | 3. my, my; oh my!; dear me! [female term or language] (expression of surprise or wonder)",nouns which may take the genitive case particle 'no'; adjectival nouns or quasi-adjectives (keiyodoshi); adverb (fukushi); interjection (kandoushi),general-language,jmdict-waller,JMdict:1012070;waller-n2.csv:line-1565,Community estimate: Waller via stephenmk; not an official JLPT word list
ja-n2-01565,枚数,まいすう,1. the number of flat things | 2. win-loss difference which influences the ranking of wrestlers [sumo],noun (common) (futsuumeishi),time-and-quantity,jmdict-waller,JMdict:1524630;waller-n2.csv:line-1566,Community estimate: Waller via stephenmk; not an official JLPT word list
ja-n2-01566,毎度,まいど,1. each time; every time; always; often | 2. thank you for your continued patronage; thank you for your support; greetings!; welcome!; hello! [familiar language; abbreviation] (usu. to (regular) customers entering or leaving) | 3. hello; I'm coming in (when visiting another person's home; Hokuriku dialect),adverb (fukushi); noun (common) (futsuumeishi); interjection (kandoushi),time-and-quantity,jmdict-waller,JMdict:1524710;waller-n2.csv:line-1567,Community estimate: Waller via stephenmk; not an official JLPT word list
ja-n2-01567,マイナス,マイナス,"1. minus; subtraction; taking away | 2. negative (number) | 3. deficit; loss | 4. disadvantage; drawback; handicap | 5. negative charge; cathode; negative terminal; negative pole | 6. minus sign; negative sign | 7. negative (image, effect, thinking, etc.); bad | 8. negative (test result)",noun (common) (futsuumeishi); noun or participle which takes the aux. verb suru; transitive verb; nouns which may take the genitive case particle 'no',general-language,jmdict-waller,JMdict:1126980;waller-n2.csv:line-1568,Community estimate: Waller via stephenmk; not an official JLPT word list
ja-n2-01568,巻く,まく,"1. to wind; to coil; to roll; to wear (e.g. turban, scarf) | 2. to envelope; to shroud | 3. to outflank; to skirt | 4. to link (verse) | 5. to move ahead (three hours, etc.); to move up",Godan verb with 'ku' ending; transitive verb; intransitive verb,home-and-daily-life,jmdict-waller,JMdict:1211200;waller-n2.csv:line-1569,Community estimate: Waller via stephenmk; not an official JLPT word list
ja-n2-01569,蒔く,まく,1. to sow; to plant; to seed [word usually written using kana alone] | 2. to sow (the seeds of; e.g. conflict) [word usually written using kana alone] | 3. to sprinkle (gold or silver powder on lacquerware) [word usually written using kana alone],Godan verb with 'ku' ending; transitive verb,nature-and-science,jmdict-waller,JMdict:2611890;waller-n2.csv:line-1570,Community estimate: Waller via stephenmk; not an official JLPT word list
ja-n2-01570,撒く,まく,"1. to scatter; to sprinkle; to strew [word usually written using kana alone] | 2. to distribute (flyers, etc.); to give out; to hand out [word usually written using kana alone] | 3. to shake off (a pursuer, companion, etc.); to give the slip; to throw off; to lose; to get rid of [word usually written using kana alone]",Godan verb with 'ku' ending; transitive verb,general-language,jmdict-waller,JMdict:1303400;waller-n2.csv:line-1571,Community estimate: Waller via stephenmk; not an official JLPT word list
ja-n2-01571,枕,まくら,1. pillow; bolster | 2. introduction (e.g. to a rakugo story); lead-in,"noun (common) (futsuumeishi); noun, used as a suffix",general-language,jmdict-waller,JMdict:1524860;waller-n2.csv:line-1572,Community estimate: Waller via stephenmk; not an official JLPT word list
ja-n2-01572,曲げる,まげる,1. to bend; to crook; to bow; to curve; to curl | 2. to lean; to tilt; to incline; to slant | 3. to bend (the truth); to distort; to twist; to pervert | 4. to yield (a point); to depart (from a principle); to ignore (what one really thinks) | 5. to pawn,Ichidan verb; transitive verb,general-language,jmdict-waller,JMdict:1239740;waller-n2.csv:line-1573,Community estimate: Waller via stephenmk; not an official JLPT word list
ja-n2-01573,まごまご,まごまご,1. confused; flustered; at a loss [onomatopoeic or mimetic word],adverb (fukushi); noun or participle which takes the aux. verb suru,general-language,jmdict-waller,JMdict:1012110;waller-n2.csv:line-1574,Community estimate: Waller via stephenmk; not an official JLPT word list
ja-n2-01574,摩擦,まさつ,1. friction [physics] | 2. rubbing; chafing | 3. discord; friction; strife; conflict,noun (common) (futsuumeishi); noun or participle which takes the aux. verb suru; transitive verb; intransitive verb,general-language,jmdict-waller,JMdict:1523830;waller-n2.csv:line-1575,Community estimate: Waller via stephenmk; not an official JLPT word list
ja-n2-01575,混ざる,まざる,1. to be mixed; to be blended with; to associate with; to mingle with; to join,Godan verb with 'ru' ending; intransitive verb,general-language,jmdict-waller,JMdict:1603920;waller-n2.csv:line-1576,Community estimate: Waller via stephenmk; not an official JLPT word list
ja-n2-01577,混じる,まじる,1. to be mixed; to be blended with; to be combined | 2. to associate with; to mingle with; to interest; to join,Godan verb with 'ru' ending; intransitive verb,general-language,jmdict-waller,JMdict:1603930;waller-n2.csv:line-1578,Community estimate: Waller via stephenmk; not an official JLPT word list
ja-n2-01579,マスク,マスク,"1. (face) mask | 2. (facial) features; looks | 3. mask (e.g. for circuit etching) [electricity, elec. eng.]",noun (common) (futsuumeishi),general-language,jmdict-waller,JMdict:1127870;waller-n2.csv:line-1580,Community estimate: Waller via stephenmk; not an official JLPT word list
ja-n2-01580,混ぜる,まぜる,1. to mix; to stir; to blend,Ichidan verb; transitive verb,general-language,jmdict-waller,JMdict:1290310;waller-n2.csv:line-1581,Community estimate: Waller via stephenmk; not an official JLPT word list
ja-n2-01582,またぐ,またぐ,1. to step over; to step across; to stride over; to stride across; to cross [word usually written using kana alone] | 2. to stretch over; to span; to bridge; to saddle; to straddle [word usually written using kana alone],Godan verb with 'gu' ending; transitive verb,general-language,jmdict-waller,JMdict:1267830;waller-n2.csv:line-1583,Community estimate: Waller via stephenmk; not an official JLPT word list
ja-n2-01584,待合室,まちあいしつ,1. waiting room,noun (common) (futsuumeishi),home-and-daily-life,jmdict-waller,JMdict:1410630;waller-n2.csv:line-1585,Community estimate: Waller via stephenmk; not an official JLPT word list
ja-n2-01585,待ち合わせる,まちあわせる,1. to rendezvous; to meet at a prearranged place and time; to arrange to meet,Ichidan verb; transitive verb; intransitive verb,time-and-quantity,jmdict-waller,JMdict:1410520;waller-n2.csv:line-1586,Community estimate: Waller via stephenmk; not an official JLPT word list
ja-n2-01586,街角,まちかど,1. street corner,noun (common) (futsuumeishi),travel-and-places,jmdict-waller,JMdict:1204580;waller-n2.csv:line-1587,Community estimate: Waller via stephenmk; not an official JLPT word list
ja-n2-01587,真っ暗,まっくら,1. pitch-dark; pitch-black; completely dark | 2. very bleak (future); utterly hopeless,adjectival nouns or quasi-adjectives (keiyodoshi); noun (common) (futsuumeishi),general-language,jmdict-waller,JMdict:1363190;waller-n2.csv:line-1588,Community estimate: Waller via stephenmk; not an official JLPT word list
ja-n2-01588,真っ黒,まっくろ,1. pitch-black; jet-black; black | 2. strongly tanned; deeply sunburnt | 3. sooty; black with dirt,adjectival nouns or quasi-adjectives (keiyodoshi); nouns which may take the genitive case particle 'no'; noun (common) (futsuumeishi),general-language,jmdict-waller,JMdict:1604050;waller-n2.csv:line-1589,Community estimate: Waller via stephenmk; not an official JLPT word list
ja-n2-01589,真っ青,まっさお,1. deep blue; bright blue | 2. ghastly pale; pallid; white as a sheet,adjectival nouns or quasi-adjectives (keiyodoshi); noun (common) (futsuumeishi),general-language,jmdict-waller,JMdict:1604080;waller-n2.csv:line-1590,Community estimate: Waller via stephenmk; not an official JLPT word list
ja-n2-01590,真っ先,まっさき,1. the head; the foremost; beginning; the very front,noun (common) (futsuumeishi),health-and-body,jmdict-waller,JMdict:1363260;waller-n2.csv:line-1591,Community estimate: Waller via stephenmk; not an official JLPT word list
ja-n2-01591,真っ白,まっしろ,"1. pure white | 2. blank (e.g. mind, paper)",adjectival nouns or quasi-adjectives (keiyodoshi); nouns which may take the genitive case particle 'no'; noun (common) (futsuumeishi),general-language,jmdict-waller,JMdict:1580620;waller-n2.csv:line-1592,Community estimate: Waller via stephenmk; not an official JLPT word list
ja-n2-01592,祭る,まつる,1. to deify; to enshrine | 2. to pray; to worship,Godan verb with 'ru' ending; transitive verb,general-language,jmdict-waller,JMdict:1295250;waller-n2.csv:line-1593,Community estimate: Waller via stephenmk; not an official JLPT word list
ja-n2-01593,窓口,まどぐち,1. counter; window; teller window; ticket window | 2. contact person; point of contact,noun (common) (futsuumeishi),home-and-daily-life,jmdict-waller,JMdict:1401420;waller-n2.csv:line-1594,Community estimate: Waller via stephenmk; not an official JLPT word list
ja-n2-01594,纏まる,まとまる,1. to find resolution; to be settled; to be agreed on; to be completed [word usually written using kana alone] | 2. to be collected; to be assembled; to be brought together [word usually written using kana alone] | 3. to be well arranged; to be in order; to be unified; to take shape; to be coherent [word usually written using kana alone],Godan verb with 'ru' ending; intransitive verb,general-language,jmdict-waller,JMdict:1611640;waller-n2.csv:line-1595,Community estimate: Waller via stephenmk; not an official JLPT word list
ja-n2-01595,纏める,まとめる,1. to collect; to put (it all) together; to integrate; to consolidate; to unify [word usually written using kana alone] | 2. to summarize; to aggregate [word usually written using kana alone] | 3. to bring to a conclusion; to finalize; to settle; to put in order [word usually written using kana alone] | 4. to establish; to decide [word usually written using kana alone],Ichidan verb; transitive verb,general-language,jmdict-waller,JMdict:1440930;waller-n2.csv:line-1596,Community estimate: Waller via stephenmk; not an official JLPT word list
ja-n2-01596,真似る,まねる,1. to mimic; to imitate,Ichidan verb; transitive verb,general-language,jmdict-waller,JMdict:1363760;waller-n2.csv:line-1597,Community estimate: Waller via stephenmk; not an official JLPT word list
ja-n2-01597,まぶしい,まぶしい,1. dazzling; radiant,adjective (keiyoushi),general-language,jmdict-waller,JMdict:1569790;waller-n2.csv:line-1598,Community estimate: Waller via stephenmk; not an official JLPT word list
ja-n2-01598,まぶた,まぶた,1. eyelid [word usually written using kana alone],noun (common) (futsuumeishi),general-language,jmdict-waller,JMdict:1569920;waller-n2.csv:line-1599,Community estimate: Waller via stephenmk; not an official JLPT word list
ja-n2-01599,マフラー,マフラー,1. (thick) scarf; muffler | 2. muffler (for a vehicle exhaust); silencer,noun (common) (futsuumeishi),general-language,jmdict-waller,JMdict:1129210;waller-n2.csv:line-1600,Community estimate: Waller via stephenmk; not an official JLPT word list
ja-n2-01600,間も無く,まもなく,1. soon; shortly; before long; in a short time; in a little while [word usually written using kana alone] | 2. having no time to ...; with no time to ... (after the dictionary form of a verb),adverb (fukushi),time-and-quantity,jmdict-waller,JMdict:1215290;waller-n2.csv:line-1601,Community estimate: Waller via stephenmk; not an official JLPT word list
ja-n2-01601,マラソン,マラソン,1. marathon [sports],noun (common) (futsuumeishi),general-language,jmdict-waller,JMdict:1129290;waller-n2.csv:line-1602,Community estimate: Waller via stephenmk; not an official JLPT word list
ja-n2-01602,稀,まれ,1. rare; seldom [word usually written using kana alone],adjectival nouns or quasi-adjectives (keiyodoshi),general-language,jmdict-waller,JMdict:1604280;waller-n2.csv:line-1603,Community estimate: Waller via stephenmk; not an official JLPT word list
ja-n2-01603,回り道,まわりみち,1. detour; circuitous route; diversion,noun (common) (futsuumeishi); noun or participle which takes the aux. verb suru,general-language,jmdict-waller,JMdict:1199360;waller-n2.csv:line-1604,Community estimate: Waller via stephenmk; not an official JLPT word list
ja-n2-01604,満員,まんいん,1. full house; no vacancy; sold out; standing room only; full (of people); crowded,noun (common) (futsuumeishi); nouns which may take the genitive case particle 'no',people-and-relationships,jmdict-waller,JMdict:1526720;waller-n2.csv:line-1605,Community estimate: Waller via stephenmk; not an official JLPT word list
ja-n2-01605,マンション,マンション,1. condominium (usu. mid or high-rise); apartment building; apartment house; block of flats; apartment; flat,noun (common) (futsuumeishi),home-and-daily-life,jmdict-waller,JMdict:1130040;waller-n2.csv:line-1606,Community estimate: Waller via stephenmk; not an official JLPT word list
ja-n2-01606,満点,まんてん,1. perfect score; full marks | 2. perfect; entirely satisfactory; excellent,noun (common) (futsuumeishi); nouns which may take the genitive case particle 'no',general-language,jmdict-waller,JMdict:1604340;waller-n2.csv:line-1607,Community estimate: Waller via stephenmk; not an official JLPT word list
ja-n2-01607,見送る,みおくる,"1. to see (someone) off; to escort | 2. to watch (someone or something) go out of sight; to follow with one's eyes; to gaze after | 3. to let (a bus, pitch, etc.) go by; to let pass; to pass up (an opportunity) | 4. to postpone; to put off; to shelve; to leave (as it is) | 5. to take care of (someone) until death; to attend (someone's) funeral; to bury | 6. to hold off (buying or selling); to wait and see [stock market]",Godan verb with 'ru' ending; transitive verb,general-language,jmdict-waller,JMdict:1259830;waller-n2.csv:line-1608,Community estimate: Waller via stephenmk; not an official JLPT word list
ja-n2-01608,見下ろす,みおろす,1. to overlook; to command a view of; to look down on | 2. to despise; to look down on,Godan verb with 'su' ending; transitive verb,general-language,jmdict-waller,JMdict:1259370;waller-n2.csv:line-1609,Community estimate: Waller via stephenmk; not an official JLPT word list
ja-n2-01609,見掛け,みかけ,1. outward appearance | 2. apparent,noun (common) (futsuumeishi); nouns which may take the genitive case particle 'no',general-language,jmdict-waller,JMdict:1604420;waller-n2.csv:line-1610,Community estimate: Waller via stephenmk; not an official JLPT word list
ja-n2-01610,三日月,みかづき,1. crescent moon; young moon,noun (common) (futsuumeishi),general-language,jmdict-waller,JMdict:1301340;waller-n2.csv:line-1611,Community estimate: Waller via stephenmk; not an official JLPT word list
ja-n2-01611,岬,みさき,1. cape (on coast),noun (common) (futsuumeishi),general-language,jmdict-waller,JMdict:1611700;waller-n2.csv:line-1612,Community estimate: Waller via stephenmk; not an official JLPT word list
ja-n2-01612,みじめ,みじめ,1. miserable; wretched; unhappy; sad; pitiable,adjectival nouns or quasi-adjectives (keiyodoshi),thought-and-feeling,jmdict-waller,JMdict:1303280;waller-n2.csv:line-1613,Community estimate: Waller via stephenmk; not an official JLPT word list
ja-n2-01613,ミシン,ミシン,1. sewing machine,noun (common) (futsuumeishi),general-language,jmdict-waller,JMdict:1130640;waller-n2.csv:line-1614,Community estimate: Waller via stephenmk; not an official JLPT word list
ja-n2-01614,店屋,みせや,1. store; shop,noun (common) (futsuumeishi),general-language,jmdict-waller,JMdict:1910260;waller-n2.csv:line-1615,Community estimate: Waller via stephenmk; not an official JLPT word list
ja-n2-01615,見出し,みだし,1. heading; headline; title; caption | 2. index | 3. headword [abbreviation],noun (common) (futsuumeishi),general-language,jmdict-waller,JMdict:1259710;waller-n2.csv:line-1616,Community estimate: Waller via stephenmk; not an official JLPT word list
ja-n2-01616,道順,みちじゅん,1. route; way; course; directions,noun (common) (futsuumeishi),general-language,jmdict-waller,JMdict:1611770;waller-n2.csv:line-1617,Community estimate: Waller via stephenmk; not an official JLPT word list
ja-n2-01619,みっともない,みっともない,1. shameful; disgraceful; unsightly; indecent; unseemly; unbecoming; improper [word usually written using kana alone],adjective (keiyoushi),general-language,jmdict-waller,JMdict:1259250;waller-n2.csv:line-1620,Community estimate: Waller via stephenmk; not an official JLPT word list
ja-n2-01620,見直す,みなおす,"1. to look at again | 2. to re-examine (policy, estimate, plan, etc.); to review | 3. to get a better opinion of; to see in a more positive light | 4. to improve; to recover (market, illness, etc.)",Godan verb with 'su' ending; transitive verb; intransitive verb,general-language,jmdict-waller,JMdict:1259900;waller-n2.csv:line-1621,Community estimate: Waller via stephenmk; not an official JLPT word list
ja-n2-01621,見慣れる,みなれる,1. to get used to seeing; to become accustomed to seeing; to be familiar with,Ichidan verb; intransitive verb,general-language,jmdict-waller,JMdict:1604650;waller-n2.csv:line-1622,Community estimate: Waller via stephenmk; not an official JLPT word list
ja-n2-01622,醜い,みにくい,1. ugly; unattractive; bad-looking | 2. unsightly; unseemly; disgraceful; shameful; dishonorable,adjective (keiyoushi),general-language,jmdict-waller,JMdict:1333810;waller-n2.csv:line-1623,Community estimate: Waller via stephenmk; not an official JLPT word list
ja-n2-01623,実る,みのる,1. to bear fruit; to ripen | 2. to produce (good) results; to show results; to bear fruit,Godan verb with 'ru' ending; intransitive verb,food-and-dining,jmdict-waller,JMdict:1320850;waller-n2.csv:line-1624,Community estimate: Waller via stephenmk; not an official JLPT word list
ja-n2-01624,身分,みぶん,1. (social) standing; status; position; rank | 2. identity; birth; origin | 3. one's circumstances; one's means,noun (common) (futsuumeishi),general-language,jmdict-waller,JMdict:1365810;waller-n2.csv:line-1625,Community estimate: Waller via stephenmk; not an official JLPT word list
ja-n2-01625,見本,みほん,1. sample; specimen; pattern | 2. model; example,noun (common) (futsuumeishi); nouns which may take the genitive case particle 'no',general-language,jmdict-waller,JMdict:1260100;waller-n2.csv:line-1626,Community estimate: Waller via stephenmk; not an official JLPT word list
ja-n2-01626,見舞う,みまう,1. to visit and comfort or console; to go to see (e.g. someone in hospital); to ask after (e.g. someone's health); to inquire after | 2. to attack; to hit; to strike; to deal (a punch),Godan verb with 'u' ending; transitive verb,health-and-body,jmdict-waller,JMdict:1259990;waller-n2.csv:line-1627,Community estimate: Waller via stephenmk; not an official JLPT word list
ja-n2-01627,未満,みまん,1. less than; under; below,"noun, used as a suffix; noun (common) (futsuumeishi); adverb (fukushi)",general-language,jmdict-waller,JMdict:1528040;waller-n2.csv:line-1628,Community estimate: Waller via stephenmk; not an official JLPT word list
ja-n2-01628,名字,みょうじ,1. surname; family name; last name,noun (common) (futsuumeishi),people-and-relationships,jmdict-waller,JMdict:1604730;waller-n2.csv:line-1629,Community estimate: Waller via stephenmk; not an official JLPT word list
ja-n2-01629,ミリ,ミリ,1. milli-; 10^-3 | 2. millimetre; millimeter [abbreviation],prefix; noun (common) (futsuumeishi),general-language,jmdict-waller,JMdict:1131830;waller-n2.csv:line-1630,Community estimate: Waller via stephenmk; not an official JLPT word list
ja-n2-01630,診る,みる,1. to examine (medically); to have a look at; to check (a patient's pulse),Ichidan verb; transitive verb,general-language,jmdict-waller,JMdict:1365450;waller-n2.csv:line-1631,Community estimate: Waller via stephenmk; not an official JLPT word list
ja-n2-01631,民間,みんかん,1. private; non-governmental; non-official; civilian; civil | 2. folk; popular,nouns which may take the genitive case particle 'no'; noun (common) (futsuumeishi),general-language,jmdict-waller,JMdict:1528630;waller-n2.csv:line-1632,Community estimate: Waller via stephenmk; not an official JLPT word list
ja-n2-01632,民謡,みんよう,1. folk song; popular song,noun (common) (futsuumeishi),general-language,jmdict-waller,JMdict:1529270;waller-n2.csv:line-1633,Community estimate: Waller via stephenmk; not an official JLPT word list
ja-n2-01634,剥く,むく,"1. to peel; to skin; to pare; to hull; to strip [word usually written using kana alone] | 2. to bare (teeth, fangs); to open wide (eyes) [word usually written using kana alone]",Godan verb with 'ku' ending; transitive verb,general-language,jmdict-waller,JMdict:1474370;waller-n2.csv:line-1635,Community estimate: Waller via stephenmk; not an official JLPT word list
ja-n2-01635,無限,むげん,1. infinity; infinitude; eternity | 2. infinite; limitless,noun (common) (futsuumeishi); nouns which may take the genitive case particle 'no'; adjectival nouns or quasi-adjectives (keiyodoshi),general-language,jmdict-waller,JMdict:1529880;waller-n2.csv:line-1636,Community estimate: Waller via stephenmk; not an official JLPT word list
ja-n2-01636,無地,むじ,1. plain; unfigured; patternless; solid (color),nouns which may take the genitive case particle 'no'; noun (common) (futsuumeishi),general-language,jmdict-waller,JMdict:1530650;waller-n2.csv:line-1637,Community estimate: Waller via stephenmk; not an official JLPT word list
ja-n2-01637,蒸し暑い,むしあつい,1. humid; sultry,adjective (keiyoushi),general-language,jmdict-waller,JMdict:1356870;waller-n2.csv:line-1638,Community estimate: Waller via stephenmk; not an official JLPT word list
ja-n2-01638,矛盾,むじゅん,1. contradiction; inconsistency,noun (common) (futsuumeishi); noun or participle which takes the aux. verb suru; intransitive verb,general-language,jmdict-waller,JMdict:1531090;waller-n2.csv:line-1639,Community estimate: Waller via stephenmk; not an official JLPT word list
ja-n2-01639,蒸す,むす,"1. to steam (food, towel, etc.) | 2. to be hot and humid; to be sultry",Godan verb with 'su' ending; transitive verb; intransitive verb,food-and-dining,jmdict-waller,JMdict:1356900;waller-n2.csv:line-1640,Community estimate: Waller via stephenmk; not an official JLPT word list
ja-n2-01640,無数,むすう,1. innumerable; countless; numberless,nouns which may take the genitive case particle 'no'; adjectival nouns or quasi-adjectives (keiyodoshi); noun (common) (futsuumeishi),general-language,jmdict-waller,JMdict:1530280;waller-n2.csv:line-1641,Community estimate: Waller via stephenmk; not an official JLPT word list
ja-n2-01641,紫,むらさき,1. purple; violet | 2. purple gromwell (Lithospermum erythrorhizon); red gromwell; red-root gromwell [word usually written using kana alone] | 3. soy sauce,noun (common) (futsuumeishi); nouns which may take the genitive case particle 'no',general-language,jmdict-waller,JMdict:1311640;waller-n2.csv:line-1642,Community estimate: Waller via stephenmk; not an official JLPT word list
ja-n2-01642,群れ,むれ,1. group; crowd; flock; herd; bevy; school; swarm; cluster (e.g. of stars); clump; pack (e.g. of dogs),noun (common) (futsuumeishi),study-work-and-communication,jmdict-waller,JMdict:1247510;waller-n2.csv:line-1643,Community estimate: Waller via stephenmk; not an official JLPT word list
ja-n2-01643,姪,めい,1. niece,noun (common) (futsuumeishi),general-language,jmdict-waller,JMdict:1532940;waller-n2.csv:line-1644,Community estimate: Waller via stephenmk; not an official JLPT word list
ja-n2-01644,名作,めいさく,1. masterpiece; masterwork,noun (common) (futsuumeishi),general-language,jmdict-waller,JMdict:1531500;waller-n2.csv:line-1645,Community estimate: Waller via stephenmk; not an official JLPT word list
ja-n2-01645,名刺,めいし,1. business card,noun (common) (futsuumeishi),study-work-and-communication,jmdict-waller,JMdict:1531550;waller-n2.csv:line-1646,Community estimate: Waller via stephenmk; not an official JLPT word list
ja-n2-01646,名詞,めいし,1. noun [grammar],noun (common) (futsuumeishi),general-language,jmdict-waller,JMdict:1531570;waller-n2.csv:line-1647,Community estimate: Waller via stephenmk; not an official JLPT word list
ja-n2-01647,名所,めいしょ,1. famous place; noted place; place of (scenic or historical) interest; sights (to see),noun (common) (futsuumeishi),travel-and-places,jmdict-waller,JMdict:1531600;waller-n2.csv:line-1648,Community estimate: Waller via stephenmk; not an official JLPT word list
ja-n2-01648,命ずる,めいずる,1. to order; to command | 2. to appoint,Ichidan verb - zuru verb (alternative form of -jiru verbs); transitive verb,general-language,jmdict-waller,JMdict:1531970;waller-n2.csv:line-1649,Community estimate: Waller via stephenmk; not an official JLPT word list
ja-n2-01649,迷信,めいしん,1. superstition; superstitious belief,noun (common) (futsuumeishi),thought-and-feeling,jmdict-waller,JMdict:1532760;waller-n2.csv:line-1650,Community estimate: Waller via stephenmk; not an official JLPT word list
ja-n2-01650,名物,めいぶつ,1. famous product; special product; speciality; specialty,noun (common) (futsuumeishi),general-language,jmdict-waller,JMdict:1531810;waller-n2.csv:line-1651,Community estimate: Waller via stephenmk; not an official JLPT word list
ja-n2-01651,銘々,めいめい,1. each; individual [word usually written using kana alone],adverb (fukushi); nouns which may take the genitive case particle 'no'; noun (common) (futsuumeishi),general-language,jmdict-waller,JMdict:1532810;waller-n2.csv:line-1652,Community estimate: Waller via stephenmk; not an official JLPT word list
ja-n2-01652,目上,めうえ,1. superior; superiors; senior,noun (common) (futsuumeishi),general-language,jmdict-waller,JMdict:1535490;waller-n2.csv:line-1653,Community estimate: Waller via stephenmk; not an official JLPT word list
ja-n2-01653,メーター,メーター,1. meter; gauge | 2. metre (unit of length); meter,noun (common) (futsuumeishi),general-language,jmdict-waller,JMdict:1132530;waller-n2.csv:line-1654,Community estimate: Waller via stephenmk; not an official JLPT word list
ja-n2-01654,恵まれる,めぐまれる,1. to be blessed with; to be rich in; to abound in,Ichidan verb; intransitive verb,general-language,jmdict-waller,JMdict:1611980;waller-n2.csv:line-1655,Community estimate: Waller via stephenmk; not an official JLPT word list
ja-n2-01655,巡る,めぐる,"1. to go around; to make a circle around | 2. to surround; to circle; to enclose | 3. to come around (of a season, anniversary, turn, etc.); to return; to repeat; to circulate (of blood, money, etc.) | 4. to travel around; to make a tour of | 5. to concern (a matter); to surround [word usually written using kana alone]",Godan verb with 'ru' ending; intransitive verb,general-language,jmdict-waller,JMdict:1342050;waller-n2.csv:line-1656,Community estimate: Waller via stephenmk; not an official JLPT word list
ja-n2-01656,目指す,めざす,"1. to aim at (for, to do, to become); to try for; to have an eye on | 2. to go toward; to head for",Godan verb with 'su' ending; transitive verb,health-and-body,jmdict-waller,JMdict:1535440;waller-n2.csv:line-1657,Community estimate: Waller via stephenmk; not an official JLPT word list
ja-n2-01657,目覚し,めざまし,1. alarm clock [abbreviation] | 2. waking up; keeping oneself awake | 3. early-morning treat (traditionally given to children in some parts of Japan); wake-up sweet,noun (common) (futsuumeishi),general-language,jmdict-waller,JMdict:1535340;waller-n2.csv:line-1658,Community estimate: Waller via stephenmk; not an official JLPT word list
ja-n2-01658,目下,めした,1. subordinate; subordinates; inferior; inferiors; junior,noun (common) (futsuumeishi),general-language,jmdict-waller,JMdict:1535320;waller-n2.csv:line-1659,Community estimate: Waller via stephenmk; not an official JLPT word list
ja-n2-01659,目印,めじるし,1. mark (for quick identification or recognition); sign | 2. landmark; guide | 3. trademark [archaic] (Edo-period term),noun (common) (futsuumeishi),general-language,jmdict-waller,JMdict:1535300;waller-n2.csv:line-1660,Community estimate: Waller via stephenmk; not an official JLPT word list
ja-n2-01660,目立つ,めだつ,1. to be conspicuous; to stand out,Godan verb with 'tsu' ending; intransitive verb,general-language,jmdict-waller,JMdict:1535700;waller-n2.csv:line-1661,Community estimate: Waller via stephenmk; not an official JLPT word list
ja-n2-01661,めちゃくちゃ,めちゃくちゃ,1. absurd; unreasonable; nonsensical; preposterous; incoherent [word usually written using kana alone] | 2. extreme; senseless; reckless; wanton [word usually written using kana alone] | 3. disorderly; chaotic; confused; messy [word usually written using kana alone] | 4. incredibly; really; so; super [word usually written using kana alone],adjectival nouns or quasi-adjectives (keiyodoshi); noun (common) (futsuumeishi); adverb (fukushi),general-language,jmdict-waller,JMdict:1533000;waller-n2.csv:line-1662,Community estimate: Waller via stephenmk; not an official JLPT word list
ja-n2-01662,めっきり,めっきり,1. remarkably; noticeably; visibly; considerably; perceptibly; appreciably; very much,adverb (fukushi); adverb taking the 'to' particle,general-language,jmdict-waller,JMdict:1012470;waller-n2.csv:line-1663,Community estimate: Waller via stephenmk; not an official JLPT word list
ja-n2-01663,めでたい,めでたい,1. happy; auspicious; propitious; joyous [word usually written using kana alone] | 2. naive,adjective (keiyoushi),thought-and-feeling,jmdict-waller,JMdict:1608630;waller-n2.csv:line-1664,Community estimate: Waller via stephenmk; not an official JLPT word list
ja-n2-01664,メニュー,メニュー,1. menu | 2. schedule; program; programme; course; services | 3. menu [computing],noun (common) (futsuumeishi),general-language,jmdict-waller,JMdict:1133790;waller-n2.csv:line-1665,Community estimate: Waller via stephenmk; not an official JLPT word list
ja-n2-01665,めまい,めまい,1. dizziness; giddiness; vertigo [word usually written using kana alone],noun (common) (futsuumeishi),general-language,jmdict-waller,JMdict:1569810;waller-n2.csv:line-1666,Community estimate: Waller via stephenmk; not an official JLPT word list
ja-n2-01666,目安,めやす,1. criterion; standard; yardstick; reference; aim | 2. rough estimate; approximation,noun (common) (futsuumeishi),general-language,jmdict-waller,JMdict:1535280;waller-n2.csv:line-1667,Community estimate: Waller via stephenmk; not an official JLPT word list
ja-n2-01667,免税,めんぜい,1. tax exemption; duty exemption,noun (common) (futsuumeishi); noun or participle which takes the aux. verb suru; transitive verb; intransitive verb; nouns which may take the genitive case particle 'no',society-and-economy,jmdict-waller,JMdict:1533230;waller-n2.csv:line-1668,Community estimate: Waller via stephenmk; not an official JLPT word list
ja-n2-01668,面積,めんせき,1. area (measurement); square measure; size (of land); floor space,noun (common) (futsuumeishi),general-language,jmdict-waller,JMdict:1533500;waller-n2.csv:line-1669,Community estimate: Waller via stephenmk; not an official JLPT word list
ja-n2-01669,面接,めんせつ,1. interview (e.g. for a job),noun (common) (futsuumeishi); noun or participle which takes the aux. verb suru; intransitive verb,study-work-and-communication,jmdict-waller,JMdict:1533510;waller-n2.csv:line-1670,Community estimate: Waller via stephenmk; not an official JLPT word list
ja-n2-01670,面倒臭い,めんどうくさい,1. bothersome; tiresome; bother to do [word usually written using kana alone],adjective (keiyoushi),general-language,jmdict-waller,JMdict:1533560;waller-n2.csv:line-1671,Community estimate: Waller via stephenmk; not an official JLPT word list
ja-n2-01671,儲かる,もうかる,1. to be profitable; to yield a profit,Godan verb with 'ru' ending; intransitive verb,general-language,jmdict-waller,JMdict:1534490;waller-n2.csv:line-1672,Community estimate: Waller via stephenmk; not an official JLPT word list
ja-n2-01672,儲ける,もうける,"1. to profit; to get; to earn; to gain | 2. to have (bear, beget) a child | 3. to have a stroke of luck",Ichidan verb; transitive verb,general-language,jmdict-waller,JMdict:1534500;waller-n2.csv:line-1673,Community estimate: Waller via stephenmk; not an official JLPT word list
ja-n2-01673,申し訳ない,もうしわけない,"1. I'm sorry; (it's) inexcusable; I feel regretful; I feel guilty | 2. thank you very much (for help, etc.)","expressions (phrases, clauses, etc.); adjective (keiyoushi)",general-language,jmdict-waller,JMdict:1612040;waller-n2.csv:line-1674,Community estimate: Waller via stephenmk; not an official JLPT word list
ja-n2-01674,モーター,モーター,1. motor; engine,noun (common) (futsuumeishi),general-language,jmdict-waller,JMdict:1134480;waller-n2.csv:line-1675,Community estimate: Waller via stephenmk; not an official JLPT word list
ja-n2-01675,木材,もくざい,1. lumber; timber; wood,noun (common) (futsuumeishi),general-language,jmdict-waller,JMdict:1534660;waller-n2.csv:line-1676,Community estimate: Waller via stephenmk; not an official JLPT word list
ja-n2-01676,目次,もくじ,1. table of contents; contents,noun (common) (futsuumeishi),general-language,jmdict-waller,JMdict:1535460;waller-n2.csv:line-1677,Community estimate: Waller via stephenmk; not an official JLPT word list
ja-n2-01677,潜る,もぐる,1. to dive (into or under water) | 2. to get under; to get into; to get in; to creep into; to crawl under; to bury oneself; to burrow into; to dig oneself into; to snuggle under | 3. to hide oneself (esp. from the government); to conceal oneself; to go underground,Godan verb with 'ru' ending; intransitive verb,nature-and-science,jmdict-waller,JMdict:1609715;waller-n2.csv:line-1678,Community estimate: Waller via stephenmk; not an official JLPT word list
ja-n2-01678,もしかしたら,もしかしたら,1. perhaps; maybe; perchance; by some chance; by any chance [word usually written using kana alone],"expressions (phrases, clauses, etc.); adverb (fukushi)",general-language,jmdict-waller,JMdict:1012510;waller-n2.csv:line-1679,Community estimate: Waller via stephenmk; not an official JLPT word list
ja-n2-01679,もしかすると,もしかすると,1. perhaps; possibly; maybe; by some chance [word usually written using kana alone],adverb (fukushi),general-language,jmdict-waller,JMdict:1012530;waller-n2.csv:line-1680,Community estimate: Waller via stephenmk; not an official JLPT word list
ja-n2-01680,もたれる,もたれる,1. to lean against; to lean on; to recline on [word usually written using kana alone] | 2. to lie heavy (on the stomach); to be uneasily digested [word usually written using kana alone],Ichidan verb; intransitive verb,general-language,jmdict-waller,JMdict:1564380;waller-n2.csv:line-1681,Community estimate: Waller via stephenmk; not an official JLPT word list
ja-n2-01681,モダン,モダン,1. modern | 2. lug arm tips (on glasses); temple tips,adjectival nouns or quasi-adjectives (keiyodoshi); noun (common) (futsuumeishi),general-language,jmdict-waller,JMdict:1134990;waller-n2.csv:line-1682,Community estimate: Waller via stephenmk; not an official JLPT word list
ja-n2-01682,餅,もち,"1. mochi; small rice cake made from glutinous rice [food, cooking]",noun (common) (futsuumeishi),food-and-dining,jmdict-waller,JMdict:1535790;waller-n2.csv:line-1683,Community estimate: Waller via stephenmk; not an official JLPT word list
ja-n2-01683,もったいない,もったいない,1. wasteful; a waste [word usually written using kana alone] | 2. too good; more than one deserves; unworthy of [word usually written using kana alone] | 3. impious; profane; sacrilegious [word usually written using kana alone],adjective (keiyoushi),general-language,jmdict-waller,JMdict:1605250;waller-n2.csv:line-1684,Community estimate: Waller via stephenmk; not an official JLPT word list
ja-n2-01684,モデル,モデル,"1. model; dummy; mock-up | 2. model (profession); fashion model | 3. model (of a vehicle, machine, etc.); version | 4. model (e.g. mathematical) | 5. model (for a fictional character, place, etc.); inspiration | 6. model (in model theory) [mathematics]",noun (common) (futsuumeishi),general-language,jmdict-waller,JMdict:1135270;waller-n2.csv:line-1685,Community estimate: Waller via stephenmk; not an official JLPT word list
ja-n2-01685,元々,もともと,1. originally; from the start; from the beginning; from the outset; by nature [word usually written using kana alone] | 2. none the worse (for); (coming out) even; in the same position (as before) [word usually written using kana alone],adverb (fukushi); nouns which may take the genitive case particle 'no'; adjectival nouns or quasi-adjectives (keiyodoshi); noun (common) (futsuumeishi),nature-and-science,jmdict-waller,JMdict:1605280;waller-n2.csv:line-1686,Community estimate: Waller via stephenmk; not an official JLPT word list
ja-n2-01686,物置,ものおき,1. storage room; storeroom; lumber room,noun (common) (futsuumeishi),home-and-daily-life,jmdict-waller,JMdict:1502690;waller-n2.csv:line-1687,Community estimate: Waller via stephenmk; not an official JLPT word list
ja-n2-01687,物語る,ものがたる,"1. to tell (a story); to give an account of (an event, experience, etc.); to relate; to recount | 2. to tell of; to show; to indicate; to prove; to attest to",Godan verb with 'ru' ending; transitive verb,general-language,jmdict-waller,JMdict:1502490;waller-n2.csv:line-1688,Community estimate: Waller via stephenmk; not an official JLPT word list
ja-n2-01688,物差し,ものさし,1. ruler; measure; measuring stick | 2. standard; criterion; yardstick; scale,noun (common) (futsuumeishi),general-language,jmdict-waller,JMdict:1502530;waller-n2.csv:line-1689,Community estimate: Waller via stephenmk; not an official JLPT word list
ja-n2-01689,物凄い,ものすごい,1. terrific; staggering; tremendous; incredible; extreme [word usually written using kana alone] | 2. frightful; ghastly; horrific; terrible; awful; gruesome; eerie [word usually written using kana alone],adjective (keiyoushi),general-language,jmdict-waller,JMdict:1502630;waller-n2.csv:line-1690,Community estimate: Waller via stephenmk; not an official JLPT word list
ja-n2-01690,モノレール,モノレール,1. monorail,noun (common) (futsuumeishi),general-language,jmdict-waller,JMdict:1135680;waller-n2.csv:line-1691,Community estimate: Waller via stephenmk; not an official JLPT word list
ja-n2-01691,紅葉,もみじ,"1. maple (tree) | 2. red leaves (of autumn); autumn colors; leaves changing color | 3. layered colors in garments, resembling autumn colors | 4. venison",noun (common) (futsuumeishi); noun or participle which takes the aux. verb suru; intransitive verb,general-language,jmdict-waller,JMdict:2857870;waller-n2.csv:line-1692,Community estimate: Waller via stephenmk; not an official JLPT word list
ja-n2-01692,揉む,もむ,1. to rub; to crumple [word usually written using kana alone] | 2. to massage [word usually written using kana alone] | 3. to argue; to have a heated discussion [word usually written using kana alone] | 4. to train; to coach [word usually written using kana alone] | 5. to jostle; to crowd; to shake; to rock [word usually written using kana alone] | 6. to have various experiences (out in the world) [word usually written using kana alone],Godan verb with 'mu' ending; transitive verb,general-language,jmdict-waller,JMdict:1567610;waller-n2.csv:line-1693,Community estimate: Waller via stephenmk; not an official JLPT word list
ja-n2-01693,燃やす,もやす,"1. to burn | 2. to burn with (emotion, feeling); to be fired up",Godan verb with 'su' ending; transitive verb,general-language,jmdict-waller,JMdict:1582900;waller-n2.csv:line-1694,Community estimate: Waller via stephenmk; not an official JLPT word list
ja-n2-01694,催し,もよおし,1. event; festivities; function; social gathering; auspices; opening; holding (a meeting),noun (common) (futsuumeishi),study-work-and-communication,jmdict-waller,JMdict:1292140;waller-n2.csv:line-1695,Community estimate: Waller via stephenmk; not an official JLPT word list
ja-n2-01695,盛る,もる,"1. to serve (in a bowl, on a plate, etc.); to dish out; to dish up; to fill (a bowl) with | 2. to pile up; to heap up; to fill up; to stack up | 3. to administer (medicine, poison); to dose out; to prescribe | 4. to put into (e.g. information in a report, meaning in a statement) | 5. to mark out (e.g. scale); to graduate (e.g. thermometer) | 6. to exaggerate; to apply heavy makeup [slang]",Godan verb with 'ru' ending; transitive verb,general-language,jmdict-waller,JMdict:1379740;waller-n2.csv:line-1696,Community estimate: Waller via stephenmk; not an official JLPT word list
ja-n2-01696,問答,もんどう,1. questions and answers; dialogue,noun (common) (futsuumeishi); noun or participle which takes the aux. verb suru; transitive verb; intransitive verb,general-language,jmdict-waller,JMdict:1536060;waller-n2.csv:line-1697,Community estimate: Waller via stephenmk; not an official JLPT word list
ja-n2-01697,やかましい,やかましい,1. noisy; loud; clamorous; boisterous [word usually written using kana alone] | 2. much talked of; much-discussed; vexed [word usually written using kana alone] | 3. strict; severe; stern [word usually written using kana alone] | 4. particular; fussy; fastidious; fault-finding; carping [word usually written using kana alone],adjective (keiyoushi),general-language,jmdict-waller,JMdict:1211380;waller-n2.csv:line-1698,Community estimate: Waller via stephenmk; not an official JLPT word list
ja-n2-01698,夜間,やかん,1. night; nighttime,noun (common) (futsuumeishi); adverb (fukushi),time-and-quantity,jmdict-waller,JMdict:1536530;waller-n2.csv:line-1699,Community estimate: Waller via stephenmk; not an official JLPT word list
ja-n2-01699,薬缶,やかん,1. kettle [word usually written using kana alone] | 2. bald head [word usually written using kana alone; colloquial; abbreviation],noun (common) (futsuumeishi),general-language,jmdict-waller,JMdict:1605370;waller-n2.csv:line-1700,Community estimate: Waller via stephenmk; not an official JLPT word list
ja-n2-01700,役者,やくしゃ,1. actor; actress | 2. man of wits; clever person; cunning fellow,noun (common) (futsuumeishi),general-language,jmdict-waller,JMdict:1538010;waller-n2.csv:line-1701,Community estimate: Waller via stephenmk; not an official JLPT word list
ja-n2-01701,役所,やくしょ,1. government office; public office,noun (common) (futsuumeishi),society-and-economy,jmdict-waller,JMdict:1538020;waller-n2.csv:line-1702,Community estimate: Waller via stephenmk; not an official JLPT word list
ja-n2-01702,訳す,やくす,1. to translate; to interpret,Godan verb with 'su' ending; transitive verb,general-language,jmdict-waller,JMdict:1538350;waller-n2.csv:line-1703,Community estimate: Waller via stephenmk; not an official JLPT word list
ja-n2-01703,役人,やくにん,1. government official,noun (common) (futsuumeishi),society-and-economy,jmdict-waller,JMdict:1538050;waller-n2.csv:line-1704,Community estimate: Waller via stephenmk; not an official JLPT word list
ja-n2-01704,薬品,やくひん,1. medicine; drug | 2. chemical (agent); chemicals,noun (common) (futsuumeishi),health-and-body,jmdict-waller,JMdict:1538280;waller-n2.csv:line-1705,Community estimate: Waller via stephenmk; not an official JLPT word list
ja-n2-01705,役目,やくめ,1. duty; role; function,noun (common) (futsuumeishi),general-language,jmdict-waller,JMdict:1538080;waller-n2.csv:line-1706,Community estimate: Waller via stephenmk; not an official JLPT word list
ja-n2-01706,火傷,やけど,"1. burn; scald [word usually written using kana alone] | 2. getting one's fingers burned (e.g. poor investment, mixing with the wrong people) [word usually written using kana alone]",noun (common) (futsuumeishi); noun or participle which takes the aux. verb suru; intransitive verb,general-language,jmdict-waller,JMdict:1577310;waller-n2.csv:line-1707,Community estimate: Waller via stephenmk; not an official JLPT word list
ja-n2-01707,夜行,やこう,1. night travel; walking around at night | 2. night train [abbreviation],noun (common) (futsuumeishi); noun or participle which takes the aux. verb suru; intransitive verb,time-and-quantity,jmdict-waller,JMdict:1584820;waller-n2.csv:line-1708,Community estimate: Waller via stephenmk; not an official JLPT word list
ja-n2-01708,矢印,やじるし,"1. arrow (symbol) | 2. (romantic) interest (for a certain person); direction (of one's attention, etc.) [colloquial]",noun (common) (futsuumeishi),general-language,jmdict-waller,JMdict:1537770;waller-n2.csv:line-1709,Community estimate: Waller via stephenmk; not an official JLPT word list
ja-n2-01709,やたら,やたら,1. indiscriminately; blindly; at random; recklessly; thoughtlessly; excessively; profusely [word usually written using kana alone] | 2. indiscriminate; random; excessive [word usually written using kana alone],adverb (fukushi); adverb taking the 'to' particle; adjectival nouns or quasi-adjectives (keiyodoshi),general-language,jmdict-waller,JMdict:1537780;waller-n2.csv:line-1710,Community estimate: Waller via stephenmk; not an official JLPT word list
ja-n2-01710,薬局,やっきょく,1. pharmacy; drugstore; chemist's (shop) | 2. hospital pharmacy; dispensary,noun (common) (futsuumeishi),general-language,jmdict-waller,JMdict:1538200;waller-n2.csv:line-1711,Community estimate: Waller via stephenmk; not an official JLPT word list
ja-n2-01711,やっつける,やっつける,1. to beat; to attack (an enemy); to do away with; to finish off [word usually written using kana alone],Ichidan verb; transitive verb,general-language,jmdict-waller,JMdict:1612950;waller-n2.csv:line-1712,Community estimate: Waller via stephenmk; not an official JLPT word list
ja-n2-01712,家主,やぬし,1. landlord; landlady | 2. house owner; home owner; head of the household,noun (common) (futsuumeishi),general-language,jmdict-waller,JMdict:1191990;waller-n2.csv:line-1713,Community estimate: Waller via stephenmk; not an official JLPT word list
ja-n2-01713,破く,やぶく,1. to tear; to rip,Godan verb with 'ku' ending; transitive verb,general-language,jmdict-waller,JMdict:1983750;waller-n2.csv:line-1714,Community estimate: Waller via stephenmk; not an official JLPT word list
ja-n2-01714,破れる,やぶれる,"1. to get torn; to tear; to rip; to break; to wear out | 2. to be broken off (of negotiations, etc.); to break down; to collapse; to fall into ruin",Ichidan verb; intransitive verb,home-and-daily-life,jmdict-waller,JMdict:1471210;waller-n2.csv:line-1715,Community estimate: Waller via stephenmk; not an official JLPT word list
ja-n2-01715,やむをえない,やむをえない,1. cannot be helped; unavoidable,"expressions (phrases, clauses, etc.); adjective (keiyoushi)",general-language,jmdict-waller,JMdict:1612100;waller-n2.csv:line-1716,Community estimate: Waller via stephenmk; not an official JLPT word list
ja-n2-01717,遊園地,ゆうえんち,1. amusement park,noun (common) (futsuumeishi),general-language,jmdict-waller,JMdict:1542170;waller-n2.csv:line-1718,Community estimate: Waller via stephenmk; not an official JLPT word list
ja-n2-01718,夕刊,ゆうかん,1. evening edition (of a daily newspaper); evening paper,noun (common) (futsuumeishi),general-language,jmdict-waller,JMdict:1542690;waller-n2.csv:line-1719,Community estimate: Waller via stephenmk; not an official JLPT word list
ja-n2-01719,友好,ゆうこう,1. friendship,noun (common) (futsuumeishi),general-language,jmdict-waller,JMdict:1540080;waller-n2.csv:line-1720,Community estimate: Waller via stephenmk; not an official JLPT word list
ja-n2-01720,郵送,ゆうそう,1. mailing; posting,noun (common) (futsuumeishi); noun or participle which takes the aux. verb suru; transitive verb,general-language,jmdict-waller,JMdict:1542380;waller-n2.csv:line-1721,Community estimate: Waller via stephenmk; not an official JLPT word list
ja-n2-01721,夕立,ゆうだち,"1. (sudden, heavy) shower (on a summer afternoon or evening); evening shower",noun (common) (futsuumeishi),general-language,jmdict-waller,JMdict:1542820;waller-n2.csv:line-1722,Community estimate: Waller via stephenmk; not an official JLPT word list
ja-n2-01722,夕日,ゆうひ,1. evening sun; setting sun,noun (common) (futsuumeishi),general-language,jmdict-waller,JMdict:1542750;waller-n2.csv:line-1723,Community estimate: Waller via stephenmk; not an official JLPT word list
ja-n2-01723,悠々,ゆうゆう,1. quiet; calm; leisurely; composed | 2. easily; comfortably; without difficulty | 3. distant; far-off; boundless; endless; eternal,'taru' adjective; adverb taking the 'to' particle; adverb (fukushi),general-language,jmdict-waller,JMdict:1605700;waller-n2.csv:line-1724,Community estimate: Waller via stephenmk; not an official JLPT word list
ja-n2-01724,有料,ゆうりょう,1. fee-charging; paid; not free | 2. toll road [abbreviation],nouns which may take the genitive case particle 'no'; noun (common) (futsuumeishi),general-language,jmdict-waller,JMdict:1541690;waller-n2.csv:line-1725,Community estimate: Waller via stephenmk; not an official JLPT word list
ja-n2-01725,浴衣,ゆかた,1. yukata; light cotton kimono worn in the summer or used as a bathrobe,noun (common) (futsuumeishi),general-language,jmdict-waller,JMdict:1584990;waller-n2.csv:line-1726,Community estimate: Waller via stephenmk; not an official JLPT word list
ja-n2-01726,湯気,ゆげ,1. steam; vapour; vapor,noun (common) (futsuumeishi),general-language,jmdict-waller,JMdict:1448600;waller-n2.csv:line-1727,Community estimate: Waller via stephenmk; not an official JLPT word list
ja-n2-01727,輸血,ゆけつ,1. blood transfusion,noun (common) (futsuumeishi); noun or participle which takes the aux. verb suru; transitive verb; intransitive verb,general-language,jmdict-waller,JMdict:1538810;waller-n2.csv:line-1728,Community estimate: Waller via stephenmk; not an official JLPT word list
ja-n2-01728,輸送,ゆそう,1. transport; transportation; transit; conveyance,noun (common) (futsuumeishi); noun or participle which takes the aux. verb suru; transitive verb,general-language,jmdict-waller,JMdict:1538850;waller-n2.csv:line-1729,Community estimate: Waller via stephenmk; not an official JLPT word list
ja-n2-01729,油断,ゆだん,1. negligence; carelessness; inattention; unpreparedness,noun (common) (futsuumeishi); noun or participle which takes the aux. verb suru; intransitive verb,general-language,jmdict-waller,JMdict:1538690;waller-n2.csv:line-1730,Community estimate: Waller via stephenmk; not an official JLPT word list
ja-n2-01730,ゆでる,ゆでる,"1. to boil (something in hot water) | 2. to treat with medicinal steam (a swelling, etc.)",Ichidan verb; transitive verb,nature-and-science,jmdict-waller,JMdict:1571470;waller-n2.csv:line-1731,Community estimate: Waller via stephenmk; not an official JLPT word list
ja-n2-01731,湯飲み,ゆのみ,1. teacup [abbreviation],noun (common) (futsuumeishi),general-language,jmdict-waller,JMdict:1612130;waller-n2.csv:line-1732,Community estimate: Waller via stephenmk; not an official JLPT word list
ja-n2-01732,緩い,ゆるい,"1. loose | 2. lenient; lax | 3. gentle (curve, slope, etc.) | 4. slow; weak | 5. soft; not firm | 6. difficult; hard [Hokkaido-ben; Touhoku-ben]",adjective (keiyoushi),general-language,jmdict-waller,JMdict:1214410;waller-n2.csv:line-1733,Community estimate: Waller via stephenmk; not an official JLPT word list
ja-n2-01733,溶岩,ようがん,1. lava,noun (common) (futsuumeishi),general-language,jmdict-waller,JMdict:1546120;waller-n2.csv:line-1734,Community estimate: Waller via stephenmk; not an official JLPT word list
ja-n2-01734,容器,ようき,1. container; receptacle; vessel; packaging,noun (common) (futsuumeishi),general-language,jmdict-waller,JMdict:1545370;waller-n2.csv:line-1735,Community estimate: Waller via stephenmk; not an official JLPT word list
ja-n2-01735,用語,ようご,1. term; terminology | 2. wording; choice of words; phraseology,noun (common) (futsuumeishi),general-language,jmdict-waller,JMdict:1546270;waller-n2.csv:line-1736,Community estimate: Waller via stephenmk; not an official JLPT word list
ja-n2-01736,要旨,ようし,1. (main) point; gist; key points; essentials; substance; summary; outline; abstract,noun (common) (futsuumeishi),general-language,jmdict-waller,JMdict:1546770;waller-n2.csv:line-1737,Community estimate: Waller via stephenmk; not an official JLPT word list
ja-n2-01737,幼児,ようじ,1. young child; toddler | 2. child over 1 but not yet of school age [law],noun (common) (futsuumeishi),people-and-relationships,jmdict-waller,JMdict:1545160;waller-n2.csv:line-1738,Community estimate: Waller via stephenmk; not an official JLPT word list
ja-n2-01738,容積,ようせき,1. capacity; volume,noun (common) (futsuumeishi),general-language,jmdict-waller,JMdict:1545420;waller-n2.csv:line-1739,Community estimate: Waller via stephenmk; not an official JLPT word list
ja-n2-01739,幼稚,ようち,1. infancy | 2. childish; infantile; immature; primitive,noun (common) (futsuumeishi); adjectival nouns or quasi-adjectives (keiyodoshi),general-language,jmdict-waller,JMdict:1545250;waller-n2.csv:line-1740,Community estimate: Waller via stephenmk; not an official JLPT word list
ja-n2-01740,幼稚園,ようちえん,"1. kindergarten (in Japan, non-compulsory education from age 3 until primary school); preschool",noun (common) (futsuumeishi),study-work-and-communication,jmdict-waller,JMdict:1545260;waller-n2.csv:line-1741,Community estimate: Waller via stephenmk; not an official JLPT word list
ja-n2-01741,用途,ようと,1. use; service; purpose,noun (common) (futsuumeishi),general-language,jmdict-waller,JMdict:1546380;waller-n2.csv:line-1742,Community estimate: Waller via stephenmk; not an official JLPT word list
ja-n2-01742,洋品店,ようひんてん,1. shop that handles Western-style apparel and accessories,noun (common) (futsuumeishi),general-language,jmdict-waller,JMdict:1794470;waller-n2.csv:line-1743,Community estimate: Waller via stephenmk; not an official JLPT word list
ja-n2-01743,養分,ようぶん,1. nutrient; nourishment,noun (common) (futsuumeishi),general-language,jmdict-waller,JMdict:1662130;waller-n2.csv:line-1744,Community estimate: Waller via stephenmk; not an official JLPT word list
ja-n2-01744,羊毛,ようもう,1. wool,noun (common) (futsuumeishi); nouns which may take the genitive case particle 'no',general-language,jmdict-waller,JMdict:1546530;waller-n2.csv:line-1745,Community estimate: Waller via stephenmk; not an official JLPT word list
ja-n2-01745,漸く,ようやく,1. finally; at last [word usually written using kana alone] | 2. barely; narrowly; hardly; only just [word usually written using kana alone] | 3. gradually; little by little; by degrees [word usually written using kana alone],adverb (fukushi),general-language,jmdict-waller,JMdict:1394600;waller-n2.csv:line-1746,Community estimate: Waller via stephenmk; not an official JLPT word list
ja-n2-01746,要領,ようりょう,1. point; gist; essentials; tenets; outline | 2. knack; trick; the ropes,noun (common) (futsuumeishi),general-language,jmdict-waller,JMdict:1546850;waller-n2.csv:line-1747,Community estimate: Waller via stephenmk; not an official JLPT word list
ja-n2-01747,欲張り,よくばり,1. greed; avarice; covetousness; greedy person,noun (common) (futsuumeishi); adjectival nouns or quasi-adjectives (keiyodoshi),people-and-relationships,jmdict-waller,JMdict:1547390;waller-n2.csv:line-1748,Community estimate: Waller via stephenmk; not an official JLPT word list
ja-n2-01748,余計,よけい,1. extra; more; too much; too many; excessive; superfluous; spare; surplus | 2. unnecessary; needless; uncalled-for; unwanted; uninvited | 3. all the more; even more,adjectival nouns or quasi-adjectives (keiyodoshi); adverb (fukushi),general-language,jmdict-waller,JMdict:1544090;waller-n2.csv:line-1749,Community estimate: Waller via stephenmk; not an official JLPT word list
ja-n2-01749,よこす,よこす,1. to send; to forward [word usually written using kana alone] | 2. to hand over (e.g. money) [word usually written using kana alone] | 3. indicates that the action is directed towards the speaker; indicates that the object of an action arrives at or is received by the speaker [word usually written using kana alone] (after the -te form of a verb; oft. with the nuance that the action is one-sided or unwelcome),Godan verb with 'su' ending; transitive verb; auxiliary verb,general-language,jmdict-waller,JMdict:1013140;waller-n2.csv:line-1750,Community estimate: Waller via stephenmk; not an official JLPT word list
ja-n2-01750,汚す,よごす,1. to pollute; to contaminate; to soil; to make dirty; to stain | 2. to disgrace; to dishonour; to dishonor; to defile,Godan verb with 'su' ending; transitive verb,general-language,jmdict-waller,JMdict:1178960;waller-n2.csv:line-1751,Community estimate: Waller via stephenmk; not an official JLPT word list
ja-n2-01751,寄せる,よせる,"1. to come near; to let someone approach | 2. to bring near; to bring together; to collect; to gather | 3. to deliver (opinion, news, etc.); to send (e.g. a letter); to contribute; to donate | 4. to let someone drop by | 5. to add (numbers) | 6. to have feelings for (love, goodwill, trust, etc.) | 7. to rely upon for a time; to depend on | 8. to use as a pretext | 9. to put aside | 10. to press; to push; to force | 11. to include; to welcome (in a group); to let in [Kansai-ben]",Ichidan verb; transitive verb,general-language,jmdict-waller,JMdict:1219560;waller-n2.csv:line-1752,Community estimate: Waller via stephenmk; not an official JLPT word list
ja-n2-01752,余所,よそ,1. another place; somewhere else; strange parts [word usually written using kana alone] | 2. outside (one's family or group); someone else; other people [word usually written using kana alone] | 3. not caring for; being indifferent to; taking little notice of; ignoring; neglecting [word usually written using kana alone],noun (common) (futsuumeishi); nouns which may take the genitive case particle 'no',travel-and-places,jmdict-waller,JMdict:1605940;waller-n2.csv:line-1753,Community estimate: Waller via stephenmk; not an official JLPT word list
ja-n2-01753,四つ角,よつかど,1. four corners | 2. crossroads; intersecting street; street corner,noun (common) (futsuumeishi),general-language,jmdict-waller,JMdict:1307060;waller-n2.csv:line-1754,Community estimate: Waller via stephenmk; not an official JLPT word list
ja-n2-01754,酔っ払い,よっぱらい,1. drunk person; (a) drunk | 2. being drunk; getting drunk,noun (common) (futsuumeishi),people-and-relationships,jmdict-waller,JMdict:1372660;waller-n2.csv:line-1755,Community estimate: Waller via stephenmk; not an official JLPT word list
ja-n2-01755,予備,よび,1. reserve; spare | 2. preparation; preliminaries,noun (common) (futsuumeishi); nouns which may take the genitive case particle 'no',general-language,jmdict-waller,JMdict:1543320;waller-n2.csv:line-1756,Community estimate: Waller via stephenmk; not an official JLPT word list
ja-n2-01756,呼び掛ける,よびかける,1. to call out to; to hail; to address | 2. to appeal (e.g. to the public); to urge; to exhort; to advise,Ichidan verb; transitive verb,general-language,jmdict-waller,JMdict:1266280;waller-n2.csv:line-1757,Community estimate: Waller via stephenmk; not an official JLPT word list
ja-n2-01757,呼び出す,よびだす,"1. to call (someone) to (the door, phone, etc.); to tell (someone) to come; to call up (on the phone); to summon; to page; to invoke (e.g. a spirit) | 2. to invoke (e.g. a subroutine); to call; to open (e.g. a file) [computing]",Godan verb with 'su' ending; transitive verb,home-and-daily-life,jmdict-waller,JMdict:1266350;waller-n2.csv:line-1758,Community estimate: Waller via stephenmk; not an official JLPT word list
ja-n2-01758,蘇る,よみがえる,1. to be resurrected; to be resuscitated; to be rehabilitated; to be revived; to be refreshed; to be restored | 2. to be recalled (e.g. memories); to be brought back,Godan verb with 'ru' ending; intransitive verb,general-language,jmdict-waller,JMdict:1606020;waller-n2.csv:line-1759,Community estimate: Waller via stephenmk; not an official JLPT word list
ja-n2-01761,来日,らいにち,1. coming to Japan; visit to Japan; arrival in Japan,noun (common) (futsuumeishi); noun or participle which takes the aux. verb suru; intransitive verb,general-language,jmdict-waller,JMdict:1548200;waller-n2.csv:line-1762,Community estimate: Waller via stephenmk; not an official JLPT word list
ja-n2-01762,落第,らくだい,1. failure (in an examination); failing to advance (to the next year) | 2. falling short of the standard; not making the grade,noun (common) (futsuumeishi); noun or participle which takes the aux. verb suru; intransitive verb,time-and-quantity,jmdict-waller,JMdict:1548810;waller-n2.csv:line-1763,Community estimate: Waller via stephenmk; not an official JLPT word list
ja-n2-01763,ラッシュアワー,ラッシュアワー,1. rush hour,noun (common) (futsuumeishi),time-and-quantity,jmdict-waller,JMdict:1139190;waller-n2.csv:line-1764,Community estimate: Waller via stephenmk; not an official JLPT word list
ja-n2-01764,欄,らん,"1. section (e.g. in a newspaper); column; page | 2. field (in a form, web page, etc.); blank | 3. handrail; railing; banister; balustrade (orig. meaning)","noun (common) (futsuumeishi); noun, used as a suffix",general-language,jmdict-waller,JMdict:1549350;waller-n2.csv:line-1765,Community estimate: Waller via stephenmk; not an official JLPT word list
ja-n2-01765,ランチ,ランチ,1. lunch | 2. (Western-style) single-plate lunch set; plate lunch; lunch set,noun (common) (futsuumeishi),general-language,jmdict-waller,JMdict:1140100;waller-n2.csv:line-1766,Community estimate: Waller via stephenmk; not an official JLPT word list
ja-n2-01766,ランニング,ランニング,1. running | 2. tank top (worn as an undergarment or sportswear); vest; singlet [abbreviation],noun (common) (futsuumeishi),general-language,jmdict-waller,JMdict:1140270;waller-n2.csv:line-1767,Community estimate: Waller via stephenmk; not an official JLPT word list
ja-n2-01767,乱暴,らんぼう,"1. violence; assault; rowdiness; wildness; running riot | 2. rough (handling, language, etc.); reckless; careless; coarse; rude; unreasonable (e.g. demand); wild (e.g. argument) | 3. rape; sexual assault",noun (common) (futsuumeishi); adjectival nouns or quasi-adjectives (keiyodoshi); noun or participle which takes the aux. verb suru; intransitive verb,general-language,jmdict-waller,JMdict:1549100;waller-n2.csv:line-1768,Community estimate: Waller via stephenmk; not an official JLPT word list
ja-n2-01768,理科,りか,"1. science (natural sciences and related fields, incl. mathematics, engineering, medicine, etc.) | 2. faculties of science, engineering, medicine, etc. (at a university) | 3. science (as a school subject)",noun (common) (futsuumeishi),health-and-body,jmdict-waller,JMdict:1549900;waller-n2.csv:line-1769,Community estimate: Waller via stephenmk; not an official JLPT word list
ja-n2-01769,利害,りがい,1. advantages and disadvantages; interests (of parties),noun (common) (futsuumeishi),general-language,jmdict-waller,JMdict:1549500;waller-n2.csv:line-1770,Community estimate: Waller via stephenmk; not an official JLPT word list
ja-n2-01770,リズム,リズム,1. rhythm,noun (common) (futsuumeishi),general-language,jmdict-waller,JMdict:1141620;waller-n2.csv:line-1771,Community estimate: Waller via stephenmk; not an official JLPT word list
ja-n2-01771,リットル,リットル,1. litre; liter,noun (common) (futsuumeishi),general-language,jmdict-waller,JMdict:1141870;waller-n2.csv:line-1772,Community estimate: Waller via stephenmk; not an official JLPT word list
ja-n2-01772,リボン,リボン,1. ribbon,noun (common) (futsuumeishi),general-language,jmdict-waller,JMdict:1142880;waller-n2.csv:line-1773,Community estimate: Waller via stephenmk; not an official JLPT word list
ja-n2-01773,略す,りゃくす,1. to abbreviate; to abridge; to shorten | 2. to omit; to leave out | 3. to take; to capture; to steal,Godan verb with 'su' ending; transitive verb,general-language,jmdict-waller,JMdict:1551960;waller-n2.csv:line-1774,Community estimate: Waller via stephenmk; not an official JLPT word list
ja-n2-01774,流域,りゅういき,1. drainage basin; catchment basin; river basin; watershed; valley,noun (common) (futsuumeishi),nature-and-science,jmdict-waller,JMdict:1552230;waller-n2.csv:line-1775,Community estimate: Waller via stephenmk; not an official JLPT word list
ja-n2-01775,寮,りょう,1. hostel; dormitory | 2. bureau (government department beneath a ministry under the ritsuryō system) [archaic] | 3. tea-ceremony room [archaic] | 4. villa [archaic],noun (common) (futsuumeishi),general-language,jmdict-waller,JMdict:1554230;waller-n2.csv:line-1776,Community estimate: Waller via stephenmk; not an official JLPT word list
ja-n2-01776,両側,りょうがわ,1. both sides,noun (common) (futsuumeishi); nouns which may take the genitive case particle 'no',general-language,jmdict-waller,JMdict:1585140;waller-n2.csv:line-1777,Community estimate: Waller via stephenmk; not an official JLPT word list
ja-n2-01777,漁師,りょうし,1. fisherman,noun (common) (futsuumeishi),general-language,jmdict-waller,JMdict:1233010;waller-n2.csv:line-1778,Community estimate: Waller via stephenmk; not an official JLPT word list
ja-n2-01778,領事,りょうじ,1. consul,noun (common) (futsuumeishi),general-language,jmdict-waller,JMdict:1554730;waller-n2.csv:line-1779,Community estimate: Waller via stephenmk; not an official JLPT word list
ja-n2-01779,領収,りょうしゅう,1. receipt (of money); receiving,noun (common) (futsuumeishi); noun or participle which takes the aux. verb suru; transitive verb,society-and-economy,jmdict-waller,JMdict:1554750;waller-n2.csv:line-1780,Community estimate: Waller via stephenmk; not an official JLPT word list
ja-n2-01780,臨時,りんじ,1. temporary; provisional; interim | 2. special; extraordinary; extra,nouns which may take the genitive case particle 'no'; noun (common) (futsuumeishi),general-language,jmdict-waller,JMdict:1555610;waller-n2.csv:line-1781,Community estimate: Waller via stephenmk; not an official JLPT word list
ja-n2-01781,留守番,るすばん,1. care-taking; house-sitting; house-watching; staying at home | 2. caretaker; house-sitter,noun (common) (futsuumeishi); noun or participle which takes the aux. verb suru; intransitive verb,home-and-daily-life,jmdict-waller,JMdict:1552800;waller-n2.csv:line-1782,Community estimate: Waller via stephenmk; not an official JLPT word list
ja-n2-01782,例外,れいがい,1. exception,noun (common) (futsuumeishi); nouns which may take the genitive case particle 'no',general-language,jmdict-waller,JMdict:1556410;waller-n2.csv:line-1783,Community estimate: Waller via stephenmk; not an official JLPT word list
ja-n2-01783,零点,れいてん,"1. zero (points, marks); no marks | 2. zero (of a function); root [mathematics] | 3. zero degrees (Celsius); freezing point",noun (common) (futsuumeishi),general-language,jmdict-waller,JMdict:1557710;waller-n2.csv:line-1784,Community estimate: Waller via stephenmk; not an official JLPT word list
ja-n2-01784,冷凍,れいとう,1. freezing; cold storage; refrigeration,noun (common) (futsuumeishi); noun or participle which takes the aux. verb suru; transitive verb,general-language,jmdict-waller,JMdict:1557170;waller-n2.csv:line-1785,Community estimate: Waller via stephenmk; not an official JLPT word list
ja-n2-01785,レインコート,レインコート,1. raincoat; mackintosh; macintosh; trench coat,noun (common) (futsuumeishi),general-language,jmdict-waller,JMdict:1144700;waller-n2.csv:line-1786,Community estimate: Waller via stephenmk; not an official JLPT word list
ja-n2-01786,レクリェーション,レクリェーション,1. recreation,noun (common) (futsuumeishi),general-language,jmdict-waller,JMdict:1144860;waller-n2.csv:line-1787,Community estimate: Waller via stephenmk; not an official JLPT word list
ja-n2-01787,レジャー,レジャー,1. leisure,noun (common) (futsuumeishi),general-language,jmdict-waller,JMdict:1145220;waller-n2.csv:line-1788,Community estimate: Waller via stephenmk; not an official JLPT word list
ja-n2-01788,列島,れっとう,1. archipelago; chain of islands,noun (common) (futsuumeishi),general-language,jmdict-waller,JMdict:1558390;waller-n2.csv:line-1789,Community estimate: Waller via stephenmk; not an official JLPT word list
ja-n2-01789,レベル,レベル,1. level; standard; grade; class; rank | 2. level (amount or quantity) | 3. level (plane) | 4. level (instrument); spirit level; surveyor's level,noun (common) (futsuumeishi),general-language,jmdict-waller,JMdict:1145910;waller-n2.csv:line-1790,Community estimate: Waller via stephenmk; not an official JLPT word list
ja-n2-01790,煉瓦,れんが,1. brick [word usually written using kana alone],noun (common) (futsuumeishi),general-language,jmdict-waller,JMdict:1559090;waller-n2.csv:line-1791,Community estimate: Waller via stephenmk; not an official JLPT word list
ja-n2-01791,連合,れんごう,1. union; combination; alliance; confederation; coalition | 2. association [psychology] | 3. RENGO (Japanese Trade Union Confederation) [abbreviation],noun (common) (futsuumeishi); noun or participle which takes the aux. verb suru; transitive verb; intransitive verb,general-language,jmdict-waller,JMdict:1559450;waller-n2.csv:line-1792,Community estimate: Waller via stephenmk; not an official JLPT word list
ja-n2-01792,レンズ,レンズ,1. lens,noun (common) (futsuumeishi),general-language,jmdict-waller,JMdict:1146140;waller-n2.csv:line-1793,Community estimate: Waller via stephenmk; not an official JLPT word list
ja-n2-01793,蝋燭,ろうそく,1. candle [word usually written using kana alone],noun (common) (futsuumeishi),general-language,jmdict-waller,JMdict:1561240;waller-n2.csv:line-1794,Community estimate: Waller via stephenmk; not an official JLPT word list
ja-n2-01794,ローマじ,ローマじ,1. Latin alphabet; Roman alphabet | 2. romaji; romanized Japanese; system of transliterating Japanese into the Latin alphabet,noun (common) (futsuumeishi),general-language,jmdict-waller,JMdict:1146810;waller-n2.csv:line-1795,Community estimate: Waller via stephenmk; not an official JLPT word list
ja-n2-01795,録音,ろくおん,1. (audio) recording,noun (common) (futsuumeishi); noun or participle which takes the aux. verb suru; transitive verb,general-language,jmdict-waller,JMdict:1561590;waller-n2.csv:line-1796,Community estimate: Waller via stephenmk; not an official JLPT word list
ja-n2-01796,ロッカー,ロッカー,1. locker,noun (common) (futsuumeishi),general-language,jmdict-waller,JMdict:1147560;waller-n2.csv:line-1797,Community estimate: Waller via stephenmk; not an official JLPT word list
ja-n2-01797,ロビー,ロビー,1. lobby; lounge,noun (common) (futsuumeishi),general-language,jmdict-waller,JMdict:1147800;waller-n2.csv:line-1798,Community estimate: Waller via stephenmk; not an official JLPT word list
ja-n2-01798,論ずる,ろんずる,1. to discuss; to talk about; to deal with (a topic) | 2. to argue; to dispute | 3. to take into consideration; to make an issue of (usu. in negative sentences),Ichidan verb - zuru verb (alternative form of -jiru verbs); transitive verb,general-language,jmdict-waller,JMdict:1561640;waller-n2.csv:line-1799,Community estimate: Waller via stephenmk; not an official JLPT word list
ja-n2-01799,和英,わえい,1. Japanese-English | 2. Japanese-English dictionary [abbreviation],noun (common) (futsuumeishi),general-language,jmdict-waller,JMdict:1561970;waller-n2.csv:line-1800,Community estimate: Waller via stephenmk; not an official JLPT word list
ja-n2-01801,分かれる,わかれる,1. to branch; to fork; to diverge | 2. to separate; to split; to divide | 3. to disperse; to scatter,Ichidan verb; intransitive verb,general-language,jmdict-waller,JMdict:1606600;waller-n2.csv:line-1802,Community estimate: Waller via stephenmk; not an official JLPT word list
ja-n2-01802,若々しい,わかわかしい,1. youthful; young; young-looking,adjective (keiyoushi),general-language,jmdict-waller,JMdict:1606610;waller-n2.csv:line-1803,Community estimate: Waller via stephenmk; not an official JLPT word list
ja-n2-01803,湧く,わく,"1. to well (up); to gush out (of water); to spring out; to surge | 2. to appear (esp. suddenly) (sweat, tears, etc.); to sweat; to cry | 3. to feel emotions (e.g. joy, bravery, etc.); to spring up (e.g. an idea, emotions, clouds); to well up; to arise | 4. to hatch; to breed; to propagate; to be infested (esp. of parasitic insects, etc.)",Godan verb with 'ku' ending; intransitive verb,nature-and-science,jmdict-waller,JMdict:1606685;waller-n2.csv:line-1804,Community estimate: Waller via stephenmk; not an official JLPT word list
ja-n2-01804,詫びる,わびる,1. to apologize; to apologise; to make an apology,Ichidan verb; transitive verb,general-language,jmdict-waller,JMdict:1606790;waller-n2.csv:line-1805,Community estimate: Waller via stephenmk; not an official JLPT word list
ja-n2-01805,和服,わふく,1. Japanese clothes,noun (common) (futsuumeishi),home-and-daily-life,jmdict-waller,JMdict:1562190;waller-n2.csv:line-1806,Community estimate: Waller via stephenmk; not an official JLPT word list
ja-n2-01806,わりあいに,わりあいに,1. comparatively,adverb (fukushi),general-language,jmdict-waller,JMdict:1612360;waller-n2.csv:line-1807,Community estimate: Waller via stephenmk; not an official JLPT word list
ja-n2-01807,割算,わりざん,1. division [mathematics],noun (common) (futsuumeishi); noun or participle which takes the aux. verb suru; transitive verb,general-language,jmdict-waller,JMdict:1606880;waller-n2.csv:line-1808,Community estimate: Waller via stephenmk; not an official JLPT word list
ja-n2-01808,割と,わりと,1. comparatively; relatively; fairly; rather; pretty; unexpectedly,adverb (fukushi),general-language,jmdict-waller,JMdict:1983690;waller-n2.csv:line-1809,Community estimate: Waller via stephenmk; not an official JLPT word list
ja-n2-01809,割引,わりびき,1. discount; reduction; rebate | 2. tenths discounted; tenths reduced,noun (common) (futsuumeishi); counter,general-language,jmdict-waller,JMdict:1606950;waller-n2.csv:line-1810,Community estimate: Waller via stephenmk; not an official JLPT word list
ja-n2-01810,椀,わん,1. bowl (wooden) | 2. counter for bowls of food or drink,noun (common) (futsuumeishi); counter,general-language,jmdict-waller,JMdict:1562780;waller-n2.csv:line-1811,Community estimate: Waller via stephenmk; not an official JLPT word list
ja-n2-01811,碗,わん,"1. bowl (ceramic, porcelain) | 2. counter for bowls of food or drink",noun (common) (futsuumeishi); counter,general-language,jmdict-waller,JMdict:1562840;waller-n2.csv:line-1812,Community estimate: Waller via stephenmk; not an official JLPT word list
ja-n2-01812,ワンピース,ワンピース,1. dress | 2. one-piece (e.g. swimsuit),noun (common) (futsuumeishi); nouns which may take the genitive case particle 'no',general-language,jmdict-waller,JMdict:1149240;waller-n2.csv:line-1813,Community estimate: Waller via stephenmk; not an official JLPT word list
